campus,ccc_id,entry_year,cohort_n,ret1_pct,grad2_pct,grad3_pct,grad4_pct
All,ALAMEDA,1999,44,86,39,64,75
All,ALAMEDA,2000,39,77,33,59,67
All,ALAMEDA,2001,45,87,29,58,67
All,ALAMEDA,2002,60,82,40,62,73
All,ALAMEDA,2003,38,87,34,55,61
All,ALAMEDA,2004,55,84,60,82,82
All,ALAMEDA,2005,55,84,42,82,91
All,ALAMEDA,2006,47,83,47,70,77
All,ALAMEDA,2007,46,80,37,72,76
All,ALAMEDA,2008,39,90,36,72,82
All,ALAMEDA,2009,41,90,49,76,85
All,ALAMEDA,2010,43,84,56,81,81
All,ALAMEDA,2011,46,87,43,76,78
All,ALAMEDA,2012,44,84,43,68,73
All,ALAMEDA,2013,64,83,39,72,80
All,ALAMEDA,2014,58,97,45,79,86
All,ALAMEDA,2015,62,85,44,77,81
All,ALAMEDA,2016,63,90,62,79,87
All,ALAMEDA,2017,74,95,61,85,92
All,ALAMEDA,2018,61,89,57,84,89
All,ALAMEDA,2019,79,95,66,89,92
All,ALAMEDA,2020,71,90,51,75,77
All,ALAMEDA,2021,77,95,70,90,92
All,ALAMEDA,2022,86,87,50,81,
All,ALAMEDA,2023,69,91,62,,
All,ALAMEDA,2024,111,92,,,
All,APTOS,1999,140,94,51,79,86
All,APTOS,2000,191,92,48,77,85
All,APTOS,2001,216,87,55,78,81
All,APTOS,2002,187,93,51,77,83
All,APTOS,2003,213,92,49,80,85
All,APTOS,2004,246,89,57,78,85
All,APTOS,2005,210,90,55,86,90
All,APTOS,2006,164,91,52,82,85
All,APTOS,2007,155,90,54,79,85
All,APTOS,2008,185,90,48,78,82
All,APTOS,2009,219,90,53,82,88
All,APTOS,2010,229,91,60,83,85
All,APTOS,2011,204,91,57,81,86
All,APTOS,2012,198,92,57,81,85
All,APTOS,2013,205,93,60,84,89
All,APTOS,2014,198,92,60,87,89
All,APTOS,2015,186,91,62,84,89
All,APTOS,2016,241,94,66,87,88
All,APTOS,2017,251,93,67,84,88
All,APTOS,2018,283,93,64,87,90
All,APTOS,2019,276,92,66,83,87
All,APTOS,2020,218,93,59,83,86
All,APTOS,2021,215,90,64,83,87
All,APTOS,2022,210,94,72,88,
All,APTOS,2023,170,96,79,,
All,APTOS,2024,218,96,,,
All,BAKERSFIELD,1999,44,91,43,80,86
All,BAKERSFIELD,2000,42,90,43,76,79
All,BAKERSFIELD,2001,60,90,43,77,85
All,BAKERSFIELD,2002,42,95,43,74,76
All,BAKERSFIELD,2003,51,88,49,69,73
All,BAKERSFIELD,2004,61,89,49,84,85
All,BAKERSFIELD,2005,67,91,49,72,79
All,BAKERSFIELD,2006,54,98,57,83,91
All,BAKERSFIELD,2007,62,85,29,63,71
All,BAKERSFIELD,2008,53,98,60,83,87
All,BAKERSFIELD,2009,50,86,46,80,84
All,BAKERSFIELD,2010,62,92,55,84,92
All,BAKERSFIELD,2011,48,92,60,85,92
All,BAKERSFIELD,2012,59,85,56,73,80
All,BAKERSFIELD,2013,41,88,49,68,76
All,BAKERSFIELD,2014,53,94,57,81,81
All,BAKERSFIELD,2015,54,96,69,89,93
All,BAKERSFIELD,2016,61,95,61,85,89
All,BAKERSFIELD,2017,55,91,53,76,84
All,BAKERSFIELD,2018,72,90,51,85,85
All,BAKERSFIELD,2019,89,94,55,78,83
All,BAKERSFIELD,2020,70,89,54,77,84
All,BAKERSFIELD,2021,65,88,58,89,92
All,BAKERSFIELD,2022,52,92,50,75,
All,BAKERSFIELD,2023,67,99,73,,
All,BAKERSFIELD,2024,89,93,,,
All,BARSTOW,2011,10,70,20,50,70
All,BARSTOW,2017,11,91,45,82,91
All,BARSTOW,2018,11,100,55,100,100
All,BARSTOW,2019,12,100,58,83,92
All,BARSTOW,2020,14,79,29,64,71
All,BARSTOW,2021,10,80,70,80,80
All,BARSTOW,2022,11,82,55,64,
All,BARSTOW,2023,19,89,53,,
All,BERKELEY,1999,25,96,44,72,88
All,BERKELEY,2000,32,94,41,72,81
All,BERKELEY,2001,47,87,49,72,77
All,BERKELEY,2002,42,76,52,74,79
All,BERKELEY,2003,71,87,42,79,86
All,BERKELEY,2004,72,93,44,65,82
All,BERKELEY,2005,74,96,50,82,86
All,BERKELEY,2006,70,93,47,77,81
All,BERKELEY,2007,76,97,38,74,86
All,BERKELEY,2008,107,92,39,71,83
All,BERKELEY,2009,110,87,52,78,83
All,BERKELEY,2010,122,92,49,76,84
All,BERKELEY,2011,144,94,49,81,85
All,BERKELEY,2012,158,92,49,79,84
All,BERKELEY,2013,146,92,53,79,85
All,BERKELEY,2014,157,90,50,82,87
All,BERKELEY,2015,198,92,63,86,91
All,BERKELEY,2016,272,93,52,79,85
All,BERKELEY,2017,248,93,60,86,92
All,BERKELEY,2018,289,93,61,86,91
All,BERKELEY,2019,290,90,53,82,86
All,BERKELEY,2020,308,87,54,78,83
All,BERKELEY,2021,308,92,59,85,89
All,BERKELEY,2022,233,94,58,82,
All,BERKELEY,2023,224,93,58,,
All,BERKELEY,2024,244,94,,,
All,CHULA VISTA,1999,44,89,36,68,75
All,CHULA VISTA,2000,91,95,31,68,76
All,CHULA VISTA,2001,80,95,43,68,84
All,CHULA VISTA,2002,82,94,43,73,83
All,CHULA VISTA,2003,84,85,30,69,73
All,CHULA VISTA,2004,93,92,38,68,78
All,CHULA VISTA,2005,70,87,44,73,80
All,CHULA VISTA,2006,75,84,23,59,72
All,CHULA VISTA,2007,82,94,34,82,84
All,CHULA VISTA,2008,80,90,29,66,78
All,CHULA VISTA,2009,107,89,43,69,78
All,CHULA VISTA,2010,119,88,34,70,77
All,CHULA VISTA,2011,138,91,40,79,83
All,CHULA VISTA,2012,123,89,35,67,82
All,CHULA VISTA,2013,94,95,41,84,86
All,CHULA VISTA,2014,93,94,42,76,85
All,CHULA VISTA,2015,106,85,34,72,77
All,CHULA VISTA,2016,120,95,48,77,83
All,CHULA VISTA,2017,83,95,43,78,81
All,CHULA VISTA,2018,128,95,47,77,84
All,CHULA VISTA,2019,160,93,59,81,88
All,CHULA VISTA,2020,136,92,49,74,81
All,CHULA VISTA,2021,127,91,65,83,89
All,CHULA VISTA,2022,127,93,59,81,
All,CHULA VISTA,2023,158,92,64,,
All,CHULA VISTA,2024,190,97,,,
All,COALINGA,2004,10,100,60,80,100
All,COALINGA,2006,10,50,40,60,60
All,COALINGA,2007,10,70,40,50,70
All,COALINGA,2008,10,100,50,70,80
All,COSTA MESA,1999,224,88,50,75,83
All,COSTA MESA,2000,331,90,47,77,84
All,COSTA MESA,2001,373,96,47,81,87
All,COSTA MESA,2002,357,92,46,80,86
All,COSTA MESA,2003,402,95,55,85,88
All,COSTA MESA,2004,444,94,53,84,88
All,COSTA MESA,2005,435,96,54,85,90
All,COSTA MESA,2006,414,94,57,83,89
All,COSTA MESA,2007,461,93,50,79,85
All,COSTA MESA,2008,470,94,54,84,89
All,COSTA MESA,2009,507,92,53,83,87
All,COSTA MESA,2010,570,94,54,86,91
All,COSTA MESA,2011,568,94,55,87,92
All,COSTA MESA,2012,488,95,54,87,92
All,COSTA MESA,2013,474,94,57,88,92
All,COSTA MESA,2014,417,93,50,84,88
All,COSTA MESA,2015,393,92,60,86,90
All,COSTA MESA,2016,416,92,54,85,90
All,COSTA MESA,2017,481,95,63,90,94
All,COSTA MESA,2018,478,94,63,86,91
All,COSTA MESA,2019,434,94,67,91,93
All,COSTA MESA,2020,475,92,66,88,92
All,COSTA MESA,2021,468,93,65,88,91
All,COSTA MESA,2022,427,95,66,89,
All,COSTA MESA,2023,478,94,72,,
All,COSTA MESA,2024,469,97,,,
All,CULVER CITY,1999,21,95,43,67,71
All,CULVER CITY,2000,22,95,45,86,86
All,CULVER CITY,2001,24,92,42,63,75
All,CULVER CITY,2002,29,83,31,72,76
All,CULVER CITY,2003,40,90,38,70,75
All,CULVER CITY,2004,37,81,57,68,70
All,CULVER CITY,2005,33,100,36,70,79
All,CULVER CITY,2006,42,98,48,81,90
All,CULVER CITY,2007,40,90,40,75,85
All,CULVER CITY,2008,39,97,51,85,87
All,CULVER CITY,2009,33,100,52,85,88
All,CULVER CITY,2010,32,81,38,81,91
All,CULVER CITY,2011,31,94,55,84,87
All,CULVER CITY,2012,37,97,46,78,89
All,CULVER CITY,2013,33,94,39,76,79
All,CULVER CITY,2014,50,88,66,84,90
All,CULVER CITY,2015,47,91,57,83,87
All,CULVER CITY,2016,60,85,62,83,88
All,CULVER CITY,2017,76,87,50,78,86
All,CULVER CITY,2018,67,87,48,75,78
All,CULVER CITY,2019,65,86,63,85,88
All,CULVER CITY,2020,103,78,56,73,78
All,CULVER CITY,2021,108,87,56,72,75
All,CULVER CITY,2022,102,85,45,66,
All,CULVER CITY,2023,63,89,62,,
All,CULVER CITY,2024,39,92,,,
All,CUPERTINO,1999,276,91,46,78,85
All,CUPERTINO,2000,401,91,41,79,86
All,CUPERTINO,2001,390,94,43,82,88
All,CUPERTINO,2002,520,93,47,82,87
All,CUPERTINO,2003,510,93,52,81,87
All,CUPERTINO,2004,514,93,50,81,87
All,CUPERTINO,2005,587,93,52,83,89
All,CUPERTINO,2006,516,92,53,80,85
All,CUPERTINO,2007,519,94,52,83,88
All,CUPERTINO,2008,620,96,60,87,92
All,CUPERTINO,2009,625,92,54,80,85
All,CUPERTINO,2010,683,95,59,86,92
All,CUPERTINO,2011,794,93,55,83,88
All,CUPERTINO,2012,702,93,63,87,91
All,CUPERTINO,2013,736,94,63,87,92
All,CUPERTINO,2014,801,92,57,88,91
All,CUPERTINO,2015,768,92,61,86,89
All,CUPERTINO,2016,940,94,63,87,91
All,CUPERTINO,2017,939,93,61,87,91
All,CUPERTINO,2018,915,94,66,87,92
All,CUPERTINO,2019,874,92,66,88,91
All,CUPERTINO,2020,949,92,65,87,91
All,CUPERTINO,2021,1056,94,64,87,91
All,CUPERTINO,2022,918,94,63,86,
All,CUPERTINO,2023,866,94,63,,
All,CUPERTINO,2024,988,95,,,
All,CYPRESS,1999,53,94,43,85,91
All,CYPRESS,2000,64,94,30,72,80
All,CYPRESS,2001,74,92,39,77,80
All,CYPRESS,2002,79,91,47,77,82
All,CYPRESS,2003,87,92,52,76,82
All,CYPRESS,2004,76,93,49,89,92
All,CYPRESS,2005,108,89,51,77,83
All,CYPRESS,2006,93,86,40,71,78
All,CYPRESS,2007,94,93,53,80,87
All,CYPRESS,2008,112,95,45,78,81
All,CYPRESS,2009,111,87,54,82,88
All,CYPRESS,2010,140,93,44,74,84
All,CYPRESS,2011,145,90,52,78,85
All,CYPRESS,2012,133,95,53,84,89
All,CYPRESS,2013,151,92,52,81,89
All,CYPRESS,2014,164,93,50,87,90
All,CYPRESS,2015,112,88,41,79,84
All,CYPRESS,2016,120,93,53,83,88
All,CYPRESS,2017,116,94,52,84,91
All,CYPRESS,2018,144,92,56,88,91
All,CYPRESS,2019,142,95,63,89,91
All,CYPRESS,2020,120,91,57,83,89
All,CYPRESS,2021,137,95,73,89,93
All,CYPRESS,2022,132,92,66,87,
All,CYPRESS,2023,149,97,72,,
All,CYPRESS,2024,150,98,,,
All,EL CAJON,1999,12,75,8,67,83
All,EL CAJON,1999,53,96,40,81,87
All,EL CAJON,2000,23,96,57,96,96
All,EL CAJON,2000,77,87,43,77,86
All,EL CAJON,2001,20,95,35,60,80
All,EL CAJON,2001,110,93,31,76,85
All,EL CAJON,2002,18,94,39,72,89
All,EL CAJON,2002,101,91,47,81,86
All,EL CAJON,2003,19,79,32,68,79
All,EL CAJON,2003,97,94,48,80,88
All,EL CAJON,2004,20,95,25,65,75
All,EL CAJON,2004,107,93,55,79,89
All,EL CAJON,2005,35,89,20,66,80
All,EL CAJON,2005,125,91,43,72,82
All,EL CAJON,2006,16,94,44,75,94
All,EL CAJON,2006,102,93,43,80,87
All,EL CAJON,2007,31,81,26,61,74
All,EL CAJON,2007,120,88,44,73,83
All,EL CAJON,2008,21,90,24,67,86
All,EL CAJON,2008,124,94,43,77,82
All,EL CAJON,2009,25,92,44,76,84
All,EL CAJON,2009,111,95,47,83,87
All,EL CAJON,2010,51,96,43,80,90
All,EL CAJON,2010,176,93,52,82,89
All,EL CAJON,2011,51,96,37,75,90
All,EL CAJON,2011,192,92,47,79,87
All,EL CAJON,2012,60,93,42,72,88
All,EL CAJON,2012,138,92,41,75,86
All,EL CAJON,2013,65,92,31,72,82
All,EL CAJON,2013,138,91,39,75,83
All,EL CAJON,2014,55,98,25,82,95
All,EL CAJON,2014,132,93,44,80,85
All,EL CAJON,2015,50,90,16,62,74
All,EL CAJON,2015,140,91,49,80,87
All,EL CAJON,2016,54,94,31,69,74
All,EL CAJON,2016,160,91,47,80,88
All,EL CAJON,2017,42,95,40,79,81
All,EL CAJON,2017,130,95,57,85,88
All,EL CAJON,2018,70,91,50,76,81
All,EL CAJON,2018,173,89,49,78,84
All,EL CAJON,2019,73,97,55,88,89
All,EL CAJON,2019,137,92,57,74,78
All,EL CAJON,2020,69,96,59,83,90
All,EL CAJON,2020,146,92,56,82,88
All,EL CAJON,2021,73,92,59,82,92
All,EL CAJON,2021,136,90,61,82,85
All,EL CAJON,2022,46,87,57,76,
All,EL CAJON,2022,121,90,57,84,
All,EL CAJON,2023,44,86,66,,
All,EL CAJON,2023,115,94,63,,
All,EL CAJON,2024,59,98,,,
All,EL CAJON,2024,95,94,,,
All,EUREKA,2000,20,80,30,55,75
All,EUREKA,2001,26,85,42,81,85
All,EUREKA,2002,22,86,41,77,82
All,EUREKA,2003,14,93,21,64,79
All,EUREKA,2004,21,100,52,86,95
All,EUREKA,2005,17,88,35,94,94
All,EUREKA,2006,14,79,36,79,86
All,EUREKA,2007,20,75,15,55,70
All,EUREKA,2010,13,92,38,69,69
All,EUREKA,2011,21,90,48,76,81
All,EUREKA,2013,11,91,55,82,91
All,EUREKA,2014,13,85,62,85,85
All,EUREKA,2016,16,88,31,75,75
All,EUREKA,2017,15,100,60,93,93
All,EUREKA,2018,14,93,43,79,79
All,EUREKA,2019,14,71,43,64,71
All,EUREKA,2020,17,88,53,82,82
All,EUREKA,2021,13,92,38,69,69
All,EUREKA,2023,11,91,45,,
All,EUREKA,2024,11,100,,,
All,FAIRFIELD,1999,63,92,57,76,83
All,FAIRFIELD,2000,84,93,50,79,81
All,FAIRFIELD,2001,89,88,43,72,76
All,FAIRFIELD,2002,81,88,52,81,86
All,FAIRFIELD,2003,83,89,46,87,89
All,FAIRFIELD,2004,89,85,40,73,78
All,FAIRFIELD,2005,114,88,54,82,83
All,FAIRFIELD,2006,106,93,64,86,91
All,FAIRFIELD,2007,104,92,62,81,87
All,FAIRFIELD,2008,127,96,54,79,85
All,FAIRFIELD,2009,115,93,54,84,89
All,FAIRFIELD,2010,132,89,54,81,83
All,FAIRFIELD,2011,148,90,54,82,88
All,FAIRFIELD,2012,125,90,48,78,83
All,FAIRFIELD,2013,109,90,51,80,87
All,FAIRFIELD,2014,128,95,52,80,88
All,FAIRFIELD,2015,86,97,64,87,92
All,FAIRFIELD,2016,138,93,55,85,91
All,FAIRFIELD,2017,143,90,55,83,87
All,FAIRFIELD,2018,136,91,57,87,88
All,FAIRFIELD,2019,137,96,71,87,92
All,FAIRFIELD,2020,110,91,58,80,84
All,FAIRFIELD,2021,114,93,67,89,91
All,FAIRFIELD,2022,112,91,64,83,
All,FAIRFIELD,2023,111,93,64,,
All,FAIRFIELD,2024,129,94,,,
All,FOLSOM,2006,39,87,62,90,92
All,FOLSOM,2007,33,91,42,73,85
All,FOLSOM,2008,58,98,59,91,95
All,FOLSOM,2009,57,91,51,81,86
All,FOLSOM,2010,91,91,53,80,88
All,FOLSOM,2011,91,96,62,92,96
All,FOLSOM,2012,91,96,62,89,95
All,FOLSOM,2013,80,95,59,88,90
All,FOLSOM,2014,92,93,61,86,87
All,FOLSOM,2015,71,94,52,85,90
All,FOLSOM,2016,107,92,56,88,93
All,FOLSOM,2017,97,98,63,91,98
All,FOLSOM,2018,112,96,62,92,93
All,FOLSOM,2019,128,93,69,90,92
All,FOLSOM,2020,141,88,60,81,84
All,FOLSOM,2021,125,97,70,91,95
All,FOLSOM,2022,128,96,75,92,
All,FOLSOM,2023,151,95,66,,
All,FOLSOM,2024,165,97,,,
All,FOUNTAIN VALLEY,2011,12,92,42,67,75
All,FOUNTAIN VALLEY,2013,15,93,53,80,93
All,FOUNTAIN VALLEY,2014,19,100,47,95,95
All,FOUNTAIN VALLEY,2015,24,100,50,79,88
All,FOUNTAIN VALLEY,2016,25,64,32,48,56
All,FOUNTAIN VALLEY,2017,25,92,64,84,96
All,FOUNTAIN VALLEY,2018,28,96,54,71,82
All,FOUNTAIN VALLEY,2019,33,100,76,91,94
All,FOUNTAIN VALLEY,2020,45,96,60,82,84
All,FOUNTAIN VALLEY,2021,30,90,70,80,80
All,FOUNTAIN VALLEY,2022,24,75,42,67,
All,FOUNTAIN VALLEY,2023,22,95,68,,
All,FOUNTAIN VALLEY,2024,27,93,,,
All,FREMONT,1999,49,86,31,55,69
All,FREMONT,2000,102,91,43,75,85
All,FREMONT,2001,102,88,43,79,84
All,FREMONT,2002,90,93,41,81,87
All,FREMONT,2003,96,92,57,83,90
All,FREMONT,2004,107,89,51,79,86
All,FREMONT,2005,138,95,59,83,88
All,FREMONT,2006,117,92,54,85,91
All,FREMONT,2007,118,92,47,79,87
All,FREMONT,2008,133,93,60,81,86
All,FREMONT,2009,161,91,61,83,86
All,FREMONT,2010,202,97,60,86,89
All,FREMONT,2011,201,94,55,84,89
All,FREMONT,2012,200,93,60,84,88
All,FREMONT,2013,186,96,63,87,92
All,FREMONT,2014,168,94,63,89,93
All,FREMONT,2015,174,97,64,89,92
All,FREMONT,2016,210,94,62,86,92
All,FREMONT,2017,243,95,57,86,91
All,FREMONT,2018,261,93,64,89,90
All,FREMONT,2019,258,92,66,88,92
All,FREMONT,2020,275,95,68,89,93
All,FREMONT,2021,303,92,66,90,91
All,FREMONT,2022,272,93,61,85,
All,FREMONT,2023,235,96,69,,
All,FREMONT,2024,263,94,,,
All,FRESNO,1999,59,88,27,59,69
All,FRESNO,2000,94,86,35,68,72
All,FRESNO,2001,103,87,25,69,81
All,FRESNO,2002,82,87,32,71,77
All,FRESNO,2003,71,92,41,70,76
All,FRESNO,2004,63,90,52,79,86
All,FRESNO,2005,98,91,48,79,82
All,FRESNO,2006,84,90,46,80,86
All,FRESNO,2007,98,85,41,74,79
All,FRESNO,2008,70,86,41,73,80
All,FRESNO,2009,84,86,40,68,76
All,FRESNO,2010,79,95,47,85,90
All,FRESNO,2011,69,93,46,86,90
All,FRESNO,2012,66,89,50,76,82
All,FRESNO,2013,70,93,50,84,89
All,FRESNO,2014,55,85,38,82,82
All,FRESNO,2015,57,91,53,84,89
All,FRESNO,2016,51,96,55,86,92
All,FRESNO,2016,54,94,56,89,89
All,FRESNO,2017,64,92,59,86,86
All,FRESNO,2017,51,90,47,78,80
All,FRESNO,2018,72,89,54,82,86
All,FRESNO,2018,47,85,47,77,81
All,FRESNO,2019,60,97,65,88,92
All,FRESNO,2019,67,91,61,87,91
All,FRESNO,2020,73,97,63,86,90
All,FRESNO,2020,50,94,48,74,82
All,FRESNO,2021,76,93,64,80,83
All,FRESNO,2021,57,93,56,79,82
All,FRESNO,2022,63,95,78,89,
All,FRESNO,2022,48,96,73,81,
All,FRESNO,2023,86,97,74,,
All,FRESNO,2023,47,96,68,,
All,FRESNO,2024,76,96,,,
All,FRESNO,2024,66,91,,,
All,FULLERTON,1999,80,85,38,66,74
All,FULLERTON,2000,108,91,44,76,86
All,FULLERTON,2001,130,95,46,80,88
All,FULLERTON,2002,132,92,44,77,83
All,FULLERTON,2003,151,93,50,79,85
All,FULLERTON,2004,158,93,56,77,82
All,FULLERTON,2005,150,94,50,80,85
All,FULLERTON,2006,151,92,49,77,86
All,FULLERTON,2007,142,89,50,76,84
All,FULLERTON,2008,175,91,52,81,84
All,FULLERTON,2009,194,93,49,84,88
All,FULLERTON,2010,227,90,53,81,86
All,FULLERTON,2011,222,96,55,87,91
All,FULLERTON,2012,233,95,51,82,87
All,FULLERTON,2013,217,94,57,83,87
All,FULLERTON,2014,210,92,53,82,89
All,FULLERTON,2015,199,94,53,82,86
All,FULLERTON,2016,218,92,58,85,90
All,FULLERTON,2017,263,94,60,86,89
All,FULLERTON,2018,264,93,63,83,86
All,FULLERTON,2019,268,94,60,85,90
All,FULLERTON,2020,249,92,57,82,86
All,FULLERTON,2021,236,92,64,83,87
All,FULLERTON,2022,239,97,71,86,
All,FULLERTON,2023,184,96,64,,
All,FULLERTON,2024,216,94,,,
All,GILROY,1999,12,83,17,50,58
All,GILROY,2000,18,83,50,67,83
All,GILROY,2001,20,85,15,55,70
All,GILROY,2002,14,86,21,64,79
All,GILROY,2003,13,92,46,77,85
All,GILROY,2004,16,94,44,63,81
All,GILROY,2005,15,87,27,60,60
All,GILROY,2006,20,95,55,85,85
All,GILROY,2007,21,100,43,76,81
All,GILROY,2008,18,94,39,67,72
All,GILROY,2009,11,100,36,91,91
All,GILROY,2010,30,83,40,80,83
All,GILROY,2011,23,83,39,65,78
All,GILROY,2012,24,92,54,79,83
All,GILROY,2013,23,83,39,70,78
All,GILROY,2014,28,82,57,75,82
All,GILROY,2015,20,80,55,70,70
All,GILROY,2016,40,85,50,73,83
All,GILROY,2017,36,94,53,78,83
All,GILROY,2018,41,88,63,85,88
All,GILROY,2019,36,89,72,89,89
All,GILROY,2020,40,90,48,85,93
All,GILROY,2021,28,86,43,82,82
All,GILROY,2022,26,92,62,77,
All,GILROY,2023,26,96,69,,
All,GILROY,2024,30,90,,,
All,GLENDALE,1999,113,91,43,83,88
All,GLENDALE,2000,101,94,50,78,84
All,GLENDALE,2001,136,93,42,79,87
All,GLENDALE,2002,146,92,48,82,85
All,GLENDALE,2003,200,95,51,83,89
All,GLENDALE,2004,218,94,55,83,87
All,GLENDALE,2005,231,95,54,84,88
All,GLENDALE,2006,257,95,62,86,92
All,GLENDALE,2007,264,94,53,84,90
All,GLENDALE,2008,282,95,56,86,92
All,GLENDALE,2009,291,96,62,89,93
All,GLENDALE,2010,313,95,58,85,92
All,GLENDALE,2011,296,96,56,88,92
All,GLENDALE,2012,246,95,64,87,91
All,GLENDALE,2013,273,96,64,89,93
All,GLENDALE,2014,256,96,63,88,95
All,GLENDALE,2015,293,95,63,87,93
All,GLENDALE,2016,305,95,64,86,90
All,GLENDALE,2017,317,95,71,90,93
All,GLENDALE,2018,328,95,66,91,94
All,GLENDALE,2019,331,98,74,91,95
All,GLENDALE,2020,313,96,76,90,92
All,GLENDALE,2021,284,92,71,87,90
All,GLENDALE,2022,280,96,73,89,
All,GLENDALE,2023,263,96,76,,
All,GLENDALE,2024,318,95,,,
All,GLENDORA,1999,36,86,47,78,83
All,GLENDORA,2000,50,86,34,76,78
All,GLENDORA,2001,52,88,44,67,71
All,GLENDORA,2002,39,90,46,72,85
All,GLENDORA,2003,42,95,50,83,88
All,GLENDORA,2004,67,88,48,79,84
All,GLENDORA,2005,52,90,50,75,81
All,GLENDORA,2006,57,93,47,79,88
All,GLENDORA,2007,86,93,48,76,83
All,GLENDORA,2008,55,95,62,85,91
All,GLENDORA,2009,89,89,56,79,85
All,GLENDORA,2010,92,93,58,87,90
All,GLENDORA,2011,113,93,56,82,88
All,GLENDORA,2012,102,97,62,87,90
All,GLENDORA,2013,100,97,53,89,92
All,GLENDORA,2014,131,95,63,89,92
All,GLENDORA,2015,115,92,61,81,83
All,GLENDORA,2016,148,95,59,83,89
All,GLENDORA,2017,144,90,53,81,84
All,GLENDORA,2018,164,88,57,81,85
All,GLENDORA,2019,160,93,64,81,89
All,GLENDORA,2020,195,88,63,83,85
All,GLENDORA,2021,193,92,63,86,89
All,GLENDORA,2022,133,89,65,82,
All,GLENDORA,2023,153,92,67,,
All,GLENDORA,2024,148,89,,,
All,HAYWARD,1999,78,90,38,73,83
All,HAYWARD,2000,119,91,45,76,86
All,HAYWARD,2001,124,86,40,76,85
All,HAYWARD,2002,108,91,42,76,82
All,HAYWARD,2003,137,93,55,77,82
All,HAYWARD,2004,135,92,55,77,81
All,HAYWARD,2005,139,91,56,78,80
All,HAYWARD,2006,119,93,53,82,87
All,HAYWARD,2007,130,88,47,75,82
All,HAYWARD,2008,113,91,50,81,88
All,HAYWARD,2009,135,90,41,74,81
All,HAYWARD,2010,144,94,60,87,90
All,HAYWARD,2011,134,95,52,87,90
All,HAYWARD,2012,130,95,61,90,93
All,HAYWARD,2013,129,94,56,85,92
All,HAYWARD,2014,145,97,57,88,93
All,HAYWARD,2015,144,95,65,90,92
All,HAYWARD,2016,149,93,70,90,94
All,HAYWARD,2017,169,95,64,89,92
All,HAYWARD,2018,188,95,64,89,92
All,HAYWARD,2019,186,97,64,92,94
All,HAYWARD,2020,191,95,64,87,91
All,HAYWARD,2021,173,95,72,89,92
All,HAYWARD,2022,153,96,61,87,
All,HAYWARD,2023,185,99,71,,
All,HAYWARD,2024,147,99,,,
All,HUNTINGTON BEACH,1999,57,86,40,72,82
All,HUNTINGTON BEACH,2000,64,98,41,81,86
All,HUNTINGTON BEACH,2001,71,93,37,77,83
All,HUNTINGTON BEACH,2002,65,91,52,83,88
All,HUNTINGTON BEACH,2003,71,90,46,76,85
All,HUNTINGTON BEACH,2004,78,92,50,74,83
All,HUNTINGTON BEACH,2005,96,95,45,76,84
All,HUNTINGTON BEACH,2006,100,92,51,82,88
All,HUNTINGTON BEACH,2007,78,95,54,86,90
All,HUNTINGTON BEACH,2008,91,89,47,81,86
All,HUNTINGTON BEACH,2009,90,97,44,86,89
All,HUNTINGTON BEACH,2010,91,97,57,85,91
All,HUNTINGTON BEACH,2011,89,92,47,84,89
All,HUNTINGTON BEACH,2012,108,95,48,84,91
All,HUNTINGTON BEACH,2013,125,90,55,82,86
All,HUNTINGTON BEACH,2014,136,96,59,85,89
All,HUNTINGTON BEACH,2015,119,97,55,84,91
All,HUNTINGTON BEACH,2016,117,96,60,89,91
All,HUNTINGTON BEACH,2017,102,96,53,85,94
All,HUNTINGTON BEACH,2018,98,97,65,91,93
All,HUNTINGTON BEACH,2019,84,95,64,88,93
All,HUNTINGTON BEACH,2020,110,95,64,92,95
All,HUNTINGTON BEACH,2021,109,96,66,81,88
All,HUNTINGTON BEACH,2022,129,96,67,87,
All,HUNTINGTON BEACH,2023,126,94,66,,
All,HUNTINGTON BEACH,2024,114,96,,,
All,IMPERIAL,2000,11,100,27,82,91
All,IMPERIAL,2002,11,64,27,36,55
All,IMPERIAL,2003,14,86,29,64,64
All,IMPERIAL,2005,15,93,13,60,80
All,IMPERIAL,2006,13,100,15,62,85
All,IMPERIAL,2007,19,79,32,68,74
All,IMPERIAL,2008,22,82,9,45,77
All,IMPERIAL,2009,19,89,53,63,68
All,IMPERIAL,2010,26,96,35,73,88
All,IMPERIAL,2011,18,100,17,67,83
All,IMPERIAL,2012,16,94,19,69,81
All,IMPERIAL,2013,17,94,24,76,82
All,IMPERIAL,2014,33,91,24,70,85
All,IMPERIAL,2015,22,95,23,64,77
All,IMPERIAL,2016,28,86,29,68,75
All,IMPERIAL,2017,30,90,43,73,77
All,IMPERIAL,2018,43,88,30,74,81
All,IMPERIAL,2019,40,93,43,70,83
All,IMPERIAL,2020,57,84,46,70,75
All,IMPERIAL,2021,65,91,55,80,83
All,IMPERIAL,2022,34,94,53,76,
All,IMPERIAL,2023,40,95,68,,
All,IMPERIAL,2024,35,97,,,
All,IRVINE,1999,124,90,46,71,81
All,IRVINE,2000,168,85,39,73,77
All,IRVINE,2001,126,90,44,73,85
All,IRVINE,2002,176,91,41,74,82
All,IRVINE,2003,184,90,48,75,84
All,IRVINE,2004,184,90,53,84,93
All,IRVINE,2005,193,95,47,82,89
All,IRVINE,2006,192,95,51,82,89
All,IRVINE,2007,173,92,50,82,88
All,IRVINE,2008,211,94,56,83,87
All,IRVINE,2009,239,92,52,84,87
All,IRVINE,2010,344,91,53,82,87
All,IRVINE,2011,367,93,52,84,89
All,IRVINE,2012,326,91,56,85,88
All,IRVINE,2013,390,94,54,87,92
All,IRVINE,2014,417,93,58,85,91
All,IRVINE,2015,428,94,59,86,90
All,IRVINE,2016,525,94,62,88,93
All,IRVINE,2017,578,94,62,88,92
All,IRVINE,2018,580,93,62,89,92
All,IRVINE,2019,697,95,67,89,93
All,IRVINE,2020,751,94,69,90,93
All,IRVINE,2021,766,93,65,88,92
All,IRVINE,2022,698,95,67,88,
All,IRVINE,2023,704,96,69,,
All,IRVINE,2024,786,96,,,
All,JOSHUA TREE,2006,13,77,46,46,46
All,JOSHUA TREE,2011,13,92,62,92,92
All,JOSHUA TREE,2012,13,100,38,85,85
All,JOSHUA TREE,2016,16,88,44,75,81
All,JOSHUA TREE,2019,16,94,63,81,81
All,JOSHUA TREE,2021,11,64,45,64,64
All,JOSHUA TREE,2022,11,82,64,82,
All,KENTFIELD,1999,66,91,36,73,77
All,KENTFIELD,2000,92,95,47,80,87
All,KENTFIELD,2001,104,94,52,84,92
All,KENTFIELD,2002,76,96,55,79,84
All,KENTFIELD,2003,96,93,50,76,82
All,KENTFIELD,2004,75,96,60,85,91
All,KENTFIELD,2005,90,94,59,84,87
All,KENTFIELD,2006,81,93,51,80,85
All,KENTFIELD,2007,73,89,47,79,86
All,KENTFIELD,2008,83,89,43,72,83
All,KENTFIELD,2009,99,93,55,86,88
All,KENTFIELD,2010,96,90,51,83,90
All,KENTFIELD,2011,103,92,48,79,85
All,KENTFIELD,2012,98,93,66,88,90
All,KENTFIELD,2013,90,92,57,86,88
All,KENTFIELD,2014,83,94,55,84,90
All,KENTFIELD,2015,94,95,61,86,89
All,KENTFIELD,2016,95,94,55,79,92
All,KENTFIELD,2017,118,97,69,86,89
All,KENTFIELD,2018,122,95,70,84,91
All,KENTFIELD,2019,130,92,69,90,93
All,KENTFIELD,2020,113,90,61,83,86
All,KENTFIELD,2021,152,93,74,92,93
All,KENTFIELD,2022,100,96,65,88,
All,KENTFIELD,2023,127,95,69,,
All,KENTFIELD,2024,128,98,,,
All,LANCASTER,1999,35,97,49,77,83
All,LANCASTER,2000,55,89,35,65,73
All,LANCASTER,2001,65,92,40,75,86
All,LANCASTER,2002,50,92,48,86,86
All,LANCASTER,2003,49,94,53,80,86
All,LANCASTER,2004,62,94,52,82,87
All,LANCASTER,2005,66,89,39,77,80
All,LANCASTER,2006,59,92,41,71,83
All,LANCASTER,2007,62,85,45,77,79
All,LANCASTER,2008,67,88,52,84,87
All,LANCASTER,2009,63,87,44,76,83
All,LANCASTER,2010,66,97,47,83,88
All,LANCASTER,2011,68,90,46,81,90
All,LANCASTER,2012,54,87,50,76,76
All,LANCASTER,2013,67,96,52,87,91
All,LANCASTER,2014,77,92,42,75,83
All,LANCASTER,2015,60,83,40,70,73
All,LANCASTER,2016,85,92,56,82,86
All,LANCASTER,2017,68,96,53,82,84
All,LANCASTER,2018,70,91,59,89,91
All,LANCASTER,2019,91,93,52,76,79
All,LANCASTER,2020,88,91,57,80,86
All,LANCASTER,2021,70,91,66,89,91
All,LANCASTER,2022,90,93,67,90,
All,LANCASTER,2023,62,92,68,,
All,LANCASTER,2024,66,91,,,
All,LEMOORE,2010,10,100,40,70,80
All,LEMOORE,2018,10,90,30,70,80
All,LIVERMORE,1999,44,91,48,80,91
All,LIVERMORE,2000,52,88,40,79,83
All,LIVERMORE,2001,71,96,56,90,94
All,LIVERMORE,2002,75,87,57,80,85
All,LIVERMORE,2003,74,91,46,80,85
All,LIVERMORE,2004,75,92,53,80,81
All,LIVERMORE,2005,92,89,41,77,82
All,LIVERMORE,2006,100,93,54,83,88
All,LIVERMORE,2007,97,92,55,88,89
All,LIVERMORE,2008,90,91,52,83,90
All,LIVERMORE,2009,105,96,54,81,87
All,LIVERMORE,2010,124,94,57,84,88
All,LIVERMORE,2011,134,97,59,91,94
All,LIVERMORE,2012,120,96,55,85,90
All,LIVERMORE,2013,115,94,55,83,90
All,LIVERMORE,2014,120,94,59,84,88
All,LIVERMORE,2015,130,91,61,85,89
All,LIVERMORE,2016,163,96,67,89,95
All,LIVERMORE,2017,193,95,66,85,91
All,LIVERMORE,2018,200,94,72,89,91
All,LIVERMORE,2019,171,94,65,88,91
All,LIVERMORE,2020,203,92,65,86,88
All,LIVERMORE,2021,249,94,66,88,92
All,LIVERMORE,2022,250,97,72,94,
All,LIVERMORE,2023,200,94,69,,
All,LIVERMORE,2024,254,99,,,
All,LONG BEACH,1999,52,98,46,75,87
All,LONG BEACH,2000,59,97,41,80,86
All,LONG BEACH,2001,106,94,52,84,89
All,LONG BEACH,2002,97,92,39,75,84
All,LONG BEACH,2003,101,93,54,78,81
All,LONG BEACH,2004,100,94,48,80,86
All,LONG BEACH,2005,93,88,41,74,80
All,LONG BEACH,2006,91,89,51,80,84
All,LONG BEACH,2007,75,91,41,72,83
All,LONG BEACH,2008,69,97,45,84,91
All,LONG BEACH,2009,91,92,55,80,87
All,LONG BEACH,2010,77,86,48,78,83
All,LONG BEACH,2011,80,95,45,80,84
All,LONG BEACH,2012,87,94,49,80,85
All,LONG BEACH,2013,96,92,46,85,92
All,LONG BEACH,2014,99,90,39,81,85
All,LONG BEACH,2015,90,96,61,84,90
All,LONG BEACH,2016,105,90,46,74,80
All,LONG BEACH,2017,141,91,50,81,85
All,LONG BEACH,2018,134,91,51,78,81
All,LONG BEACH,2019,139,91,62,85,88
All,LONG BEACH,2020,150,89,52,75,79
All,LONG BEACH,2021,139,94,60,82,85
All,LONG BEACH,2022,122,90,63,83,
All,LONG BEACH,2023,139,95,63,,
All,LONG BEACH,2024,153,93,,,
All,LOS ALTOS HILLS,1999,119,91,43,76,82
All,LOS ALTOS HILLS,2000,214,88,47,77,83
All,LOS ALTOS HILLS,2001,172,92,54,82,86
All,LOS ALTOS HILLS,2002,227,89,48,81,85
All,LOS ALTOS HILLS,2003,259,93,55,84,89
All,LOS ALTOS HILLS,2004,234,91,59,81,88
All,LOS ALTOS HILLS,2005,239,93,56,82,89
All,LOS ALTOS HILLS,2006,244,94,58,84,88
All,LOS ALTOS HILLS,2007,227,91,59,85,90
All,LOS ALTOS HILLS,2008,257,95,53,83,91
All,LOS ALTOS HILLS,2009,268,94,54,82,87
All,LOS ALTOS HILLS,2010,314,93,60,87,91
All,LOS ALTOS HILLS,2011,392,96,58,87,91
All,LOS ALTOS HILLS,2012,398,95,69,91,94
All,LOS ALTOS HILLS,2013,421,95,64,90,93
All,LOS ALTOS HILLS,2014,419,93,65,87,89
All,LOS ALTOS HILLS,2015,457,95,62,89,92
All,LOS ALTOS HILLS,2016,507,94,63,86,90
All,LOS ALTOS HILLS,2017,480,93,63,87,91
All,LOS ALTOS HILLS,2018,466,95,68,89,93
All,LOS ALTOS HILLS,2019,436,91,63,87,91
All,LOS ALTOS HILLS,2020,430,88,61,85,88
All,LOS ALTOS HILLS,2021,417,93,63,82,85
All,LOS ALTOS HILLS,2022,299,90,60,87,
All,LOS ALTOS HILLS,2023,305,92,59,,
All,LOS ALTOS HILLS,2024,320,95,,,
All,LOS ANGELES,1999,34,82,38,65,71
All,LOS ANGELES,2000,48,90,33,69,83
All,LOS ANGELES,2001,57,93,30,68,84
All,LOS ANGELES,2001,17,71,24,47,59
All,LOS ANGELES,2002,53,87,43,68,72
All,LOS ANGELES,2003,71,90,51,76,82
All,LOS ANGELES,2003,14,64,21,43,64
All,LOS ANGELES,2004,62,92,34,73,85
All,LOS ANGELES,2004,14,64,14,29,36
All,LOS ANGELES,2005,83,90,41,78,84
All,LOS ANGELES,2005,17,94,41,71,76
All,LOS ANGELES,2006,80,89,45,73,81
All,LOS ANGELES,2006,19,74,47,79,79
All,LOS ANGELES,2007,83,93,47,70,77
All,LOS ANGELES,2007,10,90,40,80,80
All,LOS ANGELES,2007,11,64,27,45,45
All,LOS ANGELES,2008,92,93,38,64,73
All,LOS ANGELES,2009,101,88,44,73,81
All,LOS ANGELES,2009,15,80,40,67,67
All,LOS ANGELES,2010,104,91,56,85,89
All,LOS ANGELES,2010,15,67,27,33,40
All,LOS ANGELES,2011,90,94,68,89,92
All,LOS ANGELES,2011,14,79,50,57,64
All,LOS ANGELES,2012,78,91,55,73,83
All,LOS ANGELES,2012,12,92,67,83,83
All,LOS ANGELES,2013,108,93,50,79,85
All,LOS ANGELES,2013,10,100,50,80,90
All,LOS ANGELES,2013,12,92,58,75,92
All,LOS ANGELES,2014,126,96,60,83,88
All,LOS ANGELES,2014,16,81,38,69,81
All,LOS ANGELES,2014,10,90,70,80,80
All,LOS ANGELES,2015,114,92,51,77,84
All,LOS ANGELES,2015,14,86,36,64,64
All,LOS ANGELES,2015,15,100,33,80,87
All,LOS ANGELES,2016,160,91,55,80,87
All,LOS ANGELES,2016,24,79,50,83,83
All,LOS ANGELES,2016,21,86,29,57,71
All,LOS ANGELES,2017,132,91,50,80,85
All,LOS ANGELES,2017,24,75,42,54,67
All,LOS ANGELES,2017,12,92,67,83,92
All,LOS ANGELES,2018,133,92,49,80,84
All,LOS ANGELES,2018,23,96,35,74,78
All,LOS ANGELES,2018,25,84,36,76,80
All,LOS ANGELES,2019,113,95,59,85,93
All,LOS ANGELES,2019,15,87,47,53,67
All,LOS ANGELES,2019,21,86,57,67,81
All,LOS ANGELES,2020,140,92,62,86,87
All,LOS ANGELES,2020,18,94,56,83,83
All,LOS ANGELES,2020,38,89,58,71,71
All,LOS ANGELES,2021,129,93,65,84,91
All,LOS ANGELES,2021,19,95,58,79,95
All,LOS ANGELES,2021,24,92,58,83,88
All,LOS ANGELES,2022,135,93,58,79,
All,LOS ANGELES,2022,19,95,68,68,
All,LOS ANGELES,2022,14,100,43,79,
All,LOS ANGELES,2023,112,92,59,,
All,LOS ANGELES,2023,18,100,39,,
All,LOS ANGELES,2024,111,89,,,
All,LOS ANGELES,2024,16,69,,,
All,LOS ANGELES,2024,21,90,,,
All,MADERA,2024,12,100,,,
All,MARYSVILLE,1999,30,87,37,63,67
All,MARYSVILLE,2000,39,82,26,62,64
All,MARYSVILLE,2001,41,85,27,76,80
All,MARYSVILLE,2002,34,85,26,76,82
All,MARYSVILLE,2003,37,76,24,65,68
All,MARYSVILLE,2004,44,86,39,68,80
All,MARYSVILLE,2005,51,88,39,71,78
All,MARYSVILLE,2006,36,86,39,75,83
All,MARYSVILLE,2007,37,89,38,68,76
All,MARYSVILLE,2008,45,91,40,76,82
All,MARYSVILLE,2009,33,94,45,82,85
All,MARYSVILLE,2010,36,89,36,75,83
All,MARYSVILLE,2011,18,100,67,83,94
All,MARYSVILLE,2012,22,91,59,86,91
All,MARYSVILLE,2013,32,91,63,78,88
All,MARYSVILLE,2014,25,100,60,96,100
All,MARYSVILLE,2015,30,93,47,80,90
All,MARYSVILLE,2016,37,89,27,68,76
All,MARYSVILLE,2017,35,97,51,97,97
All,MARYSVILLE,2018,47,85,57,81,85
All,MARYSVILLE,2019,50,94,34,80,90
All,MARYSVILLE,2020,38,92,58,76,76
All,MARYSVILLE,2021,40,100,70,90,90
All,MARYSVILLE,2022,34,88,59,85,
All,MARYSVILLE,2023,42,93,64,,
All,MARYSVILLE,2024,30,93,,,
All,MERCED,1999,18,78,17,50,61
All,MERCED,2000,23,96,39,83,96
All,MERCED,2001,29,86,45,90,90
All,MERCED,2002,21,100,43,67,76
All,MERCED,2003,14,93,71,79,79
All,MERCED,2004,16,94,75,88,88
All,MERCED,2005,44,80,43,75,77
All,MERCED,2006,42,93,50,71,81
All,MERCED,2007,51,100,47,80,86
All,MERCED,2008,42,88,26,74,79
All,MERCED,2009,38,92,42,82,92
All,MERCED,2010,67,85,34,70,78
All,MERCED,2011,55,89,38,71,82
All,MERCED,2012,61,92,38,72,84
All,MERCED,2013,58,90,38,78,81
All,MERCED,2014,52,92,42,85,88
All,MERCED,2015,55,82,42,75,80
All,MERCED,2016,80,93,41,80,85
All,MERCED,2017,70,84,37,74,84
All,MERCED,2018,61,85,49,75,80
All,MERCED,2019,84,87,45,76,81
All,MERCED,2020,85,81,36,65,72
All,MERCED,2021,96,85,48,75,79
All,MERCED,2022,85,89,60,86,
All,MERCED,2023,95,89,60,,
All,MERCED,2024,112,94,,,
All,MISSION VIEJO,1999,143,88,46,74,80
All,MISSION VIEJO,2000,199,92,48,78,85
All,MISSION VIEJO,2001,229,90,46,79,84
All,MISSION VIEJO,2002,222,91,53,81,87
All,MISSION VIEJO,2003,249,91,51,79,84
All,MISSION VIEJO,2004,274,95,55,83,88
All,MISSION VIEJO,2005,233,94,55,85,87
All,MISSION VIEJO,2006,263,94,53,81,89
All,MISSION VIEJO,2007,251,92,55,83,89
All,MISSION VIEJO,2008,295,92,54,83,87
All,MISSION VIEJO,2009,311,93,57,80,84
All,MISSION VIEJO,2010,341,94,58,85,89
All,MISSION VIEJO,2011,378,93,60,88,92
All,MISSION VIEJO,2012,325,95,58,86,90
All,MISSION VIEJO,2013,312,92,59,84,89
All,MISSION VIEJO,2014,312,94,57,82,86
All,MISSION VIEJO,2015,293,94,59,87,89
All,MISSION VIEJO,2016,351,94,59,86,91
All,MISSION VIEJO,2017,350,94,63,88,93
All,MISSION VIEJO,2018,352,96,66,91,93
All,MISSION VIEJO,2019,356,96,70,91,95
All,MISSION VIEJO,2020,400,95,65,88,91
All,MISSION VIEJO,2021,426,96,71,92,93
All,MISSION VIEJO,2022,382,95,76,92,
All,MISSION VIEJO,2023,443,94,74,,
All,MISSION VIEJO,2024,405,96,,,
All,MODESTO,1999,57,91,60,82,88
All,MODESTO,2000,73,93,45,74,79
All,MODESTO,2001,59,90,44,75,78
All,MODESTO,2002,54,96,46,81,91
All,MODESTO,2003,42,98,64,88,90
All,MODESTO,2004,60,90,52,80,85
All,MODESTO,2005,81,86,43,72,74
All,MODESTO,2006,70,93,46,79,83
All,MODESTO,2007,77,90,42,70,79
All,MODESTO,2008,44,95,39,82,86
All,MODESTO,2009,69,91,32,71,84
All,MODESTO,2010,71,80,35,63,77
All,MODESTO,2011,60,85,52,78,83
All,MODESTO,2012,70,89,51,77,86
All,MODESTO,2013,73,92,47,77,85
All,MODESTO,2014,75,93,48,83,91
All,MODESTO,2015,75,92,55,85,89
All,MODESTO,2016,84,89,49,76,87
All,MODESTO,2017,90,88,48,74,84
All,MODESTO,2018,85,92,55,82,86
All,MODESTO,2019,94,88,53,78,83
All,MODESTO,2020,92,89,58,75,77
All,MODESTO,2021,91,87,57,80,85
All,MODESTO,2022,87,87,54,80,
All,MODESTO,2023,101,95,58,,
All,MODESTO,2024,72,92,,,
All,MONTEREY,1999,55,91,53,78,87
All,MONTEREY,2000,71,92,45,77,85
All,MONTEREY,2001,65,95,46,85,88
All,MONTEREY,2002,71,92,49,72,77
All,MONTEREY,2003,62,95,48,77,79
All,MONTEREY,2004,67,91,37,70,75
All,MONTEREY,2005,47,96,53,77,85
All,MONTEREY,2006,51,88,45,82,88
All,MONTEREY,2007,56,82,38,64,75
All,MONTEREY,2008,42,93,40,74,81
All,MONTEREY,2009,63,90,51,75,84
All,MONTEREY,2010,80,84,43,63,69
All,MONTEREY,2011,78,87,56,77,81
All,MONTEREY,2012,80,96,50,83,90
All,MONTEREY,2013,66,91,50,79,85
All,MONTEREY,2014,60,88,50,80,88
All,MONTEREY,2015,78,91,50,73,79
All,MONTEREY,2016,80,88,43,75,83
All,MONTEREY,2017,75,92,61,84,85
All,MONTEREY,2018,104,93,63,88,90
All,MONTEREY,2019,90,94,56,81,84
All,MONTEREY,2020,71,87,52,83,89
All,MONTEREY,2021,72,96,58,88,89
All,MONTEREY,2022,65,94,60,80,
All,MONTEREY,2023,72,88,61,,
All,MONTEREY,2024,73,97,,,
All,MONTEREY PARK,1999,76,87,41,68,80
All,MONTEREY PARK,2000,91,93,33,71,81
All,MONTEREY PARK,2001,120,84,37,71,76
All,MONTEREY PARK,2002,110,83,34,61,72
All,MONTEREY PARK,2003,148,98,41,78,84
All,MONTEREY PARK,2004,131,95,45,79,85
All,MONTEREY PARK,2005,142,92,42,82,90
All,MONTEREY PARK,2006,131,90,47,74,77
All,MONTEREY PARK,2007,128,91,51,77,81
All,MONTEREY PARK,2008,131,89,49,76,81
All,MONTEREY PARK,2009,166,96,50,84,88
All,MONTEREY PARK,2010,196,90,53,79,84
All,MONTEREY PARK,2011,181,92,56,83,87
All,MONTEREY PARK,2012,216,96,63,88,92
All,MONTEREY PARK,2013,246,94,58,86,90
All,MONTEREY PARK,2014,232,94,63,89,91
All,MONTEREY PARK,2015,275,93,62,85,88
All,MONTEREY PARK,2016,316,93,58,87,90
All,MONTEREY PARK,2017,323,95,61,85,91
All,MONTEREY PARK,2018,330,93,66,88,91
All,MONTEREY PARK,2019,284,95,67,86,88
All,MONTEREY PARK,2020,317,90,60,81,85
All,MONTEREY PARK,2021,282,91,64,86,88
All,MONTEREY PARK,2022,218,96,65,89,
All,MONTEREY PARK,2023,139,94,63,,
All,MONTEREY PARK,2024,190,95,,,
All,MOORPARK,1999,165,90,48,78,84
All,MOORPARK,2000,162,92,48,80,85
All,MOORPARK,2001,202,89,48,79,83
All,MOORPARK,2002,207,90,43,82,86
All,MOORPARK,2003,251,90,50,77,82
All,MOORPARK,2004,204,93,54,79,88
All,MOORPARK,2005,231,92,55,83,87
All,MOORPARK,2006,284,92,51,82,86
All,MOORPARK,2007,297,90,55,81,85
All,MOORPARK,2008,274,91,62,85,90
All,MOORPARK,2009,299,94,59,84,89
All,MOORPARK,2010,311,91,60,84,88
All,MOORPARK,2011,291,93,63,84,88
All,MOORPARK,2012,285,93,59,85,88
All,MOORPARK,2013,312,93,58,84,88
All,MOORPARK,2014,300,94,61,87,91
All,MOORPARK,2015,305,93,65,89,91
All,MOORPARK,2016,350,94,62,83,88
All,MOORPARK,2017,374,92,60,84,89
All,MOORPARK,2018,348,93,69,89,92
All,MOORPARK,2019,390,93,72,88,91
All,MOORPARK,2020,379,95,64,87,91
All,MOORPARK,2021,421,93,69,87,89
All,MOORPARK,2022,341,92,67,87,
All,MOORPARK,2023,387,95,73,,
All,MOORPARK,2024,391,94,,,
All,MORENO VALLEY,2012,35,94,46,71,83
All,MORENO VALLEY,2013,30,97,57,80,93
All,MORENO VALLEY,2014,45,91,56,78,82
All,MORENO VALLEY,2015,56,98,64,88,91
All,MORENO VALLEY,2016,95,88,59,75,80
All,MORENO VALLEY,2017,76,95,62,89,93
All,MORENO VALLEY,2018,115,90,53,78,83
All,MORENO VALLEY,2019,73,90,62,77,81
All,MORENO VALLEY,2020,104,88,54,74,77
All,MORENO VALLEY,2021,67,84,52,79,81
All,MORENO VALLEY,2022,93,92,55,78,
All,MORENO VALLEY,2023,64,94,69,,
All,MORENO VALLEY,2024,64,95,,,
All,NAPA,1999,41,88,44,66,78
All,NAPA,2000,51,90,43,75,80
All,NAPA,2001,40,88,33,70,75
All,NAPA,2002,46,83,39,61,74
All,NAPA,2003,50,82,42,70,74
All,NAPA,2004,38,87,37,68,71
All,NAPA,2005,50,92,48,84,90
All,NAPA,2006,71,86,44,80,83
All,NAPA,2007,48,73,38,67,69
All,NAPA,2008,54,94,35,80,85
All,NAPA,2009,73,88,47,77,79
All,NAPA,2010,89,84,38,66,74
All,NAPA,2011,100,90,50,77,83
All,NAPA,2012,90,94,42,81,88
All,NAPA,2013,109,94,49,83,89
All,NAPA,2014,89,90,48,79,87
All,NAPA,2015,98,86,50,73,82
All,NAPA,2016,116,83,53,75,79
All,NAPA,2017,101,92,47,78,88
All,NAPA,2018,129,86,47,74,84
All,NAPA,2019,131,95,55,80,84
All,NAPA,2020,113,94,56,80,83
All,NAPA,2021,97,94,60,88,95
All,NAPA,2022,81,93,57,85,
All,NAPA,2023,72,93,69,,
All,NAPA,2024,74,91,,,
All,NORCO,2012,62,94,48,85,90
All,NORCO,2013,64,94,52,77,86
All,NORCO,2014,81,95,54,83,90
All,NORCO,2015,79,96,57,89,94
All,NORCO,2016,106,92,56,77,83
All,NORCO,2017,119,92,59,84,87
All,NORCO,2018,139,91,60,83,88
All,NORCO,2019,142,98,54,82,86
All,NORCO,2020,141,85,54,74,84
All,NORCO,2021,158,89,60,84,85
All,NORCO,2022,115,89,57,78,
All,NORCO,2023,121,94,59,,
All,NORCO,2024,152,89,,,
All,NORWALK,1999,52,98,37,77,79
All,NORWALK,2000,79,92,37,70,82
All,NORWALK,2001,123,91,37,68,77
All,NORWALK,2002,123,93,41,76,84
All,NORWALK,2003,126,90,44,78,83
All,NORWALK,2004,150,94,47,83,86
All,NORWALK,2005,144,93,49,78,83
All,NORWALK,2006,138,96,46,87,91
All,NORWALK,2007,135,96,44,79,89
All,NORWALK,2008,137,91,50,77,83
All,NORWALK,2009,185,90,44,72,82
All,NORWALK,2010,164,95,52,85,91
All,NORWALK,2011,151,92,51,86,89
All,NORWALK,2012,144,94,51,79,86
All,NORWALK,2013,157,92,52,80,85
All,NORWALK,2014,143,94,52,86,92
All,NORWALK,2015,126,95,52,85,90
All,NORWALK,2016,125,90,54,77,82
All,NORWALK,2017,123,93,67,91,93
All,NORWALK,2018,127,94,61,81,87
All,NORWALK,2019,129,94,67,84,89
All,NORWALK,2020,129,91,55,82,84
All,NORWALK,2021,133,95,62,90,91
All,NORWALK,2022,125,94,65,84,
All,NORWALK,2023,117,99,62,,
All,NORWALK,2024,130,97,,,
All,OAKLAND,1999,79,99,29,78,87
All,OAKLAND,1999,26,92,38,73,77
All,OAKLAND,2000,115,89,37,71,82
All,OAKLAND,2000,26,85,27,62,65
All,OAKLAND,2001,116,92,38,72,84
All,OAKLAND,2001,22,91,36,82,86
All,OAKLAND,2002,113,84,30,59,72
All,OAKLAND,2002,32,81,34,63,66
All,OAKLAND,2003,118,89,35,74,84
All,OAKLAND,2003,34,88,26,65,74
All,OAKLAND,2004,127,85,46,68,74
All,OAKLAND,2004,26,85,42,65,73
All,OAKLAND,2005,110,87,41,75,82
All,OAKLAND,2005,22,86,32,50,59
All,OAKLAND,2006,122,93,47,78,83
All,OAKLAND,2006,24,88,38,67,79
All,OAKLAND,2007,117,91,47,76,82
All,OAKLAND,2007,20,95,35,85,90
All,OAKLAND,2008,134,90,46,79,87
All,OAKLAND,2008,21,86,33,52,67
All,OAKLAND,2009,138,91,49,80,83
All,OAKLAND,2009,15,80,20,73,80
All,OAKLAND,2010,129,92,47,80,88
All,OAKLAND,2010,16,94,31,69,88
All,OAKLAND,2011,143,94,51,80,85
All,OAKLAND,2011,25,100,44,76,84
All,OAKLAND,2012,139,94,51,85,91
All,OAKLAND,2012,13,92,38,62,62
All,OAKLAND,2013,136,94,38,77,85
All,OAKLAND,2013,40,90,40,65,73
All,OAKLAND,2014,132,92,54,80,89
All,OAKLAND,2014,27,89,44,74,85
All,OAKLAND,2015,150,93,47,84,91
All,OAKLAND,2015,25,92,28,68,84
All,OAKLAND,2016,127,93,54,83,87
All,OAKLAND,2016,35,94,57,77,83
All,OAKLAND,2017,152,90,53,85,89
All,OAKLAND,2017,34,97,53,74,79
All,OAKLAND,2018,162,86,46,80,85
All,OAKLAND,2018,30,87,47,73,83
All,OAKLAND,2019,137,89,43,77,80
All,OAKLAND,2019,42,93,50,88,88
All,OAKLAND,2020,143,91,55,82,87
All,OAKLAND,2020,46,85,52,65,72
All,OAKLAND,2021,115,90,57,78,87
All,OAKLAND,2021,32,100,66,94,97
All,OAKLAND,2022,117,92,58,85,
All,OAKLAND,2022,32,75,47,69,
All,OAKLAND,2023,102,92,57,,
All,OAKLAND,2023,37,86,35,,
All,OAKLAND,2024,89,96,,,
All,OAKLAND,2024,31,97,,,
All,OCEANSIDE,1999,56,82,32,70,77
All,OCEANSIDE,2000,82,91,38,76,84
All,OCEANSIDE,2001,70,96,44,83,89
All,OCEANSIDE,2002,109,91,39,75,81
All,OCEANSIDE,2003,119,90,49,73,78
All,OCEANSIDE,2004,98,93,54,82,90
All,OCEANSIDE,2005,102,92,44,76,81
All,OCEANSIDE,2006,116,92,38,77,83
All,OCEANSIDE,2007,105,94,47,78,83
All,OCEANSIDE,2008,148,96,48,83,91
All,OCEANSIDE,2009,161,94,55,77,88
All,OCEANSIDE,2010,238,94,45,79,86
All,OCEANSIDE,2011,261,89,48,76,84
All,OCEANSIDE,2012,263,95,46,77,88
All,OCEANSIDE,2013,278,93,47,81,86
All,OCEANSIDE,2014,239,94,53,84,87
All,OCEANSIDE,2015,246,94,49,86,89
All,OCEANSIDE,2016,302,94,51,81,89
All,OCEANSIDE,2017,284,96,55,83,89
All,OCEANSIDE,2018,388,91,57,84,88
All,OCEANSIDE,2019,354,93,59,83,86
All,OCEANSIDE,2020,382,92,55,83,87
All,OCEANSIDE,2021,318,92,55,82,86
All,OCEANSIDE,2022,322,94,61,85,
All,OCEANSIDE,2023,268,93,65,,
All,OCEANSIDE,2024,272,93,,,
All,ORANGE,2001,17,88,47,76,82
All,ORANGE,2002,34,94,44,82,85
All,ORANGE,2003,65,91,49,83,88
All,ORANGE,2004,53,94,49,87,89
All,ORANGE,2005,63,90,51,75,78
All,ORANGE,2006,79,85,49,76,80
All,ORANGE,2007,69,91,55,86,86
All,ORANGE,2008,77,94,58,82,87
All,ORANGE,2009,103,94,60,83,88
All,ORANGE,2010,95,94,56,84,92
All,ORANGE,2011,82,95,51,84,88
All,ORANGE,2012,92,91,52,83,85
All,ORANGE,2013,109,93,51,80,85
All,ORANGE,2014,101,94,48,86,91
All,ORANGE,2015,117,95,54,86,91
All,ORANGE,2016,118,92,54,87,90
All,ORANGE,2017,117,93,58,80,88
All,ORANGE,2018,143,94,64,85,87
All,ORANGE,2019,162,96,64,86,92
All,ORANGE,2020,160,94,64,86,91
All,ORANGE,2021,177,94,68,86,89
All,ORANGE,2022,165,96,65,88,
All,ORANGE,2023,197,95,72,,
All,ORANGE,2024,214,94,,,
All,OROVILLE,1999,19,95,32,74,79
All,OROVILLE,2000,20,75,30,65,70
All,OROVILLE,2001,38,89,47,76,92
All,OROVILLE,2002,28,82,43,86,86
All,OROVILLE,2003,29,90,52,76,79
All,OROVILLE,2004,32,97,56,94,97
All,OROVILLE,2005,27,93,30,81,85
All,OROVILLE,2006,28,93,46,82,86
All,OROVILLE,2007,26,88,50,77,81
All,OROVILLE,2008,24,96,46,92,92
All,OROVILLE,2009,33,88,48,82,91
All,OROVILLE,2010,29,86,38,66,79
All,OROVILLE,2011,49,94,55,90,92
All,OROVILLE,2012,37,97,49,84,86
All,OROVILLE,2013,45,96,56,82,87
All,OROVILLE,2014,46,96,65,91,96
All,OROVILLE,2015,48,96,50,88,88
All,OROVILLE,2016,41,88,56,80,83
All,OROVILLE,2017,44,93,61,82,84
All,OROVILLE,2018,52,90,56,77,83
All,OROVILLE,2019,51,92,53,82,86
All,OROVILLE,2020,45,98,64,82,87
All,OROVILLE,2021,47,89,66,85,85
All,OROVILLE,2022,51,92,51,86,
All,OROVILLE,2023,48,96,65,,
All,OROVILLE,2024,32,100,,,
All,OXNARD,1999,30,90,10,40,70
All,OXNARD,2000,37,92,24,68,76
All,OXNARD,2001,24,75,29,54,63
All,OXNARD,2002,44,91,39,68,73
All,OXNARD,2003,45,84,44,71,73
All,OXNARD,2004,34,79,35,62,71
All,OXNARD,2005,31,94,35,58,71
All,OXNARD,2006,23,74,43,57,57
All,OXNARD,2007,27,85,30,63,74
All,OXNARD,2008,29,90,38,72,83
All,OXNARD,2009,28,86,43,82,86
All,OXNARD,2010,34,94,62,91,91
All,OXNARD,2011,24,88,29,71,75
All,OXNARD,2012,17,88,35,71,76
All,OXNARD,2013,24,83,67,79,83
All,OXNARD,2014,25,92,52,84,84
All,OXNARD,2015,26,88,38,69,85
All,OXNARD,2016,31,77,29,61,71
All,OXNARD,2017,42,83,57,76,83
All,OXNARD,2018,53,92,53,81,87
All,OXNARD,2019,40,83,48,83,83
All,OXNARD,2020,44,93,75,82,86
All,OXNARD,2021,32,88,50,66,72
All,OXNARD,2022,40,90,73,85,
All,OXNARD,2023,46,89,46,,
All,OXNARD,2024,45,96,,,
All,PALM DESERT,1999,35,89,31,66,74
All,PALM DESERT,2000,50,90,48,80,82
All,PALM DESERT,2001,51,96,37,71,82
All,PALM DESERT,2002,53,91,45,79,85
All,PALM DESERT,2003,75,87,44,73,79
All,PALM DESERT,2004,54,93,43,76,80
All,PALM DESERT,2005,30,90,47,70,80
All,PALM DESERT,2006,39,87,54,77,82
All,PALM DESERT,2007,55,89,40,76,80
All,PALM DESERT,2008,51,92,39,71,80
All,PALM DESERT,2009,43,93,47,81,84
All,PALM DESERT,2010,61,95,48,84,89
All,PALM DESERT,2011,63,97,51,73,81
All,PALM DESERT,2012,64,89,53,81,89
All,PALM DESERT,2013,50,92,46,80,86
All,PALM DESERT,2014,64,92,45,78,84
All,PALM DESERT,2015,70,89,50,79,87
All,PALM DESERT,2016,55,95,53,82,89
All,PALM DESERT,2017,74,89,54,81,85
All,PALM DESERT,2018,105,92,50,84,85
All,PALM DESERT,2019,109,95,72,89,94
All,PALM DESERT,2020,109,93,54,82,84
All,PALM DESERT,2021,118,90,56,80,82
All,PALM DESERT,2022,98,93,62,81,
All,PALM DESERT,2023,100,94,68,,
All,PALM DESERT,2024,109,94,,,
All,PASADENA,1999,203,96,45,80,85
All,PASADENA,2000,288,94,45,81,84
All,PASADENA,2001,316,94,48,81,86
All,PASADENA,2002,370,95,54,83,88
All,PASADENA,2003,441,93,51,80,86
All,PASADENA,2004,466,96,56,86,92
All,PASADENA,2005,446,94,52,87,91
All,PASADENA,2006,484,95,55,83,87
All,PASADENA,2007,501,94,56,83,89
All,PASADENA,2008,525,94,57,83,87
All,PASADENA,2009,573,95,56,84,89
All,PASADENA,2010,623,94,57,86,89
All,PASADENA,2011,598,97,60,88,92
All,PASADENA,2012,564,94,59,87,90
All,PASADENA,2013,506,95,57,87,91
All,PASADENA,2014,532,97,63,90,94
All,PASADENA,2015,621,96,63,87,91
All,PASADENA,2016,654,94,59,86,91
All,PASADENA,2017,785,93,60,83,88
All,PASADENA,2018,814,92,62,87,90
All,PASADENA,2019,853,94,65,89,92
All,PASADENA,2020,937,93,61,85,89
All,PASADENA,2021,989,94,66,86,90
All,PASADENA,2022,753,96,69,87,
All,PASADENA,2023,785,92,66,,
All,PASADENA,2024,888,94,,,
All,PITTSBURG,1999,22,95,41,73,73
All,PITTSBURG,2000,14,86,50,71,79
All,PITTSBURG,2001,15,87,33,73,87
All,PITTSBURG,2002,26,85,42,73,81
All,PITTSBURG,2003,35,83,46,77,80
All,PITTSBURG,2004,26,96,62,96,96
All,PITTSBURG,2005,30,90,43,80,83
All,PITTSBURG,2006,30,80,37,80,87
All,PITTSBURG,2007,31,87,52,87,90
All,PITTSBURG,2008,35,91,40,86,89
All,PITTSBURG,2009,61,90,46,77,80
All,PITTSBURG,2010,59,90,44,68,75
All,PITTSBURG,2011,71,90,52,75,79
All,PITTSBURG,2012,76,96,53,88,93
All,PITTSBURG,2013,98,94,55,84,90
All,PITTSBURG,2014,84,87,51,77,87
All,PITTSBURG,2015,102,90,53,84,88
All,PITTSBURG,2016,104,90,51,80,89
All,PITTSBURG,2017,113,90,44,78,88
All,PITTSBURG,2018,112,79,46,76,84
All,PITTSBURG,2019,130,90,53,83,88
All,PITTSBURG,2020,124,90,58,77,83
All,PITTSBURG,2021,122,91,58,82,86
All,PITTSBURG,2022,145,97,66,88,
All,PITTSBURG,2023,101,95,75,,
All,PITTSBURG,2024,120,97,,,
All,PLEASANT HILL,1999,328,95,44,79,86
All,PLEASANT HILL,2000,489,93,44,82,89
All,PLEASANT HILL,2001,492,91,43,74,82
All,PLEASANT HILL,2002,517,93,50,81,88
All,PLEASANT HILL,2003,548,93,55,81,86
All,PLEASANT HILL,2004,567,92,52,79,86
All,PLEASANT HILL,2005,528,91,51,81,87
All,PLEASANT HILL,2006,547,92,58,84,88
All,PLEASANT HILL,2007,546,93,59,82,88
All,PLEASANT HILL,2008,587,92,59,84,89
All,PLEASANT HILL,2009,634,92,56,84,89
All,PLEASANT HILL,2010,650,91,60,84,90
All,PLEASANT HILL,2011,655,92,62,84,88
All,PLEASANT HILL,2012,688,92,58,84,88
All,PLEASANT HILL,2013,715,92,63,85,90
All,PLEASANT HILL,2014,818,91,64,87,91
All,PLEASANT HILL,2015,833,91,67,85,89
All,PLEASANT HILL,2016,912,92,65,88,91
All,PLEASANT HILL,2017,937,94,68,88,92
All,PLEASANT HILL,2018,979,94,68,89,92
All,PLEASANT HILL,2019,873,93,64,88,92
All,PLEASANT HILL,2020,932,92,65,87,91
All,PLEASANT HILL,2021,920,95,67,88,92
All,PLEASANT HILL,2022,902,95,64,89,
All,PLEASANT HILL,2023,807,95,67,,
All,PLEASANT HILL,2024,755,96,,,
All,PORTERVILLE,2000,17,82,29,65,76
All,PORTERVILLE,2001,22,95,45,77,82
All,PORTERVILLE,2002,13,77,46,77,92
All,PORTERVILLE,2004,14,93,43,79,79
All,PORTERVILLE,2005,18,94,44,83,89
All,PORTERVILLE,2007,10,100,30,90,90
All,PORTERVILLE,2010,10,80,40,70,70
All,PORTERVILLE,2011,11,91,55,73,73
All,PORTERVILLE,2012,13,85,54,69,69
All,PORTERVILLE,2013,16,69,13,44,56
All,PORTERVILLE,2014,12,100,42,75,83
All,PORTERVILLE,2016,18,83,39,67,72
All,PORTERVILLE,2019,10,100,50,100,100
All,PORTERVILLE,2020,15,93,40,73,80
All,PORTERVILLE,2023,13,100,62,,
All,RANCHO CUCAMONGA,1999,57,79,42,70,77
All,RANCHO CUCAMONGA,2000,76,84,33,61,75
All,RANCHO CUCAMONGA,2001,68,88,47,66,72
All,RANCHO CUCAMONGA,2002,72,93,53,78,82
All,RANCHO CUCAMONGA,2003,67,87,40,72,78
All,RANCHO CUCAMONGA,2004,82,91,51,84,89
All,RANCHO CUCAMONGA,2005,96,90,42,73,79
All,RANCHO CUCAMONGA,2006,79,92,51,78,87
All,RANCHO CUCAMONGA,2007,105,90,52,77,84
All,RANCHO CUCAMONGA,2008,95,84,49,79,81
All,RANCHO CUCAMONGA,2009,67,88,46,72,82
All,RANCHO CUCAMONGA,2010,107,93,55,82,91
All,RANCHO CUCAMONGA,2011,132,95,51,85,89
All,RANCHO CUCAMONGA,2012,118,97,52,85,89
All,RANCHO CUCAMONGA,2013,135,95,57,84,86
All,RANCHO CUCAMONGA,2014,120,93,58,84,89
All,RANCHO CUCAMONGA,2015,111,97,60,88,94
All,RANCHO CUCAMONGA,2016,125,93,62,84,89
All,RANCHO CUCAMONGA,2017,177,92,56,82,86
All,RANCHO CUCAMONGA,2018,179,95,72,86,89
All,RANCHO CUCAMONGA,2019,155,95,66,88,92
All,RANCHO CUCAMONGA,2020,182,90,64,83,86
All,RANCHO CUCAMONGA,2021,172,91,63,82,84
All,RANCHO CUCAMONGA,2022,159,92,66,83,
All,RANCHO CUCAMONGA,2023,139,91,73,,
All,RANCHO CUCAMONGA,2024,137,96,,,
All,REDDING,1999,19,79,42,74,79
All,REDDING,2000,34,88,29,79,79
All,REDDING,2001,44,86,59,80,86
All,REDDING,2002,31,90,58,81,84
All,REDDING,2003,35,89,51,74,83
All,REDDING,2004,40,88,50,78,85
All,REDDING,2005,30,97,63,93,97
All,REDDING,2006,37,89,32,65,76
All,REDDING,2007,35,89,43,74,80
All,REDDING,2008,39,87,56,77,77
All,REDDING,2009,38,84,39,76,84
All,REDDING,2010,47,85,49,81,83
All,REDDING,2011,49,96,59,92,94
All,REDDING,2012,42,93,64,90,95
All,REDDING,2013,55,84,44,82,85
All,REDDING,2014,46,91,52,89,93
All,REDDING,2015,36,86,39,83,83
All,REDDING,2016,32,88,59,88,91
All,REDDING,2017,44,98,57,86,93
All,REDDING,2018,54,85,48,83,85
All,REDDING,2019,36,83,50,81,83
All,REDDING,2020,52,88,40,75,81
All,REDDING,2021,48,90,65,88,90
All,REDDING,2022,41,88,59,78,
All,REDDING,2023,37,89,57,,
All,REDDING,2024,30,93,,,
All,REDWOOD CITY,1999,17,94,47,88,94
All,REDWOOD CITY,2001,17,100,53,71,82
All,REDWOOD CITY,2002,21,90,29,57,62
All,REDWOOD CITY,2003,23,96,48,87,87
All,REDWOOD CITY,2004,14,93,57,64,79
All,REDWOOD CITY,2005,14,93,50,79,86
All,REDWOOD CITY,2006,21,90,52,90,95
All,REDWOOD CITY,2007,25,96,48,84,92
All,REDWOOD CITY,2008,44,86,45,77,84
All,REDWOOD CITY,2009,38,82,47,71,74
All,REDWOOD CITY,2010,31,90,45,84,90
All,REDWOOD CITY,2011,44,84,48,75,80
All,REDWOOD CITY,2012,34,91,65,79,82
All,REDWOOD CITY,2013,45,96,49,89,93
All,REDWOOD CITY,2014,55,95,49,78,84
All,REDWOOD CITY,2015,51,92,57,86,92
All,REDWOOD CITY,2016,74,89,58,80,88
All,REDWOOD CITY,2017,121,91,59,85,88
All,REDWOOD CITY,2018,71,92,52,86,93
All,REDWOOD CITY,2019,69,94,54,94,96
All,REDWOOD CITY,2020,78,90,53,81,83
All,REDWOOD CITY,2021,81,95,72,86,94
All,REDWOOD CITY,2022,72,94,57,81,
All,REDWOOD CITY,2023,63,95,59,,
All,REDWOOD CITY,2024,71,97,,,
All,REEDLEY,1999,10,80,20,60,90
All,REEDLEY,2000,20,85,55,80,85
All,REEDLEY,2001,18,89,33,67,72
All,REEDLEY,2002,16,88,25,81,81
All,REEDLEY,2003,25,72,32,52,68
All,REEDLEY,2004,18,83,28,72,83
All,REEDLEY,2005,19,89,26,74,79
All,REEDLEY,2006,25,92,44,72,80
All,REEDLEY,2007,24,88,33,67,75
All,REEDLEY,2008,20,85,45,80,85
All,REEDLEY,2009,32,97,47,88,88
All,REEDLEY,2010,48,88,58,79,83
All,REEDLEY,2011,69,96,58,77,84
All,REEDLEY,2012,66,91,44,74,79
All,REEDLEY,2013,58,95,53,84,90
All,REEDLEY,2014,66,97,50,82,86
All,REEDLEY,2015,59,90,42,80,85
All,REEDLEY,2016,14,86,36,64,71
All,REEDLEY,2017,18,100,33,89,94
All,REEDLEY,2018,20,90,30,80,90
All,REEDLEY,2019,10,90,80,80,90
All,REEDLEY,2020,20,80,40,80,85
All,REEDLEY,2021,14,79,57,79,93
All,REEDLEY,2022,19,100,47,95,
All,REEDLEY,2023,14,100,64,,
All,REEDLEY,2024,15,100,,,
All,RIDGECREST,1999,12,92,25,50,58
All,RIDGECREST,2000,11,91,55,82,82
All,RIDGECREST,2001,13,92,15,62,85
All,RIDGECREST,2002,14,93,43,57,71
All,RIDGECREST,2003,10,90,50,80,80
All,RIDGECREST,2004,11,91,45,73,82
All,RIDGECREST,2005,16,88,38,63,75
All,RIDGECREST,2006,14,86,57,79,86
All,RIDGECREST,2008,15,87,33,73,80
All,RIDGECREST,2010,13,85,46,85,85
All,RIDGECREST,2011,14,93,43,71,79
All,RIDGECREST,2012,17,100,53,82,82
All,RIDGECREST,2013,10,100,50,100,100
All,RIDGECREST,2014,12,100,67,100,100
All,RIDGECREST,2015,16,94,56,88,94
All,RIDGECREST,2016,12,75,8,75,75
All,RIDGECREST,2017,21,100,57,90,100
All,RIDGECREST,2018,15,93,47,73,80
All,RIDGECREST,2019,14,93,79,93,93
All,RIDGECREST,2020,14,79,36,64,71
All,RIDGECREST,2021,14,79,50,64,71
All,RIDGECREST,2023,11,82,55,,
All,RIDGECREST,2024,13,100,,,
All,RIVERSIDE,1999,120,88,54,79,83
All,RIVERSIDE,2000,193,92,44,74,82
All,RIVERSIDE,2001,193,90,44,69,77
All,RIVERSIDE,2002,225,92,48,76,82
All,RIVERSIDE,2003,237,89,46,75,83
All,RIVERSIDE,2004,250,91,46,76,82
All,RIVERSIDE,2005,299,89,47,76,83
All,RIVERSIDE,2006,287,87,48,74,79
All,RIVERSIDE,2007,298,91,47,75,81
All,RIVERSIDE,2008,267,89,47,77,84
All,RIVERSIDE,2009,307,88,47,75,82
All,RIVERSIDE,2010,321,92,55,80,84
All,RIVERSIDE,2011,347,93,53,84,89
All,RIVERSIDE,2012,289,93,54,82,87
All,RIVERSIDE,2013,294,94,54,85,89
All,RIVERSIDE,2014,231,94,57,85,90
All,RIVERSIDE,2015,246,92,55,83,88
All,RIVERSIDE,2016,300,93,60,85,89
All,RIVERSIDE,2017,300,89,56,81,85
All,RIVERSIDE,2018,368,90,60,84,86
All,RIVERSIDE,2019,385,92,57,79,86
All,RIVERSIDE,2020,406,90,54,79,85
All,RIVERSIDE,2021,351,88,60,79,83
All,RIVERSIDE,2022,284,93,61,86,
All,RIVERSIDE,2023,307,95,67,,
All,RIVERSIDE,2024,315,95,,,
All,ROCKLIN,1999,85,84,32,64,74
All,ROCKLIN,2000,118,87,40,78,82
All,ROCKLIN,2001,141,90,44,79,85
All,ROCKLIN,2002,144,86,46,75,82
All,ROCKLIN,2003,190,91,49,82,85
All,ROCKLIN,2004,156,84,50,79,83
All,ROCKLIN,2005,170,89,58,82,87
All,ROCKLIN,2006,164,92,58,84,88
All,ROCKLIN,2007,172,89,55,80,85
All,ROCKLIN,2008,181,91,53,82,87
All,ROCKLIN,2009,203,91,53,81,88
All,ROCKLIN,2010,221,92,60,83,89
All,ROCKLIN,2011,187,93,59,83,88
All,ROCKLIN,2012,190,93,61,87,90
All,ROCKLIN,2013,182,93,54,82,87
All,ROCKLIN,2014,168,96,63,82,88
All,ROCKLIN,2015,166,93,60,88,91
All,ROCKLIN,2016,194,89,57,83,87
All,ROCKLIN,2017,195,94,68,89,93
All,ROCKLIN,2018,180,96,64,87,92
All,ROCKLIN,2019,219,94,62,87,92
All,ROCKLIN,2020,217,90,58,85,87
All,ROCKLIN,2021,209,92,62,86,88
All,ROCKLIN,2022,211,94,65,85,
All,ROCKLIN,2023,236,95,65,,
All,ROCKLIN,2024,271,95,,,
All,SACRAMENTO,1999,144,94,47,76,81
All,SACRAMENTO,1999,52,88,40,73,81
All,SACRAMENTO,1999,133,92,44,75,84
All,SACRAMENTO,2000,169,87,46,73,80
All,SACRAMENTO,2000,59,90,39,66,75
All,SACRAMENTO,2000,188,91,42,80,86
All,SACRAMENTO,2001,183,91,51,77,83
All,SACRAMENTO,2001,66,86,47,79,83
All,SACRAMENTO,2001,185,91,43,74,80
All,SACRAMENTO,2002,186,90,44,76,82
All,SACRAMENTO,2002,60,95,47,77,82
All,SACRAMENTO,2002,215,90,44,79,84
All,SACRAMENTO,2003,190,90,49,77,82
All,SACRAMENTO,2003,65,89,46,75,85
All,SACRAMENTO,2003,175,94,44,78,86
All,SACRAMENTO,2004,189,90,47,74,84
All,SACRAMENTO,2004,76,88,43,82,86
All,SACRAMENTO,2004,211,93,52,78,85
All,SACRAMENTO,2005,167,87,57,83,89
All,SACRAMENTO,2005,88,83,43,74,81
All,SACRAMENTO,2005,207,90,55,80,86
All,SACRAMENTO,2006,171,89,49,78,83
All,SACRAMENTO,2006,64,94,59,80,89
All,SACRAMENTO,2006,209,93,54,83,87
All,SACRAMENTO,2007,166,89,56,82,87
All,SACRAMENTO,2007,75,99,48,85,88
All,SACRAMENTO,2007,200,90,45,74,83
All,SACRAMENTO,2008,175,90,54,81,84
All,SACRAMENTO,2008,82,85,46,74,78
All,SACRAMENTO,2008,192,93,55,86,91
All,SACRAMENTO,2009,199,91,52,82,86
All,SACRAMENTO,2009,69,93,49,87,94
All,SACRAMENTO,2009,220,93,55,84,87
All,SACRAMENTO,2010,253,92,49,79,84
All,SACRAMENTO,2010,116,92,47,84,87
All,SACRAMENTO,2010,245,91,56,83,88
All,SACRAMENTO,2011,232,87,48,80,83
All,SACRAMENTO,2011,111,95,54,79,87
All,SACRAMENTO,2011,266,94,55,81,88
All,SACRAMENTO,2012,215,94,49,87,89
All,SACRAMENTO,2012,100,94,51,87,90
All,SACRAMENTO,2012,232,95,63,88,90
All,SACRAMENTO,2013,231,93,50,82,89
All,SACRAMENTO,2013,117,97,56,91,95
All,SACRAMENTO,2013,259,95,56,86,91
All,SACRAMENTO,2014,239,91,49,81,85
All,SACRAMENTO,2014,103,94,59,87,90
All,SACRAMENTO,2014,225,95,54,84,89
All,SACRAMENTO,2015,245,90,49,81,87
All,SACRAMENTO,2015,89,96,64,91,92
All,SACRAMENTO,2015,216,92,56,83,89
All,SACRAMENTO,2016,266,94,54,85,89
All,SACRAMENTO,2016,134,87,51,77,84
All,SACRAMENTO,2016,234,90,53,82,87
All,SACRAMENTO,2017,246,94,56,85,90
All,SACRAMENTO,2017,112,88,46,79,86
All,SACRAMENTO,2017,253,93,52,83,88
All,SACRAMENTO,2018,196,95,56,83,89
All,SACRAMENTO,2018,129,92,63,84,89
All,SACRAMENTO,2018,262,95,65,86,89
All,SACRAMENTO,2019,201,95,62,86,90
All,SACRAMENTO,2019,120,96,59,84,91
All,SACRAMENTO,2019,256,93,59,84,87
All,SACRAMENTO,2020,251,92,56,82,87
All,SACRAMENTO,2020,138,93,68,88,90
All,SACRAMENTO,2020,254,90,61,81,86
All,SACRAMENTO,2021,204,94,64,85,91
All,SACRAMENTO,2021,155,95,65,89,92
All,SACRAMENTO,2021,243,94,67,86,89
All,SACRAMENTO,2022,190,93,58,87,
All,SACRAMENTO,2022,140,96,67,90,
All,SACRAMENTO,2022,239,95,61,84,
All,SACRAMENTO,2023,198,96,61,,
All,SACRAMENTO,2023,145,97,70,,
All,SACRAMENTO,2023,243,95,65,,
All,SACRAMENTO,2024,183,93,,,
All,SACRAMENTO,2024,185,94,,,
All,SACRAMENTO,2024,225,93,,,
All,SALINAS,1999,37,89,49,68,73
All,SALINAS,2000,51,90,47,76,80
All,SALINAS,2001,43,86,51,74,79
All,SALINAS,2002,50,92,38,68,78
All,SALINAS,2003,42,90,43,67,76
All,SALINAS,2004,40,85,45,78,80
All,SALINAS,2005,50,90,46,82,86
All,SALINAS,2006,41,85,51,71,80
All,SALINAS,2007,33,94,45,67,79
All,SALINAS,2008,22,95,59,82,91
All,SALINAS,2009,28,75,43,71,75
All,SALINAS,2010,32,88,34,72,72
All,SALINAS,2011,44,82,43,70,75
All,SALINAS,2012,53,79,42,66,70
All,SALINAS,2013,33,94,42,85,88
All,SALINAS,2014,53,83,43,70,74
All,SALINAS,2015,58,90,43,69,78
All,SALINAS,2016,83,83,37,64,75
All,SALINAS,2017,84,89,51,83,85
All,SALINAS,2018,80,85,53,74,78
All,SALINAS,2019,70,90,51,77,79
All,SALINAS,2020,75,87,59,80,84
All,SALINAS,2021,64,91,66,80,83
All,SALINAS,2022,53,91,68,83,
All,SALINAS,2023,53,96,64,,
All,SALINAS,2024,82,94,,,
All,SAN BERNARDINO,1999,30,90,20,67,70
All,SAN BERNARDINO,2000,37,68,19,49,65
All,SAN BERNARDINO,2001,40,83,23,53,58
All,SAN BERNARDINO,2002,28,86,25,54,61
All,SAN BERNARDINO,2003,24,88,42,75,79
All,SAN BERNARDINO,2004,24,79,42,58,67
All,SAN BERNARDINO,2005,40,88,35,73,83
All,SAN BERNARDINO,2006,28,82,36,64,75
All,SAN BERNARDINO,2007,23,74,22,52,57
All,SAN BERNARDINO,2008,22,77,41,55,68
All,SAN BERNARDINO,2009,23,65,17,52,57
All,SAN BERNARDINO,2010,39,85,38,74,77
All,SAN BERNARDINO,2011,33,94,52,82,88
All,SAN BERNARDINO,2012,30,93,40,70,73
All,SAN BERNARDINO,2013,55,91,38,84,93
All,SAN BERNARDINO,2014,38,89,37,84,84
All,SAN BERNARDINO,2015,54,91,48,72,81
All,SAN BERNARDINO,2016,67,96,45,81,87
All,SAN BERNARDINO,2017,69,90,29,67,75
All,SAN BERNARDINO,2018,66,86,53,73,79
All,SAN BERNARDINO,2019,61,90,48,74,79
All,SAN BERNARDINO,2020,68,82,50,65,75
All,SAN BERNARDINO,2021,64,92,50,81,84
All,SAN BERNARDINO,2022,41,88,51,78,
All,SAN BERNARDINO,2023,39,97,77,,
All,SAN BERNARDINO,2024,43,93,,,
All,SAN BRUNO,1999,34,97,53,79,82
All,SAN BRUNO,2000,67,94,43,84,88
All,SAN BRUNO,2001,57,96,51,81,88
All,SAN BRUNO,2002,76,93,61,83,88
All,SAN BRUNO,2003,71,96,49,83,87
All,SAN BRUNO,2004,78,90,51,77,81
All,SAN BRUNO,2005,77,84,57,78,82
All,SAN BRUNO,2006,59,93,49,81,85
All,SAN BRUNO,2007,62,94,40,76,82
All,SAN BRUNO,2008,65,94,60,91,91
All,SAN BRUNO,2009,74,92,49,80,84
All,SAN BRUNO,2010,98,94,44,79,88
All,SAN BRUNO,2011,64,94,44,81,86
All,SAN BRUNO,2012,115,94,53,87,89
All,SAN BRUNO,2013,106,92,50,88,91
All,SAN BRUNO,2014,100,95,58,84,91
All,SAN BRUNO,2015,116,96,66,94,97
All,SAN BRUNO,2016,141,93,60,88,91
All,SAN BRUNO,2017,164,92,64,85,90
All,SAN BRUNO,2018,148,94,66,87,90
All,SAN BRUNO,2019,152,95,64,88,92
All,SAN BRUNO,2020,135,96,64,89,92
All,SAN BRUNO,2021,131,94,69,88,90
All,SAN BRUNO,2022,114,96,67,89,
All,SAN BRUNO,2023,99,97,73,,
All,SAN BRUNO,2024,106,88,,,
All,SAN DIEGO,1999,40,90,15,75,80
All,SAN DIEGO,1999,145,91,28,63,77
All,SAN DIEGO,1999,16,88,13,56,69
All,SAN DIEGO,2000,54,94,37,74,85
All,SAN DIEGO,2000,188,91,32,68,77
All,SAN DIEGO,2000,18,94,28,61,78
All,SAN DIEGO,2001,38,87,42,71,76
All,SAN DIEGO,2001,198,89,36,66,75
All,SAN DIEGO,2001,29,93,24,66,79
All,SAN DIEGO,2002,50,92,28,66,82
All,SAN DIEGO,2002,224,90,38,71,82
All,SAN DIEGO,2002,33,79,33,64,70
All,SAN DIEGO,2003,48,88,40,71,77
All,SAN DIEGO,2003,221,90,40,70,80
All,SAN DIEGO,2003,24,92,42,83,92
All,SAN DIEGO,2004,68,91,40,72,81
All,SAN DIEGO,2004,231,92,41,72,82
All,SAN DIEGO,2004,54,85,28,70,78
All,SAN DIEGO,2005,80,98,44,84,88
All,SAN DIEGO,2005,251,92,40,77,84
All,SAN DIEGO,2005,40,90,35,65,83
All,SAN DIEGO,2006,58,93,43,72,86
All,SAN DIEGO,2006,248,93,43,77,82
All,SAN DIEGO,2006,44,95,45,77,86
All,SAN DIEGO,2007,61,93,38,77,85
All,SAN DIEGO,2007,203,92,42,75,83
All,SAN DIEGO,2007,41,80,24,71,73
All,SAN DIEGO,2008,57,95,32,70,77
All,SAN DIEGO,2008,210,96,38,76,85
All,SAN DIEGO,2008,58,95,52,84,88
All,SAN DIEGO,2009,75,96,41,72,80
All,SAN DIEGO,2009,200,92,38,75,83
All,SAN DIEGO,2009,70,91,43,77,81
All,SAN DIEGO,2010,99,95,47,75,82
All,SAN DIEGO,2010,275,93,42,77,84
All,SAN DIEGO,2010,90,97,39,78,83
All,SAN DIEGO,2011,99,93,45,78,85
All,SAN DIEGO,2011,320,93,40,75,87
All,SAN DIEGO,2011,105,92,32,69,78
All,SAN DIEGO,2012,69,87,45,78,84
All,SAN DIEGO,2012,304,92,34,71,81
All,SAN DIEGO,2012,117,91,32,66,79
All,SAN DIEGO,2013,52,96,46,75,83
All,SAN DIEGO,2013,250,92,38,76,85
All,SAN DIEGO,2013,107,93,34,73,86
All,SAN DIEGO,2014,70,87,37,70,79
All,SAN DIEGO,2014,285,91,38,74,84
All,SAN DIEGO,2014,101,96,41,78,86
All,SAN DIEGO,2015,85,89,48,75,80
All,SAN DIEGO,2015,258,93,50,78,85
All,SAN DIEGO,2015,114,96,33,81,91
All,SAN DIEGO,2016,119,92,45,67,81
All,SAN DIEGO,2016,299,92,42,78,84
All,SAN DIEGO,2016,155,94,34,72,83
All,SAN DIEGO,2017,110,94,46,76,85
All,SAN DIEGO,2017,311,92,48,80,88
All,SAN DIEGO,2017,183,96,44,77,88
All,SAN DIEGO,2018,158,94,55,82,86
All,SAN DIEGO,2018,363,93,47,79,85
All,SAN DIEGO,2018,219,93,43,74,83
All,SAN DIEGO,2019,142,94,64,85,89
All,SAN DIEGO,2019,302,93,58,82,86
All,SAN DIEGO,2019,226,91,52,80,84
All,SAN DIEGO,2020,151,91,58,75,81
All,SAN DIEGO,2020,335,91,53,81,85
All,SAN DIEGO,2020,261,95,56,77,85
All,SAN DIEGO,2021,116,91,55,79,84
All,SAN DIEGO,2021,317,92,55,79,85
All,SAN DIEGO,2021,254,96,57,79,86
All,SAN DIEGO,2022,135,94,60,81,
All,SAN DIEGO,2022,285,95,60,81,
All,SAN DIEGO,2022,215,97,53,84,
All,SAN DIEGO,2023,94,96,63,,
All,SAN DIEGO,2023,268,98,65,,
All,SAN DIEGO,2023,218,94,62,,
All,SAN DIEGO,2024,85,94,,,
All,SAN DIEGO,2024,275,95,,,
All,SAN DIEGO,2024,212,96,,,
All,SAN FRANCISCO,1999,165,94,47,83,88
All,SAN FRANCISCO,2000,239,91,51,84,88
All,SAN FRANCISCO,2001,217,97,43,82,92
All,SAN FRANCISCO,2002,267,93,52,85,90
All,SAN FRANCISCO,2003,277,96,60,88,94
All,SAN FRANCISCO,2004,290,96,63,89,91
All,SAN FRANCISCO,2005,307,95,60,86,93
All,SAN FRANCISCO,2006,236,94,61,84,90
All,SAN FRANCISCO,2007,298,94,51,85,92
All,SAN FRANCISCO,2008,294,96,51,86,89
All,SAN FRANCISCO,2009,317,96,62,89,92
All,SAN FRANCISCO,2010,411,94,60,88,93
All,SAN FRANCISCO,2011,392,96,62,89,94
All,SAN FRANCISCO,2012,369,93,57,87,92
All,SAN FRANCISCO,2013,351,95,63,89,92
All,SAN FRANCISCO,2014,397,93,62,88,91
All,SAN FRANCISCO,2015,286,95,62,88,93
All,SAN FRANCISCO,2016,290,98,59,89,94
All,SAN FRANCISCO,2017,283,95,61,89,93
All,SAN FRANCISCO,2018,320,94,61,89,93
All,SAN FRANCISCO,2019,330,96,65,89,93
All,SAN FRANCISCO,2020,364,95,64,90,92
All,SAN FRANCISCO,2021,324,93,64,85,89
All,SAN FRANCISCO,2022,293,94,59,88,
All,SAN FRANCISCO,2023,309,98,66,,
All,SAN FRANCISCO,2024,268,98,,,
All,SAN JACINTO,1999,52,75,46,60,73
All,SAN JACINTO,2000,60,85,42,63,70
All,SAN JACINTO,2001,68,90,44,68,75
All,SAN JACINTO,2002,48,83,50,67,73
All,SAN JACINTO,2003,78,87,49,74,82
All,SAN JACINTO,2004,70,86,43,71,74
All,SAN JACINTO,2005,81,90,49,70,80
All,SAN JACINTO,2006,78,85,40,68,74
All,SAN JACINTO,2007,90,88,44,80,86
All,SAN JACINTO,2008,99,89,44,75,81
All,SAN JACINTO,2009,108,87,49,82,84
All,SAN JACINTO,2010,128,86,42,75,82
All,SAN JACINTO,2011,126,90,43,75,78
All,SAN JACINTO,2012,150,90,48,77,81
All,SAN JACINTO,2013,134,93,54,83,88
All,SAN JACINTO,2014,130,91,49,77,83
All,SAN JACINTO,2015,138,89,55,80,82
All,SAN JACINTO,2016,180,89,48,75,82
All,SAN JACINTO,2017,203,91,55,79,84
All,SAN JACINTO,2018,199,89,54,81,83
All,SAN JACINTO,2019,212,90,58,82,83
All,SAN JACINTO,2020,244,88,52,74,78
All,SAN JACINTO,2021,215,87,56,78,81
All,SAN JACINTO,2022,192,92,64,79,
All,SAN JACINTO,2023,226,92,62,,
All,SAN JACINTO,2024,233,93,,,
All,SAN JOSE,1999,18,89,33,72,83
All,SAN JOSE,1999,22,86,32,68,82
All,SAN JOSE,2000,22,86,27,59,77
All,SAN JOSE,2000,21,86,19,67,71
All,SAN JOSE,2001,23,83,39,70,74
All,SAN JOSE,2001,25,84,24,60,72
All,SAN JOSE,2002,25,100,52,72,84
All,SAN JOSE,2002,17,88,24,65,76
All,SAN JOSE,2003,30,90,43,70,80
All,SAN JOSE,2003,20,90,60,75,80
All,SAN JOSE,2004,20,90,55,75,80
All,SAN JOSE,2004,26,88,31,62,81
All,SAN JOSE,2005,45,91,44,76,80
All,SAN JOSE,2005,26,88,62,85,88
All,SAN JOSE,2006,39,90,46,79,82
All,SAN JOSE,2006,22,91,41,82,82
All,SAN JOSE,2007,39,90,54,85,90
All,SAN JOSE,2007,21,90,33,57,71
All,SAN JOSE,2008,46,83,43,78,85
All,SAN JOSE,2008,29,90,55,76,83
All,SAN JOSE,2009,42,86,55,74,81
All,SAN JOSE,2009,35,94,37,63,74
All,SAN JOSE,2010,44,95,48,77,84
All,SAN JOSE,2010,31,97,39,87,90
All,SAN JOSE,2011,53,94,53,87,91
All,SAN JOSE,2011,50,84,44,72,82
All,SAN JOSE,2012,60,93,37,75,78
All,SAN JOSE,2012,34,97,53,88,91
All,SAN JOSE,2013,48,90,50,81,85
All,SAN JOSE,2013,47,85,51,81,89
All,SAN JOSE,2014,43,98,53,84,84
All,SAN JOSE,2014,43,88,42,77,79
All,SAN JOSE,2015,44,91,41,80,80
All,SAN JOSE,2015,40,90,58,80,80
All,SAN JOSE,2016,57,88,54,79,84
All,SAN JOSE,2016,52,98,56,83,83
All,SAN JOSE,2017,45,84,47,84,91
All,SAN JOSE,2017,46,91,46,74,83
All,SAN JOSE,2018,69,94,71,87,88
All,SAN JOSE,2018,60,97,52,83,87
All,SAN JOSE,2019,71,85,59,76,80
All,SAN JOSE,2019,54,91,57,74,83
All,SAN JOSE,2020,86,93,50,84,90
All,SAN JOSE,2020,62,82,55,71,77
All,SAN JOSE,2021,72,86,56,83,85
All,SAN JOSE,2021,56,91,63,79,88
All,SAN JOSE,2022,70,89,51,79,
All,SAN JOSE,2022,48,92,56,81,
All,SAN JOSE,2023,75,95,73,,
All,SAN JOSE,2023,50,92,60,,
All,SAN JOSE,2024,81,96,,,
All,SAN JOSE,2024,56,95,,,
All,SAN LUIS OBISPO,1999,48,96,46,77,90
All,SAN LUIS OBISPO,2000,47,87,36,70,77
All,SAN LUIS OBISPO,2001,40,90,45,73,80
All,SAN LUIS OBISPO,2002,55,87,51,75,80
All,SAN LUIS OBISPO,2003,51,94,65,82,90
All,SAN LUIS OBISPO,2004,53,94,51,85,91
All,SAN LUIS OBISPO,2005,61,95,57,84,89
All,SAN LUIS OBISPO,2006,58,90,47,78,84
All,SAN LUIS OBISPO,2007,47,91,57,83,91
All,SAN LUIS OBISPO,2008,60,92,55,77,82
All,SAN LUIS OBISPO,2009,84,95,71,90,93
All,SAN LUIS OBISPO,2010,107,94,64,90,91
All,SAN LUIS OBISPO,2011,87,93,61,89,91
All,SAN LUIS OBISPO,2012,84,94,54,83,87
All,SAN LUIS OBISPO,2013,82,93,67,90,93
All,SAN LUIS OBISPO,2014,49,96,65,92,92
All,SAN LUIS OBISPO,2015,82,93,66,91,91
All,SAN LUIS OBISPO,2016,76,95,66,79,89
All,SAN LUIS OBISPO,2017,76,93,64,92,95
All,SAN LUIS OBISPO,2018,90,90,54,80,87
All,SAN LUIS OBISPO,2019,90,87,57,86,89
All,SAN LUIS OBISPO,2020,99,89,65,84,88
All,SAN LUIS OBISPO,2021,108,96,63,86,89
All,SAN LUIS OBISPO,2022,62,94,71,87,
All,SAN LUIS OBISPO,2023,82,91,67,,
All,SAN LUIS OBISPO,2024,99,96,,,
All,SAN MARCOS,1999,112,88,38,71,83
All,SAN MARCOS,2000,127,95,39,79,87
All,SAN MARCOS,2001,132,91,36,70,81
All,SAN MARCOS,2002,154,92,38,78,84
All,SAN MARCOS,2003,165,88,45,72,80
All,SAN MARCOS,2004,159,92,42,75,84
All,SAN MARCOS,2005,149,92,53,80,84
All,SAN MARCOS,2006,165,95,45,78,86
All,SAN MARCOS,2007,159,86,40,76,83
All,SAN MARCOS,2008,156,92,36,72,83
All,SAN MARCOS,2009,153,92,49,74,83
All,SAN MARCOS,2010,231,92,45,74,84
All,SAN MARCOS,2011,268,92,42,79,87
All,SAN MARCOS,2012,256,96,43,78,87
All,SAN MARCOS,2013,194,94,43,80,88
All,SAN MARCOS,2014,197,93,46,83,90
All,SAN MARCOS,2015,175,97,51,87,91
All,SAN MARCOS,2016,205,94,50,78,87
All,SAN MARCOS,2017,169,99,55,90,96
All,SAN MARCOS,2018,216,94,60,86,89
All,SAN MARCOS,2019,239,95,67,90,92
All,SAN MARCOS,2020,203,88,55,85,87
All,SAN MARCOS,2021,249,92,63,86,90
All,SAN MARCOS,2022,231,96,68,86,
All,SAN MARCOS,2023,201,96,73,,
All,SAN MARCOS,2024,215,96,,,
All,SAN MATEO,1999,87,91,44,78,89
All,SAN MATEO,2000,163,93,46,80,87
All,SAN MATEO,2001,184,95,40,80,89
All,SAN MATEO,2002,161,97,52,82,89
All,SAN MATEO,2003,111,92,51,83,86
All,SAN MATEO,2004,143,94,52,81,88
All,SAN MATEO,2005,149,95,54,85,90
All,SAN MATEO,2006,125,93,46,82,88
All,SAN MATEO,2007,124,90,56,81,84
All,SAN MATEO,2008,123,94,51,83,89
All,SAN MATEO,2009,133,95,65,89,93
All,SAN MATEO,2010,140,94,54,86,87
All,SAN MATEO,2011,132,96,57,84,91
All,SAN MATEO,2012,144,93,64,87,92
All,SAN MATEO,2013,130,93,58,82,87
All,SAN MATEO,2014,164,96,49,88,90
All,SAN MATEO,2015,162,94,57,91,92
All,SAN MATEO,2016,205,93,61,86,89
All,SAN MATEO,2017,247,94,60,90,92
All,SAN MATEO,2018,264,95,69,89,92
All,SAN MATEO,2019,260,90,69,90,92
All,SAN MATEO,2020,275,89,62,83,89
All,SAN MATEO,2021,277,92,65,86,90
All,SAN MATEO,2022,240,95,65,88,
All,SAN MATEO,2023,227,96,73,,
All,SAN MATEO,2024,240,97,,,
All,SAN PABLO,1999,35,80,29,63,74
All,SAN PABLO,2000,38,87,39,74,82
All,SAN PABLO,2001,37,92,32,65,68
All,SAN PABLO,2002,43,88,40,77,84
All,SAN PABLO,2003,53,89,34,75,79
All,SAN PABLO,2004,50,94,42,78,88
All,SAN PABLO,2005,47,85,49,77,79
All,SAN PABLO,2006,55,89,38,71,82
All,SAN PABLO,2007,65,82,35,68,72
All,SAN PABLO,2008,58,88,36,60,67
All,SAN PABLO,2009,63,90,38,75,81
All,SAN PABLO,2010,75,93,44,83,89
All,SAN PABLO,2011,69,88,39,77,84
All,SAN PABLO,2012,73,86,49,79,88
All,SAN PABLO,2013,66,91,55,82,88
All,SAN PABLO,2014,72,83,43,72,81
All,SAN PABLO,2015,74,92,50,78,86
All,SAN PABLO,2016,104,89,58,80,85
All,SAN PABLO,2017,68,91,47,79,85
All,SAN PABLO,2018,84,90,52,83,90
All,SAN PABLO,2019,107,94,64,87,92
All,SAN PABLO,2020,82,91,51,80,85
All,SAN PABLO,2021,73,93,63,88,92
All,SAN PABLO,2022,62,90,50,73,
All,SAN PABLO,2023,57,100,75,,
All,SAN PABLO,2024,56,86,,,
All,SANTA ANA,1999,79,91,41,71,78
All,SANTA ANA,2000,105,93,33,69,80
All,SANTA ANA,2001,88,89,33,70,81
All,SANTA ANA,2002,89,92,33,80,83
All,SANTA ANA,2003,86,88,35,72,78
All,SANTA ANA,2004,77,95,45,79,83
All,SANTA ANA,2005,95,89,47,77,80
All,SANTA ANA,2006,80,93,43,79,81
All,SANTA ANA,2007,72,85,50,69,76
All,SANTA ANA,2008,82,89,38,77,85
All,SANTA ANA,2009,92,83,42,73,75
All,SANTA ANA,2010,97,93,48,84,86
All,SANTA ANA,2011,103,90,49,80,82
All,SANTA ANA,2012,79,97,57,94,97
All,SANTA ANA,2013,97,95,40,85,91
All,SANTA ANA,2014,108,89,38,77,81
All,SANTA ANA,2015,102,89,43,74,77
All,SANTA ANA,2016,119,92,41,78,85
All,SANTA ANA,2017,155,88,42,76,83
All,SANTA ANA,2018,127,90,51,83,87
All,SANTA ANA,2019,122,94,56,81,86
All,SANTA ANA,2020,123,93,55,82,89
All,SANTA ANA,2021,117,98,65,88,94
All,SANTA ANA,2022,91,92,57,79,
All,SANTA ANA,2023,87,93,68,,
All,SANTA ANA,2024,104,90,,,
All,SANTA BARBARA,1999,314,92,50,76,84
All,SANTA BARBARA,2000,358,91,59,79,86
All,SANTA BARBARA,2001,391,90,52,78,84
All,SANTA BARBARA,2002,391,90,54,79,85
All,SANTA BARBARA,2003,436,91,63,85,89
All,SANTA BARBARA,2004,437,89,62,82,86
All,SANTA BARBARA,2005,473,90,60,84,86
All,SANTA BARBARA,2006,448,91,63,81,85
All,SANTA BARBARA,2007,438,93,63,85,88
All,SANTA BARBARA,2008,528,91,67,84,87
All,SANTA BARBARA,2009,585,93,69,86,89
All,SANTA BARBARA,2010,656,95,71,90,93
All,SANTA BARBARA,2011,567,91,72,88,90
All,SANTA BARBARA,2012,517,96,73,90,92
All,SANTA BARBARA,2013,516,93,66,90,93
All,SANTA BARBARA,2014,565,92,71,87,90
All,SANTA BARBARA,2015,561,93,71,86,90
All,SANTA BARBARA,2016,712,93,69,88,92
All,SANTA BARBARA,2017,647,92,68,86,88
All,SANTA BARBARA,2018,697,94,71,87,90
All,SANTA BARBARA,2019,703,92,67,87,90
All,SANTA BARBARA,2020,799,91,65,86,89
All,SANTA BARBARA,2021,686,94,73,90,91
All,SANTA BARBARA,2022,712,96,72,89,
All,SANTA BARBARA,2023,805,96,73,,
All,SANTA BARBARA,2024,786,97,,,
All,SANTA CLARA,1999,16,94,25,63,81
All,SANTA CLARA,2000,22,91,32,55,73
All,SANTA CLARA,2001,26,88,50,77,81
All,SANTA CLARA,2002,22,95,41,59,77
All,SANTA CLARA,2003,27,93,37,67,74
All,SANTA CLARA,2004,27,85,41,78,85
All,SANTA CLARA,2005,32,94,56,84,91
All,SANTA CLARA,2006,39,92,49,85,90
All,SANTA CLARA,2007,26,92,50,92,96
All,SANTA CLARA,2008,30,100,50,83,90
All,SANTA CLARA,2009,33,91,33,79,88
All,SANTA CLARA,2010,40,80,28,60,75
All,SANTA CLARA,2011,32,91,47,75,84
All,SANTA CLARA,2012,46,96,65,91,91
All,SANTA CLARA,2013,63,92,44,79,84
All,SANTA CLARA,2014,81,91,43,83,85
All,SANTA CLARA,2015,38,97,58,89,95
All,SANTA CLARA,2016,68,96,57,84,93
All,SANTA CLARA,2017,63,89,43,76,86
All,SANTA CLARA,2018,66,89,52,83,85
All,SANTA CLARA,2019,60,92,52,80,85
All,SANTA CLARA,2020,70,89,54,89,89
All,SANTA CLARA,2021,79,92,63,87,92
All,SANTA CLARA,2022,76,95,62,92,
All,SANTA CLARA,2023,60,93,58,,
All,SANTA CLARA,2024,66,97,,,
All,SANTA MARIA,1999,42,90,43,79,81
All,SANTA MARIA,2000,50,88,48,70,78
All,SANTA MARIA,2001,50,88,42,76,80
All,SANTA MARIA,2002,47,91,47,72,79
All,SANTA MARIA,2003,61,87,39,77,82
All,SANTA MARIA,2004,67,82,42,69,73
All,SANTA MARIA,2005,65,94,42,83,91
All,SANTA MARIA,2006,58,84,55,81,84
All,SANTA MARIA,2007,70,81,44,66,71
All,SANTA MARIA,2008,68,88,35,63,68
All,SANTA MARIA,2009,75,81,49,73,79
All,SANTA MARIA,2010,58,88,52,81,81
All,SANTA MARIA,2011,66,95,61,89,94
All,SANTA MARIA,2012,86,90,50,77,80
All,SANTA MARIA,2013,70,90,63,77,89
All,SANTA MARIA,2014,66,95,59,86,86
All,SANTA MARIA,2015,58,90,60,90,90
All,SANTA MARIA,2016,75,96,60,84,88
All,SANTA MARIA,2017,62,90,56,82,84
All,SANTA MARIA,2018,76,89,55,80,84
All,SANTA MARIA,2019,69,93,61,83,88
All,SANTA MARIA,2020,73,88,56,70,73
All,SANTA MARIA,2021,67,93,66,90,91
All,SANTA MARIA,2022,53,94,66,85,
All,SANTA MARIA,2023,62,94,66,,
All,SANTA MARIA,2024,80,94,,,
All,SANTA MONICA,1999,421,93,43,79,85
All,SANTA MONICA,2000,549,94,43,79,88
All,SANTA MONICA,2001,691,93,44,75,83
All,SANTA MONICA,2002,667,92,52,82,90
All,SANTA MONICA,2003,847,92,52,82,88
All,SANTA MONICA,2004,925,92,55,83,88
All,SANTA MONICA,2005,868,90,52,79,85
All,SANTA MONICA,2006,932,93,53,82,88
All,SANTA MONICA,2007,891,93,54,82,88
All,SANTA MONICA,2008,878,91,57,82,87
All,SANTA MONICA,2009,991,91,59,83,88
All,SANTA MONICA,2010,979,92,60,84,88
All,SANTA MONICA,2011,1042,89,58,81,85
All,SANTA MONICA,2012,1036,92,61,85,89
All,SANTA MONICA,2013,1046,93,59,84,88
All,SANTA MONICA,2014,1079,92,60,85,91
All,SANTA MONICA,2015,1102,93,63,85,89
All,SANTA MONICA,2016,1199,92,60,85,89
All,SANTA MONICA,2017,1289,93,69,87,90
All,SANTA MONICA,2018,1271,93,70,88,90
All,SANTA MONICA,2019,1265,92,69,87,90
All,SANTA MONICA,2020,1186,89,61,82,86
All,SANTA MONICA,2021,1203,93,69,88,91
All,SANTA MONICA,2022,1091,94,68,89,
All,SANTA MONICA,2023,985,94,69,,
All,SANTA MONICA,2024,997,94,,,
All,SANTA ROSA,1999,141,92,44,83,88
All,SANTA ROSA,2000,203,91,49,83,86
All,SANTA ROSA,2001,188,94,58,89,91
All,SANTA ROSA,2002,166,92,54,84,87
All,SANTA ROSA,2003,176,97,60,89,90
All,SANTA ROSA,2004,195,94,64,88,91
All,SANTA ROSA,2005,178,94,60,84,88
All,SANTA ROSA,2006,192,94,61,84,88
All,SANTA ROSA,2007,166,95,64,87,90
All,SANTA ROSA,2008,164,95,63,83,86
All,SANTA ROSA,2009,228,92,64,85,89
All,SANTA ROSA,2010,284,96,67,89,91
All,SANTA ROSA,2011,250,97,62,88,92
All,SANTA ROSA,2012,247,96,62,89,92
All,SANTA ROSA,2013,249,95,60,84,89
All,SANTA ROSA,2014,210,95,57,87,90
All,SANTA ROSA,2015,239,94,63,85,89
All,SANTA ROSA,2016,286,94,64,87,92
All,SANTA ROSA,2017,231,94,65,86,93
All,SANTA ROSA,2018,262,93,68,86,90
All,SANTA ROSA,2019,226,95,64,87,93
All,SANTA ROSA,2020,226,91,59,85,88
All,SANTA ROSA,2021,230,96,71,88,90
All,SANTA ROSA,2022,217,97,77,93,
All,SANTA ROSA,2023,182,97,70,,
All,SANTA ROSA,2024,188,91,,,
All,SARATOGA,1999,72,90,42,72,76
All,SARATOGA,2000,74,92,41,74,84
All,SARATOGA,2001,105,90,41,74,84
All,SARATOGA,2002,96,86,42,73,82
All,SARATOGA,2003,87,91,48,77,83
All,SARATOGA,2004,96,88,41,73,81
All,SARATOGA,2005,88,88,44,69,73
All,SARATOGA,2006,120,93,54,78,87
All,SARATOGA,2007,76,91,51,84,88
All,SARATOGA,2008,90,89,48,77,86
All,SARATOGA,2009,110,95,64,86,90
All,SARATOGA,2010,101,92,52,80,84
All,SARATOGA,2011,98,94,60,84,91
All,SARATOGA,2012,93,91,51,84,86
All,SARATOGA,2013,132,92,45,79,85
All,SARATOGA,2014,130,87,39,74,82
All,SARATOGA,2015,131,95,47,83,87
All,SARATOGA,2016,135,96,54,88,93
All,SARATOGA,2017,134,89,56,81,83
All,SARATOGA,2018,145,92,57,86,88
All,SARATOGA,2019,157,90,65,83,91
All,SARATOGA,2020,152,95,61,88,91
All,SARATOGA,2021,170,95,65,88,91
All,SARATOGA,2022,149,95,67,88,
All,SARATOGA,2023,175,96,64,,
All,SARATOGA,2024,164,95,,,
All,SONORA,1999,12,83,33,67,75
All,SONORA,2000,12,83,67,75,83
All,SONORA,2001,14,93,57,93,93
All,SONORA,2002,23,87,48,83,87
All,SONORA,2003,11,100,45,91,100
All,SONORA,2004,10,70,50,70,70
All,SONORA,2005,10,100,60,90,90
All,SONORA,2006,16,94,56,81,81
All,SONORA,2008,14,100,71,100,100
All,SONORA,2009,15,93,47,87,93
All,SONORA,2010,14,93,50,86,86
All,SONORA,2011,13,100,62,85,92
All,SONORA,2012,18,100,72,83,83
All,SONORA,2013,23,91,52,83,87
All,SONORA,2014,17,82,47,71,88
All,SONORA,2015,19,84,58,79,79
All,SONORA,2016,16,100,50,94,100
All,SONORA,2017,11,100,64,91,100
All,SONORA,2018,17,88,71,82,88
All,SONORA,2019,10,100,50,80,80
All,SONORA,2020,19,79,47,79,79
All,SONORA,2021,17,82,41,71,76
All,SONORA,2023,17,94,59,,
All,SONORA,2024,15,100,,,
All,SOUTH LAKE TAHOE,1999,20,90,65,85,85
All,SOUTH LAKE TAHOE,2000,21,90,52,76,86
All,SOUTH LAKE TAHOE,2001,20,90,45,70,80
All,SOUTH LAKE TAHOE,2002,25,84,40,68,68
All,SOUTH LAKE TAHOE,2003,16,81,56,75,75
All,SOUTH LAKE TAHOE,2004,26,77,50,73,77
All,SOUTH LAKE TAHOE,2005,18,94,50,72,78
All,SOUTH LAKE TAHOE,2006,13,85,54,85,92
All,SOUTH LAKE TAHOE,2007,14,93,57,79,100
All,SOUTH LAKE TAHOE,2008,13,77,23,77,77
All,SOUTH LAKE TAHOE,2009,28,82,32,57,71
All,SOUTH LAKE TAHOE,2010,22,73,36,68,68
All,SOUTH LAKE TAHOE,2011,21,95,57,86,95
All,SOUTH LAKE TAHOE,2012,11,91,45,73,91
All,SOUTH LAKE TAHOE,2013,10,70,30,90,90
All,SOUTH LAKE TAHOE,2014,20,95,60,85,95
All,SOUTH LAKE TAHOE,2015,22,95,45,77,82
All,SOUTH LAKE TAHOE,2016,20,95,65,85,90
All,SOUTH LAKE TAHOE,2017,18,83,56,72,89
All,SOUTH LAKE TAHOE,2018,28,86,64,82,89
All,SOUTH LAKE TAHOE,2019,23,83,57,74,78
All,SOUTH LAKE TAHOE,2020,37,84,54,70,73
All,SOUTH LAKE TAHOE,2021,19,89,53,79,84
All,SOUTH LAKE TAHOE,2022,18,94,56,83,
All,SOUTH LAKE TAHOE,2023,17,76,35,,
All,SOUTH LAKE TAHOE,2024,21,95,,,
All,STOCKTON,1999,65,91,43,75,85
All,STOCKTON,2000,87,86,43,78,83
All,STOCKTON,2001,91,84,31,68,77
All,STOCKTON,2002,83,92,51,84,86
All,STOCKTON,2003,74,93,42,78,84
All,STOCKTON,2004,93,90,45,76,86
All,STOCKTON,2005,67,84,45,75,78
All,STOCKTON,2006,96,95,46,75,84
All,STOCKTON,2007,95,89,33,67,75
All,STOCKTON,2008,73,85,51,75,79
All,STOCKTON,2009,90,94,50,79,86
All,STOCKTON,2010,111,88,50,79,85
All,STOCKTON,2011,105,93,49,76,83
All,STOCKTON,2012,108,94,39,84,88
All,STOCKTON,2013,99,89,52,85,87
All,STOCKTON,2014,90,86,47,80,87
All,STOCKTON,2015,99,89,52,79,84
All,STOCKTON,2016,125,94,52,84,89
All,STOCKTON,2017,97,93,44,82,85
All,STOCKTON,2018,97,94,51,89,91
All,STOCKTON,2019,97,92,54,86,90
All,STOCKTON,2020,102,89,50,76,84
All,STOCKTON,2021,115,90,55,75,83
All,STOCKTON,2022,117,91,64,79,
All,STOCKTON,2023,91,96,64,,
All,STOCKTON,2024,78,92,,,
All,SYLMAR,2000,11,100,45,82,100
All,SYLMAR,2001,14,100,50,79,79
All,SYLMAR,2002,11,100,36,73,91
All,SYLMAR,2003,29,69,34,59,66
All,SYLMAR,2004,19,79,42,74,79
All,SYLMAR,2005,27,96,30,67,81
All,SYLMAR,2006,22,82,32,50,68
All,SYLMAR,2007,26,85,42,69,73
All,SYLMAR,2008,26,88,50,81,85
All,SYLMAR,2009,18,83,17,56,78
All,SYLMAR,2010,24,100,42,79,83
All,SYLMAR,2011,34,94,50,91,94
All,SYLMAR,2012,32,97,69,91,94
All,SYLMAR,2013,34,97,59,85,91
All,SYLMAR,2014,38,97,50,82,89
All,SYLMAR,2015,30,97,60,90,93
All,SYLMAR,2016,44,98,52,86,86
All,SYLMAR,2017,40,90,55,75,78
All,SYLMAR,2018,37,97,73,89,92
All,SYLMAR,2019,41,95,63,93,98
All,SYLMAR,2020,42,88,50,64,69
All,SYLMAR,2021,37,92,65,81,86
All,SYLMAR,2022,34,91,71,88,
All,SYLMAR,2023,20,90,55,,
All,SYLMAR,2024,33,85,,,
All,TAFT,2014,10,90,60,90,90
All,TAFT,2017,10,90,20,80,90
All,TAFT,2019,12,100,67,92,100
All,TORRANCE,1999,149,91,35,69,78
All,TORRANCE,2000,192,91,37,72,80
All,TORRANCE,2001,221,91,40,74,85
All,TORRANCE,2002,191,88,36,74,81
All,TORRANCE,2003,271,93,52,77,85
All,TORRANCE,2004,263,94,55,81,84
All,TORRANCE,2005,283,92,51,79,85
All,TORRANCE,2006,249,92,46,81,86
All,TORRANCE,2007,294,93,49,82,89
All,TORRANCE,2008,279,91,53,77,85
All,TORRANCE,2009,355,93,54,79,85
All,TORRANCE,2010,370,92,49,83,88
All,TORRANCE,2011,350,94,54,85,89
All,TORRANCE,2012,333,94,60,85,88
All,TORRANCE,2013,379,94,59,88,91
All,TORRANCE,2014,323,93,59,86,91
All,TORRANCE,2015,340,96,59,85,88
All,TORRANCE,2016,383,94,58,86,89
All,TORRANCE,2017,392,94,64,89,92
All,TORRANCE,2018,388,94,61,88,91
All,TORRANCE,2019,428,91,61,85,89
All,TORRANCE,2020,389,92,60,82,87
All,TORRANCE,2021,435,93,68,85,89
All,TORRANCE,2022,425,93,68,87,
All,TORRANCE,2023,387,94,71,,
All,TORRANCE,2024,423,98,,,
All,UKIAH,2001,23,100,57,91,96
All,UKIAH,2002,13,85,54,77,85
All,UKIAH,2003,17,94,29,65,82
All,UKIAH,2004,18,83,22,44,61
All,UKIAH,2005,12,83,42,50,67
All,UKIAH,2007,17,76,53,53,71
All,UKIAH,2008,14,79,43,79,79
All,UKIAH,2009,12,92,33,75,83
All,UKIAH,2011,11,82,55,64,64
All,UKIAH,2012,15,80,27,73,80
All,UKIAH,2013,17,82,29,53,65
All,UKIAH,2014,17,82,59,82,82
All,UKIAH,2015,11,91,18,73,91
All,UKIAH,2016,11,82,36,73,73
All,UKIAH,2017,14,79,43,64,86
All,UKIAH,2018,17,88,47,82,88
All,UKIAH,2019,16,94,69,88,88
All,UKIAH,2020,18,94,44,89,100
All,UKIAH,2021,10,90,60,80,80
All,UKIAH,2022,12,92,50,83,
All,UKIAH,2023,18,78,56,,
All,UKIAH,2024,11,91,,,
All,VALENCIA,1999,56,88,38,86,89
All,VALENCIA,2000,81,90,40,81,88
All,VALENCIA,2001,100,91,59,85,88
All,VALENCIA,2002,97,89,45,77,85
All,VALENCIA,2003,117,92,50,85,85
All,VALENCIA,2004,124,94,57,85,92
All,VALENCIA,2005,128,95,63,80,86
All,VALENCIA,2006,150,95,59,84,89
All,VALENCIA,2007,143,93,57,78,84
All,VALENCIA,2008,138,89,52,80,82
All,VALENCIA,2009,151,98,56,87,93
All,VALENCIA,2010,195,93,60,84,90
All,VALENCIA,2011,196,92,56,85,90
All,VALENCIA,2012,168,98,61,85,89
All,VALENCIA,2013,164,95,61,85,89
All,VALENCIA,2014,178,93,60,87,90
All,VALENCIA,2015,200,94,62,84,86
All,VALENCIA,2016,258,93,60,84,88
All,VALENCIA,2017,245,92,62,84,87
All,VALENCIA,2018,268,93,63,86,90
All,VALENCIA,2019,268,94,65,89,92
All,VALENCIA,2020,259,93,62,89,92
All,VALENCIA,2021,275,95,67,86,90
All,VALENCIA,2022,286,95,74,90,
All,VALENCIA,2023,253,97,69,,
All,VALENCIA,2024,246,93,,,
All,VAN NUYS,1999,83,98,37,82,89
All,VAN NUYS,2000,100,93,39,70,83
All,VAN NUYS,2001,114,89,45,77,86
All,VAN NUYS,2002,122,89,39,73,81
All,VAN NUYS,2003,140,93,49,80,86
All,VAN NUYS,2004,172,93,47,79,84
All,VAN NUYS,2005,172,92,51,78,84
All,VAN NUYS,2006,164,97,57,85,91
All,VAN NUYS,2007,165,95,57,87,90
All,VAN NUYS,2008,131,94,61,87,91
All,VAN NUYS,2009,137,93,55,85,89
All,VAN NUYS,2010,136,93,54,80,87
All,VAN NUYS,2011,148,93,49,76,82
All,VAN NUYS,2012,141,96,54,89,90
All,VAN NUYS,2013,135,96,55,86,88
All,VAN NUYS,2014,158,96,63,89,92
All,VAN NUYS,2015,142,92,51,83,89
All,VAN NUYS,2016,153,95,65,86,89
All,VAN NUYS,2017,165,93,58,79,84
All,VAN NUYS,2018,191,94,61,86,90
All,VAN NUYS,2019,148,93,63,86,91
All,VAN NUYS,2020,195,95,66,86,89
All,VAN NUYS,2021,151,94,74,85,89
All,VAN NUYS,2022,143,96,71,90,
All,VAN NUYS,2023,155,94,71,,
All,VAN NUYS,2024,143,93,,,
All,VENTURA,1999,93,86,33,67,81
All,VENTURA,2000,106,86,44,77,81
All,VENTURA,2001,118,82,36,66,78
All,VENTURA,2002,136,88,42,74,79
All,VENTURA,2003,129,95,61,84,89
All,VENTURA,2004,138,86,43,74,79
All,VENTURA,2005,120,85,45,72,78
All,VENTURA,2006,127,87,36,69,76
All,VENTURA,2007,112,86,45,69,78
All,VENTURA,2008,94,82,37,69,74
All,VENTURA,2009,135,87,42,70,76
All,VENTURA,2010,144,87,53,78,79
All,VENTURA,2011,120,84,48,74,78
All,VENTURA,2012,122,86,48,77,83
All,VENTURA,2013,118,91,53,81,86
All,VENTURA,2014,122,90,48,79,83
All,VENTURA,2015,118,91,59,84,88
All,VENTURA,2016,113,95,51,80,86
All,VENTURA,2017,134,89,56,75,81
All,VENTURA,2018,139,87,56,80,83
All,VENTURA,2019,138,87,50,80,83
All,VENTURA,2020,135,91,57,76,80
All,VENTURA,2021,151,86,50,75,79
All,VENTURA,2022,134,90,65,84,
All,VENTURA,2023,135,94,59,,
All,VENTURA,2024,132,89,,,
All,VICTORVILLE,1999,26,77,35,65,73
All,VICTORVILLE,2000,32,75,41,66,69
All,VICTORVILLE,2001,21,95,33,67,86
All,VICTORVILLE,2002,26,88,42,69,77
All,VICTORVILLE,2003,26,85,31,69,77
All,VICTORVILLE,2004,21,90,43,86,90
All,VICTORVILLE,2005,25,84,48,80,88
All,VICTORVILLE,2006,23,74,57,65,65
All,VICTORVILLE,2007,36,89,25,56,67
All,VICTORVILLE,2008,26,73,42,65,73
All,VICTORVILLE,2009,36,83,33,69,72
All,VICTORVILLE,2010,38,92,47,68,76
All,VICTORVILLE,2011,50,90,52,80,86
All,VICTORVILLE,2012,42,88,36,79,83
All,VICTORVILLE,2013,53,94,36,70,77
All,VICTORVILLE,2014,35,91,54,83,89
All,VICTORVILLE,2015,43,84,42,72,74
All,VICTORVILLE,2016,47,89,51,83,85
All,VICTORVILLE,2017,45,82,38,71,76
All,VICTORVILLE,2018,49,88,43,67,73
All,VICTORVILLE,2019,61,89,57,82,82
All,VICTORVILLE,2020,67,78,40,63,70
All,VICTORVILLE,2021,62,90,45,74,79
All,VICTORVILLE,2022,34,94,68,82,
All,VICTORVILLE,2023,50,86,46,,
All,VICTORVILLE,2024,70,90,,,
All,VISALIA,1999,39,87,54,72,82
All,VISALIA,2000,35,86,51,80,86
All,VISALIA,2001,41,85,37,68,80
All,VISALIA,2002,40,93,65,88,90
All,VISALIA,2003,21,100,62,86,90
All,VISALIA,2004,28,75,21,57,64
All,VISALIA,2005,37,95,46,73,76
All,VISALIA,2006,18,83,39,67,67
All,VISALIA,2007,30,93,37,63,73
All,VISALIA,2008,35,91,57,80,86
All,VISALIA,2009,23,96,52,83,87
All,VISALIA,2010,37,95,49,84,84
All,VISALIA,2011,49,82,47,76,82
All,VISALIA,2012,43,88,44,84,88
All,VISALIA,2013,40,98,53,75,80
All,VISALIA,2014,45,89,51,80,80
All,VISALIA,2015,44,86,52,86,89
All,VISALIA,2016,34,88,50,68,74
All,VISALIA,2017,37,95,68,89,92
All,VISALIA,2018,56,86,48,77,80
All,VISALIA,2019,58,88,48,81,83
All,VISALIA,2020,40,88,43,73,83
All,VISALIA,2021,35,100,66,83,91
All,VISALIA,2022,30,87,60,80,
All,VISALIA,2023,45,96,62,,
All,VISALIA,2024,62,94,,,
All,WALNUT,1999,146,95,37,82,85
All,WALNUT,2000,189,93,37,74,85
All,WALNUT,2001,203,95,48,83,88
All,WALNUT,2002,262,93,50,79,86
All,WALNUT,2003,285,93,49,81,87
All,WALNUT,2004,305,94,56,79,87
All,WALNUT,2005,277,94,54,83,88
All,WALNUT,2006,293,94,53,80,87
All,WALNUT,2007,254,91,49,81,86
All,WALNUT,2008,287,94,47,78,85
All,WALNUT,2009,296,94,51,79,84
All,WALNUT,2010,387,94,55,84,87
All,WALNUT,2011,421,95,57,83,88
All,WALNUT,2012,392,93,56,86,90
All,WALNUT,2013,415,93,58,86,89
All,WALNUT,2014,402,96,54,86,90
All,WALNUT,2015,412,93,57,88,91
All,WALNUT,2016,402,91,58,84,88
All,WALNUT,2017,496,92,60,85,90
All,WALNUT,2018,484,92,59,87,91
All,WALNUT,2019,487,94,68,85,89
All,WALNUT,2020,504,92,56,84,87
All,WALNUT,2021,560,93,64,86,89
All,WALNUT,2022,484,93,63,85,
All,WALNUT,2023,488,94,66,,
All,WALNUT,2024,493,94,,,
All,WEED,2004,10,100,30,70,80
All,WHITTIER,1999,38,89,39,76,92
All,WHITTIER,2000,38,95,34,68,76
All,WHITTIER,2001,45,84,44,76,80
All,WHITTIER,2002,61,87,33,69,79
All,WHITTIER,2003,35,77,49,71,74
All,WHITTIER,2004,71,96,38,79,82
All,WHITTIER,2005,77,88,48,77,78
All,WHITTIER,2006,56,88,36,71,80
All,WHITTIER,2007,52,75,27,56,63
All,WHITTIER,2008,78,90,42,76,82
All,WHITTIER,2009,60,93,48,82,87
All,WHITTIER,2010,66,92,48,76,80
All,WHITTIER,2011,56,96,54,84,89
All,WHITTIER,2012,88,95,51,84,89
All,WHITTIER,2013,84,94,52,80,85
All,WHITTIER,2014,79,89,59,77,80
All,WHITTIER,2015,74,96,59,86,93
All,WHITTIER,2016,78,92,55,83,86
All,WHITTIER,2017,97,84,51,76,79
All,WHITTIER,2018,110,91,62,86,87
All,WHITTIER,2019,110,95,63,83,87
All,WHITTIER,2020,108,90,56,76,82
All,WHITTIER,2021,87,87,44,74,83
All,WHITTIER,2022,77,91,55,79,
All,WHITTIER,2023,79,89,65,,
All,WHITTIER,2024,54,91,,,
All,WILMINGTON,1999,19,95,58,84,84
All,WILMINGTON,2000,24,88,46,71,75
All,WILMINGTON,2001,26,100,27,81,92
All,WILMINGTON,2002,37,86,43,73,76
All,WILMINGTON,2003,30,83,47,67,73
All,WILMINGTON,2004,35,89,49,77,86
All,WILMINGTON,2005,35,89,51,77,77
All,WILMINGTON,2006,42,93,33,71,76
All,WILMINGTON,2007,42,76,40,60,67
All,WILMINGTON,2008,30,80,33,67,70
All,WILMINGTON,2009,44,84,36,70,80
All,WILMINGTON,2010,31,87,48,74,84
All,WILMINGTON,2011,39,85,38,69,77
All,WILMINGTON,2012,46,89,37,78,83
All,WILMINGTON,2013,41,98,49,78,85
All,WILMINGTON,2014,49,96,59,84,88
All,WILMINGTON,2015,50,88,46,80,82
All,WILMINGTON,2016,64,91,48,80,83
All,WILMINGTON,2017,63,92,49,79,81
All,WILMINGTON,2018,57,84,42,74,77
All,WILMINGTON,2019,57,95,51,84,88
All,WILMINGTON,2020,50,94,62,82,88
All,WILMINGTON,2021,57,91,56,75,81
All,WILMINGTON,2022,53,96,62,74,
All,WILMINGTON,2023,43,86,63,,
All,WILMINGTON,2024,43,95,,,
All,WOODLAND,2009,17,88,47,76,82
All,WOODLAND,2010,23,91,52,74,78
All,WOODLAND,2011,25,88,56,72,80
All,WOODLAND,2012,19,95,37,63,74
All,WOODLAND,2013,45,89,42,76,78
All,WOODLAND,2014,52,92,44,75,83
All,WOODLAND,2015,27,85,52,78,81
All,WOODLAND,2016,47,85,36,79,87
All,WOODLAND,2017,34,91,59,79,94
All,WOODLAND,2018,37,95,57,89,95
All,WOODLAND,2019,53,92,43,72,81
All,WOODLAND,2020,65,97,60,89,94
All,WOODLAND,2021,37,97,62,89,92
All,WOODLAND,2022,35,91,46,71,
All,WOODLAND,2023,39,82,49,,
All,WOODLAND,2024,34,91,,,
All,WOODLAND HILLS,1999,113,92,35,69,73
All,WOODLAND HILLS,2000,135,93,47,81,86
All,WOODLAND HILLS,2001,126,91,41,70,83
All,WOODLAND HILLS,2002,176,93,51,78,86
All,WOODLAND HILLS,2003,208,95,53,84,92
All,WOODLAND HILLS,2004,233,95,54,84,91
All,WOODLAND HILLS,2005,235,93,57,85,89
All,WOODLAND HILLS,2006,294,92,46,81,87
All,WOODLAND HILLS,2007,279,91,51,81,88
All,WOODLAND HILLS,2008,273,95,54,84,90
All,WOODLAND HILLS,2009,303,94,54,81,87
All,WOODLAND HILLS,2010,342,96,56,84,90
All,WOODLAND HILLS,2011,318,94,60,87,92
All,WOODLAND HILLS,2012,281,93,59,85,90
All,WOODLAND HILLS,2013,282,94,51,82,89
All,WOODLAND HILLS,2014,258,91,52,84,89
All,WOODLAND HILLS,2015,270,94,62,88,91
All,WOODLAND HILLS,2016,266,93,61,82,86
All,WOODLAND HILLS,2017,309,93,61,83,88
All,WOODLAND HILLS,2018,324,92,65,89,91
All,WOODLAND HILLS,2019,321,95,65,85,88
All,WOODLAND HILLS,2020,383,93,66,84,86
All,WOODLAND HILLS,2021,384,96,71,89,93
All,WOODLAND HILLS,2022,403,95,70,88,
All,WOODLAND HILLS,2023,353,95,69,,
All,WOODLAND HILLS,2024,389,96,,,
All,YUCAIPA,1999,28,79,32,64,75
All,YUCAIPA,2000,31,84,35,58,74
All,YUCAIPA,2001,28,89,54,68,71
All,YUCAIPA,2002,38,89,29,68,76
All,YUCAIPA,2003,34,85,32,71,79
All,YUCAIPA,2004,21,71,33,62,67
All,YUCAIPA,2005,32,91,38,72,81
All,YUCAIPA,2006,26,85,38,65,65
All,YUCAIPA,2007,27,81,33,56,63
All,YUCAIPA,2008,21,95,48,86,86
All,YUCAIPA,2009,38,95,53,79,82
All,YUCAIPA,2010,34,91,65,85,85
All,YUCAIPA,2011,38,95,53,79,87
All,YUCAIPA,2012,34,91,35,74,74
All,YUCAIPA,2013,42,95,40,86,93
All,YUCAIPA,2014,54,89,44,76,83
All,YUCAIPA,2015,52,83,31,65,75
All,YUCAIPA,2016,67,91,52,78,82
All,YUCAIPA,2017,61,90,49,82,85
All,YUCAIPA,2018,49,96,73,88,96
All,YUCAIPA,2019,76,96,64,88,91
All,YUCAIPA,2020,63,89,52,76,79
All,YUCAIPA,2021,71,93,55,83,85
All,YUCAIPA,2022,74,92,68,84,
All,YUCAIPA,2023,71,96,69,,
All,YUCAIPA,2024,70,99,,,
Berkeley,ALAMEDA,1999,25,92,40,68,76
Berkeley,ALAMEDA,2000,19,84,32,68,79
Berkeley,ALAMEDA,2001,20,95,45,70,70
Berkeley,ALAMEDA,2002,34,88,44,74,82
Berkeley,ALAMEDA,2003,15,93,40,67,73
Berkeley,ALAMEDA,2004,18,78,56,78,78
Berkeley,ALAMEDA,2005,22,77,36,91,95
Berkeley,ALAMEDA,2006,17,100,47,76,88
Berkeley,ALAMEDA,2007,16,75,44,81,88
Berkeley,ALAMEDA,2008,17,94,41,71,76
Berkeley,ALAMEDA,2009,15,93,67,87,87
Berkeley,ALAMEDA,2010,15,93,60,87,87
Berkeley,ALAMEDA,2011,13,85,31,77,77
Berkeley,ALAMEDA,2013,15,87,27,93,93
Berkeley,ALAMEDA,2014,13,100,54,77,85
Berkeley,ALAMEDA,2016,14,100,71,93,93
Berkeley,ALAMEDA,2017,17,94,53,88,88
Berkeley,ALAMEDA,2018,13,77,31,92,92
Berkeley,ALAMEDA,2019,25,100,64,88,96
Berkeley,ALAMEDA,2020,15,100,53,93,100
Berkeley,ALAMEDA,2022,16,94,44,75,
Berkeley,ALAMEDA,2023,18,89,56,,
Berkeley,ALAMEDA,2024,17,100,,,
Berkeley,APTOS,1999,12,92,50,67,75
Berkeley,APTOS,2000,16,100,50,94,94
Berkeley,APTOS,2001,16,94,56,94,94
Berkeley,APTOS,2002,21,90,62,81,90
Berkeley,APTOS,2003,19,89,63,89,95
Berkeley,APTOS,2004,23,96,43,78,87
Berkeley,APTOS,2005,29,79,52,83,90
Berkeley,APTOS,2006,23,96,48,74,87
Berkeley,APTOS,2007,20,100,70,95,95
Berkeley,APTOS,2008,19,100,63,79,84
Berkeley,APTOS,2009,25,100,60,100,100
Berkeley,APTOS,2010,31,97,71,87,87
Berkeley,APTOS,2011,30,87,50,83,87
Berkeley,APTOS,2012,16,94,69,88,88
Berkeley,APTOS,2013,28,93,82,96,96
Berkeley,APTOS,2014,20,95,75,85,90
Berkeley,APTOS,2015,23,91,57,91,91
Berkeley,APTOS,2016,26,88,62,88,88
Berkeley,APTOS,2017,29,93,62,86,86
Berkeley,APTOS,2018,25,100,68,96,96
Berkeley,APTOS,2019,23,91,78,91,96
Berkeley,APTOS,2020,21,100,52,81,90
Berkeley,APTOS,2021,22,95,45,86,91
Berkeley,APTOS,2022,27,100,56,85,
Berkeley,APTOS,2023,20,100,60,,
Berkeley,APTOS,2024,18,94,,,
Berkeley,BAKERSFIELD,2007,10,90,30,60,60
Berkeley,BAKERSFIELD,2013,10,100,30,70,80
Berkeley,BERKELEY,1999,18,94,44,67,89
Berkeley,BERKELEY,2000,23,91,30,65,78
Berkeley,BERKELEY,2001,28,89,54,82,86
Berkeley,BERKELEY,2002,31,81,55,74,77
Berkeley,BERKELEY,2003,51,86,43,80,86
Berkeley,BERKELEY,2004,53,96,47,72,89
Berkeley,BERKELEY,2005,58,97,47,84,86
Berkeley,BERKELEY,2006,41,90,51,78,83
Berkeley,BERKELEY,2007,55,96,40,75,87
Berkeley,BERKELEY,2008,67,93,46,72,84
Berkeley,BERKELEY,2009,81,90,56,83,85
Berkeley,BERKELEY,2010,63,94,52,81,89
Berkeley,BERKELEY,2011,88,94,44,85,86
Berkeley,BERKELEY,2012,69,90,52,84,86
Berkeley,BERKELEY,2013,82,95,56,83,89
Berkeley,BERKELEY,2014,68,88,49,82,87
Berkeley,BERKELEY,2015,102,91,63,85,91
Berkeley,BERKELEY,2016,111,91,62,86,89
Berkeley,BERKELEY,2017,107,93,54,83,92
Berkeley,BERKELEY,2018,121,95,56,83,91
Berkeley,BERKELEY,2019,126,91,52,84,89
Berkeley,BERKELEY,2020,104,94,48,81,89
Berkeley,BERKELEY,2021,157,94,57,85,89
Berkeley,BERKELEY,2022,94,96,61,82,
Berkeley,BERKELEY,2023,102,92,55,,
Berkeley,BERKELEY,2024,86,95,,,
Berkeley,CHULA VISTA,2003,12,83,33,67,75
Berkeley,CHULA VISTA,2004,11,82,45,55,82
Berkeley,CHULA VISTA,2007,10,100,60,100,100
Berkeley,CHULA VISTA,2009,11,100,73,82,91
Berkeley,CHULA VISTA,2011,12,100,50,92,92
Berkeley,CHULA VISTA,2015,10,70,40,70,70
Berkeley,CHULA VISTA,2017,11,91,45,82,82
Berkeley,CHULA VISTA,2020,11,100,73,91,91
Berkeley,CHULA VISTA,2022,10,100,50,80,
Berkeley,CHULA VISTA,2024,18,100,,,
Berkeley,COSTA MESA,1999,20,90,35,90,90
Berkeley,COSTA MESA,2000,22,91,59,73,86
Berkeley,COSTA MESA,2001,35,100,40,91,91
Berkeley,COSTA MESA,2002,43,91,58,86,93
Berkeley,COSTA MESA,2003,32,100,56,100,100
Berkeley,COSTA MESA,2004,41,98,51,93,93
Berkeley,COSTA MESA,2005,52,98,58,94,96
Berkeley,COSTA MESA,2006,41,90,63,78,85
Berkeley,COSTA MESA,2007,53,96,64,92,92
Berkeley,COSTA MESA,2008,52,90,65,88,92
Berkeley,COSTA MESA,2009,34,100,68,88,94
Berkeley,COSTA MESA,2010,44,89,57,82,84
Berkeley,COSTA MESA,2011,53,96,66,83,91
Berkeley,COSTA MESA,2012,49,92,55,92,94
Berkeley,COSTA MESA,2013,35,94,63,89,91
Berkeley,COSTA MESA,2014,39,90,59,82,85
Berkeley,COSTA MESA,2015,39,87,46,82,87
Berkeley,COSTA MESA,2016,37,89,68,84,92
Berkeley,COSTA MESA,2017,39,95,69,90,95
Berkeley,COSTA MESA,2018,44,91,55,84,86
Berkeley,COSTA MESA,2019,38,92,58,89,100
Berkeley,COSTA MESA,2020,55,95,62,93,95
Berkeley,COSTA MESA,2021,52,88,50,83,88
Berkeley,COSTA MESA,2022,40,98,65,85,
Berkeley,COSTA MESA,2023,45,96,62,,
Berkeley,COSTA MESA,2024,53,100,,,
Berkeley,CULVER CITY,2020,19,58,47,58,74
Berkeley,CULVER CITY,2021,19,74,37,47,58
Berkeley,CULVER CITY,2022,23,91,30,48,
Berkeley,CULVER CITY,2023,14,86,43,,
Berkeley,CUPERTINO,1999,59,90,51,88,93
Berkeley,CUPERTINO,2000,89,92,46,80,85
Berkeley,CUPERTINO,2001,95,96,49,87,93
Berkeley,CUPERTINO,2002,102,91,46,85,90
Berkeley,CUPERTINO,2003,93,92,55,88,91
Berkeley,CUPERTINO,2004,105,91,54,89,91
Berkeley,CUPERTINO,2005,115,94,55,81,91
Berkeley,CUPERTINO,2006,89,99,66,90,92
Berkeley,CUPERTINO,2007,94,96,63,93,95
Berkeley,CUPERTINO,2008,120,95,69,95,95
Berkeley,CUPERTINO,2009,123,94,66,90,93
Berkeley,CUPERTINO,2010,113,96,64,90,95
Berkeley,CUPERTINO,2011,149,92,60,89,92
Berkeley,CUPERTINO,2012,110,96,80,95,95
Berkeley,CUPERTINO,2013,135,97,78,97,98
Berkeley,CUPERTINO,2014,125,98,66,94,95
Berkeley,CUPERTINO,2015,117,91,65,89,91
Berkeley,CUPERTINO,2016,156,94,63,90,94
Berkeley,CUPERTINO,2017,193,94,65,87,94
Berkeley,CUPERTINO,2018,106,96,67,90,95
Berkeley,CUPERTINO,2019,125,92,63,88,94
Berkeley,CUPERTINO,2020,157,90,61,88,92
Berkeley,CUPERTINO,2021,170,94,63,89,93
Berkeley,CUPERTINO,2022,177,97,65,91,
Berkeley,CUPERTINO,2023,177,96,52,,
Berkeley,CUPERTINO,2024,202,96,,,
Berkeley,CYPRESS,2014,16,88,38,88,94
Berkeley,CYPRESS,2015,13,85,54,85,85
Berkeley,CYPRESS,2016,12,92,42,92,92
Berkeley,CYPRESS,2019,11,100,73,100,100
Berkeley,CYPRESS,2020,17,82,47,82,88
Berkeley,CYPRESS,2021,16,100,69,94,94
Berkeley,CYPRESS,2022,15,93,53,73,
Berkeley,CYPRESS,2023,11,100,64,,
Berkeley,CYPRESS,2024,20,100,,,
Berkeley,EL CAJON,2002,10,90,40,80,80
Berkeley,EL CAJON,2004,10,100,80,90,90
Berkeley,EL CAJON,2005,10,80,40,50,60
Berkeley,EL CAJON,2007,15,93,53,100,100
Berkeley,EL CAJON,2008,12,100,42,83,83
Berkeley,EL CAJON,2010,16,94,44,81,81
Berkeley,EL CAJON,2011,11,100,36,73,100
Berkeley,EL CAJON,2012,11,91,73,82,91
Berkeley,EL CAJON,2014,10,90,70,80,90
Berkeley,EL CAJON,2015,14,93,36,79,79
Berkeley,EL CAJON,2016,19,95,58,95,95
Berkeley,EL CAJON,2017,15,100,53,93,100
Berkeley,EL CAJON,2020,11,100,36,91,91
Berkeley,EL CAJON,2021,14,93,43,71,71
Berkeley,EL CAJON,2022,17,100,47,94,
Berkeley,EL CAJON,2024,12,100,,,
Berkeley,FAIRFIELD,2001,14,93,50,79,86
Berkeley,FAIRFIELD,2003,16,94,56,100,100
Berkeley,FAIRFIELD,2005,17,94,41,88,88
Berkeley,FAIRFIELD,2006,13,92,62,85,85
Berkeley,FAIRFIELD,2007,16,94,75,94,94
Berkeley,FAIRFIELD,2008,23,100,30,61,65
Berkeley,FAIRFIELD,2009,23,100,48,87,96
Berkeley,FAIRFIELD,2010,13,92,46,85,85
Berkeley,FAIRFIELD,2011,17,100,47,82,88
Berkeley,FAIRFIELD,2013,13,85,38,69,77
Berkeley,FAIRFIELD,2015,14,100,71,100,100
Berkeley,FAIRFIELD,2016,13,100,38,92,100
Berkeley,FAIRFIELD,2017,14,93,64,93,93
Berkeley,FAIRFIELD,2018,11,91,73,82,82
Berkeley,FAIRFIELD,2019,20,95,60,80,95
Berkeley,FAIRFIELD,2022,16,88,50,81,
Berkeley,FAIRFIELD,2023,16,100,56,,
Berkeley,FAIRFIELD,2024,12,100,,,
Berkeley,FOLSOM,2008,11,100,55,91,100
Berkeley,FOLSOM,2017,11,100,64,91,100
Berkeley,FOLSOM,2019,13,85,54,92,100
Berkeley,FOLSOM,2020,10,90,50,90,90
Berkeley,FOLSOM,2021,14,93,64,86,86
Berkeley,FOLSOM,2022,13,92,46,92,
Berkeley,FOLSOM,2023,17,94,53,,
Berkeley,FOLSOM,2024,23,100,,,
Berkeley,FREMONT,1999,15,93,33,60,87
Berkeley,FREMONT,2000,30,90,40,77,80
Berkeley,FREMONT,2001,40,90,35,83,90
Berkeley,FREMONT,2002,36,94,50,83,86
Berkeley,FREMONT,2003,36,94,75,92,97
Berkeley,FREMONT,2004,32,94,59,91,94
Berkeley,FREMONT,2005,45,91,56,82,91
Berkeley,FREMONT,2006,35,89,63,91,94
Berkeley,FREMONT,2007,32,100,56,91,94
Berkeley,FREMONT,2008,27,96,74,89,89
Berkeley,FREMONT,2009,48,94,73,88,90
Berkeley,FREMONT,2010,54,98,72,98,98
Berkeley,FREMONT,2011,48,94,60,85,90
Berkeley,FREMONT,2012,26,96,65,92,92
Berkeley,FREMONT,2013,27,96,78,96,100
Berkeley,FREMONT,2014,33,94,64,97,100
Berkeley,FREMONT,2015,29,100,62,93,97
Berkeley,FREMONT,2016,31,97,58,90,97
Berkeley,FREMONT,2017,47,100,62,94,100
Berkeley,FREMONT,2018,35,97,69,97,97
Berkeley,FREMONT,2019,46,91,61,98,100
Berkeley,FREMONT,2020,48,98,67,88,92
Berkeley,FREMONT,2021,54,96,65,94,94
Berkeley,FREMONT,2022,50,96,62,94,
Berkeley,FREMONT,2023,50,98,68,,
Berkeley,FREMONT,2024,65,97,,,
Berkeley,FRESNO,2000,13,100,46,92,92
Berkeley,FRESNO,2001,12,100,50,83,92
Berkeley,FRESNO,2002,12,92,25,67,67
Berkeley,FRESNO,2003,14,86,43,71,71
Berkeley,FRESNO,2004,10,70,50,70,70
Berkeley,FRESNO,2005,14,93,64,93,93
Berkeley,FRESNO,2007,12,100,50,92,92
Berkeley,FRESNO,2010,11,82,45,73,91
Berkeley,FRESNO,2011,12,92,50,83,83
Berkeley,FRESNO,2012,10,90,50,70,80
Berkeley,FRESNO,2015,10,90,80,90,100
Berkeley,FRESNO,2019,14,100,57,79,86
Berkeley,FRESNO,2022,10,100,90,100,
Berkeley,FRESNO,2024,11,91,,,
Berkeley,FRESNO,2024,13,92,,,
Berkeley,FULLERTON,2001,10,90,50,80,80
Berkeley,FULLERTON,2002,10,100,90,100,100
Berkeley,FULLERTON,2003,13,100,38,85,92
Berkeley,FULLERTON,2004,18,89,67,89,100
Berkeley,FULLERTON,2005,15,93,47,80,87
Berkeley,FULLERTON,2006,15,93,47,80,93
Berkeley,FULLERTON,2007,10,90,70,80,80
Berkeley,FULLERTON,2008,12,83,58,67,67
Berkeley,FULLERTON,2009,21,100,52,90,95
Berkeley,FULLERTON,2010,28,89,57,93,93
Berkeley,FULLERTON,2011,30,90,67,93,93
Berkeley,FULLERTON,2012,19,100,53,100,100
Berkeley,FULLERTON,2013,25,92,60,84,88
Berkeley,FULLERTON,2014,23,100,52,87,96
Berkeley,FULLERTON,2015,19,100,74,89,89
Berkeley,FULLERTON,2016,25,92,60,84,96
Berkeley,FULLERTON,2017,26,100,58,88,96
Berkeley,FULLERTON,2018,27,100,63,81,89
Berkeley,FULLERTON,2019,27,93,52,78,89
Berkeley,FULLERTON,2020,19,100,68,79,84
Berkeley,FULLERTON,2021,30,93,63,90,97
Berkeley,FULLERTON,2022,31,97,52,81,
Berkeley,FULLERTON,2023,21,95,57,,
Berkeley,FULLERTON,2024,22,100,,,
Berkeley,GLENDALE,1999,12,92,25,83,100
Berkeley,GLENDALE,2001,10,100,50,90,100
Berkeley,GLENDALE,2003,17,94,35,94,94
Berkeley,GLENDALE,2004,13,100,69,92,100
Berkeley,GLENDALE,2005,13,100,69,85,85
Berkeley,GLENDALE,2006,31,100,65,90,94
Berkeley,GLENDALE,2007,21,100,38,67,76
Berkeley,GLENDALE,2008,24,92,71,83,88
Berkeley,GLENDALE,2009,29,100,66,86,93
Berkeley,GLENDALE,2010,35,100,69,94,97
Berkeley,GLENDALE,2011,23,100,65,91,96
Berkeley,GLENDALE,2012,22,95,64,95,95
Berkeley,GLENDALE,2013,25,92,72,92,92
Berkeley,GLENDALE,2014,23,96,65,87,100
Berkeley,GLENDALE,2015,17,100,65,82,94
Berkeley,GLENDALE,2016,28,93,50,89,89
Berkeley,GLENDALE,2017,27,93,74,93,93
Berkeley,GLENDALE,2018,23,96,61,87,96
Berkeley,GLENDALE,2019,25,92,76,88,96
Berkeley,GLENDALE,2020,18,100,72,94,94
Berkeley,GLENDALE,2021,20,90,45,75,85
Berkeley,GLENDALE,2022,19,100,58,89,
Berkeley,GLENDALE,2023,22,95,45,,
Berkeley,GLENDALE,2024,17,100,,,
Berkeley,GLENDORA,2014,17,94,47,94,94
Berkeley,GLENDORA,2016,16,94,63,81,81
Berkeley,GLENDORA,2017,12,92,50,83,92
Berkeley,GLENDORA,2018,16,88,63,88,94
Berkeley,GLENDORA,2019,11,100,45,91,100
Berkeley,GLENDORA,2020,13,85,46,77,77
Berkeley,GLENDORA,2021,19,100,58,95,100
Berkeley,GLENDORA,2022,13,92,38,85,
Berkeley,GLENDORA,2023,22,91,64,,
Berkeley,GLENDORA,2024,15,93,,,
Berkeley,HAYWARD,1999,27,96,44,78,81
Berkeley,HAYWARD,2000,47,94,53,81,87
Berkeley,HAYWARD,2001,49,90,51,86,90
Berkeley,HAYWARD,2002,42,93,33,86,90
Berkeley,HAYWARD,2003,51,92,57,82,82
Berkeley,HAYWARD,2004,46,89,67,87,89
Berkeley,HAYWARD,2005,60,98,63,87,87
Berkeley,HAYWARD,2006,45,96,51,84,87
Berkeley,HAYWARD,2007,43,86,56,86,91
Berkeley,HAYWARD,2008,49,94,51,80,86
Berkeley,HAYWARD,2009,58,95,48,79,84
Berkeley,HAYWARD,2010,45,98,71,91,96
Berkeley,HAYWARD,2011,44,98,55,98,100
Berkeley,HAYWARD,2012,39,95,69,92,95
Berkeley,HAYWARD,2013,38,87,68,87,92
Berkeley,HAYWARD,2014,38,97,63,92,97
Berkeley,HAYWARD,2015,34,97,74,91,94
Berkeley,HAYWARD,2016,35,97,69,94,100
Berkeley,HAYWARD,2017,52,100,62,94,98
Berkeley,HAYWARD,2018,49,100,61,94,96
Berkeley,HAYWARD,2019,65,100,68,95,97
Berkeley,HAYWARD,2020,62,97,66,92,95
Berkeley,HAYWARD,2021,52,98,71,92,94
Berkeley,HAYWARD,2022,48,100,65,90,
Berkeley,HAYWARD,2023,53,98,70,,
Berkeley,HAYWARD,2024,40,100,,,
Berkeley,HUNTINGTON BEACH,2007,10,100,60,100,100
Berkeley,HUNTINGTON BEACH,2014,10,100,80,100,100
Berkeley,HUNTINGTON BEACH,2017,10,90,20,80,90
Berkeley,HUNTINGTON BEACH,2019,10,90,60,80,80
Berkeley,HUNTINGTON BEACH,2022,10,100,60,90,
Berkeley,HUNTINGTON BEACH,2023,11,82,64,,
Berkeley,HUNTINGTON BEACH,2024,11,100,,,
Berkeley,IRVINE,2000,10,80,30,70,80
Berkeley,IRVINE,2001,10,90,40,90,100
Berkeley,IRVINE,2002,11,91,45,91,91
Berkeley,IRVINE,2003,10,90,40,100,100
Berkeley,IRVINE,2004,12,75,58,83,83
Berkeley,IRVINE,2006,19,100,58,89,89
Berkeley,IRVINE,2008,17,100,82,88,94
Berkeley,IRVINE,2009,15,93,60,87,93
Berkeley,IRVINE,2010,21,86,48,76,86
Berkeley,IRVINE,2011,28,86,57,82,89
Berkeley,IRVINE,2012,30,90,57,90,93
Berkeley,IRVINE,2013,36,100,69,94,94
Berkeley,IRVINE,2014,33,88,73,88,91
Berkeley,IRVINE,2015,33,100,64,82,88
Berkeley,IRVINE,2016,51,98,59,96,96
Berkeley,IRVINE,2017,46,96,70,87,89
Berkeley,IRVINE,2018,40,93,58,93,95
Berkeley,IRVINE,2019,36,97,75,100,100
Berkeley,IRVINE,2020,51,98,63,92,92
Berkeley,IRVINE,2021,50,94,56,92,94
Berkeley,IRVINE,2022,66,97,62,89,
Berkeley,IRVINE,2023,70,96,66,,
Berkeley,IRVINE,2024,76,95,,,
Berkeley,KENTFIELD,1999,31,90,35,74,74
Berkeley,KENTFIELD,2000,39,97,46,79,85
Berkeley,KENTFIELD,2001,46,96,54,83,89
Berkeley,KENTFIELD,2002,24,96,58,71,75
Berkeley,KENTFIELD,2003,32,97,59,81,91
Berkeley,KENTFIELD,2004,37,100,62,89,95
Berkeley,KENTFIELD,2005,45,96,58,82,87
Berkeley,KENTFIELD,2006,28,93,57,79,89
Berkeley,KENTFIELD,2007,31,87,55,74,87
Berkeley,KENTFIELD,2008,42,90,52,69,83
Berkeley,KENTFIELD,2009,46,89,63,91,93
Berkeley,KENTFIELD,2010,44,93,61,91,95
Berkeley,KENTFIELD,2011,50,96,64,86,90
Berkeley,KENTFIELD,2012,40,90,63,85,88
Berkeley,KENTFIELD,2013,25,96,72,92,92
Berkeley,KENTFIELD,2014,36,94,50,81,86
Berkeley,KENTFIELD,2015,31,94,65,87,94
Berkeley,KENTFIELD,2016,26,92,62,85,92
Berkeley,KENTFIELD,2017,26,96,77,81,81
Berkeley,KENTFIELD,2018,40,95,58,73,85
Berkeley,KENTFIELD,2019,43,93,63,88,91
Berkeley,KENTFIELD,2020,34,94,74,94,94
Berkeley,KENTFIELD,2021,46,96,74,93,93
Berkeley,KENTFIELD,2022,29,100,66,86,
Berkeley,KENTFIELD,2023,46,93,72,,
Berkeley,KENTFIELD,2024,41,100,,,
Berkeley,LANCASTER,2007,10,90,60,90,90
Berkeley,LANCASTER,2008,13,92,62,92,92
Berkeley,LANCASTER,2022,13,85,46,85,
Berkeley,LIVERMORE,1999,10,90,40,70,90
Berkeley,LIVERMORE,2000,10,80,50,80,80
Berkeley,LIVERMORE,2001,22,95,64,91,95
Berkeley,LIVERMORE,2002,15,80,67,80,87
Berkeley,LIVERMORE,2003,12,92,33,83,83
Berkeley,LIVERMORE,2004,10,100,40,70,80
Berkeley,LIVERMORE,2005,23,87,39,78,83
Berkeley,LIVERMORE,2006,22,100,55,86,95
Berkeley,LIVERMORE,2007,24,100,67,96,96
Berkeley,LIVERMORE,2008,20,100,55,90,100
Berkeley,LIVERMORE,2009,19,100,68,79,79
Berkeley,LIVERMORE,2010,31,94,61,90,90
Berkeley,LIVERMORE,2011,29,97,72,97,100
Berkeley,LIVERMORE,2012,27,96,59,85,100
Berkeley,LIVERMORE,2013,26,92,54,77,85
Berkeley,LIVERMORE,2014,21,95,62,86,95
Berkeley,LIVERMORE,2015,28,89,61,82,86
Berkeley,LIVERMORE,2016,28,96,79,93,96
Berkeley,LIVERMORE,2017,33,94,82,94,94
Berkeley,LIVERMORE,2018,38,97,79,92,95
Berkeley,LIVERMORE,2019,22,100,64,95,100
Berkeley,LIVERMORE,2020,24,96,71,88,92
Berkeley,LIVERMORE,2021,30,93,80,93,93
Berkeley,LIVERMORE,2022,45,91,58,93,
Berkeley,LIVERMORE,2023,29,90,66,,
Berkeley,LIVERMORE,2024,44,100,,,
Berkeley,LONG BEACH,2003,10,90,40,70,90
Berkeley,LONG BEACH,2004,18,94,61,78,89
Berkeley,LONG BEACH,2005,11,100,55,100,100
Berkeley,LONG BEACH,2006,15,87,47,80,93
Berkeley,LONG BEACH,2008,10,100,60,90,100
Berkeley,LONG BEACH,2009,11,82,45,82,91
Berkeley,LONG BEACH,2012,13,92,46,85,85
Berkeley,LONG BEACH,2013,13,85,23,77,92
Berkeley,LONG BEACH,2017,19,95,68,95,95
Berkeley,LONG BEACH,2018,11,100,55,82,82
Berkeley,LONG BEACH,2019,12,100,50,92,92
Berkeley,LONG BEACH,2020,11,91,55,82,91
Berkeley,LONG BEACH,2022,19,89,53,89,
Berkeley,LONG BEACH,2023,14,100,57,,
Berkeley,LONG BEACH,2024,16,100,,,
Berkeley,LOS ALTOS HILLS,1999,33,94,45,82,85
Berkeley,LOS ALTOS HILLS,2000,45,91,51,91,93
Berkeley,LOS ALTOS HILLS,2001,33,100,67,88,94
Berkeley,LOS ALTOS HILLS,2002,51,90,59,84,86
Berkeley,LOS ALTOS HILLS,2003,43,91,63,86,88
Berkeley,LOS ALTOS HILLS,2004,51,88,55,86,96
Berkeley,LOS ALTOS HILLS,2005,41,95,66,88,93
Berkeley,LOS ALTOS HILLS,2006,54,94,76,89,89
Berkeley,LOS ALTOS HILLS,2007,45,96,73,89,93
Berkeley,LOS ALTOS HILLS,2008,37,95,57,89,97
Berkeley,LOS ALTOS HILLS,2009,41,95,63,90,90
Berkeley,LOS ALTOS HILLS,2010,57,95,61,95,96
Berkeley,LOS ALTOS HILLS,2011,72,93,71,90,96
Berkeley,LOS ALTOS HILLS,2012,60,95,65,92,92
Berkeley,LOS ALTOS HILLS,2013,65,100,77,97,97
Berkeley,LOS ALTOS HILLS,2014,62,95,69,89,92
Berkeley,LOS ALTOS HILLS,2015,56,91,59,88,89
Berkeley,LOS ALTOS HILLS,2016,82,95,66,88,90
Berkeley,LOS ALTOS HILLS,2017,64,94,63,86,91
Berkeley,LOS ALTOS HILLS,2018,56,96,77,96,96
Berkeley,LOS ALTOS HILLS,2019,89,88,53,80,87
Berkeley,LOS ALTOS HILLS,2020,55,85,53,89,95
Berkeley,LOS ALTOS HILLS,2021,78,96,64,88,90
Berkeley,LOS ALTOS HILLS,2022,51,90,49,88,
Berkeley,LOS ALTOS HILLS,2023,58,91,50,,
Berkeley,LOS ALTOS HILLS,2024,76,91,,,
Berkeley,LOS ANGELES,2001,11,100,55,73,91
Berkeley,LOS ANGELES,2004,11,82,27,73,73
Berkeley,LOS ANGELES,2008,12,100,67,92,100
Berkeley,LOS ANGELES,2009,18,94,44,67,78
Berkeley,LOS ANGELES,2010,10,100,70,90,90
Berkeley,LOS ANGELES,2011,16,94,75,100,100
Berkeley,LOS ANGELES,2013,27,89,56,78,85
Berkeley,LOS ANGELES,2014,14,93,64,93,93
Berkeley,LOS ANGELES,2015,14,93,50,79,86
Berkeley,LOS ANGELES,2016,16,88,44,75,81
Berkeley,LOS ANGELES,2017,16,88,44,69,75
Berkeley,LOS ANGELES,2018,11,91,64,91,100
Berkeley,LOS ANGELES,2019,11,100,27,64,82
Berkeley,LOS ANGELES,2020,17,82,47,76,76
Berkeley,LOS ANGELES,2021,13,85,54,62,69
Berkeley,LOS ANGELES,2022,22,95,50,82,
Berkeley,LOS ANGELES,2023,13,92,23,,
Berkeley,LOS ANGELES,2024,12,92,,,
Berkeley,MISSION VIEJO,1999,11,100,36,82,91
Berkeley,MISSION VIEJO,2000,12,100,50,100,100
Berkeley,MISSION VIEJO,2001,25,92,52,88,96
Berkeley,MISSION VIEJO,2002,22,95,41,82,95
Berkeley,MISSION VIEJO,2003,28,93,39,68,82
Berkeley,MISSION VIEJO,2004,32,100,63,94,100
Berkeley,MISSION VIEJO,2005,21,95,76,100,100
Berkeley,MISSION VIEJO,2006,27,96,48,78,89
Berkeley,MISSION VIEJO,2007,20,100,60,80,95
Berkeley,MISSION VIEJO,2008,28,93,61,86,89
Berkeley,MISSION VIEJO,2009,21,81,52,86,86
Berkeley,MISSION VIEJO,2010,18,94,50,89,89
Berkeley,MISSION VIEJO,2011,36,92,56,83,83
Berkeley,MISSION VIEJO,2012,21,95,62,86,90
Berkeley,MISSION VIEJO,2013,25,92,64,92,92
Berkeley,MISSION VIEJO,2014,22,95,64,82,95
Berkeley,MISSION VIEJO,2015,32,97,66,94,97
Berkeley,MISSION VIEJO,2016,24,92,46,75,88
Berkeley,MISSION VIEJO,2017,34,97,50,94,100
Berkeley,MISSION VIEJO,2018,18,100,67,94,94
Berkeley,MISSION VIEJO,2019,22,91,73,91,91
Berkeley,MISSION VIEJO,2020,31,100,71,94,97
Berkeley,MISSION VIEJO,2021,19,95,74,95,95
Berkeley,MISSION VIEJO,2022,42,98,74,98,
Berkeley,MISSION VIEJO,2023,27,96,63,,
Berkeley,MISSION VIEJO,2024,20,90,,,
Berkeley,MODESTO,2000,15,100,40,80,87
Berkeley,MODESTO,2004,12,83,58,75,75
Berkeley,MODESTO,2005,10,90,30,60,60
Berkeley,MODESTO,2006,12,100,67,83,83
Berkeley,MODESTO,2007,11,91,36,91,91
Berkeley,MODESTO,2013,10,100,30,80,80
Berkeley,MODESTO,2016,11,91,64,91,91
Berkeley,MODESTO,2017,16,88,63,75,88
Berkeley,MODESTO,2019,11,91,36,55,64
Berkeley,MODESTO,2022,10,80,30,80,
Berkeley,MODESTO,2023,18,100,56,,
Berkeley,MONTEREY,1999,14,86,64,86,93
Berkeley,MONTEREY,2001,11,100,36,73,82
Berkeley,MONTEREY,2002,11,100,73,82,82
Berkeley,MONTEREY,2004,12,92,50,92,92
Berkeley,MONTEREY,2006,10,100,50,70,100
Berkeley,MONTEREY,2009,14,86,36,71,79
Berkeley,MONTEREY,2012,16,81,38,88,88
Berkeley,MONTEREY,2016,14,100,50,71,71
Berkeley,MONTEREY,2017,11,91,55,82,82
Berkeley,MONTEREY,2018,17,100,76,100,100
Berkeley,MONTEREY,2019,11,100,64,91,91
Berkeley,MONTEREY,2020,10,90,40,90,90
Berkeley,MONTEREY,2021,20,95,55,80,80
Berkeley,MONTEREY,2024,10,100,,,
Berkeley,MONTEREY PARK,2003,11,100,55,82,82
Berkeley,MONTEREY PARK,2004,12,100,58,92,92
Berkeley,MONTEREY PARK,2005,18,94,22,83,100
Berkeley,MONTEREY PARK,2006,17,94,41,82,82
Berkeley,MONTEREY PARK,2008,18,94,56,94,100
Berkeley,MONTEREY PARK,2009,14,86,71,86,86
Berkeley,MONTEREY PARK,2010,14,100,64,100,100
Berkeley,MONTEREY PARK,2011,21,90,48,90,90
Berkeley,MONTEREY PARK,2012,28,96,61,96,96
Berkeley,MONTEREY PARK,2013,32,94,44,88,91
Berkeley,MONTEREY PARK,2014,15,100,53,87,93
Berkeley,MONTEREY PARK,2015,30,100,57,100,100
Berkeley,MONTEREY PARK,2016,21,90,48,86,90
Berkeley,MONTEREY PARK,2017,32,97,56,88,91
Berkeley,MONTEREY PARK,2018,37,97,57,81,89
Berkeley,MONTEREY PARK,2019,17,100,59,88,94
Berkeley,MONTEREY PARK,2020,18,83,39,78,83
Berkeley,MONTEREY PARK,2021,24,96,58,79,79
Berkeley,MONTEREY PARK,2022,15,100,47,93,
Berkeley,MONTEREY PARK,2023,13,69,46,,
Berkeley,MONTEREY PARK,2024,13,100,,,
Berkeley,MOORPARK,2002,10,100,60,100,100
Berkeley,MOORPARK,2003,14,71,36,71,71
Berkeley,MOORPARK,2004,15,100,67,93,100
Berkeley,MOORPARK,2005,18,94,67,83,83
Berkeley,MOORPARK,2006,33,97,45,91,97
Berkeley,MOORPARK,2007,26,85,54,88,92
Berkeley,MOORPARK,2008,22,95,68,91,95
Berkeley,MOORPARK,2009,19,100,68,100,100
Berkeley,MOORPARK,2010,25,88,56,88,88
Berkeley,MOORPARK,2011,28,100,75,100,100
Berkeley,MOORPARK,2012,17,88,41,88,88
Berkeley,MOORPARK,2013,23,100,48,83,87
Berkeley,MOORPARK,2014,20,100,75,100,100
Berkeley,MOORPARK,2015,27,93,63,89,93
Berkeley,MOORPARK,2016,40,95,73,93,95
Berkeley,MOORPARK,2017,41,100,68,95,100
Berkeley,MOORPARK,2018,28,89,50,86,89
Berkeley,MOORPARK,2019,30,90,70,97,100
Berkeley,MOORPARK,2020,23,96,61,87,96
Berkeley,MOORPARK,2021,38,95,53,89,92
Berkeley,MOORPARK,2022,27,100,67,100,
Berkeley,MOORPARK,2023,39,95,49,,
Berkeley,MOORPARK,2024,44,95,,,
Berkeley,NAPA,1999,12,83,42,58,67
Berkeley,NAPA,2001,10,90,20,70,70
Berkeley,NAPA,2002,12,83,42,58,75
Berkeley,NAPA,2003,12,92,42,67,75
Berkeley,NAPA,2005,19,95,53,89,95
Berkeley,NAPA,2006,18,89,50,89,89
Berkeley,NAPA,2007,13,85,46,85,85
Berkeley,NAPA,2008,13,100,38,69,77
Berkeley,NAPA,2009,13,85,38,77,77
Berkeley,NAPA,2010,20,95,45,85,90
Berkeley,NAPA,2011,26,92,69,92,92
Berkeley,NAPA,2012,24,92,29,75,83
Berkeley,NAPA,2013,17,94,53,76,76
Berkeley,NAPA,2014,17,88,59,82,88
Berkeley,NAPA,2015,19,100,53,84,89
Berkeley,NAPA,2016,21,71,33,62,67
Berkeley,NAPA,2017,20,95,55,75,80
Berkeley,NAPA,2018,20,85,50,80,95
Berkeley,NAPA,2019,25,100,48,76,80
Berkeley,NAPA,2020,21,100,48,76,86
Berkeley,NAPA,2021,13,100,54,85,92
Berkeley,NAPA,2024,11,100,,,
Berkeley,NORCO,2018,10,90,30,70,80
Berkeley,NORWALK,2001,10,90,30,90,90
Berkeley,NORWALK,2002,13,92,62,85,85
Berkeley,NORWALK,2004,18,94,33,83,89
Berkeley,NORWALK,2005,13,100,46,77,77
Berkeley,NORWALK,2006,17,100,47,100,100
Berkeley,NORWALK,2007,14,100,64,86,93
Berkeley,NORWALK,2008,15,93,53,87,93
Berkeley,NORWALK,2009,20,100,50,85,85
Berkeley,NORWALK,2010,18,89,44,100,100
Berkeley,NORWALK,2011,11,100,55,100,100
Berkeley,NORWALK,2012,12,100,42,67,83
Berkeley,NORWALK,2013,17,82,41,71,82
Berkeley,NORWALK,2014,13,85,31,69,77
Berkeley,NORWALK,2015,14,100,50,93,100
Berkeley,NORWALK,2016,12,92,83,92,92
Berkeley,NORWALK,2017,11,91,55,91,100
Berkeley,NORWALK,2019,11,91,64,82,100
Berkeley,NORWALK,2020,20,100,35,80,90
Berkeley,NORWALK,2021,11,100,45,91,91
Berkeley,NORWALK,2022,14,93,57,86,
Berkeley,OAKLAND,1999,44,100,32,77,86
Berkeley,OAKLAND,1999,19,89,32,63,68
Berkeley,OAKLAND,2000,64,92,42,75,88
Berkeley,OAKLAND,2000,11,91,27,82,82
Berkeley,OAKLAND,2001,70,90,40,74,84
Berkeley,OAKLAND,2001,13,92,31,85,85
Berkeley,OAKLAND,2002,60,88,33,57,73
Berkeley,OAKLAND,2002,18,83,33,72,78
Berkeley,OAKLAND,2003,56,96,41,84,91
Berkeley,OAKLAND,2003,18,94,39,78,83
Berkeley,OAKLAND,2004,49,88,53,78,84
Berkeley,OAKLAND,2004,14,100,71,86,93
Berkeley,OAKLAND,2005,61,85,33,75,84
Berkeley,OAKLAND,2005,11,91,36,55,64
Berkeley,OAKLAND,2006,67,94,51,82,84
Berkeley,OAKLAND,2006,12,100,50,75,83
Berkeley,OAKLAND,2007,61,97,57,82,87
Berkeley,OAKLAND,2007,14,93,43,93,93
Berkeley,OAKLAND,2008,66,91,55,89,92
Berkeley,OAKLAND,2008,14,93,36,50,64
Berkeley,OAKLAND,2009,65,92,51,83,85
Berkeley,OAKLAND,2010,60,93,50,82,93
Berkeley,OAKLAND,2011,65,97,57,86,92
Berkeley,OAKLAND,2011,13,100,54,77,85
Berkeley,OAKLAND,2012,48,96,52,90,92
Berkeley,OAKLAND,2013,38,92,47,84,87
Berkeley,OAKLAND,2013,21,100,62,81,86
Berkeley,OAKLAND,2014,49,92,69,88,94
Berkeley,OAKLAND,2015,49,90,47,82,88
Berkeley,OAKLAND,2015,10,100,30,80,100
Berkeley,OAKLAND,2016,41,93,61,78,83
Berkeley,OAKLAND,2017,47,85,51,85,87
Berkeley,OAKLAND,2017,14,93,36,64,79
Berkeley,OAKLAND,2018,53,91,47,81,85
Berkeley,OAKLAND,2018,14,100,43,79,100
Berkeley,OAKLAND,2019,61,93,48,77,80
Berkeley,OAKLAND,2020,51,86,57,82,90
Berkeley,OAKLAND,2020,17,94,71,76,88
Berkeley,OAKLAND,2021,39,95,67,82,95
Berkeley,OAKLAND,2022,47,98,51,87,
Berkeley,OAKLAND,2022,12,75,58,67,
Berkeley,OAKLAND,2023,48,94,58,,
Berkeley,OAKLAND,2023,13,100,23,,
Berkeley,OAKLAND,2024,38,89,,,
Berkeley,OAKLAND,2024,11,100,,,
Berkeley,OCEANSIDE,2005,11,100,36,100,100
Berkeley,OCEANSIDE,2006,10,90,40,90,90
Berkeley,OCEANSIDE,2007,12,83,50,83,92
Berkeley,OCEANSIDE,2008,14,100,64,100,100
Berkeley,OCEANSIDE,2009,25,100,68,88,96
Berkeley,OCEANSIDE,2010,17,100,59,100,100
Berkeley,OCEANSIDE,2011,20,80,50,85,95
Berkeley,OCEANSIDE,2012,21,95,62,95,100
Berkeley,OCEANSIDE,2013,20,90,30,75,80
Berkeley,OCEANSIDE,2014,19,79,68,79,89
Berkeley,OCEANSIDE,2015,13,100,62,92,92
Berkeley,OCEANSIDE,2016,28,100,64,93,96
Berkeley,OCEANSIDE,2017,28,96,61,89,93
Berkeley,OCEANSIDE,2018,37,95,62,89,89
Berkeley,OCEANSIDE,2019,34,94,53,79,82
Berkeley,OCEANSIDE,2020,45,87,38,80,87
Berkeley,OCEANSIDE,2021,31,94,42,90,90
Berkeley,OCEANSIDE,2022,32,94,47,84,
Berkeley,OCEANSIDE,2023,24,92,42,,
Berkeley,OCEANSIDE,2024,32,84,,,
Berkeley,ORANGE,2007,12,92,67,83,83
Berkeley,ORANGE,2008,13,100,77,100,100
Berkeley,ORANGE,2011,12,100,42,92,92
Berkeley,ORANGE,2016,12,100,67,92,100
Berkeley,ORANGE,2019,16,88,63,81,88
Berkeley,ORANGE,2020,14,93,86,93,93
Berkeley,ORANGE,2021,19,89,68,84,95
Berkeley,ORANGE,2022,14,93,43,86,
Berkeley,ORANGE,2023,13,92,38,,
Berkeley,ORANGE,2024,11,100,,,
Berkeley,OROVILLE,2011,10,90,50,70,80
Berkeley,PALM DESERT,2007,10,80,50,80,80
Berkeley,PALM DESERT,2022,10,100,70,100,
Berkeley,PALM DESERT,2024,13,92,,,
Berkeley,PASADENA,1999,19,95,58,89,89
Berkeley,PASADENA,2000,22,95,41,91,95
Berkeley,PASADENA,2001,31,97,45,94,100
Berkeley,PASADENA,2002,24,92,54,83,92
Berkeley,PASADENA,2003,32,97,53,88,94
Berkeley,PASADENA,2004,50,100,62,94,96
Berkeley,PASADENA,2005,49,100,51,88,92
Berkeley,PASADENA,2006,49,100,59,96,96
Berkeley,PASADENA,2007,63,95,57,86,89
Berkeley,PASADENA,2008,62,94,61,92,94
Berkeley,PASADENA,2009,69,96,59,88,91
Berkeley,PASADENA,2010,72,97,42,92,93
Berkeley,PASADENA,2011,54,100,56,91,96
Berkeley,PASADENA,2012,53,94,64,96,96
Berkeley,PASADENA,2013,49,96,63,90,94
Berkeley,PASADENA,2014,73,99,66,99,100
Berkeley,PASADENA,2015,65,98,65,89,94
Berkeley,PASADENA,2016,84,95,55,86,90
Berkeley,PASADENA,2017,103,88,50,83,87
Berkeley,PASADENA,2018,69,94,59,93,93
Berkeley,PASADENA,2019,96,91,57,86,90
Berkeley,PASADENA,2020,75,93,49,88,88
Berkeley,PASADENA,2021,137,91,63,85,93
Berkeley,PASADENA,2022,85,96,62,88,
Berkeley,PASADENA,2023,112,88,58,,
Berkeley,PASADENA,2024,91,91,,,
Berkeley,PITTSBURG,2006,10,70,20,80,90
Berkeley,PITTSBURG,2008,10,100,80,100,100
Berkeley,PITTSBURG,2009,14,93,43,93,93
Berkeley,PITTSBURG,2010,13,100,62,77,77
Berkeley,PITTSBURG,2011,17,100,53,88,88
Berkeley,PITTSBURG,2012,20,95,70,100,100
Berkeley,PITTSBURG,2013,22,91,55,91,91
Berkeley,PITTSBURG,2014,21,95,62,95,100
Berkeley,PITTSBURG,2015,20,95,60,80,90
Berkeley,PITTSBURG,2016,25,80,56,84,92
Berkeley,PITTSBURG,2017,27,96,56,89,100
Berkeley,PITTSBURG,2018,29,83,41,76,86
Berkeley,PITTSBURG,2019,26,85,54,92,96
Berkeley,PITTSBURG,2020,22,100,68,77,82
Berkeley,PITTSBURG,2021,18,100,56,89,94
Berkeley,PITTSBURG,2022,34,97,76,97,
Berkeley,PITTSBURG,2023,21,90,57,,
Berkeley,PITTSBURG,2024,33,97,,,
Berkeley,PLEASANT HILL,1999,123,94,48,78,85
Berkeley,PLEASANT HILL,2000,165,95,49,87,91
Berkeley,PLEASANT HILL,2001,166,95,48,81,87
Berkeley,PLEASANT HILL,2002,165,93,53,85,87
Berkeley,PLEASANT HILL,2003,155,94,59,85,90
Berkeley,PLEASANT HILL,2004,152,93,57,86,92
Berkeley,PLEASANT HILL,2005,192,92,55,85,90
Berkeley,PLEASANT HILL,2006,185,91,60,86,90
Berkeley,PLEASANT HILL,2007,215,96,65,89,95
Berkeley,PLEASANT HILL,2008,179,93,65,87,91
Berkeley,PLEASANT HILL,2009,215,93,64,89,93
Berkeley,PLEASANT HILL,2010,228,94,71,90,95
Berkeley,PLEASANT HILL,2011,228,92,68,87,92
Berkeley,PLEASANT HILL,2012,222,93,64,85,88
Berkeley,PLEASANT HILL,2013,232,91,71,88,90
Berkeley,PLEASANT HILL,2014,255,91,69,88,92
Berkeley,PLEASANT HILL,2015,237,92,72,86,90
Berkeley,PLEASANT HILL,2016,267,93,72,90,93
Berkeley,PLEASANT HILL,2017,304,95,73,90,93
Berkeley,PLEASANT HILL,2018,241,95,71,91,93
Berkeley,PLEASANT HILL,2019,264,93,65,92,94
Berkeley,PLEASANT HILL,2020,205,93,67,91,95
Berkeley,PLEASANT HILL,2021,239,95,65,90,94
Berkeley,PLEASANT HILL,2022,260,96,63,92,
Berkeley,PLEASANT HILL,2023,227,96,67,,
Berkeley,PLEASANT HILL,2024,213,94,,,
Berkeley,RANCHO CUCAMONGA,2013,14,93,43,93,100
Berkeley,RANCHO CUCAMONGA,2014,14,93,43,86,86
Berkeley,RANCHO CUCAMONGA,2015,10,100,30,100,100
Berkeley,RANCHO CUCAMONGA,2017,16,94,56,81,81
Berkeley,RANCHO CUCAMONGA,2018,11,100,64,91,91
Berkeley,RANCHO CUCAMONGA,2019,11,100,64,82,82
Berkeley,RANCHO CUCAMONGA,2020,11,91,73,91,91
Berkeley,RANCHO CUCAMONGA,2022,16,100,63,88,
Berkeley,RANCHO CUCAMONGA,2023,10,70,50,,
Berkeley,RANCHO CUCAMONGA,2024,13,92,,,
Berkeley,REDWOOD CITY,2010,11,82,45,82,91
Berkeley,REDWOOD CITY,2011,12,92,33,75,83
Berkeley,REDWOOD CITY,2012,12,100,83,92,92
Berkeley,REDWOOD CITY,2013,11,82,45,91,91
Berkeley,REDWOOD CITY,2014,12,100,33,58,67
Berkeley,REDWOOD CITY,2015,13,100,46,100,100
Berkeley,REDWOOD CITY,2016,17,94,47,76,88
Berkeley,REDWOOD CITY,2017,37,97,68,97,97
Berkeley,REDWOOD CITY,2018,12,100,50,75,100
Berkeley,REDWOOD CITY,2020,17,94,35,88,94
Berkeley,REDWOOD CITY,2021,13,100,69,77,92
Berkeley,REDWOOD CITY,2022,15,93,40,80,
Berkeley,REDWOOD CITY,2023,14,100,64,,
Berkeley,REDWOOD CITY,2024,19,100,,,
Berkeley,REEDLEY,2012,11,91,36,73,82
Berkeley,RIVERSIDE,2004,11,100,36,91,100
Berkeley,RIVERSIDE,2006,14,93,43,93,93
Berkeley,RIVERSIDE,2007,11,100,36,82,91
Berkeley,RIVERSIDE,2008,15,93,33,93,100
Berkeley,RIVERSIDE,2009,16,94,63,88,88
Berkeley,RIVERSIDE,2010,12,92,58,83,83
Berkeley,RIVERSIDE,2011,15,80,40,80,87
Berkeley,RIVERSIDE,2012,12,100,50,100,100
Berkeley,RIVERSIDE,2013,12,92,42,92,92
Berkeley,RIVERSIDE,2014,11,91,55,91,91
Berkeley,RIVERSIDE,2015,12,92,17,83,92
Berkeley,RIVERSIDE,2017,10,90,50,80,90
Berkeley,RIVERSIDE,2018,16,100,63,100,100
Berkeley,RIVERSIDE,2020,12,92,58,83,100
Berkeley,RIVERSIDE,2021,11,100,64,91,91
Berkeley,RIVERSIDE,2022,12,92,50,83,
Berkeley,RIVERSIDE,2024,12,100,,,
Berkeley,ROCKLIN,2001,11,82,36,73,82
Berkeley,ROCKLIN,2002,16,100,69,94,94
Berkeley,ROCKLIN,2003,21,90,48,86,90
Berkeley,ROCKLIN,2004,18,94,44,78,94
Berkeley,ROCKLIN,2005,28,93,75,89,93
Berkeley,ROCKLIN,2006,27,96,63,85,93
Berkeley,ROCKLIN,2007,26,100,62,96,96
Berkeley,ROCKLIN,2008,19,95,42,84,84
Berkeley,ROCKLIN,2009,28,96,75,93,93
Berkeley,ROCKLIN,2010,23,91,74,96,96
Berkeley,ROCKLIN,2011,16,100,69,94,94
Berkeley,ROCKLIN,2012,15,100,60,100,100
Berkeley,ROCKLIN,2013,11,91,45,64,91
Berkeley,ROCKLIN,2014,14,93,57,93,93
Berkeley,ROCKLIN,2015,24,100,71,100,100
Berkeley,ROCKLIN,2016,17,100,71,94,100
Berkeley,ROCKLIN,2017,21,100,81,95,100
Berkeley,ROCKLIN,2018,22,95,68,86,95
Berkeley,ROCKLIN,2019,21,95,52,86,90
Berkeley,ROCKLIN,2020,18,83,56,94,94
Berkeley,ROCKLIN,2021,22,95,55,100,100
Berkeley,ROCKLIN,2022,16,100,63,81,
Berkeley,ROCKLIN,2023,29,100,72,,
Berkeley,ROCKLIN,2024,30,87,,,
Berkeley,SACRAMENTO,1999,14,93,36,64,79
Berkeley,SACRAMENTO,2000,36,86,42,81,89
Berkeley,SACRAMENTO,2001,16,100,44,69,75
Berkeley,SACRAMENTO,2001,31,100,52,87,90
Berkeley,SACRAMENTO,2002,18,83,39,72,72
Berkeley,SACRAMENTO,2002,35,94,49,89,89
Berkeley,SACRAMENTO,2003,26,92,58,92,92
Berkeley,SACRAMENTO,2003,32,97,38,81,97
Berkeley,SACRAMENTO,2004,13,100,46,77,92
Berkeley,SACRAMENTO,2004,25,96,36,72,80
Berkeley,SACRAMENTO,2005,22,95,82,91,91
Berkeley,SACRAMENTO,2005,19,95,68,95,95
Berkeley,SACRAMENTO,2005,27,96,48,96,96
Berkeley,SACRAMENTO,2006,29,97,52,83,86
Berkeley,SACRAMENTO,2006,14,100,86,86,100
Berkeley,SACRAMENTO,2006,26,96,73,92,96
Berkeley,SACRAMENTO,2007,24,100,54,100,100
Berkeley,SACRAMENTO,2007,11,100,82,100,100
Berkeley,SACRAMENTO,2007,28,100,50,75,82
Berkeley,SACRAMENTO,2008,30,97,73,87,87
Berkeley,SACRAMENTO,2008,17,94,71,94,94
Berkeley,SACRAMENTO,2008,44,98,48,80,89
Berkeley,SACRAMENTO,2009,33,97,79,91,94
Berkeley,SACRAMENTO,2009,28,93,64,89,93
Berkeley,SACRAMENTO,2010,30,90,53,87,90
Berkeley,SACRAMENTO,2010,15,73,47,87,93
Berkeley,SACRAMENTO,2010,35,94,74,91,94
Berkeley,SACRAMENTO,2011,26,92,50,85,92
Berkeley,SACRAMENTO,2011,21,95,67,90,95
Berkeley,SACRAMENTO,2011,37,97,78,92,97
Berkeley,SACRAMENTO,2012,28,93,43,93,93
Berkeley,SACRAMENTO,2012,13,100,77,92,92
Berkeley,SACRAMENTO,2012,28,96,68,89,89
Berkeley,SACRAMENTO,2013,17,94,53,88,100
Berkeley,SACRAMENTO,2013,16,100,69,94,100
Berkeley,SACRAMENTO,2013,29,97,66,100,100
Berkeley,SACRAMENTO,2014,27,96,59,85,85
Berkeley,SACRAMENTO,2014,12,92,75,83,92
Berkeley,SACRAMENTO,2014,23,100,35,87,96
Berkeley,SACRAMENTO,2015,23,91,57,83,87
Berkeley,SACRAMENTO,2015,16,100,63,100,100
Berkeley,SACRAMENTO,2015,25,100,76,92,92
Berkeley,SACRAMENTO,2016,25,96,60,96,96
Berkeley,SACRAMENTO,2016,22,91,68,91,91
Berkeley,SACRAMENTO,2016,28,100,46,89,93
Berkeley,SACRAMENTO,2017,25,92,44,84,92
Berkeley,SACRAMENTO,2017,24,96,50,79,96
Berkeley,SACRAMENTO,2018,16,94,44,94,100
Berkeley,SACRAMENTO,2018,18,100,78,89,94
Berkeley,SACRAMENTO,2018,28,100,71,89,93
Berkeley,SACRAMENTO,2019,18,83,44,72,83
Berkeley,SACRAMENTO,2019,17,100,71,100,100
Berkeley,SACRAMENTO,2019,33,88,67,79,88
Berkeley,SACRAMENTO,2020,24,100,58,88,88
Berkeley,SACRAMENTO,2020,21,90,43,90,90
Berkeley,SACRAMENTO,2020,23,96,52,83,87
Berkeley,SACRAMENTO,2021,23,100,61,100,100
Berkeley,SACRAMENTO,2021,16,88,69,88,88
Berkeley,SACRAMENTO,2021,35,94,54,89,91
Berkeley,SACRAMENTO,2022,18,100,50,89,
Berkeley,SACRAMENTO,2022,17,100,47,76,
Berkeley,SACRAMENTO,2022,34,94,65,85,
Berkeley,SACRAMENTO,2023,15,93,33,,
Berkeley,SACRAMENTO,2023,11,100,45,,
Berkeley,SACRAMENTO,2023,33,94,58,,
Berkeley,SACRAMENTO,2024,17,100,,,
Berkeley,SACRAMENTO,2024,16,88,,,
Berkeley,SACRAMENTO,2024,30,90,,,
Berkeley,SALINAS,2016,12,83,42,75,75
Berkeley,SALINAS,2017,11,100,64,100,100
Berkeley,SALINAS,2019,12,92,58,75,75
Berkeley,SALINAS,2021,13,100,54,85,92
Berkeley,SALINAS,2022,11,100,91,91,
Berkeley,SALINAS,2023,10,100,40,,
Berkeley,SALINAS,2024,18,100,,,
Berkeley,SAN BRUNO,2000,16,88,44,81,88
Berkeley,SAN BRUNO,2001,19,95,47,79,84
Berkeley,SAN BRUNO,2002,20,90,65,85,85
Berkeley,SAN BRUNO,2003,15,100,60,93,93
Berkeley,SAN BRUNO,2004,18,89,50,83,89
Berkeley,SAN BRUNO,2005,10,100,50,70,80
Berkeley,SAN BRUNO,2007,15,100,73,87,93
Berkeley,SAN BRUNO,2008,14,93,79,93,93
Berkeley,SAN BRUNO,2009,22,91,64,86,91
Berkeley,SAN BRUNO,2010,25,96,48,88,96
Berkeley,SAN BRUNO,2011,13,77,31,77,77
Berkeley,SAN BRUNO,2012,24,88,63,92,92
Berkeley,SAN BRUNO,2013,22,86,55,77,86
Berkeley,SAN BRUNO,2014,16,94,69,81,100
Berkeley,SAN BRUNO,2015,27,93,67,96,96
Berkeley,SAN BRUNO,2016,33,97,55,94,94
Berkeley,SAN BRUNO,2017,35,91,69,91,91
Berkeley,SAN BRUNO,2018,34,100,74,94,97
Berkeley,SAN BRUNO,2019,19,100,74,89,95
Berkeley,SAN BRUNO,2020,27,100,67,89,93
Berkeley,SAN BRUNO,2021,20,95,60,90,90
Berkeley,SAN BRUNO,2022,29,100,83,97,
Berkeley,SAN BRUNO,2023,24,100,83,,
Berkeley,SAN BRUNO,2024,17,94,,,
Berkeley,SAN DIEGO,1999,13,85,31,62,69
Berkeley,SAN DIEGO,2000,14,100,36,71,79
Berkeley,SAN DIEGO,2001,18,100,67,72,78
Berkeley,SAN DIEGO,2002,22,86,59,68,82
Berkeley,SAN DIEGO,2003,11,91,64,91,91
Berkeley,SAN DIEGO,2003,10,90,50,80,80
Berkeley,SAN DIEGO,2004,14,71,57,86,86
Berkeley,SAN DIEGO,2005,14,100,36,93,93
Berkeley,SAN DIEGO,2005,24,96,67,79,83
Berkeley,SAN DIEGO,2006,12,83,50,75,92
Berkeley,SAN DIEGO,2006,28,93,61,82,86
Berkeley,SAN DIEGO,2007,17,94,47,82,82
Berkeley,SAN DIEGO,2008,11,91,64,91,100
Berkeley,SAN DIEGO,2009,13,100,31,54,85
Berkeley,SAN DIEGO,2009,23,96,57,87,91
Berkeley,SAN DIEGO,2010,15,93,60,87,100
Berkeley,SAN DIEGO,2011,11,91,73,73,82
Berkeley,SAN DIEGO,2011,28,96,50,86,89
Berkeley,SAN DIEGO,2012,20,90,45,80,80
Berkeley,SAN DIEGO,2013,10,100,30,60,60
Berkeley,SAN DIEGO,2013,24,100,58,96,100
Berkeley,SAN DIEGO,2014,27,85,56,78,89
Berkeley,SAN DIEGO,2015,17,100,65,88,88
Berkeley,SAN DIEGO,2016,11,91,64,91,91
Berkeley,SAN DIEGO,2016,27,93,41,89,89
Berkeley,SAN DIEGO,2016,12,92,50,75,75
Berkeley,SAN DIEGO,2017,13,85,38,77,77
Berkeley,SAN DIEGO,2017,36,94,58,89,94
Berkeley,SAN DIEGO,2018,25,96,56,84,88
Berkeley,SAN DIEGO,2019,23,91,52,87,91
Berkeley,SAN DIEGO,2019,24,96,58,88,92
Berkeley,SAN DIEGO,2019,18,100,56,78,83
Berkeley,SAN DIEGO,2020,14,86,57,71,93
Berkeley,SAN DIEGO,2020,28,93,57,96,96
Berkeley,SAN DIEGO,2020,18,100,61,89,94
Berkeley,SAN DIEGO,2021,11,91,36,82,82
Berkeley,SAN DIEGO,2021,28,93,54,86,89
Berkeley,SAN DIEGO,2021,16,100,44,75,81
Berkeley,SAN DIEGO,2022,15,93,40,67,
Berkeley,SAN DIEGO,2022,12,92,42,83,
Berkeley,SAN DIEGO,2023,36,97,47,,
Berkeley,SAN DIEGO,2023,12,92,67,,
Berkeley,SAN DIEGO,2024,40,95,,,
Berkeley,SAN DIEGO,2024,18,94,,,
Berkeley,SAN FRANCISCO,1999,92,92,48,85,88
Berkeley,SAN FRANCISCO,2000,109,89,50,86,91
Berkeley,SAN FRANCISCO,2001,116,97,47,86,94
Berkeley,SAN FRANCISCO,2002,132,92,54,87,90
Berkeley,SAN FRANCISCO,2003,112,96,66,90,96
Berkeley,SAN FRANCISCO,2004,119,98,66,92,92
Berkeley,SAN FRANCISCO,2005,131,96,65,88,94
Berkeley,SAN FRANCISCO,2006,103,96,58,84,92
Berkeley,SAN FRANCISCO,2007,144,92,54,88,92
Berkeley,SAN FRANCISCO,2008,124,98,53,89,90
Berkeley,SAN FRANCISCO,2009,122,97,65,92,93
Berkeley,SAN FRANCISCO,2010,129,97,65,91,98
Berkeley,SAN FRANCISCO,2011,114,94,58,89,92
Berkeley,SAN FRANCISCO,2012,129,95,57,85,91
Berkeley,SAN FRANCISCO,2013,116,96,70,92,94
Berkeley,SAN FRANCISCO,2014,121,95,55,89,91
Berkeley,SAN FRANCISCO,2015,91,95,64,88,96
Berkeley,SAN FRANCISCO,2016,88,98,64,89,94
Berkeley,SAN FRANCISCO,2017,88,93,63,92,94
Berkeley,SAN FRANCISCO,2018,95,100,65,94,99
Berkeley,SAN FRANCISCO,2019,108,92,58,81,89
Berkeley,SAN FRANCISCO,2020,91,95,59,86,89
Berkeley,SAN FRANCISCO,2021,89,92,57,85,89
Berkeley,SAN FRANCISCO,2022,99,95,57,93,
Berkeley,SAN FRANCISCO,2023,91,97,70,,
Berkeley,SAN FRANCISCO,2024,69,96,,,
Berkeley,SAN JACINTO,2012,14,100,29,57,71
Berkeley,SAN JACINTO,2013,10,90,20,80,90
Berkeley,SAN JACINTO,2020,10,100,50,60,60
Berkeley,SAN JACINTO,2021,11,82,18,82,91
Berkeley,SAN JACINTO,2023,12,92,33,,
Berkeley,SAN JACINTO,2024,15,93,,,
Berkeley,SAN JOSE,2006,10,90,60,90,90
Berkeley,SAN JOSE,2007,10,100,60,100,100
Berkeley,SAN JOSE,2008,13,100,62,85,100
Berkeley,SAN JOSE,2009,11,100,64,82,82
Berkeley,SAN JOSE,2013,10,90,50,100,100
Berkeley,SAN JOSE,2015,10,90,70,80,80
Berkeley,SAN JOSE,2016,10,100,70,100,100
Berkeley,SAN JOSE,2016,12,100,75,92,92
Berkeley,SAN JOSE,2018,14,100,100,100,100
Berkeley,SAN JOSE,2021,13,92,54,85,85
Berkeley,SAN JOSE,2021,19,89,63,84,84
Berkeley,SAN JOSE,2022,11,82,45,73,
Berkeley,SAN JOSE,2022,12,83,50,83,
Berkeley,SAN JOSE,2023,13,92,46,,
Berkeley,SAN JOSE,2023,19,100,58,,
Berkeley,SAN JOSE,2024,13,100,,,
Berkeley,SAN JOSE,2024,12,100,,,
Berkeley,SAN LUIS OBISPO,2004,12,100,58,92,100
Berkeley,SAN LUIS OBISPO,2008,10,90,60,80,90
Berkeley,SAN LUIS OBISPO,2009,13,92,62,77,85
Berkeley,SAN LUIS OBISPO,2010,16,94,69,88,94
Berkeley,SAN LUIS OBISPO,2013,14,86,71,93,93
Berkeley,SAN LUIS OBISPO,2018,10,100,60,100,100
Berkeley,SAN LUIS OBISPO,2019,13,77,46,85,92
Berkeley,SAN LUIS OBISPO,2020,10,90,80,90,90
Berkeley,SAN LUIS OBISPO,2021,12,100,42,83,83
Berkeley,SAN LUIS OBISPO,2023,12,100,67,,
Berkeley,SAN LUIS OBISPO,2024,18,100,,,
Berkeley,SAN MARCOS,1999,12,92,67,92,100
Berkeley,SAN MARCOS,2002,12,100,25,92,92
Berkeley,SAN MARCOS,2003,10,60,40,70,70
Berkeley,SAN MARCOS,2005,10,80,60,80,80
Berkeley,SAN MARCOS,2006,13,100,54,92,100
Berkeley,SAN MARCOS,2007,12,92,50,83,83
Berkeley,SAN MARCOS,2008,10,90,60,90,90
Berkeley,SAN MARCOS,2010,11,91,82,91,100
Berkeley,SAN MARCOS,2011,14,86,43,86,86
Berkeley,SAN MARCOS,2012,16,94,69,94,100
Berkeley,SAN MARCOS,2013,10,100,30,80,100
Berkeley,SAN MARCOS,2014,14,93,43,79,93
Berkeley,SAN MARCOS,2016,16,94,63,81,94
Berkeley,SAN MARCOS,2017,15,100,80,93,100
Berkeley,SAN MARCOS,2019,13,92,38,77,92
Berkeley,SAN MARCOS,2020,12,92,42,92,92
Berkeley,SAN MARCOS,2021,20,100,55,85,95
Berkeley,SAN MARCOS,2022,17,94,65,76,
Berkeley,SAN MARCOS,2023,25,100,68,,
Berkeley,SAN MARCOS,2024,24,96,,,
Berkeley,SAN MATEO,1999,24,96,46,88,96
Berkeley,SAN MATEO,2000,56,96,54,88,95
Berkeley,SAN MATEO,2001,58,91,41,78,90
Berkeley,SAN MATEO,2002,42,95,67,83,83
Berkeley,SAN MATEO,2003,24,83,38,67,75
Berkeley,SAN MATEO,2004,35,97,54,80,89
Berkeley,SAN MATEO,2005,31,90,55,81,84
Berkeley,SAN MATEO,2006,28,96,50,86,96
Berkeley,SAN MATEO,2007,18,89,50,78,78
Berkeley,SAN MATEO,2008,27,96,56,89,89
Berkeley,SAN MATEO,2009,35,97,69,97,97
Berkeley,SAN MATEO,2010,33,100,64,100,100
Berkeley,SAN MATEO,2011,26,96,58,85,92
Berkeley,SAN MATEO,2012,30,93,50,87,93
Berkeley,SAN MATEO,2013,19,100,68,100,100
Berkeley,SAN MATEO,2014,32,97,63,91,94
Berkeley,SAN MATEO,2015,30,97,70,90,90
Berkeley,SAN MATEO,2016,36,89,53,83,89
Berkeley,SAN MATEO,2017,41,95,63,98,100
Berkeley,SAN MATEO,2018,26,96,62,88,88
Berkeley,SAN MATEO,2019,39,79,64,90,90
Berkeley,SAN MATEO,2020,40,88,48,83,88
Berkeley,SAN MATEO,2021,34,91,62,85,85
Berkeley,SAN MATEO,2022,45,96,56,89,
Berkeley,SAN MATEO,2023,47,94,68,,
Berkeley,SAN MATEO,2024,39,100,,,
Berkeley,SAN PABLO,1999,22,86,32,73,77
Berkeley,SAN PABLO,2000,18,78,50,67,72
Berkeley,SAN PABLO,2001,19,100,32,63,68
Berkeley,SAN PABLO,2002,18,83,28,61,72
Berkeley,SAN PABLO,2003,28,89,32,79,82
Berkeley,SAN PABLO,2004,21,95,24,76,81
Berkeley,SAN PABLO,2005,17,94,53,94,94
Berkeley,SAN PABLO,2006,22,91,55,77,86
Berkeley,SAN PABLO,2007,29,97,34,72,72
Berkeley,SAN PABLO,2008,24,96,50,75,88
Berkeley,SAN PABLO,2009,27,85,48,74,74
Berkeley,SAN PABLO,2010,33,88,64,82,88
Berkeley,SAN PABLO,2011,25,96,48,96,96
Berkeley,SAN PABLO,2012,28,93,64,82,89
Berkeley,SAN PABLO,2013,25,96,56,88,96
Berkeley,SAN PABLO,2014,24,92,50,83,88
Berkeley,SAN PABLO,2015,21,90,43,71,81
Berkeley,SAN PABLO,2016,21,81,57,76,81
Berkeley,SAN PABLO,2017,19,100,37,79,89
Berkeley,SAN PABLO,2018,27,93,56,81,89
Berkeley,SAN PABLO,2019,37,97,70,95,95
Berkeley,SAN PABLO,2020,29,100,45,79,83
Berkeley,SAN PABLO,2021,22,95,64,95,100
Berkeley,SAN PABLO,2022,16,81,44,69,
Berkeley,SAN PABLO,2023,23,100,70,,
Berkeley,SAN PABLO,2024,23,78,,,
Berkeley,SANTA ANA,2008,10,100,70,100,100
Berkeley,SANTA ANA,2009,11,100,55,82,82
Berkeley,SANTA ANA,2016,13,92,31,77,92
Berkeley,SANTA ANA,2021,13,100,46,77,100
Berkeley,SANTA ANA,2024,10,90,,,
Berkeley,SANTA BARBARA,1999,24,92,58,92,96
Berkeley,SANTA BARBARA,2001,25,88,48,84,88
Berkeley,SANTA BARBARA,2002,19,84,53,74,79
Berkeley,SANTA BARBARA,2003,17,88,53,82,100
Berkeley,SANTA BARBARA,2004,15,100,53,93,93
Berkeley,SANTA BARBARA,2005,20,90,70,95,100
Berkeley,SANTA BARBARA,2006,26,96,58,85,88
Berkeley,SANTA BARBARA,2007,31,94,74,94,97
Berkeley,SANTA BARBARA,2008,33,97,55,91,94
Berkeley,SANTA BARBARA,2009,31,90,58,77,84
Berkeley,SANTA BARBARA,2010,30,100,67,97,100
Berkeley,SANTA BARBARA,2011,32,81,66,84,88
Berkeley,SANTA BARBARA,2012,35,94,54,94,97
Berkeley,SANTA BARBARA,2013,42,93,52,95,98
Berkeley,SANTA BARBARA,2014,51,90,67,88,94
Berkeley,SANTA BARBARA,2015,46,91,63,78,87
Berkeley,SANTA BARBARA,2016,62,90,65,95,95
Berkeley,SANTA BARBARA,2017,52,98,79,92,96
Berkeley,SANTA BARBARA,2018,45,93,69,89,93
Berkeley,SANTA BARBARA,2019,44,82,59,89,95
Berkeley,SANTA BARBARA,2020,45,91,60,87,89
Berkeley,SANTA BARBARA,2021,33,97,48,88,94
Berkeley,SANTA BARBARA,2022,45,89,58,82,
Berkeley,SANTA BARBARA,2023,59,95,56,,
Berkeley,SANTA BARBARA,2024,53,100,,,
Berkeley,SANTA CLARA,2005,11,100,82,100,100
Berkeley,SANTA CLARA,2006,12,100,83,100,100
Berkeley,SANTA CLARA,2008,10,100,70,100,100
Berkeley,SANTA CLARA,2010,14,71,43,57,71
Berkeley,SANTA CLARA,2018,11,100,73,100,100
Berkeley,SANTA CLARA,2020,12,100,42,92,92
Berkeley,SANTA CLARA,2021,11,100,55,91,100
Berkeley,SANTA CLARA,2022,11,100,55,100,
Berkeley,SANTA CLARA,2023,16,100,50,,
Berkeley,SANTA CLARA,2024,12,100,,,
Berkeley,SANTA MARIA,2013,10,100,70,80,100
Berkeley,SANTA MONICA,1999,47,96,53,87,87
Berkeley,SANTA MONICA,2000,68,91,46,87,90
Berkeley,SANTA MONICA,2001,62,90,47,74,90
Berkeley,SANTA MONICA,2002,87,93,46,86,93
Berkeley,SANTA MONICA,2003,77,95,58,87,90
Berkeley,SANTA MONICA,2004,71,94,45,85,92
Berkeley,SANTA MONICA,2005,87,89,45,77,85
Berkeley,SANTA MONICA,2006,90,91,51,79,89
Berkeley,SANTA MONICA,2007,81,89,53,81,84
Berkeley,SANTA MONICA,2008,77,95,58,88,92
Berkeley,SANTA MONICA,2009,102,91,64,84,88
Berkeley,SANTA MONICA,2010,102,91,68,82,88
Berkeley,SANTA MONICA,2011,157,87,59,81,87
Berkeley,SANTA MONICA,2012,152,86,59,81,85
Berkeley,SANTA MONICA,2013,102,90,44,76,85
Berkeley,SANTA MONICA,2014,130,92,52,82,90
Berkeley,SANTA MONICA,2015,121,93,67,87,93
Berkeley,SANTA MONICA,2016,137,94,63,87,91
Berkeley,SANTA MONICA,2017,159,96,73,91,94
Berkeley,SANTA MONICA,2018,110,94,63,85,92
Berkeley,SANTA MONICA,2019,114,89,59,84,89
Berkeley,SANTA MONICA,2020,140,88,53,79,86
Berkeley,SANTA MONICA,2021,132,89,61,85,87
Berkeley,SANTA MONICA,2022,166,96,63,90,
Berkeley,SANTA MONICA,2023,134,96,61,,
Berkeley,SANTA MONICA,2024,96,98,,,
Berkeley,SANTA ROSA,1999,28,96,46,82,96
Berkeley,SANTA ROSA,2000,35,91,57,89,94
Berkeley,SANTA ROSA,2001,39,97,54,95,95
Berkeley,SANTA ROSA,2002,43,95,51,86,91
Berkeley,SANTA ROSA,2003,22,91,64,86,86
Berkeley,SANTA ROSA,2004,40,95,65,88,93
Berkeley,SANTA ROSA,2005,40,98,50,85,90
Berkeley,SANTA ROSA,2006,54,100,67,98,98
Berkeley,SANTA ROSA,2007,38,97,79,89,92
Berkeley,SANTA ROSA,2008,30,100,67,87,90
Berkeley,SANTA ROSA,2009,49,88,59,80,88
Berkeley,SANTA ROSA,2010,53,98,74,92,92
Berkeley,SANTA ROSA,2011,59,97,61,88,90
Berkeley,SANTA ROSA,2012,42,95,55,90,93
Berkeley,SANTA ROSA,2013,35,91,71,89,94
Berkeley,SANTA ROSA,2014,38,92,58,89,92
Berkeley,SANTA ROSA,2015,43,95,53,84,93
Berkeley,SANTA ROSA,2016,65,92,65,88,91
Berkeley,SANTA ROSA,2017,42,100,81,93,98
Berkeley,SANTA ROSA,2018,37,100,84,97,100
Berkeley,SANTA ROSA,2019,44,100,64,93,95
Berkeley,SANTA ROSA,2020,41,90,51,83,83
Berkeley,SANTA ROSA,2021,36,94,69,83,89
Berkeley,SANTA ROSA,2022,34,100,68,94,
Berkeley,SANTA ROSA,2023,44,98,61,,
Berkeley,SANTA ROSA,2024,39,90,,,
Berkeley,SARATOGA,1999,13,92,38,69,77
Berkeley,SARATOGA,2000,18,94,50,72,89
Berkeley,SARATOGA,2001,23,100,35,74,83
Berkeley,SARATOGA,2002,10,90,40,80,90
Berkeley,SARATOGA,2003,16,100,81,94,94
Berkeley,SARATOGA,2004,14,93,57,79,86
Berkeley,SARATOGA,2005,18,89,33,72,78
Berkeley,SARATOGA,2006,29,97,66,83,90
Berkeley,SARATOGA,2007,16,100,38,94,94
Berkeley,SARATOGA,2008,15,93,87,93,93
Berkeley,SARATOGA,2009,21,100,76,95,95
Berkeley,SARATOGA,2010,12,92,50,92,92
Berkeley,SARATOGA,2011,14,93,71,93,100
Berkeley,SARATOGA,2012,26,88,50,88,88
Berkeley,SARATOGA,2013,27,100,52,89,96
Berkeley,SARATOGA,2014,19,79,47,68,89
Berkeley,SARATOGA,2015,24,96,67,92,92
Berkeley,SARATOGA,2016,13,92,46,85,85
Berkeley,SARATOGA,2017,18,94,67,94,94
Berkeley,SARATOGA,2018,25,96,60,84,84
Berkeley,SARATOGA,2019,29,86,79,90,100
Berkeley,SARATOGA,2020,22,100,73,95,100
Berkeley,SARATOGA,2021,24,88,63,88,92
Berkeley,SARATOGA,2022,14,100,64,93,
Berkeley,SARATOGA,2023,30,90,23,,
Berkeley,SARATOGA,2024,32,94,,,
Berkeley,STOCKTON,2002,13,100,46,77,85
Berkeley,STOCKTON,2003,11,100,45,100,100
Berkeley,STOCKTON,2004,14,86,50,64,71
Berkeley,STOCKTON,2006,15,93,53,80,80
Berkeley,STOCKTON,2007,11,91,73,73,82
Berkeley,STOCKTON,2008,11,91,73,82,82
Berkeley,STOCKTON,2009,14,100,71,93,93
Berkeley,STOCKTON,2010,15,80,60,80,80
Berkeley,STOCKTON,2011,11,91,64,91,91
Berkeley,STOCKTON,2012,12,92,50,83,100
Berkeley,STOCKTON,2013,14,93,64,93,93
Berkeley,STOCKTON,2015,12,100,67,92,100
Berkeley,STOCKTON,2016,12,100,83,100,100
Berkeley,STOCKTON,2017,18,100,50,100,100
Berkeley,STOCKTON,2018,11,100,73,91,91
Berkeley,STOCKTON,2019,10,90,40,90,90
Berkeley,STOCKTON,2020,14,93,43,93,100
Berkeley,STOCKTON,2021,14,100,64,79,86
Berkeley,STOCKTON,2022,12,100,92,92,
Berkeley,STOCKTON,2023,16,100,88,,
Berkeley,STOCKTON,2024,12,92,,,
Berkeley,TORRANCE,1999,10,90,40,90,100
Berkeley,TORRANCE,2000,13,92,31,69,77
Berkeley,TORRANCE,2001,22,91,68,77,82
Berkeley,TORRANCE,2002,14,100,57,93,93
Berkeley,TORRANCE,2003,26,96,58,85,85
Berkeley,TORRANCE,2004,20,90,45,80,80
Berkeley,TORRANCE,2005,19,100,63,89,95
Berkeley,TORRANCE,2006,19,89,42,79,84
Berkeley,TORRANCE,2007,41,90,59,88,93
Berkeley,TORRANCE,2008,31,94,65,84,87
Berkeley,TORRANCE,2009,31,94,68,81,81
Berkeley,TORRANCE,2010,26,96,69,96,96
Berkeley,TORRANCE,2011,38,89,58,89,89
Berkeley,TORRANCE,2012,41,98,61,93,95
Berkeley,TORRANCE,2013,43,93,51,84,86
Berkeley,TORRANCE,2014,25,88,48,80,88
Berkeley,TORRANCE,2015,34,100,62,85,91
Berkeley,TORRANCE,2016,40,93,48,88,90
Berkeley,TORRANCE,2017,42,90,55,88,88
Berkeley,TORRANCE,2018,33,100,76,94,94
Berkeley,TORRANCE,2019,38,95,45,79,89
Berkeley,TORRANCE,2020,30,83,37,63,73
Berkeley,TORRANCE,2021,31,97,48,84,87
Berkeley,TORRANCE,2022,33,94,58,88,
Berkeley,TORRANCE,2023,35,89,51,,
Berkeley,TORRANCE,2024,43,100,,,
Berkeley,VALENCIA,2006,12,100,58,92,92
Berkeley,VALENCIA,2007,11,91,73,91,91
Berkeley,VALENCIA,2008,16,100,63,94,94
Berkeley,VALENCIA,2009,13,92,62,85,92
Berkeley,VALENCIA,2010,13,92,54,77,77
Berkeley,VALENCIA,2011,17,100,71,94,94
Berkeley,VALENCIA,2012,13,100,54,85,85
Berkeley,VALENCIA,2013,15,87,53,93,93
Berkeley,VALENCIA,2014,15,93,87,100,100
Berkeley,VALENCIA,2015,14,93,43,79,79
Berkeley,VALENCIA,2016,22,95,64,86,91
Berkeley,VALENCIA,2017,14,93,64,93,93
Berkeley,VALENCIA,2018,23,91,57,91,96
Berkeley,VALENCIA,2019,23,78,43,74,87
Berkeley,VALENCIA,2020,28,96,46,89,96
Berkeley,VALENCIA,2021,20,95,60,90,95
Berkeley,VALENCIA,2022,28,93,61,86,
Berkeley,VALENCIA,2023,23,100,61,,
Berkeley,VALENCIA,2024,10,100,,,
Berkeley,VAN NUYS,2000,10,90,50,70,80
Berkeley,VAN NUYS,2002,15,87,47,80,80
Berkeley,VAN NUYS,2004,16,100,56,88,94
Berkeley,VAN NUYS,2005,15,80,33,60,67
Berkeley,VAN NUYS,2006,16,94,50,69,88
Berkeley,VAN NUYS,2007,18,94,56,100,100
Berkeley,VAN NUYS,2008,11,91,73,82,82
Berkeley,VAN NUYS,2009,14,100,50,79,86
Berkeley,VAN NUYS,2010,13,92,62,85,92
Berkeley,VAN NUYS,2011,14,93,57,86,86
Berkeley,VAN NUYS,2012,12,92,42,83,83
Berkeley,VAN NUYS,2013,17,100,53,88,88
Berkeley,VAN NUYS,2014,13,92,54,77,85
Berkeley,VAN NUYS,2015,11,100,27,91,100
Berkeley,VAN NUYS,2016,13,100,62,92,92
Berkeley,VAN NUYS,2017,15,93,27,60,73
Berkeley,VAN NUYS,2018,13,100,69,92,92
Berkeley,VAN NUYS,2019,13,100,54,92,100
Berkeley,VAN NUYS,2020,16,100,44,88,88
Berkeley,VAN NUYS,2021,15,93,67,87,87
Berkeley,VAN NUYS,2022,13,92,54,92,
Berkeley,VAN NUYS,2023,15,100,67,,
Berkeley,VAN NUYS,2024,17,100,,,
Berkeley,VENTURA,2003,10,100,60,90,100
Berkeley,VENTURA,2009,10,80,30,80,80
Berkeley,VENTURA,2011,12,83,58,83,83
Berkeley,VENTURA,2012,10,90,40,80,80
Berkeley,VENTURA,2013,12,100,75,100,100
Berkeley,VENTURA,2014,15,100,47,80,87
Berkeley,VENTURA,2015,12,100,58,92,100
Berkeley,VENTURA,2017,14,93,71,71,86
Berkeley,VENTURA,2021,10,100,40,90,90
Berkeley,VENTURA,2022,12,92,42,75,
Berkeley,VENTURA,2023,15,93,67,,
Berkeley,VENTURA,2024,10,90,,,
Berkeley,VISALIA,2010,10,90,70,80,80
Berkeley,VISALIA,2024,11,91,,,
Berkeley,WALNUT,1999,16,100,56,81,88
Berkeley,WALNUT,2000,28,93,46,82,86
Berkeley,WALNUT,2001,29,100,59,100,100
Berkeley,WALNUT,2002,45,96,58,76,91
Berkeley,WALNUT,2003,30,97,50,83,93
Berkeley,WALNUT,2004,29,97,52,86,97
Berkeley,WALNUT,2005,36,97,69,89,92
Berkeley,WALNUT,2006,27,93,48,74,89
Berkeley,WALNUT,2007,39,92,51,92,95
Berkeley,WALNUT,2008,32,97,59,84,88
Berkeley,WALNUT,2009,31,94,45,84,90
Berkeley,WALNUT,2010,34,97,50,85,94
Berkeley,WALNUT,2011,34,100,56,85,91
Berkeley,WALNUT,2012,53,94,53,85,91
Berkeley,WALNUT,2013,52,94,60,85,85
Berkeley,WALNUT,2014,36,100,56,94,97
Berkeley,WALNUT,2015,47,98,60,91,98
Berkeley,WALNUT,2016,39,95,51,87,92
Berkeley,WALNUT,2017,56,96,73,93,98
Berkeley,WALNUT,2018,54,98,61,96,96
Berkeley,WALNUT,2019,46,93,72,91,93
Berkeley,WALNUT,2020,46,96,48,85,87
Berkeley,WALNUT,2021,55,95,58,89,89
Berkeley,WALNUT,2022,64,98,61,89,
Berkeley,WALNUT,2023,51,94,51,,
Berkeley,WALNUT,2024,46,96,,,
Berkeley,WHITTIER,2010,10,100,50,90,90
Berkeley,WHITTIER,2011,10,100,70,100,100
Berkeley,WHITTIER,2016,10,100,70,100,100
Berkeley,WHITTIER,2021,11,82,55,82,82
Berkeley,WOODLAND HILLS,2002,14,93,50,86,93
Berkeley,WOODLAND HILLS,2004,24,100,63,92,96
Berkeley,WOODLAND HILLS,2005,22,91,59,86,91
Berkeley,WOODLAND HILLS,2006,26,92,54,88,88
Berkeley,WOODLAND HILLS,2007,21,86,52,81,86
Berkeley,WOODLAND HILLS,2008,19,89,58,89,89
Berkeley,WOODLAND HILLS,2009,26,100,58,88,88
Berkeley,WOODLAND HILLS,2010,31,97,58,90,94
Berkeley,WOODLAND HILLS,2011,22,86,59,91,91
Berkeley,WOODLAND HILLS,2012,19,95,42,84,95
Berkeley,WOODLAND HILLS,2013,25,96,36,84,96
Berkeley,WOODLAND HILLS,2014,13,85,54,77,92
Berkeley,WOODLAND HILLS,2015,34,94,53,91,91
Berkeley,WOODLAND HILLS,2016,28,96,64,89,93
Berkeley,WOODLAND HILLS,2017,22,95,64,82,82
Berkeley,WOODLAND HILLS,2018,21,95,67,95,100
Berkeley,WOODLAND HILLS,2019,21,100,48,81,86
Berkeley,WOODLAND HILLS,2020,35,97,60,91,97
Berkeley,WOODLAND HILLS,2021,28,100,71,86,96
Berkeley,WOODLAND HILLS,2022,44,95,66,89,
Berkeley,WOODLAND HILLS,2023,35,91,54,,
Berkeley,WOODLAND HILLS,2024,40,98,,,
Davis,ALAMEDA,1999,10,90,40,60,90
Davis,ALAMEDA,2000,13,69,46,54,62
Davis,ALAMEDA,2001,15,80,20,47,67
Davis,ALAMEDA,2002,16,63,31,44,50
Davis,ALAMEDA,2003,14,79,36,43,50
Davis,ALAMEDA,2004,16,81,56,81,81
Davis,ALAMEDA,2005,19,79,58,79,89
Davis,ALAMEDA,2006,12,75,50,67,67
Davis,ALAMEDA,2008,14,86,36,79,93
Davis,ALAMEDA,2009,11,82,9,64,82
Davis,ALAMEDA,2010,15,73,47,73,73
Davis,ALAMEDA,2011,17,88,53,76,76
Davis,ALAMEDA,2012,20,80,35,70,80
Davis,ALAMEDA,2013,28,71,32,61,71
Davis,ALAMEDA,2014,26,92,42,77,81
Davis,ALAMEDA,2015,33,76,42,64,64
Davis,ALAMEDA,2016,27,85,74,85,93
Davis,ALAMEDA,2017,33,97,61,82,94
Davis,ALAMEDA,2018,16,88,69,75,88
Davis,ALAMEDA,2019,27,100,67,93,93
Davis,ALAMEDA,2020,22,86,55,73,73
Davis,ALAMEDA,2021,19,95,79,95,95
Davis,ALAMEDA,2022,23,78,48,70,
Davis,ALAMEDA,2023,14,86,50,,
Davis,ALAMEDA,2024,21,90,,,
Davis,APTOS,2000,12,92,58,83,92
Davis,APTOS,2001,17,88,47,82,94
Davis,APTOS,2002,19,100,47,79,84
Davis,APTOS,2003,13,92,46,92,92
Davis,APTOS,2004,16,88,31,81,88
Davis,APTOS,2005,11,91,45,82,91
Davis,APTOS,2006,12,92,58,83,83
Davis,APTOS,2007,15,73,47,60,73
Davis,APTOS,2008,20,90,45,80,90
Davis,APTOS,2009,26,85,46,65,88
Davis,APTOS,2010,36,94,47,72,75
Davis,APTOS,2011,35,89,57,86,89
Davis,APTOS,2012,20,95,30,70,80
Davis,APTOS,2013,25,84,48,76,88
Davis,APTOS,2014,32,91,56,75,75
Davis,APTOS,2015,30,93,60,77,90
Davis,APTOS,2016,32,97,69,91,94
Davis,APTOS,2017,29,86,59,76,83
Davis,APTOS,2018,41,90,63,85,95
Davis,APTOS,2019,33,91,73,88,88
Davis,APTOS,2020,29,97,62,83,93
Davis,APTOS,2021,32,97,72,91,97
Davis,APTOS,2022,21,100,57,81,
Davis,APTOS,2023,14,100,93,,
Davis,APTOS,2024,22,100,,,
Davis,BAKERSFIELD,2000,12,92,8,50,58
Davis,BAKERSFIELD,2001,10,90,40,90,90
Davis,BAKERSFIELD,2002,14,93,43,64,64
Davis,BAKERSFIELD,2003,11,82,27,64,73
Davis,BAKERSFIELD,2005,11,73,45,64,64
Davis,BAKERSFIELD,2007,11,82,45,73,82
Davis,BAKERSFIELD,2009,14,79,21,79,79
Davis,BAKERSFIELD,2010,14,93,57,79,100
Davis,BAKERSFIELD,2012,12,83,67,67,75
Davis,BAKERSFIELD,2014,13,92,69,85,85
Davis,BAKERSFIELD,2015,17,94,65,82,88
Davis,BAKERSFIELD,2016,17,100,71,94,94
Davis,BAKERSFIELD,2017,11,91,55,82,91
Davis,BAKERSFIELD,2019,14,100,43,71,71
Davis,BAKERSFIELD,2020,11,91,55,73,100
Davis,BAKERSFIELD,2023,16,100,56,,
Davis,BERKELEY,2008,16,88,31,75,75
Davis,BERKELEY,2009,11,73,27,55,73
Davis,BERKELEY,2010,21,90,38,71,76
Davis,BERKELEY,2011,14,93,50,79,79
Davis,BERKELEY,2012,31,87,32,65,77
Davis,BERKELEY,2013,30,83,57,73,73
Davis,BERKELEY,2014,38,89,45,82,87
Davis,BERKELEY,2015,34,94,85,94,94
Davis,BERKELEY,2016,67,94,40,69,82
Davis,BERKELEY,2017,55,91,53,87,91
Davis,BERKELEY,2018,52,96,60,94,96
Davis,BERKELEY,2019,49,90,57,80,84
Davis,BERKELEY,2020,57,93,65,89,89
Davis,BERKELEY,2021,49,92,59,90,92
Davis,BERKELEY,2022,48,92,48,79,
Davis,BERKELEY,2023,38,95,55,,
Davis,BERKELEY,2024,44,93,,,
Davis,CHULA VISTA,2017,10,90,40,90,90
Davis,COSTA MESA,2007,12,92,25,75,92
Davis,COSTA MESA,2009,16,100,44,100,100
Davis,COSTA MESA,2010,18,89,28,83,83
Davis,COSTA MESA,2011,22,95,68,91,95
Davis,COSTA MESA,2012,18,83,39,50,72
Davis,COSTA MESA,2013,18,89,72,78,83
Davis,COSTA MESA,2014,19,84,37,63,68
Davis,COSTA MESA,2015,21,100,57,86,90
Davis,COSTA MESA,2016,14,79,64,71,79
Davis,COSTA MESA,2017,23,87,48,87,87
Davis,COSTA MESA,2018,20,85,45,80,85
Davis,COSTA MESA,2019,13,92,77,77,77
Davis,COSTA MESA,2020,25,80,44,72,80
Davis,COSTA MESA,2021,23,96,48,87,87
Davis,COSTA MESA,2022,24,92,63,75,
Davis,COSTA MESA,2023,14,79,71,,
Davis,COSTA MESA,2024,15,93,,,
Davis,CULVER CITY,2017,11,73,45,55,82
Davis,CUPERTINO,1999,43,93,51,88,91
Davis,CUPERTINO,2000,94,89,37,72,87
Davis,CUPERTINO,2001,83,92,42,81,88
Davis,CUPERTINO,2002,91,92,46,89,91
Davis,CUPERTINO,2003,87,92,55,79,87
Davis,CUPERTINO,2004,104,92,52,85,90
Davis,CUPERTINO,2005,96,88,57,80,86
Davis,CUPERTINO,2006,106,92,57,83,90
Davis,CUPERTINO,2007,107,93,54,83,87
Davis,CUPERTINO,2008,109,96,52,85,92
Davis,CUPERTINO,2009,108,94,49,75,84
Davis,CUPERTINO,2010,151,89,52,81,85
Davis,CUPERTINO,2011,193,92,52,85,89
Davis,CUPERTINO,2012,178,92,59,84,90
Davis,CUPERTINO,2013,167,95,54,87,92
Davis,CUPERTINO,2014,199,92,52,86,90
Davis,CUPERTINO,2015,194,93,57,86,90
Davis,CUPERTINO,2016,239,94,61,86,92
Davis,CUPERTINO,2017,200,91,57,84,90
Davis,CUPERTINO,2018,202,94,66,86,91
Davis,CUPERTINO,2019,196,90,67,85,90
Davis,CUPERTINO,2020,159,92,66,87,94
Davis,CUPERTINO,2021,164,94,66,87,93
Davis,CUPERTINO,2022,154,95,62,86,
Davis,CUPERTINO,2023,166,97,72,,
Davis,CUPERTINO,2024,180,94,,,
Davis,CYPRESS,2013,10,90,50,80,100
Davis,CYPRESS,2014,12,75,58,83,83
Davis,EL CAJON,2023,11,91,64,,
Davis,FAIRFIELD,1999,43,93,58,74,81
Davis,FAIRFIELD,2000,67,91,49,76,78
Davis,FAIRFIELD,2001,67,87,40,72,76
Davis,FAIRFIELD,2002,57,91,54,86,89
Davis,FAIRFIELD,2003,57,88,44,84,88
Davis,FAIRFIELD,2004,66,85,45,74,79
Davis,FAIRFIELD,2005,80,86,55,81,83
Davis,FAIRFIELD,2006,73,92,67,86,92
Davis,FAIRFIELD,2007,72,93,63,83,86
Davis,FAIRFIELD,2008,81,95,60,86,90
Davis,FAIRFIELD,2009,76,93,58,87,89
Davis,FAIRFIELD,2010,101,90,58,83,85
Davis,FAIRFIELD,2011,104,89,58,83,88
Davis,FAIRFIELD,2012,102,88,47,74,79
Davis,FAIRFIELD,2013,74,93,54,81,89
Davis,FAIRFIELD,2014,104,94,51,80,88
Davis,FAIRFIELD,2015,57,95,65,86,91
Davis,FAIRFIELD,2016,108,93,59,84,91
Davis,FAIRFIELD,2017,105,89,53,81,87
Davis,FAIRFIELD,2018,101,90,52,86,88
Davis,FAIRFIELD,2019,87,97,71,89,92
Davis,FAIRFIELD,2020,77,88,55,75,81
Davis,FAIRFIELD,2021,85,92,67,87,89
Davis,FAIRFIELD,2022,70,89,60,79,
Davis,FAIRFIELD,2023,75,95,69,,
Davis,FAIRFIELD,2024,92,92,,,
Davis,FOLSOM,2006,22,95,50,86,91
Davis,FOLSOM,2007,21,90,43,67,86
Davis,FOLSOM,2008,29,100,69,90,93
Davis,FOLSOM,2009,38,89,55,79,87
Davis,FOLSOM,2010,51,86,53,78,84
Davis,FOLSOM,2011,52,100,67,94,96
Davis,FOLSOM,2012,54,93,57,91,94
Davis,FOLSOM,2013,51,96,63,90,90
Davis,FOLSOM,2014,51,94,61,84,84
Davis,FOLSOM,2015,36,92,53,89,94
Davis,FOLSOM,2016,67,93,57,87,93
Davis,FOLSOM,2017,46,98,63,91,98
Davis,FOLSOM,2018,66,97,62,89,91
Davis,FOLSOM,2019,60,92,72,83,85
Davis,FOLSOM,2020,65,89,65,83,86
Davis,FOLSOM,2021,55,95,69,91,95
Davis,FOLSOM,2022,53,96,79,89,
Davis,FOLSOM,2023,69,99,74,,
Davis,FOLSOM,2024,64,97,,,
Davis,FREMONT,1999,13,77,31,54,69
Davis,FREMONT,2000,30,93,50,77,87
Davis,FREMONT,2001,30,90,60,83,83
Davis,FREMONT,2002,18,94,28,83,94
Davis,FREMONT,2003,26,88,50,88,92
Davis,FREMONT,2004,34,82,56,76,82
Davis,FREMONT,2005,34,94,56,85,85
Davis,FREMONT,2006,32,88,41,69,81
Davis,FREMONT,2007,33,88,52,85,91
Davis,FREMONT,2008,32,91,66,84,84
Davis,FREMONT,2009,30,83,60,83,83
Davis,FREMONT,2010,51,94,49,82,88
Davis,FREMONT,2011,52,90,48,75,85
Davis,FREMONT,2012,66,89,56,80,86
Davis,FREMONT,2013,64,92,61,89,95
Davis,FREMONT,2014,48,96,67,90,94
Davis,FREMONT,2015,46,96,63,89,91
Davis,FREMONT,2016,72,96,68,89,93
Davis,FREMONT,2017,70,94,63,81,84
Davis,FREMONT,2018,80,88,55,88,89
Davis,FREMONT,2019,60,93,78,88,92
Davis,FREMONT,2020,69,96,59,88,94
Davis,FREMONT,2021,88,86,69,88,89
Davis,FREMONT,2022,66,94,65,85,
Davis,FREMONT,2023,49,98,65,,
Davis,FREMONT,2024,61,98,,,
Davis,FRESNO,2000,22,82,45,82,82
Davis,FRESNO,2001,29,79,14,69,76
Davis,FRESNO,2002,21,90,52,90,90
Davis,FRESNO,2003,14,93,43,93,93
Davis,FRESNO,2004,17,100,53,82,88
Davis,FRESNO,2005,20,95,60,85,85
Davis,FRESNO,2006,21,90,43,81,90
Davis,FRESNO,2007,35,80,31,69,71
Davis,FRESNO,2008,21,81,38,67,71
Davis,FRESNO,2009,26,85,46,73,81
Davis,FRESNO,2010,25,100,48,88,92
Davis,FRESNO,2011,19,84,26,74,79
Davis,FRESNO,2012,20,95,40,75,80
Davis,FRESNO,2013,20,90,50,80,85
Davis,FRESNO,2014,16,81,44,81,81
Davis,FRESNO,2015,13,92,46,85,92
Davis,FRESNO,2016,15,100,60,87,100
Davis,FRESNO,2016,17,100,53,100,100
Davis,FRESNO,2017,11,82,64,82,82
Davis,FRESNO,2017,13,92,38,77,85
Davis,FRESNO,2018,10,90,60,80,90
Davis,FRESNO,2019,19,95,63,89,95
Davis,FRESNO,2019,11,82,64,82,82
Davis,FRESNO,2020,16,94,69,81,88
Davis,FRESNO,2021,20,100,75,90,90
Davis,FRESNO,2022,12,100,83,100,
Davis,FRESNO,2022,11,100,73,73,
Davis,FRESNO,2023,20,95,65,,
Davis,FRESNO,2024,15,100,,,
Davis,FRESNO,2024,17,82,,,
Davis,FULLERTON,2012,10,90,40,70,80
Davis,FULLERTON,2013,11,100,36,64,91
Davis,FULLERTON,2014,13,92,31,77,92
Davis,FULLERTON,2015,12,100,42,100,100
Davis,FULLERTON,2016,14,79,43,79,93
Davis,FULLERTON,2017,17,94,65,82,94
Davis,FULLERTON,2018,17,100,41,82,82
Davis,FULLERTON,2019,14,93,57,71,86
Davis,FULLERTON,2020,10,80,60,70,80
Davis,FULLERTON,2021,16,81,44,75,75
Davis,GILROY,2006,10,90,30,70,70
Davis,GILROY,2017,13,92,38,69,77
Davis,GILROY,2018,11,100,82,91,91
Davis,GILROY,2020,12,92,33,83,100
Davis,GLENDALE,2011,11,82,36,73,91
Davis,GLENDALE,2012,12,83,33,58,67
Davis,GLENDALE,2014,20,95,70,85,95
Davis,GLENDALE,2015,21,90,43,81,90
Davis,GLENDALE,2016,19,89,47,84,84
Davis,GLENDALE,2017,11,91,64,82,82
Davis,GLENDALE,2018,13,85,15,69,69
Davis,GLENDALE,2022,13,92,54,85,
Davis,GLENDORA,2011,10,80,30,70,70
Davis,GLENDORA,2016,10,80,30,70,70
Davis,GLENDORA,2017,11,73,18,45,55
Davis,GLENDORA,2018,10,80,50,80,90
Davis,GLENDORA,2020,10,90,60,80,80
Davis,HAYWARD,1999,21,81,43,81,90
Davis,HAYWARD,2000,37,86,38,68,86
Davis,HAYWARD,2001,31,74,26,52,74
Davis,HAYWARD,2002,29,90,52,83,86
Davis,HAYWARD,2003,40,93,65,83,85
Davis,HAYWARD,2004,33,97,48,70,82
Davis,HAYWARD,2005,33,79,45,70,73
Davis,HAYWARD,2006,35,89,49,80,86
Davis,HAYWARD,2007,39,79,31,56,74
Davis,HAYWARD,2008,28,79,36,75,89
Davis,HAYWARD,2009,41,83,44,73,76
Davis,HAYWARD,2010,50,88,62,88,88
Davis,HAYWARD,2011,44,95,45,82,86
Davis,HAYWARD,2012,37,95,57,86,92
Davis,HAYWARD,2013,38,95,53,82,89
Davis,HAYWARD,2014,43,95,63,88,91
Davis,HAYWARD,2015,34,94,65,91,91
Davis,HAYWARD,2016,52,92,67,88,94
Davis,HAYWARD,2017,53,87,62,83,87
Davis,HAYWARD,2018,53,94,68,91,94
Davis,HAYWARD,2019,45,96,76,91,91
Davis,HAYWARD,2020,47,87,62,83,83
Davis,HAYWARD,2021,41,90,66,83,88
Davis,HAYWARD,2022,40,93,55,80,
Davis,HAYWARD,2023,58,100,76,,
Davis,HAYWARD,2024,33,100,,,
Davis,HUNTINGTON BEACH,2016,11,91,55,82,82
Davis,IRVINE,2010,13,77,23,62,77
Davis,IRVINE,2011,20,95,50,80,85
Davis,IRVINE,2012,14,93,36,71,86
Davis,IRVINE,2013,10,100,20,100,100
Davis,IRVINE,2014,21,95,57,90,95
Davis,IRVINE,2015,24,100,63,92,92
Davis,IRVINE,2016,27,96,59,93,93
Davis,IRVINE,2017,21,90,62,86,95
Davis,IRVINE,2018,27,93,67,85,85
Davis,IRVINE,2019,13,92,46,77,85
Davis,IRVINE,2020,30,90,60,90,97
Davis,IRVINE,2021,26,96,65,88,96
Davis,IRVINE,2022,19,100,63,95,
Davis,IRVINE,2023,21,81,71,,
Davis,IRVINE,2024,21,86,,,
Davis,KENTFIELD,1999,18,83,28,61,67
Davis,KENTFIELD,2000,22,100,50,82,91
Davis,KENTFIELD,2001,22,86,27,82,95
Davis,KENTFIELD,2002,24,96,58,88,92
Davis,KENTFIELD,2003,20,90,35,60,60
Davis,KENTFIELD,2004,11,100,73,82,91
Davis,KENTFIELD,2005,22,86,68,86,86
Davis,KENTFIELD,2006,17,88,53,82,82
Davis,KENTFIELD,2007,17,88,41,94,94
Davis,KENTFIELD,2008,21,86,33,86,90
Davis,KENTFIELD,2009,19,95,42,74,74
Davis,KENTFIELD,2010,25,92,56,80,84
Davis,KENTFIELD,2011,27,85,26,74,89
Davis,KENTFIELD,2012,27,96,70,85,89
Davis,KENTFIELD,2013,27,96,70,93,93
Davis,KENTFIELD,2014,25,96,60,92,96
Davis,KENTFIELD,2015,27,96,52,93,93
Davis,KENTFIELD,2016,39,92,49,74,90
Davis,KENTFIELD,2017,33,100,61,91,94
Davis,KENTFIELD,2018,31,100,81,97,100
Davis,KENTFIELD,2019,31,94,77,97,97
Davis,KENTFIELD,2020,25,92,72,92,92
Davis,KENTFIELD,2021,37,95,76,97,100
Davis,KENTFIELD,2022,23,91,52,87,
Davis,KENTFIELD,2023,30,97,57,,
Davis,KENTFIELD,2024,28,96,,,
Davis,LIVERMORE,1999,14,86,36,71,86
Davis,LIVERMORE,2000,29,97,38,83,83
Davis,LIVERMORE,2001,23,96,52,87,96
Davis,LIVERMORE,2002,38,89,50,79,84
Davis,LIVERMORE,2003,37,95,57,78,84
Davis,LIVERMORE,2004,39,95,59,87,87
Davis,LIVERMORE,2005,38,89,45,79,84
Davis,LIVERMORE,2006,40,95,55,85,90
Davis,LIVERMORE,2007,42,93,62,88,90
Davis,LIVERMORE,2008,31,90,45,84,94
Davis,LIVERMORE,2009,43,93,44,74,84
Davis,LIVERMORE,2010,40,95,53,85,90
Davis,LIVERMORE,2011,53,100,53,94,98
Davis,LIVERMORE,2012,45,100,58,84,89
Davis,LIVERMORE,2013,41,90,54,83,90
Davis,LIVERMORE,2014,41,90,54,83,88
Davis,LIVERMORE,2015,51,90,65,88,94
Davis,LIVERMORE,2016,65,97,66,91,97
Davis,LIVERMORE,2017,76,96,66,84,91
Davis,LIVERMORE,2018,60,90,72,90,90
Davis,LIVERMORE,2019,64,95,67,91,91
Davis,LIVERMORE,2020,67,93,66,87,90
Davis,LIVERMORE,2021,84,96,71,87,93
Davis,LIVERMORE,2022,64,97,70,91,
Davis,LIVERMORE,2023,68,91,57,,
Davis,LIVERMORE,2024,70,97,,,
Davis,LONG BEACH,2017,11,73,18,64,73
Davis,LONG BEACH,2020,11,73,55,64,82
Davis,LONG BEACH,2021,11,91,55,91,91
Davis,LOS ALTOS HILLS,1999,21,86,38,71,76
Davis,LOS ALTOS HILLS,2000,45,84,51,71,76
Davis,LOS ALTOS HILLS,2001,34,91,59,85,88
Davis,LOS ALTOS HILLS,2002,48,88,40,77,83
Davis,LOS ALTOS HILLS,2003,47,91,62,87,89
Davis,LOS ALTOS HILLS,2004,43,93,49,79,86
Davis,LOS ALTOS HILLS,2005,49,94,59,84,92
Davis,LOS ALTOS HILLS,2006,39,92,41,82,87
Davis,LOS ALTOS HILLS,2007,29,90,66,86,90
Davis,LOS ALTOS HILLS,2008,52,94,50,85,92
Davis,LOS ALTOS HILLS,2009,59,97,51,83,88
Davis,LOS ALTOS HILLS,2010,80,91,54,81,86
Davis,LOS ALTOS HILLS,2011,84,95,52,83,88
Davis,LOS ALTOS HILLS,2012,117,94,66,89,95
Davis,LOS ALTOS HILLS,2013,113,91,58,87,89
Davis,LOS ALTOS HILLS,2014,115,92,65,85,87
Davis,LOS ALTOS HILLS,2015,127,94,58,91,94
Davis,LOS ALTOS HILLS,2016,147,94,63,85,90
Davis,LOS ALTOS HILLS,2017,113,92,67,89,95
Davis,LOS ALTOS HILLS,2018,94,94,71,89,94
Davis,LOS ALTOS HILLS,2019,91,91,64,88,90
Davis,LOS ALTOS HILLS,2020,71,90,63,83,85
Davis,LOS ALTOS HILLS,2021,74,93,66,85,88
Davis,LOS ALTOS HILLS,2022,45,87,56,80,
Davis,LOS ALTOS HILLS,2023,41,95,56,,
Davis,LOS ALTOS HILLS,2024,50,94,,,
Davis,LOS ANGELES,2014,14,93,43,71,79
Davis,MARYSVILLE,1999,25,84,32,60,64
Davis,MARYSVILLE,2000,29,76,14,55,55
Davis,MARYSVILLE,2001,35,86,26,74,80
Davis,MARYSVILLE,2002,28,82,29,79,82
Davis,MARYSVILLE,2003,28,75,29,68,71
Davis,MARYSVILLE,2004,32,91,34,66,81
Davis,MARYSVILLE,2005,44,86,41,70,80
Davis,MARYSVILLE,2006,27,89,44,74,85
Davis,MARYSVILLE,2007,26,88,27,69,77
Davis,MARYSVILLE,2008,36,89,33,78,83
Davis,MARYSVILLE,2009,19,89,63,84,84
Davis,MARYSVILLE,2010,26,92,38,81,88
Davis,MARYSVILLE,2011,18,100,67,83,94
Davis,MARYSVILLE,2012,17,88,53,82,88
Davis,MARYSVILLE,2013,25,88,56,72,84
Davis,MARYSVILLE,2014,18,100,61,94,100
Davis,MARYSVILLE,2015,22,95,55,86,95
Davis,MARYSVILLE,2016,26,85,27,65,69
Davis,MARYSVILLE,2017,24,96,54,96,96
Davis,MARYSVILLE,2018,35,86,57,83,89
Davis,MARYSVILLE,2019,37,95,32,81,92
Davis,MARYSVILLE,2020,28,93,64,82,82
Davis,MARYSVILLE,2021,32,100,72,94,94
Davis,MARYSVILLE,2022,22,86,59,82,
Davis,MARYSVILLE,2023,25,92,68,,
Davis,MARYSVILLE,2024,24,92,,,
Davis,MERCED,2000,13,92,38,85,92
Davis,MERCED,2001,14,93,43,93,93
Davis,MERCED,2005,13,100,46,85,85
Davis,MERCED,2006,12,100,50,75,83
Davis,MERCED,2007,12,100,50,100,100
Davis,MERCED,2008,14,93,29,79,86
Davis,MERCED,2011,11,73,36,45,64
Davis,MERCED,2014,10,90,30,80,90
Davis,MERCED,2016,14,79,50,86,93
Davis,MERCED,2017,13,62,15,46,69
Davis,MERCED,2019,11,82,45,55,55
Davis,MERCED,2020,11,91,64,73,82
Davis,MERCED,2021,15,73,60,73,73
Davis,MERCED,2024,11,100,,,
Davis,MISSION VIEJO,2000,11,91,45,82,91
Davis,MISSION VIEJO,2001,10,90,30,70,70
Davis,MISSION VIEJO,2009,10,80,40,60,60
Davis,MISSION VIEJO,2010,16,100,56,94,94
Davis,MISSION VIEJO,2011,20,90,60,90,90
Davis,MISSION VIEJO,2012,19,95,53,79,84
Davis,MISSION VIEJO,2013,18,94,78,89,94
Davis,MISSION VIEJO,2014,18,89,33,67,67
Davis,MISSION VIEJO,2015,12,83,50,92,92
Davis,MISSION VIEJO,2016,20,90,40,85,95
Davis,MISSION VIEJO,2017,26,100,73,96,100
Davis,MISSION VIEJO,2018,22,100,68,95,95
Davis,MISSION VIEJO,2019,17,88,53,82,88
Davis,MISSION VIEJO,2020,20,95,75,90,95
Davis,MISSION VIEJO,2021,31,100,48,84,87
Davis,MISSION VIEJO,2022,13,85,54,92,
Davis,MISSION VIEJO,2023,16,88,63,,
Davis,MISSION VIEJO,2024,16,94,,,
Davis,MODESTO,1999,18,100,67,89,89
Davis,MODESTO,2000,25,96,48,72,80
Davis,MODESTO,2001,29,90,45,72,79
Davis,MODESTO,2002,23,100,61,96,96
Davis,MODESTO,2003,15,100,47,80,87
Davis,MODESTO,2004,25,92,60,84,92
Davis,MODESTO,2005,26,85,42,81,85
Davis,MODESTO,2006,23,96,26,74,87
Davis,MODESTO,2007,28,89,46,79,82
Davis,MODESTO,2008,13,92,54,92,92
Davis,MODESTO,2009,19,89,26,79,84
Davis,MODESTO,2010,24,88,54,71,83
Davis,MODESTO,2011,26,81,42,77,81
Davis,MODESTO,2012,23,87,48,65,87
Davis,MODESTO,2013,32,88,50,75,84
Davis,MODESTO,2014,30,90,47,73,90
Davis,MODESTO,2015,37,92,46,84,86
Davis,MODESTO,2016,35,89,49,71,89
Davis,MODESTO,2017,38,87,47,74,87
Davis,MODESTO,2018,36,94,64,94,94
Davis,MODESTO,2019,38,87,53,76,87
Davis,MODESTO,2020,36,89,69,83,83
Davis,MODESTO,2021,34,85,50,79,85
Davis,MODESTO,2022,36,83,53,75,
Davis,MODESTO,2023,34,94,50,,
Davis,MODESTO,2024,29,90,,,
Davis,MONTEREY,1999,10,100,60,90,100
Davis,MONTEREY,2000,19,95,32,74,84
Davis,MONTEREY,2002,13,100,54,77,77
Davis,MONTEREY,2004,12,100,25,67,75
Davis,MONTEREY,2009,14,93,43,79,86
Davis,MONTEREY,2010,16,88,38,75,75
Davis,MONTEREY,2011,10,90,70,90,90
Davis,MONTEREY,2012,18,100,56,83,89
Davis,MONTEREY,2013,13,92,62,92,100
Davis,MONTEREY,2014,12,75,50,67,67
Davis,MONTEREY,2015,13,92,38,85,92
Davis,MONTEREY,2016,20,85,35,75,75
Davis,MONTEREY,2017,14,86,71,86,93
Davis,MONTEREY,2018,14,93,64,86,86
Davis,MONTEREY,2019,12,100,42,67,75
Davis,MONTEREY,2020,13,92,69,92,92
Davis,MONTEREY,2022,16,94,69,75,
Davis,MONTEREY,2023,16,100,63,,
Davis,MONTEREY,2024,18,94,,,
Davis,MONTEREY PARK,2012,13,100,31,69,85
Davis,MONTEREY PARK,2013,16,94,50,88,94
Davis,MONTEREY PARK,2014,13,85,38,62,69
Davis,MONTEREY PARK,2015,27,89,59,81,89
Davis,MONTEREY PARK,2016,27,96,67,85,85
Davis,MONTEREY PARK,2017,25,88,56,72,76
Davis,MONTEREY PARK,2018,16,88,69,94,94
Davis,MONTEREY PARK,2019,11,100,27,64,73
Davis,MONTEREY PARK,2020,17,82,29,59,65
Davis,MONTEREY PARK,2021,23,87,43,78,87
Davis,MONTEREY PARK,2022,10,90,50,70,
Davis,MONTEREY PARK,2024,11,100,,,
Davis,MOORPARK,2000,10,100,50,80,90
Davis,MOORPARK,2002,18,94,44,78,78
Davis,MOORPARK,2003,18,89,33,72,72
Davis,MOORPARK,2007,19,95,63,74,84
Davis,MOORPARK,2008,17,88,47,76,88
Davis,MOORPARK,2009,12,83,42,83,83
Davis,MOORPARK,2010,16,88,56,81,81
Davis,MOORPARK,2011,24,79,58,67,71
Davis,MOORPARK,2012,31,90,61,84,84
Davis,MOORPARK,2013,25,88,56,76,80
Davis,MOORPARK,2014,30,97,67,87,90
Davis,MOORPARK,2015,28,93,54,89,89
Davis,MOORPARK,2016,24,88,38,63,83
Davis,MOORPARK,2017,27,93,74,89,96
Davis,MOORPARK,2018,23,96,70,83,91
Davis,MOORPARK,2019,31,94,71,94,94
Davis,MOORPARK,2020,21,95,67,95,100
Davis,MOORPARK,2021,28,93,79,89,93
Davis,MOORPARK,2022,18,100,56,83,
Davis,MOORPARK,2023,23,96,78,,
Davis,MOORPARK,2024,22,95,,,
Davis,NAPA,1999,17,88,41,65,76
Davis,NAPA,2000,32,88,41,72,78
Davis,NAPA,2001,18,83,39,72,72
Davis,NAPA,2002,24,79,42,63,71
Davis,NAPA,2003,24,79,50,79,79
Davis,NAPA,2004,28,89,39,68,71
Davis,NAPA,2005,22,86,50,77,82
Davis,NAPA,2006,41,85,44,78,80
Davis,NAPA,2007,20,75,45,65,70
Davis,NAPA,2008,28,93,32,82,86
Davis,NAPA,2009,43,91,51,79,84
Davis,NAPA,2010,44,80,43,64,66
Davis,NAPA,2011,52,88,46,75,83
Davis,NAPA,2012,42,93,43,88,93
Davis,NAPA,2013,72,94,44,83,90
Davis,NAPA,2014,49,92,47,78,88
Davis,NAPA,2015,51,84,53,73,82
Davis,NAPA,2016,68,88,60,78,81
Davis,NAPA,2017,61,93,44,75,90
Davis,NAPA,2018,74,88,43,74,82
Davis,NAPA,2019,82,95,60,84,85
Davis,NAPA,2020,54,94,57,81,83
Davis,NAPA,2021,60,93,67,88,93
Davis,NAPA,2022,45,89,53,82,
Davis,NAPA,2023,47,94,64,,
Davis,NAPA,2024,44,91,,,
Davis,OAKLAND,1999,21,100,14,90,95
Davis,OAKLAND,2000,24,88,21,71,79
Davis,OAKLAND,2001,29,93,34,69,83
Davis,OAKLAND,2002,32,78,22,59,69
Davis,OAKLAND,2003,37,84,27,59,70
Davis,OAKLAND,2004,45,87,42,60,71
Davis,OAKLAND,2005,23,83,48,61,65
Davis,OAKLAND,2006,26,85,38,73,88
Davis,OAKLAND,2007,29,72,34,66,76
Davis,OAKLAND,2008,34,88,50,71,82
Davis,OAKLAND,2009,37,95,54,86,86
Davis,OAKLAND,2010,44,93,50,84,86
Davis,OAKLAND,2011,43,95,47,81,84
Davis,OAKLAND,2012,50,94,60,86,96
Davis,OAKLAND,2013,35,89,46,77,86
Davis,OAKLAND,2013,11,91,9,36,45
Davis,OAKLAND,2014,50,90,44,76,84
Davis,OAKLAND,2014,11,91,45,73,91
Davis,OAKLAND,2015,63,92,49,86,90
Davis,OAKLAND,2016,47,91,53,81,87
Davis,OAKLAND,2016,17,88,41,65,76
Davis,OAKLAND,2017,42,90,62,88,93
Davis,OAKLAND,2017,10,100,60,80,80
Davis,OAKLAND,2018,43,84,44,79,81
Davis,OAKLAND,2019,29,83,38,69,69
Davis,OAKLAND,2019,18,83,56,78,78
Davis,OAKLAND,2020,30,97,67,87,90
Davis,OAKLAND,2020,12,83,33,67,67
Davis,OAKLAND,2021,27,89,56,85,89
Davis,OAKLAND,2021,14,100,43,93,93
Davis,OAKLAND,2022,27,89,59,78,
Davis,OAKLAND,2022,12,83,33,75,
Davis,OAKLAND,2023,23,91,57,,
Davis,OAKLAND,2024,15,100,,,
Davis,OCEANSIDE,2009,11,73,45,55,73
Davis,OCEANSIDE,2010,12,92,50,92,92
Davis,OCEANSIDE,2011,17,82,35,65,76
Davis,OCEANSIDE,2012,14,100,64,100,100
Davis,OCEANSIDE,2013,22,77,50,86,91
Davis,OCEANSIDE,2014,15,87,40,80,80
Davis,OCEANSIDE,2015,17,88,41,76,82
Davis,OCEANSIDE,2016,27,96,56,81,93
Davis,OCEANSIDE,2017,20,90,50,85,85
Davis,OCEANSIDE,2018,19,95,74,89,95
Davis,OCEANSIDE,2019,22,95,73,86,91
Davis,OCEANSIDE,2020,25,92,48,92,96
Davis,OCEANSIDE,2021,18,83,39,78,83
Davis,OCEANSIDE,2022,18,94,50,94,
Davis,OCEANSIDE,2023,19,100,79,,
Davis,OCEANSIDE,2024,14,79,,,
Davis,ORANGE,2019,12,92,50,75,92
Davis,ORANGE,2024,11,91,,,
Davis,OROVILLE,2000,10,70,20,50,50
Davis,OROVILLE,2001,14,86,57,79,86
Davis,OROVILLE,2002,17,88,41,88,88
Davis,OROVILLE,2003,14,86,57,79,86
Davis,OROVILLE,2004,16,100,50,94,100
Davis,OROVILLE,2006,19,95,47,79,84
Davis,OROVILLE,2008,11,100,36,91,91
Davis,OROVILLE,2009,18,89,50,83,89
Davis,OROVILLE,2010,11,73,27,55,64
Davis,OROVILLE,2011,20,90,65,90,90
Davis,OROVILLE,2012,14,100,50,86,93
Davis,OROVILLE,2013,20,95,60,90,90
Davis,OROVILLE,2014,28,93,64,86,93
Davis,OROVILLE,2015,25,96,48,88,88
Davis,OROVILLE,2016,17,82,59,76,76
Davis,OROVILLE,2017,16,100,63,81,81
Davis,OROVILLE,2018,18,94,61,72,83
Davis,OROVILLE,2019,27,96,59,85,89
Davis,OROVILLE,2020,14,100,79,93,100
Davis,OROVILLE,2021,15,87,73,87,87
Davis,OROVILLE,2022,28,86,50,79,
Davis,OROVILLE,2023,19,89,63,,
Davis,OROVILLE,2024,13,100,,,
Davis,PASADENA,2001,12,92,42,83,83
Davis,PASADENA,2002,12,83,58,58,67
Davis,PASADENA,2004,14,100,64,79,100
Davis,PASADENA,2006,14,100,43,79,86
Davis,PASADENA,2007,12,100,67,92,92
Davis,PASADENA,2008,12,100,33,83,83
Davis,PASADENA,2009,17,82,41,76,88
Davis,PASADENA,2010,28,93,54,86,89
Davis,PASADENA,2011,43,98,44,88,95
Davis,PASADENA,2012,49,90,41,82,86
Davis,PASADENA,2013,38,95,76,97,97
Davis,PASADENA,2014,40,95,58,88,90
Davis,PASADENA,2015,35,91,46,83,89
Davis,PASADENA,2016,39,90,54,77,85
Davis,PASADENA,2017,32,81,41,53,66
Davis,PASADENA,2018,41,85,63,80,85
Davis,PASADENA,2019,40,88,45,75,78
Davis,PASADENA,2020,35,91,57,80,83
Davis,PASADENA,2021,33,91,39,76,85
Davis,PASADENA,2022,32,91,63,81,
Davis,PASADENA,2023,21,100,67,,
Davis,PASADENA,2024,24,96,,,
Davis,PITTSBURG,1999,12,100,42,75,75
Davis,PITTSBURG,2002,18,94,39,83,89
Davis,PITTSBURG,2003,27,85,41,78,81
Davis,PITTSBURG,2004,10,90,60,100,100
Davis,PITTSBURG,2005,18,94,44,83,89
Davis,PITTSBURG,2006,13,85,62,77,85
Davis,PITTSBURG,2007,14,93,57,79,86
Davis,PITTSBURG,2008,17,82,18,76,76
Davis,PITTSBURG,2009,21,90,48,76,81
Davis,PITTSBURG,2010,26,81,31,65,73
Davis,PITTSBURG,2011,32,88,59,75,84
Davis,PITTSBURG,2012,34,97,50,79,88
Davis,PITTSBURG,2013,44,91,57,82,89
Davis,PITTSBURG,2014,33,85,42,70,82
Davis,PITTSBURG,2015,38,84,47,82,84
Davis,PITTSBURG,2016,46,93,48,74,89
Davis,PITTSBURG,2017,44,91,50,80,89
Davis,PITTSBURG,2018,33,79,48,79,88
Davis,PITTSBURG,2019,64,94,50,83,88
Davis,PITTSBURG,2020,43,84,44,79,84
Davis,PITTSBURG,2021,49,90,61,82,88
Davis,PITTSBURG,2022,57,98,58,88,
Davis,PITTSBURG,2023,38,95,84,,
Davis,PITTSBURG,2024,44,98,,,
Davis,PLEASANT HILL,1999,91,98,37,80,89
Davis,PLEASANT HILL,2000,150,89,43,79,87
Davis,PLEASANT HILL,2001,147,84,38,65,79
Davis,PLEASANT HILL,2002,158,93,51,77,87
Davis,PLEASANT HILL,2003,151,91,47,76,83
Davis,PLEASANT HILL,2004,159,93,45,77,86
Davis,PLEASANT HILL,2005,124,91,56,81,88
Davis,PLEASANT HILL,2006,132,93,64,86,88
Davis,PLEASANT HILL,2007,123,89,52,76,84
Davis,PLEASANT HILL,2008,165,93,61,86,92
Davis,PLEASANT HILL,2009,170,89,44,79,86
Davis,PLEASANT HILL,2010,161,89,53,77,85
Davis,PLEASANT HILL,2011,179,93,58,84,88
Davis,PLEASANT HILL,2012,193,95,54,83,89
Davis,PLEASANT HILL,2013,204,93,57,84,90
Davis,PLEASANT HILL,2014,237,89,57,85,89
Davis,PLEASANT HILL,2015,235,89,61,83,87
Davis,PLEASANT HILL,2016,236,90,61,85,88
Davis,PLEASANT HILL,2017,247,94,66,86,90
Davis,PLEASANT HILL,2018,280,94,65,90,92
Davis,PLEASANT HILL,2019,208,94,69,88,92
Davis,PLEASANT HILL,2020,254,92,63,85,88
Davis,PLEASANT HILL,2021,215,97,67,89,93
Davis,PLEASANT HILL,2022,232,97,66,88,
Davis,PLEASANT HILL,2023,171,94,68,,
Davis,PLEASANT HILL,2024,153,95,,,
Davis,PORTERVILLE,2016,11,73,36,55,64
Davis,RANCHO CUCAMONGA,2014,10,80,40,60,80
Davis,RANCHO CUCAMONGA,2017,10,90,50,80,80
Davis,REDDING,1999,10,90,50,80,80
Davis,REDDING,2000,24,88,29,79,79
Davis,REDDING,2001,26,81,50,77,85
Davis,REDDING,2002,17,94,59,82,88
Davis,REDDING,2003,21,90,48,76,86
Davis,REDDING,2004,23,96,52,78,91
Davis,REDDING,2005,14,93,43,86,93
Davis,REDDING,2006,22,91,45,77,86
Davis,REDDING,2007,21,86,48,76,81
Davis,REDDING,2008,20,90,60,80,80
Davis,REDDING,2009,22,86,32,68,82
Davis,REDDING,2010,23,74,35,74,74
Davis,REDDING,2011,29,97,62,97,97
Davis,REDDING,2012,23,96,65,91,100
Davis,REDDING,2013,23,87,39,83,87
Davis,REDDING,2014,31,90,52,84,90
Davis,REDDING,2015,23,83,35,78,78
Davis,REDDING,2016,19,95,63,89,95
Davis,REDDING,2017,23,96,52,78,91
Davis,REDDING,2018,24,83,42,83,88
Davis,REDDING,2019,15,100,67,93,93
Davis,REDDING,2020,19,100,42,89,95
Davis,REDDING,2021,18,83,67,83,83
Davis,REDDING,2022,18,78,61,61,
Davis,REDDING,2023,10,90,70,,
Davis,REDWOOD CITY,2008,15,80,40,67,73
Davis,REDWOOD CITY,2009,10,60,30,60,70
Davis,REDWOOD CITY,2010,10,100,40,70,80
Davis,REDWOOD CITY,2011,11,82,45,82,82
Davis,REDWOOD CITY,2012,10,80,70,70,80
Davis,REDWOOD CITY,2013,10,100,40,90,90
Davis,REDWOOD CITY,2014,19,100,47,84,95
Davis,REDWOOD CITY,2015,11,82,45,55,73
Davis,REDWOOD CITY,2016,16,81,56,75,88
Davis,REDWOOD CITY,2017,21,86,62,86,95
Davis,REDWOOD CITY,2018,14,93,64,100,100
Davis,REDWOOD CITY,2019,17,100,59,94,94
Davis,REDWOOD CITY,2020,17,94,71,88,94
Davis,REDWOOD CITY,2021,20,95,70,95,100
Davis,REDWOOD CITY,2022,16,94,50,81,
Davis,REDWOOD CITY,2023,19,95,68,,
Davis,REDWOOD CITY,2024,10,90,,,
Davis,REEDLEY,2006,10,90,50,80,90
Davis,REEDLEY,2010,17,82,65,71,82
Davis,REEDLEY,2011,15,100,67,80,93
Davis,REEDLEY,2012,18,89,28,67,67
Davis,REEDLEY,2013,16,88,25,63,69
Davis,REEDLEY,2014,14,100,36,79,79
Davis,REEDLEY,2015,15,87,33,80,80
Davis,RIVERSIDE,2007,10,90,30,70,90
Davis,RIVERSIDE,2010,17,82,35,65,76
Davis,RIVERSIDE,2011,14,86,50,86,86
Davis,RIVERSIDE,2012,14,93,50,86,86
Davis,RIVERSIDE,2013,15,87,47,80,80
Davis,RIVERSIDE,2015,17,100,53,94,94
Davis,RIVERSIDE,2016,19,95,68,95,95
Davis,RIVERSIDE,2018,13,69,31,77,92
Davis,RIVERSIDE,2019,15,93,27,80,93
Davis,RIVERSIDE,2024,10,90,,,
Davis,ROCKLIN,1999,59,86,39,68,80
Davis,ROCKLIN,2000,74,92,45,78,82
Davis,ROCKLIN,2001,86,91,47,81,88
Davis,ROCKLIN,2002,71,76,39,70,75
Davis,ROCKLIN,2003,117,92,44,81,85
Davis,ROCKLIN,2004,82,79,49,74,78
Davis,ROCKLIN,2005,97,87,56,81,86
Davis,ROCKLIN,2006,76,92,61,86,89
Davis,ROCKLIN,2007,86,81,50,70,77
Davis,ROCKLIN,2008,104,91,49,80,87
Davis,ROCKLIN,2009,104,94,46,80,88
Davis,ROCKLIN,2010,107,89,51,80,89
Davis,ROCKLIN,2011,102,90,59,82,89
Davis,ROCKLIN,2012,108,93,64,89,91
Davis,ROCKLIN,2013,116,94,56,84,88
Davis,ROCKLIN,2014,94,97,62,82,87
Davis,ROCKLIN,2015,92,91,60,85,89
Davis,ROCKLIN,2016,107,86,52,78,80
Davis,ROCKLIN,2017,106,92,62,86,91
Davis,ROCKLIN,2018,93,97,66,87,92
Davis,ROCKLIN,2019,120,93,59,83,91
Davis,ROCKLIN,2020,120,88,58,83,86
Davis,ROCKLIN,2021,113,94,63,83,86
Davis,ROCKLIN,2022,114,91,56,81,
Davis,ROCKLIN,2023,127,94,63,,
Davis,ROCKLIN,2024,124,97,,,
Davis,SACRAMENTO,1999,96,94,44,74,79
Davis,SACRAMENTO,1999,33,88,39,67,79
Davis,SACRAMENTO,1999,84,94,48,76,85
Davis,SACRAMENTO,2000,109,86,41,72,78
Davis,SACRAMENTO,2000,39,87,31,56,67
Davis,SACRAMENTO,2000,106,92,40,80,85
Davis,SACRAMENTO,2001,111,88,43,76,82
Davis,SACRAMENTO,2001,42,90,45,81,83
Davis,SACRAMENTO,2001,111,90,40,72,80
Davis,SACRAMENTO,2002,122,92,48,77,84
Davis,SACRAMENTO,2002,38,92,45,76,82
Davis,SACRAMENTO,2002,118,90,44,80,85
Davis,SACRAMENTO,2003,116,88,46,73,81
Davis,SACRAMENTO,2003,38,87,42,76,87
Davis,SACRAMENTO,2003,93,92,45,75,85
Davis,SACRAMENTO,2004,118,88,44,74,83
Davis,SACRAMENTO,2004,46,87,33,74,80
Davis,SACRAMENTO,2004,146,91,53,80,86
Davis,SACRAMENTO,2005,99,86,53,84,91
Davis,SACRAMENTO,2005,54,78,39,63,72
Davis,SACRAMENTO,2005,121,87,59,78,84
Davis,SACRAMENTO,2006,102,85,46,77,80
Davis,SACRAMENTO,2006,41,90,49,78,85
Davis,SACRAMENTO,2006,128,90,52,81,84
Davis,SACRAMENTO,2007,111,86,57,77,84
Davis,SACRAMENTO,2007,44,98,41,82,86
Davis,SACRAMENTO,2007,129,87,43,74,81
Davis,SACRAMENTO,2008,106,89,51,82,85
Davis,SACRAMENTO,2008,44,84,45,75,80
Davis,SACRAMENTO,2008,101,92,53,89,92
Davis,SACRAMENTO,2009,109,88,45,79,83
Davis,SACRAMENTO,2009,48,92,50,83,94
Davis,SACRAMENTO,2009,134,93,49,83,86
Davis,SACRAMENTO,2010,157,94,55,83,88
Davis,SACRAMENTO,2010,78,96,47,88,90
Davis,SACRAMENTO,2010,172,90,53,81,86
Davis,SACRAMENTO,2011,135,83,46,76,79
Davis,SACRAMENTO,2011,68,93,44,74,85
Davis,SACRAMENTO,2011,159,92,50,75,84
Davis,SACRAMENTO,2012,127,95,54,89,90
Davis,SACRAMENTO,2012,58,93,45,88,90
Davis,SACRAMENTO,2012,143,94,59,85,88
Davis,SACRAMENTO,2013,158,94,52,82,89
Davis,SACRAMENTO,2013,69,96,51,90,93
Davis,SACRAMENTO,2013,167,94,54,84,90
Davis,SACRAMENTO,2014,146,89,51,80,84
Davis,SACRAMENTO,2014,61,93,59,87,89
Davis,SACRAMENTO,2014,155,95,57,85,90
Davis,SACRAMENTO,2015,158,91,51,82,89
Davis,SACRAMENTO,2015,54,93,57,87,89
Davis,SACRAMENTO,2015,150,91,55,81,89
Davis,SACRAMENTO,2016,168,94,56,86,90
Davis,SACRAMENTO,2016,76,84,47,72,82
Davis,SACRAMENTO,2016,145,88,52,82,88
Davis,SACRAMENTO,2017,165,96,58,85,91
Davis,SACRAMENTO,2017,68,85,43,72,81
Davis,SACRAMENTO,2017,163,92,50,83,88
Davis,SACRAMENTO,2018,120,95,54,78,87
Davis,SACRAMENTO,2018,69,91,64,83,88
Davis,SACRAMENTO,2018,156,94,66,82,87
Davis,SACRAMENTO,2019,124,95,61,86,90
Davis,SACRAMENTO,2019,61,95,59,79,89
Davis,SACRAMENTO,2019,144,94,57,85,88
Davis,SACRAMENTO,2020,147,89,56,81,87
Davis,SACRAMENTO,2020,61,97,80,92,95
Davis,SACRAMENTO,2020,133,92,65,83,88
Davis,SACRAMENTO,2021,109,94,66,84,91
Davis,SACRAMENTO,2021,90,96,66,90,93
Davis,SACRAMENTO,2021,127,96,66,87,91
Davis,SACRAMENTO,2022,103,92,61,89,
Davis,SACRAMENTO,2022,74,95,74,91,
Davis,SACRAMENTO,2022,129,95,60,84,
Davis,SACRAMENTO,2023,120,98,60,,
Davis,SACRAMENTO,2023,83,98,70,,
Davis,SACRAMENTO,2023,128,95,68,,
Davis,SACRAMENTO,2024,108,91,,,
Davis,SACRAMENTO,2024,108,93,,,
Davis,SACRAMENTO,2024,127,93,,,
Davis,SALINAS,2000,21,86,43,71,81
Davis,SALINAS,2001,12,92,50,75,83
Davis,SALINAS,2003,15,100,60,87,100
Davis,SALINAS,2004,10,80,40,90,90
Davis,SALINAS,2005,11,91,55,91,91
Davis,SALINAS,2006,11,82,18,64,73
Davis,SALINAS,2012,14,86,21,64,71
Davis,SALINAS,2014,10,90,60,80,80
Davis,SALINAS,2015,15,93,33,73,87
Davis,SALINAS,2016,21,67,33,57,67
Davis,SALINAS,2017,28,86,39,75,79
Davis,SALINAS,2018,22,82,45,82,82
Davis,SALINAS,2019,14,100,79,93,93
Davis,SALINAS,2020,26,88,77,85,88
Davis,SALINAS,2021,15,100,80,87,87
Davis,SALINAS,2022,12,92,58,83,
Davis,SALINAS,2024,15,80,,,
Davis,SAN BRUNO,1999,13,92,62,69,69
Davis,SAN BRUNO,2000,23,96,35,78,83
Davis,SAN BRUNO,2001,23,100,48,91,100
Davis,SAN BRUNO,2002,42,98,64,83,93
Davis,SAN BRUNO,2003,31,97,35,81,87
Davis,SAN BRUNO,2004,40,88,45,70,75
Davis,SAN BRUNO,2005,28,86,64,82,86
Davis,SAN BRUNO,2006,21,95,33,71,76
Davis,SAN BRUNO,2007,17,94,18,59,65
Davis,SAN BRUNO,2008,32,94,56,88,88
Davis,SAN BRUNO,2009,24,96,46,83,88
Davis,SAN BRUNO,2010,34,94,47,74,88
Davis,SAN BRUNO,2011,27,96,52,93,93
Davis,SAN BRUNO,2012,51,94,51,84,86
Davis,SAN BRUNO,2013,43,100,63,95,98
Davis,SAN BRUNO,2014,37,95,54,86,92
Davis,SAN BRUNO,2015,48,94,71,90,94
Davis,SAN BRUNO,2016,51,88,67,84,90
Davis,SAN BRUNO,2017,57,96,70,84,89
Davis,SAN BRUNO,2018,42,93,64,86,90
Davis,SAN BRUNO,2019,39,95,72,90,92
Davis,SAN BRUNO,2020,31,100,65,90,94
Davis,SAN BRUNO,2021,51,94,73,86,90
Davis,SAN BRUNO,2022,26,88,58,81,
Davis,SAN BRUNO,2023,17,94,65,,
Davis,SAN BRUNO,2024,16,94,,,
Davis,SAN DIEGO,2002,10,70,20,70,80
Davis,SAN DIEGO,2011,10,90,30,80,80
Davis,SAN DIEGO,2012,18,83,50,72,83
Davis,SAN DIEGO,2013,10,60,40,60,80
Davis,SAN DIEGO,2014,17,94,29,88,88
Davis,SAN DIEGO,2015,21,90,52,76,90
Davis,SAN DIEGO,2015,10,90,40,80,80
Davis,SAN DIEGO,2016,15,93,53,87,87
Davis,SAN DIEGO,2017,19,84,47,84,95
Davis,SAN DIEGO,2018,17,88,47,71,82
Davis,SAN DIEGO,2019,13,100,54,69,77
Davis,SAN DIEGO,2019,11,73,45,55,55
Davis,SAN DIEGO,2020,21,81,33,81,86
Davis,SAN DIEGO,2021,17,100,53,71,76
Davis,SAN DIEGO,2022,11,100,73,100,
Davis,SAN DIEGO,2022,10,100,40,90,
Davis,SAN DIEGO,2023,12,100,58,,
Davis,SAN DIEGO,2024,10,100,,,
Davis,SAN FRANCISCO,1999,33,97,55,76,88
Davis,SAN FRANCISCO,2000,44,95,55,82,86
Davis,SAN FRANCISCO,2001,39,95,44,82,87
Davis,SAN FRANCISCO,2002,63,95,49,87,95
Davis,SAN FRANCISCO,2003,68,94,56,88,93
Davis,SAN FRANCISCO,2004,67,91,58,90,91
Davis,SAN FRANCISCO,2005,74,93,54,80,92
Davis,SAN FRANCISCO,2006,57,96,68,93,93
Davis,SAN FRANCISCO,2007,68,96,53,85,94
Davis,SAN FRANCISCO,2008,63,95,51,84,90
Davis,SAN FRANCISCO,2009,89,93,66,88,91
Davis,SAN FRANCISCO,2010,141,94,53,89,94
Davis,SAN FRANCISCO,2011,123,98,67,93,97
Davis,SAN FRANCISCO,2012,115,92,58,90,95
Davis,SAN FRANCISCO,2013,124,95,65,89,91
Davis,SAN FRANCISCO,2014,134,90,66,85,88
Davis,SAN FRANCISCO,2015,72,96,63,93,97
Davis,SAN FRANCISCO,2016,90,98,62,89,94
Davis,SAN FRANCISCO,2017,80,96,60,89,96
Davis,SAN FRANCISCO,2018,70,93,59,90,93
Davis,SAN FRANCISCO,2019,84,98,75,94,96
Davis,SAN FRANCISCO,2020,108,94,68,92,94
Davis,SAN FRANCISCO,2021,82,94,66,84,85
Davis,SAN FRANCISCO,2022,80,93,60,85,
Davis,SAN FRANCISCO,2023,70,100,61,,
Davis,SAN FRANCISCO,2024,62,100,,,
Davis,SAN JACINTO,2015,11,82,45,73,73
Davis,SAN JACINTO,2024,10,80,,,
Davis,SAN JOSE,2001,12,92,17,58,75
Davis,SAN JOSE,2005,19,89,58,79,84
Davis,SAN JOSE,2006,16,88,38,75,75
Davis,SAN JOSE,2007,11,82,36,73,82
Davis,SAN JOSE,2008,18,72,22,78,83
Davis,SAN JOSE,2009,12,75,42,75,83
Davis,SAN JOSE,2009,10,90,40,70,80
Davis,SAN JOSE,2010,16,100,44,81,94
Davis,SAN JOSE,2011,18,94,44,89,94
Davis,SAN JOSE,2011,13,69,31,69,85
Davis,SAN JOSE,2012,22,95,36,86,86
Davis,SAN JOSE,2013,14,100,57,86,86
Davis,SAN JOSE,2013,12,83,50,67,83
Davis,SAN JOSE,2014,15,100,47,87,87
Davis,SAN JOSE,2014,12,83,50,83,83
Davis,SAN JOSE,2015,13,92,46,92,92
Davis,SAN JOSE,2016,15,87,60,67,73
Davis,SAN JOSE,2016,13,92,69,85,85
Davis,SAN JOSE,2017,14,93,64,93,100
Davis,SAN JOSE,2017,14,93,64,86,93
Davis,SAN JOSE,2018,15,100,93,93,93
Davis,SAN JOSE,2018,11,100,27,91,91
Davis,SAN JOSE,2019,12,67,33,58,58
Davis,SAN JOSE,2019,10,80,30,50,70
Davis,SAN JOSE,2020,15,100,67,80,93
Davis,SAN JOSE,2020,20,85,70,75,85
Davis,SAN JOSE,2021,17,82,65,88,88
Davis,SAN JOSE,2022,20,95,40,90,
Davis,SAN JOSE,2023,20,95,75,,
Davis,SAN JOSE,2024,21,95,,,
Davis,SAN JOSE,2024,10,100,,,
Davis,SAN LUIS OBISPO,2000,10,60,30,40,50
Davis,SAN LUIS OBISPO,2008,13,85,54,77,77
Davis,SAN LUIS OBISPO,2009,14,93,50,93,93
Davis,SAN LUIS OBISPO,2010,19,89,53,89,89
Davis,SAN LUIS OBISPO,2011,17,94,53,88,94
Davis,SAN LUIS OBISPO,2013,12,100,50,100,100
Davis,SAN LUIS OBISPO,2014,10,90,70,90,90
Davis,SAN LUIS OBISPO,2015,17,100,76,94,94
Davis,SAN LUIS OBISPO,2016,18,100,72,72,94
Davis,SAN LUIS OBISPO,2017,13,77,62,77,85
Davis,SAN LUIS OBISPO,2018,14,86,79,86,86
Davis,SAN LUIS OBISPO,2019,14,79,21,71,79
Davis,SAN LUIS OBISPO,2020,13,92,62,85,92
Davis,SAN LUIS OBISPO,2021,25,100,52,88,88
Davis,SAN LUIS OBISPO,2024,18,100,,,
Davis,SAN MARCOS,2010,18,94,28,78,89
Davis,SAN MARCOS,2011,14,93,36,93,93
Davis,SAN MARCOS,2013,12,100,50,67,75
Davis,SAN MARCOS,2014,13,92,69,92,92
Davis,SAN MARCOS,2016,13,100,54,77,85
Davis,SAN MARCOS,2018,26,96,50,88,88
Davis,SAN MARCOS,2019,13,100,69,77,77
Davis,SAN MARCOS,2020,11,91,55,91,91
Davis,SAN MARCOS,2021,18,100,44,72,89
Davis,SAN MARCOS,2022,12,100,58,83,
Davis,SAN MARCOS,2023,11,100,55,,
Davis,SAN MARCOS,2024,21,95,,,
Davis,SAN MATEO,1999,19,89,26,74,89
Davis,SAN MATEO,2000,44,93,41,80,84
Davis,SAN MATEO,2001,50,94,42,84,90
Davis,SAN MATEO,2002,50,96,44,82,92
Davis,SAN MATEO,2003,32,100,53,84,88
Davis,SAN MATEO,2004,40,88,60,85,88
Davis,SAN MATEO,2005,35,91,60,77,86
Davis,SAN MATEO,2006,37,95,46,86,92
Davis,SAN MATEO,2007,46,91,52,83,87
Davis,SAN MATEO,2008,35,94,57,86,94
Davis,SAN MATEO,2009,39,92,67,87,90
Davis,SAN MATEO,2010,50,86,48,82,82
Davis,SAN MATEO,2011,42,93,55,81,83
Davis,SAN MATEO,2012,63,92,65,87,89
Davis,SAN MATEO,2013,54,91,54,80,83
Davis,SAN MATEO,2014,55,96,44,87,87
Davis,SAN MATEO,2015,40,88,58,90,93
Davis,SAN MATEO,2016,57,93,70,91,93
Davis,SAN MATEO,2017,75,92,55,89,91
Davis,SAN MATEO,2018,67,96,66,93,96
Davis,SAN MATEO,2019,63,94,73,90,92
Davis,SAN MATEO,2020,63,84,62,84,89
Davis,SAN MATEO,2021,55,95,62,84,91
Davis,SAN MATEO,2022,46,98,67,85,
Davis,SAN MATEO,2023,50,96,82,,
Davis,SAN MATEO,2024,50,96,,,
Davis,SAN PABLO,1999,10,60,20,40,60
Davis,SAN PABLO,2000,14,100,43,93,100
Davis,SAN PABLO,2001,13,77,31,69,69
Davis,SAN PABLO,2002,16,88,38,88,88
Davis,SAN PABLO,2003,10,90,50,80,90
Davis,SAN PABLO,2004,20,100,55,85,95
Davis,SAN PABLO,2005,15,80,53,73,80
Davis,SAN PABLO,2006,18,83,22,72,78
Davis,SAN PABLO,2007,20,55,30,50,65
Davis,SAN PABLO,2008,22,86,18,50,55
Davis,SAN PABLO,2009,21,90,33,81,86
Davis,SAN PABLO,2010,21,100,24,86,90
Davis,SAN PABLO,2011,31,90,45,77,84
Davis,SAN PABLO,2012,22,82,32,68,82
Davis,SAN PABLO,2013,21,76,48,76,76
Davis,SAN PABLO,2014,29,79,38,69,79
Davis,SAN PABLO,2015,35,91,51,80,86
Davis,SAN PABLO,2016,51,86,61,76,82
Davis,SAN PABLO,2017,27,85,52,81,81
Davis,SAN PABLO,2018,32,91,53,88,91
Davis,SAN PABLO,2019,37,95,59,81,89
Davis,SAN PABLO,2020,35,80,51,80,86
Davis,SAN PABLO,2021,24,92,67,83,88
Davis,SAN PABLO,2022,25,96,52,76,
Davis,SAN PABLO,2023,16,100,69,,
Davis,SAN PABLO,2024,16,94,,,
Davis,SANTA BARBARA,2001,12,92,25,75,83
Davis,SANTA BARBARA,2002,10,100,70,90,90
Davis,SANTA BARBARA,2005,13,69,38,77,77
Davis,SANTA BARBARA,2008,15,87,47,73,73
Davis,SANTA BARBARA,2009,19,95,53,89,95
Davis,SANTA BARBARA,2010,32,88,56,81,84
Davis,SANTA BARBARA,2011,27,85,44,81,89
Davis,SANTA BARBARA,2012,27,81,52,70,74
Davis,SANTA BARBARA,2013,31,94,52,77,81
Davis,SANTA BARBARA,2014,44,91,55,80,80
Davis,SANTA BARBARA,2015,29,90,59,86,90
Davis,SANTA BARBARA,2016,52,94,69,90,92
Davis,SANTA BARBARA,2017,45,93,60,82,87
Davis,SANTA BARBARA,2018,31,87,74,87,90
Davis,SANTA BARBARA,2019,43,98,63,91,93
Davis,SANTA BARBARA,2020,28,86,57,86,86
Davis,SANTA BARBARA,2021,45,98,78,93,93
Davis,SANTA BARBARA,2022,30,93,63,80,
Davis,SANTA BARBARA,2023,31,97,58,,
Davis,SANTA BARBARA,2024,33,100,,,
Davis,SANTA CLARA,2001,10,90,70,90,90
Davis,SANTA CLARA,2005,11,91,64,91,91
Davis,SANTA CLARA,2006,11,82,45,73,82
Davis,SANTA CLARA,2009,11,82,18,64,82
Davis,SANTA CLARA,2010,10,80,0,60,70
Davis,SANTA CLARA,2011,13,85,46,69,77
Davis,SANTA CLARA,2012,11,91,73,91,91
Davis,SANTA CLARA,2013,21,95,33,71,86
Davis,SANTA CLARA,2014,36,94,42,83,89
Davis,SANTA CLARA,2015,12,100,50,92,92
Davis,SANTA CLARA,2016,26,96,58,73,92
Davis,SANTA CLARA,2017,12,83,42,75,92
Davis,SANTA CLARA,2018,16,94,63,88,88
Davis,SANTA CLARA,2019,16,100,56,88,94
Davis,SANTA CLARA,2020,22,82,50,91,91
Davis,SANTA CLARA,2021,22,95,82,86,91
Davis,SANTA CLARA,2022,21,90,57,81,
Davis,SANTA CLARA,2023,10,100,40,,
Davis,SANTA CLARA,2024,16,100,,,
Davis,SANTA MARIA,2001,10,70,40,60,60
Davis,SANTA MARIA,2008,15,80,13,60,67
Davis,SANTA MARIA,2012,13,92,62,77,77
Davis,SANTA MARIA,2013,10,70,50,60,80
Davis,SANTA MARIA,2016,12,100,67,92,92
Davis,SANTA MARIA,2017,11,91,27,82,82
Davis,SANTA MARIA,2020,12,100,42,83,92
Davis,SANTA MONICA,2000,11,91,36,82,82
Davis,SANTA MONICA,2001,11,91,45,82,82
Davis,SANTA MONICA,2002,15,93,60,80,87
Davis,SANTA MONICA,2003,15,93,60,80,93
Davis,SANTA MONICA,2004,19,84,68,74,79
Davis,SANTA MONICA,2006,11,100,45,64,64
Davis,SANTA MONICA,2007,18,94,50,83,89
Davis,SANTA MONICA,2008,18,89,56,67,72
Davis,SANTA MONICA,2009,30,77,63,80,80
Davis,SANTA MONICA,2010,32,78,50,81,81
Davis,SANTA MONICA,2011,45,91,47,76,76
Davis,SANTA MONICA,2012,59,93,51,71,78
Davis,SANTA MONICA,2013,82,93,49,83,89
Davis,SANTA MONICA,2014,63,89,41,76,87
Davis,SANTA MONICA,2015,72,93,56,85,90
Davis,SANTA MONICA,2016,73,85,51,81,82
Davis,SANTA MONICA,2017,55,93,60,80,84
Davis,SANTA MONICA,2018,55,93,51,80,82
Davis,SANTA MONICA,2019,45,80,62,71,80
Davis,SANTA MONICA,2020,49,88,49,67,71
Davis,SANTA MONICA,2021,56,93,63,91,95
Davis,SANTA MONICA,2022,46,93,50,91,
Davis,SANTA MONICA,2023,41,95,66,,
Davis,SANTA MONICA,2024,33,97,,,
Davis,SANTA ROSA,1999,53,89,42,79,81
Davis,SANTA ROSA,2000,76,86,38,74,79
Davis,SANTA ROSA,2001,64,98,61,91,94
Davis,SANTA ROSA,2002,55,89,55,84,85
Davis,SANTA ROSA,2003,62,98,55,87,92
Davis,SANTA ROSA,2004,84,96,64,90,94
Davis,SANTA ROSA,2005,70,93,67,89,91
Davis,SANTA ROSA,2006,60,90,57,75,78
Davis,SANTA ROSA,2007,62,97,63,85,89
Davis,SANTA ROSA,2008,53,92,70,85,91
Davis,SANTA ROSA,2009,68,93,66,90,93
Davis,SANTA ROSA,2010,110,96,63,88,90
Davis,SANTA ROSA,2011,94,97,53,84,93
Davis,SANTA ROSA,2012,89,98,62,92,94
Davis,SANTA ROSA,2013,109,95,64,89,93
Davis,SANTA ROSA,2014,81,95,56,91,93
Davis,SANTA ROSA,2015,99,93,70,88,91
Davis,SANTA ROSA,2016,108,94,66,91,95
Davis,SANTA ROSA,2017,87,95,67,86,94
Davis,SANTA ROSA,2018,95,89,68,86,88
Davis,SANTA ROSA,2019,77,96,66,86,92
Davis,SANTA ROSA,2020,79,96,63,90,91
Davis,SANTA ROSA,2021,70,97,74,89,90
Davis,SANTA ROSA,2022,69,96,86,93,
Davis,SANTA ROSA,2023,65,100,74,,
Davis,SANTA ROSA,2024,58,95,,,
Davis,SARATOGA,2000,11,82,18,55,64
Davis,SARATOGA,2001,23,87,48,83,87
Davis,SARATOGA,2002,20,80,25,65,85
Davis,SARATOGA,2004,21,86,38,71,76
Davis,SARATOGA,2005,14,93,64,79,79
Davis,SARATOGA,2006,23,96,57,83,91
Davis,SARATOGA,2007,14,93,64,86,93
Davis,SARATOGA,2009,24,96,46,88,88
Davis,SARATOGA,2010,17,88,59,82,82
Davis,SARATOGA,2011,26,96,69,92,92
Davis,SARATOGA,2012,20,95,45,75,80
Davis,SARATOGA,2013,33,91,45,73,79
Davis,SARATOGA,2014,20,100,55,85,85
Davis,SARATOGA,2015,30,100,50,93,93
Davis,SARATOGA,2016,25,100,44,88,100
Davis,SARATOGA,2017,20,85,60,85,85
Davis,SARATOGA,2018,17,94,59,94,94
Davis,SARATOGA,2019,22,91,50,68,77
Davis,SARATOGA,2020,32,88,44,78,84
Davis,SARATOGA,2021,27,100,52,85,89
Davis,SARATOGA,2022,32,94,63,84,
Davis,SARATOGA,2023,19,95,68,,
Davis,SARATOGA,2024,18,100,,,
Davis,SOUTH LAKE TAHOE,2000,13,85,54,69,77
Davis,SOUTH LAKE TAHOE,2001,11,82,27,64,73
Davis,SOUTH LAKE TAHOE,2002,15,87,33,67,67
Davis,SOUTH LAKE TAHOE,2004,14,79,57,79,86
Davis,SOUTH LAKE TAHOE,2018,10,100,40,80,90
Davis,SOUTH LAKE TAHOE,2020,10,90,50,70,80
Davis,STOCKTON,1999,38,89,42,79,89
Davis,STOCKTON,2000,50,86,38,74,80
Davis,STOCKTON,2001,54,81,31,69,78
Davis,STOCKTON,2002,48,88,50,88,88
Davis,STOCKTON,2003,33,91,33,70,76
Davis,STOCKTON,2004,42,95,45,81,98
Davis,STOCKTON,2005,31,74,45,71,74
Davis,STOCKTON,2006,44,95,48,77,89
Davis,STOCKTON,2007,49,90,31,71,82
Davis,STOCKTON,2008,26,81,42,69,73
Davis,STOCKTON,2009,42,93,55,76,83
Davis,STOCKTON,2010,58,86,48,72,78
Davis,STOCKTON,2011,47,94,47,72,77
Davis,STOCKTON,2012,57,95,35,84,88
Davis,STOCKTON,2013,40,90,50,88,90
Davis,STOCKTON,2014,49,86,45,78,88
Davis,STOCKTON,2015,55,82,45,75,76
Davis,STOCKTON,2016,69,91,48,81,88
Davis,STOCKTON,2017,45,93,44,82,87
Davis,STOCKTON,2018,47,91,49,87,91
Davis,STOCKTON,2019,53,92,55,85,91
Davis,STOCKTON,2020,52,90,42,71,83
Davis,STOCKTON,2021,59,92,49,78,88
Davis,STOCKTON,2022,54,91,56,78,
Davis,STOCKTON,2023,43,91,67,,
Davis,STOCKTON,2024,40,98,,,
Davis,TORRANCE,2007,10,80,40,70,70
Davis,TORRANCE,2009,10,80,30,70,70
Davis,TORRANCE,2010,16,88,50,88,94
Davis,TORRANCE,2011,16,94,44,88,88
Davis,TORRANCE,2012,22,91,41,86,91
Davis,TORRANCE,2013,22,91,36,82,82
Davis,TORRANCE,2014,23,91,57,91,91
Davis,TORRANCE,2015,21,95,48,95,95
Davis,TORRANCE,2016,30,93,40,73,80
Davis,TORRANCE,2017,20,90,50,80,85
Davis,TORRANCE,2018,11,91,27,91,91
Davis,TORRANCE,2019,25,88,48,68,72
Davis,TORRANCE,2020,24,88,54,88,92
Davis,TORRANCE,2021,20,80,60,70,85
Davis,TORRANCE,2022,31,94,61,90,
Davis,TORRANCE,2023,22,86,59,,
Davis,TORRANCE,2024,12,92,,,
Davis,UKIAH,2013,12,83,33,50,67
Davis,VALENCIA,2011,12,83,33,75,83
Davis,VALENCIA,2012,20,95,55,80,85
Davis,VALENCIA,2013,24,96,71,79,79
Davis,VALENCIA,2014,21,95,48,90,95
Davis,VALENCIA,2015,20,90,35,80,85
Davis,VALENCIA,2016,26,85,42,81,81
Davis,VALENCIA,2017,22,95,55,73,86
Davis,VALENCIA,2018,23,87,61,78,83
Davis,VALENCIA,2019,23,91,43,83,83
Davis,VALENCIA,2020,17,94,82,94,94
Davis,VALENCIA,2021,26,92,54,81,88
Davis,VALENCIA,2022,15,93,73,80,
Davis,VALENCIA,2023,18,94,56,,
Davis,VALENCIA,2024,12,92,,,
Davis,VAN NUYS,2018,13,100,62,85,85
Davis,VENTURA,2007,13,100,31,77,92
Davis,VENTURA,2011,17,76,35,65,71
Davis,VENTURA,2012,16,88,50,75,81
Davis,VENTURA,2013,16,94,50,81,88
Davis,VENTURA,2014,12,100,42,75,75
Davis,VENTURA,2015,14,86,57,86,86
Davis,VENTURA,2016,12,92,50,75,83
Davis,VENTURA,2017,24,79,54,88,92
Davis,VENTURA,2018,14,93,43,86,86
Davis,VENTURA,2020,12,83,58,67,67
Davis,VENTURA,2021,14,79,50,71,86
Davis,VENTURA,2023,10,90,50,,
Davis,VENTURA,2024,12,83,,,
Davis,VISALIA,2000,14,100,50,86,93
Davis,VISALIA,2001,13,85,31,62,77
Davis,VISALIA,2002,19,95,79,95,95
Davis,VISALIA,2005,12,100,50,75,75
Davis,VISALIA,2008,11,100,55,82,91
Davis,VISALIA,2011,15,80,53,80,80
Davis,VISALIA,2012,14,86,50,79,79
Davis,VISALIA,2013,14,100,50,64,71
Davis,VISALIA,2014,15,93,60,93,93
Davis,VISALIA,2018,11,100,36,100,100
Davis,VISALIA,2024,13,92,,,
Davis,WALNUT,2009,10,90,40,90,90
Davis,WALNUT,2010,12,100,58,92,92
Davis,WALNUT,2011,16,88,13,69,75
Davis,WALNUT,2012,24,83,50,75,83
Davis,WALNUT,2013,28,82,46,86,89
Davis,WALNUT,2014,24,92,33,71,75
Davis,WALNUT,2015,25,88,48,80,80
Davis,WALNUT,2016,29,79,41,66,69
Davis,WALNUT,2017,30,100,47,87,97
Davis,WALNUT,2018,26,88,50,85,88
Davis,WALNUT,2019,31,97,55,84,87
Davis,WALNUT,2020,30,87,33,63,77
Davis,WALNUT,2021,25,92,56,72,72
Davis,WALNUT,2022,25,92,52,68,
Davis,WALNUT,2023,22,86,50,,
Davis,WALNUT,2024,24,88,,,
Davis,WHITTIER,2020,10,80,60,70,80
Davis,WOODLAND,2009,16,88,44,75,81
Davis,WOODLAND,2010,20,90,50,75,75
Davis,WOODLAND,2011,23,96,61,78,87
Davis,WOODLAND,2012,16,94,31,56,69
Davis,WOODLAND,2013,40,88,40,73,75
Davis,WOODLAND,2014,49,92,45,76,84
Davis,WOODLAND,2015,24,83,46,75,79
Davis,WOODLAND,2016,43,84,33,77,86
Davis,WOODLAND,2017,32,91,59,81,94
Davis,WOODLAND,2018,31,94,61,90,94
Davis,WOODLAND,2019,49,92,41,71,82
Davis,WOODLAND,2020,55,96,62,89,93
Davis,WOODLAND,2021,27,96,67,89,89
Davis,WOODLAND,2022,31,90,39,68,
Davis,WOODLAND,2023,35,83,49,,
Davis,WOODLAND,2024,29,93,,,
Davis,WOODLAND HILLS,2011,20,100,50,95,95
Davis,WOODLAND HILLS,2012,10,90,40,80,80
Davis,WOODLAND HILLS,2013,15,93,53,73,87
Davis,WOODLAND HILLS,2014,16,88,25,75,81
Davis,WOODLAND HILLS,2015,19,89,58,79,79
Davis,WOODLAND HILLS,2016,18,83,33,67,78
Davis,WOODLAND HILLS,2017,12,92,50,75,83
Davis,WOODLAND HILLS,2018,12,100,33,92,100
Davis,WOODLAND HILLS,2019,13,100,38,54,62
Davis,WOODLAND HILLS,2020,17,94,65,82,94
Davis,WOODLAND HILLS,2021,18,94,50,89,89
Davis,WOODLAND HILLS,2022,17,100,53,88,
Davis,WOODLAND HILLS,2023,13,100,62,,
Davis,WOODLAND HILLS,2024,19,95,,,
Irvine,ALAMEDA,2018,16,100,75,100,100
Irvine,ALAMEDA,2022,11,91,82,91,
Irvine,ALAMEDA,2024,17,88,,,
Irvine,APTOS,2019,11,100,64,82,91
Irvine,APTOS,2022,11,100,100,100,
Irvine,BAKERSFIELD,2001,10,90,10,60,90
Irvine,BAKERSFIELD,2006,11,100,36,64,82
Irvine,BAKERSFIELD,2019,13,92,54,77,85
Irvine,BAKERSFIELD,2021,13,92,77,92,92
Irvine,BAKERSFIELD,2024,16,88,,,
Irvine,BERKELEY,2017,10,100,60,90,90
Irvine,BERKELEY,2019,12,100,67,100,100
Irvine,BERKELEY,2023,12,92,83,,
Irvine,BERKELEY,2024,10,90,,,
Irvine,CHULA VISTA,2019,12,92,58,92,92
Irvine,CHULA VISTA,2022,34,94,85,88,
Irvine,CHULA VISTA,2023,27,85,78,,
Irvine,CHULA VISTA,2024,34,100,,,
Irvine,COSTA MESA,1999,80,89,48,73,84
Irvine,COSTA MESA,2000,118,90,51,77,83
Irvine,COSTA MESA,2001,119,94,45,72,79
Irvine,COSTA MESA,2002,131,95,40,79,85
Irvine,COSTA MESA,2003,163,91,56,82,85
Irvine,COSTA MESA,2004,171,94,55,82,87
Irvine,COSTA MESA,2005,152,95,59,86,88
Irvine,COSTA MESA,2006,155,96,60,86,90
Irvine,COSTA MESA,2007,200,93,50,79,88
Irvine,COSTA MESA,2008,170,98,51,88,92
Irvine,COSTA MESA,2009,210,90,50,80,84
Irvine,COSTA MESA,2010,209,97,53,89,94
Irvine,COSTA MESA,2011,196,96,56,91,92
Irvine,COSTA MESA,2012,195,95,52,89,92
Irvine,COSTA MESA,2013,181,93,56,92,94
Irvine,COSTA MESA,2014,175,94,47,85,89
Irvine,COSTA MESA,2015,157,92,57,89,91
Irvine,COSTA MESA,2016,173,95,53,88,92
Irvine,COSTA MESA,2017,232,94,62,90,93
Irvine,COSTA MESA,2018,200,93,63,83,90
Irvine,COSTA MESA,2019,208,97,66,92,93
Irvine,COSTA MESA,2020,169,95,73,91,94
Irvine,COSTA MESA,2021,153,93,69,92,94
Irvine,COSTA MESA,2022,143,97,64,92,
Irvine,COSTA MESA,2023,190,95,69,,
Irvine,COSTA MESA,2024,168,98,,,
Irvine,CULVER CITY,2015,10,90,50,70,80
Irvine,CULVER CITY,2016,13,77,54,77,92
Irvine,CULVER CITY,2017,13,85,31,69,69
Irvine,CULVER CITY,2018,11,91,73,82,82
Irvine,CULVER CITY,2019,13,69,38,85,85
Irvine,CULVER CITY,2020,21,67,52,62,67
Irvine,CULVER CITY,2021,26,88,46,62,62
Irvine,CULVER CITY,2022,19,79,74,74,
Irvine,CUPERTINO,2000,13,100,38,85,85
Irvine,CUPERTINO,2001,17,94,47,82,88
Irvine,CUPERTINO,2002,19,95,42,79,84
Irvine,CUPERTINO,2003,24,92,42,75,88
Irvine,CUPERTINO,2004,39,97,49,77,87
Irvine,CUPERTINO,2005,23,96,30,78,91
Irvine,CUPERTINO,2006,37,86,35,68,73
Irvine,CUPERTINO,2007,21,95,33,76,81
Irvine,CUPERTINO,2008,28,93,50,86,96
Irvine,CUPERTINO,2009,49,86,43,80,82
Irvine,CUPERTINO,2010,36,100,56,89,92
Irvine,CUPERTINO,2011,52,96,60,92,96
Irvine,CUPERTINO,2012,40,95,78,100,100
Irvine,CUPERTINO,2013,35,94,54,91,91
Irvine,CUPERTINO,2014,57,86,47,86,88
Irvine,CUPERTINO,2015,50,86,62,84,86
Irvine,CUPERTINO,2016,76,96,67,84,87
Irvine,CUPERTINO,2017,105,98,61,90,93
Irvine,CUPERTINO,2018,76,100,76,97,99
Irvine,CUPERTINO,2019,77,95,73,97,99
Irvine,CUPERTINO,2020,78,96,77,95,97
Irvine,CUPERTINO,2021,134,96,71,91,95
Irvine,CUPERTINO,2022,134,95,68,89,
Irvine,CUPERTINO,2023,103,94,69,,
Irvine,CUPERTINO,2024,87,94,,,
Irvine,CYPRESS,1999,23,96,35,87,96
Irvine,CYPRESS,2000,20,90,15,75,80
Irvine,CYPRESS,2001,28,96,39,82,86
Irvine,CYPRESS,2002,32,88,38,81,84
Irvine,CYPRESS,2003,35,91,51,74,77
Irvine,CYPRESS,2004,28,96,43,93,93
Irvine,CYPRESS,2005,31,97,65,77,77
Irvine,CYPRESS,2006,40,88,45,75,78
Irvine,CYPRESS,2007,37,92,46,73,86
Irvine,CYPRESS,2008,48,90,33,71,75
Irvine,CYPRESS,2009,48,85,48,85,90
Irvine,CYPRESS,2010,50,92,38,72,78
Irvine,CYPRESS,2011,40,88,43,85,88
Irvine,CYPRESS,2012,52,96,58,90,92
Irvine,CYPRESS,2013,52,94,52,85,90
Irvine,CYPRESS,2014,53,94,51,87,91
Irvine,CYPRESS,2015,44,86,32,73,84
Irvine,CYPRESS,2016,51,96,57,92,94
Irvine,CYPRESS,2017,51,92,47,84,92
Irvine,CYPRESS,2018,50,92,58,90,92
Irvine,CYPRESS,2019,71,96,62,89,90
Irvine,CYPRESS,2020,41,95,66,88,93
Irvine,CYPRESS,2021,45,89,76,91,91
Irvine,CYPRESS,2022,36,94,67,97,
Irvine,CYPRESS,2023,65,98,74,,
Irvine,CYPRESS,2024,49,98,,,
Irvine,EL CAJON,2016,14,93,64,93,93
Irvine,EL CAJON,2017,11,100,45,91,91
Irvine,EL CAJON,2018,13,85,46,85,92
Irvine,EL CAJON,2021,11,100,73,100,100
Irvine,FOLSOM,2021,12,100,83,100,100
Irvine,FOLSOM,2024,15,100,,,
Irvine,FOUNTAIN VALLEY,2014,10,100,60,100,100
Irvine,FOUNTAIN VALLEY,2019,17,100,76,94,94
Irvine,FOUNTAIN VALLEY,2020,16,100,63,94,100
Irvine,FOUNTAIN VALLEY,2021,12,92,67,67,67
Irvine,FOUNTAIN VALLEY,2023,11,91,73,,
Irvine,FREMONT,2009,11,100,64,91,91
Irvine,FREMONT,2010,10,100,70,100,100
Irvine,FREMONT,2012,12,92,67,83,83
Irvine,FREMONT,2013,14,100,36,71,79
Irvine,FREMONT,2014,16,88,50,88,88
Irvine,FREMONT,2015,11,100,64,100,100
Irvine,FREMONT,2016,18,94,56,89,100
Irvine,FREMONT,2017,21,95,43,95,100
Irvine,FREMONT,2018,25,100,80,96,96
Irvine,FREMONT,2019,22,100,73,100,100
Irvine,FREMONT,2020,16,94,69,88,88
Irvine,FREMONT,2021,27,93,70,96,96
Irvine,FREMONT,2022,32,94,69,91,
Irvine,FREMONT,2023,31,94,74,,
Irvine,FREMONT,2024,22,91,,,
Irvine,FRESNO,2005,12,92,25,75,83
Irvine,FRESNO,2019,11,100,64,91,91
Irvine,FRESNO,2020,13,100,46,92,100
Irvine,FRESNO,2022,10,100,90,90,
Irvine,FRESNO,2023,17,94,65,,
Irvine,FRESNO,2024,11,100,,,
Irvine,FULLERTON,1999,19,84,42,68,79
Irvine,FULLERTON,2000,34,85,38,74,82
Irvine,FULLERTON,2001,49,94,47,73,88
Irvine,FULLERTON,2002,34,91,29,79,88
Irvine,FULLERTON,2003,49,96,55,88,92
Irvine,FULLERTON,2004,46,98,48,87,89
Irvine,FULLERTON,2005,43,93,51,84,84
Irvine,FULLERTON,2006,41,95,44,73,80
Irvine,FULLERTON,2007,38,84,50,79,82
Irvine,FULLERTON,2008,50,94,50,84,86
Irvine,FULLERTON,2009,51,96,51,92,92
Irvine,FULLERTON,2010,62,95,45,77,84
Irvine,FULLERTON,2011,64,97,50,83,88
Irvine,FULLERTON,2012,62,98,52,81,89
Irvine,FULLERTON,2013,60,93,57,85,87
Irvine,FULLERTON,2014,58,88,45,76,79
Irvine,FULLERTON,2015,59,90,51,80,83
Irvine,FULLERTON,2016,71,96,65,86,89
Irvine,FULLERTON,2017,90,93,60,88,91
Irvine,FULLERTON,2018,74,92,53,82,84
Irvine,FULLERTON,2019,100,94,59,89,94
Irvine,FULLERTON,2020,74,92,54,84,86
Irvine,FULLERTON,2021,61,95,84,92,93
Irvine,FULLERTON,2022,93,97,78,92,
Irvine,FULLERTON,2023,64,95,70,,
Irvine,FULLERTON,2024,57,96,,,
Irvine,GLENDALE,1999,13,100,62,100,100
Irvine,GLENDALE,2000,12,92,33,92,92
Irvine,GLENDALE,2001,20,100,30,80,90
Irvine,GLENDALE,2002,27,81,30,70,70
Irvine,GLENDALE,2003,31,97,35,77,90
Irvine,GLENDALE,2004,27,85,44,74,81
Irvine,GLENDALE,2005,30,100,43,87,90
Irvine,GLENDALE,2006,31,94,52,84,87
Irvine,GLENDALE,2007,41,95,54,88,95
Irvine,GLENDALE,2008,43,93,65,84,91
Irvine,GLENDALE,2009,39,92,51,82,87
Irvine,GLENDALE,2010,52,94,54,92,96
Irvine,GLENDALE,2011,35,97,57,91,91
Irvine,GLENDALE,2012,48,98,75,94,96
Irvine,GLENDALE,2013,44,93,70,93,93
Irvine,GLENDALE,2014,37,97,59,97,100
Irvine,GLENDALE,2015,50,94,76,96,96
Irvine,GLENDALE,2016,47,91,66,85,85
Irvine,GLENDALE,2017,52,100,69,92,96
Irvine,GLENDALE,2018,51,94,69,92,96
Irvine,GLENDALE,2019,68,100,65,93,96
Irvine,GLENDALE,2020,52,90,69,83,85
Irvine,GLENDALE,2021,60,90,73,88,90
Irvine,GLENDALE,2022,52,94,88,94,
Irvine,GLENDALE,2023,55,96,78,,
Irvine,GLENDALE,2024,54,98,,,
Irvine,GLENDORA,2001,11,73,27,45,45
Irvine,GLENDORA,2005,11,100,45,100,100
Irvine,GLENDORA,2006,15,80,53,73,80
Irvine,GLENDORA,2007,21,90,62,86,90
Irvine,GLENDORA,2009,18,89,61,72,78
Irvine,GLENDORA,2010,21,100,76,100,100
Irvine,GLENDORA,2012,15,93,40,87,87
Irvine,GLENDORA,2013,16,94,44,88,88
Irvine,GLENDORA,2014,18,94,78,83,83
Irvine,GLENDORA,2015,18,94,67,94,94
Irvine,GLENDORA,2016,22,91,59,86,86
Irvine,GLENDORA,2017,40,88,50,83,85
Irvine,GLENDORA,2018,29,86,48,83,83
Irvine,GLENDORA,2019,36,92,72,83,89
Irvine,GLENDORA,2020,37,92,68,92,92
Irvine,GLENDORA,2021,43,84,65,86,86
Irvine,GLENDORA,2022,30,93,70,90,
Irvine,GLENDORA,2023,46,85,59,,
Irvine,GLENDORA,2024,35,89,,,
Irvine,HAYWARD,2019,10,90,50,90,100
Irvine,HAYWARD,2020,15,100,60,80,87
Irvine,HAYWARD,2021,13,100,92,92,100
Irvine,HAYWARD,2022,13,100,77,100,
Irvine,HAYWARD,2023,24,100,79,,
Irvine,HUNTINGTON BEACH,1999,22,95,41,73,86
Irvine,HUNTINGTON BEACH,2000,36,97,36,86,86
Irvine,HUNTINGTON BEACH,2001,31,90,26,77,77
Irvine,HUNTINGTON BEACH,2002,41,90,56,80,88
Irvine,HUNTINGTON BEACH,2003,34,97,38,74,82
Irvine,HUNTINGTON BEACH,2004,35,91,46,74,80
Irvine,HUNTINGTON BEACH,2005,49,92,45,82,86
Irvine,HUNTINGTON BEACH,2006,59,92,47,81,86
Irvine,HUNTINGTON BEACH,2007,35,91,57,83,89
Irvine,HUNTINGTON BEACH,2008,49,90,37,80,86
Irvine,HUNTINGTON BEACH,2009,49,96,47,90,90
Irvine,HUNTINGTON BEACH,2010,49,98,51,90,92
Irvine,HUNTINGTON BEACH,2011,44,91,43,82,84
Irvine,HUNTINGTON BEACH,2012,47,98,40,89,96
Irvine,HUNTINGTON BEACH,2013,74,91,53,82,85
Irvine,HUNTINGTON BEACH,2014,62,98,52,84,90
Irvine,HUNTINGTON BEACH,2015,53,100,60,87,94
Irvine,HUNTINGTON BEACH,2016,54,94,48,85,89
Irvine,HUNTINGTON BEACH,2017,48,98,54,85,94
Irvine,HUNTINGTON BEACH,2018,44,100,59,93,95
Irvine,HUNTINGTON BEACH,2019,39,97,67,90,95
Irvine,HUNTINGTON BEACH,2020,57,95,63,95,98
Irvine,HUNTINGTON BEACH,2021,44,93,64,80,84
Irvine,HUNTINGTON BEACH,2022,54,96,63,87,
Irvine,HUNTINGTON BEACH,2023,65,97,72,,
Irvine,HUNTINGTON BEACH,2024,45,93,,,
Irvine,IRVINE,1999,68,85,49,68,76
Irvine,IRVINE,2000,75,91,41,80,84
Irvine,IRVINE,2001,67,94,42,73,82
Irvine,IRVINE,2002,113,90,42,73,81
Irvine,IRVINE,2003,98,92,46,78,83
Irvine,IRVINE,2004,103,95,59,83,95
Irvine,IRVINE,2005,102,96,48,80,89
Irvine,IRVINE,2006,105,93,48,79,87
Irvine,IRVINE,2007,78,94,54,83,87
Irvine,IRVINE,2008,89,93,53,85,89
Irvine,IRVINE,2009,133,98,51,89,90
Irvine,IRVINE,2010,170,92,56,86,88
Irvine,IRVINE,2011,155,97,54,90,94
Irvine,IRVINE,2012,143,89,62,87,89
Irvine,IRVINE,2013,161,91,54,88,93
Irvine,IRVINE,2014,181,95,57,87,93
Irvine,IRVINE,2015,190,94,49,87,93
Irvine,IRVINE,2016,256,95,65,89,94
Irvine,IRVINE,2017,298,94,60,90,93
Irvine,IRVINE,2018,274,95,63,91,95
Irvine,IRVINE,2019,399,95,69,90,94
Irvine,IRVINE,2020,348,95,71,91,93
Irvine,IRVINE,2021,341,94,71,92,93
Irvine,IRVINE,2022,284,96,68,91,
Irvine,IRVINE,2023,321,97,71,,
Irvine,IRVINE,2024,350,95,,,
Irvine,LANCASTER,2006,11,91,18,64,82
Irvine,LANCASTER,2016,10,100,60,90,100
Irvine,LANCASTER,2017,17,100,18,71,76
Irvine,LANCASTER,2018,11,82,18,82,82
Irvine,LANCASTER,2019,13,92,46,69,69
Irvine,LANCASTER,2021,13,100,85,100,100
Irvine,LANCASTER,2022,11,91,64,91,
Irvine,LANCASTER,2023,10,90,60,,
Irvine,LANCASTER,2024,11,100,,,
Irvine,LIVERMORE,2014,10,100,50,80,80
Irvine,LIVERMORE,2018,14,100,79,93,93
Irvine,LIVERMORE,2019,15,93,40,100,100
Irvine,LIVERMORE,2020,11,91,64,100,100
Irvine,LIVERMORE,2021,16,94,81,100,100
Irvine,LIVERMORE,2022,20,100,80,95,
Irvine,LIVERMORE,2023,12,100,67,,
Irvine,LIVERMORE,2024,25,100,,,
Irvine,LONG BEACH,1999,16,100,50,81,100
Irvine,LONG BEACH,2000,11,82,45,82,82
Irvine,LONG BEACH,2001,25,96,28,64,76
Irvine,LONG BEACH,2002,17,76,41,65,71
Irvine,LONG BEACH,2003,17,94,53,82,82
Irvine,LONG BEACH,2004,17,94,24,65,76
Irvine,LONG BEACH,2005,22,82,41,68,77
Irvine,LONG BEACH,2006,19,89,53,79,84
Irvine,LONG BEACH,2007,11,82,36,64,82
Irvine,LONG BEACH,2009,19,100,58,89,95
Irvine,LONG BEACH,2010,28,86,46,86,86
Irvine,LONG BEACH,2011,21,100,48,86,86
Irvine,LONG BEACH,2012,15,87,40,87,87
Irvine,LONG BEACH,2013,17,71,18,65,71
Irvine,LONG BEACH,2014,24,83,25,75,83
Irvine,LONG BEACH,2015,18,94,61,89,89
Irvine,LONG BEACH,2016,22,95,36,73,82
Irvine,LONG BEACH,2017,32,94,44,78,81
Irvine,LONG BEACH,2018,32,94,34,81,88
Irvine,LONG BEACH,2019,36,89,53,72,75
Irvine,LONG BEACH,2020,39,95,64,87,90
Irvine,LONG BEACH,2021,35,89,69,89,89
Irvine,LONG BEACH,2022,27,85,59,81,
Irvine,LONG BEACH,2023,37,92,65,,
Irvine,LONG BEACH,2024,34,91,,,
Irvine,LOS ALTOS HILLS,2003,10,90,20,80,90
Irvine,LOS ALTOS HILLS,2004,13,92,85,85,92
Irvine,LOS ALTOS HILLS,2006,11,82,64,82,82
Irvine,LOS ALTOS HILLS,2009,10,70,40,60,70
Irvine,LOS ALTOS HILLS,2010,13,85,69,92,92
Irvine,LOS ALTOS HILLS,2011,13,100,38,77,85
Irvine,LOS ALTOS HILLS,2012,14,100,64,93,100
Irvine,LOS ALTOS HILLS,2013,25,96,48,88,92
Irvine,LOS ALTOS HILLS,2014,29,93,52,83,86
Irvine,LOS ALTOS HILLS,2015,26,88,62,77,77
Irvine,LOS ALTOS HILLS,2016,26,100,77,100,100
Irvine,LOS ALTOS HILLS,2017,50,94,62,90,90
Irvine,LOS ALTOS HILLS,2018,34,100,79,91,91
Irvine,LOS ALTOS HILLS,2019,26,85,50,81,92
Irvine,LOS ALTOS HILLS,2020,35,89,66,80,80
Irvine,LOS ALTOS HILLS,2021,35,97,77,89,91
Irvine,LOS ALTOS HILLS,2022,28,93,64,96,
Irvine,LOS ALTOS HILLS,2023,19,74,53,,
Irvine,LOS ALTOS HILLS,2024,11,91,,,
Irvine,LOS ANGELES,2006,11,91,55,73,82
Irvine,LOS ANGELES,2010,16,100,50,88,100
Irvine,LOS ANGELES,2011,10,100,40,80,90
Irvine,LOS ANGELES,2012,10,90,50,70,70
Irvine,LOS ANGELES,2013,14,93,50,86,86
Irvine,LOS ANGELES,2014,15,93,67,80,80
Irvine,LOS ANGELES,2015,20,90,50,85,85
Irvine,LOS ANGELES,2016,27,96,56,85,89
Irvine,LOS ANGELES,2017,24,100,46,83,83
Irvine,LOS ANGELES,2018,27,96,48,81,85
Irvine,LOS ANGELES,2019,25,96,56,92,96
Irvine,LOS ANGELES,2020,22,100,68,86,91
Irvine,LOS ANGELES,2021,23,96,61,83,87
Irvine,LOS ANGELES,2022,16,94,50,75,
Irvine,LOS ANGELES,2023,20,95,65,,
Irvine,LOS ANGELES,2024,10,100,,,
Irvine,MISSION VIEJO,1999,44,89,61,77,84
Irvine,MISSION VIEJO,2000,68,94,56,78,85
Irvine,MISSION VIEJO,2001,93,87,52,75,80
Irvine,MISSION VIEJO,2002,107,91,53,82,87
Irvine,MISSION VIEJO,2003,99,94,49,75,77
Irvine,MISSION VIEJO,2004,109,95,57,86,90
Irvine,MISSION VIEJO,2005,91,95,60,86,87
Irvine,MISSION VIEJO,2006,94,98,63,89,96
Irvine,MISSION VIEJO,2007,80,90,56,84,88
Irvine,MISSION VIEJO,2008,81,90,46,80,84
Irvine,MISSION VIEJO,2009,104,89,49,76,81
Irvine,MISSION VIEJO,2010,124,92,64,85,90
Irvine,MISSION VIEJO,2011,115,94,50,90,92
Irvine,MISSION VIEJO,2012,107,94,54,82,86
Irvine,MISSION VIEJO,2013,99,92,54,87,91
Irvine,MISSION VIEJO,2014,119,96,56,82,87
Irvine,MISSION VIEJO,2015,100,94,59,87,89
Irvine,MISSION VIEJO,2016,128,95,56,88,91
Irvine,MISSION VIEJO,2017,120,93,58,85,92
Irvine,MISSION VIEJO,2018,129,96,65,93,93
Irvine,MISSION VIEJO,2019,145,99,73,94,97
Irvine,MISSION VIEJO,2020,141,97,70,89,91
Irvine,MISSION VIEJO,2021,140,95,71,94,94
Irvine,MISSION VIEJO,2022,125,96,78,91,
Irvine,MISSION VIEJO,2023,179,93,74,,
Irvine,MISSION VIEJO,2024,151,97,,,
Irvine,MONTEREY PARK,1999,12,92,25,67,83
Irvine,MONTEREY PARK,2000,17,88,18,47,65
Irvine,MONTEREY PARK,2001,22,82,50,64,64
Irvine,MONTEREY PARK,2002,16,56,19,38,50
Irvine,MONTEREY PARK,2003,20,95,40,75,80
Irvine,MONTEREY PARK,2004,27,96,44,81,85
Irvine,MONTEREY PARK,2005,24,88,46,71,83
Irvine,MONTEREY PARK,2006,21,100,38,81,81
Irvine,MONTEREY PARK,2007,24,92,46,71,75
Irvine,MONTEREY PARK,2008,14,86,43,71,86
Irvine,MONTEREY PARK,2009,24,100,58,92,96
Irvine,MONTEREY PARK,2010,34,85,62,79,82
Irvine,MONTEREY PARK,2011,29,90,41,76,76
Irvine,MONTEREY PARK,2012,30,93,70,93,93
Irvine,MONTEREY PARK,2013,45,96,64,91,91
Irvine,MONTEREY PARK,2014,30,87,63,87,87
Irvine,MONTEREY PARK,2015,32,100,69,94,94
Irvine,MONTEREY PARK,2016,63,90,48,79,86
Irvine,MONTEREY PARK,2017,77,95,66,90,96
Irvine,MONTEREY PARK,2018,50,98,62,96,98
Irvine,MONTEREY PARK,2019,75,93,61,84,87
Irvine,MONTEREY PARK,2020,52,96,73,88,92
Irvine,MONTEREY PARK,2021,66,85,58,82,82
Irvine,MONTEREY PARK,2022,53,98,72,96,
Irvine,MONTEREY PARK,2023,28,100,71,,
Irvine,MONTEREY PARK,2024,48,98,,,
Irvine,MOORPARK,1999,13,92,54,85,92
Irvine,MOORPARK,2002,23,91,30,74,83
Irvine,MOORPARK,2003,16,100,56,88,94
Irvine,MOORPARK,2004,14,86,36,71,71
Irvine,MOORPARK,2005,13,92,38,92,92
Irvine,MOORPARK,2006,31,87,45,74,81
Irvine,MOORPARK,2007,31,94,45,84,90
Irvine,MOORPARK,2008,17,94,71,88,94
Irvine,MOORPARK,2009,32,91,31,75,84
Irvine,MOORPARK,2010,22,86,55,77,82
Irvine,MOORPARK,2011,18,94,39,89,89
Irvine,MOORPARK,2012,19,95,47,79,79
Irvine,MOORPARK,2013,27,96,59,96,96
Irvine,MOORPARK,2014,25,100,44,84,92
Irvine,MOORPARK,2015,22,100,50,95,95
Irvine,MOORPARK,2016,32,100,56,91,91
Irvine,MOORPARK,2017,32,91,44,91,91
Irvine,MOORPARK,2018,30,90,63,90,90
Irvine,MOORPARK,2019,41,98,76,88,88
Irvine,MOORPARK,2020,27,96,56,93,93
Irvine,MOORPARK,2021,38,89,79,89,92
Irvine,MOORPARK,2022,23,96,57,91,
Irvine,MOORPARK,2023,38,97,84,,
Irvine,MOORPARK,2024,36,97,,,
Irvine,MORENO VALLEY,2017,11,100,36,91,91
Irvine,NORCO,2012,11,100,45,91,91
Irvine,NORCO,2013,12,100,58,83,92
Irvine,NORCO,2014,22,91,45,86,95
Irvine,NORCO,2015,12,100,67,92,92
Irvine,NORCO,2016,24,88,63,79,83
Irvine,NORCO,2017,24,88,46,83,88
Irvine,NORCO,2018,23,91,52,78,83
Irvine,NORCO,2019,32,97,56,81,81
Irvine,NORCO,2020,22,95,73,95,100
Irvine,NORCO,2021,27,85,59,78,81
Irvine,NORCO,2022,17,100,59,88,
Irvine,NORCO,2023,20,95,50,,
Irvine,NORCO,2024,34,88,,,
Irvine,NORWALK,1999,18,100,39,78,83
Irvine,NORWALK,2000,24,92,33,63,83
Irvine,NORWALK,2001,40,83,30,58,75
Irvine,NORWALK,2002,41,93,39,76,85
Irvine,NORWALK,2003,43,88,37,74,81
Irvine,NORWALK,2004,50,92,48,82,86
Irvine,NORWALK,2005,41,95,54,93,95
Irvine,NORWALK,2006,39,97,49,87,87
Irvine,NORWALK,2007,36,97,28,83,89
Irvine,NORWALK,2008,29,90,45,76,76
Irvine,NORWALK,2009,52,88,46,79,87
Irvine,NORWALK,2010,44,95,55,91,98
Irvine,NORWALK,2011,33,88,42,85,88
Irvine,NORWALK,2012,45,98,40,78,87
Irvine,NORWALK,2013,39,95,51,82,85
Irvine,NORWALK,2014,47,94,49,89,94
Irvine,NORWALK,2015,33,97,48,91,91
Irvine,NORWALK,2016,35,91,34,74,80
Irvine,NORWALK,2017,39,97,69,92,92
Irvine,NORWALK,2018,32,94,53,69,78
Irvine,NORWALK,2019,33,94,70,85,85
Irvine,NORWALK,2020,19,95,53,89,89
Irvine,NORWALK,2021,37,89,62,84,84
Irvine,NORWALK,2022,39,95,64,87,
Irvine,NORWALK,2023,41,100,76,,
Irvine,NORWALK,2024,44,95,,,
Irvine,OCEANSIDE,2006,10,100,50,90,90
Irvine,OCEANSIDE,2007,12,100,42,75,83
Irvine,OCEANSIDE,2009,17,94,47,71,82
Irvine,OCEANSIDE,2010,17,94,53,82,82
Irvine,OCEANSIDE,2011,14,100,50,79,86
Irvine,OCEANSIDE,2012,16,100,44,75,75
Irvine,OCEANSIDE,2013,24,92,54,88,88
Irvine,OCEANSIDE,2014,19,95,63,84,84
Irvine,OCEANSIDE,2015,20,95,30,85,85
Irvine,OCEANSIDE,2016,28,93,29,82,89
Irvine,OCEANSIDE,2017,28,96,50,86,89
Irvine,OCEANSIDE,2018,36,94,61,89,89
Irvine,OCEANSIDE,2019,40,98,65,93,93
Irvine,OCEANSIDE,2020,25,88,44,84,88
Irvine,OCEANSIDE,2021,33,94,58,85,85
Irvine,OCEANSIDE,2022,22,95,77,95,
Irvine,OCEANSIDE,2023,21,90,52,,
Irvine,OCEANSIDE,2024,23,100,,,
Irvine,ORANGE,2001,10,100,40,80,80
Irvine,ORANGE,2002,15,87,20,80,87
Irvine,ORANGE,2003,27,96,56,96,96
Irvine,ORANGE,2004,19,89,47,89,89
Irvine,ORANGE,2005,22,95,50,73,77
Irvine,ORANGE,2006,30,87,40,77,80
Irvine,ORANGE,2007,21,86,48,90,90
Irvine,ORANGE,2008,25,92,40,68,72
Irvine,ORANGE,2009,37,89,51,76,78
Irvine,ORANGE,2010,38,95,58,84,92
Irvine,ORANGE,2011,24,100,50,75,88
Irvine,ORANGE,2012,25,88,52,84,84
Irvine,ORANGE,2013,38,87,47,79,82
Irvine,ORANGE,2014,35,94,51,86,89
Irvine,ORANGE,2015,44,98,43,89,93
Irvine,ORANGE,2016,36,94,44,92,94
Irvine,ORANGE,2017,45,87,47,76,82
Irvine,ORANGE,2018,49,94,55,86,86
Irvine,ORANGE,2019,56,100,66,88,95
Irvine,ORANGE,2020,58,95,62,83,90
Irvine,ORANGE,2021,49,100,71,88,90
Irvine,ORANGE,2022,57,95,68,86,
Irvine,ORANGE,2023,92,95,72,,
Irvine,ORANGE,2024,72,94,,,
Irvine,PALM DESERT,2003,11,91,64,82,91
Irvine,PALM DESERT,2012,10,100,80,90,90
Irvine,PALM DESERT,2014,10,90,20,80,80
Irvine,PALM DESERT,2017,10,100,60,100,100
Irvine,PALM DESERT,2018,15,87,47,87,87
Irvine,PALM DESERT,2019,19,89,63,79,84
Irvine,PALM DESERT,2020,11,100,55,100,100
Irvine,PALM DESERT,2021,12,92,75,100,100
Irvine,PALM DESERT,2022,14,86,79,79,
Irvine,PALM DESERT,2024,10,90,,,
Irvine,PASADENA,1999,23,91,39,78,83
Irvine,PASADENA,2000,45,93,33,76,82
Irvine,PASADENA,2001,41,95,39,78,80
Irvine,PASADENA,2002,78,95,46,79,88
Irvine,PASADENA,2003,85,93,51,76,86
Irvine,PASADENA,2004,97,97,61,92,96
Irvine,PASADENA,2005,55,96,51,85,91
Irvine,PASADENA,2006,75,93,49,76,81
Irvine,PASADENA,2007,73,95,48,79,89
Irvine,PASADENA,2008,76,95,63,83,87
Irvine,PASADENA,2009,108,93,50,78,81
Irvine,PASADENA,2010,107,92,63,79,83
Irvine,PASADENA,2011,89,100,69,94,98
Irvine,PASADENA,2012,81,96,53,88,91
Irvine,PASADENA,2013,79,94,54,86,90
Irvine,PASADENA,2014,69,96,58,90,94
Irvine,PASADENA,2015,90,97,61,90,93
Irvine,PASADENA,2016,119,93,58,87,89
Irvine,PASADENA,2017,166,94,58,83,87
Irvine,PASADENA,2018,138,95,61,85,91
Irvine,PASADENA,2019,176,95,70,93,94
Irvine,PASADENA,2020,153,95,63,90,93
Irvine,PASADENA,2021,170,94,69,86,88
Irvine,PASADENA,2022,106,97,73,90,
Irvine,PASADENA,2023,155,92,65,,
Irvine,PASADENA,2024,145,93,,,
Irvine,PITTSBURG,2020,10,100,70,80,80
Irvine,PITTSBURG,2022,10,100,60,90,
Irvine,PITTSBURG,2024,10,100,,,
Irvine,PLEASANT HILL,2000,10,90,30,70,80
Irvine,PLEASANT HILL,2001,16,81,44,63,81
Irvine,PLEASANT HILL,2002,14,86,36,64,64
Irvine,PLEASANT HILL,2003,16,94,44,75,81
Irvine,PLEASANT HILL,2004,33,94,45,70,76
Irvine,PLEASANT HILL,2005,23,83,30,74,83
Irvine,PLEASANT HILL,2006,20,85,50,75,75
Irvine,PLEASANT HILL,2007,20,95,65,85,90
Irvine,PLEASANT HILL,2008,17,100,71,100,100
Irvine,PLEASANT HILL,2009,23,96,48,87,87
Irvine,PLEASANT HILL,2010,16,94,69,94,94
Irvine,PLEASANT HILL,2011,14,79,21,57,64
Irvine,PLEASANT HILL,2012,18,94,44,94,94
Irvine,PLEASANT HILL,2013,13,92,31,77,77
Irvine,PLEASANT HILL,2014,36,92,61,92,92
Irvine,PLEASANT HILL,2015,44,95,68,93,93
Irvine,PLEASANT HILL,2016,49,94,59,88,90
Irvine,PLEASANT HILL,2017,65,95,71,89,91
Irvine,PLEASANT HILL,2018,42,95,50,83,86
Irvine,PLEASANT HILL,2019,57,95,70,89,91
Irvine,PLEASANT HILL,2020,58,97,67,86,88
Irvine,PLEASANT HILL,2021,61,92,74,90,93
Irvine,PLEASANT HILL,2022,54,93,67,89,
Irvine,PLEASANT HILL,2023,70,96,77,,
Irvine,PLEASANT HILL,2024,41,95,,,
Irvine,RANCHO CUCAMONGA,2005,11,91,55,82,100
Irvine,RANCHO CUCAMONGA,2007,19,95,37,79,84
Irvine,RANCHO CUCAMONGA,2009,10,90,40,70,80
Irvine,RANCHO CUCAMONGA,2010,10,100,70,90,90
Irvine,RANCHO CUCAMONGA,2011,21,90,24,81,81
Irvine,RANCHO CUCAMONGA,2012,18,83,44,78,83
Irvine,RANCHO CUCAMONGA,2013,13,100,62,100,100
Irvine,RANCHO CUCAMONGA,2014,13,100,46,92,92
Irvine,RANCHO CUCAMONGA,2015,12,100,58,92,100
Irvine,RANCHO CUCAMONGA,2016,23,96,70,91,96
Irvine,RANCHO CUCAMONGA,2017,28,89,54,79,82
Irvine,RANCHO CUCAMONGA,2018,28,89,68,79,86
Irvine,RANCHO CUCAMONGA,2019,18,100,50,100,100
Irvine,RANCHO CUCAMONGA,2020,26,92,69,88,88
Irvine,RANCHO CUCAMONGA,2021,21,95,71,86,86
Irvine,RANCHO CUCAMONGA,2022,29,93,66,86,
Irvine,RANCHO CUCAMONGA,2023,19,100,74,,
Irvine,RANCHO CUCAMONGA,2024,21,100,,,
Irvine,REEDLEY,2010,10,80,50,80,80
Irvine,REEDLEY,2011,10,90,40,70,80
Irvine,REEDLEY,2014,10,100,60,80,80
Irvine,RIVERSIDE,1999,12,92,67,83,92
Irvine,RIVERSIDE,2000,13,100,15,69,85
Irvine,RIVERSIDE,2001,19,89,53,84,84
Irvine,RIVERSIDE,2003,18,94,39,67,78
Irvine,RIVERSIDE,2004,28,96,64,93,93
Irvine,RIVERSIDE,2005,27,93,48,74,85
Irvine,RIVERSIDE,2006,26,88,35,81,85
Irvine,RIVERSIDE,2007,24,88,50,75,88
Irvine,RIVERSIDE,2008,25,88,40,72,80
Irvine,RIVERSIDE,2009,26,81,42,69,73
Irvine,RIVERSIDE,2010,33,88,42,79,79
Irvine,RIVERSIDE,2011,29,97,66,90,97
Irvine,RIVERSIDE,2012,33,94,55,82,91
Irvine,RIVERSIDE,2013,32,94,50,88,88
Irvine,RIVERSIDE,2014,24,100,38,75,79
Irvine,RIVERSIDE,2015,20,90,50,85,90
Irvine,RIVERSIDE,2016,35,94,34,77,86
Irvine,RIVERSIDE,2017,37,84,43,62,70
Irvine,RIVERSIDE,2018,35,97,60,94,94
Irvine,RIVERSIDE,2019,41,88,56,71,80
Irvine,RIVERSIDE,2020,27,85,48,74,81
Irvine,RIVERSIDE,2021,31,90,74,84,84
Irvine,RIVERSIDE,2022,27,93,59,93,
Irvine,RIVERSIDE,2023,26,96,65,,
Irvine,RIVERSIDE,2024,33,91,,,
Irvine,ROCKLIN,2010,13,92,77,85,85
Irvine,ROCKLIN,2014,15,100,47,60,67
Irvine,ROCKLIN,2019,16,100,63,88,88
Irvine,ROCKLIN,2023,18,94,78,,
Irvine,ROCKLIN,2024,14,93,,,
Irvine,SACRAMENTO,2002,10,90,30,80,80
Irvine,SACRAMENTO,2017,11,82,36,91,91
Irvine,SACRAMENTO,2017,10,100,40,100,100
Irvine,SACRAMENTO,2018,10,90,40,90,90
Irvine,SACRAMENTO,2019,11,91,55,73,91
Irvine,SACRAMENTO,2020,15,100,47,80,100
Irvine,SACRAMENTO,2020,12,92,83,92,92
Irvine,SACRAMENTO,2022,13,92,69,92,
Irvine,SACRAMENTO,2023,15,93,73,,
Irvine,SACRAMENTO,2024,10,100,,,
Irvine,SACRAMENTO,2024,11,100,,,
Irvine,SACRAMENTO,2024,11,100,,,
Irvine,SAN BERNARDINO,2014,10,80,20,80,80
Irvine,SAN BERNARDINO,2017,10,100,30,70,80
Irvine,SAN BRUNO,2016,10,90,40,90,90
Irvine,SAN BRUNO,2017,13,100,77,92,92
Irvine,SAN BRUNO,2019,22,91,59,91,91
Irvine,SAN BRUNO,2020,13,100,85,100,100
Irvine,SAN BRUNO,2021,15,100,67,100,100
Irvine,SAN BRUNO,2023,13,100,77,,
Irvine,SAN BRUNO,2024,10,100,,,
Irvine,SAN DIEGO,2001,11,82,36,64,73
Irvine,SAN DIEGO,2004,12,92,67,92,92
Irvine,SAN DIEGO,2009,11,100,45,73,82
Irvine,SAN DIEGO,2013,10,80,50,70,80
Irvine,SAN DIEGO,2014,10,100,20,80,80
Irvine,SAN DIEGO,2015,11,91,55,91,91
Irvine,SAN DIEGO,2016,12,92,50,67,83
Irvine,SAN DIEGO,2016,16,94,56,94,94
Irvine,SAN DIEGO,2016,11,100,18,55,82
Irvine,SAN DIEGO,2017,22,95,23,82,86
Irvine,SAN DIEGO,2017,23,96,52,78,78
Irvine,SAN DIEGO,2018,13,100,69,85,92
Irvine,SAN DIEGO,2018,15,87,40,67,67
Irvine,SAN DIEGO,2019,18,100,33,83,94
Irvine,SAN DIEGO,2019,19,89,32,89,89
Irvine,SAN DIEGO,2020,17,82,53,71,71
Irvine,SAN DIEGO,2020,11,100,73,82,82
Irvine,SAN DIEGO,2021,13,77,54,62,69
Irvine,SAN DIEGO,2022,13,100,62,77,
Irvine,SAN DIEGO,2023,16,100,69,,
Irvine,SAN DIEGO,2023,20,85,65,,
Irvine,SAN DIEGO,2024,10,100,,,
Irvine,SAN DIEGO,2024,10,80,,,
Irvine,SAN FRANCISCO,2009,15,100,53,87,93
Irvine,SAN FRANCISCO,2010,15,100,80,100,100
Irvine,SAN FRANCISCO,2011,14,100,71,100,100
Irvine,SAN FRANCISCO,2012,12,92,50,83,92
Irvine,SAN FRANCISCO,2015,12,100,75,92,100
Irvine,SAN FRANCISCO,2017,17,94,65,94,94
Irvine,SAN FRANCISCO,2018,22,95,77,95,95
Irvine,SAN FRANCISCO,2019,19,100,47,100,100
Irvine,SAN FRANCISCO,2020,19,95,47,95,95
Irvine,SAN FRANCISCO,2021,25,96,72,92,96
Irvine,SAN FRANCISCO,2022,19,95,63,95,
Irvine,SAN FRANCISCO,2023,18,100,56,,
Irvine,SAN FRANCISCO,2024,21,95,,,
Irvine,SAN JACINTO,2008,17,100,59,100,100
Irvine,SAN JACINTO,2009,14,86,64,86,86
Irvine,SAN JACINTO,2011,13,92,38,92,92
Irvine,SAN JACINTO,2012,15,100,67,93,93
Irvine,SAN JACINTO,2013,13,92,31,85,85
Irvine,SAN JACINTO,2014,16,88,44,63,75
Irvine,SAN JACINTO,2015,13,92,46,85,85
Irvine,SAN JACINTO,2016,17,82,35,65,65
Irvine,SAN JACINTO,2017,28,100,46,86,89
Irvine,SAN JACINTO,2018,17,82,59,76,76
Irvine,SAN JACINTO,2019,20,95,70,85,85
Irvine,SAN JACINTO,2020,21,86,57,81,86
Irvine,SAN JACINTO,2021,18,83,28,72,72
Irvine,SAN JACINTO,2022,25,92,60,76,
Irvine,SAN JACINTO,2023,25,92,52,,
Irvine,SAN JACINTO,2024,27,96,,,
Irvine,SAN JOSE,2020,13,100,62,100,100
Irvine,SAN JOSE,2023,14,93,71,,
Irvine,SAN MARCOS,2001,13,85,23,62,69
Irvine,SAN MARCOS,2003,10,90,70,80,90
Irvine,SAN MARCOS,2004,13,100,62,85,92
Irvine,SAN MARCOS,2005,10,70,50,70,70
Irvine,SAN MARCOS,2006,10,100,30,60,70
Irvine,SAN MARCOS,2007,10,80,30,60,70
Irvine,SAN MARCOS,2010,12,100,75,92,92
Irvine,SAN MARCOS,2011,27,96,44,81,89
Irvine,SAN MARCOS,2012,21,100,57,95,95
Irvine,SAN MARCOS,2013,19,84,58,84,84
Irvine,SAN MARCOS,2014,18,89,28,83,94
Irvine,SAN MARCOS,2015,15,93,60,93,93
Irvine,SAN MARCOS,2016,17,88,47,88,88
Irvine,SAN MARCOS,2017,19,100,47,89,100
Irvine,SAN MARCOS,2018,16,94,56,88,88
Irvine,SAN MARCOS,2019,28,93,71,93,93
Irvine,SAN MARCOS,2020,24,75,54,71,79
Irvine,SAN MARCOS,2021,21,95,62,81,86
Irvine,SAN MARCOS,2022,30,93,70,87,
Irvine,SAN MARCOS,2023,16,94,69,,
Irvine,SAN MARCOS,2024,12,92,,,
Irvine,SAN MATEO,2001,13,100,31,85,100
Irvine,SAN MATEO,2016,22,100,64,95,95
Irvine,SAN MATEO,2017,29,97,55,90,90
Irvine,SAN MATEO,2018,15,100,87,100,100
Irvine,SAN MATEO,2019,21,95,71,90,100
Irvine,SAN MATEO,2020,18,100,89,100,100
Irvine,SAN MATEO,2021,23,100,70,96,100
Irvine,SAN MATEO,2022,23,100,83,96,
Irvine,SAN MATEO,2023,18,94,78,,
Irvine,SAN MATEO,2024,19,95,,,
Irvine,SANTA ANA,1999,36,97,50,86,89
Irvine,SANTA ANA,2000,56,96,39,77,88
Irvine,SANTA ANA,2001,48,92,29,71,85
Irvine,SANTA ANA,2002,47,89,28,77,81
Irvine,SANTA ANA,2003,44,91,39,73,80
Irvine,SANTA ANA,2004,42,98,43,81,83
Irvine,SANTA ANA,2005,54,91,43,81,81
Irvine,SANTA ANA,2006,46,89,35,70,74
Irvine,SANTA ANA,2007,32,78,53,69,78
Irvine,SANTA ANA,2008,35,94,37,80,91
Irvine,SANTA ANA,2009,43,86,30,74,77
Irvine,SANTA ANA,2010,51,96,51,82,86
Irvine,SANTA ANA,2011,58,90,50,78,79
Irvine,SANTA ANA,2012,45,98,58,98,98
Irvine,SANTA ANA,2013,54,93,33,83,91
Irvine,SANTA ANA,2014,62,90,37,77,79
Irvine,SANTA ANA,2015,66,92,45,79,82
Irvine,SANTA ANA,2016,75,92,47,77,83
Irvine,SANTA ANA,2017,92,87,38,77,82
Irvine,SANTA ANA,2018,71,92,52,89,89
Irvine,SANTA ANA,2019,63,95,56,78,84
Irvine,SANTA ANA,2020,62,95,58,79,90
Irvine,SANTA ANA,2021,54,100,78,93,94
Irvine,SANTA ANA,2022,49,90,63,80,
Irvine,SANTA ANA,2023,42,90,76,,
Irvine,SANTA ANA,2024,51,84,,,
Irvine,SANTA BARBARA,2010,10,90,70,90,90
Irvine,SANTA BARBARA,2012,13,100,85,92,92
Irvine,SANTA BARBARA,2013,37,95,41,92,97
Irvine,SANTA BARBARA,2014,33,97,58,94,97
Irvine,SANTA BARBARA,2015,23,91,52,83,91
Irvine,SANTA BARBARA,2016,21,90,62,90,90
Irvine,SANTA BARBARA,2017,25,92,56,80,80
Irvine,SANTA BARBARA,2018,25,84,56,60,64
Irvine,SANTA BARBARA,2019,44,95,75,93,95
Irvine,SANTA BARBARA,2020,34,91,85,91,94
Irvine,SANTA BARBARA,2021,23,91,61,87,87
Irvine,SANTA BARBARA,2022,27,100,81,96,
Irvine,SANTA BARBARA,2023,33,94,64,,
Irvine,SANTA BARBARA,2024,21,100,,,
Irvine,SANTA MONICA,1999,20,95,60,90,90
Irvine,SANTA MONICA,2000,49,96,43,84,90
Irvine,SANTA MONICA,2001,71,94,37,62,76
Irvine,SANTA MONICA,2002,88,90,43,77,81
Irvine,SANTA MONICA,2003,84,92,45,79,85
Irvine,SANTA MONICA,2004,103,91,54,81,86
Irvine,SANTA MONICA,2005,85,87,52,73,76
Irvine,SANTA MONICA,2006,79,89,52,72,77
Irvine,SANTA MONICA,2007,76,95,53,83,84
Irvine,SANTA MONICA,2008,63,95,60,86,89
Irvine,SANTA MONICA,2009,84,90,60,80,87
Irvine,SANTA MONICA,2010,84,88,50,77,79
Irvine,SANTA MONICA,2011,84,90,51,74,77
Irvine,SANTA MONICA,2012,84,94,51,82,89
Irvine,SANTA MONICA,2013,103,93,54,83,84
Irvine,SANTA MONICA,2014,114,90,52,79,86
Irvine,SANTA MONICA,2015,115,89,50,80,82
Irvine,SANTA MONICA,2016,154,89,51,82,87
Irvine,SANTA MONICA,2017,147,91,58,84,88
Irvine,SANTA MONICA,2018,121,93,74,91,93
Irvine,SANTA MONICA,2019,201,93,64,88,91
Irvine,SANTA MONICA,2020,130,89,62,83,85
Irvine,SANTA MONICA,2021,133,95,71,92,94
Irvine,SANTA MONICA,2022,84,87,68,85,
Irvine,SANTA MONICA,2023,82,91,62,,
Irvine,SANTA MONICA,2024,94,88,,,
Irvine,SANTA ROSA,2017,14,79,36,64,71
Irvine,SANTA ROSA,2022,10,90,60,80,
Irvine,SANTA ROSA,2024,11,91,,,
Irvine,SARATOGA,2014,11,82,45,64,73
Irvine,SARATOGA,2018,17,88,41,76,82
Irvine,SARATOGA,2019,16,94,75,94,94
Irvine,SARATOGA,2021,12,100,75,92,100
Irvine,SARATOGA,2022,15,100,87,100,
Irvine,SARATOGA,2023,16,100,69,,
Irvine,SARATOGA,2024,14,100,,,
Irvine,STOCKTON,2004,10,90,50,70,80
Irvine,STOCKTON,2020,10,90,50,80,80
Irvine,TORRANCE,1999,32,97,34,72,81
Irvine,TORRANCE,2000,41,90,27,71,78
Irvine,TORRANCE,2001,51,86,39,76,90
Irvine,TORRANCE,2002,35,91,29,74,83
Irvine,TORRANCE,2003,47,91,43,66,74
Irvine,TORRANCE,2004,48,92,50,77,83
Irvine,TORRANCE,2005,33,91,42,73,76
Irvine,TORRANCE,2006,47,96,49,87,91
Irvine,TORRANCE,2007,48,85,52,81,85
Irvine,TORRANCE,2008,42,76,40,71,76
Irvine,TORRANCE,2009,58,98,55,93,97
Irvine,TORRANCE,2010,46,93,48,80,83
Irvine,TORRANCE,2011,46,93,39,80,87
Irvine,TORRANCE,2012,50,88,60,78,84
Irvine,TORRANCE,2013,76,92,62,92,95
Irvine,TORRANCE,2014,40,98,58,93,98
Irvine,TORRANCE,2015,56,95,54,82,86
Irvine,TORRANCE,2016,81,91,52,80,84
Irvine,TORRANCE,2017,71,94,58,87,90
Irvine,TORRANCE,2018,62,97,63,92,94
Irvine,TORRANCE,2019,69,91,54,80,88
Irvine,TORRANCE,2020,57,91,67,82,86
Irvine,TORRANCE,2021,79,95,70,86,89
Irvine,TORRANCE,2022,78,95,77,91,
Irvine,TORRANCE,2023,65,94,71,,
Irvine,TORRANCE,2024,70,94,,,
Irvine,VALENCIA,2000,11,82,18,73,82
Irvine,VALENCIA,2003,13,100,46,92,100
Irvine,VALENCIA,2004,19,89,42,74,84
Irvine,VALENCIA,2005,20,90,65,90,90
Irvine,VALENCIA,2006,15,93,73,93,93
Irvine,VALENCIA,2007,16,100,50,75,75
Irvine,VALENCIA,2008,13,92,38,69,77
Irvine,VALENCIA,2009,21,100,57,95,100
Irvine,VALENCIA,2010,23,78,57,74,74
Irvine,VALENCIA,2011,21,81,57,76,86
Irvine,VALENCIA,2012,14,100,64,79,79
Irvine,VALENCIA,2013,14,93,43,93,93
Irvine,VALENCIA,2014,23,100,70,100,100
Irvine,VALENCIA,2015,20,85,40,65,75
Irvine,VALENCIA,2016,31,100,52,90,94
Irvine,VALENCIA,2017,39,95,49,85,87
Irvine,VALENCIA,2018,35,91,54,86,91
Irvine,VALENCIA,2019,28,100,54,89,96
Irvine,VALENCIA,2020,29,93,69,93,93
Irvine,VALENCIA,2021,41,93,68,85,88
Irvine,VALENCIA,2022,46,96,76,91,
Irvine,VALENCIA,2023,28,93,75,,
Irvine,VALENCIA,2024,25,88,,,
Irvine,VAN NUYS,2002,11,91,55,91,91
Irvine,VAN NUYS,2004,11,91,36,73,73
Irvine,VAN NUYS,2005,12,75,42,83,83
Irvine,VAN NUYS,2009,13,92,46,77,85
Irvine,VAN NUYS,2010,13,100,54,92,92
Irvine,VAN NUYS,2011,15,100,53,80,87
Irvine,VAN NUYS,2012,12,92,58,92,92
Irvine,VAN NUYS,2013,17,100,53,82,82
Irvine,VAN NUYS,2014,11,100,45,91,91
Irvine,VAN NUYS,2015,13,92,38,85,92
Irvine,VAN NUYS,2016,15,93,47,73,80
Irvine,VAN NUYS,2017,12,92,50,67,92
Irvine,VAN NUYS,2018,14,93,43,71,86
Irvine,VAN NUYS,2019,22,82,36,68,77
Irvine,VAN NUYS,2020,13,100,38,77,77
Irvine,VAN NUYS,2021,13,100,69,77,92
Irvine,VAN NUYS,2023,15,93,80,,
Irvine,VAN NUYS,2024,12,92,,,
Irvine,VENTURA,2013,10,100,20,100,100
Irvine,VENTURA,2014,12,83,42,67,67
Irvine,VENTURA,2016,12,100,50,83,92
Irvine,VENTURA,2017,14,79,36,57,57
Irvine,VENTURA,2018,10,80,50,80,80
Irvine,VENTURA,2019,24,100,50,88,96
Irvine,VENTURA,2020,15,93,60,87,87
Irvine,VENTURA,2021,20,85,50,80,80
Irvine,VENTURA,2022,14,100,71,100,
Irvine,VENTURA,2023,17,94,41,,
Irvine,VENTURA,2024,14,86,,,
Irvine,VICTORVILLE,2018,14,79,43,64,71
Irvine,VICTORVILLE,2021,18,89,44,78,83
Irvine,VICTORVILLE,2024,14,93,,,
Irvine,WALNUT,1999,24,96,54,92,92
Irvine,WALNUT,2000,32,88,38,75,91
Irvine,WALNUT,2001,39,92,41,74,77
Irvine,WALNUT,2002,62,92,47,81,84
Irvine,WALNUT,2003,49,92,45,80,90
Irvine,WALNUT,2004,63,94,56,73,79
Irvine,WALNUT,2005,38,89,47,84,89
Irvine,WALNUT,2006,59,93,53,81,90
Irvine,WALNUT,2007,48,98,58,85,88
Irvine,WALNUT,2008,52,98,44,83,87
Irvine,WALNUT,2009,45,91,51,78,78
Irvine,WALNUT,2010,79,94,61,86,90
Irvine,WALNUT,2011,74,95,61,89,92
Irvine,WALNUT,2012,71,94,55,89,92
Irvine,WALNUT,2013,78,96,68,95,96
Irvine,WALNUT,2014,70,96,51,84,89
Irvine,WALNUT,2015,78,94,62,92,94
Irvine,WALNUT,2016,77,87,51,84,88
Irvine,WALNUT,2017,132,90,60,86,90
Irvine,WALNUT,2018,102,89,56,84,88
Irvine,WALNUT,2019,116,95,66,86,88
Irvine,WALNUT,2020,105,94,58,85,89
Irvine,WALNUT,2021,139,94,63,90,92
Irvine,WALNUT,2022,101,93,64,88,
Irvine,WALNUT,2023,121,95,69,,
Irvine,WALNUT,2024,101,93,,,
Irvine,WHITTIER,2001,11,73,36,73,73
Irvine,WHITTIER,2002,13,69,31,69,77
Irvine,WHITTIER,2004,12,100,42,58,58
Irvine,WHITTIER,2005,14,79,50,71,71
Irvine,WHITTIER,2006,13,92,38,77,92
Irvine,WHITTIER,2010,15,93,67,80,87
Irvine,WHITTIER,2011,12,100,58,92,92
Irvine,WHITTIER,2012,15,93,27,67,73
Irvine,WHITTIER,2013,17,100,47,88,94
Irvine,WHITTIER,2014,15,93,60,87,87
Irvine,WHITTIER,2015,11,91,55,91,91
Irvine,WHITTIER,2016,17,94,47,82,82
Irvine,WHITTIER,2017,29,83,41,72,76
Irvine,WHITTIER,2018,24,92,58,83,83
Irvine,WHITTIER,2019,18,100,56,89,94
Irvine,WHITTIER,2020,28,89,46,64,68
Irvine,WHITTIER,2021,15,80,40,80,80
Irvine,WHITTIER,2022,12,92,42,92,
Irvine,WHITTIER,2023,18,94,89,,
Irvine,WHITTIER,2024,15,93,,,
Irvine,WILMINGTON,2014,11,100,73,91,100
Irvine,WILMINGTON,2015,12,75,42,67,67
Irvine,WILMINGTON,2016,10,100,40,70,70
Irvine,WILMINGTON,2017,16,88,50,75,75
Irvine,WILMINGTON,2018,14,86,50,79,86
Irvine,WILMINGTON,2019,10,100,50,90,90
Irvine,WILMINGTON,2021,10,90,50,70,80
Irvine,WILMINGTON,2023,17,88,65,,
Irvine,WOODLAND HILLS,2000,15,87,53,87,87
Irvine,WOODLAND HILLS,2001,13,92,23,54,69
Irvine,WOODLAND HILLS,2002,10,100,50,50,70
Irvine,WOODLAND HILLS,2003,13,92,69,92,92
Irvine,WOODLAND HILLS,2004,20,95,65,90,90
Irvine,WOODLAND HILLS,2005,18,94,61,89,94
Irvine,WOODLAND HILLS,2006,19,100,53,84,89
Irvine,WOODLAND HILLS,2007,21,86,48,76,86
Irvine,WOODLAND HILLS,2008,15,93,53,100,100
Irvine,WOODLAND HILLS,2009,18,83,44,61,72
Irvine,WOODLAND HILLS,2010,31,100,61,90,90
Irvine,WOODLAND HILLS,2011,23,91,57,83,87
Irvine,WOODLAND HILLS,2012,19,95,58,84,89
Irvine,WOODLAND HILLS,2013,32,97,28,81,91
Irvine,WOODLAND HILLS,2014,16,100,6,81,94
Irvine,WOODLAND HILLS,2015,24,88,42,71,83
Irvine,WOODLAND HILLS,2016,27,100,59,96,96
Irvine,WOODLAND HILLS,2017,31,81,48,71,77
Irvine,WOODLAND HILLS,2018,22,95,73,91,91
Irvine,WOODLAND HILLS,2019,38,92,50,84,87
Irvine,WOODLAND HILLS,2020,33,94,67,82,82
Irvine,WOODLAND HILLS,2021,45,98,62,87,96
Irvine,WOODLAND HILLS,2022,38,95,76,92,
Irvine,WOODLAND HILLS,2023,28,96,79,,
Irvine,WOODLAND HILLS,2024,47,96,,,
Irvine,YUCAIPA,2023,10,90,70,,
Los Angeles,ALAMEDA,2004,11,82,73,91,91
Los Angeles,ALAMEDA,2024,13,92,,,
Los Angeles,APTOS,2005,14,86,50,71,79
Los Angeles,APTOS,2006,11,100,27,73,73
Los Angeles,APTOS,2009,12,75,67,92,100
Los Angeles,APTOS,2010,12,100,75,100,100
Los Angeles,APTOS,2012,13,100,62,77,77
Los Angeles,APTOS,2013,12,100,75,83,92
Los Angeles,APTOS,2014,14,100,71,100,100
Los Angeles,APTOS,2015,16,100,69,88,88
Los Angeles,APTOS,2016,10,100,100,100,100
Los Angeles,APTOS,2017,16,100,88,88,100
Los Angeles,APTOS,2018,17,94,59,82,82
Los Angeles,APTOS,2019,27,93,74,89,89
Los Angeles,APTOS,2020,14,86,57,93,93
Los Angeles,APTOS,2021,13,100,100,100,100
Los Angeles,APTOS,2022,17,94,71,100,
Los Angeles,APTOS,2023,21,100,95,,
Los Angeles,APTOS,2024,21,100,,,
Los Angeles,BAKERSFIELD,2001,10,100,50,80,90
Los Angeles,BAKERSFIELD,2002,11,100,36,82,82
Los Angeles,BAKERSFIELD,2004,13,92,69,85,85
Los Angeles,BAKERSFIELD,2005,16,94,56,81,81
Los Angeles,BAKERSFIELD,2006,12,92,25,83,83
Los Angeles,BAKERSFIELD,2007,13,85,38,69,69
Los Angeles,BAKERSFIELD,2009,11,91,55,82,82
Los Angeles,BAKERSFIELD,2018,13,100,62,92,92
Los Angeles,BAKERSFIELD,2023,11,100,100,,
Los Angeles,BAKERSFIELD,2024,11,91,,,
Los Angeles,BERKELEY,2006,11,100,36,82,82
Los Angeles,BERKELEY,2010,13,92,54,77,92
Los Angeles,BERKELEY,2011,13,92,69,77,92
Los Angeles,BERKELEY,2012,18,100,56,94,94
Los Angeles,BERKELEY,2014,15,93,53,80,80
Los Angeles,BERKELEY,2015,15,100,67,93,100
Los Angeles,BERKELEY,2016,30,97,63,90,90
Los Angeles,BERKELEY,2017,21,95,90,90,90
Los Angeles,BERKELEY,2018,26,100,81,92,92
Los Angeles,BERKELEY,2019,25,88,60,84,84
Los Angeles,BERKELEY,2020,41,78,61,73,80
Los Angeles,BERKELEY,2021,22,95,73,91,95
Los Angeles,BERKELEY,2022,12,100,83,92,
Los Angeles,BERKELEY,2023,24,96,71,,
Los Angeles,BERKELEY,2024,25,100,,,
Los Angeles,CHULA VISTA,2000,11,100,45,82,82
Los Angeles,CHULA VISTA,2001,12,100,58,75,83
Los Angeles,CHULA VISTA,2003,12,92,17,75,83
Los Angeles,CHULA VISTA,2004,10,100,30,60,80
Los Angeles,CHULA VISTA,2010,10,70,50,70,70
Los Angeles,CHULA VISTA,2011,13,100,54,92,92
Los Angeles,CHULA VISTA,2016,11,100,73,100,100
Los Angeles,CHULA VISTA,2018,14,100,71,100,100
Los Angeles,CHULA VISTA,2021,12,83,58,83,92
Los Angeles,CHULA VISTA,2022,11,82,36,64,
Los Angeles,CHULA VISTA,2023,13,85,69,,
Los Angeles,CHULA VISTA,2024,13,92,,,
Los Angeles,COSTA MESA,1999,59,90,59,83,86
Los Angeles,COSTA MESA,2000,106,96,50,84,91
Los Angeles,COSTA MESA,2001,111,97,52,86,92
Los Angeles,COSTA MESA,2002,87,93,51,86,91
Los Angeles,COSTA MESA,2003,128,98,58,92,95
Los Angeles,COSTA MESA,2004,131,97,60,89,92
Los Angeles,COSTA MESA,2005,127,98,58,88,94
Los Angeles,COSTA MESA,2006,112,96,62,88,91
Los Angeles,COSTA MESA,2007,116,97,54,81,84
Los Angeles,COSTA MESA,2008,115,97,68,89,92
Los Angeles,COSTA MESA,2009,116,95,59,82,84
Los Angeles,COSTA MESA,2010,151,94,64,89,92
Los Angeles,COSTA MESA,2011,125,94,64,90,95
Los Angeles,COSTA MESA,2012,112,97,63,94,95
Los Angeles,COSTA MESA,2013,92,96,65,90,93
Los Angeles,COSTA MESA,2014,87,95,56,92,94
Los Angeles,COSTA MESA,2015,65,95,80,94,95
Los Angeles,COSTA MESA,2016,79,96,63,91,92
Los Angeles,COSTA MESA,2017,70,99,73,97,99
Los Angeles,COSTA MESA,2018,68,96,74,91,94
Los Angeles,COSTA MESA,2019,65,94,78,97,98
Los Angeles,COSTA MESA,2020,84,96,70,85,89
Los Angeles,COSTA MESA,2021,84,92,73,90,92
Los Angeles,COSTA MESA,2022,77,94,75,92,
Los Angeles,COSTA MESA,2023,95,96,86,,
Los Angeles,COSTA MESA,2024,80,96,,,
Los Angeles,CULVER CITY,1999,15,100,33,60,67
Los Angeles,CULVER CITY,2000,14,100,50,93,93
Los Angeles,CULVER CITY,2001,15,87,47,53,67
Los Angeles,CULVER CITY,2002,23,83,39,78,78
Los Angeles,CULVER CITY,2003,30,87,37,73,77
Los Angeles,CULVER CITY,2004,24,88,63,71,75
Los Angeles,CULVER CITY,2005,20,100,40,80,85
Los Angeles,CULVER CITY,2006,31,100,42,77,87
Los Angeles,CULVER CITY,2007,26,92,46,81,88
Los Angeles,CULVER CITY,2008,24,96,58,88,88
Los Angeles,CULVER CITY,2009,14,100,50,86,93
Los Angeles,CULVER CITY,2010,21,71,24,71,86
Los Angeles,CULVER CITY,2011,14,100,57,86,93
Los Angeles,CULVER CITY,2012,18,94,56,83,83
Los Angeles,CULVER CITY,2013,17,100,41,82,88
Los Angeles,CULVER CITY,2014,26,96,69,85,92
Los Angeles,CULVER CITY,2015,20,90,65,90,90
Los Angeles,CULVER CITY,2016,14,86,43,71,79
Los Angeles,CULVER CITY,2017,26,92,58,92,96
Los Angeles,CULVER CITY,2018,18,89,39,72,78
Los Angeles,CULVER CITY,2019,22,95,68,86,91
Los Angeles,CULVER CITY,2020,24,96,83,92,92
Los Angeles,CULVER CITY,2021,26,92,65,88,88
Los Angeles,CULVER CITY,2022,25,80,44,60,
Los Angeles,CULVER CITY,2023,20,95,75,,
Los Angeles,CULVER CITY,2024,12,100,,,
Los Angeles,CUPERTINO,1999,43,98,60,84,93
Los Angeles,CUPERTINO,2000,58,95,45,90,91
Los Angeles,CUPERTINO,2001,50,100,54,94,100
Los Angeles,CUPERTINO,2002,74,96,61,86,92
Los Angeles,CUPERTINO,2003,98,95,56,79,89
Los Angeles,CUPERTINO,2004,91,96,58,85,90
Los Angeles,CUPERTINO,2005,97,98,63,91,96
Los Angeles,CUPERTINO,2006,79,97,66,90,94
Los Angeles,CUPERTINO,2007,94,97,65,88,90
Los Angeles,CUPERTINO,2008,122,96,67,94,95
Los Angeles,CUPERTINO,2009,88,95,65,82,88
Los Angeles,CUPERTINO,2010,107,99,67,92,98
Los Angeles,CUPERTINO,2011,90,96,62,89,91
Los Angeles,CUPERTINO,2012,124,94,71,91,94
Los Angeles,CUPERTINO,2013,117,93,77,91,94
Los Angeles,CUPERTINO,2014,116,95,75,91,94
Los Angeles,CUPERTINO,2015,108,94,77,89,90
Los Angeles,CUPERTINO,2016,109,96,78,94,95
Los Angeles,CUPERTINO,2017,93,94,77,94,96
Los Angeles,CUPERTINO,2018,100,96,80,95,97
Los Angeles,CUPERTINO,2019,92,96,79,95,95
Los Angeles,CUPERTINO,2020,140,96,71,89,92
Los Angeles,CUPERTINO,2021,126,95,75,92,94
Los Angeles,CUPERTINO,2022,113,96,79,90,
Los Angeles,CUPERTINO,2023,92,98,79,,
Los Angeles,CUPERTINO,2024,130,96,,,
Los Angeles,CYPRESS,1999,16,100,44,94,94
Los Angeles,CYPRESS,2000,24,100,42,79,92
Los Angeles,CYPRESS,2001,22,95,41,82,82
Los Angeles,CYPRESS,2002,22,91,55,77,82
Los Angeles,CYPRESS,2003,29,93,59,83,90
Los Angeles,CYPRESS,2004,23,96,61,96,100
Los Angeles,CYPRESS,2005,44,84,41,77,86
Los Angeles,CYPRESS,2006,27,85,30,67,81
Los Angeles,CYPRESS,2007,31,94,55,87,90
Los Angeles,CYPRESS,2008,29,100,69,93,97
Los Angeles,CYPRESS,2009,33,91,61,79,88
Los Angeles,CYPRESS,2010,40,95,50,78,90
Los Angeles,CYPRESS,2011,40,93,70,85,95
Los Angeles,CYPRESS,2012,37,97,51,86,92
Los Angeles,CYPRESS,2013,38,89,58,89,92
Los Angeles,CYPRESS,2014,37,97,59,95,95
Los Angeles,CYPRESS,2015,29,97,55,93,93
Los Angeles,CYPRESS,2016,23,96,70,91,96
Los Angeles,CYPRESS,2017,20,100,65,95,95
Los Angeles,CYPRESS,2018,36,94,75,89,89
Los Angeles,CYPRESS,2019,23,96,65,96,96
Los Angeles,CYPRESS,2020,18,94,67,94,94
Los Angeles,CYPRESS,2021,29,100,90,100,100
Los Angeles,CYPRESS,2022,26,92,65,85,
Los Angeles,CYPRESS,2023,33,100,79,,
Los Angeles,CYPRESS,2024,31,97,,,
Los Angeles,EL CAJON,2001,10,100,60,100,100
Los Angeles,EL CAJON,2003,10,90,60,90,90
Los Angeles,EL CAJON,2004,11,91,73,91,100
Los Angeles,EL CAJON,2006,10,100,60,90,90
Los Angeles,EL CAJON,2007,13,100,54,77,92
Los Angeles,EL CAJON,2008,11,100,55,100,100
Los Angeles,EL CAJON,2009,13,92,69,92,92
Los Angeles,EL CAJON,2010,17,88,71,94,100
Los Angeles,EL CAJON,2011,13,100,62,85,92
Los Angeles,EL CAJON,2012,11,100,55,91,100
Los Angeles,EL CAJON,2013,10,100,80,100,100
Los Angeles,EL CAJON,2014,10,100,60,90,100
Los Angeles,EL CAJON,2015,10,100,70,80,100
Los Angeles,EL CAJON,2016,17,88,47,71,88
Los Angeles,EL CAJON,2019,11,82,45,64,64
Los Angeles,FOLSOM,2020,14,86,64,86,93
Los Angeles,FOLSOM,2022,16,100,81,100,
Los Angeles,FOLSOM,2023,14,86,71,,
Los Angeles,FOLSOM,2024,17,94,,,
Los Angeles,FREMONT,2000,11,100,45,73,91
Los Angeles,FREMONT,2001,14,93,29,79,86
Los Angeles,FREMONT,2003,11,100,36,82,91
Los Angeles,FREMONT,2004,14,93,29,71,79
Los Angeles,FREMONT,2005,17,100,71,100,100
Los Angeles,FREMONT,2006,10,100,60,100,100
Los Angeles,FREMONT,2007,15,100,47,87,100
Los Angeles,FREMONT,2008,12,100,100,100,100
Los Angeles,FREMONT,2009,11,100,82,91,100
Los Angeles,FREMONT,2010,16,100,81,100,100
Los Angeles,FREMONT,2011,31,100,71,100,100
Los Angeles,FREMONT,2012,21,95,62,95,95
Los Angeles,FREMONT,2013,19,100,74,89,89
Los Angeles,FREMONT,2014,18,94,78,94,94
Los Angeles,FREMONT,2015,21,95,76,86,86
Los Angeles,FREMONT,2016,28,96,68,86,93
Los Angeles,FREMONT,2017,24,88,42,71,75
Los Angeles,FREMONT,2018,21,100,86,95,95
Los Angeles,FREMONT,2019,23,96,78,100,100
Los Angeles,FREMONT,2020,40,93,85,93,95
Los Angeles,FREMONT,2021,20,95,90,90,95
Los Angeles,FREMONT,2022,46,96,72,87,
Los Angeles,FREMONT,2023,34,97,79,,
Los Angeles,FREMONT,2024,32,97,,,
Los Angeles,FRESNO,2000,14,93,21,57,71
Los Angeles,FRESNO,2001,19,95,37,84,89
Los Angeles,FRESNO,2002,13,92,46,77,77
Los Angeles,FRESNO,2003,13,100,54,77,85
Los Angeles,FRESNO,2004,17,100,59,100,100
Los Angeles,FRESNO,2005,13,100,38,85,85
Los Angeles,FRESNO,2006,19,89,63,95,95
Los Angeles,FRESNO,2007,11,91,73,100,100
Los Angeles,FRESNO,2012,11,82,64,82,82
Los Angeles,FRESNO,2014,10,70,30,70,70
Los Angeles,FRESNO,2015,10,100,50,100,100
Los Angeles,FRESNO,2016,13,100,69,92,100
Los Angeles,FRESNO,2017,11,100,64,100,100
Los Angeles,FRESNO,2018,11,100,64,91,91
Los Angeles,FRESNO,2019,10,100,70,80,90
Los Angeles,FRESNO,2020,11,100,91,91,91
Los Angeles,FRESNO,2023,19,100,84,,
Los Angeles,FULLERTON,1999,28,82,43,75,79
Los Angeles,FULLERTON,2000,37,95,51,86,95
Los Angeles,FULLERTON,2001,37,95,43,92,95
Los Angeles,FULLERTON,2002,41,88,51,78,80
Los Angeles,FULLERTON,2003,46,96,54,74,83
Los Angeles,FULLERTON,2004,42,95,67,81,83
Los Angeles,FULLERTON,2005,43,98,56,86,91
Los Angeles,FULLERTON,2006,53,96,58,91,96
Los Angeles,FULLERTON,2007,52,92,52,79,88
Los Angeles,FULLERTON,2008,58,97,64,90,93
Los Angeles,FULLERTON,2009,64,94,52,83,89
Los Angeles,FULLERTON,2010,61,97,67,87,93
Los Angeles,FULLERTON,2011,51,100,69,96,98
Los Angeles,FULLERTON,2012,63,97,59,89,92
Los Angeles,FULLERTON,2013,58,93,66,84,86
Los Angeles,FULLERTON,2014,58,95,67,88,93
Los Angeles,FULLERTON,2015,50,98,64,86,90
Los Angeles,FULLERTON,2016,52,96,62,92,96
Los Angeles,FULLERTON,2017,45,98,73,91,91
Los Angeles,FULLERTON,2018,51,92,76,88,90
Los Angeles,FULLERTON,2019,43,98,74,95,95
Los Angeles,FULLERTON,2020,52,94,71,90,92
Los Angeles,FULLERTON,2021,42,93,69,90,90
Los Angeles,FULLERTON,2022,62,95,73,87,
Los Angeles,FULLERTON,2023,31,100,77,,
Los Angeles,FULLERTON,2024,55,98,,,
Los Angeles,GLENDALE,1999,60,93,48,87,90
Los Angeles,GLENDALE,2000,54,96,67,83,91
Los Angeles,GLENDALE,2001,74,96,50,84,91
Los Angeles,GLENDALE,2002,66,97,58,92,97
Los Angeles,GLENDALE,2003,106,94,52,82,89
Los Angeles,GLENDALE,2004,117,97,53,85,89
Los Angeles,GLENDALE,2005,127,98,61,91,96
Los Angeles,GLENDALE,2006,139,94,65,88,94
Los Angeles,GLENDALE,2007,147,93,57,88,93
Los Angeles,GLENDALE,2008,142,98,54,89,96
Los Angeles,GLENDALE,2009,146,97,65,92,95
Los Angeles,GLENDALE,2010,102,95,68,91,97
Los Angeles,GLENDALE,2011,104,98,58,89,94
Los Angeles,GLENDALE,2012,85,94,71,91,95
Los Angeles,GLENDALE,2013,82,98,77,93,95
Los Angeles,GLENDALE,2014,98,97,73,91,95
Los Angeles,GLENDALE,2015,90,97,72,88,92
Los Angeles,GLENDALE,2016,109,99,79,94,96
Los Angeles,GLENDALE,2017,122,97,79,94,96
Los Angeles,GLENDALE,2018,121,98,77,95,96
Los Angeles,GLENDALE,2019,123,98,87,96,97
Los Angeles,GLENDALE,2020,142,99,88,96,97
Los Angeles,GLENDALE,2021,96,97,83,95,95
Los Angeles,GLENDALE,2022,105,97,84,92,
Los Angeles,GLENDALE,2023,111,98,86,,
Los Angeles,GLENDALE,2024,139,98,,,
Los Angeles,GLENDORA,1999,13,77,31,62,77
Los Angeles,GLENDORA,2000,12,100,50,100,100
Los Angeles,GLENDORA,2001,15,100,60,80,87
Los Angeles,GLENDORA,2003,11,100,64,100,100
Los Angeles,GLENDORA,2004,15,87,60,80,80
Los Angeles,GLENDORA,2005,16,81,44,63,69
Los Angeles,GLENDORA,2006,16,100,31,88,94
Los Angeles,GLENDORA,2007,20,90,35,60,65
Los Angeles,GLENDORA,2008,23,100,74,83,91
Los Angeles,GLENDORA,2009,22,95,59,86,91
Los Angeles,GLENDORA,2010,25,88,48,80,88
Los Angeles,GLENDORA,2011,33,100,73,94,97
Los Angeles,GLENDORA,2012,22,100,73,91,91
Los Angeles,GLENDORA,2013,26,100,69,92,92
Los Angeles,GLENDORA,2014,37,100,76,97,100
Los Angeles,GLENDORA,2015,35,89,66,80,80
Los Angeles,GLENDORA,2016,43,98,81,86,88
Los Angeles,GLENDORA,2017,28,93,75,86,89
Los Angeles,GLENDORA,2018,30,97,67,80,87
Los Angeles,GLENDORA,2019,29,93,69,83,86
Los Angeles,GLENDORA,2020,35,91,80,86,86
Los Angeles,GLENDORA,2021,29,100,83,93,93
Los Angeles,GLENDORA,2022,29,93,86,90,
Los Angeles,GLENDORA,2023,32,94,72,,
Los Angeles,GLENDORA,2024,32,97,,,
Los Angeles,HAYWARD,1999,11,91,36,64,82
Los Angeles,HAYWARD,2000,14,86,21,71,71
Los Angeles,HAYWARD,2001,18,100,72,100,100
Los Angeles,HAYWARD,2002,10,100,80,100,100
Los Angeles,HAYWARD,2003,19,95,53,79,84
Los Angeles,HAYWARD,2004,24,100,58,79,79
Los Angeles,HAYWARD,2005,10,90,50,90,100
Los Angeles,HAYWARD,2006,13,100,62,85,92
Los Angeles,HAYWARD,2007,14,100,64,93,93
Los Angeles,HAYWARD,2008,12,100,75,100,100
Los Angeles,HAYWARD,2010,15,93,47,73,87
Los Angeles,HAYWARD,2011,19,100,74,89,95
Los Angeles,HAYWARD,2012,16,100,63,94,94
Los Angeles,HAYWARD,2013,12,100,50,92,100
Los Angeles,HAYWARD,2014,12,92,50,92,92
Los Angeles,HAYWARD,2015,14,93,71,93,93
Los Angeles,HAYWARD,2016,10,100,80,100,100
Los Angeles,HAYWARD,2017,15,100,80,93,93
Los Angeles,HAYWARD,2018,14,100,71,93,93
Los Angeles,HAYWARD,2019,17,100,71,88,88
Los Angeles,HAYWARD,2020,17,100,76,100,100
Los Angeles,HAYWARD,2021,15,100,93,100,100
Los Angeles,HAYWARD,2023,11,100,64,,
Los Angeles,HAYWARD,2024,16,100,,,
Los Angeles,HUNTINGTON BEACH,1999,12,83,33,67,83
Los Angeles,HUNTINGTON BEACH,2000,14,100,64,79,86
Los Angeles,HUNTINGTON BEACH,2001,19,100,47,79,89
Los Angeles,HUNTINGTON BEACH,2002,11,91,45,100,100
Los Angeles,HUNTINGTON BEACH,2003,16,88,75,88,88
Los Angeles,HUNTINGTON BEACH,2004,21,90,71,90,90
Los Angeles,HUNTINGTON BEACH,2005,15,100,27,73,93
Los Angeles,HUNTINGTON BEACH,2006,19,95,74,95,100
Los Angeles,HUNTINGTON BEACH,2007,16,94,44,81,88
Los Angeles,HUNTINGTON BEACH,2008,14,100,64,93,100
Los Angeles,HUNTINGTON BEACH,2009,14,100,50,86,93
Los Angeles,HUNTINGTON BEACH,2010,18,100,78,83,94
Los Angeles,HUNTINGTON BEACH,2011,17,100,53,94,94
Los Angeles,HUNTINGTON BEACH,2012,21,90,62,90,90
Los Angeles,HUNTINGTON BEACH,2013,17,100,88,100,100
Los Angeles,HUNTINGTON BEACH,2014,23,96,78,91,91
Los Angeles,HUNTINGTON BEACH,2015,23,96,74,87,96
Los Angeles,HUNTINGTON BEACH,2016,18,94,56,89,94
Los Angeles,HUNTINGTON BEACH,2017,16,100,81,94,94
Los Angeles,HUNTINGTON BEACH,2018,13,85,69,85,85
Los Angeles,HUNTINGTON BEACH,2020,17,100,59,88,88
Los Angeles,HUNTINGTON BEACH,2021,10,100,90,100,100
Los Angeles,HUNTINGTON BEACH,2022,25,100,84,100,
Los Angeles,HUNTINGTON BEACH,2023,19,95,47,,
Los Angeles,HUNTINGTON BEACH,2024,18,100,,,
Los Angeles,IRVINE,1999,27,96,48,85,89
Los Angeles,IRVINE,2000,46,91,48,83,87
Los Angeles,IRVINE,2001,27,81,52,74,89
Los Angeles,IRVINE,2002,23,100,48,91,91
Los Angeles,IRVINE,2003,42,90,55,76,93
Los Angeles,IRVINE,2004,29,83,38,86,93
Los Angeles,IRVINE,2005,48,96,42,83,90
Los Angeles,IRVINE,2006,40,100,58,93,98
Los Angeles,IRVINE,2007,49,94,59,92,94
Los Angeles,IRVINE,2008,55,98,64,91,91
Los Angeles,IRVINE,2009,44,89,61,84,89
Los Angeles,IRVINE,2010,54,93,56,83,87
Los Angeles,IRVINE,2011,62,97,68,94,95
Los Angeles,IRVINE,2012,63,94,51,87,92
Los Angeles,IRVINE,2013,83,94,55,92,94
Los Angeles,IRVINE,2014,75,96,67,93,95
Los Angeles,IRVINE,2015,75,99,77,96,96
Los Angeles,IRVINE,2016,65,97,71,92,95
Los Angeles,IRVINE,2017,86,98,77,91,93
Los Angeles,IRVINE,2018,81,95,75,93,96
Los Angeles,IRVINE,2019,79,96,67,94,94
Los Angeles,IRVINE,2020,95,94,74,98,99
Los Angeles,IRVINE,2021,126,97,78,93,96
Los Angeles,IRVINE,2022,127,98,74,88,
Los Angeles,IRVINE,2023,145,99,79,,
Los Angeles,IRVINE,2024,136,99,,,
Los Angeles,KENTFIELD,2003,16,100,63,94,100
Los Angeles,KENTFIELD,2023,12,100,83,,
Los Angeles,KENTFIELD,2024,13,92,,,
Los Angeles,LANCASTER,1999,12,100,67,83,83
Los Angeles,LANCASTER,2000,15,100,27,67,80
Los Angeles,LANCASTER,2001,23,96,39,83,91
Los Angeles,LANCASTER,2002,23,87,48,83,83
Los Angeles,LANCASTER,2003,21,95,57,81,86
Los Angeles,LANCASTER,2004,26,96,62,92,96
Los Angeles,LANCASTER,2005,27,93,37,81,85
Los Angeles,LANCASTER,2006,24,96,58,83,88
Los Angeles,LANCASTER,2007,25,88,36,80,80
Los Angeles,LANCASTER,2008,26,96,69,92,96
Los Angeles,LANCASTER,2009,28,89,54,86,89
Los Angeles,LANCASTER,2010,30,93,33,73,80
Los Angeles,LANCASTER,2011,18,89,61,83,89
Los Angeles,LANCASTER,2012,16,88,56,75,75
Los Angeles,LANCASTER,2013,21,100,67,95,95
Los Angeles,LANCASTER,2014,34,97,44,79,85
Los Angeles,LANCASTER,2015,19,89,42,74,79
Los Angeles,LANCASTER,2016,28,93,68,89,89
Los Angeles,LANCASTER,2017,14,93,79,93,93
Los Angeles,LANCASTER,2018,29,100,83,97,100
Los Angeles,LANCASTER,2019,27,96,67,89,93
Los Angeles,LANCASTER,2020,24,96,92,100,100
Los Angeles,LANCASTER,2021,18,94,89,94,94
Los Angeles,LANCASTER,2022,23,100,83,100,
Los Angeles,LANCASTER,2023,19,95,79,,
Los Angeles,LANCASTER,2024,19,95,,,
Los Angeles,LIVERMORE,2003,10,90,40,90,100
Los Angeles,LIVERMORE,2005,10,100,40,70,80
Los Angeles,LIVERMORE,2006,10,100,50,90,90
Los Angeles,LIVERMORE,2008,10,90,70,80,80
Los Angeles,LIVERMORE,2010,11,91,91,100,100
Los Angeles,LIVERMORE,2011,12,100,42,100,100
Los Angeles,LIVERMORE,2012,10,100,30,90,90
Los Angeles,LIVERMORE,2014,10,100,80,90,90
Los Angeles,LIVERMORE,2016,15,100,87,100,100
Los Angeles,LIVERMORE,2017,14,100,71,93,93
Los Angeles,LIVERMORE,2018,22,91,73,91,91
Los Angeles,LIVERMORE,2019,16,88,81,94,94
Los Angeles,LIVERMORE,2020,17,94,65,88,88
Los Angeles,LIVERMORE,2021,27,100,67,96,96
Los Angeles,LIVERMORE,2022,34,97,91,100,
Los Angeles,LIVERMORE,2023,26,100,81,,
Los Angeles,LIVERMORE,2024,30,100,,,
Los Angeles,LONG BEACH,1999,19,95,37,68,74
Los Angeles,LONG BEACH,2000,30,100,47,90,100
Los Angeles,LONG BEACH,2001,39,100,62,92,97
Los Angeles,LONG BEACH,2002,36,97,42,86,92
Los Angeles,LONG BEACH,2003,48,92,58,83,85
Los Angeles,LONG BEACH,2004,39,100,54,97,97
Los Angeles,LONG BEACH,2005,36,89,39,78,83
Los Angeles,LONG BEACH,2006,35,94,57,91,91
Los Angeles,LONG BEACH,2007,35,89,40,71,83
Los Angeles,LONG BEACH,2008,27,100,52,89,89
Los Angeles,LONG BEACH,2009,34,94,59,79,79
Los Angeles,LONG BEACH,2010,23,91,52,78,83
Los Angeles,LONG BEACH,2011,22,95,55,82,86
Los Angeles,LONG BEACH,2012,24,100,63,83,92
Los Angeles,LONG BEACH,2013,26,96,54,92,96
Los Angeles,LONG BEACH,2014,35,94,51,89,89
Los Angeles,LONG BEACH,2015,32,94,69,84,91
Los Angeles,LONG BEACH,2016,33,94,61,88,88
Los Angeles,LONG BEACH,2017,36,94,44,75,83
Los Angeles,LONG BEACH,2018,28,89,57,75,79
Los Angeles,LONG BEACH,2019,48,94,77,94,94
Los Angeles,LONG BEACH,2020,37,97,68,86,86
Los Angeles,LONG BEACH,2021,33,100,76,91,94
Los Angeles,LONG BEACH,2022,34,94,76,88,
Los Angeles,LONG BEACH,2023,43,93,81,,
Los Angeles,LONG BEACH,2024,46,98,,,
Los Angeles,LOS ALTOS HILLS,1999,17,94,65,88,88
Los Angeles,LOS ALTOS HILLS,2000,35,94,57,86,89
Los Angeles,LOS ALTOS HILLS,2001,28,96,61,93,93
Los Angeles,LOS ALTOS HILLS,2002,26,85,46,77,88
Los Angeles,LOS ALTOS HILLS,2003,59,98,56,86,93
Los Angeles,LOS ALTOS HILLS,2004,47,91,72,85,85
Los Angeles,LOS ALTOS HILLS,2005,47,96,64,83,89
Los Angeles,LOS ALTOS HILLS,2006,49,98,57,90,96
Los Angeles,LOS ALTOS HILLS,2007,63,95,60,94,95
Los Angeles,LOS ALTOS HILLS,2008,69,99,59,83,91
Los Angeles,LOS ALTOS HILLS,2009,55,100,80,98,98
Los Angeles,LOS ALTOS HILLS,2010,58,98,74,93,98
Los Angeles,LOS ALTOS HILLS,2011,81,98,72,98,98
Los Angeles,LOS ALTOS HILLS,2012,69,93,67,93,94
Los Angeles,LOS ALTOS HILLS,2013,77,99,78,99,99
Los Angeles,LOS ALTOS HILLS,2014,75,97,73,95,95
Los Angeles,LOS ALTOS HILLS,2015,82,98,83,96,98
Los Angeles,LOS ALTOS HILLS,2016,76,95,63,89,91
Los Angeles,LOS ALTOS HILLS,2017,53,96,75,92,96
Los Angeles,LOS ALTOS HILLS,2018,67,99,82,94,96
Los Angeles,LOS ALTOS HILLS,2019,55,95,78,93,95
Los Angeles,LOS ALTOS HILLS,2020,63,92,73,90,95
Los Angeles,LOS ALTOS HILLS,2021,53,92,75,87,87
Los Angeles,LOS ALTOS HILLS,2022,55,91,69,87,
Los Angeles,LOS ALTOS HILLS,2023,61,92,70,,
Los Angeles,LOS ALTOS HILLS,2024,60,97,,,
Los Angeles,LOS ANGELES,1999,21,86,33,57,62
Los Angeles,LOS ANGELES,2000,29,90,38,76,83
Los Angeles,LOS ANGELES,2001,34,97,24,68,85
Los Angeles,LOS ANGELES,2002,28,96,46,82,82
Los Angeles,LOS ANGELES,2003,42,83,48,74,79
Los Angeles,LOS ANGELES,2004,34,97,41,79,94
Los Angeles,LOS ANGELES,2005,53,89,49,77,81
Los Angeles,LOS ANGELES,2005,12,92,42,67,75
Los Angeles,LOS ANGELES,2006,51,92,49,82,92
Los Angeles,LOS ANGELES,2007,48,94,46,67,73
Los Angeles,LOS ANGELES,2008,46,96,37,65,74
Los Angeles,LOS ANGELES,2009,52,90,52,85,88
Los Angeles,LOS ANGELES,2010,58,90,57,84,90
Los Angeles,LOS ANGELES,2011,42,93,71,93,95
Los Angeles,LOS ANGELES,2012,32,94,59,81,91
Los Angeles,LOS ANGELES,2013,38,95,50,76,84
Los Angeles,LOS ANGELES,2014,41,98,66,90,95
Los Angeles,LOS ANGELES,2015,47,91,53,72,81
Los Angeles,LOS ANGELES,2016,62,90,65,87,92
Los Angeles,LOS ANGELES,2017,50,90,58,86,90
Los Angeles,LOS ANGELES,2018,49,98,53,82,84
Los Angeles,LOS ANGELES,2019,38,95,68,89,97
Los Angeles,LOS ANGELES,2020,55,96,76,95,95
Los Angeles,LOS ANGELES,2020,12,83,67,75,75
Los Angeles,LOS ANGELES,2021,52,92,73,88,94
Los Angeles,LOS ANGELES,2021,11,100,73,91,100
Los Angeles,LOS ANGELES,2022,55,89,67,80,
Los Angeles,LOS ANGELES,2023,49,94,67,,
Los Angeles,LOS ANGELES,2023,10,100,50,,
Los Angeles,LOS ANGELES,2024,47,87,,,
Los Angeles,LOS ANGELES,2024,10,100,,,
Los Angeles,MISSION VIEJO,1999,33,91,45,76,82
Los Angeles,MISSION VIEJO,2000,44,89,52,77,86
Los Angeles,MISSION VIEJO,2001,43,98,37,88,93
Los Angeles,MISSION VIEJO,2002,26,96,58,81,88
Los Angeles,MISSION VIEJO,2003,56,96,59,93,100
Los Angeles,MISSION VIEJO,2004,58,97,57,83,90
Los Angeles,MISSION VIEJO,2005,63,92,59,86,89
Los Angeles,MISSION VIEJO,2006,67,94,49,81,85
Los Angeles,MISSION VIEJO,2007,76,93,54,92,95
Los Angeles,MISSION VIEJO,2008,78,94,59,91,95
Los Angeles,MISSION VIEJO,2009,69,99,74,87,88
Los Angeles,MISSION VIEJO,2010,69,96,68,94,96
Los Angeles,MISSION VIEJO,2011,78,97,79,91,97
Los Angeles,MISSION VIEJO,2012,72,97,68,93,94
Los Angeles,MISSION VIEJO,2013,57,95,75,91,91
Los Angeles,MISSION VIEJO,2014,52,92,69,88,90
Los Angeles,MISSION VIEJO,2015,54,100,65,94,96
Los Angeles,MISSION VIEJO,2016,60,97,80,93,93
Los Angeles,MISSION VIEJO,2017,63,92,76,89,92
Los Angeles,MISSION VIEJO,2018,72,99,81,93,96
Los Angeles,MISSION VIEJO,2019,63,92,73,95,97
Los Angeles,MISSION VIEJO,2020,66,98,74,97,100
Los Angeles,MISSION VIEJO,2021,89,97,84,94,94
Los Angeles,MISSION VIEJO,2022,69,99,86,94,
Los Angeles,MISSION VIEJO,2023,79,97,86,,
Los Angeles,MISSION VIEJO,2024,79,96,,,
Los Angeles,MONTEREY,2000,10,100,70,100,100
Los Angeles,MONTEREY,2003,11,100,64,91,91
Los Angeles,MONTEREY,2006,12,92,50,75,75
Los Angeles,MONTEREY,2012,12,100,50,92,100
Los Angeles,MONTEREY,2015,10,100,70,100,100
Los Angeles,MONTEREY,2019,11,82,73,100,100
Los Angeles,MONTEREY,2020,11,100,64,91,91
Los Angeles,MONTEREY PARK,1999,35,89,54,77,83
Los Angeles,MONTEREY PARK,2000,49,96,29,78,90
Los Angeles,MONTEREY PARK,2001,62,90,34,73,82
Los Angeles,MONTEREY PARK,2002,50,90,38,64,74
Los Angeles,MONTEREY PARK,2003,63,98,38,83,89
Los Angeles,MONTEREY PARK,2004,54,94,46,78,85
Los Angeles,MONTEREY PARK,2005,69,91,48,87,93
Los Angeles,MONTEREY PARK,2006,45,93,58,80,84
Los Angeles,MONTEREY PARK,2007,60,97,63,87,92
Los Angeles,MONTEREY PARK,2008,48,94,52,83,90
Los Angeles,MONTEREY PARK,2009,73,97,48,85,86
Los Angeles,MONTEREY PARK,2010,61,93,49,80,85
Los Angeles,MONTEREY PARK,2011,57,95,67,84,88
Los Angeles,MONTEREY PARK,2012,63,97,60,87,94
Los Angeles,MONTEREY PARK,2013,63,92,57,84,86
Los Angeles,MONTEREY PARK,2014,74,99,76,97,97
Los Angeles,MONTEREY PARK,2015,69,96,71,88,88
Los Angeles,MONTEREY PARK,2016,86,97,70,93,94
Los Angeles,MONTEREY PARK,2017,74,96,66,86,92
Los Angeles,MONTEREY PARK,2018,83,98,80,95,99
Los Angeles,MONTEREY PARK,2019,66,95,82,89,91
Los Angeles,MONTEREY PARK,2020,89,96,74,90,92
Los Angeles,MONTEREY PARK,2021,60,90,77,92,93
Los Angeles,MONTEREY PARK,2022,62,98,81,98,
Los Angeles,MONTEREY PARK,2023,38,97,74,,
Los Angeles,MONTEREY PARK,2024,58,95,,,
Los Angeles,MOORPARK,1999,45,96,42,80,84
Los Angeles,MOORPARK,2000,65,98,51,80,86
Los Angeles,MOORPARK,2001,71,89,46,80,82
Los Angeles,MOORPARK,2002,71,97,49,90,94
Los Angeles,MOORPARK,2003,90,93,54,79,84
Los Angeles,MOORPARK,2004,69,97,54,86,93
Los Angeles,MOORPARK,2005,85,95,60,91,94
Los Angeles,MOORPARK,2006,87,97,59,92,94
Los Angeles,MOORPARK,2007,99,94,72,89,89
Los Angeles,MOORPARK,2008,89,90,66,87,91
Los Angeles,MOORPARK,2009,82,100,77,91,94
Los Angeles,MOORPARK,2010,91,96,74,90,93
Los Angeles,MOORPARK,2011,73,99,71,90,93
Los Angeles,MOORPARK,2012,102,91,65,87,92
Los Angeles,MOORPARK,2013,103,97,72,92,94
Los Angeles,MOORPARK,2014,76,93,61,91,92
Los Angeles,MOORPARK,2015,97,95,75,94,96
Los Angeles,MOORPARK,2016,100,95,74,88,88
Los Angeles,MOORPARK,2017,85,94,78,92,95
Los Angeles,MOORPARK,2018,102,97,79,95,97
Los Angeles,MOORPARK,2019,115,94,78,91,93
Los Angeles,MOORPARK,2020,110,97,82,95,97
Los Angeles,MOORPARK,2021,107,97,80,92,92
Los Angeles,MOORPARK,2022,93,96,83,92,
Los Angeles,MOORPARK,2023,118,97,79,,
Los Angeles,MOORPARK,2024,127,99,,,
Los Angeles,MORENO VALLEY,2016,14,100,50,93,93
Los Angeles,MORENO VALLEY,2018,12,100,58,83,92
Los Angeles,NORCO,2012,10,90,50,80,90
Los Angeles,NORCO,2014,12,100,58,92,92
Los Angeles,NORCO,2017,12,100,83,100,100
Los Angeles,NORCO,2018,14,93,86,86,86
Los Angeles,NORCO,2019,12,100,75,83,100
Los Angeles,NORCO,2020,14,86,57,79,86
Los Angeles,NORCO,2022,17,100,65,76,
Los Angeles,NORCO,2023,12,100,92,,
Los Angeles,NORCO,2024,16,100,,,
Los Angeles,NORWALK,1999,22,100,32,82,82
Los Angeles,NORWALK,2000,34,91,41,74,82
Los Angeles,NORWALK,2001,47,100,45,72,79
Los Angeles,NORWALK,2002,38,95,45,89,89
Los Angeles,NORWALK,2003,53,92,49,81,87
Los Angeles,NORWALK,2004,51,94,49,84,84
Los Angeles,NORWALK,2005,53,92,51,77,85
Los Angeles,NORWALK,2006,44,100,48,89,93
Los Angeles,NORWALK,2007,49,98,53,76,90
Los Angeles,NORWALK,2008,47,96,53,79,89
Los Angeles,NORWALK,2009,52,94,50,81,88
Los Angeles,NORWALK,2010,49,96,57,84,90
Los Angeles,NORWALK,2011,40,100,58,93,98
Los Angeles,NORWALK,2012,33,97,58,88,91
Los Angeles,NORWALK,2013,35,97,57,86,89
Los Angeles,NORWALK,2014,36,97,69,97,97
Los Angeles,NORWALK,2015,32,94,66,84,88
Los Angeles,NORWALK,2016,35,91,77,89,94
Los Angeles,NORWALK,2017,36,97,72,92,94
Los Angeles,NORWALK,2018,33,97,70,94,97
Los Angeles,NORWALK,2019,29,97,93,97,97
Los Angeles,NORWALK,2020,39,95,74,87,90
Los Angeles,NORWALK,2021,36,100,69,97,100
Los Angeles,NORWALK,2022,28,96,82,96,
Los Angeles,NORWALK,2023,36,100,61,,
Los Angeles,NORWALK,2024,32,100,,,
Los Angeles,OAKLAND,2001,13,100,31,77,85
Los Angeles,OAKLAND,2003,11,91,36,73,82
Los Angeles,OAKLAND,2004,13,69,46,62,62
Los Angeles,OAKLAND,2006,16,100,50,81,81
Los Angeles,OAKLAND,2007,12,100,42,83,83
Los Angeles,OAKLAND,2008,11,100,27,91,91
Los Angeles,OAKLAND,2009,16,94,56,88,88
Los Angeles,OAKLAND,2010,11,91,45,82,82
Los Angeles,OAKLAND,2011,11,91,45,55,64
Los Angeles,OAKLAND,2012,14,93,29,64,79
Los Angeles,OAKLAND,2013,16,100,25,75,88
Los Angeles,OAKLAND,2017,17,82,47,76,88
Los Angeles,OAKLAND,2019,11,82,55,82,82
Los Angeles,OAKLAND,2020,12,100,92,100,100
Los Angeles,OAKLAND,2022,11,100,100,100,
Los Angeles,OCEANSIDE,2003,13,100,46,77,85
Los Angeles,OCEANSIDE,2004,12,100,50,92,92
Los Angeles,OCEANSIDE,2005,10,100,60,100,100
Los Angeles,OCEANSIDE,2006,14,100,64,100,100
Los Angeles,OCEANSIDE,2007,12,92,58,75,75
Los Angeles,OCEANSIDE,2008,18,89,67,78,83
Los Angeles,OCEANSIDE,2009,11,100,82,91,91
Los Angeles,OCEANSIDE,2010,25,96,72,92,100
Los Angeles,OCEANSIDE,2011,30,87,60,83,87
Los Angeles,OCEANSIDE,2012,26,100,46,73,85
Los Angeles,OCEANSIDE,2013,31,94,55,87,90
Los Angeles,OCEANSIDE,2014,30,93,67,87,87
Los Angeles,OCEANSIDE,2015,27,93,63,93,93
Los Angeles,OCEANSIDE,2016,41,95,78,93,100
Los Angeles,OCEANSIDE,2017,30,97,73,93,97
Los Angeles,OCEANSIDE,2018,44,82,61,84,86
Los Angeles,OCEANSIDE,2019,41,88,54,85,85
Los Angeles,OCEANSIDE,2020,58,93,71,86,88
Los Angeles,OCEANSIDE,2021,42,95,76,88,93
Los Angeles,OCEANSIDE,2022,44,93,75,82,
Los Angeles,OCEANSIDE,2023,55,95,75,,
Los Angeles,OCEANSIDE,2024,35,97,,,
Los Angeles,ORANGE,2003,20,85,50,80,85
Los Angeles,ORANGE,2004,18,100,61,89,94
Los Angeles,ORANGE,2005,12,92,42,75,75
Los Angeles,ORANGE,2006,23,91,83,91,91
Los Angeles,ORANGE,2007,20,100,55,85,85
Los Angeles,ORANGE,2008,22,95,77,91,91
Los Angeles,ORANGE,2009,22,100,64,86,91
Los Angeles,ORANGE,2010,17,100,71,94,100
Los Angeles,ORANGE,2011,12,92,67,92,92
Los Angeles,ORANGE,2012,25,100,68,92,92
Los Angeles,ORANGE,2013,22,95,55,68,82
Los Angeles,ORANGE,2014,21,95,62,95,95
Los Angeles,ORANGE,2015,25,96,72,96,96
Los Angeles,ORANGE,2016,25,92,76,88,88
Los Angeles,ORANGE,2017,25,100,68,92,92
Los Angeles,ORANGE,2018,31,100,84,90,94
Los Angeles,ORANGE,2019,18,94,78,89,94
Los Angeles,ORANGE,2020,25,100,88,100,100
Los Angeles,ORANGE,2021,28,96,86,96,96
Los Angeles,ORANGE,2022,34,100,74,91,
Los Angeles,ORANGE,2023,40,100,88,,
Los Angeles,ORANGE,2024,58,97,,,
Los Angeles,OXNARD,2000,12,92,17,67,75
Los Angeles,OXNARD,2002,13,100,62,92,92
Los Angeles,OXNARD,2003,15,93,47,80,80
Los Angeles,OXNARD,2005,10,100,20,50,70
Los Angeles,OXNARD,2011,10,100,40,80,90
Los Angeles,OXNARD,2019,11,100,64,100,100
Los Angeles,OXNARD,2020,13,92,69,69,69
Los Angeles,OXNARD,2022,10,100,80,90,
Los Angeles,OXNARD,2023,15,100,80,,
Los Angeles,PALM DESERT,2002,10,90,70,90,100
Los Angeles,PALM DESERT,2003,10,90,70,80,80
Los Angeles,PALM DESERT,2004,13,92,38,77,92
Los Angeles,PALM DESERT,2008,10,90,60,70,90
Los Angeles,PALM DESERT,2015,13,77,46,77,85
Los Angeles,PALM DESERT,2019,15,93,80,93,93
Los Angeles,PALM DESERT,2020,19,95,68,84,84
Los Angeles,PALM DESERT,2021,16,94,69,94,94
Los Angeles,PALM DESERT,2022,14,86,79,86,
Los Angeles,PALM DESERT,2023,11,82,64,,
Los Angeles,PALM DESERT,2024,14,86,,,
Los Angeles,PASADENA,1999,93,99,48,83,86
Los Angeles,PASADENA,2000,116,97,55,83,84
Los Angeles,PASADENA,2001,131,95,60,82,85
Los Angeles,PASADENA,2002,136,96,60,88,93
Los Angeles,PASADENA,2003,192,94,54,85,91
Los Angeles,PASADENA,2004,182,96,56,86,91
Los Angeles,PASADENA,2005,208,94,55,89,93
Los Angeles,PASADENA,2006,194,98,60,90,93
Los Angeles,PASADENA,2007,178,96,64,88,92
Los Angeles,PASADENA,2008,200,96,64,89,92
Los Angeles,PASADENA,2009,189,98,63,92,94
Los Angeles,PASADENA,2010,172,96,62,91,93
Los Angeles,PASADENA,2011,152,93,64,88,89
Los Angeles,PASADENA,2012,146,97,66,91,94
Los Angeles,PASADENA,2013,107,98,72,91,91
Los Angeles,PASADENA,2014,131,96,65,89,94
Los Angeles,PASADENA,2015,164,95,71,92,94
Los Angeles,PASADENA,2016,194,95,70,91,94
Los Angeles,PASADENA,2017,181,98,73,92,93
Los Angeles,PASADENA,2018,214,93,68,92,93
Los Angeles,PASADENA,2019,215,93,74,91,93
Los Angeles,PASADENA,2020,265,94,71,90,91
Los Angeles,PASADENA,2021,229,97,75,90,92
Los Angeles,PASADENA,2022,266,98,79,94,
Los Angeles,PASADENA,2023,249,96,73,,
Los Angeles,PASADENA,2024,286,97,,,
Los Angeles,PITTSBURG,2018,10,80,70,80,90
Los Angeles,PITTSBURG,2020,13,85,77,77,92
Los Angeles,PITTSBURG,2021,15,87,53,87,93
Los Angeles,PITTSBURG,2022,15,100,87,87,
Los Angeles,PITTSBURG,2023,15,100,87,,
Los Angeles,PITTSBURG,2024,10,100,,,
Los Angeles,PLEASANT HILL,1999,27,96,41,89,93
Los Angeles,PLEASANT HILL,2000,53,91,57,87,89
Los Angeles,PLEASANT HILL,2001,34,97,32,68,76
Los Angeles,PLEASANT HILL,2002,47,98,53,89,94
Los Angeles,PLEASANT HILL,2003,68,94,68,87,90
Los Angeles,PLEASANT HILL,2004,71,92,66,86,92
Los Angeles,PLEASANT HILL,2005,46,96,57,91,93
Los Angeles,PLEASANT HILL,2006,80,98,60,91,93
Los Angeles,PLEASANT HILL,2007,68,96,72,91,96
Los Angeles,PLEASANT HILL,2008,79,95,65,87,91
Los Angeles,PLEASANT HILL,2009,65,92,68,86,89
Los Angeles,PLEASANT HILL,2010,79,87,56,84,87
Los Angeles,PLEASANT HILL,2011,68,87,72,85,87
Los Angeles,PLEASANT HILL,2012,100,90,65,89,91
Los Angeles,PLEASANT HILL,2013,81,86,70,84,89
Los Angeles,PLEASANT HILL,2014,96,93,67,89,92
Los Angeles,PLEASANT HILL,2015,98,88,73,88,88
Los Angeles,PLEASANT HILL,2016,98,94,83,97,98
Los Angeles,PLEASANT HILL,2017,71,96,85,93,94
Los Angeles,PLEASANT HILL,2018,97,96,88,95,98
Los Angeles,PLEASANT HILL,2019,73,89,71,90,96
Los Angeles,PLEASANT HILL,2020,124,88,78,93,94
Los Angeles,PLEASANT HILL,2021,94,93,83,89,91
Los Angeles,PLEASANT HILL,2022,95,95,77,96,
Los Angeles,PLEASANT HILL,2023,86,98,70,,
Los Angeles,PLEASANT HILL,2024,74,99,,,
Los Angeles,RANCHO CUCAMONGA,1999,10,90,30,60,90
Los Angeles,RANCHO CUCAMONGA,2000,17,82,47,76,82
Los Angeles,RANCHO CUCAMONGA,2001,12,92,67,83,83
Los Angeles,RANCHO CUCAMONGA,2002,21,100,52,81,86
Los Angeles,RANCHO CUCAMONGA,2003,13,92,54,85,85
Los Angeles,RANCHO CUCAMONGA,2004,17,100,59,94,94
Los Angeles,RANCHO CUCAMONGA,2005,20,95,25,85,90
Los Angeles,RANCHO CUCAMONGA,2006,13,100,31,85,85
Los Angeles,RANCHO CUCAMONGA,2007,25,88,60,84,88
Los Angeles,RANCHO CUCAMONGA,2008,22,91,59,95,100
Los Angeles,RANCHO CUCAMONGA,2009,14,71,50,57,71
Los Angeles,RANCHO CUCAMONGA,2010,25,88,48,76,84
Los Angeles,RANCHO CUCAMONGA,2011,21,100,76,95,95
Los Angeles,RANCHO CUCAMONGA,2012,33,100,58,82,85
Los Angeles,RANCHO CUCAMONGA,2013,20,100,70,85,85
Los Angeles,RANCHO CUCAMONGA,2014,21,95,81,86,90
Los Angeles,RANCHO CUCAMONGA,2015,23,100,74,91,100
Los Angeles,RANCHO CUCAMONGA,2016,20,100,55,85,90
Los Angeles,RANCHO CUCAMONGA,2017,32,100,75,94,94
Los Angeles,RANCHO CUCAMONGA,2018,31,97,84,90,94
Los Angeles,RANCHO CUCAMONGA,2019,13,100,85,92,92
Los Angeles,RANCHO CUCAMONGA,2020,38,97,76,89,95
Los Angeles,RANCHO CUCAMONGA,2021,30,97,80,90,93
Los Angeles,RANCHO CUCAMONGA,2022,23,96,78,87,
Los Angeles,RANCHO CUCAMONGA,2023,29,100,86,,
Los Angeles,RANCHO CUCAMONGA,2024,33,97,,,
Los Angeles,REDWOOD CITY,2017,15,100,27,87,87
Los Angeles,REDWOOD CITY,2020,10,100,70,80,80
Los Angeles,REDWOOD CITY,2022,14,100,64,86,
Los Angeles,REEDLEY,2015,10,100,40,100,100
Los Angeles,RIVERSIDE,1999,14,93,29,71,71
Los Angeles,RIVERSIDE,2000,11,100,27,91,100
Los Angeles,RIVERSIDE,2001,14,100,57,93,93
Los Angeles,RIVERSIDE,2002,16,88,25,75,81
Los Angeles,RIVERSIDE,2003,30,97,60,83,97
Los Angeles,RIVERSIDE,2004,30,97,40,80,83
Los Angeles,RIVERSIDE,2005,30,87,47,67,73
Los Angeles,RIVERSIDE,2006,28,96,61,82,86
Los Angeles,RIVERSIDE,2007,32,94,47,78,84
Los Angeles,RIVERSIDE,2008,30,90,43,80,80
Los Angeles,RIVERSIDE,2009,26,92,54,77,85
Los Angeles,RIVERSIDE,2010,34,100,53,94,97
Los Angeles,RIVERSIDE,2011,42,93,52,95,98
Los Angeles,RIVERSIDE,2012,34,97,50,97,97
Los Angeles,RIVERSIDE,2013,20,95,50,90,90
Los Angeles,RIVERSIDE,2014,21,95,67,86,86
Los Angeles,RIVERSIDE,2015,24,92,58,92,100
Los Angeles,RIVERSIDE,2016,22,91,77,91,95
Los Angeles,RIVERSIDE,2017,26,92,65,81,81
Los Angeles,RIVERSIDE,2018,24,96,79,92,92
Los Angeles,RIVERSIDE,2019,20,100,65,80,85
Los Angeles,RIVERSIDE,2020,27,96,70,96,96
Los Angeles,RIVERSIDE,2021,31,90,77,90,94
Los Angeles,RIVERSIDE,2022,25,100,84,84,
Los Angeles,RIVERSIDE,2023,28,100,79,,
Los Angeles,RIVERSIDE,2024,27,100,,,
Los Angeles,ROCKLIN,2005,12,92,67,92,92
Los Angeles,ROCKLIN,2006,12,100,42,83,100
Los Angeles,ROCKLIN,2007,11,100,64,91,91
Los Angeles,ROCKLIN,2008,15,93,80,93,100
Los Angeles,ROCKLIN,2009,10,90,80,90,90
Los Angeles,ROCKLIN,2010,12,100,67,92,92
Los Angeles,ROCKLIN,2011,12,92,83,92,92
Los Angeles,ROCKLIN,2012,13,92,62,69,77
Los Angeles,ROCKLIN,2013,11,91,82,91,91
Los Angeles,ROCKLIN,2015,12,100,58,100,100
Los Angeles,ROCKLIN,2016,19,95,74,95,95
Los Angeles,ROCKLIN,2017,16,94,63,88,94
Los Angeles,ROCKLIN,2018,11,91,82,91,91
Los Angeles,ROCKLIN,2019,13,100,92,100,100
Los Angeles,ROCKLIN,2020,12,92,67,83,83
Los Angeles,ROCKLIN,2021,12,92,58,75,83
Los Angeles,ROCKLIN,2022,19,100,95,100,
Los Angeles,ROCKLIN,2024,22,100,,,
Los Angeles,SACRAMENTO,1999,13,100,46,92,92
Los Angeles,SACRAMENTO,2000,16,100,50,81,88
Los Angeles,SACRAMENTO,2001,19,89,68,89,89
Los Angeles,SACRAMENTO,2003,12,100,42,58,58
Los Angeles,SACRAMENTO,2003,15,93,33,80,80
Los Angeles,SACRAMENTO,2004,17,88,47,65,76
Los Angeles,SACRAMENTO,2005,10,100,50,70,80
Los Angeles,SACRAMENTO,2005,21,100,62,81,86
Los Angeles,SACRAMENTO,2006,18,94,50,78,83
Los Angeles,SACRAMENTO,2007,18,94,56,83,89
Los Angeles,SACRAMENTO,2008,20,95,75,95,100
Los Angeles,SACRAMENTO,2009,14,100,57,93,93
Los Angeles,SACRAMENTO,2009,17,100,53,88,88
Los Angeles,SACRAMENTO,2010,14,100,21,86,93
Los Angeles,SACRAMENTO,2011,15,100,47,87,87
Los Angeles,SACRAMENTO,2011,26,100,62,92,92
Los Angeles,SACRAMENTO,2012,15,87,33,73,87
Los Angeles,SACRAMENTO,2012,16,100,75,94,94
Los Angeles,SACRAMENTO,2013,10,100,70,90,90
Los Angeles,SACRAMENTO,2014,19,89,42,89,95
Los Angeles,SACRAMENTO,2014,14,93,50,79,86
Los Angeles,SACRAMENTO,2015,19,89,53,84,95
Los Angeles,SACRAMENTO,2016,17,100,71,94,94
Los Angeles,SACRAMENTO,2016,16,94,69,81,88
Los Angeles,SACRAMENTO,2017,10,100,40,80,90
Los Angeles,SACRAMENTO,2017,12,92,75,83,83
Los Angeles,SACRAMENTO,2018,11,100,73,100,100
Los Angeles,SACRAMENTO,2018,17,88,71,94,94
Los Angeles,SACRAMENTO,2019,11,91,73,82,91
Los Angeles,SACRAMENTO,2019,14,93,64,86,93
Los Angeles,SACRAMENTO,2020,16,94,63,88,88
Los Angeles,SACRAMENTO,2020,20,95,65,90,90
Los Angeles,SACRAMENTO,2021,11,100,73,100,100
Los Angeles,SACRAMENTO,2021,21,90,76,86,86
Los Angeles,SACRAMENTO,2022,17,100,59,88,
Los Angeles,SACRAMENTO,2022,22,95,68,86,
Los Angeles,SACRAMENTO,2023,18,100,72,,
Los Angeles,SACRAMENTO,2023,10,100,80,,
Los Angeles,SACRAMENTO,2023,18,94,61,,
Los Angeles,SACRAMENTO,2024,10,100,,,
Los Angeles,SACRAMENTO,2024,17,100,,,
Los Angeles,SACRAMENTO,2024,19,95,,,
Los Angeles,SALINAS,2020,11,100,82,91,91
Los Angeles,SAN BERNARDINO,2015,10,100,60,80,90
Los Angeles,SAN BERNARDINO,2016,10,100,60,100,100
Los Angeles,SAN BRUNO,2005,13,85,62,92,92
Los Angeles,SAN BRUNO,2006,13,100,62,100,100
Los Angeles,SAN BRUNO,2007,15,100,40,93,93
Los Angeles,SAN BRUNO,2008,10,100,70,100,100
Los Angeles,SAN BRUNO,2010,11,91,45,55,64
Los Angeles,SAN BRUNO,2014,11,100,55,91,91
Los Angeles,SAN BRUNO,2017,12,92,83,83,92
Los Angeles,SAN BRUNO,2018,18,100,83,94,100
Los Angeles,SAN BRUNO,2019,14,100,71,93,100
Los Angeles,SAN BRUNO,2020,17,88,59,82,82
Los Angeles,SAN BRUNO,2021,11,100,73,100,100
Los Angeles,SAN BRUNO,2022,17,100,65,88,
Los Angeles,SAN BRUNO,2023,15,100,87,,
Los Angeles,SAN BRUNO,2024,16,94,,,
Los Angeles,SAN DIEGO,1999,10,100,50,60,70
Los Angeles,SAN DIEGO,2000,17,100,53,82,82
Los Angeles,SAN DIEGO,2001,21,86,52,76,81
Los Angeles,SAN DIEGO,2002,13,92,62,92,92
Los Angeles,SAN DIEGO,2003,23,91,52,87,87
Los Angeles,SAN DIEGO,2004,22,100,50,82,100
Los Angeles,SAN DIEGO,2005,27,93,56,81,85
Los Angeles,SAN DIEGO,2006,26,96,54,96,100
Los Angeles,SAN DIEGO,2007,25,92,60,84,92
Los Angeles,SAN DIEGO,2008,26,92,50,81,85
Los Angeles,SAN DIEGO,2009,14,79,36,71,86
Los Angeles,SAN DIEGO,2010,13,100,69,85,92
Los Angeles,SAN DIEGO,2010,24,96,75,88,88
Los Angeles,SAN DIEGO,2011,10,90,70,80,100
Los Angeles,SAN DIEGO,2011,23,100,61,96,96
Los Angeles,SAN DIEGO,2012,22,91,50,86,91
Los Angeles,SAN DIEGO,2013,14,86,50,71,86
Los Angeles,SAN DIEGO,2014,27,85,74,81,85
Los Angeles,SAN DIEGO,2015,27,93,70,89,96
Los Angeles,SAN DIEGO,2015,10,100,50,90,100
Los Angeles,SAN DIEGO,2016,12,92,67,83,92
Los Angeles,SAN DIEGO,2016,41,95,54,85,90
Los Angeles,SAN DIEGO,2016,13,100,23,77,85
Los Angeles,SAN DIEGO,2017,29,90,59,86,90
Los Angeles,SAN DIEGO,2018,17,100,88,100,100
Los Angeles,SAN DIEGO,2018,39,95,67,95,95
Los Angeles,SAN DIEGO,2018,19,100,42,84,89
Los Angeles,SAN DIEGO,2019,18,94,83,100,100
Los Angeles,SAN DIEGO,2019,16,100,88,94,100
Los Angeles,SAN DIEGO,2020,34,97,74,85,88
Los Angeles,SAN DIEGO,2020,24,92,67,79,83
Los Angeles,SAN DIEGO,2021,28,100,79,89,89
Los Angeles,SAN DIEGO,2021,18,89,67,78,94
Los Angeles,SAN DIEGO,2022,10,90,90,100,
Los Angeles,SAN DIEGO,2022,28,96,82,93,
Los Angeles,SAN DIEGO,2022,29,100,76,93,
Los Angeles,SAN DIEGO,2023,12,92,50,,
Los Angeles,SAN DIEGO,2023,30,100,87,,
Los Angeles,SAN DIEGO,2023,23,100,78,,
Los Angeles,SAN DIEGO,2024,30,87,,,
Los Angeles,SAN DIEGO,2024,17,100,,,
Los Angeles,SAN FRANCISCO,1999,21,95,48,86,90
Los Angeles,SAN FRANCISCO,2000,33,94,52,85,85
Los Angeles,SAN FRANCISCO,2001,21,100,38,90,95
Los Angeles,SAN FRANCISCO,2002,19,95,58,84,95
Los Angeles,SAN FRANCISCO,2003,26,96,62,85,92
Los Angeles,SAN FRANCISCO,2004,42,98,69,93,95
Los Angeles,SAN FRANCISCO,2005,38,89,50,84,92
Los Angeles,SAN FRANCISCO,2006,24,100,75,100,100
Los Angeles,SAN FRANCISCO,2007,39,97,46,85,95
Los Angeles,SAN FRANCISCO,2008,52,96,56,90,90
Los Angeles,SAN FRANCISCO,2009,42,98,64,93,93
Los Angeles,SAN FRANCISCO,2010,48,92,65,83,88
Los Angeles,SAN FRANCISCO,2011,39,92,56,82,92
Los Angeles,SAN FRANCISCO,2012,40,93,58,90,95
Los Angeles,SAN FRANCISCO,2013,27,93,81,89,89
Los Angeles,SAN FRANCISCO,2014,37,97,76,89,97
Los Angeles,SAN FRANCISCO,2015,31,94,71,90,90
Los Angeles,SAN FRANCISCO,2016,27,93,52,85,96
Los Angeles,SAN FRANCISCO,2017,18,100,72,94,94
Los Angeles,SAN FRANCISCO,2018,38,100,71,97,97
Los Angeles,SAN FRANCISCO,2019,24,96,54,96,100
Los Angeles,SAN FRANCISCO,2020,29,93,69,90,93
Los Angeles,SAN FRANCISCO,2021,16,100,69,88,94
Los Angeles,SAN FRANCISCO,2022,15,100,53,100,
Los Angeles,SAN FRANCISCO,2023,22,100,77,,
Los Angeles,SAN FRANCISCO,2024,27,100,,,
Los Angeles,SAN JACINTO,2003,11,100,45,91,100
Los Angeles,SAN JACINTO,2009,10,90,50,80,80
Los Angeles,SAN JACINTO,2010,10,100,60,80,80
Los Angeles,SAN JACINTO,2011,17,94,41,88,94
Los Angeles,SAN JACINTO,2012,13,85,62,85,85
Los Angeles,SAN JACINTO,2014,18,83,61,78,83
Los Angeles,SAN JACINTO,2015,12,100,83,92,92
Los Angeles,SAN JACINTO,2016,16,88,50,81,81
Los Angeles,SAN JACINTO,2017,10,100,60,80,80
Los Angeles,SAN JACINTO,2018,15,100,60,100,100
Los Angeles,SAN JACINTO,2019,14,86,79,79,79
Los Angeles,SAN JACINTO,2020,21,95,76,100,100
Los Angeles,SAN JACINTO,2021,21,90,76,86,86
Los Angeles,SAN JACINTO,2022,14,93,71,86,
Los Angeles,SAN JACINTO,2023,28,96,71,,
Los Angeles,SAN JACINTO,2024,27,96,,,
Los Angeles,SAN JOSE,2011,10,100,40,90,100
Los Angeles,SAN JOSE,2019,10,100,60,90,90
Los Angeles,SAN JOSE,2024,10,100,,,
Los Angeles,SAN LUIS OBISPO,1999,10,90,50,90,90
Los Angeles,SAN LUIS OBISPO,2011,12,100,75,100,100
Los Angeles,SAN LUIS OBISPO,2015,11,100,64,100,100
Los Angeles,SAN MARCOS,1999,11,100,55,82,91
Los Angeles,SAN MARCOS,2000,21,100,48,95,95
Los Angeles,SAN MARCOS,2001,11,100,55,91,100
Los Angeles,SAN MARCOS,2003,13,100,69,85,92
Los Angeles,SAN MARCOS,2004,19,100,58,89,95
Los Angeles,SAN MARCOS,2005,12,100,50,83,83
Los Angeles,SAN MARCOS,2006,17,94,59,94,94
Los Angeles,SAN MARCOS,2007,24,92,46,75,83
Los Angeles,SAN MARCOS,2008,20,95,60,85,95
Los Angeles,SAN MARCOS,2009,18,94,44,83,83
Los Angeles,SAN MARCOS,2010,23,96,39,91,96
Los Angeles,SAN MARCOS,2011,16,88,63,88,88
Los Angeles,SAN MARCOS,2012,19,95,58,79,84
Los Angeles,SAN MARCOS,2013,17,100,65,88,94
Los Angeles,SAN MARCOS,2014,22,86,86,91,91
Los Angeles,SAN MARCOS,2015,20,95,60,85,90
Los Angeles,SAN MARCOS,2016,15,93,67,87,87
Los Angeles,SAN MARCOS,2017,14,100,50,79,93
Los Angeles,SAN MARCOS,2018,26,92,77,88,92
Los Angeles,SAN MARCOS,2019,24,83,71,92,92
Los Angeles,SAN MARCOS,2020,24,100,79,100,100
Los Angeles,SAN MARCOS,2021,29,97,79,97,97
Los Angeles,SAN MARCOS,2022,28,100,89,100,
Los Angeles,SAN MARCOS,2023,21,90,76,,
Los Angeles,SAN MARCOS,2024,20,95,,,
Los Angeles,SAN MATEO,1999,12,92,67,83,83
Los Angeles,SAN MATEO,2000,21,95,43,81,90
Los Angeles,SAN MATEO,2001,23,100,35,91,96
Los Angeles,SAN MATEO,2002,10,100,40,90,100
Los Angeles,SAN MATEO,2003,19,100,42,95,95
Los Angeles,SAN MATEO,2004,18,94,44,72,89
Los Angeles,SAN MATEO,2005,19,95,58,89,89
Los Angeles,SAN MATEO,2007,10,100,90,100,100
Los Angeles,SAN MATEO,2008,12,83,42,92,92
Los Angeles,SAN MATEO,2009,11,82,55,64,82
Los Angeles,SAN MATEO,2011,11,100,64,82,91
Los Angeles,SAN MATEO,2012,11,73,91,91,91
Los Angeles,SAN MATEO,2013,11,82,64,82,82
Los Angeles,SAN MATEO,2014,17,94,35,82,82
Los Angeles,SAN MATEO,2015,15,100,67,93,93
Los Angeles,SAN MATEO,2016,21,86,57,76,81
Los Angeles,SAN MATEO,2017,11,100,82,91,91
Los Angeles,SAN MATEO,2018,21,100,86,100,100
Los Angeles,SAN MATEO,2019,20,95,70,90,90
Los Angeles,SAN MATEO,2020,22,100,86,95,100
Los Angeles,SAN MATEO,2021,31,90,77,90,94
Los Angeles,SAN MATEO,2022,25,96,88,96,
Los Angeles,SAN MATEO,2023,31,94,84,,
Los Angeles,SAN MATEO,2024,25,92,,,
Los Angeles,SAN PABLO,2012,13,85,69,85,85
Los Angeles,SAN PABLO,2016,11,100,64,91,91
Los Angeles,SANTA ANA,1999,16,94,38,63,75
Los Angeles,SANTA ANA,2000,24,96,33,58,75
Los Angeles,SANTA ANA,2001,14,93,50,86,86
Los Angeles,SANTA ANA,2002,13,92,31,77,85
Los Angeles,SANTA ANA,2003,13,92,23,69,69
Los Angeles,SANTA ANA,2004,14,100,29,79,86
Los Angeles,SANTA ANA,2005,13,100,54,85,92
Los Angeles,SANTA ANA,2006,17,100,41,100,100
Los Angeles,SANTA ANA,2007,14,93,57,86,86
Los Angeles,SANTA ANA,2008,17,94,29,82,82
Los Angeles,SANTA ANA,2009,19,79,47,63,63
Los Angeles,SANTA ANA,2011,10,100,40,100,100
Los Angeles,SANTA ANA,2012,11,100,64,100,100
Los Angeles,SANTA ANA,2013,18,100,44,89,94
Los Angeles,SANTA ANA,2014,21,90,43,86,90
Los Angeles,SANTA ANA,2017,11,91,55,73,82
Los Angeles,SANTA ANA,2018,19,89,63,89,89
Los Angeles,SANTA ANA,2019,17,100,76,94,94
Los Angeles,SANTA ANA,2020,15,100,67,100,100
Los Angeles,SANTA ANA,2021,11,91,64,91,100
Los Angeles,SANTA ANA,2022,16,94,75,81,
Los Angeles,SANTA ANA,2023,14,93,79,,
Los Angeles,SANTA ANA,2024,14,100,,,
Los Angeles,SANTA BARBARA,1999,25,92,32,72,92
Los Angeles,SANTA BARBARA,2000,33,91,61,79,88
Los Angeles,SANTA BARBARA,2001,32,84,50,84,84
Los Angeles,SANTA BARBARA,2002,27,96,74,89,96
Los Angeles,SANTA BARBARA,2003,38,95,61,95,95
Los Angeles,SANTA BARBARA,2004,36,100,72,86,92
Los Angeles,SANTA BARBARA,2005,33,97,48,88,91
Los Angeles,SANTA BARBARA,2006,43,93,58,84,91
Los Angeles,SANTA BARBARA,2007,36,97,56,94,94
Los Angeles,SANTA BARBARA,2008,36,89,64,94,94
Los Angeles,SANTA BARBARA,2009,45,96,71,87,87
Los Angeles,SANTA BARBARA,2010,69,93,72,90,93
Los Angeles,SANTA BARBARA,2011,60,95,72,90,95
Los Angeles,SANTA BARBARA,2012,47,98,66,89,91
Los Angeles,SANTA BARBARA,2013,51,96,73,94,96
Los Angeles,SANTA BARBARA,2014,68,97,75,88,90
Los Angeles,SANTA BARBARA,2015,76,95,80,92,97
Los Angeles,SANTA BARBARA,2016,72,93,79,92,93
Los Angeles,SANTA BARBARA,2017,47,96,81,94,96
Los Angeles,SANTA BARBARA,2018,63,97,81,94,95
Los Angeles,SANTA BARBARA,2019,85,93,79,92,93
Los Angeles,SANTA BARBARA,2020,94,96,74,93,95
Los Angeles,SANTA BARBARA,2021,59,98,90,98,98
Los Angeles,SANTA BARBARA,2022,61,97,80,95,
Los Angeles,SANTA BARBARA,2023,64,98,89,,
Los Angeles,SANTA BARBARA,2024,81,100,,,
Los Angeles,SANTA CLARA,2014,10,80,30,80,80
Los Angeles,SANTA CLARA,2023,10,90,80,,
Los Angeles,SANTA MARIA,2024,12,100,,,
Los Angeles,SANTA MONICA,1999,280,93,40,78,85
Los Angeles,SANTA MONICA,2000,323,95,46,82,90
Los Angeles,SANTA MONICA,2001,401,96,47,83,87
Los Angeles,SANTA MONICA,2002,330,94,57,85,92
Los Angeles,SANTA MONICA,2003,513,93,55,84,89
Los Angeles,SANTA MONICA,2004,532,93,59,86,91
Los Angeles,SANTA MONICA,2005,516,93,56,83,89
Los Angeles,SANTA MONICA,2006,587,94,54,87,91
Los Angeles,SANTA MONICA,2007,535,94,57,85,91
Los Angeles,SANTA MONICA,2008,505,93,61,86,90
Los Angeles,SANTA MONICA,2009,519,94,64,88,92
Los Angeles,SANTA MONICA,2010,501,93,63,86,91
Los Angeles,SANTA MONICA,2011,469,91,62,85,89
Los Angeles,SANTA MONICA,2012,494,95,67,90,92
Los Angeles,SANTA MONICA,2013,445,94,68,88,91
Los Angeles,SANTA MONICA,2014,476,93,66,89,93
Los Angeles,SANTA MONICA,2015,460,91,68,86,90
Los Angeles,SANTA MONICA,2016,492,95,69,90,93
Los Angeles,SANTA MONICA,2017,504,94,75,90,92
Los Angeles,SANTA MONICA,2018,486,95,77,91,93
Los Angeles,SANTA MONICA,2019,465,93,79,91,92
Los Angeles,SANTA MONICA,2020,450,94,72,90,92
Los Angeles,SANTA MONICA,2021,414,96,79,93,94
Los Angeles,SANTA MONICA,2022,415,97,80,93,
Los Angeles,SANTA MONICA,2023,452,95,77,,
Los Angeles,SANTA MONICA,2024,438,97,,,
Los Angeles,SANTA ROSA,1999,10,90,40,100,100
Los Angeles,SANTA ROSA,2000,16,100,38,94,94
Los Angeles,SANTA ROSA,2001,12,100,58,92,100
Los Angeles,SANTA ROSA,2002,14,100,57,93,93
Los Angeles,SANTA ROSA,2003,20,100,75,90,90
Los Angeles,SANTA ROSA,2004,13,92,69,92,92
Los Angeles,SANTA ROSA,2005,10,100,30,70,90
Los Angeles,SANTA ROSA,2006,14,93,79,86,100
Los Angeles,SANTA ROSA,2007,17,94,41,94,94
Los Angeles,SANTA ROSA,2008,14,100,71,86,86
Los Angeles,SANTA ROSA,2009,14,100,79,100,100
Los Angeles,SANTA ROSA,2010,18,100,67,94,100
Los Angeles,SANTA ROSA,2011,16,100,75,100,100
Los Angeles,SANTA ROSA,2012,22,86,64,82,95
Los Angeles,SANTA ROSA,2013,14,93,71,86,93
Los Angeles,SANTA ROSA,2014,13,100,85,92,92
Los Angeles,SANTA ROSA,2016,23,100,65,83,87
Los Angeles,SANTA ROSA,2017,15,93,67,80,87
Los Angeles,SANTA ROSA,2018,18,83,67,78,78
Los Angeles,SANTA ROSA,2019,16,100,69,94,100
Los Angeles,SANTA ROSA,2020,15,93,67,87,87
Los Angeles,SANTA ROSA,2021,22,95,68,82,82
Los Angeles,SANTA ROSA,2022,21,100,86,95,
Los Angeles,SANTA ROSA,2024,13,100,,,
Los Angeles,SARATOGA,2002,13,100,77,77,77
Los Angeles,SARATOGA,2003,16,94,69,94,94
Los Angeles,SARATOGA,2005,14,93,36,57,64
Los Angeles,SARATOGA,2006,22,95,45,77,91
Los Angeles,SARATOGA,2008,18,94,44,72,83
Los Angeles,SARATOGA,2009,14,100,71,100,100
Los Angeles,SARATOGA,2010,15,93,87,93,93
Los Angeles,SARATOGA,2011,10,100,90,90,90
Los Angeles,SARATOGA,2012,12,100,42,75,83
Los Angeles,SARATOGA,2014,10,100,40,70,90
Los Angeles,SARATOGA,2016,16,100,63,94,100
Los Angeles,SARATOGA,2017,22,95,55,82,82
Los Angeles,SARATOGA,2018,16,88,75,100,100
Los Angeles,SARATOGA,2019,18,94,78,94,94
Los Angeles,SARATOGA,2020,24,100,75,96,96
Los Angeles,SARATOGA,2021,22,100,73,95,95
Los Angeles,SARATOGA,2022,16,100,88,88,
Los Angeles,SARATOGA,2023,31,100,84,,
Los Angeles,SARATOGA,2024,30,97,,,
Los Angeles,STOCKTON,2003,15,100,53,80,87
Los Angeles,STOCKTON,2004,10,90,70,90,90
Los Angeles,STOCKTON,2007,13,92,38,77,77
Los Angeles,SYLMAR,2003,21,71,43,57,67
Los Angeles,SYLMAR,2004,10,80,50,90,90
Los Angeles,SYLMAR,2005,15,93,40,73,87
Los Angeles,SYLMAR,2006,15,93,33,47,67
Los Angeles,SYLMAR,2007,11,82,55,73,73
Los Angeles,SYLMAR,2008,14,93,71,93,100
Los Angeles,SYLMAR,2009,10,90,20,70,80
Los Angeles,SYLMAR,2011,17,100,59,94,100
Los Angeles,SYLMAR,2012,11,100,82,100,100
Los Angeles,SYLMAR,2013,14,100,71,86,86
Los Angeles,SYLMAR,2014,11,91,64,82,91
Los Angeles,SYLMAR,2015,15,93,73,100,100
Los Angeles,SYLMAR,2016,17,100,53,88,88
Los Angeles,SYLMAR,2017,10,90,80,80,80
Los Angeles,SYLMAR,2019,15,100,73,93,100
Los Angeles,SYLMAR,2020,11,91,55,73,82
Los Angeles,SYLMAR,2022,13,85,77,85,
Los Angeles,SYLMAR,2024,11,91,,,
Los Angeles,TORRANCE,1999,86,88,31,67,78
Los Angeles,TORRANCE,2000,87,95,49,80,86
Los Angeles,TORRANCE,2001,88,94,38,76,84
Los Angeles,TORRANCE,2002,91,90,40,78,82
Los Angeles,TORRANCE,2003,140,94,58,84,92
Los Angeles,TORRANCE,2004,130,97,62,86,87
Los Angeles,TORRANCE,2005,142,96,51,86,92
Los Angeles,TORRANCE,2006,117,97,50,90,92
Los Angeles,TORRANCE,2007,128,97,52,86,94
Los Angeles,TORRANCE,2008,112,99,67,88,94
Los Angeles,TORRANCE,2009,160,95,62,81,88
Los Angeles,TORRANCE,2010,134,96,50,90,96
Los Angeles,TORRANCE,2011,123,98,62,89,93
Los Angeles,TORRANCE,2012,118,95,65,86,90
Los Angeles,TORRANCE,2013,111,96,66,91,93
Los Angeles,TORRANCE,2014,120,95,63,88,92
Los Angeles,TORRANCE,2015,112,99,71,91,94
Los Angeles,TORRANCE,2016,115,97,70,95,97
Los Angeles,TORRANCE,2017,130,96,73,97,97
Los Angeles,TORRANCE,2018,125,94,68,89,93
Los Angeles,TORRANCE,2019,131,94,77,92,93
Los Angeles,TORRANCE,2020,109,96,74,92,95
Los Angeles,TORRANCE,2021,125,97,77,91,94
Los Angeles,TORRANCE,2022,156,97,80,91,
Los Angeles,TORRANCE,2023,151,96,78,,
Los Angeles,TORRANCE,2024,161,99,,,
Los Angeles,VALENCIA,1999,24,88,38,88,92
Los Angeles,VALENCIA,2000,33,91,48,82,91
Los Angeles,VALENCIA,2001,39,95,64,90,92
Los Angeles,VALENCIA,2002,43,91,51,88,91
Los Angeles,VALENCIA,2003,50,90,52,88,88
Los Angeles,VALENCIA,2004,44,100,66,93,98
Los Angeles,VALENCIA,2005,45,96,71,84,91
Los Angeles,VALENCIA,2006,74,99,65,91,92
Los Angeles,VALENCIA,2007,64,94,70,81,89
Los Angeles,VALENCIA,2008,46,93,61,87,89
Los Angeles,VALENCIA,2009,52,100,52,87,96
Los Angeles,VALENCIA,2010,65,97,69,91,97
Los Angeles,VALENCIA,2011,58,93,55,88,90
Los Angeles,VALENCIA,2012,52,98,63,85,88
Los Angeles,VALENCIA,2013,49,94,69,88,90
Los Angeles,VALENCIA,2014,50,94,70,88,90
Los Angeles,VALENCIA,2015,68,100,90,96,97
Los Angeles,VALENCIA,2016,71,97,72,93,97
Los Angeles,VALENCIA,2017,60,95,75,90,92
Los Angeles,VALENCIA,2018,61,98,84,95,97
Los Angeles,VALENCIA,2019,77,97,79,95,96
Los Angeles,VALENCIA,2020,75,96,81,96,96
Los Angeles,VALENCIA,2021,75,99,80,93,95
Los Angeles,VALENCIA,2022,84,98,85,92,
Los Angeles,VALENCIA,2023,73,97,78,,
Los Angeles,VALENCIA,2024,66,97,,,
Los Angeles,VAN NUYS,1999,58,98,38,83,88
Los Angeles,VAN NUYS,2000,55,96,38,71,84
Los Angeles,VAN NUYS,2001,71,87,49,85,92
Los Angeles,VAN NUYS,2002,66,92,36,73,85
Los Angeles,VAN NUYS,2003,95,93,46,79,86
Los Angeles,VAN NUYS,2004,106,94,45,77,85
Los Angeles,VAN NUYS,2005,102,98,58,83,88
Los Angeles,VAN NUYS,2006,106,98,61,90,92
Los Angeles,VAN NUYS,2007,99,97,55,87,92
Los Angeles,VAN NUYS,2008,78,96,63,92,95
Los Angeles,VAN NUYS,2009,73,96,56,89,93
Los Angeles,VAN NUYS,2010,57,93,60,91,95
Los Angeles,VAN NUYS,2011,69,93,57,86,88
Los Angeles,VAN NUYS,2012,78,99,59,87,90
Los Angeles,VAN NUYS,2013,59,97,61,93,93
Los Angeles,VAN NUYS,2014,85,98,67,91,93
Los Angeles,VAN NUYS,2015,52,92,69,92,94
Los Angeles,VAN NUYS,2016,75,97,79,92,96
Los Angeles,VAN NUYS,2017,71,96,66,82,85
Los Angeles,VAN NUYS,2018,81,95,67,90,90
Los Angeles,VAN NUYS,2019,52,100,87,100,100
Los Angeles,VAN NUYS,2020,91,99,79,92,95
Los Angeles,VAN NUYS,2021,68,96,81,90,93
Los Angeles,VAN NUYS,2022,78,96,72,88,
Los Angeles,VAN NUYS,2023,79,97,82,,
Los Angeles,VAN NUYS,2024,62,92,,,
Los Angeles,VENTURA,1999,19,79,26,42,63
Los Angeles,VENTURA,2000,22,91,55,86,86
Los Angeles,VENTURA,2001,23,91,30,70,83
Los Angeles,VENTURA,2002,27,93,48,78,81
Los Angeles,VENTURA,2003,28,93,75,86,93
Los Angeles,VENTURA,2004,28,96,61,86,86
Los Angeles,VENTURA,2005,33,94,52,79,85
Los Angeles,VENTURA,2006,21,90,43,86,90
Los Angeles,VENTURA,2007,27,96,59,85,85
Los Angeles,VENTURA,2008,10,100,50,80,90
Los Angeles,VENTURA,2009,17,94,47,76,76
Los Angeles,VENTURA,2010,24,96,67,88,88
Los Angeles,VENTURA,2011,14,100,79,100,100
Los Angeles,VENTURA,2012,14,100,50,100,100
Los Angeles,VENTURA,2013,17,94,71,94,94
Los Angeles,VENTURA,2014,18,94,61,89,94
Los Angeles,VENTURA,2015,24,96,71,92,92
Los Angeles,VENTURA,2016,23,96,61,78,78
Los Angeles,VENTURA,2017,18,100,83,100,100
Los Angeles,VENTURA,2018,23,87,70,83,83
Los Angeles,VENTURA,2019,21,76,43,76,76
Los Angeles,VENTURA,2020,21,100,67,76,81
Los Angeles,VENTURA,2021,24,88,71,79,83
Los Angeles,VENTURA,2022,30,97,77,90,
Los Angeles,VENTURA,2023,28,96,71,,
Los Angeles,VENTURA,2024,33,94,,,
Los Angeles,VICTORVILLE,2007,10,100,40,70,80
Los Angeles,VISALIA,1999,10,90,60,80,80
Los Angeles,VISALIA,2018,10,90,60,80,90
Los Angeles,WALNUT,1999,53,96,36,85,87
Los Angeles,WALNUT,2000,70,93,37,74,81
Los Angeles,WALNUT,2001,60,98,52,88,95
Los Angeles,WALNUT,2002,68,99,54,85,88
Los Angeles,WALNUT,2003,98,96,54,91,94
Los Angeles,WALNUT,2004,113,96,59,86,90
Los Angeles,WALNUT,2005,107,96,54,87,93
Los Angeles,WALNUT,2006,108,95,58,91,94
Los Angeles,WALNUT,2007,89,91,44,83,88
Los Angeles,WALNUT,2008,89,94,52,79,89
Los Angeles,WALNUT,2009,98,97,58,88,90
Los Angeles,WALNUT,2010,95,96,58,83,85
Los Angeles,WALNUT,2011,113,98,68,88,93
Los Angeles,WALNUT,2012,110,95,61,90,92
Los Angeles,WALNUT,2013,86,99,57,87,92
Los Angeles,WALNUT,2014,98,98,65,96,98
Los Angeles,WALNUT,2015,108,98,65,93,94
Los Angeles,WALNUT,2016,104,97,72,95,96
Los Angeles,WALNUT,2017,111,92,63,87,91
Los Angeles,WALNUT,2018,101,93,70,92,94
Los Angeles,WALNUT,2019,111,93,81,91,92
Los Angeles,WALNUT,2020,114,95,73,95,96
Los Angeles,WALNUT,2021,113,95,79,86,89
Los Angeles,WALNUT,2022,111,95,71,93,
Los Angeles,WALNUT,2023,148,96,76,,
Los Angeles,WALNUT,2024,137,96,,,
Los Angeles,WHITTIER,1999,18,94,22,78,94
Los Angeles,WHITTIER,2000,20,95,45,85,95
Los Angeles,WHITTIER,2001,19,95,47,84,84
Los Angeles,WHITTIER,2002,25,88,32,60,76
Los Angeles,WHITTIER,2003,16,81,38,69,69
Los Angeles,WHITTIER,2004,34,94,29,79,85
Los Angeles,WHITTIER,2005,31,97,61,87,87
Los Angeles,WHITTIER,2006,22,95,27,77,86
Los Angeles,WHITTIER,2007,24,92,38,75,79
Los Angeles,WHITTIER,2008,35,91,37,83,86
Los Angeles,WHITTIER,2009,28,93,46,79,86
Los Angeles,WHITTIER,2010,14,93,50,86,93
Los Angeles,WHITTIER,2012,31,97,52,90,94
Los Angeles,WHITTIER,2013,26,96,50,81,85
Los Angeles,WHITTIER,2014,24,96,71,83,88
Los Angeles,WHITTIER,2015,24,96,58,96,100
Los Angeles,WHITTIER,2016,22,86,55,82,82
Los Angeles,WHITTIER,2017,25,80,68,80,80
Los Angeles,WHITTIER,2018,28,96,75,96,96
Los Angeles,WHITTIER,2019,27,93,67,85,89
Los Angeles,WHITTIER,2020,21,95,71,86,90
Los Angeles,WHITTIER,2021,19,89,58,89,95
Los Angeles,WHITTIER,2022,28,100,64,89,
Los Angeles,WHITTIER,2023,23,87,52,,
Los Angeles,WHITTIER,2024,20,95,,,
Los Angeles,WILMINGTON,2000,12,100,50,75,83
Los Angeles,WILMINGTON,2001,12,100,25,92,100
Los Angeles,WILMINGTON,2002,14,100,57,86,86
Los Angeles,WILMINGTON,2003,19,95,53,79,84
Los Angeles,WILMINGTON,2004,17,82,53,82,88
Los Angeles,WILMINGTON,2005,20,90,50,80,80
Los Angeles,WILMINGTON,2006,19,95,42,89,89
Los Angeles,WILMINGTON,2007,21,90,48,71,76
Los Angeles,WILMINGTON,2008,15,80,47,80,80
Los Angeles,WILMINGTON,2009,17,82,41,76,82
Los Angeles,WILMINGTON,2011,16,100,38,81,94
Los Angeles,WILMINGTON,2012,16,94,56,94,100
Los Angeles,WILMINGTON,2013,10,100,80,100,100
Los Angeles,WILMINGTON,2014,12,100,75,83,83
Los Angeles,WILMINGTON,2015,18,89,50,78,78
Los Angeles,WILMINGTON,2016,17,94,65,94,100
Los Angeles,WILMINGTON,2017,14,100,57,93,93
Los Angeles,WILMINGTON,2018,15,100,47,87,87
Los Angeles,WILMINGTON,2019,18,89,61,83,89
Los Angeles,WILMINGTON,2021,20,95,85,90,90
Los Angeles,WILMINGTON,2022,16,100,88,94,
Los Angeles,WILMINGTON,2023,15,93,73,,
Los Angeles,WILMINGTON,2024,16,100,,,
Los Angeles,WOODLAND HILLS,1999,70,91,37,73,74
Los Angeles,WOODLAND HILLS,2000,86,97,49,85,92
Los Angeles,WOODLAND HILLS,2001,67,97,43,76,90
Los Angeles,WOODLAND HILLS,2002,102,94,49,82,88
Los Angeles,WOODLAND HILLS,2003,135,93,48,81,90
Los Angeles,WOODLAND HILLS,2004,125,96,56,84,91
Los Angeles,WOODLAND HILLS,2005,142,94,59,87,90
Los Angeles,WOODLAND HILLS,2006,177,92,45,82,90
Los Angeles,WOODLAND HILLS,2007,159,95,58,89,95
Los Angeles,WOODLAND HILLS,2008,147,97,56,88,94
Los Angeles,WOODLAND HILLS,2009,160,96,55,83,91
Los Angeles,WOODLAND HILLS,2010,154,97,66,91,94
Los Angeles,WOODLAND HILLS,2011,145,97,65,92,96
Los Angeles,WOODLAND HILLS,2012,134,96,69,92,94
Los Angeles,WOODLAND HILLS,2013,114,95,65,89,92
Los Angeles,WOODLAND HILLS,2014,123,89,59,89,91
Los Angeles,WOODLAND HILLS,2015,116,95,69,91,93
Los Angeles,WOODLAND HILLS,2016,101,96,69,89,91
Los Angeles,WOODLAND HILLS,2017,136,93,71,90,91
Los Angeles,WOODLAND HILLS,2018,156,93,72,93,94
Los Angeles,WOODLAND HILLS,2019,153,95,82,92,93
Los Angeles,WOODLAND HILLS,2020,176,95,80,91,93
Los Angeles,WOODLAND HILLS,2021,168,96,82,94,95
Los Angeles,WOODLAND HILLS,2022,178,96,79,90,
Los Angeles,WOODLAND HILLS,2023,171,98,76,,
Los Angeles,WOODLAND HILLS,2024,157,97,,,
Los Angeles,YUCAIPA,2015,11,100,0,45,73
Los Angeles,YUCAIPA,2022,12,83,67,83,
Los Angeles,YUCAIPA,2024,13,100,,,
Merced,FRESNO,2005,11,82,55,64,64
Merced,MERCED,2005,26,69,42,65,69
Merced,MERCED,2006,18,83,44,67,78
Merced,MERCED,2007,17,100,65,76,82
Merced,MERCED,2008,16,81,13,56,63
Merced,MERCED,2009,20,100,35,85,95
Merced,MERCED,2010,38,82,26,71,79
Merced,MERCED,2011,35,91,40,80,86
Merced,MERCED,2012,37,92,27,65,84
Merced,MERCED,2013,29,97,24,83,86
Merced,MERCED,2014,26,92,38,85,85
Merced,MERCED,2015,25,88,44,84,84
Merced,MERCED,2016,43,95,35,84,91
Merced,MERCED,2017,42,90,40,81,88
Merced,MERCED,2018,41,90,54,83,85
Merced,MERCED,2019,48,85,35,77,83
Merced,MERCED,2020,50,82,32,64,72
Merced,MERCED,2021,61,87,48,75,77
Merced,MERCED,2022,57,89,58,88,
Merced,MERCED,2023,63,92,59,,
Merced,MERCED,2024,74,97,,,
Merced,MODESTO,2005,15,80,53,67,73
Merced,MODESTO,2007,15,80,33,40,47
Merced,MODESTO,2009,10,80,0,30,70
Merced,MODESTO,2010,10,90,40,70,90
Merced,MODESTO,2012,12,100,50,83,92
Merced,MODESTO,2017,10,80,40,80,80
Merced,MODESTO,2020,12,75,50,67,67
Merced,MODESTO,2022,14,93,64,79,
Merced,MODESTO,2023,15,93,60,,
Merced,MODESTO,2024,11,91,,,
Merced,STOCKTON,2021,10,90,60,70,80
Merced,STOCKTON,2023,13,100,38,,
Riverside,BAKERSFIELD,2019,14,100,57,79,86
Riverside,BAKERSFIELD,2024,12,92,,,
Riverside,CHULA VISTA,2003,10,80,80,80,80
Riverside,CHULA VISTA,2010,10,80,50,80,80
Riverside,CHULA VISTA,2011,16,75,50,75,75
Riverside,CHULA VISTA,2013,10,90,40,90,90
Riverside,CHULA VISTA,2014,11,91,64,91,91
Riverside,CHULA VISTA,2018,11,73,45,55,64
Riverside,CHULA VISTA,2019,11,91,73,91,91
Riverside,CHULA VISTA,2020,14,79,36,57,71
Riverside,CHULA VISTA,2021,12,100,58,83,100
Riverside,COSTA MESA,1999,15,93,33,60,67
Riverside,COSTA MESA,2000,15,100,40,67,73
Riverside,COSTA MESA,2001,16,94,31,63,69
Riverside,COSTA MESA,2002,17,94,65,76,82
Riverside,COSTA MESA,2003,12,75,33,83,83
Riverside,COSTA MESA,2004,16,94,25,56,69
Riverside,COSTA MESA,2005,18,94,50,83,89
Riverside,COSTA MESA,2008,19,84,32,74,74
Riverside,COSTA MESA,2009,18,89,50,83,83
Riverside,COSTA MESA,2010,18,78,39,67,72
Riverside,COSTA MESA,2011,32,88,53,91,91
Riverside,COSTA MESA,2012,19,89,42,79,84
Riverside,COSTA MESA,2013,23,96,61,91,96
Riverside,COSTA MESA,2014,18,83,50,72,83
Riverside,COSTA MESA,2015,15,87,67,73,73
Riverside,COSTA MESA,2017,19,100,53,84,89
Riverside,COSTA MESA,2018,31,97,58,87,90
Riverside,COSTA MESA,2019,24,96,67,92,96
Riverside,COSTA MESA,2020,32,81,72,84,84
Riverside,COSTA MESA,2021,36,89,72,86,89
Riverside,COSTA MESA,2022,25,92,72,88,
Riverside,COSTA MESA,2023,17,94,88,,
Riverside,COSTA MESA,2024,10,80,,,
Riverside,CULVER CITY,2018,14,86,57,86,86
Riverside,CUPERTINO,1999,11,100,55,55,64
Riverside,CUPERTINO,2000,14,93,29,64,71
Riverside,CUPERTINO,2001,12,100,25,58,58
Riverside,CUPERTINO,2002,15,93,33,73,80
Riverside,CUPERTINO,2003,20,90,45,80,90
Riverside,CUPERTINO,2005,19,95,58,84,89
Riverside,CUPERTINO,2006,17,100,53,94,94
Riverside,CUPERTINO,2007,13,77,38,54,62
Riverside,CUPERTINO,2009,16,75,19,63,69
Riverside,CUPERTINO,2010,14,79,71,93,93
Riverside,CUPERTINO,2011,24,75,38,67,75
Riverside,CUPERTINO,2012,12,100,50,92,92
Riverside,CUPERTINO,2013,21,81,57,62,62
Riverside,CUPERTINO,2014,23,70,48,78,78
Riverside,CUPERTINO,2015,21,86,43,71,81
Riverside,CUPERTINO,2016,16,88,56,81,88
Riverside,CUPERTINO,2017,19,84,63,79,79
Riverside,CUPERTINO,2018,37,92,51,84,89
Riverside,CUPERTINO,2019,27,81,41,70,70
Riverside,CUPERTINO,2020,29,86,69,79,83
Riverside,CUPERTINO,2021,48,94,69,79,79
Riverside,CUPERTINO,2022,31,84,45,65,
Riverside,CUPERTINO,2023,17,94,71,,
Riverside,CUPERTINO,2024,12,83,,,
Riverside,CYPRESS,2004,11,91,45,82,82
Riverside,CYPRESS,2005,10,80,60,80,90
Riverside,CYPRESS,2010,14,79,29,71,79
Riverside,CYPRESS,2011,22,86,64,77,82
Riverside,CYPRESS,2012,10,90,50,90,90
Riverside,CYPRESS,2013,12,83,67,83,83
Riverside,CYPRESS,2014,16,94,50,75,81
Riverside,CYPRESS,2016,10,70,50,60,70
Riverside,CYPRESS,2017,10,100,80,100,100
Riverside,CYPRESS,2018,16,94,56,88,94
Riverside,CYPRESS,2020,10,90,50,70,70
Riverside,CYPRESS,2021,13,100,54,69,92
Riverside,CYPRESS,2022,14,86,71,86,
Riverside,CYPRESS,2024,11,100,,,
Riverside,EL CAJON,2018,16,94,63,75,81
Riverside,EL CAJON,2020,12,100,75,83,100
Riverside,FREMONT,2016,10,80,80,80,80
Riverside,FREMONT,2018,17,88,71,88,88
Riverside,FREMONT,2019,14,86,64,79,79
Riverside,FREMONT,2020,15,93,53,93,93
Riverside,FREMONT,2021,20,95,60,100,100
Riverside,FULLERTON,1999,10,100,40,70,80
Riverside,FULLERTON,2001,12,100,42,67,83
Riverside,FULLERTON,2002,13,85,46,69,77
Riverside,FULLERTON,2003,16,81,56,75,88
Riverside,FULLERTON,2004,16,88,56,75,81
Riverside,FULLERTON,2005,16,81,44,75,81
Riverside,FULLERTON,2006,12,83,50,67,92
Riverside,FULLERTON,2008,14,79,57,79,79
Riverside,FULLERTON,2009,10,80,40,70,80
Riverside,FULLERTON,2010,23,74,43,65,70
Riverside,FULLERTON,2011,24,92,50,75,79
Riverside,FULLERTON,2012,25,80,48,64,72
Riverside,FULLERTON,2013,12,92,50,75,83
Riverside,FULLERTON,2014,12,100,75,100,100
Riverside,FULLERTON,2015,12,83,33,83,83
Riverside,FULLERTON,2016,13,92,62,77,77
Riverside,FULLERTON,2017,23,87,43,70,74
Riverside,FULLERTON,2018,37,95,73,86,86
Riverside,FULLERTON,2019,31,94,58,71,74
Riverside,FULLERTON,2020,38,87,55,74,82
Riverside,FULLERTON,2021,36,92,61,83,89
Riverside,FULLERTON,2022,13,92,62,69,
Riverside,FULLERTON,2023,11,91,55,,
Riverside,FULLERTON,2024,12,92,,,
Riverside,GLENDALE,2000,11,91,36,55,64
Riverside,GLENDALE,2004,13,77,54,62,69
Riverside,GLENDALE,2006,12,100,50,83,83
Riverside,GLENDALE,2007,10,90,60,80,80
Riverside,GLENDALE,2010,20,100,45,80,90
Riverside,GLENDALE,2011,33,94,76,91,97
Riverside,GLENDALE,2012,20,95,40,80,80
Riverside,GLENDALE,2013,31,100,71,94,97
Riverside,GLENDALE,2014,16,100,38,81,88
Riverside,GLENDALE,2015,27,89,63,81,85
Riverside,GLENDALE,2016,13,100,38,54,69
Riverside,GLENDALE,2017,13,77,54,69,85
Riverside,GLENDALE,2018,24,92,63,83,83
Riverside,GLENDALE,2019,21,95,67,86,95
Riverside,GLENDALE,2020,11,91,55,91,91
Riverside,GLENDALE,2021,30,97,70,83,87
Riverside,GLENDALE,2022,14,100,57,79,
Riverside,GLENDALE,2024,13,92,,,
Riverside,GLENDORA,2000,13,69,23,54,54
Riverside,GLENDORA,2002,10,100,70,70,80
Riverside,GLENDORA,2003,11,91,45,73,82
Riverside,GLENDORA,2004,21,86,62,86,90
Riverside,GLENDORA,2005,12,92,50,67,67
Riverside,GLENDORA,2007,15,93,33,67,73
Riverside,GLENDORA,2009,13,77,46,62,77
Riverside,GLENDORA,2010,16,94,50,81,88
Riverside,GLENDORA,2011,33,85,58,79,82
Riverside,GLENDORA,2012,23,96,52,83,83
Riverside,GLENDORA,2013,22,100,45,86,95
Riverside,GLENDORA,2014,20,95,65,90,90
Riverside,GLENDORA,2015,20,100,75,95,95
Riverside,GLENDORA,2016,19,100,58,84,100
Riverside,GLENDORA,2017,21,86,62,67,71
Riverside,GLENDORA,2018,32,94,63,84,88
Riverside,GLENDORA,2019,36,92,61,81,86
Riverside,GLENDORA,2020,36,86,50,78,83
Riverside,GLENDORA,2021,32,94,53,88,91
Riverside,GLENDORA,2022,14,57,43,57,
Riverside,GLENDORA,2023,16,94,63,,
Riverside,GLENDORA,2024,14,86,,,
Riverside,HAYWARD,2018,13,85,69,92,92
Riverside,HUNTINGTON BEACH,2020,10,80,70,70,80
Riverside,HUNTINGTON BEACH,2021,14,100,71,79,86
Riverside,IMPERIAL,2019,13,92,54,62,85
Riverside,IMPERIAL,2021,10,90,70,100,100
Riverside,IRVINE,2009,10,80,40,70,70
Riverside,IRVINE,2010,19,79,47,63,74
Riverside,IRVINE,2011,24,88,46,75,79
Riverside,IRVINE,2012,11,91,55,73,73
Riverside,IRVINE,2013,19,95,58,74,79
Riverside,IRVINE,2014,22,82,59,68,73
Riverside,IRVINE,2015,22,86,73,82,82
Riverside,IRVINE,2016,23,96,65,87,87
Riverside,IRVINE,2017,30,90,70,90,90
Riverside,IRVINE,2018,37,81,43,62,62
Riverside,IRVINE,2019,38,89,71,84,87
Riverside,IRVINE,2020,65,88,66,85,85
Riverside,IRVINE,2021,48,92,50,81,81
Riverside,IRVINE,2022,37,92,51,84,
Riverside,IRVINE,2023,28,93,50,,
Riverside,IRVINE,2024,31,90,,,
Riverside,LANCASTER,2014,11,100,55,91,91
Riverside,LANCASTER,2015,11,100,55,82,82
Riverside,LANCASTER,2019,13,85,54,69,77
Riverside,LANCASTER,2020,19,89,47,74,89
Riverside,LANCASTER,2022,15,93,67,80,
Riverside,LIVERMORE,2020,15,80,53,60,67
Riverside,LIVERMORE,2021,13,92,54,69,77
Riverside,LONG BEACH,2011,11,91,36,64,82
Riverside,LONG BEACH,2013,14,100,64,86,93
Riverside,LONG BEACH,2016,10,70,40,50,50
Riverside,LONG BEACH,2018,23,87,57,74,74
Riverside,LONG BEACH,2019,11,100,64,82,82
Riverside,LONG BEACH,2020,18,72,33,56,67
Riverside,LONG BEACH,2022,10,80,60,70,
Riverside,LONG BEACH,2024,10,80,,,
Riverside,LOS ALTOS HILLS,2013,13,85,54,77,77
Riverside,LOS ALTOS HILLS,2015,12,83,33,67,67
Riverside,LOS ALTOS HILLS,2017,19,79,21,63,68
Riverside,LOS ALTOS HILLS,2018,21,95,57,86,95
Riverside,LOS ALTOS HILLS,2019,11,100,64,100,100
Riverside,LOS ALTOS HILLS,2020,10,90,50,90,90
Riverside,LOS ALTOS HILLS,2021,14,100,57,93,93
Riverside,LOS ANGELES,2014,16,94,69,75,75
Riverside,LOS ANGELES,2015,12,83,33,67,75
Riverside,LOS ANGELES,2016,11,82,55,82,91
Riverside,LOS ANGELES,2020,13,100,69,92,92
Riverside,LOS ANGELES,2022,11,91,55,73,
Riverside,MISSION VIEJO,2006,10,70,20,60,70
Riverside,MISSION VIEJO,2009,15,80,40,53,60
Riverside,MISSION VIEJO,2011,14,79,50,71,86
Riverside,MISSION VIEJO,2012,13,85,46,77,85
Riverside,MISSION VIEJO,2013,17,88,65,76,82
Riverside,MISSION VIEJO,2014,16,100,44,69,75
Riverside,MISSION VIEJO,2017,12,75,75,83,83
Riverside,MISSION VIEJO,2018,22,86,50,77,91
Riverside,MISSION VIEJO,2019,14,100,43,86,93
Riverside,MISSION VIEJO,2020,23,91,43,78,87
Riverside,MISSION VIEJO,2021,34,91,59,88,88
Riverside,MISSION VIEJO,2022,17,100,71,88,
Riverside,MISSION VIEJO,2023,16,88,69,,
Riverside,MISSION VIEJO,2024,16,88,,,
Riverside,MONTEREY PARK,2001,11,73,45,55,55
Riverside,MONTEREY PARK,2002,17,71,47,65,71
Riverside,MONTEREY PARK,2003,22,100,41,77,86
Riverside,MONTEREY PARK,2004,16,94,31,56,75
Riverside,MONTEREY PARK,2005,13,92,46,77,77
Riverside,MONTEREY PARK,2006,21,81,57,62,71
Riverside,MONTEREY PARK,2007,17,76,41,71,71
Riverside,MONTEREY PARK,2008,23,78,39,57,57
Riverside,MONTEREY PARK,2009,14,100,71,71,79
Riverside,MONTEREY PARK,2010,25,84,56,72,76
Riverside,MONTEREY PARK,2011,27,85,44,74,85
Riverside,MONTEREY PARK,2012,37,92,68,84,89
Riverside,MONTEREY PARK,2013,28,93,82,89,93
Riverside,MONTEREY PARK,2014,36,94,61,83,83
Riverside,MONTEREY PARK,2015,47,87,62,81,81
Riverside,MONTEREY PARK,2016,28,93,71,89,93
Riverside,MONTEREY PARK,2017,27,93,44,78,81
Riverside,MONTEREY PARK,2018,45,84,60,80,84
Riverside,MONTEREY PARK,2019,46,91,61,80,83
Riverside,MONTEREY PARK,2020,35,86,54,69,74
Riverside,MONTEREY PARK,2021,38,92,66,89,89
Riverside,MONTEREY PARK,2022,18,100,67,94,
Riverside,MONTEREY PARK,2023,12,83,75,,
Riverside,MONTEREY PARK,2024,12,83,,,
Riverside,MOORPARK,2011,17,94,82,82,82
Riverside,MOORPARK,2012,11,100,55,73,82
Riverside,MOORPARK,2014,10,80,70,80,80
Riverside,MOORPARK,2018,16,94,75,94,94
Riverside,MOORPARK,2020,12,100,50,83,92
Riverside,MOORPARK,2021,19,89,47,84,95
Riverside,MOORPARK,2022,11,82,36,64,
Riverside,MOORPARK,2024,13,69,,,
Riverside,MORENO VALLEY,2012,23,96,48,65,78
Riverside,MORENO VALLEY,2013,13,92,54,77,85
Riverside,MORENO VALLEY,2014,26,92,69,85,88
Riverside,MORENO VALLEY,2015,36,97,69,89,92
Riverside,MORENO VALLEY,2016,59,88,61,75,80
Riverside,MORENO VALLEY,2017,45,93,64,91,96
Riverside,MORENO VALLEY,2018,76,86,55,78,80
Riverside,MORENO VALLEY,2019,55,89,65,76,80
Riverside,MORENO VALLEY,2020,83,89,57,78,81
Riverside,MORENO VALLEY,2021,52,83,52,77,79
Riverside,MORENO VALLEY,2022,67,96,57,81,
Riverside,MORENO VALLEY,2023,51,92,73,,
Riverside,MORENO VALLEY,2024,47,98,,,
Riverside,NORCO,2012,27,93,44,85,89
Riverside,NORCO,2013,21,86,48,67,81
Riverside,NORCO,2014,33,94,64,85,91
Riverside,NORCO,2015,37,97,68,95,97
Riverside,NORCO,2016,51,96,65,78,84
Riverside,NORCO,2017,55,95,71,93,95
Riverside,NORCO,2018,67,90,66,85,90
Riverside,NORCO,2019,72,99,51,82,85
Riverside,NORCO,2020,74,86,53,70,80
Riverside,NORCO,2021,94,87,61,84,85
Riverside,NORCO,2022,63,83,59,75,
Riverside,NORCO,2023,61,92,57,,
Riverside,NORCO,2024,82,85,,,
Riverside,NORWALK,2002,12,92,25,42,50
Riverside,NORWALK,2004,15,93,47,67,73
Riverside,NORWALK,2005,13,85,46,62,62
Riverside,NORWALK,2006,14,93,50,71,79
Riverside,NORWALK,2007,13,77,54,77,77
Riverside,NORWALK,2008,10,70,40,60,60
Riverside,NORWALK,2009,12,58,33,50,58
Riverside,NORWALK,2010,18,89,39,67,72
Riverside,NORWALK,2011,24,88,54,79,79
Riverside,NORWALK,2012,19,84,58,74,74
Riverside,NORWALK,2013,23,87,61,78,87
Riverside,NORWALK,2014,11,91,64,82,91
Riverside,NORWALK,2015,13,85,54,62,77
Riverside,NORWALK,2016,13,92,62,69,69
Riverside,NORWALK,2017,12,83,67,100,100
Riverside,NORWALK,2018,19,95,79,95,95
Riverside,NORWALK,2019,21,90,52,67,76
Riverside,NORWALK,2020,19,84,47,79,79
Riverside,NORWALK,2021,18,89,56,89,89
Riverside,NORWALK,2022,14,93,57,71,
Riverside,NORWALK,2023,10,100,70,,
Riverside,NORWALK,2024,11,82,,,
Riverside,OCEANSIDE,2002,11,91,27,91,91
Riverside,OCEANSIDE,2010,10,90,50,80,80
Riverside,OCEANSIDE,2011,10,90,30,60,70
Riverside,OCEANSIDE,2013,14,100,79,86,86
Riverside,OCEANSIDE,2015,13,85,38,77,77
Riverside,OCEANSIDE,2016,11,91,45,64,82
Riverside,OCEANSIDE,2017,15,100,73,100,100
Riverside,OCEANSIDE,2018,19,95,53,74,79
Riverside,OCEANSIDE,2019,33,94,55,73,79
Riverside,OCEANSIDE,2020,20,70,45,60,65
Riverside,OCEANSIDE,2022,17,94,47,82,
Riverside,ORANGE,2012,10,90,40,80,80
Riverside,ORANGE,2015,10,100,60,80,80
Riverside,ORANGE,2017,10,100,70,70,80
Riverside,ORANGE,2018,15,100,67,80,87
Riverside,ORANGE,2019,20,100,75,90,95
Riverside,ORANGE,2020,23,87,57,87,87
Riverside,ORANGE,2021,27,93,59,78,78
Riverside,ORANGE,2022,17,100,76,94,
Riverside,ORANGE,2024,16,94,,,
Riverside,PALM DESERT,1999,15,100,40,73,80
Riverside,PALM DESERT,2000,25,88,36,76,80
Riverside,PALM DESERT,2001,24,96,42,67,83
Riverside,PALM DESERT,2002,19,89,26,79,79
Riverside,PALM DESERT,2003,28,86,39,68,71
Riverside,PALM DESERT,2004,24,92,46,79,79
Riverside,PALM DESERT,2005,13,77,31,54,62
Riverside,PALM DESERT,2006,12,67,33,58,58
Riverside,PALM DESERT,2007,15,80,20,67,73
Riverside,PALM DESERT,2008,20,90,30,75,80
Riverside,PALM DESERT,2009,10,90,50,80,80
Riverside,PALM DESERT,2010,22,100,59,95,95
Riverside,PALM DESERT,2011,21,95,48,76,76
Riverside,PALM DESERT,2012,19,89,47,89,95
Riverside,PALM DESERT,2013,12,92,50,75,83
Riverside,PALM DESERT,2014,22,91,55,82,82
Riverside,PALM DESERT,2015,23,87,48,70,78
Riverside,PALM DESERT,2016,16,94,63,94,94
Riverside,PALM DESERT,2017,19,74,42,68,74
Riverside,PALM DESERT,2018,38,95,37,79,82
Riverside,PALM DESERT,2019,37,100,76,95,100
Riverside,PALM DESERT,2020,42,90,60,81,83
Riverside,PALM DESERT,2021,40,85,50,65,73
Riverside,PALM DESERT,2022,27,96,56,81,
Riverside,PALM DESERT,2023,32,91,69,,
Riverside,PALM DESERT,2024,37,100,,,
Riverside,PASADENA,1999,25,92,40,72,80
Riverside,PASADENA,2000,37,89,49,70,73
Riverside,PASADENA,2001,28,96,39,68,79
Riverside,PASADENA,2002,42,93,55,74,76
Riverside,PASADENA,2003,39,92,49,77,79
Riverside,PASADENA,2004,38,92,66,89,95
Riverside,PASADENA,2005,31,90,52,81,84
Riverside,PASADENA,2006,56,84,59,75,77
Riverside,PASADENA,2007,40,83,55,78,78
Riverside,PASADENA,2008,44,84,48,73,75
Riverside,PASADENA,2009,47,83,55,79,87
Riverside,PASADENA,2010,75,85,64,83,85
Riverside,PASADENA,2011,86,95,69,90,92
Riverside,PASADENA,2012,79,94,65,85,86
Riverside,PASADENA,2013,64,92,63,88,92
Riverside,PASADENA,2014,60,98,73,93,95
Riverside,PASADENA,2015,70,97,59,81,87
Riverside,PASADENA,2016,44,93,64,84,89
Riverside,PASADENA,2017,73,86,64,81,88
Riverside,PASADENA,2018,82,88,59,85,88
Riverside,PASADENA,2019,91,96,56,87,91
Riverside,PASADENA,2020,85,93,49,79,84
Riverside,PASADENA,2021,131,92,66,86,89
Riverside,PASADENA,2022,58,95,57,84,
Riverside,PASADENA,2023,53,89,64,,
Riverside,PASADENA,2024,60,87,,,
Riverside,PITTSBURG,2021,10,90,70,70,70
Riverside,PLEASANT HILL,1999,11,91,36,64,73
Riverside,PLEASANT HILL,2002,13,100,54,69,85
Riverside,PLEASANT HILL,2003,11,91,73,91,91
Riverside,PLEASANT HILL,2005,10,80,30,70,80
Riverside,PLEASANT HILL,2010,12,67,58,67,75
Riverside,PLEASANT HILL,2012,17,88,53,76,82
Riverside,PLEASANT HILL,2013,15,100,60,80,87
Riverside,PLEASANT HILL,2014,14,100,57,86,86
Riverside,PLEASANT HILL,2015,14,86,43,71,79
Riverside,PLEASANT HILL,2016,10,80,50,70,80
Riverside,PLEASANT HILL,2017,12,83,50,75,75
Riverside,PLEASANT HILL,2018,17,100,65,82,88
Riverside,PLEASANT HILL,2019,18,89,44,72,78
Riverside,PLEASANT HILL,2020,24,100,58,83,92
Riverside,PLEASANT HILL,2021,25,96,56,84,88
Riverside,PLEASANT HILL,2022,23,96,65,87,
Riverside,PLEASANT HILL,2023,15,93,67,,
Riverside,RANCHO CUCAMONGA,1999,33,85,48,73,76
Riverside,RANCHO CUCAMONGA,2000,45,87,27,53,76
Riverside,RANCHO CUCAMONGA,2001,30,80,40,47,53
Riverside,RANCHO CUCAMONGA,2002,33,91,61,85,91
Riverside,RANCHO CUCAMONGA,2003,37,78,38,59,65
Riverside,RANCHO CUCAMONGA,2004,46,89,52,78,85
Riverside,RANCHO CUCAMONGA,2005,47,85,38,62,66
Riverside,RANCHO CUCAMONGA,2006,37,86,62,78,89
Riverside,RANCHO CUCAMONGA,2007,35,89,63,74,80
Riverside,RANCHO CUCAMONGA,2008,47,85,45,77,77
Riverside,RANCHO CUCAMONGA,2009,27,93,52,74,85
Riverside,RANCHO CUCAMONGA,2010,47,91,55,81,91
Riverside,RANCHO CUCAMONGA,2011,54,96,52,83,89
Riverside,RANCHO CUCAMONGA,2012,43,100,42,81,88
Riverside,RANCHO CUCAMONGA,2013,54,94,59,81,83
Riverside,RANCHO CUCAMONGA,2014,45,96,69,89,93
Riverside,RANCHO CUCAMONGA,2015,45,93,67,84,87
Riverside,RANCHO CUCAMONGA,2016,55,91,60,84,85
Riverside,RANCHO CUCAMONGA,2017,62,87,53,76,81
Riverside,RANCHO CUCAMONGA,2018,79,94,70,85,89
Riverside,RANCHO CUCAMONGA,2019,72,93,68,86,92
Riverside,RANCHO CUCAMONGA,2020,71,92,62,80,85
Riverside,RANCHO CUCAMONGA,2021,74,88,59,78,81
Riverside,RANCHO CUCAMONGA,2022,58,86,69,79,
Riverside,RANCHO CUCAMONGA,2023,53,87,74,,
Riverside,RANCHO CUCAMONGA,2024,47,96,,,
Riverside,RIVERSIDE,1999,83,87,58,80,82
Riverside,RIVERSIDE,2000,148,91,49,72,81
Riverside,RIVERSIDE,2001,135,90,40,62,72
Riverside,RIVERSIDE,2002,177,93,51,76,81
Riverside,RIVERSIDE,2003,157,87,45,75,81
Riverside,RIVERSIDE,2004,159,90,47,70,79
Riverside,RIVERSIDE,2005,209,89,47,78,84
Riverside,RIVERSIDE,2006,189,87,49,71,77
Riverside,RIVERSIDE,2007,191,91,46,74,78
Riverside,RIVERSIDE,2008,169,91,53,80,88
Riverside,RIVERSIDE,2009,205,88,47,75,82
Riverside,RIVERSIDE,2010,191,92,57,78,83
Riverside,RIVERSIDE,2011,212,94,53,81,88
Riverside,RIVERSIDE,2012,161,93,56,79,85
Riverside,RIVERSIDE,2013,179,94,60,85,89
Riverside,RIVERSIDE,2014,144,93,58,85,91
Riverside,RIVERSIDE,2015,146,91,58,79,85
Riverside,RIVERSIDE,2016,180,93,67,87,89
Riverside,RIVERSIDE,2017,168,90,62,86,88
Riverside,RIVERSIDE,2018,227,89,60,81,84
Riverside,RIVERSIDE,2019,251,92,58,80,87
Riverside,RIVERSIDE,2020,286,92,52,78,84
Riverside,RIVERSIDE,2021,206,85,57,77,82
Riverside,RIVERSIDE,2022,180,93,62,85,
Riverside,RIVERSIDE,2023,198,95,70,,
Riverside,RIVERSIDE,2024,182,95,,,
Riverside,ROCKLIN,2019,10,80,40,80,80
Riverside,SACRAMENTO,2013,10,90,60,90,90
Riverside,SACRAMENTO,2019,12,92,67,83,83
Riverside,SACRAMENTO,2021,10,100,90,100,100
Riverside,SAN BERNARDINO,1999,21,86,29,67,71
Riverside,SAN BERNARDINO,2000,21,71,19,48,67
Riverside,SAN BERNARDINO,2001,28,79,25,57,64
Riverside,SAN BERNARDINO,2002,17,82,18,53,59
Riverside,SAN BERNARDINO,2003,15,87,47,73,80
Riverside,SAN BERNARDINO,2004,12,92,58,75,83
Riverside,SAN BERNARDINO,2005,23,87,39,74,83
Riverside,SAN BERNARDINO,2006,14,86,50,79,79
Riverside,SAN BERNARDINO,2007,18,72,28,56,61
Riverside,SAN BERNARDINO,2008,12,75,33,42,58
Riverside,SAN BERNARDINO,2009,15,53,7,33,40
Riverside,SAN BERNARDINO,2010,24,75,33,63,67
Riverside,SAN BERNARDINO,2011,19,95,47,79,84
Riverside,SAN BERNARDINO,2012,16,94,31,63,63
Riverside,SAN BERNARDINO,2013,31,84,48,87,90
Riverside,SAN BERNARDINO,2014,19,95,37,84,84
Riverside,SAN BERNARDINO,2015,26,85,46,73,73
Riverside,SAN BERNARDINO,2016,40,95,50,85,90
Riverside,SAN BERNARDINO,2017,32,88,31,69,78
Riverside,SAN BERNARDINO,2018,48,81,58,71,77
Riverside,SAN BERNARDINO,2019,41,85,41,68,71
Riverside,SAN BERNARDINO,2020,41,78,49,63,73
Riverside,SAN BERNARDINO,2021,44,95,52,82,84
Riverside,SAN BERNARDINO,2022,29,90,52,76,
Riverside,SAN BERNARDINO,2023,24,96,79,,
Riverside,SAN BERNARDINO,2024,23,91,,,
Riverside,SAN DIEGO,2014,12,100,58,100,100
Riverside,SAN DIEGO,2017,23,83,43,83,87
Riverside,SAN DIEGO,2018,10,100,40,80,80
Riverside,SAN DIEGO,2018,17,88,47,65,76
Riverside,SAN DIEGO,2018,14,86,29,64,71
Riverside,SAN DIEGO,2019,19,89,47,79,79
Riverside,SAN DIEGO,2020,15,87,47,60,60
Riverside,SAN DIEGO,2020,14,100,79,86,93
Riverside,SAN DIEGO,2020,19,89,58,79,84
Riverside,SAN DIEGO,2021,16,88,25,69,75
Riverside,SAN DIEGO,2021,25,92,56,72,84
Riverside,SAN DIEGO,2022,15,87,47,80,
Riverside,SAN DIEGO,2022,11,100,45,82,
Riverside,SAN DIEGO,2023,10,100,50,,
Riverside,SAN DIEGO,2024,11,82,,,
Riverside,SAN FRANCISCO,2011,16,100,81,94,100
Riverside,SAN FRANCISCO,2014,12,100,75,100,100
Riverside,SAN FRANCISCO,2018,10,90,60,80,80
Riverside,SAN FRANCISCO,2019,10,100,70,100,100
Riverside,SAN FRANCISCO,2020,10,100,90,100,100
Riverside,SAN FRANCISCO,2021,16,94,81,88,88
Riverside,SAN FRANCISCO,2022,17,94,71,100,
Riverside,SAN JACINTO,1999,37,70,43,57,68
Riverside,SAN JACINTO,2000,40,83,35,55,65
Riverside,SAN JACINTO,2001,44,91,50,73,75
Riverside,SAN JACINTO,2002,33,79,45,58,67
Riverside,SAN JACINTO,2003,48,85,52,71,79
Riverside,SAN JACINTO,2004,38,84,47,68,74
Riverside,SAN JACINTO,2005,45,87,53,71,80
Riverside,SAN JACINTO,2006,52,81,33,63,69
Riverside,SAN JACINTO,2007,44,86,43,80,89
Riverside,SAN JACINTO,2008,48,79,35,67,71
Riverside,SAN JACINTO,2009,60,88,45,80,83
Riverside,SAN JACINTO,2010,61,79,38,67,80
Riverside,SAN JACINTO,2011,55,89,42,65,67
Riverside,SAN JACINTO,2012,70,87,47,76,80
Riverside,SAN JACINTO,2013,73,96,71,86,89
Riverside,SAN JACINTO,2014,59,92,49,83,86
Riverside,SAN JACINTO,2015,73,89,55,82,85
Riverside,SAN JACINTO,2016,95,89,57,79,85
Riverside,SAN JACINTO,2017,104,88,60,83,88
Riverside,SAN JACINTO,2018,109,90,56,79,83
Riverside,SAN JACINTO,2019,128,88,55,79,82
Riverside,SAN JACINTO,2020,141,87,48,70,77
Riverside,SAN JACINTO,2021,114,82,55,73,75
Riverside,SAN JACINTO,2022,99,90,69,78,
Riverside,SAN JACINTO,2023,98,90,70,,
Riverside,SAN JACINTO,2024,97,90,,,
Riverside,SAN MARCOS,1999,12,75,25,58,58
Riverside,SAN MARCOS,2001,12,92,33,67,83
Riverside,SAN MARCOS,2002,15,87,60,80,80
Riverside,SAN MARCOS,2003,17,94,53,76,76
Riverside,SAN MARCOS,2004,11,82,55,73,73
Riverside,SAN MARCOS,2005,11,82,64,82,82
Riverside,SAN MARCOS,2009,14,93,50,71,86
Riverside,SAN MARCOS,2010,22,82,59,73,86
Riverside,SAN MARCOS,2011,17,88,71,82,88
Riverside,SAN MARCOS,2012,23,96,52,83,83
Riverside,SAN MARCOS,2013,15,67,47,67,80
Riverside,SAN MARCOS,2014,14,86,79,93,93
Riverside,SAN MARCOS,2015,12,100,75,100,100
Riverside,SAN MARCOS,2016,19,84,58,79,84
Riverside,SAN MARCOS,2017,20,95,65,85,90
Riverside,SAN MARCOS,2018,29,97,69,90,90
Riverside,SAN MARCOS,2019,35,94,57,91,94
Riverside,SAN MARCOS,2020,16,75,25,63,75
Riverside,SAN MARCOS,2021,23,87,48,87,87
Riverside,SAN MARCOS,2022,17,94,59,88,
Riverside,SAN MARCOS,2024,10,90,,,
Riverside,SAN MATEO,2002,11,100,64,82,91
Riverside,SAN MATEO,2019,13,92,85,92,92
Riverside,SAN MATEO,2020,11,100,73,100,100
Riverside,SAN MATEO,2021,12,100,75,100,100
Riverside,SAN MATEO,2022,10,100,60,100,
Riverside,SANTA ANA,1999,12,67,17,42,42
Riverside,SANTA ANA,2000,10,90,10,80,90
Riverside,SANTA ANA,2001,10,80,20,50,70
Riverside,SANTA ANA,2003,10,80,40,80,80
Riverside,SANTA ANA,2004,11,82,55,64,64
Riverside,SANTA ANA,2005,13,85,46,62,69
Riverside,SANTA ANA,2010,14,71,43,71,71
Riverside,SANTA ANA,2011,15,93,73,87,93
Riverside,SANTA ANA,2013,10,100,60,90,90
Riverside,SANTA ANA,2017,16,94,50,81,81
Riverside,SANTA ANA,2018,13,77,54,69,77
Riverside,SANTA ANA,2019,18,89,44,83,89
Riverside,SANTA ANA,2020,19,89,37,84,84
Riverside,SANTA ANA,2021,14,100,50,79,93
Riverside,SANTA BARBARA,2010,11,91,45,73,73
Riverside,SANTA BARBARA,2012,10,100,60,70,70
Riverside,SANTA BARBARA,2014,20,95,85,90,95
Riverside,SANTA BARBARA,2015,14,100,71,86,86
Riverside,SANTA BARBARA,2018,10,90,60,90,90
Riverside,SANTA BARBARA,2019,25,88,48,64,72
Riverside,SANTA BARBARA,2020,20,75,45,70,75
Riverside,SANTA BARBARA,2021,18,83,61,83,83
Riverside,SANTA BARBARA,2022,16,81,63,81,
Riverside,SANTA MONICA,1999,14,100,36,64,86
Riverside,SANTA MONICA,2000,15,73,40,47,60
Riverside,SANTA MONICA,2001,28,82,29,46,64
Riverside,SANTA MONICA,2002,22,73,32,73,77
Riverside,SANTA MONICA,2003,25,88,48,92,92
Riverside,SANTA MONICA,2004,35,91,60,86,89
Riverside,SANTA MONICA,2005,30,80,53,63,67
Riverside,SANTA MONICA,2006,19,95,79,89,89
Riverside,SANTA MONICA,2007,31,90,55,74,84
Riverside,SANTA MONICA,2008,25,64,40,56,56
Riverside,SANTA MONICA,2009,34,88,41,74,79
Riverside,SANTA MONICA,2010,40,95,65,88,90
Riverside,SANTA MONICA,2011,60,85,58,77,78
Riverside,SANTA MONICA,2012,44,84,45,75,82
Riverside,SANTA MONICA,2013,51,96,67,92,94
Riverside,SANTA MONICA,2014,57,95,65,84,89
Riverside,SANTA MONICA,2015,60,93,52,77,83
Riverside,SANTA MONICA,2016,38,87,68,84,84
Riverside,SANTA MONICA,2017,48,88,44,71,75
Riverside,SANTA MONICA,2018,72,90,61,79,81
Riverside,SANTA MONICA,2019,72,93,63,83,86
Riverside,SANTA MONICA,2020,60,85,57,77,82
Riverside,SANTA MONICA,2021,80,95,66,84,89
Riverside,SANTA MONICA,2022,57,84,58,79,
Riverside,SANTA MONICA,2023,24,88,79,,
Riverside,SANTA MONICA,2024,23,91,,,
Riverside,SANTA ROSA,2021,10,100,70,90,90
Riverside,TORRANCE,2001,16,88,38,56,81
Riverside,TORRANCE,2003,13,92,69,85,85
Riverside,TORRANCE,2004,11,100,73,91,100
Riverside,TORRANCE,2005,18,72,28,67,78
Riverside,TORRANCE,2006,10,50,30,50,50
Riverside,TORRANCE,2007,12,83,50,67,75
Riverside,TORRANCE,2008,10,70,30,50,60
Riverside,TORRANCE,2009,16,88,25,56,63
Riverside,TORRANCE,2010,30,63,27,60,60
Riverside,TORRANCE,2011,19,95,58,84,84
Riverside,TORRANCE,2012,23,91,57,74,74
Riverside,TORRANCE,2013,25,96,76,88,88
Riverside,TORRANCE,2014,23,96,78,87,91
Riverside,TORRANCE,2015,31,90,55,81,84
Riverside,TORRANCE,2016,21,86,67,81,90
Riverside,TORRANCE,2017,23,91,61,83,91
Riverside,TORRANCE,2018,30,93,50,80,87
Riverside,TORRANCE,2019,35,91,54,80,83
Riverside,TORRANCE,2020,50,96,54,80,88
Riverside,TORRANCE,2021,52,94,73,88,92
Riverside,TORRANCE,2022,26,96,65,85,
Riverside,TORRANCE,2023,22,95,73,,
Riverside,TORRANCE,2024,18,94,,,
Riverside,VALENCIA,2010,10,100,80,100,100
Riverside,VALENCIA,2015,11,91,45,73,73
Riverside,VALENCIA,2017,10,40,40,40,50
Riverside,VALENCIA,2018,16,88,56,88,88
Riverside,VALENCIA,2019,11,91,64,100,100
Riverside,VALENCIA,2020,15,87,33,93,93
Riverside,VALENCIA,2021,16,100,69,88,88
Riverside,VALENCIA,2022,15,100,67,100,
Riverside,VALENCIA,2024,13,100,,,
Riverside,VAN NUYS,2011,10,100,70,90,90
Riverside,VAN NUYS,2014,13,100,77,100,100
Riverside,VAN NUYS,2015,12,75,42,67,67
Riverside,VAN NUYS,2018,12,92,75,92,100
Riverside,VAN NUYS,2020,17,88,71,82,88
Riverside,VAN NUYS,2021,10,90,80,90,90
Riverside,VAN NUYS,2023,10,70,50,,
Riverside,VICTORVILLE,1999,17,71,41,65,65
Riverside,VICTORVILLE,2000,16,69,50,63,63
Riverside,VICTORVILLE,2001,12,92,33,58,75
Riverside,VICTORVILLE,2002,18,89,50,72,78
Riverside,VICTORVILLE,2003,18,83,22,67,72
Riverside,VICTORVILLE,2004,10,80,40,80,80
Riverside,VICTORVILLE,2005,14,86,36,79,86
Riverside,VICTORVILLE,2007,16,88,25,63,75
Riverside,VICTORVILLE,2008,17,71,35,65,71
Riverside,VICTORVILLE,2009,19,84,26,68,74
Riverside,VICTORVILLE,2010,13,100,69,85,92
Riverside,VICTORVILLE,2011,19,95,63,89,89
Riverside,VICTORVILLE,2012,25,84,36,76,80
Riverside,VICTORVILLE,2013,22,91,45,73,77
Riverside,VICTORVILLE,2014,12,92,50,75,83
Riverside,VICTORVILLE,2015,18,83,44,72,72
Riverside,VICTORVILLE,2016,22,82,59,91,91
Riverside,VICTORVILLE,2017,17,71,41,65,65
Riverside,VICTORVILLE,2018,20,95,50,65,65
Riverside,VICTORVILLE,2019,37,92,59,86,86
Riverside,VICTORVILLE,2020,35,77,49,60,69
Riverside,VICTORVILLE,2021,28,93,54,71,75
Riverside,VICTORVILLE,2022,13,100,62,77,
Riverside,VICTORVILLE,2023,23,83,52,,
Riverside,VICTORVILLE,2024,29,83,,,
Riverside,WALNUT,1999,25,88,36,76,76
Riverside,WALNUT,2000,26,96,42,73,81
Riverside,WALNUT,2001,39,90,54,64,77
Riverside,WALNUT,2002,43,86,49,70,81
Riverside,WALNUT,2003,47,89,57,68,70
Riverside,WALNUT,2004,52,90,63,79,85
Riverside,WALNUT,2005,43,86,51,74,77
Riverside,WALNUT,2006,33,97,52,79,85
Riverside,WALNUT,2007,32,75,44,66,69
Riverside,WALNUT,2008,33,91,55,79,85
Riverside,WALNUT,2009,40,90,50,73,75
Riverside,WALNUT,2010,64,89,56,81,83
Riverside,WALNUT,2011,91,93,60,81,86
Riverside,WALNUT,2012,72,94,56,83,90
Riverside,WALNUT,2013,65,88,62,83,85
Riverside,WALNUT,2014,54,96,72,83,89
Riverside,WALNUT,2015,45,84,51,73,76
Riverside,WALNUT,2016,56,88,57,77,77
Riverside,WALNUT,2017,65,86,58,78,80
Riverside,WALNUT,2018,91,89,62,86,90
Riverside,WALNUT,2019,81,94,67,77,84
Riverside,WALNUT,2020,92,87,51,75,76
Riverside,WALNUT,2021,93,90,59,84,89
Riverside,WALNUT,2022,71,87,62,77,
Riverside,WALNUT,2023,41,90,51,,
Riverside,WALNUT,2024,56,95,,,
Riverside,WHITTIER,2001,10,80,40,60,80
Riverside,WHITTIER,2004,14,93,50,86,86
Riverside,WHITTIER,2005,15,73,33,73,80
Riverside,WHITTIER,2007,11,36,9,18,18
Riverside,WHITTIER,2008,11,82,45,55,73
Riverside,WHITTIER,2009,12,92,67,92,92
Riverside,WHITTIER,2011,11,100,64,82,100
Riverside,WHITTIER,2012,13,92,62,85,85
Riverside,WHITTIER,2014,13,85,69,77,77
Riverside,WHITTIER,2017,12,83,50,83,83
Riverside,WHITTIER,2018,23,91,61,91,91
Riverside,WHITTIER,2019,17,88,53,76,76
Riverside,WHITTIER,2020,17,88,53,76,82
Riverside,WHITTIER,2021,14,93,50,71,79
Riverside,WHITTIER,2023,11,91,64,,
Riverside,WILMINGTON,2020,11,91,73,82,82
Riverside,WOODLAND HILLS,2007,10,70,40,60,70
Riverside,WOODLAND HILLS,2008,10,80,60,70,90
Riverside,WOODLAND HILLS,2010,14,93,64,71,71
Riverside,WOODLAND HILLS,2011,16,94,69,88,100
Riverside,WOODLAND HILLS,2013,16,94,56,88,88
Riverside,WOODLAND HILLS,2014,10,90,80,90,90
Riverside,WOODLAND HILLS,2016,13,100,69,92,100
Riverside,WOODLAND HILLS,2017,11,91,64,91,91
Riverside,WOODLAND HILLS,2018,14,86,64,79,86
Riverside,WOODLAND HILLS,2019,21,95,71,86,90
Riverside,WOODLAND HILLS,2020,18,83,50,78,83
Riverside,WOODLAND HILLS,2021,26,96,69,81,88
Riverside,WOODLAND HILLS,2023,10,90,50,,
Riverside,WOODLAND HILLS,2024,10,100,,,
Riverside,YUCAIPA,1999,20,70,30,55,70
Riverside,YUCAIPA,2000,22,82,45,64,73
Riverside,YUCAIPA,2001,16,88,50,63,69
Riverside,YUCAIPA,2002,29,90,21,69,79
Riverside,YUCAIPA,2003,20,75,45,60,65
Riverside,YUCAIPA,2004,12,75,42,67,67
Riverside,YUCAIPA,2005,19,95,37,68,74
Riverside,YUCAIPA,2006,20,85,35,60,60
Riverside,YUCAIPA,2007,16,75,44,63,63
Riverside,YUCAIPA,2008,14,93,50,86,86
Riverside,YUCAIPA,2010,19,95,74,89,89
Riverside,YUCAIPA,2011,19,100,37,79,84
Riverside,YUCAIPA,2012,19,89,26,74,74
Riverside,YUCAIPA,2013,20,90,50,80,90
Riverside,YUCAIPA,2014,24,92,63,83,83
Riverside,YUCAIPA,2015,29,83,45,76,83
Riverside,YUCAIPA,2016,41,88,51,73,80
Riverside,YUCAIPA,2017,28,86,50,82,82
Riverside,YUCAIPA,2018,26,96,77,88,92
Riverside,YUCAIPA,2019,43,93,63,84,88
Riverside,YUCAIPA,2020,35,91,54,77,83
Riverside,YUCAIPA,2021,38,92,50,87,87
Riverside,YUCAIPA,2022,34,94,76,85,
Riverside,YUCAIPA,2023,32,97,75,,
Riverside,YUCAIPA,2024,32,97,,,
San Diego,ALAMEDA,2015,10,100,30,90,100
San Diego,ALAMEDA,2021,13,85,62,85,85
San Diego,ALAMEDA,2022,16,94,38,94,
San Diego,ALAMEDA,2023,17,94,71,,
San Diego,ALAMEDA,2024,27,100,,,
San Diego,APTOS,2007,11,100,55,82,82
San Diego,APTOS,2010,12,83,50,83,83
San Diego,APTOS,2011,11,91,45,55,73
San Diego,APTOS,2017,17,88,41,59,76
San Diego,APTOS,2018,13,85,38,85,85
San Diego,APTOS,2019,10,100,80,80,90
San Diego,APTOS,2020,13,85,62,85,92
San Diego,APTOS,2021,13,92,38,85,85
San Diego,APTOS,2022,11,91,64,73,
San Diego,APTOS,2023,10,100,70,,
San Diego,APTOS,2024,19,95,,,
San Diego,BAKERSFIELD,2001,11,82,45,73,82
San Diego,BAKERSFIELD,2019,15,80,53,73,73
San Diego,BAKERSFIELD,2023,12,100,75,,
San Diego,BAKERSFIELD,2024,14,100,,,
San Diego,BERKELEY,2012,12,100,25,58,75
San Diego,BERKELEY,2013,10,90,30,80,80
San Diego,BERKELEY,2015,21,81,38,62,71
San Diego,BERKELEY,2016,31,94,35,71,71
San Diego,BERKELEY,2017,20,95,75,95,100
San Diego,BERKELEY,2018,20,75,65,75,80
San Diego,BERKELEY,2019,29,90,41,79,83
San Diego,BERKELEY,2020,40,78,58,75,80
San Diego,BERKELEY,2021,25,88,56,68,72
San Diego,BERKELEY,2022,32,88,50,81,
San Diego,BERKELEY,2023,21,95,57,,
San Diego,BERKELEY,2024,25,92,,,
San Diego,CHULA VISTA,1999,32,91,38,63,72
San Diego,CHULA VISTA,2000,49,94,31,67,76
San Diego,CHULA VISTA,2001,46,91,33,57,78
San Diego,CHULA VISTA,2002,50,94,44,72,80
San Diego,CHULA VISTA,2003,40,85,18,65,68
San Diego,CHULA VISTA,2004,54,94,31,69,74
San Diego,CHULA VISTA,2005,44,84,39,66,75
San Diego,CHULA VISTA,2006,34,79,18,53,76
San Diego,CHULA VISTA,2007,52,92,23,75,79
San Diego,CHULA VISTA,2008,41,98,27,66,80
San Diego,CHULA VISTA,2009,59,92,34,68,75
San Diego,CHULA VISTA,2010,72,92,26,65,75
San Diego,CHULA VISTA,2011,74,89,30,73,80
San Diego,CHULA VISTA,2012,94,85,30,66,79
San Diego,CHULA VISTA,2013,52,94,37,79,81
San Diego,CHULA VISTA,2014,47,100,40,77,89
San Diego,CHULA VISTA,2015,64,86,30,70,78
San Diego,CHULA VISTA,2016,73,93,40,67,75
San Diego,CHULA VISTA,2017,38,97,34,68,74
San Diego,CHULA VISTA,2018,72,97,42,76,85
San Diego,CHULA VISTA,2019,98,93,57,81,86
San Diego,CHULA VISTA,2020,84,95,50,73,82
San Diego,CHULA VISTA,2021,73,90,66,84,89
San Diego,CHULA VISTA,2022,56,93,48,77,
San Diego,CHULA VISTA,2023,86,97,63,,
San Diego,CHULA VISTA,2024,100,97,,,
San Diego,COSTA MESA,1999,15,87,47,60,80
San Diego,COSTA MESA,2000,23,74,30,61,70
San Diego,COSTA MESA,2001,39,92,44,90,95
San Diego,COSTA MESA,2002,35,91,40,80,86
San Diego,COSTA MESA,2003,28,96,43,68,75
San Diego,COSTA MESA,2004,30,90,43,80,87
San Diego,COSTA MESA,2005,49,96,24,67,84
San Diego,COSTA MESA,2006,44,86,41,73,84
San Diego,COSTA MESA,2007,37,97,38,62,76
San Diego,COSTA MESA,2008,49,92,27,71,78
San Diego,COSTA MESA,2009,60,90,37,78,88
San Diego,COSTA MESA,2010,76,99,38,79,89
San Diego,COSTA MESA,2011,75,92,35,77,93
San Diego,COSTA MESA,2012,44,98,36,75,89
San Diego,COSTA MESA,2013,73,95,37,75,92
San Diego,COSTA MESA,2014,39,97,31,77,87
San Diego,COSTA MESA,2015,54,94,41,69,83
San Diego,COSTA MESA,2016,53,87,40,74,83
San Diego,COSTA MESA,2017,52,100,54,87,94
San Diego,COSTA MESA,2018,60,97,55,92,95
San Diego,COSTA MESA,2019,47,96,57,87,91
San Diego,COSTA MESA,2020,42,90,52,93,95
San Diego,COSTA MESA,2021,72,94,63,85,92
San Diego,COSTA MESA,2022,58,97,50,88,
San Diego,COSTA MESA,2023,77,95,68,,
San Diego,COSTA MESA,2024,90,96,,,
San Diego,CULVER CITY,2019,10,80,60,70,70
San Diego,CULVER CITY,2020,17,82,47,76,76
San Diego,CULVER CITY,2021,11,82,64,73,73
San Diego,CULVER CITY,2022,12,100,42,92,
San Diego,CUPERTINO,1999,39,92,26,67,79
San Diego,CUPERTINO,2000,45,96,22,82,89
San Diego,CUPERTINO,2001,55,93,27,80,89
San Diego,CUPERTINO,2002,103,96,46,80,87
San Diego,CUPERTINO,2003,109,98,42,80,87
San Diego,CUPERTINO,2004,65,97,42,78,91
San Diego,CUPERTINO,2005,131,95,40,80,89
San Diego,CUPERTINO,2006,96,94,41,75,80
San Diego,CUPERTINO,2007,114,96,33,76,89
San Diego,CUPERTINO,2008,143,99,48,86,97
San Diego,CUPERTINO,2009,148,96,53,84,89
San Diego,CUPERTINO,2010,148,97,59,83,91
San Diego,CUPERTINO,2011,186,94,46,73,85
San Diego,CUPERTINO,2012,129,94,51,84,89
San Diego,CUPERTINO,2013,172,95,52,80,89
San Diego,CUPERTINO,2014,164,95,50,88,93
San Diego,CUPERTINO,2015,170,93,51,83,88
San Diego,CUPERTINO,2016,207,91,54,82,87
San Diego,CUPERTINO,2017,173,91,54,87,90
San Diego,CUPERTINO,2018,155,93,57,85,91
San Diego,CUPERTINO,2019,182,93,66,90,93
San Diego,CUPERTINO,2020,189,93,68,88,93
San Diego,CUPERTINO,2021,207,94,58,86,90
San Diego,CUPERTINO,2022,158,94,53,83,
San Diego,CUPERTINO,2023,156,92,51,,
San Diego,CUPERTINO,2024,208,93,,,
San Diego,CYPRESS,2006,13,85,31,77,92
San Diego,CYPRESS,2008,10,100,30,70,70
San Diego,CYPRESS,2009,14,93,43,86,93
San Diego,CYPRESS,2010,19,100,37,74,89
San Diego,CYPRESS,2011,24,96,33,67,83
San Diego,CYPRESS,2013,20,95,35,70,75
San Diego,CYPRESS,2014,19,95,26,84,89
San Diego,CYPRESS,2015,11,73,18,64,64
San Diego,CYPRESS,2016,14,93,29,64,79
San Diego,CYPRESS,2017,19,89,47,68,79
San Diego,CYPRESS,2018,17,100,35,82,94
San Diego,CYPRESS,2019,15,87,60,80,93
San Diego,CYPRESS,2020,14,86,29,71,86
San Diego,CYPRESS,2021,19,95,74,84,89
San Diego,CYPRESS,2022,23,96,78,91,
San Diego,CYPRESS,2023,19,95,68,,
San Diego,CYPRESS,2024,19,100,,,
San Diego,EL CAJON,1999,27,100,37,81,85
San Diego,EL CAJON,2000,11,91,45,91,91
San Diego,EL CAJON,2000,44,86,41,77,91
San Diego,EL CAJON,2001,10,90,20,40,70
San Diego,EL CAJON,2001,67,93,27,70,82
San Diego,EL CAJON,2002,14,93,29,64,86
San Diego,EL CAJON,2002,57,93,46,84,88
San Diego,EL CAJON,2003,10,70,0,50,70
San Diego,EL CAJON,2003,60,93,43,77,88
San Diego,EL CAJON,2004,15,100,13,60,73
San Diego,EL CAJON,2004,63,94,49,73,87
San Diego,EL CAJON,2005,26,92,15,65,77
San Diego,EL CAJON,2005,89,93,45,75,84
San Diego,EL CAJON,2006,14,93,50,71,93
San Diego,EL CAJON,2006,64,95,44,84,92
San Diego,EL CAJON,2007,16,81,0,44,63
San Diego,EL CAJON,2007,72,85,39,65,75
San Diego,EL CAJON,2008,14,93,7,57,86
San Diego,EL CAJON,2008,78,95,41,74,82
San Diego,EL CAJON,2009,17,94,35,82,88
San Diego,EL CAJON,2009,64,95,41,88,94
San Diego,EL CAJON,2010,35,97,31,77,91
San Diego,EL CAJON,2010,113,94,47,80,88
San Diego,EL CAJON,2011,36,94,28,69,86
San Diego,EL CAJON,2011,131,91,43,77,83
San Diego,EL CAJON,2012,38,97,32,68,95
San Diego,EL CAJON,2012,93,92,32,73,85
San Diego,EL CAJON,2013,47,91,26,66,79
San Diego,EL CAJON,2013,89,91,29,69,81
San Diego,EL CAJON,2014,43,98,23,79,93
San Diego,EL CAJON,2014,90,93,38,80,84
San Diego,EL CAJON,2015,43,91,14,60,74
San Diego,EL CAJON,2015,87,89,43,79,85
San Diego,EL CAJON,2016,39,95,33,72,77
San Diego,EL CAJON,2016,90,90,38,76,84
San Diego,EL CAJON,2017,20,100,35,75,80
San Diego,EL CAJON,2017,77,96,51,82,86
San Diego,EL CAJON,2018,51,96,47,75,82
San Diego,EL CAJON,2018,106,89,42,75,82
San Diego,EL CAJON,2019,43,98,58,88,88
San Diego,EL CAJON,2019,86,91,57,69,73
San Diego,EL CAJON,2020,40,100,65,83,93
San Diego,EL CAJON,2020,86,95,58,84,90
San Diego,EL CAJON,2021,51,94,61,82,94
San Diego,EL CAJON,2021,82,89,62,82,85
San Diego,EL CAJON,2022,22,86,50,73,
San Diego,EL CAJON,2022,69,88,64,81,
San Diego,EL CAJON,2023,24,83,63,,
San Diego,EL CAJON,2023,70,96,64,,
San Diego,EL CAJON,2024,36,97,,,
San Diego,EL CAJON,2024,49,94,,,
San Diego,FOLSOM,2011,10,90,20,80,100
San Diego,FOLSOM,2020,10,100,20,60,60
San Diego,FOLSOM,2021,13,100,46,85,92
San Diego,FOLSOM,2022,15,100,73,87,
San Diego,FOLSOM,2023,16,100,56,,
San Diego,FOLSOM,2024,18,94,,,
San Diego,FREMONT,2002,10,100,40,60,80
San Diego,FREMONT,2005,16,100,44,69,69
San Diego,FREMONT,2006,10,100,40,70,90
San Diego,FREMONT,2007,10,90,20,60,70
San Diego,FREMONT,2008,17,94,29,65,82
San Diego,FREMONT,2009,27,89,37,70,81
San Diego,FREMONT,2010,26,96,50,69,77
San Diego,FREMONT,2011,37,95,32,73,81
San Diego,FREMONT,2012,19,100,37,74,84
San Diego,FREMONT,2013,33,100,52,82,91
San Diego,FREMONT,2014,23,96,43,74,91
San Diego,FREMONT,2015,28,100,57,93,100
San Diego,FREMONT,2016,27,93,48,81,89
San Diego,FREMONT,2017,34,97,50,88,97
San Diego,FREMONT,2018,42,93,55,79,83
San Diego,FREMONT,2019,37,89,57,81,89
San Diego,FREMONT,2020,38,97,74,89,95
San Diego,FREMONT,2021,33,100,64,91,94
San Diego,FREMONT,2022,30,93,53,83,
San Diego,FREMONT,2023,33,100,64,,
San Diego,FREMONT,2024,37,95,,,
San Diego,FRESNO,2000,14,86,36,64,64
San Diego,FRESNO,2001,11,91,18,55,82
San Diego,FRESNO,2002,15,80,27,53,67
San Diego,FRESNO,2003,10,90,20,20,40
San Diego,FRESNO,2005,10,80,30,80,80
San Diego,FRESNO,2007,18,78,17,56,72
San Diego,FRESNO,2008,10,90,10,60,80
San Diego,FRESNO,2011,10,100,50,80,100
San Diego,FRESNO,2013,13,100,31,85,100
San Diego,FRESNO,2018,15,87,40,67,80
San Diego,FRESNO,2021,11,91,55,55,55
San Diego,FRESNO,2021,10,100,70,90,100
San Diego,FRESNO,2022,10,80,60,70,
San Diego,FRESNO,2024,12,92,,,
San Diego,FULLERTON,2000,10,90,50,60,80
San Diego,FULLERTON,2002,16,100,31,69,75
San Diego,FULLERTON,2003,11,100,27,64,73
San Diego,FULLERTON,2005,16,100,31,50,69
San Diego,FULLERTON,2006,15,80,33,47,60
San Diego,FULLERTON,2007,22,86,27,55,73
San Diego,FULLERTON,2008,21,86,14,62,67
San Diego,FULLERTON,2009,18,94,28,72,78
San Diego,FULLERTON,2010,23,83,39,70,78
San Diego,FULLERTON,2011,23,96,30,87,96
San Diego,FULLERTON,2012,21,100,38,71,76
San Diego,FULLERTON,2013,32,97,47,84,91
San Diego,FULLERTON,2014,21,90,19,71,86
San Diego,FULLERTON,2015,23,91,39,70,87
San Diego,FULLERTON,2016,23,87,30,74,87
San Diego,FULLERTON,2017,31,97,48,84,87
San Diego,FULLERTON,2018,24,88,58,71,79
San Diego,FULLERTON,2019,35,94,51,86,86
San Diego,FULLERTON,2020,28,93,46,75,86
San Diego,FULLERTON,2021,27,85,33,56,67
San Diego,FULLERTON,2022,19,100,74,79,
San Diego,FULLERTON,2023,29,97,55,,
San Diego,FULLERTON,2024,36,83,,,
San Diego,GLENDALE,2002,13,100,46,69,77
San Diego,GLENDALE,2003,13,100,62,92,92
San Diego,GLENDALE,2004,14,100,43,93,93
San Diego,GLENDALE,2005,25,92,16,64,72
San Diego,GLENDALE,2006,17,100,41,71,94
San Diego,GLENDALE,2007,23,100,35,78,87
San Diego,GLENDALE,2008,41,93,41,83,88
San Diego,GLENDALE,2009,31,97,48,81,87
San Diego,GLENDALE,2010,67,94,37,70,85
San Diego,GLENDALE,2011,56,95,43,80,86
San Diego,GLENDALE,2012,17,100,35,59,82
San Diego,GLENDALE,2013,48,100,31,83,94
San Diego,GLENDALE,2014,21,95,33,81,100
San Diego,GLENDALE,2015,46,93,39,80,93
San Diego,GLENDALE,2016,37,95,49,73,84
San Diego,GLENDALE,2017,41,98,51,85,93
San Diego,GLENDALE,2018,39,92,54,87,87
San Diego,GLENDALE,2019,52,100,73,87,88
San Diego,GLENDALE,2020,38,92,71,84,84
San Diego,GLENDALE,2021,38,84,68,84,87
San Diego,GLENDALE,2022,43,95,58,81,
San Diego,GLENDALE,2023,36,94,78,,
San Diego,GLENDALE,2024,48,94,,,
San Diego,GLENDORA,2009,12,92,50,75,83
San Diego,GLENDORA,2010,13,100,62,85,85
San Diego,GLENDORA,2011,12,92,25,58,83
San Diego,GLENDORA,2012,10,100,50,100,100
San Diego,GLENDORA,2013,10,100,40,90,100
San Diego,GLENDORA,2014,18,100,61,94,100
San Diego,GLENDORA,2015,11,100,27,64,73
San Diego,GLENDORA,2016,21,100,14,71,90
San Diego,GLENDORA,2017,18,100,33,89,89
San Diego,GLENDORA,2018,16,94,63,94,94
San Diego,GLENDORA,2019,26,96,65,85,92
San Diego,GLENDORA,2020,35,91,77,86,91
San Diego,GLENDORA,2021,43,95,63,84,88
San Diego,GLENDORA,2022,28,96,71,89,
San Diego,GLENDORA,2023,24,96,71,,
San Diego,GLENDORA,2024,36,78,,,
San Diego,HAYWARD,2001,14,93,7,71,86
San Diego,HAYWARD,2007,15,100,33,73,73
San Diego,HAYWARD,2009,10,100,30,70,90
San Diego,HAYWARD,2010,12,92,33,83,92
San Diego,HAYWARD,2013,17,94,24,82,88
San Diego,HAYWARD,2014,26,96,35,88,96
San Diego,HAYWARD,2015,27,100,52,85,85
San Diego,HAYWARD,2016,17,88,71,82,88
San Diego,HAYWARD,2017,14,86,43,71,71
San Diego,HAYWARD,2018,20,100,40,90,90
San Diego,HAYWARD,2019,15,93,33,80,87
San Diego,HAYWARD,2020,14,93,57,86,93
San Diego,HAYWARD,2021,17,94,71,82,88
San Diego,HAYWARD,2022,14,100,50,86,
San Diego,HAYWARD,2023,11,91,64,,
San Diego,HAYWARD,2024,17,100,,,
San Diego,HUNTINGTON BEACH,2005,15,100,40,60,73
San Diego,HUNTINGTON BEACH,2011,10,90,20,80,80
San Diego,HUNTINGTON BEACH,2014,12,92,42,67,83
San Diego,HUNTINGTON BEACH,2015,14,100,21,71,79
San Diego,HUNTINGTON BEACH,2021,18,100,61,83,100
San Diego,HUNTINGTON BEACH,2022,17,88,53,82,
San Diego,HUNTINGTON BEACH,2023,14,100,71,,
San Diego,HUNTINGTON BEACH,2024,18,89,,,
San Diego,IMPERIAL,2007,12,83,33,75,75
San Diego,IMPERIAL,2008,14,71,7,29,71
San Diego,IMPERIAL,2010,12,100,33,67,83
San Diego,IMPERIAL,2011,11,100,18,64,82
San Diego,IMPERIAL,2014,17,94,12,71,88
San Diego,IMPERIAL,2015,16,100,25,69,81
San Diego,IMPERIAL,2016,15,93,27,60,73
San Diego,IMPERIAL,2017,12,92,17,67,75
San Diego,IMPERIAL,2018,20,90,10,70,80
San Diego,IMPERIAL,2019,14,100,29,79,86
San Diego,IMPERIAL,2020,29,90,41,69,76
San Diego,IMPERIAL,2021,40,90,53,75,80
San Diego,IMPERIAL,2022,15,87,47,53,
San Diego,IMPERIAL,2023,15,93,67,,
San Diego,IMPERIAL,2024,19,100,,,
San Diego,IRVINE,2000,19,79,32,53,58
San Diego,IRVINE,2002,16,81,38,63,75
San Diego,IRVINE,2003,18,89,56,61,83
San Diego,IRVINE,2004,19,95,47,89,95
San Diego,IRVINE,2005,20,85,35,80,85
San Diego,IRVINE,2006,13,100,46,69,77
San Diego,IRVINE,2007,21,81,24,52,81
San Diego,IRVINE,2008,25,88,36,64,68
San Diego,IRVINE,2009,15,73,33,53,67
San Diego,IRVINE,2010,46,93,50,78,85
San Diego,IRVINE,2011,57,89,28,65,81
San Diego,IRVINE,2012,36,97,44,81,86
San Diego,IRVINE,2013,56,95,32,75,86
San Diego,IRVINE,2014,51,90,43,75,84
San Diego,IRVINE,2015,58,86,55,79,84
San Diego,IRVINE,2016,58,86,38,78,90
San Diego,IRVINE,2017,55,95,44,84,91
San Diego,IRVINE,2018,65,91,51,85,89
San Diego,IRVINE,2019,80,90,60,84,93
San Diego,IRVINE,2020,89,96,71,89,93
San Diego,IRVINE,2021,107,88,50,79,89
San Diego,IRVINE,2022,117,91,65,83,
San Diego,IRVINE,2023,77,94,57,,
San Diego,IRVINE,2024,124,98,,,
San Diego,KENTFIELD,2003,15,80,33,73,73
San Diego,KENTFIELD,2019,11,100,64,91,100
San Diego,KENTFIELD,2024,15,100,,,
San Diego,LANCASTER,2001,12,92,8,67,75
San Diego,LANCASTER,2016,10,90,40,80,80
San Diego,LANCASTER,2019,13,100,31,69,77
San Diego,LANCASTER,2024,10,100,,,
San Diego,LIVERMORE,2010,11,91,18,55,73
San Diego,LIVERMORE,2011,10,80,50,50,60
San Diego,LIVERMORE,2013,18,94,28,78,89
San Diego,LIVERMORE,2014,15,100,67,93,93
San Diego,LIVERMORE,2015,12,92,42,83,83
San Diego,LIVERMORE,2016,14,93,43,64,86
San Diego,LIVERMORE,2017,25,92,52,72,80
San Diego,LIVERMORE,2018,14,86,50,64,86
San Diego,LIVERMORE,2020,17,82,53,82,82
San Diego,LIVERMORE,2021,20,90,55,85,90
San Diego,LIVERMORE,2022,23,100,74,87,
San Diego,LIVERMORE,2023,24,96,63,,
San Diego,LIVERMORE,2024,37,100,,,
San Diego,LONG BEACH,2015,11,100,55,82,100
San Diego,LONG BEACH,2016,11,82,27,45,64
San Diego,LONG BEACH,2017,11,91,64,91,100
San Diego,LONG BEACH,2018,10,100,50,80,80
San Diego,LONG BEACH,2021,21,95,38,71,81
San Diego,LONG BEACH,2023,17,94,41,,
San Diego,LONG BEACH,2024,14,100,,,
San Diego,LOS ALTOS HILLS,1999,16,88,19,75,88
San Diego,LOS ALTOS HILLS,2000,22,91,32,64,73
San Diego,LOS ALTOS HILLS,2001,27,93,33,70,70
San Diego,LOS ALTOS HILLS,2002,38,97,47,92,95
San Diego,LOS ALTOS HILLS,2003,54,96,56,89,93
San Diego,LOS ALTOS HILLS,2004,27,96,59,78,89
San Diego,LOS ALTOS HILLS,2005,46,96,48,83,93
San Diego,LOS ALTOS HILLS,2006,28,100,54,79,86
San Diego,LOS ALTOS HILLS,2007,39,90,49,82,92
San Diego,LOS ALTOS HILLS,2008,43,100,40,81,95
San Diego,LOS ALTOS HILLS,2009,51,96,43,76,82
San Diego,LOS ALTOS HILLS,2010,66,92,58,89,94
San Diego,LOS ALTOS HILLS,2011,89,99,48,82,87
San Diego,LOS ALTOS HILLS,2012,79,97,80,94,95
San Diego,LOS ALTOS HILLS,2013,82,99,55,89,95
San Diego,LOS ALTOS HILLS,2014,65,97,57,89,92
San Diego,LOS ALTOS HILLS,2015,85,95,53,84,91
San Diego,LOS ALTOS HILLS,2016,93,96,58,81,89
San Diego,LOS ALTOS HILLS,2017,84,92,64,87,87
San Diego,LOS ALTOS HILLS,2018,76,93,53,87,89
San Diego,LOS ALTOS HILLS,2019,73,95,67,92,93
San Diego,LOS ALTOS HILLS,2020,82,89,57,89,93
San Diego,LOS ALTOS HILLS,2021,59,85,53,69,78
San Diego,LOS ALTOS HILLS,2022,36,94,64,94,
San Diego,LOS ALTOS HILLS,2023,62,95,48,,
San Diego,LOS ALTOS HILLS,2024,54,96,,,
San Diego,LOS ANGELES,2008,13,100,8,46,54
San Diego,LOS ANGELES,2014,15,100,40,67,87
San Diego,LOS ANGELES,2016,20,100,50,75,95
San Diego,LOS ANGELES,2017,14,86,43,86,86
San Diego,LOS ANGELES,2018,16,94,31,75,88
San Diego,LOS ANGELES,2022,11,100,45,64,
San Diego,LOS ANGELES,2023,12,83,67,,
San Diego,MISSION VIEJO,1999,26,92,42,77,81
San Diego,MISSION VIEJO,2000,34,88,35,74,82
San Diego,MISSION VIEJO,2001,32,91,38,78,81
San Diego,MISSION VIEJO,2002,26,81,42,65,77
San Diego,MISSION VIEJO,2003,25,88,48,80,88
San Diego,MISSION VIEJO,2004,29,93,48,69,76
San Diego,MISSION VIEJO,2005,37,100,32,78,81
San Diego,MISSION VIEJO,2006,38,89,45,74,89
San Diego,MISSION VIEJO,2007,30,97,47,77,83
San Diego,MISSION VIEJO,2008,46,93,43,76,83
San Diego,MISSION VIEJO,2009,39,97,54,85,92
San Diego,MISSION VIEJO,2010,62,95,35,73,82
San Diego,MISSION VIEJO,2011,55,95,55,80,89
San Diego,MISSION VIEJO,2012,23,100,39,87,100
San Diego,MISSION VIEJO,2013,53,94,42,72,87
San Diego,MISSION VIEJO,2014,40,95,40,80,88
San Diego,MISSION VIEJO,2015,40,93,43,75,80
San Diego,MISSION VIEJO,2016,53,92,43,75,89
San Diego,MISSION VIEJO,2017,40,98,73,95,95
San Diego,MISSION VIEJO,2018,28,96,36,79,86
San Diego,MISSION VIEJO,2019,45,100,82,96,96
San Diego,MISSION VIEJO,2020,39,87,54,82,82
San Diego,MISSION VIEJO,2021,48,98,67,85,92
San Diego,MISSION VIEJO,2022,52,90,54,85,
San Diego,MISSION VIEJO,2023,74,95,68,,
San Diego,MISSION VIEJO,2024,70,96,,,
San Diego,MODESTO,2010,10,70,0,20,60
San Diego,MONTEREY,2010,14,86,36,64,79
San Diego,MONTEREY,2024,10,100,,,
San Diego,MONTEREY PARK,2002,11,100,9,73,82
San Diego,MONTEREY PARK,2003,15,100,40,60,73
San Diego,MONTEREY PARK,2006,13,85,23,62,62
San Diego,MONTEREY PARK,2007,12,92,17,58,67
San Diego,MONTEREY PARK,2008,15,93,40,67,67
San Diego,MONTEREY PARK,2009,25,100,28,80,88
San Diego,MONTEREY PARK,2010,40,95,43,75,83
San Diego,MONTEREY PARK,2011,27,100,63,93,96
San Diego,MONTEREY PARK,2012,17,100,53,82,88
San Diego,MONTEREY PARK,2013,31,97,32,77,94
San Diego,MONTEREY PARK,2014,27,89,52,96,96
San Diego,MONTEREY PARK,2015,27,85,41,67,74
San Diego,MONTEREY PARK,2016,47,91,45,79,83
San Diego,MONTEREY PARK,2017,38,100,55,79,89
San Diego,MONTEREY PARK,2018,36,97,75,97,97
San Diego,MONTEREY PARK,2019,38,97,71,87,87
San Diego,MONTEREY PARK,2020,59,85,49,80,81
San Diego,MONTEREY PARK,2021,39,97,72,87,92
San Diego,MONTEREY PARK,2022,30,97,50,77,
San Diego,MONTEREY PARK,2023,29,93,41,,
San Diego,MONTEREY PARK,2024,35,97,,,
San Diego,MOORPARK,1999,28,86,39,71,82
San Diego,MOORPARK,2000,21,86,57,86,86
San Diego,MOORPARK,2001,23,91,30,83,87
San Diego,MOORPARK,2002,25,76,12,60,72
San Diego,MOORPARK,2003,23,91,43,70,74
San Diego,MOORPARK,2004,21,95,33,81,90
San Diego,MOORPARK,2005,32,94,31,75,81
San Diego,MOORPARK,2006,33,85,27,70,79
San Diego,MOORPARK,2007,37,95,32,73,86
San Diego,MOORPARK,2008,41,95,32,68,83
San Diego,MOORPARK,2009,39,95,51,79,92
San Diego,MOORPARK,2010,48,92,33,77,90
San Diego,MOORPARK,2011,44,86,39,75,82
San Diego,MOORPARK,2012,19,100,42,79,84
San Diego,MOORPARK,2013,39,92,23,64,77
San Diego,MOORPARK,2014,40,98,58,85,95
San Diego,MOORPARK,2015,47,89,53,83,87
San Diego,MOORPARK,2016,47,94,38,60,77
San Diego,MOORPARK,2017,52,90,48,79,87
San Diego,MOORPARK,2018,32,91,63,84,88
San Diego,MOORPARK,2019,34,97,76,82,91
San Diego,MOORPARK,2020,38,97,55,87,87
San Diego,MOORPARK,2021,48,83,63,75,79
San Diego,MOORPARK,2022,57,89,60,75,
San Diego,MOORPARK,2023,37,92,70,,
San Diego,MOORPARK,2024,49,96,,,
San Diego,NORCO,2013,10,100,30,70,80
San Diego,NORCO,2015,14,93,7,79,86
San Diego,NORCO,2016,11,100,27,82,91
San Diego,NORCO,2019,10,100,40,80,90
San Diego,NORCO,2020,12,67,33,42,67
San Diego,NORCO,2021,10,90,50,70,70
San Diego,NORCO,2024,10,100,,,
San Diego,NORWALK,2002,11,91,27,55,91
San Diego,NORWALK,2004,10,100,50,100,100
San Diego,NORWALK,2005,11,82,27,55,55
San Diego,NORWALK,2007,17,94,24,71,88
San Diego,NORWALK,2008,16,88,25,63,69
San Diego,NORWALK,2009,19,95,16,37,63
San Diego,NORWALK,2010,11,91,36,82,91
San Diego,NORWALK,2011,23,96,39,83,91
San Diego,NORWALK,2012,12,100,50,83,100
San Diego,NORWALK,2013,20,100,30,75,85
San Diego,NORWALK,2014,12,100,8,67,92
San Diego,NORWALK,2015,11,100,36,91,100
San Diego,NORWALK,2018,12,75,58,75,75
San Diego,NORWALK,2020,12,83,50,67,67
San Diego,NORWALK,2021,13,100,62,85,85
San Diego,NORWALK,2022,13,100,62,77,
San Diego,NORWALK,2023,12,92,50,,
San Diego,NORWALK,2024,13,100,,,
San Diego,OAKLAND,2008,11,91,36,55,82
San Diego,OAKLAND,2012,12,92,50,75,83
San Diego,OAKLAND,2013,21,100,29,71,86
San Diego,OAKLAND,2014,12,100,33,67,100
San Diego,OAKLAND,2017,15,100,40,87,93
San Diego,OAKLAND,2018,23,87,26,65,78
San Diego,OAKLAND,2019,12,92,58,92,92
San Diego,OAKLAND,2020,13,100,46,85,92
San Diego,OAKLAND,2021,15,87,47,67,87
San Diego,OAKLAND,2022,10,70,30,70,
San Diego,OCEANSIDE,1999,31,87,29,71,84
San Diego,OCEANSIDE,2000,44,89,27,70,86
San Diego,OCEANSIDE,2001,43,100,40,91,93
San Diego,OCEANSIDE,2002,63,92,30,71,78
San Diego,OCEANSIDE,2003,64,86,41,66,73
San Diego,OCEANSIDE,2004,50,96,40,74,88
San Diego,OCEANSIDE,2005,44,89,34,70,77
San Diego,OCEANSIDE,2006,52,88,23,62,73
San Diego,OCEANSIDE,2007,49,98,45,84,88
San Diego,OCEANSIDE,2008,73,97,41,78,90
San Diego,OCEANSIDE,2009,56,93,41,71,88
San Diego,OCEANSIDE,2010,113,96,30,73,84
San Diego,OCEANSIDE,2011,136,90,42,73,82
San Diego,OCEANSIDE,2012,142,94,39,73,89
San Diego,OCEANSIDE,2013,135,96,43,79,87
San Diego,OCEANSIDE,2014,123,96,44,83,87
San Diego,OCEANSIDE,2015,124,95,47,86,90
San Diego,OCEANSIDE,2016,132,93,42,74,83
San Diego,OCEANSIDE,2017,115,97,50,77,88
San Diego,OCEANSIDE,2018,165,92,52,82,88
San Diego,OCEANSIDE,2019,131,94,58,85,88
San Diego,OCEANSIDE,2020,158,96,58,82,87
San Diego,OCEANSIDE,2021,133,91,50,76,81
San Diego,OCEANSIDE,2022,132,97,56,85,
San Diego,OCEANSIDE,2023,103,94,62,,
San Diego,OCEANSIDE,2024,114,96,,,
San Diego,ORANGE,2009,10,100,50,90,100
San Diego,ORANGE,2010,10,100,20,70,90
San Diego,ORANGE,2011,10,100,30,100,100
San Diego,ORANGE,2013,12,92,33,58,67
San Diego,ORANGE,2014,13,85,15,62,85
San Diego,ORANGE,2015,10,100,70,90,100
San Diego,ORANGE,2018,14,79,50,79,86
San Diego,ORANGE,2019,26,92,54,88,88
San Diego,ORANGE,2020,19,100,53,95,100
San Diego,ORANGE,2021,25,80,40,76,84
San Diego,ORANGE,2022,21,90,43,81,
San Diego,ORANGE,2023,26,96,58,,
San Diego,ORANGE,2024,35,91,,,
San Diego,OROVILLE,2020,11,100,64,73,82
San Diego,PALM DESERT,2003,13,77,23,69,69
San Diego,PALM DESERT,2007,10,100,30,80,80
San Diego,PALM DESERT,2011,16,100,44,63,81
San Diego,PALM DESERT,2015,16,94,44,88,94
San Diego,PALM DESERT,2016,13,85,31,62,77
San Diego,PALM DESERT,2017,19,95,63,79,89
San Diego,PALM DESERT,2018,16,75,44,69,69
San Diego,PALM DESERT,2019,17,94,65,82,82
San Diego,PALM DESERT,2020,15,87,40,67,73
San Diego,PALM DESERT,2021,28,93,46,82,82
San Diego,PALM DESERT,2022,21,95,62,81,
San Diego,PALM DESERT,2023,23,96,57,,
San Diego,PALM DESERT,2024,24,96,,,
San Diego,PASADENA,1999,21,86,10,62,76
San Diego,PASADENA,2000,41,100,39,93,95
San Diego,PASADENA,2001,41,93,37,78,93
San Diego,PASADENA,2002,44,98,41,86,89
San Diego,PASADENA,2003,49,84,33,61,65
San Diego,PASADENA,2004,42,100,33,67,81
San Diego,PASADENA,2005,60,92,40,82,85
San Diego,PASADENA,2006,58,97,38,72,79
San Diego,PASADENA,2007,89,98,43,80,89
San Diego,PASADENA,2008,92,98,43,71,86
San Diego,PASADENA,2009,80,100,44,76,85
San Diego,PASADENA,2010,105,96,49,84,90
San Diego,PASADENA,2011,114,98,48,76,88
San Diego,PASADENA,2012,85,88,47,80,87
San Diego,PASADENA,2013,110,97,33,81,93
San Diego,PASADENA,2014,88,97,51,84,92
San Diego,PASADENA,2015,107,96,58,81,87
San Diego,PASADENA,2016,96,94,48,81,89
San Diego,PASADENA,2017,123,98,52,83,89
San Diego,PASADENA,2018,119,92,55,82,87
San Diego,PASADENA,2019,118,99,63,89,93
San Diego,PASADENA,2020,157,93,61,87,92
San Diego,PASADENA,2021,183,98,64,89,93
San Diego,PASADENA,2022,113,92,56,73,
San Diego,PASADENA,2023,135,93,66,,
San Diego,PASADENA,2024,177,96,,,
San Diego,PITTSBURG,2017,10,100,20,60,70
San Diego,PITTSBURG,2021,10,90,60,90,90
San Diego,PITTSBURG,2022,12,100,75,92,
San Diego,PLEASANT HILL,1999,13,92,38,77,92
San Diego,PLEASANT HILL,2000,42,93,26,81,86
San Diego,PLEASANT HILL,2001,53,91,40,79,85
San Diego,PLEASANT HILL,2002,45,96,27,82,89
San Diego,PLEASANT HILL,2003,74,93,49,74,82
San Diego,PLEASANT HILL,2004,60,85,37,63,72
San Diego,PLEASANT HILL,2005,55,96,38,73,87
San Diego,PLEASANT HILL,2006,51,90,43,76,88
San Diego,PLEASANT HILL,2007,55,96,40,71,82
San Diego,PLEASANT HILL,2008,64,92,34,77,80
San Diego,PLEASANT HILL,2009,67,96,48,88,90
San Diego,PLEASANT HILL,2010,76,91,42,80,87
San Diego,PLEASANT HILL,2011,74,93,51,82,88
San Diego,PLEASANT HILL,2012,75,81,37,68,75
San Diego,PLEASANT HILL,2013,98,94,47,78,92
San Diego,PLEASANT HILL,2014,100,92,60,89,91
San Diego,PLEASANT HILL,2015,118,92,58,85,92
San Diego,PLEASANT HILL,2016,134,92,53,84,92
San Diego,PLEASANT HILL,2017,115,96,56,86,91
San Diego,PLEASANT HILL,2018,131,97,69,93,95
San Diego,PLEASANT HILL,2019,122,98,57,89,91
San Diego,PLEASANT HILL,2020,109,88,65,86,90
San Diego,PLEASANT HILL,2021,116,95,57,84,92
San Diego,PLEASANT HILL,2022,91,95,58,87,
San Diego,PLEASANT HILL,2023,117,96,58,,
San Diego,PLEASANT HILL,2024,145,97,,,
San Diego,RANCHO CUCAMONGA,2010,12,100,50,75,92
San Diego,RANCHO CUCAMONGA,2011,14,100,36,71,86
San Diego,RANCHO CUCAMONGA,2013,11,100,36,82,82
San Diego,RANCHO CUCAMONGA,2016,11,91,64,73,82
San Diego,RANCHO CUCAMONGA,2017,16,100,56,94,100
San Diego,RANCHO CUCAMONGA,2019,17,94,76,88,94
San Diego,RANCHO CUCAMONGA,2020,15,93,60,80,80
San Diego,RANCHO CUCAMONGA,2021,19,100,53,84,84
San Diego,RANCHO CUCAMONGA,2022,22,91,45,77,
San Diego,RANCHO CUCAMONGA,2023,13,85,69,,
San Diego,RANCHO CUCAMONGA,2024,10,90,,,
San Diego,REDWOOD CITY,2017,14,79,50,64,64
San Diego,REDWOOD CITY,2018,13,85,38,77,85
San Diego,REDWOOD CITY,2019,11,100,45,91,91
San Diego,REEDLEY,2011,13,92,38,69,69
San Diego,REEDLEY,2014,12,100,67,92,100
San Diego,RIVERSIDE,2003,14,86,29,71,86
San Diego,RIVERSIDE,2005,10,80,20,60,70
San Diego,RIVERSIDE,2006,12,92,42,58,75
San Diego,RIVERSIDE,2007,16,88,50,69,81
San Diego,RIVERSIDE,2008,12,75,33,50,67
San Diego,RIVERSIDE,2009,19,84,32,68,84
San Diego,RIVERSIDE,2010,22,86,55,77,77
San Diego,RIVERSIDE,2011,13,92,23,69,69
San Diego,RIVERSIDE,2012,16,88,31,75,81
San Diego,RIVERSIDE,2013,25,92,36,80,92
San Diego,RIVERSIDE,2014,11,100,45,91,91
San Diego,RIVERSIDE,2015,16,94,56,88,88
San Diego,RIVERSIDE,2016,22,95,27,91,91
San Diego,RIVERSIDE,2017,29,100,38,93,97
San Diego,RIVERSIDE,2018,28,93,64,82,86
San Diego,RIVERSIDE,2019,25,96,56,92,92
San Diego,RIVERSIDE,2020,27,85,56,67,74
San Diego,RIVERSIDE,2021,39,87,54,74,77
San Diego,RIVERSIDE,2022,24,96,50,92,
San Diego,RIVERSIDE,2023,24,88,46,,
San Diego,RIVERSIDE,2024,30,97,,,
San Diego,ROCKLIN,2000,11,82,55,91,91
San Diego,ROCKLIN,2001,13,92,23,69,77
San Diego,ROCKLIN,2002,15,93,27,80,93
San Diego,ROCKLIN,2003,14,93,57,79,86
San Diego,ROCKLIN,2006,11,100,55,82,91
San Diego,ROCKLIN,2007,13,92,38,77,92
San Diego,ROCKLIN,2009,16,94,69,81,88
San Diego,ROCKLIN,2010,24,96,42,67,79
San Diego,ROCKLIN,2011,18,100,44,83,89
San Diego,ROCKLIN,2013,15,100,27,80,93
San Diego,ROCKLIN,2014,15,93,53,67,87
San Diego,ROCKLIN,2015,10,100,70,90,100
San Diego,ROCKLIN,2016,15,93,47,80,100
San Diego,ROCKLIN,2017,20,100,80,95,100
San Diego,ROCKLIN,2018,11,91,55,100,100
San Diego,ROCKLIN,2019,11,100,82,100,100
San Diego,ROCKLIN,2020,15,100,47,93,93
San Diego,ROCKLIN,2021,12,100,75,100,100
San Diego,ROCKLIN,2022,18,100,83,100,
San Diego,ROCKLIN,2023,25,100,60,,
San Diego,ROCKLIN,2024,28,96,,,
San Diego,SACRAMENTO,1999,11,100,45,82,91
San Diego,SACRAMENTO,2000,14,79,64,71,79
San Diego,SACRAMENTO,2000,14,93,43,86,93
San Diego,SACRAMENTO,2001,11,100,73,82,91
San Diego,SACRAMENTO,2002,12,92,25,75,92
San Diego,SACRAMENTO,2002,19,100,53,74,95
San Diego,SACRAMENTO,2003,14,86,36,86,86
San Diego,SACRAMENTO,2003,14,100,50,93,93
San Diego,SACRAMENTO,2004,11,91,55,82,91
San Diego,SACRAMENTO,2004,10,90,60,70,100
San Diego,SACRAMENTO,2005,12,58,25,58,75
San Diego,SACRAMENTO,2005,10,90,50,80,80
San Diego,SACRAMENTO,2006,12,100,33,58,75
San Diego,SACRAMENTO,2006,15,100,53,80,87
San Diego,SACRAMENTO,2009,15,100,60,80,100
San Diego,SACRAMENTO,2009,15,87,60,73,73
San Diego,SACRAMENTO,2010,18,94,22,61,67
San Diego,SACRAMENTO,2011,16,94,56,94,94
San Diego,SACRAMENTO,2011,11,100,64,82,100
San Diego,SACRAMENTO,2012,14,93,29,86,93
San Diego,SACRAMENTO,2013,14,86,21,64,79
San Diego,SACRAMENTO,2013,13,100,46,77,85
San Diego,SACRAMENTO,2014,16,94,31,69,81
San Diego,SACRAMENTO,2016,18,78,33,67,78
San Diego,SACRAMENTO,2016,15,80,33,60,73
San Diego,SACRAMENTO,2017,14,93,43,79,79
San Diego,SACRAMENTO,2018,14,100,64,93,93
San Diego,SACRAMENTO,2019,18,94,56,72,72
San Diego,SACRAMENTO,2020,17,100,59,71,82
San Diego,SACRAMENTO,2020,16,88,50,81,88
San Diego,SACRAMENTO,2020,18,100,61,78,78
San Diego,SACRAMENTO,2021,15,93,40,73,87
San Diego,SACRAMENTO,2021,11,100,82,91,91
San Diego,SACRAMENTO,2022,16,100,56,81,
San Diego,SACRAMENTO,2022,14,93,64,93,
San Diego,SACRAMENTO,2022,13,100,69,85,
San Diego,SACRAMENTO,2023,12,100,75,,
San Diego,SACRAMENTO,2023,16,100,81,,
San Diego,SACRAMENTO,2023,21,95,67,,
San Diego,SACRAMENTO,2024,12,100,,,
San Diego,SACRAMENTO,2024,16,94,,,
San Diego,SACRAMENTO,2024,14,100,,,
San Diego,SAN BRUNO,2013,13,100,15,85,85
San Diego,SAN BRUNO,2015,12,100,42,92,100
San Diego,SAN BRUNO,2016,11,100,45,91,100
San Diego,SAN BRUNO,2017,19,89,37,79,84
San Diego,SAN BRUNO,2018,13,100,54,92,92
San Diego,SAN BRUNO,2019,22,95,64,77,82
San Diego,SAN BRUNO,2020,15,87,67,80,93
San Diego,SAN BRUNO,2021,10,90,70,70,70
San Diego,SAN BRUNO,2022,14,93,57,86,
San Diego,SAN BRUNO,2023,11,100,73,,
San Diego,SAN BRUNO,2024,20,80,,,
San Diego,SAN DIEGO,1999,27,93,11,81,85
San Diego,SAN DIEGO,1999,99,91,22,63,78
San Diego,SAN DIEGO,2000,30,97,30,70,87
San Diego,SAN DIEGO,2000,131,92,32,69,79
San Diego,SAN DIEGO,2000,10,100,30,60,60
San Diego,SAN DIEGO,2001,18,89,39,67,78
San Diego,SAN DIEGO,2001,122,88,28,63,75
San Diego,SAN DIEGO,2001,19,95,11,58,79
San Diego,SAN DIEGO,2002,34,91,21,62,82
San Diego,SAN DIEGO,2002,156,91,32,69,81
San Diego,SAN DIEGO,2002,27,74,30,59,67
San Diego,SAN DIEGO,2003,24,92,29,58,67
San Diego,SAN DIEGO,2003,153,92,35,68,81
San Diego,SAN DIEGO,2003,17,94,35,76,88
San Diego,SAN DIEGO,2004,40,95,38,75,85
San Diego,SAN DIEGO,2004,149,92,34,64,77
San Diego,SAN DIEGO,2004,40,90,30,70,80
San Diego,SAN DIEGO,2005,56,96,39,79,84
San Diego,SAN DIEGO,2005,172,92,32,77,85
San Diego,SAN DIEGO,2005,30,93,40,70,87
San Diego,SAN DIEGO,2006,32,97,34,63,81
San Diego,SAN DIEGO,2006,154,95,40,76,82
San Diego,SAN DIEGO,2006,25,96,36,84,88
San Diego,SAN DIEGO,2007,36,97,28,72,81
San Diego,SAN DIEGO,2007,138,92,36,72,83
San Diego,SAN DIEGO,2007,29,83,21,76,76
San Diego,SAN DIEGO,2008,36,94,19,69,78
San Diego,SAN DIEGO,2008,143,98,31,76,86
San Diego,SAN DIEGO,2008,48,96,46,81,85
San Diego,SAN DIEGO,2009,37,100,38,73,76
San Diego,SAN DIEGO,2009,119,94,36,75,85
San Diego,SAN DIEGO,2009,41,93,27,68,76
San Diego,SAN DIEGO,2010,59,93,42,68,75
San Diego,SAN DIEGO,2010,194,93,35,75,85
San Diego,SAN DIEGO,2010,61,95,31,74,82
San Diego,SAN DIEGO,2011,58,98,36,78,84
San Diego,SAN DIEGO,2011,225,92,36,69,85
San Diego,SAN DIEGO,2011,79,92,28,67,77
San Diego,SAN DIEGO,2012,45,91,42,82,89
San Diego,SAN DIEGO,2012,212,92,29,67,80
San Diego,SAN DIEGO,2012,93,91,31,62,78
San Diego,SAN DIEGO,2013,28,96,39,79,82
San Diego,SAN DIEGO,2013,160,95,31,73,83
San Diego,SAN DIEGO,2013,66,91,20,71,86
San Diego,SAN DIEGO,2014,38,84,24,61,74
San Diego,SAN DIEGO,2014,162,93,27,69,82
San Diego,SAN DIEGO,2014,72,96,31,74,82
San Diego,SAN DIEGO,2015,48,94,50,79,85
San Diego,SAN DIEGO,2015,151,93,41,74,81
San Diego,SAN DIEGO,2015,71,96,27,76,90
San Diego,SAN DIEGO,2016,64,94,34,55,73
San Diego,SAN DIEGO,2016,161,94,37,74,84
San Diego,SAN DIEGO,2016,99,93,30,73,83
San Diego,SAN DIEGO,2017,69,96,48,74,87
San Diego,SAN DIEGO,2017,153,94,46,74,87
San Diego,SAN DIEGO,2017,116,96,37,74,89
San Diego,SAN DIEGO,2018,106,93,50,76,82
San Diego,SAN DIEGO,2018,217,93,40,76,82
San Diego,SAN DIEGO,2018,150,95,44,75,85
San Diego,SAN DIEGO,2019,83,98,71,83,86
San Diego,SAN DIEGO,2019,178,92,60,82,86
San Diego,SAN DIEGO,2019,141,92,52,81,85
San Diego,SAN DIEGO,2020,89,91,56,73,81
San Diego,SAN DIEGO,2020,189,94,51,80,86
San Diego,SAN DIEGO,2020,169,96,53,74,83
San Diego,SAN DIEGO,2021,72,90,54,76,85
San Diego,SAN DIEGO,2021,185,93,55,81,88
San Diego,SAN DIEGO,2021,150,97,53,78,83
San Diego,SAN DIEGO,2022,98,95,55,79,
San Diego,SAN DIEGO,2022,185,96,58,79,
San Diego,SAN DIEGO,2022,124,96,49,81,
San Diego,SAN DIEGO,2023,57,96,61,,
San Diego,SAN DIEGO,2023,139,97,65,,
San Diego,SAN DIEGO,2023,140,96,62,,
San Diego,SAN DIEGO,2024,52,94,,,
San Diego,SAN DIEGO,2024,148,97,,,
San Diego,SAN DIEGO,2024,141,96,,,
San Diego,SAN FRANCISCO,2000,18,89,39,89,100
San Diego,SAN FRANCISCO,2001,13,100,15,62,92
San Diego,SAN FRANCISCO,2002,21,95,33,86,90
San Diego,SAN FRANCISCO,2003,44,100,59,86,95
San Diego,SAN FRANCISCO,2004,25,96,56,88,92
San Diego,SAN FRANCISCO,2005,19,100,53,89,100
San Diego,SAN FRANCISCO,2006,21,95,48,62,86
San Diego,SAN FRANCISCO,2007,23,91,30,61,91
San Diego,SAN FRANCISCO,2008,25,96,44,76,80
San Diego,SAN FRANCISCO,2009,17,100,29,76,88
San Diego,SAN FRANCISCO,2010,21,95,71,90,90
San Diego,SAN FRANCISCO,2011,40,95,48,80,88
San Diego,SAN FRANCISCO,2012,13,100,54,100,100
San Diego,SAN FRANCISCO,2013,34,97,21,79,94
San Diego,SAN FRANCISCO,2014,27,96,41,85,96
San Diego,SAN FRANCISCO,2015,22,100,41,73,77
San Diego,SAN FRANCISCO,2016,30,100,43,87,90
San Diego,SAN FRANCISCO,2017,26,92,31,69,77
San Diego,SAN FRANCISCO,2018,29,86,34,72,90
San Diego,SAN FRANCISCO,2019,26,100,77,88,88
San Diego,SAN FRANCISCO,2020,33,100,64,97,97
San Diego,SAN FRANCISCO,2021,29,100,93,100,100
San Diego,SAN FRANCISCO,2022,33,97,64,82,
San Diego,SAN FRANCISCO,2023,40,98,65,,
San Diego,SAN FRANCISCO,2024,49,98,,,
San Diego,SAN JACINTO,2005,14,93,21,57,71
San Diego,SAN JACINTO,2007,17,88,35,71,71
San Diego,SAN JACINTO,2008,11,91,55,73,82
San Diego,SAN JACINTO,2009,12,92,50,83,83
San Diego,SAN JACINTO,2010,19,95,32,79,79
San Diego,SAN JACINTO,2011,25,80,40,64,72
San Diego,SAN JACINTO,2012,12,83,25,58,58
San Diego,SAN JACINTO,2013,21,90,24,67,86
San Diego,SAN JACINTO,2014,18,94,28,67,78
San Diego,SAN JACINTO,2015,17,82,41,65,65
San Diego,SAN JACINTO,2016,35,91,34,66,80
San Diego,SAN JACINTO,2017,31,94,42,68,71
San Diego,SAN JACINTO,2018,32,94,53,78,81
San Diego,SAN JACINTO,2019,30,97,60,97,97
San Diego,SAN JACINTO,2020,35,89,54,74,74
San Diego,SAN JACINTO,2021,27,100,67,89,93
San Diego,SAN JACINTO,2022,24,100,50,79,
San Diego,SAN JACINTO,2023,49,94,51,,
San Diego,SAN JACINTO,2024,40,98,,,
San Diego,SAN JOSE,2020,12,92,50,100,100
San Diego,SAN JOSE,2023,10,100,90,,
San Diego,SAN JOSE,2024,14,100,,,
San Diego,SAN LUIS OBISPO,2010,11,100,27,91,91
San Diego,SAN LUIS OBISPO,2019,11,100,82,100,100
San Diego,SAN LUIS OBISPO,2020,12,92,58,83,92
San Diego,SAN LUIS OBISPO,2023,10,90,60,,
San Diego,SAN MARCOS,1999,53,85,28,72,85
San Diego,SAN MARCOS,2000,63,97,27,76,90
San Diego,SAN MARCOS,2001,69,96,33,68,83
San Diego,SAN MARCOS,2002,89,94,35,79,87
San Diego,SAN MARCOS,2003,81,89,36,68,78
San Diego,SAN MARCOS,2004,86,91,28,70,80
San Diego,SAN MARCOS,2005,82,96,52,79,87
San Diego,SAN MARCOS,2006,99,93,38,70,81
San Diego,SAN MARCOS,2007,83,83,35,77,84
San Diego,SAN MARCOS,2008,82,93,22,65,80
San Diego,SAN MARCOS,2009,87,92,48,69,80
San Diego,SAN MARCOS,2010,109,94,36,68,80
San Diego,SAN MARCOS,2011,144,94,35,76,88
San Diego,SAN MARCOS,2012,142,95,31,73,85
San Diego,SAN MARCOS,2013,93,98,31,81,90
San Diego,SAN MARCOS,2014,94,96,28,76,85
San Diego,SAN MARCOS,2015,93,96,42,83,89
San Diego,SAN MARCOS,2016,95,96,44,74,89
San Diego,SAN MARCOS,2017,78,100,47,91,96
San Diego,SAN MARCOS,2018,85,95,54,86,92
San Diego,SAN MARCOS,2019,101,97,70,91,93
San Diego,SAN MARCOS,2020,88,90,52,86,88
San Diego,SAN MARCOS,2021,102,90,65,85,86
San Diego,SAN MARCOS,2022,90,94,61,82,
San Diego,SAN MARCOS,2023,91,96,76,,
San Diego,SAN MARCOS,2024,87,98,,,
San Diego,SAN MATEO,2000,12,100,17,75,83
San Diego,SAN MATEO,2001,18,100,22,78,89
San Diego,SAN MATEO,2002,13,100,31,69,100
San Diego,SAN MATEO,2003,12,92,67,83,92
San Diego,SAN MATEO,2004,17,94,35,71,82
San Diego,SAN MATEO,2005,27,100,26,81,93
San Diego,SAN MATEO,2006,21,90,14,62,67
San Diego,SAN MATEO,2007,16,94,50,94,100
San Diego,SAN MATEO,2008,15,93,33,67,93
San Diego,SAN MATEO,2009,12,100,50,83,100
San Diego,SAN MATEO,2010,17,94,53,82,82
San Diego,SAN MATEO,2011,29,97,52,83,93
San Diego,SAN MATEO,2012,10,100,60,70,100
San Diego,SAN MATEO,2013,19,95,53,68,84
San Diego,SAN MATEO,2014,16,100,31,94,94
San Diego,SAN MATEO,2015,36,94,53,86,89
San Diego,SAN MATEO,2016,24,96,50,79,88
San Diego,SAN MATEO,2017,30,100,57,90,93
San Diego,SAN MATEO,2018,37,92,70,86,89
San Diego,SAN MATEO,2019,29,90,62,93,93
San Diego,SAN MATEO,2020,51,84,51,78,90
San Diego,SAN MATEO,2021,41,93,61,80,88
San Diego,SAN MATEO,2022,38,92,58,84,
San Diego,SAN MATEO,2023,34,97,59,,
San Diego,SAN MATEO,2024,47,98,,,
San Diego,SAN PABLO,2018,11,91,45,91,100
San Diego,SANTA ANA,2021,12,100,50,92,92
San Diego,SANTA ANA,2024,14,100,,,
San Diego,SANTA BARBARA,1999,12,100,50,83,83
San Diego,SANTA BARBARA,2000,12,92,67,92,92
San Diego,SANTA BARBARA,2001,22,100,32,68,95
San Diego,SANTA BARBARA,2002,24,92,38,88,92
San Diego,SANTA BARBARA,2003,22,91,41,86,86
San Diego,SANTA BARBARA,2004,11,91,82,100,100
San Diego,SANTA BARBARA,2005,21,86,48,76,90
San Diego,SANTA BARBARA,2006,18,89,50,83,89
San Diego,SANTA BARBARA,2007,23,87,48,83,83
San Diego,SANTA BARBARA,2008,21,81,48,71,76
San Diego,SANTA BARBARA,2009,30,93,50,87,90
San Diego,SANTA BARBARA,2010,47,100,62,89,96
San Diego,SANTA BARBARA,2011,56,91,50,84,88
San Diego,SANTA BARBARA,2012,21,100,48,95,95
San Diego,SANTA BARBARA,2013,35,86,34,80,86
San Diego,SANTA BARBARA,2014,25,96,60,88,88
San Diego,SANTA BARBARA,2015,41,98,66,85,90
San Diego,SANTA BARBARA,2016,43,98,65,88,98
San Diego,SANTA BARBARA,2017,44,89,64,82,86
San Diego,SANTA BARBARA,2018,51,92,55,78,82
San Diego,SANTA BARBARA,2019,50,92,60,84,88
San Diego,SANTA BARBARA,2020,63,92,73,89,94
San Diego,SANTA BARBARA,2021,76,91,66,86,92
San Diego,SANTA BARBARA,2022,53,96,64,83,
San Diego,SANTA BARBARA,2023,66,97,68,,
San Diego,SANTA BARBARA,2024,68,97,,,
San Diego,SANTA CLARA,2016,10,80,40,80,90
San Diego,SANTA CLARA,2018,11,82,27,73,82
San Diego,SANTA CLARA,2021,10,100,50,80,100
San Diego,SANTA CLARA,2022,10,100,60,100,
San Diego,SANTA CLARA,2024,12,100,,,
San Diego,SANTA MARIA,2010,10,100,10,90,90
San Diego,SANTA MARIA,2017,11,82,55,82,82
San Diego,SANTA MARIA,2024,12,100,,,
San Diego,SANTA MONICA,1999,18,78,39,72,72
San Diego,SANTA MONICA,2000,40,98,20,55,80
San Diego,SANTA MONICA,2001,59,92,31,58,78
San Diego,SANTA MONICA,2002,68,96,46,78,94
San Diego,SANTA MONICA,2003,58,88,34,71,78
San Diego,SANTA MONICA,2004,49,90,37,59,71
San Diego,SANTA MONICA,2005,80,90,31,70,80
San Diego,SANTA MONICA,2006,66,89,41,65,77
San Diego,SANTA MONICA,2007,85,89,39,78,87
San Diego,SANTA MONICA,2008,108,95,45,72,82
San Diego,SANTA MONICA,2009,120,88,46,68,78
San Diego,SANTA MONICA,2010,117,95,51,81,85
San Diego,SANTA MONICA,2011,121,86,48,73,83
San Diego,SANTA MONICA,2012,84,93,52,79,86
San Diego,SANTA MONICA,2013,156,92,47,77,85
San Diego,SANTA MONICA,2014,112,92,53,81,91
San Diego,SANTA MONICA,2015,137,93,58,84,88
San Diego,SANTA MONICA,2016,175,91,49,79,86
San Diego,SANTA MONICA,2017,182,94,67,89,93
San Diego,SANTA MONICA,2018,217,94,72,87,91
San Diego,SANTA MONICA,2019,183,96,67,91,93
San Diego,SANTA MONICA,2020,157,82,57,77,85
San Diego,SANTA MONICA,2021,194,88,59,81,86
San Diego,SANTA MONICA,2022,136,96,57,82,
San Diego,SANTA MONICA,2023,109,92,55,,
San Diego,SANTA MONICA,2024,162,90,,,
San Diego,SANTA ROSA,1999,10,90,30,80,80
San Diego,SANTA ROSA,2000,15,93,40,87,93
San Diego,SANTA ROSA,2001,11,64,64,82,82
San Diego,SANTA ROSA,2002,16,88,56,88,94
San Diego,SANTA ROSA,2003,10,90,50,80,80
San Diego,SANTA ROSA,2005,11,82,36,73,73
San Diego,SANTA ROSA,2006,13,92,54,85,92
San Diego,SANTA ROSA,2007,11,91,64,91,91
San Diego,SANTA ROSA,2008,13,100,46,85,85
San Diego,SANTA ROSA,2009,15,93,60,73,87
San Diego,SANTA ROSA,2010,21,95,48,76,86
San Diego,SANTA ROSA,2011,14,100,71,93,93
San Diego,SANTA ROSA,2013,20,95,35,70,80
San Diego,SANTA ROSA,2014,13,85,8,54,69
San Diego,SANTA ROSA,2015,17,82,35,53,65
San Diego,SANTA ROSA,2016,11,100,45,82,91
San Diego,SANTA ROSA,2017,18,100,44,89,100
San Diego,SANTA ROSA,2018,19,100,74,89,95
San Diego,SANTA ROSA,2019,16,94,63,88,100
San Diego,SANTA ROSA,2020,15,100,60,87,87
San Diego,SANTA ROSA,2021,22,95,73,91,91
San Diego,SANTA ROSA,2022,28,96,82,96,
San Diego,SANTA ROSA,2023,21,100,62,,
San Diego,SANTA ROSA,2024,21,95,,,
San Diego,SARATOGA,2000,10,100,20,70,100
San Diego,SARATOGA,2001,13,100,31,77,92
San Diego,SARATOGA,2002,13,92,15,69,92
San Diego,SARATOGA,2003,16,100,31,56,69
San Diego,SARATOGA,2004,17,94,12,59,76
San Diego,SARATOGA,2006,12,92,58,83,100
San Diego,SARATOGA,2008,11,91,27,64,91
San Diego,SARATOGA,2010,16,88,38,63,69
San Diego,SARATOGA,2011,10,90,30,40,80
San Diego,SARATOGA,2014,15,93,13,67,67
San Diego,SARATOGA,2015,14,100,29,71,93
San Diego,SARATOGA,2016,15,93,53,80,80
San Diego,SARATOGA,2017,11,91,36,64,64
San Diego,SARATOGA,2018,11,100,18,100,100
San Diego,SARATOGA,2019,13,92,31,62,92
San Diego,SARATOGA,2020,11,91,64,91,91
San Diego,SARATOGA,2021,16,100,50,88,88
San Diego,SARATOGA,2022,18,89,44,83,
San Diego,SARATOGA,2023,20,100,60,,
San Diego,SARATOGA,2024,20,100,,,
San Diego,STOCKTON,2011,14,86,36,64,86
San Diego,STOCKTON,2012,10,100,30,90,90
San Diego,TORRANCE,2000,14,79,14,50,57
San Diego,TORRANCE,2001,20,100,20,70,90
San Diego,TORRANCE,2002,18,83,33,78,89
San Diego,TORRANCE,2003,13,92,38,77,85
San Diego,TORRANCE,2004,18,100,61,83,83
San Diego,TORRANCE,2005,25,84,44,60,72
San Diego,TORRANCE,2006,23,87,26,61,70
San Diego,TORRANCE,2007,38,97,37,79,92
San Diego,TORRANCE,2008,35,91,26,63,74
San Diego,TORRANCE,2009,41,90,29,63,78
San Diego,TORRANCE,2010,51,96,43,78,86
San Diego,TORRANCE,2011,57,91,46,82,89
San Diego,TORRANCE,2012,35,97,46,86,86
San Diego,TORRANCE,2013,58,97,52,83,90
San Diego,TORRANCE,2014,38,92,53,76,87
San Diego,TORRANCE,2015,44,91,43,73,77
San Diego,TORRANCE,2016,25,96,60,88,88
San Diego,TORRANCE,2017,48,98,56,90,94
San Diego,TORRANCE,2018,50,96,52,86,92
San Diego,TORRANCE,2019,56,89,55,89,95
San Diego,TORRANCE,2020,45,91,67,84,89
San Diego,TORRANCE,2021,58,83,55,74,78
San Diego,TORRANCE,2022,41,88,56,73,
San Diego,TORRANCE,2023,42,93,62,,
San Diego,TORRANCE,2024,58,98,,,
San Diego,VALENCIA,1999,11,100,36,91,100
San Diego,VALENCIA,2001,17,88,47,71,76
San Diego,VALENCIA,2002,14,71,29,64,71
San Diego,VALENCIA,2003,17,94,53,76,76
San Diego,VALENCIA,2005,11,100,36,55,82
San Diego,VALENCIA,2007,12,83,17,58,67
San Diego,VALENCIA,2008,12,67,25,50,50
San Diego,VALENCIA,2009,19,100,37,84,89
San Diego,VALENCIA,2010,31,97,29,68,90
San Diego,VALENCIA,2011,22,91,23,68,91
San Diego,VALENCIA,2012,17,100,47,82,88
San Diego,VALENCIA,2013,25,100,32,76,88
San Diego,VALENCIA,2014,31,100,48,84,94
San Diego,VALENCIA,2015,26,92,31,69,73
San Diego,VALENCIA,2016,29,90,48,66,76
San Diego,VALENCIA,2017,50,98,66,86,88
San Diego,VALENCIA,2018,31,100,42,77,87
San Diego,VALENCIA,2019,40,93,58,85,85
San Diego,VALENCIA,2020,37,100,62,81,89
San Diego,VALENCIA,2021,36,97,58,78,89
San Diego,VALENCIA,2022,34,97,62,85,
San Diego,VALENCIA,2023,54,96,67,,
San Diego,VALENCIA,2024,66,92,,,
San Diego,VAN NUYS,2005,10,100,20,70,90
San Diego,VAN NUYS,2007,11,100,45,73,73
San Diego,VAN NUYS,2010,20,95,50,70,85
San Diego,VAN NUYS,2011,13,92,15,46,77
San Diego,VAN NUYS,2013,12,92,25,83,100
San Diego,VAN NUYS,2014,11,82,45,73,82
San Diego,VAN NUYS,2015,15,100,27,67,87
San Diego,VAN NUYS,2017,18,94,56,78,78
San Diego,VAN NUYS,2018,16,100,38,81,88
San Diego,VAN NUYS,2019,20,90,45,70,75
San Diego,VAN NUYS,2020,18,94,67,83,89
San Diego,VAN NUYS,2021,12,75,33,42,42
San Diego,VAN NUYS,2022,16,100,81,94,
San Diego,VAN NUYS,2023,14,86,64,,
San Diego,VAN NUYS,2024,20,90,,,
San Diego,VENTURA,2001,11,91,27,64,100
San Diego,VENTURA,2002,13,100,54,100,100
San Diego,VENTURA,2003,16,100,38,81,81
San Diego,VENTURA,2006,12,100,33,75,83
San Diego,VENTURA,2007,11,82,9,45,55
San Diego,VENTURA,2008,18,83,28,61,72
San Diego,VENTURA,2009,11,100,18,36,64
San Diego,VENTURA,2010,13,85,15,77,77
San Diego,VENTURA,2011,13,92,38,85,85
San Diego,VENTURA,2013,12,92,25,58,67
San Diego,VENTURA,2014,13,77,8,54,69
San Diego,VENTURA,2015,12,100,50,83,92
San Diego,VENTURA,2017,11,100,45,73,82
San Diego,VENTURA,2019,14,100,64,86,86
San Diego,VENTURA,2020,18,94,72,89,94
San Diego,VENTURA,2021,20,90,55,75,75
San Diego,VENTURA,2022,13,100,46,85,
San Diego,VENTURA,2023,11,82,27,,
San Diego,VENTURA,2024,20,85,,,
San Diego,VICTORVILLE,2024,10,100,,,
San Diego,WALNUT,1999,11,100,18,82,82
San Diego,WALNUT,2000,22,100,23,68,86
San Diego,WALNUT,2001,16,94,25,94,94
San Diego,WALNUT,2002,25,96,48,84,92
San Diego,WALNUT,2003,41,85,39,73,85
San Diego,WALNUT,2004,27,100,26,63,89
San Diego,WALNUT,2005,33,97,42,76,82
San Diego,WALNUT,2006,38,95,47,66,68
San Diego,WALNUT,2007,31,97,55,77,87
San Diego,WALNUT,2008,56,93,32,71,82
San Diego,WALNUT,2009,47,98,45,66,83
San Diego,WALNUT,2010,65,94,45,85,89
San Diego,WALNUT,2011,58,95,43,76,83
San Diego,WALNUT,2012,35,97,51,89,89
San Diego,WALNUT,2013,67,93,43,76,85
San Diego,WALNUT,2014,86,95,37,80,86
San Diego,WALNUT,2015,70,94,37,89,94
San Diego,WALNUT,2016,57,95,54,82,91
San Diego,WALNUT,2017,43,95,58,88,93
San Diego,WALNUT,2018,69,94,48,86,91
San Diego,WALNUT,2019,73,95,59,82,89
San Diego,WALNUT,2020,62,97,58,85,90
San Diego,WALNUT,2021,85,89,53,80,86
San Diego,WALNUT,2022,70,91,60,79,
San Diego,WALNUT,2023,78,95,59,,
San Diego,WALNUT,2024,92,95,,,
San Diego,WHITTIER,2013,10,80,40,60,70
San Diego,WHITTIER,2015,13,100,46,85,92
San Diego,WHITTIER,2017,11,73,45,64,73
San Diego,WHITTIER,2019,16,100,56,75,88
San Diego,WHITTIER,2020,11,100,45,82,91
San Diego,WHITTIER,2021,11,91,27,55,73
San Diego,WILMINGTON,2021,10,90,40,70,90
San Diego,WOODLAND HILLS,1999,12,92,33,75,75
San Diego,WOODLAND HILLS,2001,11,91,9,64,73
San Diego,WOODLAND HILLS,2002,19,95,53,74,84
San Diego,WOODLAND HILLS,2003,17,100,47,88,94
San Diego,WOODLAND HILLS,2004,20,80,35,65,80
San Diego,WOODLAND HILLS,2005,21,90,48,76,81
San Diego,WOODLAND HILLS,2006,17,100,71,88,100
San Diego,WOODLAND HILLS,2007,29,100,24,69,79
San Diego,WOODLAND HILLS,2008,31,97,35,77,87
San Diego,WOODLAND HILLS,2009,26,96,35,69,85
San Diego,WOODLAND HILLS,2010,59,97,29,68,83
San Diego,WOODLAND HILLS,2011,38,95,34,76,84
San Diego,WOODLAND HILLS,2012,29,97,38,76,83
San Diego,WOODLAND HILLS,2013,36,92,31,61,72
San Diego,WOODLAND HILLS,2014,28,96,29,75,82
San Diego,WOODLAND HILLS,2015,29,97,31,86,90
San Diego,WOODLAND HILLS,2016,29,86,48,66,76
San Diego,WOODLAND HILLS,2017,28,89,50,71,82
San Diego,WOODLAND HILLS,2018,29,100,59,83,86
San Diego,WOODLAND HILLS,2019,31,100,52,77,77
San Diego,WOODLAND HILLS,2020,38,92,42,74,76
San Diego,WOODLAND HILLS,2021,44,93,48,80,86
San Diego,WOODLAND HILLS,2022,53,96,57,83,
San Diego,WOODLAND HILLS,2023,44,93,61,,
San Diego,WOODLAND HILLS,2024,57,96,,,
Santa Barbara,APTOS,1999,10,90,70,100,100
Santa Barbara,APTOS,2000,10,90,50,80,90
Santa Barbara,APTOS,2003,16,88,63,88,94
Santa Barbara,APTOS,2006,11,91,73,91,91
Santa Barbara,APTOS,2009,21,95,57,90,90
Santa Barbara,APTOS,2010,18,94,94,100,100
Santa Barbara,APTOS,2012,17,100,59,100,100
Santa Barbara,APTOS,2013,14,100,79,93,100
Santa Barbara,APTOS,2014,18,100,56,89,89
Santa Barbara,APTOS,2015,12,92,67,83,92
Santa Barbara,APTOS,2016,20,100,80,90,95
Santa Barbara,APTOS,2017,28,93,75,86,86
Santa Barbara,APTOS,2018,22,86,55,91,91
Santa Barbara,APTOS,2019,23,87,43,83,87
Santa Barbara,APTOS,2021,23,91,70,83,83
Santa Barbara,APTOS,2022,16,81,69,88,
Santa Barbara,APTOS,2023,13,85,69,,
Santa Barbara,APTOS,2024,16,100,,,
Santa Barbara,BAKERSFIELD,2000,10,90,50,90,90
Santa Barbara,BAKERSFIELD,2001,10,90,60,80,80
Santa Barbara,BAKERSFIELD,2003,15,100,67,80,87
Santa Barbara,BAKERSFIELD,2004,16,81,56,81,81
Santa Barbara,BAKERSFIELD,2005,14,100,71,93,93
Santa Barbara,BAKERSFIELD,2008,13,92,69,85,85
Santa Barbara,BAKERSFIELD,2009,10,90,70,90,90
Santa Barbara,BAKERSFIELD,2012,10,90,80,80,90
Santa Barbara,BAKERSFIELD,2016,12,100,58,75,83
Santa Barbara,BAKERSFIELD,2017,11,91,55,82,91
Santa Barbara,BAKERSFIELD,2018,16,88,50,81,81
Santa Barbara,BAKERSFIELD,2021,11,100,45,91,91
Santa Barbara,BAKERSFIELD,2022,11,91,36,55,
Santa Barbara,BAKERSFIELD,2023,11,91,55,,
Santa Barbara,BAKERSFIELD,2024,15,93,,,
Santa Barbara,BERKELEY,2016,10,90,40,70,80
Santa Barbara,BERKELEY,2017,12,100,67,83,100
Santa Barbara,BERKELEY,2018,13,85,54,77,85
Santa Barbara,BERKELEY,2019,14,79,36,71,71
Santa Barbara,BERKELEY,2020,14,93,43,79,93
Santa Barbara,BERKELEY,2022,17,94,59,82,
Santa Barbara,BERKELEY,2024,19,95,,,
Santa Barbara,CHULA VISTA,2019,13,85,62,85,85
Santa Barbara,COSTA MESA,1999,23,83,61,83,87
Santa Barbara,COSTA MESA,2000,28,82,39,79,89
Santa Barbara,COSTA MESA,2001,31,97,58,81,90
Santa Barbara,COSTA MESA,2002,26,92,54,77,81
Santa Barbara,COSTA MESA,2003,24,92,63,75,79
Santa Barbara,COSTA MESA,2004,32,94,56,84,91
Santa Barbara,COSTA MESA,2005,22,95,55,86,91
Santa Barbara,COSTA MESA,2006,33,97,58,85,88
Santa Barbara,COSTA MESA,2007,24,79,54,79,83
Santa Barbara,COSTA MESA,2008,47,85,51,77,83
Santa Barbara,COSTA MESA,2009,40,93,70,93,98
Santa Barbara,COSTA MESA,2010,36,94,64,86,89
Santa Barbara,COSTA MESA,2011,40,90,50,83,83
Santa Barbara,COSTA MESA,2012,29,86,72,83,93
Santa Barbara,COSTA MESA,2013,35,97,77,89,89
Santa Barbara,COSTA MESA,2014,26,92,62,92,92
Santa Barbara,COSTA MESA,2015,31,87,74,90,94
Santa Barbara,COSTA MESA,2016,35,86,31,71,83
Santa Barbara,COSTA MESA,2017,30,93,67,83,90
Santa Barbara,COSTA MESA,2018,36,94,83,94,94
Santa Barbara,COSTA MESA,2019,24,88,67,88,88
Santa Barbara,COSTA MESA,2020,43,93,63,93,95
Santa Barbara,COSTA MESA,2021,31,97,61,84,87
Santa Barbara,COSTA MESA,2022,48,90,67,90,
Santa Barbara,COSTA MESA,2023,23,96,61,,
Santa Barbara,COSTA MESA,2024,38,97,,,
Santa Barbara,CULVER CITY,2022,11,82,45,64,
Santa Barbara,CUPERTINO,1999,21,86,29,67,71
Santa Barbara,CUPERTINO,2000,23,87,48,74,74
Santa Barbara,CUPERTINO,2001,28,89,43,71,75
Santa Barbara,CUPERTINO,2002,33,91,48,79,79
Santa Barbara,CUPERTINO,2003,24,96,50,88,88
Santa Barbara,CUPERTINO,2004,28,79,25,46,54
Santa Barbara,CUPERTINO,2005,46,96,61,87,91
Santa Barbara,CUPERTINO,2006,46,72,46,70,72
Santa Barbara,CUPERTINO,2007,37,86,49,73,81
Santa Barbara,CUPERTINO,2008,44,95,77,82,86
Santa Barbara,CUPERTINO,2009,39,87,62,77,77
Santa Barbara,CUPERTINO,2010,42,88,74,90,95
Santa Barbara,CUPERTINO,2011,41,85,68,78,80
Santa Barbara,CUPERTINO,2012,57,91,54,81,91
Santa Barbara,CUPERTINO,2013,48,85,65,81,85
Santa Barbara,CUPERTINO,2014,63,83,56,79,81
Santa Barbara,CUPERTINO,2015,53,96,68,87,87
Santa Barbara,CUPERTINO,2016,65,95,65,91,91
Santa Barbara,CUPERTINO,2017,74,85,53,86,88
Santa Barbara,CUPERTINO,2018,100,89,69,88,92
Santa Barbara,CUPERTINO,2019,74,93,68,85,88
Santa Barbara,CUPERTINO,2020,99,91,52,86,92
Santa Barbara,CUPERTINO,2021,76,95,61,84,91
Santa Barbara,CUPERTINO,2022,65,94,57,85,
Santa Barbara,CUPERTINO,2023,59,90,64,,
Santa Barbara,CUPERTINO,2024,66,92,,,
Santa Barbara,CYPRESS,2018,11,82,45,91,91
Santa Barbara,CYPRESS,2024,11,91,,,
Santa Barbara,EL CAJON,2000,11,82,55,82,82
Santa Barbara,FOLSOM,2014,10,90,60,90,90
Santa Barbara,FOLSOM,2016,10,90,80,100,100
Santa Barbara,FOLSOM,2018,11,91,73,100,100
Santa Barbara,FOLSOM,2019,13,100,92,100,100
Santa Barbara,FOLSOM,2020,18,89,56,78,83
Santa Barbara,FOLSOM,2022,12,83,58,92,
Santa Barbara,FOLSOM,2023,13,100,54,,
Santa Barbara,FOLSOM,2024,16,94,,,
Santa Barbara,FREMONT,2008,18,83,56,78,83
Santa Barbara,FREMONT,2009,20,95,75,85,90
Santa Barbara,FREMONT,2010,19,100,74,74,74
Santa Barbara,FREMONT,2012,21,90,90,95,95
Santa Barbara,FREMONT,2013,15,100,80,93,93
Santa Barbara,FREMONT,2014,16,94,88,94,94
Santa Barbara,FREMONT,2015,12,92,75,92,92
Santa Barbara,FREMONT,2016,14,93,43,79,79
Santa Barbara,FREMONT,2017,17,100,71,82,82
Santa Barbara,FREMONT,2018,15,100,87,100,100
Santa Barbara,FREMONT,2019,23,87,43,70,78
Santa Barbara,FREMONT,2020,19,89,74,95,95
Santa Barbara,FREMONT,2021,26,100,54,92,92
Santa Barbara,FREMONT,2022,22,95,41,82,
Santa Barbara,FREMONT,2023,11,100,82,,
Santa Barbara,FREMONT,2024,13,100,,,
Santa Barbara,FRESNO,1999,11,73,27,55,64
Santa Barbara,FRESNO,2000,11,91,64,91,91
Santa Barbara,FRESNO,2001,14,79,14,50,71
Santa Barbara,FRESNO,2008,10,90,70,90,90
Santa Barbara,FRESNO,2016,11,91,55,82,82
Santa Barbara,FRESNO,2017,10,100,90,100,100
Santa Barbara,FULLERTON,2002,12,92,42,75,83
Santa Barbara,FULLERTON,2003,10,80,40,70,70
Santa Barbara,FULLERTON,2004,16,75,38,38,44
Santa Barbara,FULLERTON,2005,10,100,60,90,100
Santa Barbara,FULLERTON,2006,11,82,45,64,73
Santa Barbara,FULLERTON,2008,15,93,47,73,87
Santa Barbara,FULLERTON,2009,16,81,56,75,75
Santa Barbara,FULLERTON,2010,14,79,71,93,93
Santa Barbara,FULLERTON,2011,12,100,58,75,75
Santa Barbara,FULLERTON,2012,20,100,60,75,85
Santa Barbara,FULLERTON,2013,12,92,75,92,92
Santa Barbara,FULLERTON,2014,15,87,80,87,87
Santa Barbara,FULLERTON,2015,10,100,50,70,80
Santa Barbara,FULLERTON,2016,13,85,54,85,85
Santa Barbara,FULLERTON,2017,24,88,63,83,88
Santa Barbara,FULLERTON,2018,22,95,64,77,82
Santa Barbara,FULLERTON,2019,13,92,62,85,85
Santa Barbara,FULLERTON,2020,17,94,35,71,76
Santa Barbara,FULLERTON,2021,14,100,57,79,86
Santa Barbara,FULLERTON,2022,12,100,67,83,
Santa Barbara,FULLERTON,2023,11,100,73,,
Santa Barbara,FULLERTON,2024,15,93,,,
Santa Barbara,GILROY,2016,11,82,55,73,82
Santa Barbara,GLENDALE,1999,14,86,43,64,71
Santa Barbara,GLENDALE,2001,11,73,36,64,73
Santa Barbara,GLENDALE,2002,16,88,38,69,75
Santa Barbara,GLENDALE,2003,15,93,60,80,80
Santa Barbara,GLENDALE,2004,27,85,74,85,85
Santa Barbara,GLENDALE,2005,18,78,61,67,72
Santa Barbara,GLENDALE,2006,24,92,71,83,88
Santa Barbara,GLENDALE,2007,15,87,53,73,73
Santa Barbara,GLENDALE,2008,20,100,70,90,90
Santa Barbara,GLENDALE,2009,26,88,77,92,92
Santa Barbara,GLENDALE,2010,21,90,71,71,81
Santa Barbara,GLENDALE,2011,25,92,60,96,96
Santa Barbara,GLENDALE,2012,31,90,65,87,87
Santa Barbara,GLENDALE,2013,26,96,73,92,92
Santa Barbara,GLENDALE,2014,34,94,65,82,88
Santa Barbara,GLENDALE,2015,38,97,63,89,95
Santa Barbara,GLENDALE,2016,37,95,59,92,95
Santa Barbara,GLENDALE,2017,43,86,74,86,86
Santa Barbara,GLENDALE,2018,50,100,68,96,100
Santa Barbara,GLENDALE,2019,24,96,63,88,96
Santa Barbara,GLENDALE,2020,38,89,53,82,89
Santa Barbara,GLENDALE,2021,21,90,62,81,86
Santa Barbara,GLENDALE,2022,28,89,54,82,
Santa Barbara,GLENDALE,2023,18,89,44,,
Santa Barbara,GLENDALE,2024,33,85,,,
Santa Barbara,GLENDORA,2012,12,92,83,83,92
Santa Barbara,GLENDORA,2014,10,80,50,70,90
Santa Barbara,GLENDORA,2015,18,94,72,89,89
Santa Barbara,GLENDORA,2016,14,93,79,93,100
Santa Barbara,GLENDORA,2018,20,75,50,65,70
Santa Barbara,GLENDORA,2019,14,86,57,64,93
Santa Barbara,GLENDORA,2020,25,84,52,76,76
Santa Barbara,GLENDORA,2021,16,81,63,69,75
Santa Barbara,HAYWARD,2008,11,91,73,82,82
Santa Barbara,HAYWARD,2016,16,81,69,75,75
Santa Barbara,HAYWARD,2017,11,100,91,100,100
Santa Barbara,HAYWARD,2018,11,91,64,73,82
Santa Barbara,HAYWARD,2019,10,100,60,90,90
Santa Barbara,HAYWARD,2020,10,90,40,80,90
Santa Barbara,HAYWARD,2021,11,91,45,91,91
Santa Barbara,HAYWARD,2022,10,80,30,60,
Santa Barbara,HUNTINGTON BEACH,2014,12,92,83,92,92
Santa Barbara,HUNTINGTON BEACH,2015,10,100,60,80,80
Santa Barbara,HUNTINGTON BEACH,2016,10,100,90,90,90
Santa Barbara,HUNTINGTON BEACH,2022,10,100,80,80,
Santa Barbara,IRVINE,2008,10,80,60,70,70
Santa Barbara,IRVINE,2009,16,94,69,88,94
Santa Barbara,IRVINE,2010,12,100,83,100,100
Santa Barbara,IRVINE,2011,12,92,75,92,92
Santa Barbara,IRVINE,2012,22,91,73,86,86
Santa Barbara,IRVINE,2013,16,94,81,88,94
Santa Barbara,IRVINE,2014,27,85,56,85,85
Santa Barbara,IRVINE,2015,19,84,53,74,79
Santa Barbara,IRVINE,2016,34,100,65,85,91
Santa Barbara,IRVINE,2017,28,93,50,86,96
Santa Barbara,IRVINE,2018,38,95,74,97,97
Santa Barbara,IRVINE,2019,40,93,63,83,90
Santa Barbara,IRVINE,2020,51,88,61,86,98
Santa Barbara,IRVINE,2021,47,91,62,85,87
Santa Barbara,IRVINE,2022,31,81,65,84,
Santa Barbara,IRVINE,2023,27,89,59,,
Santa Barbara,IRVINE,2024,33,100,,,
Santa Barbara,KENTFIELD,2002,10,100,40,70,80
Santa Barbara,KENTFIELD,2012,12,92,67,92,92
Santa Barbara,KENTFIELD,2017,18,89,67,83,83
Santa Barbara,KENTFIELD,2018,12,92,67,75,92
Santa Barbara,KENTFIELD,2019,13,85,62,92,100
Santa Barbara,KENTFIELD,2020,18,83,33,61,67
Santa Barbara,KENTFIELD,2021,22,95,77,95,95
Santa Barbara,KENTFIELD,2022,16,94,63,88,
Santa Barbara,KENTFIELD,2023,12,92,67,,
Santa Barbara,LANCASTER,2004,12,83,50,58,67
Santa Barbara,LANCASTER,2008,10,90,50,80,80
Santa Barbara,LANCASTER,2013,12,92,67,83,92
Santa Barbara,LANCASTER,2016,16,94,63,94,94
Santa Barbara,LANCASTER,2017,11,100,73,91,91
Santa Barbara,LANCASTER,2019,10,90,50,70,70
Santa Barbara,LANCASTER,2022,10,100,60,100,
Santa Barbara,LIVERMORE,1999,14,93,57,86,93
Santa Barbara,LIVERMORE,2009,14,93,86,93,93
Santa Barbara,LIVERMORE,2011,10,100,90,90,90
Santa Barbara,LIVERMORE,2012,12,83,50,75,75
Santa Barbara,LIVERMORE,2014,10,80,50,60,60
Santa Barbara,LIVERMORE,2016,17,100,59,100,100
Santa Barbara,LIVERMORE,2017,11,100,64,82,91
Santa Barbara,LIVERMORE,2018,21,95,71,95,95
Santa Barbara,LIVERMORE,2019,21,90,71,76,81
Santa Barbara,LIVERMORE,2020,23,100,74,91,91
Santa Barbara,LIVERMORE,2021,21,86,57,86,86
Santa Barbara,LIVERMORE,2022,29,100,66,97,
Santa Barbara,LIVERMORE,2023,20,95,90,,
Santa Barbara,LIVERMORE,2024,20,100,,,
Santa Barbara,LONG BEACH,2001,12,83,67,83,83
Santa Barbara,LONG BEACH,2002,10,100,70,100,100
Santa Barbara,LONG BEACH,2003,11,100,55,73,73
Santa Barbara,LONG BEACH,2005,14,93,29,71,71
Santa Barbara,LONG BEACH,2008,11,100,36,82,91
Santa Barbara,LONG BEACH,2009,12,92,67,92,92
Santa Barbara,LONG BEACH,2013,11,100,73,100,100
Santa Barbara,LONG BEACH,2014,14,93,36,93,93
Santa Barbara,LONG BEACH,2016,10,100,60,80,90
Santa Barbara,LONG BEACH,2017,24,88,50,83,83
Santa Barbara,LONG BEACH,2019,11,82,45,82,82
Santa Barbara,LONG BEACH,2020,13,69,8,46,46
Santa Barbara,LONG BEACH,2021,10,80,60,70,70
Santa Barbara,LONG BEACH,2022,15,93,53,80,
Santa Barbara,LONG BEACH,2023,13,100,69,,
Santa Barbara,LONG BEACH,2024,17,94,,,
Santa Barbara,LOS ALTOS HILLS,2000,26,96,46,88,92
Santa Barbara,LOS ALTOS HILLS,2001,11,100,64,91,100
Santa Barbara,LOS ALTOS HILLS,2002,24,83,63,83,88
Santa Barbara,LOS ALTOS HILLS,2003,17,88,47,59,82
Santa Barbara,LOS ALTOS HILLS,2004,22,95,77,91,91
Santa Barbara,LOS ALTOS HILLS,2005,23,87,48,83,83
Santa Barbara,LOS ALTOS HILLS,2006,34,94,71,85,91
Santa Barbara,LOS ALTOS HILLS,2007,18,89,44,72,78
Santa Barbara,LOS ALTOS HILLS,2008,22,91,82,86,86
Santa Barbara,LOS ALTOS HILLS,2009,18,89,61,78,83
Santa Barbara,LOS ALTOS HILLS,2010,16,94,50,75,81
Santa Barbara,LOS ALTOS HILLS,2011,12,83,50,83,83
Santa Barbara,LOS ALTOS HILLS,2012,33,97,61,85,85
Santa Barbara,LOS ALTOS HILLS,2013,22,91,73,82,82
Santa Barbara,LOS ALTOS HILLS,2014,32,91,66,88,94
Santa Barbara,LOS ALTOS HILLS,2015,35,97,69,91,94
Santa Barbara,LOS ALTOS HILLS,2016,38,97,61,87,92
Santa Barbara,LOS ALTOS HILLS,2017,51,94,63,86,94
Santa Barbara,LOS ALTOS HILLS,2018,56,96,75,89,96
Santa Barbara,LOS ALTOS HILLS,2019,44,95,55,86,93
Santa Barbara,LOS ALTOS HILLS,2020,35,71,51,71,77
Santa Barbara,LOS ALTOS HILLS,2021,47,98,60,87,94
Santa Barbara,LOS ALTOS HILLS,2022,27,93,59,93,
Santa Barbara,LOS ALTOS HILLS,2023,22,95,59,,
Santa Barbara,LOS ALTOS HILLS,2024,24,96,,,
Santa Barbara,LOS ANGELES,2016,11,91,55,55,55
Santa Barbara,LOS ANGELES,2018,12,75,42,75,75
Santa Barbara,LOS ANGELES,2019,13,92,62,92,100
Santa Barbara,LOS ANGELES,2021,12,100,58,92,100
Santa Barbara,LOS ANGELES,2024,15,87,,,
Santa Barbara,MERCED,2010,10,100,50,90,90
Santa Barbara,MISSION VIEJO,1999,13,62,15,38,38
Santa Barbara,MISSION VIEJO,2000,16,100,31,75,75
Santa Barbara,MISSION VIEJO,2001,19,89,42,74,84
Santa Barbara,MISSION VIEJO,2002,25,84,56,88,88
Santa Barbara,MISSION VIEJO,2003,22,73,45,68,73
Santa Barbara,MISSION VIEJO,2004,26,92,50,77,81
Santa Barbara,MISSION VIEJO,2006,15,93,60,80,87
Santa Barbara,MISSION VIEJO,2007,25,92,64,80,88
Santa Barbara,MISSION VIEJO,2008,31,97,71,87,90
Santa Barbara,MISSION VIEJO,2009,44,98,64,84,86
Santa Barbara,MISSION VIEJO,2010,29,100,59,79,83
Santa Barbara,MISSION VIEJO,2011,34,88,71,94,94
Santa Barbara,MISSION VIEJO,2012,50,96,68,92,94
Santa Barbara,MISSION VIEJO,2013,30,90,67,83,90
Santa Barbara,MISSION VIEJO,2014,28,93,79,86,86
Santa Barbara,MISSION VIEJO,2015,35,89,74,83,83
Santa Barbara,MISSION VIEJO,2016,37,95,65,86,95
Santa Barbara,MISSION VIEJO,2017,44,95,64,84,93
Santa Barbara,MISSION VIEJO,2018,45,98,73,96,96
Santa Barbara,MISSION VIEJO,2019,34,91,62,79,91
Santa Barbara,MISSION VIEJO,2020,54,93,61,87,89
Santa Barbara,MISSION VIEJO,2021,45,98,69,91,93
Santa Barbara,MISSION VIEJO,2022,43,93,84,95,
Santa Barbara,MISSION VIEJO,2023,33,94,79,,
Santa Barbara,MISSION VIEJO,2024,32,97,,,
Santa Barbara,MODESTO,1999,10,90,60,80,90
Santa Barbara,MODESTO,2000,10,80,40,60,60
Santa Barbara,MODESTO,2009,10,90,70,90,100
Santa Barbara,MODESTO,2020,11,91,36,55,73
Santa Barbara,MONTEREY,2001,11,91,36,82,82
Santa Barbara,MONTEREY,2011,13,85,54,77,77
Santa Barbara,MONTEREY,2018,14,93,64,93,93
Santa Barbara,MONTEREY,2020,15,73,40,73,73
Santa Barbara,MONTEREY,2023,11,91,55,,
Santa Barbara,MONTEREY,2024,10,100,,,
Santa Barbara,MONTEREY PARK,2004,10,100,60,90,90
Santa Barbara,MONTEREY PARK,2006,10,70,40,70,70
Santa Barbara,MONTEREY PARK,2008,10,90,80,90,90
Santa Barbara,MONTEREY PARK,2010,11,91,91,91,91
Santa Barbara,MONTEREY PARK,2012,25,100,84,92,92
Santa Barbara,MONTEREY PARK,2013,25,92,72,84,88
Santa Barbara,MONTEREY PARK,2014,29,97,66,90,90
Santa Barbara,MONTEREY PARK,2015,34,94,68,82,91
Santa Barbara,MONTEREY PARK,2016,28,100,61,96,100
Santa Barbara,MONTEREY PARK,2017,30,90,63,90,93
Santa Barbara,MONTEREY PARK,2018,37,86,62,84,86
Santa Barbara,MONTEREY PARK,2019,18,94,72,89,89
Santa Barbara,MONTEREY PARK,2020,32,88,63,78,84
Santa Barbara,MONTEREY PARK,2021,21,95,57,86,90
Santa Barbara,MONTEREY PARK,2022,26,81,46,69,
Santa Barbara,MONTEREY PARK,2024,10,80,,,
Santa Barbara,MOORPARK,1999,50,86,54,76,84
Santa Barbara,MOORPARK,2000,37,84,38,70,81
Santa Barbara,MOORPARK,2001,64,84,55,77,80
Santa Barbara,MOORPARK,2002,43,86,56,79,81
Santa Barbara,MOORPARK,2003,74,88,50,77,81
Santa Barbara,MOORPARK,2004,59,90,64,73,86
Santa Barbara,MOORPARK,2005,51,90,61,84,86
Santa Barbara,MOORPARK,2006,69,90,59,78,80
Santa Barbara,MOORPARK,2007,56,80,52,75,77
Santa Barbara,MOORPARK,2008,73,88,70,89,90
Santa Barbara,MOORPARK,2009,100,91,61,83,86
Santa Barbara,MOORPARK,2010,66,91,74,94,94
Santa Barbara,MOORPARK,2011,54,87,67,81,83
Santa Barbara,MOORPARK,2012,60,92,63,87,88
Santa Barbara,MOORPARK,2013,69,86,64,81,84
Santa Barbara,MOORPARK,2014,73,89,62,85,89
Santa Barbara,MOORPARK,2015,54,96,72,89,91
Santa Barbara,MOORPARK,2016,78,94,64,86,91
Santa Barbara,MOORPARK,2017,103,88,55,77,83
Santa Barbara,MOORPARK,2018,86,92,69,87,91
Santa Barbara,MOORPARK,2019,101,91,63,84,89
Santa Barbara,MOORPARK,2020,124,90,56,77,83
Santa Barbara,MOORPARK,2021,112,92,69,85,87
Santa Barbara,MOORPARK,2022,85,88,58,85,
Santa Barbara,MOORPARK,2023,106,96,73,,
Santa Barbara,MOORPARK,2024,82,88,,,
Santa Barbara,NORWALK,2006,11,82,36,82,91
Santa Barbara,NORWALK,2008,13,85,77,85,92
Santa Barbara,NORWALK,2009,21,90,52,76,86
Santa Barbara,NORWALK,2010,14,100,86,100,100
Santa Barbara,NORWALK,2012,14,71,64,79,86
Santa Barbara,NORWALK,2013,10,100,90,100,100
Santa Barbara,NORWALK,2014,12,92,58,83,83
Santa Barbara,NORWALK,2015,10,90,60,80,80
Santa Barbara,NORWALK,2016,13,69,23,38,38
Santa Barbara,NORWALK,2017,12,83,67,83,83
Santa Barbara,NORWALK,2018,10,100,70,100,100
Santa Barbara,NORWALK,2019,14,86,57,86,86
Santa Barbara,NORWALK,2024,12,100,,,
Santa Barbara,OAKLAND,2020,11,91,36,73,73
Santa Barbara,OCEANSIDE,2004,22,86,86,91,95
Santa Barbara,OCEANSIDE,2005,12,100,67,83,92
Santa Barbara,OCEANSIDE,2006,13,92,54,69,77
Santa Barbara,OCEANSIDE,2007,12,92,50,67,75
Santa Barbara,OCEANSIDE,2008,17,94,59,88,94
Santa Barbara,OCEANSIDE,2009,19,100,68,89,95
Santa Barbara,OCEANSIDE,2010,25,88,60,72,80
Santa Barbara,OCEANSIDE,2011,18,89,61,83,83
Santa Barbara,OCEANSIDE,2012,15,87,67,80,80
Santa Barbara,OCEANSIDE,2013,17,82,65,76,76
Santa Barbara,OCEANSIDE,2014,13,100,92,100,100
Santa Barbara,OCEANSIDE,2015,16,94,63,94,94
Santa Barbara,OCEANSIDE,2016,21,95,62,86,90
Santa Barbara,OCEANSIDE,2017,32,88,44,75,81
Santa Barbara,OCEANSIDE,2018,41,88,61,90,90
Santa Barbara,OCEANSIDE,2019,34,79,53,71,79
Santa Barbara,OCEANSIDE,2020,29,90,55,86,90
Santa Barbara,OCEANSIDE,2021,30,83,63,87,87
Santa Barbara,OCEANSIDE,2022,31,90,77,87,
Santa Barbara,OCEANSIDE,2023,27,93,81,,
Santa Barbara,OCEANSIDE,2024,28,86,,,
Santa Barbara,ORANGE,2009,11,100,82,91,100
Santa Barbara,ORANGE,2010,10,90,70,80,90
Santa Barbara,ORANGE,2013,16,100,56,94,100
Santa Barbara,ORANGE,2014,10,100,40,80,90
Santa Barbara,ORANGE,2016,14,79,64,71,79
Santa Barbara,ORANGE,2017,16,100,81,81,94
Santa Barbara,ORANGE,2018,14,93,71,93,93
Santa Barbara,ORANGE,2019,11,91,64,82,82
Santa Barbara,ORANGE,2020,10,90,50,70,80
Santa Barbara,ORANGE,2021,14,100,71,93,93
Santa Barbara,ORANGE,2022,13,100,62,100,
Santa Barbara,ORANGE,2023,12,92,83,,
Santa Barbara,OXNARD,1999,13,85,0,46,77
Santa Barbara,OXNARD,2000,15,93,33,73,87
Santa Barbara,OXNARD,2002,17,88,24,53,65
Santa Barbara,OXNARD,2003,16,81,56,75,75
Santa Barbara,OXNARD,2004,22,73,45,59,73
Santa Barbara,OXNARD,2005,13,92,31,62,69
Santa Barbara,OXNARD,2008,17,88,47,76,82
Santa Barbara,OXNARD,2010,18,89,61,89,89
Santa Barbara,OXNARD,2013,11,64,55,64,64
Santa Barbara,OXNARD,2015,10,80,30,60,70
Santa Barbara,OXNARD,2017,17,71,47,65,71
Santa Barbara,OXNARD,2018,25,92,48,76,84
Santa Barbara,OXNARD,2020,17,88,76,82,88
Santa Barbara,OXNARD,2024,10,100,,,
Santa Barbara,PALM DESERT,2018,12,100,67,83,83
Santa Barbara,PALM DESERT,2021,10,90,50,70,70
Santa Barbara,PASADENA,1999,12,100,75,92,100
Santa Barbara,PASADENA,2000,12,83,33,67,75
Santa Barbara,PASADENA,2001,20,95,55,95,95
Santa Barbara,PASADENA,2002,28,100,71,93,93
Santa Barbara,PASADENA,2003,31,90,61,87,87
Santa Barbara,PASADENA,2004,29,93,62,90,93
Santa Barbara,PASADENA,2005,26,92,65,85,88
Santa Barbara,PASADENA,2006,27,85,59,78,78
Santa Barbara,PASADENA,2007,33,91,64,79,91
Santa Barbara,PASADENA,2008,28,86,61,75,75
Santa Barbara,PASADENA,2009,49,96,59,84,88
Santa Barbara,PASADENA,2010,32,94,69,88,88
Santa Barbara,PASADENA,2011,39,100,74,95,95
Santa Barbara,PASADENA,2012,55,95,71,82,87
Santa Barbara,PASADENA,2013,44,89,68,84,86
Santa Barbara,PASADENA,2014,53,94,77,91,91
Santa Barbara,PASADENA,2015,58,93,74,90,90
Santa Barbara,PASADENA,2016,58,90,55,79,88
Santa Barbara,PASADENA,2017,84,93,65,83,85
Santa Barbara,PASADENA,2018,104,88,68,83,87
Santa Barbara,PASADENA,2019,82,93,63,83,89
Santa Barbara,PASADENA,2020,116,88,58,80,83
Santa Barbara,PASADENA,2021,65,89,52,80,85
Santa Barbara,PASADENA,2022,68,93,66,87,
Santa Barbara,PASADENA,2023,39,87,56,,
Santa Barbara,PASADENA,2024,79,92,,,
Santa Barbara,PITTSBURG,2016,13,92,62,77,77
Santa Barbara,PLEASANT HILL,1999,32,88,50,78,84
Santa Barbara,PLEASANT HILL,2000,34,97,32,76,88
Santa Barbara,PLEASANT HILL,2001,38,95,47,82,87
Santa Barbara,PLEASANT HILL,2002,36,92,56,81,89
Santa Barbara,PLEASANT HILL,2003,36,94,67,83,89
Santa Barbara,PLEASANT HILL,2004,57,91,61,81,86
Santa Barbara,PLEASANT HILL,2005,36,83,58,69,75
Santa Barbara,PLEASANT HILL,2006,31,94,58,77,87
Santa Barbara,PLEASANT HILL,2007,37,89,54,76,76
Santa Barbara,PLEASANT HILL,2008,37,86,57,73,81
Santa Barbara,PLEASANT HILL,2009,46,93,74,87,89
Santa Barbara,PLEASANT HILL,2010,37,92,59,92,92
Santa Barbara,PLEASANT HILL,2011,29,100,76,97,97
Santa Barbara,PLEASANT HILL,2012,24,96,79,100,100
Santa Barbara,PLEASANT HILL,2013,35,100,83,89,89
Santa Barbara,PLEASANT HILL,2014,39,100,74,90,97
Santa Barbara,PLEASANT HILL,2015,36,89,83,92,92
Santa Barbara,PLEASANT HILL,2016,57,91,63,84,86
Santa Barbara,PLEASANT HILL,2017,60,90,60,87,92
Santa Barbara,PLEASANT HILL,2018,82,95,67,93,93
Santa Barbara,PLEASANT HILL,2019,70,90,54,80,83
Santa Barbara,PLEASANT HILL,2020,75,93,63,84,88
Santa Barbara,PLEASANT HILL,2021,83,98,75,90,93
Santa Barbara,PLEASANT HILL,2022,62,95,58,92,
Santa Barbara,PLEASANT HILL,2023,60,95,62,,
Santa Barbara,PLEASANT HILL,2024,53,100,,,
Santa Barbara,RANCHO CUCAMONGA,2007,11,91,64,91,91
Santa Barbara,RANCHO CUCAMONGA,2017,10,90,30,80,90
Santa Barbara,RANCHO CUCAMONGA,2019,10,90,60,80,80
Santa Barbara,RANCHO CUCAMONGA,2021,10,70,70,70,80
Santa Barbara,REDWOOD CITY,2024,10,100,,,
Santa Barbara,RIVERSIDE,2004,13,85,38,77,77
Santa Barbara,RIVERSIDE,2006,11,82,73,91,91
Santa Barbara,RIVERSIDE,2011,12,83,92,92,92
Santa Barbara,RIVERSIDE,2017,19,84,58,79,84
Santa Barbara,RIVERSIDE,2018,14,86,36,71,71
Santa Barbara,RIVERSIDE,2019,18,89,61,72,83
Santa Barbara,RIVERSIDE,2020,10,80,30,70,80
Santa Barbara,RIVERSIDE,2021,13,92,54,69,85
Santa Barbara,RIVERSIDE,2023,10,90,50,,
Santa Barbara,RIVERSIDE,2024,12,92,,,
Santa Barbara,ROCKLIN,2000,16,75,19,75,75
Santa Barbara,ROCKLIN,2001,18,94,50,78,78
Santa Barbara,ROCKLIN,2002,19,95,63,84,89
Santa Barbara,ROCKLIN,2004,28,89,64,93,93
Santa Barbara,ROCKLIN,2005,12,92,58,67,75
Santa Barbara,ROCKLIN,2006,15,73,47,67,67
Santa Barbara,ROCKLIN,2008,14,93,86,93,93
Santa Barbara,ROCKLIN,2009,20,60,50,75,85
Santa Barbara,ROCKLIN,2010,15,93,80,93,93
Santa Barbara,ROCKLIN,2011,10,100,70,90,90
Santa Barbara,ROCKLIN,2012,14,86,50,86,93
Santa Barbara,ROCKLIN,2013,11,82,64,82,82
Santa Barbara,ROCKLIN,2014,11,100,91,91,100
Santa Barbara,ROCKLIN,2015,10,100,60,90,90
Santa Barbara,ROCKLIN,2016,20,90,65,90,90
Santa Barbara,ROCKLIN,2017,16,94,94,94,94
Santa Barbara,ROCKLIN,2018,21,95,57,86,86
Santa Barbara,ROCKLIN,2019,17,88,71,94,100
Santa Barbara,ROCKLIN,2020,20,95,50,80,85
Santa Barbara,ROCKLIN,2021,21,76,57,76,76
Santa Barbara,ROCKLIN,2022,16,94,69,81,
Santa Barbara,ROCKLIN,2023,10,100,70,,
Santa Barbara,ROCKLIN,2024,25,96,,,
Santa Barbara,SACRAMENTO,1999,11,91,45,73,82
Santa Barbara,SACRAMENTO,2000,14,86,43,64,79
Santa Barbara,SACRAMENTO,2002,11,82,45,73,73
Santa Barbara,SACRAMENTO,2002,10,90,40,60,70
Santa Barbara,SACRAMENTO,2004,14,93,64,86,93
Santa Barbara,SACRAMENTO,2009,12,100,83,92,100
Santa Barbara,SACRAMENTO,2012,11,91,91,91,91
Santa Barbara,SACRAMENTO,2013,12,92,83,100,100
Santa Barbara,SACRAMENTO,2014,10,100,70,100,100
Santa Barbara,SACRAMENTO,2015,13,92,54,85,92
Santa Barbara,SACRAMENTO,2016,10,90,30,70,80
Santa Barbara,SACRAMENTO,2016,10,100,90,100,100
Santa Barbara,SACRAMENTO,2017,10,100,70,100,100
Santa Barbara,SACRAMENTO,2018,11,91,64,91,91
Santa Barbara,SACRAMENTO,2019,12,100,83,92,92
Santa Barbara,SACRAMENTO,2020,20,85,55,90,100
Santa Barbara,SACRAMENTO,2021,15,93,67,87,93
Santa Barbara,SACRAMENTO,2022,11,73,27,64,
Santa Barbara,SACRAMENTO,2022,10,100,60,80,
Santa Barbara,SACRAMENTO,2023,10,90,70,,
Santa Barbara,SACRAMENTO,2023,12,83,58,,
Santa Barbara,SACRAMENTO,2024,11,91,,,
Santa Barbara,SALINAS,2002,10,100,30,60,80
Santa Barbara,SALINAS,2005,12,83,75,75,75
Santa Barbara,SAN BRUNO,2016,10,100,80,100,100
Santa Barbara,SAN BRUNO,2018,10,70,60,70,70
Santa Barbara,SAN BRUNO,2019,13,100,62,100,100
Santa Barbara,SAN BRUNO,2020,11,91,55,82,82
Santa Barbara,SAN DIEGO,2004,10,100,70,90,100
Santa Barbara,SAN DIEGO,2009,10,100,50,90,90
Santa Barbara,SAN DIEGO,2013,13,92,62,92,92
Santa Barbara,SAN DIEGO,2014,17,82,47,82,88
Santa Barbara,SAN DIEGO,2015,10,100,40,80,80
Santa Barbara,SAN DIEGO,2016,21,81,57,62,62
Santa Barbara,SAN DIEGO,2017,19,95,63,95,95
Santa Barbara,SAN DIEGO,2018,14,79,50,86,86
Santa Barbara,SAN DIEGO,2018,13,77,46,69,77
Santa Barbara,SAN DIEGO,2019,20,85,45,65,75
Santa Barbara,SAN DIEGO,2019,12,92,58,83,83
Santa Barbara,SAN DIEGO,2020,18,78,44,78,83
Santa Barbara,SAN DIEGO,2020,11,91,55,91,91
Santa Barbara,SAN DIEGO,2021,12,83,58,67,83
Santa Barbara,SAN DIEGO,2021,17,100,65,88,100
Santa Barbara,SAN DIEGO,2022,12,83,75,83,
Santa Barbara,SAN DIEGO,2022,10,100,80,100,
Santa Barbara,SAN DIEGO,2023,14,100,86,,
Santa Barbara,SAN DIEGO,2024,11,91,,,
Santa Barbara,SAN FRANCISCO,2005,13,100,69,100,100
Santa Barbara,SAN FRANCISCO,2011,14,100,86,100,100
Santa Barbara,SAN FRANCISCO,2012,20,85,65,85,85
Santa Barbara,SAN FRANCISCO,2014,17,94,82,88,88
Santa Barbara,SAN FRANCISCO,2015,13,85,77,85,85
Santa Barbara,SAN FRANCISCO,2016,15,100,53,100,100
Santa Barbara,SAN FRANCISCO,2017,17,88,82,94,94
Santa Barbara,SAN FRANCISCO,2018,14,71,50,86,86
Santa Barbara,SAN FRANCISCO,2019,11,100,45,91,91
Santa Barbara,SAN FRANCISCO,2020,18,89,67,72,78
Santa Barbara,SAN FRANCISCO,2021,12,92,58,92,92
Santa Barbara,SAN FRANCISCO,2022,10,90,50,80,
Santa Barbara,SAN FRANCISCO,2023,18,94,61,,
Santa Barbara,SAN JACINTO,2012,13,100,69,100,100
Santa Barbara,SAN JACINTO,2014,10,90,60,70,70
Santa Barbara,SAN JACINTO,2017,11,82,73,82,82
Santa Barbara,SAN JACINTO,2018,10,80,40,70,70
Santa Barbara,SAN JACINTO,2024,13,100,,,
Santa Barbara,SAN JOSE,2020,10,90,20,80,90
Santa Barbara,SAN LUIS OBISPO,1999,15,100,33,60,80
Santa Barbara,SAN LUIS OBISPO,2000,15,87,40,67,73
Santa Barbara,SAN LUIS OBISPO,2001,13,85,54,77,85
Santa Barbara,SAN LUIS OBISPO,2002,16,88,69,94,94
Santa Barbara,SAN LUIS OBISPO,2003,24,88,75,88,88
Santa Barbara,SAN LUIS OBISPO,2004,14,86,57,79,79
Santa Barbara,SAN LUIS OBISPO,2005,15,93,53,87,93
Santa Barbara,SAN LUIS OBISPO,2006,21,90,57,86,86
Santa Barbara,SAN LUIS OBISPO,2007,11,82,36,73,73
Santa Barbara,SAN LUIS OBISPO,2008,13,100,77,85,92
Santa Barbara,SAN LUIS OBISPO,2009,23,100,91,100,100
Santa Barbara,SAN LUIS OBISPO,2010,31,100,71,97,97
Santa Barbara,SAN LUIS OBISPO,2011,22,86,73,86,86
Santa Barbara,SAN LUIS OBISPO,2012,27,96,67,85,85
Santa Barbara,SAN LUIS OBISPO,2013,21,90,81,86,90
Santa Barbara,SAN LUIS OBISPO,2014,15,100,67,93,93
Santa Barbara,SAN LUIS OBISPO,2015,15,87,67,87,87
Santa Barbara,SAN LUIS OBISPO,2016,17,88,47,59,76
Santa Barbara,SAN LUIS OBISPO,2017,26,96,65,96,96
Santa Barbara,SAN LUIS OBISPO,2018,27,96,52,74,85
Santa Barbara,SAN LUIS OBISPO,2019,19,95,63,89,95
Santa Barbara,SAN LUIS OBISPO,2020,32,81,47,75,78
Santa Barbara,SAN LUIS OBISPO,2021,25,92,64,84,96
Santa Barbara,SAN LUIS OBISPO,2022,15,100,80,93,
Santa Barbara,SAN LUIS OBISPO,2023,27,81,74,,
Santa Barbara,SAN LUIS OBISPO,2024,34,94,,,
Santa Barbara,SAN MARCOS,1999,10,90,30,60,80
Santa Barbara,SAN MARCOS,2001,10,70,60,60,70
Santa Barbara,SAN MARCOS,2003,19,79,53,84,89
Santa Barbara,SAN MARCOS,2005,11,100,73,91,91
Santa Barbara,SAN MARCOS,2007,10,90,70,80,90
Santa Barbara,SAN MARCOS,2008,11,82,64,91,91
Santa Barbara,SAN MARCOS,2010,20,85,75,75,85
Santa Barbara,SAN MARCOS,2011,13,92,62,69,77
Santa Barbara,SAN MARCOS,2012,15,100,67,87,93
Santa Barbara,SAN MARCOS,2013,16,94,56,88,88
Santa Barbara,SAN MARCOS,2014,15,100,60,100,100
Santa Barbara,SAN MARCOS,2015,13,100,77,100,100
Santa Barbara,SAN MARCOS,2016,20,95,55,75,80
Santa Barbara,SAN MARCOS,2017,10,100,80,100,100
Santa Barbara,SAN MARCOS,2018,12,92,50,67,67
Santa Barbara,SAN MARCOS,2019,14,100,64,93,93
Santa Barbara,SAN MARCOS,2020,13,85,54,77,77
Santa Barbara,SAN MARCOS,2021,14,93,71,100,100
Santa Barbara,SAN MARCOS,2022,26,100,77,88,
Santa Barbara,SAN MARCOS,2023,18,94,89,,
Santa Barbara,SAN MARCOS,2024,25,100,,,
Santa Barbara,SAN MATEO,1999,11,82,36,73,82
Santa Barbara,SAN MATEO,2000,11,91,64,91,100
Santa Barbara,SAN MATEO,2002,15,100,53,87,87
Santa Barbara,SAN MATEO,2005,10,90,30,80,90
Santa Barbara,SAN MATEO,2007,11,100,91,100,100
Santa Barbara,SAN MATEO,2008,13,92,46,69,69
Santa Barbara,SAN MATEO,2009,12,92,92,92,92
Santa Barbara,SAN MATEO,2014,12,92,58,83,92
Santa Barbara,SAN MATEO,2015,11,91,64,91,91
Santa Barbara,SAN MATEO,2016,23,91,57,83,83
Santa Barbara,SAN MATEO,2017,29,90,62,79,83
Santa Barbara,SAN MATEO,2018,49,98,71,90,94
Santa Barbara,SAN MATEO,2019,39,90,72,85,90
Santa Barbara,SAN MATEO,2020,37,84,54,73,81
Santa Barbara,SAN MATEO,2021,41,88,68,85,88
Santa Barbara,SAN MATEO,2022,27,93,74,89,
Santa Barbara,SAN MATEO,2023,24,100,54,,
Santa Barbara,SAN MATEO,2024,20,100,,,
Santa Barbara,SANTA ANA,2002,10,100,50,70,70
Santa Barbara,SANTA BARBARA,1999,233,91,50,74,82
Santa Barbara,SANTA BARBARA,2000,280,91,60,80,86
Santa Barbara,SANTA BARBARA,2001,269,90,56,78,83
Santa Barbara,SANTA BARBARA,2002,287,90,54,78,84
Santa Barbara,SANTA BARBARA,2003,331,91,66,85,89
Santa Barbara,SANTA BARBARA,2004,337,88,62,81,84
Santa Barbara,SANTA BARBARA,2005,358,90,63,83,85
Santa Barbara,SANTA BARBARA,2006,333,90,65,81,84
Santa Barbara,SANTA BARBARA,2007,311,93,66,83,86
Santa Barbara,SANTA BARBARA,2008,394,91,72,84,87
Santa Barbara,SANTA BARBARA,2009,425,92,73,87,89
Santa Barbara,SANTA BARBARA,2010,416,94,76,91,94
Santa Barbara,SANTA BARBARA,2011,338,92,80,90,91
Santa Barbara,SANTA BARBARA,2012,334,96,80,92,93
Santa Barbara,SANTA BARBARA,2013,270,95,76,92,93
Santa Barbara,SANTA BARBARA,2014,284,91,75,87,88
Santa Barbara,SANTA BARBARA,2015,296,93,74,87,89
Santa Barbara,SANTA BARBARA,2016,425,92,70,87,90
Santa Barbara,SANTA BARBARA,2017,393,92,67,85,88
Santa Barbara,SANTA BARBARA,2018,428,95,73,89,92
Santa Barbara,SANTA BARBARA,2019,365,93,68,86,90
Santa Barbara,SANTA BARBARA,2020,455,91,62,85,89
Santa Barbara,SANTA BARBARA,2021,339,94,75,89,90
Santa Barbara,SANTA BARBARA,2022,431,98,74,91,
Santa Barbara,SANTA BARBARA,2023,502,96,76,,
Santa Barbara,SANTA BARBARA,2024,485,96,,,
Santa Barbara,SANTA MARIA,1999,19,89,42,79,84
Santa Barbara,SANTA MARIA,2000,25,92,56,76,80
Santa Barbara,SANTA MARIA,2001,23,91,43,78,83
Santa Barbara,SANTA MARIA,2002,23,96,57,74,78
Santa Barbara,SANTA MARIA,2003,34,85,47,74,79
Santa Barbara,SANTA MARIA,2004,45,80,47,73,76
Santa Barbara,SANTA MARIA,2005,36,97,44,86,92
Santa Barbara,SANTA MARIA,2006,34,82,50,76,79
Santa Barbara,SANTA MARIA,2007,36,72,42,61,64
Santa Barbara,SANTA MARIA,2008,36,89,50,64,67
Santa Barbara,SANTA MARIA,2009,38,76,39,63,71
Santa Barbara,SANTA MARIA,2010,18,89,78,89,89
Santa Barbara,SANTA MARIA,2011,24,96,71,92,96
Santa Barbara,SANTA MARIA,2012,30,83,70,80,87
Santa Barbara,SANTA MARIA,2013,30,93,73,83,90
Santa Barbara,SANTA MARIA,2014,22,86,50,73,73
Santa Barbara,SANTA MARIA,2015,27,93,67,89,89
Santa Barbara,SANTA MARIA,2016,32,94,56,84,91
Santa Barbara,SANTA MARIA,2017,21,90,76,81,86
Santa Barbara,SANTA MARIA,2018,35,86,57,80,80
Santa Barbara,SANTA MARIA,2019,29,93,59,83,86
Santa Barbara,SANTA MARIA,2020,29,90,59,72,76
Santa Barbara,SANTA MARIA,2021,23,96,74,91,96
Santa Barbara,SANTA MARIA,2022,18,89,61,78,
Santa Barbara,SANTA MARIA,2023,25,88,64,,
Santa Barbara,SANTA MARIA,2024,29,93,,,
Santa Barbara,SANTA MONICA,1999,23,91,52,91,96
Santa Barbara,SANTA MONICA,2000,31,97,39,74,84
Santa Barbara,SANTA MONICA,2001,36,78,42,61,67
Santa Barbara,SANTA MONICA,2002,36,86,56,75,81
Santa Barbara,SANTA MONICA,2003,60,88,45,73,80
Santa Barbara,SANTA MONICA,2004,92,90,49,78,82
Santa Barbara,SANTA MONICA,2005,41,80,56,83,88
Santa Barbara,SANTA MONICA,2006,61,89,64,77,85
Santa Barbara,SANTA MONICA,2007,49,92,49,73,82
Santa Barbara,SANTA MONICA,2008,54,80,54,78,83
Santa Barbara,SANTA MONICA,2009,77,86,56,74,83
Santa Barbara,SANTA MONICA,2010,62,95,66,90,92
Santa Barbara,SANTA MONICA,2011,67,90,69,87,88
Santa Barbara,SANTA MONICA,2012,82,88,63,85,89
Santa Barbara,SANTA MONICA,2013,71,96,70,80,85
Santa Barbara,SANTA MONICA,2014,87,94,61,85,86
Santa Barbara,SANTA MONICA,2015,100,99,73,92,94
Santa Barbara,SANTA MONICA,2016,94,90,55,83,87
Santa Barbara,SANTA MONICA,2017,161,93,68,86,88
Santa Barbara,SANTA MONICA,2018,150,88,67,87,89
Santa Barbara,SANTA MONICA,2019,123,92,64,83,87
Santa Barbara,SANTA MONICA,2020,142,83,51,78,83
Santa Barbara,SANTA MONICA,2021,118,97,68,88,92
Santa Barbara,SANTA MONICA,2022,135,92,67,90,
Santa Barbara,SANTA MONICA,2023,100,96,65,,
Santa Barbara,SANTA MONICA,2024,113,94,,,
Santa Barbara,SANTA ROSA,1999,18,94,39,83,89
Santa Barbara,SANTA ROSA,2000,29,90,52,86,86
Santa Barbara,SANTA ROSA,2001,21,90,62,81,81
Santa Barbara,SANTA ROSA,2002,15,93,47,67,67
Santa Barbara,SANTA ROSA,2003,20,100,60,100,100
Santa Barbara,SANTA ROSA,2004,23,87,65,83,83
Santa Barbara,SANTA ROSA,2005,14,100,64,79,93
Santa Barbara,SANTA ROSA,2006,14,86,50,64,71
Santa Barbara,SANTA ROSA,2007,12,92,58,92,92
Santa Barbara,SANTA ROSA,2008,18,83,67,83,83
Santa Barbara,SANTA ROSA,2009,24,92,67,88,88
Santa Barbara,SANTA ROSA,2010,10,90,70,80,80
Santa Barbara,SANTA ROSA,2011,16,100,88,100,100
Santa Barbara,SANTA ROSA,2012,19,89,63,79,84
Santa Barbara,SANTA ROSA,2013,16,94,69,81,88
Santa Barbara,SANTA ROSA,2014,13,100,77,77,77
Santa Barbara,SANTA ROSA,2015,15,100,80,93,93
Santa Barbara,SANTA ROSA,2016,25,96,72,92,96
Santa Barbara,SANTA ROSA,2017,14,93,71,100,100
Santa Barbara,SANTA ROSA,2018,33,88,61,79,85
Santa Barbara,SANTA ROSA,2019,24,83,42,75,79
Santa Barbara,SANTA ROSA,2020,26,81,62,81,88
Santa Barbara,SANTA ROSA,2021,21,95,52,90,90
Santa Barbara,SANTA ROSA,2022,20,90,50,90,
Santa Barbara,SANTA ROSA,2023,15,87,67,,
Santa Barbara,SANTA ROSA,2024,15,80,,,
Santa Barbara,SARATOGA,1999,11,100,55,82,82
Santa Barbara,SARATOGA,2001,12,83,67,75,83
Santa Barbara,SARATOGA,2002,13,92,69,92,92
Santa Barbara,SARATOGA,2004,14,79,43,71,79
Santa Barbara,SARATOGA,2005,14,93,64,86,86
Santa Barbara,SARATOGA,2006,10,90,60,80,90
Santa Barbara,SARATOGA,2007,11,91,64,91,91
Santa Barbara,SARATOGA,2008,16,94,56,94,94
Santa Barbara,SARATOGA,2009,20,95,80,85,90
Santa Barbara,SARATOGA,2011,10,80,60,80,80
Santa Barbara,SARATOGA,2013,19,79,42,74,79
Santa Barbara,SARATOGA,2014,18,83,44,72,78
Santa Barbara,SARATOGA,2015,15,87,53,80,80
Santa Barbara,SARATOGA,2016,16,94,63,94,94
Santa Barbara,SARATOGA,2017,16,75,63,69,69
Santa Barbara,SARATOGA,2018,13,100,62,85,92
Santa Barbara,SARATOGA,2019,14,93,64,93,93
Santa Barbara,SARATOGA,2020,21,95,52,81,86
Santa Barbara,SARATOGA,2021,23,100,61,87,96
Santa Barbara,SARATOGA,2022,21,100,76,95,
Santa Barbara,SARATOGA,2023,20,95,70,,
Santa Barbara,SARATOGA,2024,29,93,,,
Santa Barbara,STOCKTON,2016,11,91,64,91,91
Santa Barbara,STOCKTON,2022,10,100,90,100,
Santa Barbara,TORRANCE,2000,14,86,29,71,79
Santa Barbara,TORRANCE,2001,16,81,31,63,75
Santa Barbara,TORRANCE,2002,19,84,32,53,68
Santa Barbara,TORRANCE,2003,15,93,53,73,87
Santa Barbara,TORRANCE,2004,20,80,30,55,75
Santa Barbara,TORRANCE,2005,27,96,67,78,81
Santa Barbara,TORRANCE,2006,24,88,38,63,75
Santa Barbara,TORRANCE,2007,12,92,33,75,83
Santa Barbara,TORRANCE,2008,33,88,61,73,79
Santa Barbara,TORRANCE,2009,28,82,68,79,79
Santa Barbara,TORRANCE,2010,40,95,58,85,90
Santa Barbara,TORRANCE,2011,29,97,62,86,86
Santa Barbara,TORRANCE,2012,26,96,73,88,92
Santa Barbara,TORRANCE,2013,22,91,73,91,91
Santa Barbara,TORRANCE,2014,30,83,47,83,83
Santa Barbara,TORRANCE,2015,22,91,55,82,86
Santa Barbara,TORRANCE,2016,46,89,59,80,85
Santa Barbara,TORRANCE,2017,45,98,71,80,84
Santa Barbara,TORRANCE,2018,44,89,59,89,89
Santa Barbara,TORRANCE,2019,47,85,66,89,91
Santa Barbara,TORRANCE,2020,43,91,53,81,84
Santa Barbara,TORRANCE,2021,44,95,73,89,89
Santa Barbara,TORRANCE,2022,38,82,45,79,
Santa Barbara,TORRANCE,2023,37,95,78,,
Santa Barbara,TORRANCE,2024,40,100,,,
Santa Barbara,VALENCIA,1999,11,91,45,82,82
Santa Barbara,VALENCIA,2000,23,96,43,83,87
Santa Barbara,VALENCIA,2001,24,83,54,92,92
Santa Barbara,VALENCIA,2002,19,89,53,84,84
Santa Barbara,VALENCIA,2003,19,95,58,89,89
Santa Barbara,VALENCIA,2004,37,95,59,86,95
Santa Barbara,VALENCIA,2005,22,95,68,82,82
Santa Barbara,VALENCIA,2006,24,92,67,88,88
Santa Barbara,VALENCIA,2007,22,95,50,82,82
Santa Barbara,VALENCIA,2008,25,92,72,88,88
Santa Barbara,VALENCIA,2009,32,97,78,84,88
Santa Barbara,VALENCIA,2010,33,88,67,85,85
Santa Barbara,VALENCIA,2011,38,97,74,97,97
Santa Barbara,VALENCIA,2012,32,100,78,97,97
Santa Barbara,VALENCIA,2013,28,93,75,93,96
Santa Barbara,VALENCIA,2014,22,82,41,64,73
Santa Barbara,VALENCIA,2015,26,88,65,88,88
Santa Barbara,VALENCIA,2016,53,92,62,87,89
Santa Barbara,VALENCIA,2017,35,86,60,83,86
Santa Barbara,VALENCIA,2018,57,93,67,86,89
Santa Barbara,VALENCIA,2019,50,96,78,96,96
Santa Barbara,VALENCIA,2020,45,87,47,80,84
Santa Barbara,VALENCIA,2021,44,91,64,82,86
Santa Barbara,VALENCIA,2022,51,90,75,88,
Santa Barbara,VALENCIA,2023,37,97,57,,
Santa Barbara,VALENCIA,2024,47,94,,,
Santa Barbara,VAN NUYS,2000,12,100,33,75,92
Santa Barbara,VAN NUYS,2001,12,83,17,67,67
Santa Barbara,VAN NUYS,2002,13,69,31,46,54
Santa Barbara,VAN NUYS,2003,16,88,56,81,88
Santa Barbara,VAN NUYS,2004,22,82,50,82,82
Santa Barbara,VAN NUYS,2005,18,89,61,89,89
Santa Barbara,VAN NUYS,2006,17,94,65,88,88
Santa Barbara,VAN NUYS,2007,15,73,60,73,73
Santa Barbara,VAN NUYS,2008,19,95,58,74,84
Santa Barbara,VAN NUYS,2009,16,81,69,88,88
Santa Barbara,VAN NUYS,2010,14,93,64,86,93
Santa Barbara,VAN NUYS,2011,15,87,27,53,60
Santa Barbara,VAN NUYS,2012,17,94,65,94,94
Santa Barbara,VAN NUYS,2013,12,100,75,92,92
Santa Barbara,VAN NUYS,2015,21,90,62,81,86
Santa Barbara,VAN NUYS,2016,21,90,57,81,81
Santa Barbara,VAN NUYS,2017,29,86,52,83,86
Santa Barbara,VAN NUYS,2018,28,89,61,79,86
Santa Barbara,VAN NUYS,2019,19,95,63,89,95
Santa Barbara,VAN NUYS,2020,25,84,44,80,88
Santa Barbara,VAN NUYS,2021,17,94,71,88,94
Santa Barbara,VAN NUYS,2022,10,90,80,90,
Santa Barbara,VAN NUYS,2023,11,100,45,,
Santa Barbara,VAN NUYS,2024,18,94,,,
Santa Barbara,VENTURA,1999,45,84,31,62,76
Santa Barbara,VENTURA,2000,50,90,44,76,80
Santa Barbara,VENTURA,2001,57,75,33,63,68
Santa Barbara,VENTURA,2002,63,84,40,68,73
Santa Barbara,VENTURA,2003,58,91,62,84,88
Santa Barbara,VENTURA,2004,75,83,40,68,73
Santa Barbara,VENTURA,2005,66,79,47,71,73
Santa Barbara,VENTURA,2006,70,83,33,61,69
Santa Barbara,VENTURA,2007,40,78,45,60,73
Santa Barbara,VENTURA,2008,48,75,44,67,69
Santa Barbara,VENTURA,2009,65,86,49,75,78
Santa Barbara,VENTURA,2010,67,85,63,78,78
Santa Barbara,VENTURA,2011,39,87,49,72,77
Santa Barbara,VENTURA,2012,55,76,49,71,73
Santa Barbara,VENTURA,2013,39,87,59,74,85
Santa Barbara,VENTURA,2014,36,86,61,83,86
Santa Barbara,VENTURA,2015,35,77,57,80,80
Santa Barbara,VENTURA,2016,44,91,50,75,86
Santa Barbara,VENTURA,2017,39,90,54,74,79
Santa Barbara,VENTURA,2018,62,87,58,76,81
Santa Barbara,VENTURA,2019,51,86,55,78,80
Santa Barbara,VENTURA,2020,43,84,51,70,74
Santa Barbara,VENTURA,2021,31,94,45,77,81
Santa Barbara,VENTURA,2022,47,79,64,77,
Santa Barbara,VENTURA,2023,41,95,61,,
Santa Barbara,VENTURA,2024,27,89,,,
Santa Barbara,VISALIA,2015,12,92,75,100,100
Santa Barbara,WALNUT,2001,11,91,45,82,82
Santa Barbara,WALNUT,2002,14,79,14,64,71
Santa Barbara,WALNUT,2003,12,92,42,75,75
Santa Barbara,WALNUT,2004,11,91,82,82,91
Santa Barbara,WALNUT,2006,17,76,41,65,76
Santa Barbara,WALNUT,2008,13,85,62,85,85
Santa Barbara,WALNUT,2009,20,90,50,75,80
Santa Barbara,WALNUT,2010,25,92,72,92,92
Santa Barbara,WALNUT,2011,17,94,41,71,82
Santa Barbara,WALNUT,2012,16,94,75,94,94
Santa Barbara,WALNUT,2013,28,93,71,93,93
Santa Barbara,WALNUT,2014,27,89,52,89,89
Santa Barbara,WALNUT,2015,32,84,63,78,84
Santa Barbara,WALNUT,2016,32,88,53,75,81
Santa Barbara,WALNUT,2017,42,93,57,81,83
Santa Barbara,WALNUT,2018,25,92,60,84,84
Santa Barbara,WALNUT,2019,19,100,74,95,100
Santa Barbara,WALNUT,2020,35,91,49,83,89
Santa Barbara,WALNUT,2021,33,94,70,94,94
Santa Barbara,WALNUT,2022,29,90,55,83,
Santa Barbara,WALNUT,2023,18,100,94,,
Santa Barbara,WALNUT,2024,28,93,,,
Santa Barbara,WILMINGTON,2016,15,87,47,73,73
Santa Barbara,WILMINGTON,2017,12,92,50,75,83
Santa Barbara,WOODLAND HILLS,1999,10,90,20,40,50
Santa Barbara,WOODLAND HILLS,2001,14,64,43,43,64
Santa Barbara,WOODLAND HILLS,2002,15,100,80,87,87
Santa Barbara,WOODLAND HILLS,2003,24,96,71,92,100
Santa Barbara,WOODLAND HILLS,2004,23,100,30,87,91
Santa Barbara,WOODLAND HILLS,2005,19,95,42,74,84
Santa Barbara,WOODLAND HILLS,2006,35,89,40,66,71
Santa Barbara,WOODLAND HILLS,2007,29,79,52,66,76
Santa Barbara,WOODLAND HILLS,2008,38,87,53,68,74
Santa Barbara,WOODLAND HILLS,2009,51,94,63,82,88
Santa Barbara,WOODLAND HILLS,2010,30,93,63,87,90
Santa Barbara,WOODLAND HILLS,2011,41,88,71,85,85
Santa Barbara,WOODLAND HILLS,2012,47,83,51,74,83
Santa Barbara,WOODLAND HILLS,2013,32,91,59,88,91
Santa Barbara,WOODLAND HILLS,2014,34,88,68,85,88
Santa Barbara,WOODLAND HILLS,2015,23,96,83,91,91
Santa Barbara,WOODLAND HILLS,2016,42,86,64,71,76
Santa Barbara,WOODLAND HILLS,2017,56,98,50,79,89
Santa Barbara,WOODLAND HILLS,2018,55,84,53,82,84
Santa Barbara,WOODLAND HILLS,2019,34,88,44,82,88
Santa Barbara,WOODLAND HILLS,2020,50,90,52,74,76
Santa Barbara,WOODLAND HILLS,2021,42,95,74,90,95
Santa Barbara,WOODLAND HILLS,2022,52,92,56,81,
Santa Barbara,WOODLAND HILLS,2023,40,90,65,,
Santa Barbara,WOODLAND HILLS,2024,45,89,,,
Santa Cruz,ALAMEDA,2021,12,100,58,83,92
Santa Cruz,APTOS,1999,106,94,51,81,88
Santa Cruz,APTOS,2000,143,92,49,77,84
Santa Cruz,APTOS,2001,166,86,56,75,79
Santa Cruz,APTOS,2002,125,93,50,75,81
Santa Cruz,APTOS,2003,148,93,47,75,82
Santa Cruz,APTOS,2004,177,88,59,76,84
Santa Cruz,APTOS,2005,140,93,55,87,89
Santa Cruz,APTOS,2006,104,88,54,84,87
Santa Cruz,APTOS,2007,91,92,54,79,87
Santa Cruz,APTOS,2008,118,91,46,78,81
Santa Cruz,APTOS,2009,121,91,52,79,84
Santa Cruz,APTOS,2010,115,88,56,81,84
Santa Cruz,APTOS,2011,106,92,57,82,86
Santa Cruz,APTOS,2012,124,90,60,81,85
Santa Cruz,APTOS,2013,108,93,56,81,86
Santa Cruz,APTOS,2014,98,89,58,88,92
Santa Cruz,APTOS,2015,91,88,63,84,87
Santa Cruz,APTOS,2016,142,94,62,86,87
Santa Cruz,APTOS,2017,124,95,68,88,90
Santa Cruz,APTOS,2018,152,93,69,84,89
Santa Cruz,APTOS,2019,144,91,64,81,85
Santa Cruz,APTOS,2020,118,91,64,80,81
Santa Cruz,APTOS,2021,101,83,64,79,82
Santa Cruz,APTOS,2022,103,94,79,88,
Santa Cruz,APTOS,2023,85,96,81,,
Santa Cruz,APTOS,2024,113,95,,,
Santa Cruz,BAKERSFIELD,2020,10,80,50,70,80
Santa Cruz,BERKELEY,2010,11,91,64,82,91
Santa Cruz,BERKELEY,2011,14,93,43,64,71
Santa Cruz,BERKELEY,2012,13,85,46,69,69
Santa Cruz,BERKELEY,2014,15,93,73,87,93
Santa Cruz,BERKELEY,2015,13,100,69,100,100
Santa Cruz,BERKELEY,2016,13,92,46,85,100
Santa Cruz,BERKELEY,2017,20,90,60,80,80
Santa Cruz,BERKELEY,2018,42,93,64,93,95
Santa Cruz,BERKELEY,2019,29,93,55,79,86
Santa Cruz,BERKELEY,2020,37,78,35,57,59
Santa Cruz,BERKELEY,2021,26,92,77,92,92
Santa Cruz,BERKELEY,2022,19,95,58,79,
Santa Cruz,BERKELEY,2023,17,82,47,,
Santa Cruz,BERKELEY,2024,29,93,,,
Santa Cruz,COSTA MESA,2000,10,70,40,60,60
Santa Cruz,COSTA MESA,2001,15,93,47,87,100
Santa Cruz,COSTA MESA,2002,13,77,23,54,62
Santa Cruz,COSTA MESA,2003,14,100,43,79,79
Santa Cruz,COSTA MESA,2004,16,88,38,81,81
Santa Cruz,COSTA MESA,2005,11,91,45,73,82
Santa Cruz,COSTA MESA,2006,14,93,29,71,86
Santa Cruz,COSTA MESA,2007,11,82,18,73,73
Santa Cruz,COSTA MESA,2008,12,92,50,83,83
Santa Cruz,COSTA MESA,2009,10,100,70,100,100
Santa Cruz,COSTA MESA,2010,17,88,53,82,88
Santa Cruz,COSTA MESA,2011,19,95,58,89,89
Santa Cruz,COSTA MESA,2012,20,100,65,95,95
Santa Cruz,COSTA MESA,2013,17,88,35,76,76
Santa Cruz,COSTA MESA,2014,14,86,71,86,86
Santa Cruz,COSTA MESA,2015,11,100,73,100,100
Santa Cruz,COSTA MESA,2016,16,88,75,94,94
Santa Cruz,COSTA MESA,2017,15,100,67,93,100
Santa Cruz,COSTA MESA,2018,17,100,59,88,100
Santa Cruz,COSTA MESA,2019,13,77,62,77,77
Santa Cruz,COSTA MESA,2020,24,83,58,71,83
Santa Cruz,COSTA MESA,2021,15,93,53,80,93
Santa Cruz,COSTA MESA,2022,11,91,82,91,
Santa Cruz,COSTA MESA,2023,14,100,79,,
Santa Cruz,COSTA MESA,2024,15,93,,,
Santa Cruz,CUPERTINO,1999,56,86,46,70,79
Santa Cruz,CUPERTINO,2000,65,86,51,82,86
Santa Cruz,CUPERTINO,2001,50,94,44,78,82
Santa Cruz,CUPERTINO,2002,83,89,43,71,78
Santa Cruz,CUPERTINO,2003,55,82,58,75,75
Santa Cruz,CUPERTINO,2004,76,92,50,76,82
Santa Cruz,CUPERTINO,2005,57,88,46,79,79
Santa Cruz,CUPERTINO,2006,40,95,43,73,83
Santa Cruz,CUPERTINO,2007,37,86,57,84,84
Santa Cruz,CUPERTINO,2008,44,93,68,70,77
Santa Cruz,CUPERTINO,2009,50,86,42,66,70
Santa Cruz,CUPERTINO,2010,66,97,52,80,91
Santa Cruz,CUPERTINO,2011,55,96,64,84,85
Santa Cruz,CUPERTINO,2012,50,92,50,74,84
Santa Cruz,CUPERTINO,2013,40,98,65,93,95
Santa Cruz,CUPERTINO,2014,53,94,57,89,91
Santa Cruz,CUPERTINO,2015,54,93,63,89,94
Santa Cruz,CUPERTINO,2016,67,96,66,91,91
Santa Cruz,CUPERTINO,2017,81,98,65,84,90
Santa Cruz,CUPERTINO,2018,134,91,62,78,82
Santa Cruz,CUPERTINO,2019,101,90,59,80,87
Santa Cruz,CUPERTINO,2020,93,88,57,80,81
Santa Cruz,CUPERTINO,2021,123,92,59,81,87
Santa Cruz,CUPERTINO,2022,83,92,60,77,
Santa Cruz,CUPERTINO,2023,92,89,60,,
Santa Cruz,CUPERTINO,2024,102,97,,,
Santa Cruz,EL CAJON,2012,10,80,50,80,90
Santa Cruz,FAIRFIELD,2020,10,90,50,80,80
Santa Cruz,FOLSOM,2012,11,100,73,91,100
Santa Cruz,FOLSOM,2015,10,100,30,80,90
Santa Cruz,FOLSOM,2017,10,100,50,70,90
Santa Cruz,FOLSOM,2018,12,100,67,100,100
Santa Cruz,FOLSOM,2019,16,88,63,94,94
Santa Cruz,FOLSOM,2020,11,82,82,82,91
Santa Cruz,FOLSOM,2021,13,100,69,92,100
Santa Cruz,FOLSOM,2024,10,100,,,
Santa Cruz,FREMONT,1999,11,82,36,45,45
Santa Cruz,FREMONT,2000,11,82,36,73,91
Santa Cruz,FREMONT,2006,16,100,63,88,94
Santa Cruz,FREMONT,2007,10,90,40,60,90
Santa Cruz,FREMONT,2008,13,100,46,69,77
Santa Cruz,FREMONT,2010,20,95,40,75,80
Santa Cruz,FREMONT,2012,26,96,46,73,77
Santa Cruz,FREMONT,2015,19,95,47,63,74
Santa Cruz,FREMONT,2017,21,95,62,95,95
Santa Cruz,FREMONT,2018,25,88,56,80,84
Santa Cruz,FREMONT,2019,32,91,69,84,88
Santa Cruz,FREMONT,2020,28,93,64,82,86
Santa Cruz,FREMONT,2021,30,83,57,77,80
Santa Cruz,FREMONT,2022,16,69,25,44,
Santa Cruz,FREMONT,2023,19,84,47,,
Santa Cruz,FREMONT,2024,27,74,,,
Santa Cruz,FRESNO,2019,13,100,62,92,100
Santa Cruz,FRESNO,2020,13,100,77,92,92
Santa Cruz,FRESNO,2021,14,79,43,64,64
Santa Cruz,FULLERTON,2011,12,92,58,92,92
Santa Cruz,FULLERTON,2012,13,85,31,92,92
Santa Cruz,FULLERTON,2014,10,90,60,80,90
Santa Cruz,FULLERTON,2015,13,100,54,85,85
Santa Cruz,FULLERTON,2018,12,83,83,92,92
Santa Cruz,FULLERTON,2020,10,90,60,100,100
Santa Cruz,FULLERTON,2021,10,80,50,80,80
Santa Cruz,FULLERTON,2024,11,100,,,
Santa Cruz,GILROY,2000,10,80,50,60,80
Santa Cruz,GILROY,2004,10,90,40,60,70
Santa Cruz,GILROY,2010,11,73,36,73,73
Santa Cruz,GILROY,2012,12,100,50,83,92
Santa Cruz,GILROY,2014,10,70,70,70,80
Santa Cruz,GILROY,2017,13,100,69,85,92
Santa Cruz,GILROY,2018,12,92,75,100,100
Santa Cruz,GILROY,2019,20,85,65,85,85
Santa Cruz,GILROY,2020,12,83,42,75,83
Santa Cruz,GILROY,2021,13,69,38,69,69
Santa Cruz,GLENDALE,2012,11,100,82,100,100
Santa Cruz,GLENDALE,2016,14,93,64,71,86
Santa Cruz,GLENDALE,2021,10,90,50,90,90
Santa Cruz,GLENDORA,2018,10,90,50,80,80
Santa Cruz,HAYWARD,2002,11,91,45,45,64
Santa Cruz,HAYWARD,2003,12,100,42,67,83
Santa Cruz,HAYWARD,2004,12,83,67,75,75
Santa Cruz,HAYWARD,2005,10,90,70,80,80
Santa Cruz,HAYWARD,2010,10,100,40,90,90
Santa Cruz,HAYWARD,2012,14,93,43,79,86
Santa Cruz,HAYWARD,2015,12,100,67,100,100
Santa Cruz,HAYWARD,2018,19,84,63,74,79
Santa Cruz,HAYWARD,2019,15,93,60,100,100
Santa Cruz,HAYWARD,2020,16,100,75,75,88
Santa Cruz,HAYWARD,2021,18,89,72,89,89
Santa Cruz,HAYWARD,2022,13,100,62,100,
Santa Cruz,HAYWARD,2023,14,100,50,,
Santa Cruz,HAYWARD,2024,17,94,,,
Santa Cruz,IRVINE,2017,13,92,54,77,85
Santa Cruz,IRVINE,2018,18,89,61,89,89
Santa Cruz,IRVINE,2019,12,100,58,92,92
Santa Cruz,IRVINE,2020,22,95,64,86,86
Santa Cruz,IRVINE,2021,20,90,35,70,75
Santa Cruz,IRVINE,2022,15,93,73,87,
Santa Cruz,IRVINE,2023,13,92,69,,
Santa Cruz,IRVINE,2024,13,92,,,
Santa Cruz,KENTFIELD,2001,12,100,75,83,92
Santa Cruz,KENTFIELD,2004,10,90,60,90,90
Santa Cruz,KENTFIELD,2006,14,93,43,79,86
Santa Cruz,KENTFIELD,2007,10,90,40,80,80
Santa Cruz,KENTFIELD,2009,12,92,33,67,75
Santa Cruz,KENTFIELD,2013,14,86,43,86,86
Santa Cruz,KENTFIELD,2015,15,87,67,73,73
Santa Cruz,KENTFIELD,2016,11,100,64,73,91
Santa Cruz,KENTFIELD,2017,20,100,80,90,95
Santa Cruz,KENTFIELD,2018,21,95,71,86,86
Santa Cruz,KENTFIELD,2019,18,94,78,89,89
Santa Cruz,KENTFIELD,2020,17,88,59,88,88
Santa Cruz,KENTFIELD,2021,19,95,74,89,89
Santa Cruz,KENTFIELD,2022,15,93,73,93,
Santa Cruz,KENTFIELD,2023,17,94,71,,
Santa Cruz,KENTFIELD,2024,19,100,,,
Santa Cruz,LIVERMORE,2004,10,100,80,90,90
Santa Cruz,LIVERMORE,2006,10,80,60,60,70
Santa Cruz,LIVERMORE,2008,10,80,30,80,80
Santa Cruz,LIVERMORE,2009,13,100,54,100,100
Santa Cruz,LIVERMORE,2010,16,100,56,88,94
Santa Cruz,LIVERMORE,2011,17,94,53,88,88
Santa Cruz,LIVERMORE,2012,16,94,56,88,88
Santa Cruz,LIVERMORE,2015,14,93,57,93,93
Santa Cruz,LIVERMORE,2016,12,83,42,67,83
Santa Cruz,LIVERMORE,2017,20,100,70,95,100
Santa Cruz,LIVERMORE,2018,23,100,65,83,83
Santa Cruz,LIVERMORE,2019,18,89,61,72,83
Santa Cruz,LIVERMORE,2020,26,92,69,88,88
Santa Cruz,LIVERMORE,2021,34,94,47,88,94
Santa Cruz,LIVERMORE,2022,30,100,77,97,
Santa Cruz,LIVERMORE,2023,13,92,85,,
Santa Cruz,LIVERMORE,2024,22,100,,,
Santa Cruz,LONG BEACH,2018,13,77,62,77,77
Santa Cruz,LONG BEACH,2020,10,100,60,70,70
Santa Cruz,LONG BEACH,2021,13,100,54,62,62
Santa Cruz,LOS ALTOS HILLS,1999,19,89,37,63,74
Santa Cruz,LOS ALTOS HILLS,2000,31,68,35,55,68
Santa Cruz,LOS ALTOS HILLS,2001,31,77,42,68,77
Santa Cruz,LOS ALTOS HILLS,2002,30,87,43,67,70
Santa Cruz,LOS ALTOS HILLS,2003,24,83,46,75,79
Santa Cruz,LOS ALTOS HILLS,2004,27,93,30,67,78
Santa Cruz,LOS ALTOS HILLS,2005,23,91,52,78,83
Santa Cruz,LOS ALTOS HILLS,2006,22,91,45,73,77
Santa Cruz,LOS ALTOS HILLS,2007,21,71,48,67,76
Santa Cruz,LOS ALTOS HILLS,2008,19,68,32,63,74
Santa Cruz,LOS ALTOS HILLS,2009,27,85,26,63,81
Santa Cruz,LOS ALTOS HILLS,2010,16,88,50,75,81
Santa Cruz,LOS ALTOS HILLS,2011,34,97,50,82,88
Santa Cruz,LOS ALTOS HILLS,2012,24,96,75,100,100
Santa Cruz,LOS ALTOS HILLS,2013,24,92,58,79,88
Santa Cruz,LOS ALTOS HILLS,2014,31,84,65,71,74
Santa Cruz,LOS ALTOS HILLS,2015,32,97,59,91,91
Santa Cruz,LOS ALTOS HILLS,2016,35,86,63,86,86
Santa Cruz,LOS ALTOS HILLS,2017,46,93,57,83,89
Santa Cruz,LOS ALTOS HILLS,2018,61,87,49,82,89
Santa Cruz,LOS ALTOS HILLS,2019,46,85,67,87,89
Santa Cruz,LOS ALTOS HILLS,2020,75,89,60,81,84
Santa Cruz,LOS ALTOS HILLS,2021,53,87,49,68,70
Santa Cruz,LOS ALTOS HILLS,2022,47,87,62,81,
Santa Cruz,LOS ALTOS HILLS,2023,32,97,78,,
Santa Cruz,LOS ALTOS HILLS,2024,39,97,,,
Santa Cruz,MERCED,2020,10,90,50,70,80
Santa Cruz,MISSION VIEJO,2007,10,100,70,70,80
Santa Cruz,MISSION VIEJO,2008,12,100,75,92,92
Santa Cruz,MISSION VIEJO,2010,13,92,77,92,92
Santa Cruz,MISSION VIEJO,2011,25,84,48,88,88
Santa Cruz,MISSION VIEJO,2012,20,95,55,85,90
Santa Cruz,MISSION VIEJO,2013,13,85,46,77,77
Santa Cruz,MISSION VIEJO,2014,16,81,56,81,81
Santa Cruz,MISSION VIEJO,2015,11,100,45,100,100
Santa Cruz,MISSION VIEJO,2016,22,100,68,95,95
Santa Cruz,MISSION VIEJO,2017,11,91,18,82,82
Santa Cruz,MISSION VIEJO,2018,16,88,69,88,88
Santa Cruz,MISSION VIEJO,2019,14,100,43,79,79
Santa Cruz,MISSION VIEJO,2020,26,85,38,73,73
Santa Cruz,MISSION VIEJO,2021,20,90,80,95,95
Santa Cruz,MISSION VIEJO,2022,20,100,85,100,
Santa Cruz,MISSION VIEJO,2023,17,100,71,,
Santa Cruz,MISSION VIEJO,2024,19,95,,,
Santa Cruz,MODESTO,2005,13,85,46,62,62
Santa Cruz,MODESTO,2009,10,90,30,80,80
Santa Cruz,MODESTO,2010,13,54,15,54,54
Santa Cruz,MODESTO,2013,10,90,30,60,80
Santa Cruz,MODESTO,2014,10,90,30,80,80
Santa Cruz,MODESTO,2017,10,90,50,80,80
Santa Cruz,MODESTO,2018,12,100,67,75,83
Santa Cruz,MODESTO,2020,11,91,36,64,64
Santa Cruz,MODESTO,2021,15,80,40,80,80
Santa Cruz,MODESTO,2023,10,80,40,,
Santa Cruz,MONTEREY,1999,15,93,47,80,80
Santa Cruz,MONTEREY,2000,20,80,45,75,75
Santa Cruz,MONTEREY,2001,17,94,53,76,82
Santa Cruz,MONTEREY,2002,21,86,43,67,76
Santa Cruz,MONTEREY,2003,16,94,44,81,81
Santa Cruz,MONTEREY,2004,26,81,38,65,69
Santa Cruz,MONTEREY,2005,20,100,65,80,90
Santa Cruz,MONTEREY,2006,15,80,53,87,87
Santa Cruz,MONTEREY,2007,20,80,35,60,70
Santa Cruz,MONTEREY,2008,14,86,29,79,86
Santa Cruz,MONTEREY,2009,12,92,75,83,83
Santa Cruz,MONTEREY,2010,31,81,42,58,61
Santa Cruz,MONTEREY,2011,26,92,58,73,77
Santa Cruz,MONTEREY,2012,19,100,47,84,95
Santa Cruz,MONTEREY,2013,22,91,55,68,77
Santa Cruz,MONTEREY,2014,18,94,44,89,100
Santa Cruz,MONTEREY,2015,31,87,39,58,61
Santa Cruz,MONTEREY,2016,14,79,36,79,79
Santa Cruz,MONTEREY,2017,25,100,72,88,88
Santa Cruz,MONTEREY,2018,42,90,62,86,88
Santa Cruz,MONTEREY,2019,32,91,63,84,84
Santa Cruz,MONTEREY,2020,11,73,45,64,91
Santa Cruz,MONTEREY,2021,21,100,71,95,95
Santa Cruz,MONTEREY,2022,13,100,62,85,
Santa Cruz,MONTEREY,2023,19,79,63,,
Santa Cruz,MONTEREY,2024,11,91,,,
Santa Cruz,MONTEREY PARK,2016,13,77,46,85,85
Santa Cruz,MONTEREY PARK,2017,19,95,63,79,95
Santa Cruz,MONTEREY PARK,2018,25,92,44,64,68
Santa Cruz,MONTEREY PARK,2019,13,100,62,100,100
Santa Cruz,MONTEREY PARK,2020,14,79,36,86,86
Santa Cruz,MOORPARK,1999,13,100,77,92,92
Santa Cruz,MOORPARK,2001,18,89,33,78,89
Santa Cruz,MOORPARK,2002,12,92,42,100,100
Santa Cruz,MOORPARK,2004,12,83,67,75,83
Santa Cruz,MOORPARK,2005,17,94,65,71,71
Santa Cruz,MOORPARK,2006,15,93,60,67,87
Santa Cruz,MOORPARK,2007,19,84,42,74,74
Santa Cruz,MOORPARK,2008,13,100,85,100,100
Santa Cruz,MOORPARK,2010,32,84,56,69,75
Santa Cruz,MOORPARK,2011,32,100,69,81,94
Santa Cruz,MOORPARK,2012,23,100,61,91,91
Santa Cruz,MOORPARK,2013,19,89,53,89,95
Santa Cruz,MOORPARK,2014,24,100,67,88,88
Santa Cruz,MOORPARK,2015,21,95,67,86,90
Santa Cruz,MOORPARK,2016,22,95,68,91,91
Santa Cruz,MOORPARK,2017,26,92,38,73,73
Santa Cruz,MOORPARK,2018,29,97,66,90,93
Santa Cruz,MOORPARK,2019,29,86,62,79,86
Santa Cruz,MOORPARK,2020,24,96,54,83,88
Santa Cruz,MOORPARK,2021,30,97,57,90,90
Santa Cruz,MOORPARK,2022,26,88,81,92,
Santa Cruz,MOORPARK,2023,18,83,67,,
Santa Cruz,MOORPARK,2024,17,94,,,
Santa Cruz,OAKLAND,2013,10,90,30,60,70
Santa Cruz,OAKLAND,2016,10,100,40,90,100
Santa Cruz,OAKLAND,2017,11,100,55,82,82
Santa Cruz,OAKLAND,2018,18,83,50,89,94
Santa Cruz,OAKLAND,2019,12,83,17,75,92
Santa Cruz,OAKLAND,2020,14,86,29,57,64
Santa Cruz,OAKLAND,2021,14,86,50,64,64
Santa Cruz,OAKLAND,2024,10,100,,,
Santa Cruz,OCEANSIDE,2003,11,91,55,82,82
Santa Cruz,OCEANSIDE,2006,10,90,50,90,90
Santa Cruz,OCEANSIDE,2008,12,100,42,100,100
Santa Cruz,OCEANSIDE,2009,16,94,50,75,81
Santa Cruz,OCEANSIDE,2010,16,88,50,75,75
Santa Cruz,OCEANSIDE,2011,16,94,81,94,94
Santa Cruz,OCEANSIDE,2012,21,95,52,81,90
Santa Cruz,OCEANSIDE,2013,15,100,27,73,80
Santa Cruz,OCEANSIDE,2014,12,100,50,83,83
Santa Cruz,OCEANSIDE,2015,16,94,63,81,94
Santa Cruz,OCEANSIDE,2016,13,92,46,85,85
Santa Cruz,OCEANSIDE,2017,14,100,71,86,86
Santa Cruz,OCEANSIDE,2018,27,89,59,78,78
Santa Cruz,OCEANSIDE,2019,19,100,74,95,95
Santa Cruz,OCEANSIDE,2020,22,91,59,91,91
Santa Cruz,OCEANSIDE,2021,24,96,63,88,92
Santa Cruz,OCEANSIDE,2022,26,88,65,81,
Santa Cruz,OCEANSIDE,2023,11,82,73,,
Santa Cruz,OCEANSIDE,2024,19,95,,,
Santa Cruz,OROVILLE,2018,13,85,69,85,85
Santa Cruz,PASADENA,2001,12,83,25,58,67
Santa Cruz,PASADENA,2004,14,86,36,64,79
Santa Cruz,PASADENA,2005,11,91,45,91,91
Santa Cruz,PASADENA,2006,10,80,40,80,80
Santa Cruz,PASADENA,2007,13,85,38,62,77
Santa Cruz,PASADENA,2009,14,93,50,93,93
Santa Cruz,PASADENA,2010,29,93,45,79,86
Santa Cruz,PASADENA,2011,18,100,28,100,100
Santa Cruz,PASADENA,2012,14,93,43,93,93
Santa Cruz,PASADENA,2013,14,93,29,79,86
Santa Cruz,PASADENA,2014,17,100,47,88,88
Santa Cruz,PASADENA,2015,31,94,42,87,87
Santa Cruz,PASADENA,2016,18,94,33,83,94
Santa Cruz,PASADENA,2017,22,91,59,82,86
Santa Cruz,PASADENA,2018,42,93,60,86,88
Santa Cruz,PASADENA,2019,33,94,58,91,91
Santa Cruz,PASADENA,2020,47,83,45,66,77
Santa Cruz,PASADENA,2021,33,88,52,82,85
Santa Cruz,PASADENA,2022,23,100,74,87,
Santa Cruz,PASADENA,2023,20,95,65,,
Santa Cruz,PASADENA,2024,23,91,,,
Santa Cruz,PITTSBURG,2017,11,82,18,55,73
Santa Cruz,PITTSBURG,2018,12,58,42,67,67
Santa Cruz,PITTSBURG,2021,11,100,45,73,73
Santa Cruz,PLEASANT HILL,1999,29,97,55,79,79
Santa Cruz,PLEASANT HILL,2000,26,96,42,85,92
Santa Cruz,PLEASANT HILL,2001,30,100,43,67,73
Santa Cruz,PLEASANT HILL,2002,39,92,54,87,92
Santa Cruz,PLEASANT HILL,2003,37,95,51,78,84
Santa Cruz,PLEASANT HILL,2004,27,96,52,81,93
Santa Cruz,PLEASANT HILL,2005,38,89,37,71,74
Santa Cruz,PLEASANT HILL,2006,41,90,49,76,76
Santa Cruz,PLEASANT HILL,2007,21,95,52,67,81
Santa Cruz,PLEASANT HILL,2008,35,86,63,83,86
Santa Cruz,PLEASANT HILL,2009,34,94,56,76,82
Santa Cruz,PLEASANT HILL,2010,39,92,59,82,90
Santa Cruz,PLEASANT HILL,2011,51,96,51,80,84
Santa Cruz,PLEASANT HILL,2012,39,100,51,85,92
Santa Cruz,PLEASANT HILL,2013,36,94,64,92,92
Santa Cruz,PLEASANT HILL,2014,40,93,63,80,90
Santa Cruz,PLEASANT HILL,2015,48,90,63,83,85
Santa Cruz,PLEASANT HILL,2016,56,95,57,86,89
Santa Cruz,PLEASANT HILL,2017,60,97,68,93,98
Santa Cruz,PLEASANT HILL,2018,85,84,54,75,79
Santa Cruz,PLEASANT HILL,2019,60,92,53,78,90
Santa Cruz,PLEASANT HILL,2020,78,96,50,85,88
Santa Cruz,PLEASANT HILL,2021,85,91,59,76,80
Santa Cruz,PLEASANT HILL,2022,78,90,62,78,
Santa Cruz,PLEASANT HILL,2023,58,95,66,,
Santa Cruz,PLEASANT HILL,2024,61,97,,,
Santa Cruz,REDDING,2021,12,100,42,92,100
Santa Cruz,REDWOOD CITY,2009,11,82,64,73,73
Santa Cruz,REDWOOD CITY,2016,17,88,65,82,82
Santa Cruz,REDWOOD CITY,2017,14,93,57,71,79
Santa Cruz,REDWOOD CITY,2018,12,92,50,83,92
Santa Cruz,REDWOOD CITY,2019,12,83,50,100,100
Santa Cruz,REDWOOD CITY,2021,22,91,68,82,91
Santa Cruz,REDWOOD CITY,2022,10,90,70,80,
Santa Cruz,REDWOOD CITY,2024,14,93,,,
Santa Cruz,REEDLEY,2015,10,90,50,70,70
Santa Cruz,RIVERSIDE,2012,10,90,50,70,70
Santa Cruz,RIVERSIDE,2018,11,91,64,91,91
Santa Cruz,ROCKLIN,2002,15,93,47,53,80
Santa Cruz,ROCKLIN,2003,16,88,63,75,75
Santa Cruz,ROCKLIN,2004,12,83,42,83,83
Santa Cruz,ROCKLIN,2006,14,93,64,86,86
Santa Cruz,ROCKLIN,2007,21,95,57,86,86
Santa Cruz,ROCKLIN,2008,14,93,43,71,71
Santa Cruz,ROCKLIN,2009,18,94,44,78,89
Santa Cruz,ROCKLIN,2010,22,100,77,91,91
Santa Cruz,ROCKLIN,2011,21,86,48,67,67
Santa Cruz,ROCKLIN,2012,28,93,61,79,86
Santa Cruz,ROCKLIN,2013,14,86,50,64,71
Santa Cruz,ROCKLIN,2014,11,82,73,91,91
Santa Cruz,ROCKLIN,2015,12,83,50,83,83
Santa Cruz,ROCKLIN,2018,11,91,55,73,91
Santa Cruz,ROCKLIN,2019,11,100,64,91,100
Santa Cruz,ROCKLIN,2020,21,90,57,86,86
Santa Cruz,ROCKLIN,2021,16,94,81,88,88
Santa Cruz,ROCKLIN,2022,13,92,62,92,
Santa Cruz,ROCKLIN,2023,15,93,53,,
Santa Cruz,ROCKLIN,2024,21,86,,,
Santa Cruz,SACRAMENTO,2001,15,93,60,73,87
Santa Cruz,SACRAMENTO,2001,13,69,38,54,62
Santa Cruz,SACRAMENTO,2002,15,87,47,80,87
Santa Cruz,SACRAMENTO,2002,13,69,38,62,69
Santa Cruz,SACRAMENTO,2003,10,90,40,60,70
Santa Cruz,SACRAMENTO,2004,10,100,40,60,60
Santa Cruz,SACRAMENTO,2005,12,92,67,83,83
Santa Cruz,SACRAMENTO,2007,10,90,50,90,100
Santa Cruz,SACRAMENTO,2008,10,90,50,70,70
Santa Cruz,SACRAMENTO,2009,19,89,42,79,84
Santa Cruz,SACRAMENTO,2010,16,81,25,44,50
Santa Cruz,SACRAMENTO,2011,16,88,38,75,75
Santa Cruz,SACRAMENTO,2011,20,95,55,90,90
Santa Cruz,SACRAMENTO,2012,11,91,45,91,91
Santa Cruz,SACRAMENTO,2012,22,95,68,95,95
Santa Cruz,SACRAMENTO,2013,14,100,57,79,79
Santa Cruz,SACRAMENTO,2013,15,93,47,87,93
Santa Cruz,SACRAMENTO,2014,11,82,27,55,55
Santa Cruz,SACRAMENTO,2014,12,83,67,67,83
Santa Cruz,SACRAMENTO,2015,10,100,40,80,90
Santa Cruz,SACRAMENTO,2015,11,100,45,82,91
Santa Cruz,SACRAMENTO,2016,17,94,47,71,76
Santa Cruz,SACRAMENTO,2016,14,86,43,64,64
Santa Cruz,SACRAMENTO,2017,13,85,77,85,85
Santa Cruz,SACRAMENTO,2017,11,91,64,73,82
Santa Cruz,SACRAMENTO,2018,20,95,70,90,95
Santa Cruz,SACRAMENTO,2018,17,100,47,100,100
Santa Cruz,SACRAMENTO,2019,13,100,54,77,85
Santa Cruz,SACRAMENTO,2019,15,100,53,93,93
Santa Cruz,SACRAMENTO,2020,16,100,50,88,88
Santa Cruz,SACRAMENTO,2020,24,83,63,71,79
Santa Cruz,SACRAMENTO,2021,17,88,65,76,82
Santa Cruz,SACRAMENTO,2021,25,80,72,80,80
Santa Cruz,SACRAMENTO,2022,14,86,71,93,
Santa Cruz,SACRAMENTO,2022,10,90,40,60,
Santa Cruz,SACRAMENTO,2023,14,93,64,,
Santa Cruz,SACRAMENTO,2023,10,100,80,,
Santa Cruz,SACRAMENTO,2024,13,92,,,
Santa Cruz,SACRAMENTO,2024,11,100,,,
Santa Cruz,SACRAMENTO,2024,12,83,,,
Santa Cruz,SALINAS,1999,16,88,50,50,56
Santa Cruz,SALINAS,2000,17,94,41,65,65
Santa Cruz,SALINAS,2001,16,69,38,63,63
Santa Cruz,SALINAS,2002,16,94,44,75,81
Santa Cruz,SALINAS,2003,10,90,30,40,40
Santa Cruz,SALINAS,2004,16,75,25,56,63
Santa Cruz,SALINAS,2005,14,93,36,79,86
Santa Cruz,SALINAS,2006,12,75,58,58,67
Santa Cruz,SALINAS,2007,15,100,47,80,87
Santa Cruz,SALINAS,2008,11,100,36,73,91
Santa Cruz,SALINAS,2010,11,91,36,64,64
Santa Cruz,SALINAS,2011,16,88,25,63,69
Santa Cruz,SALINAS,2012,21,76,43,62,67
Santa Cruz,SALINAS,2013,11,91,36,64,73
Santa Cruz,SALINAS,2014,19,79,21,47,58
Santa Cruz,SALINAS,2015,25,80,40,60,68
Santa Cruz,SALINAS,2016,23,87,39,65,83
Santa Cruz,SALINAS,2017,21,86,48,76,76
Santa Cruz,SALINAS,2018,37,84,59,76,76
Santa Cruz,SALINAS,2019,21,86,48,67,71
Santa Cruz,SALINAS,2020,19,79,32,63,74
Santa Cruz,SALINAS,2021,16,75,50,69,75
Santa Cruz,SALINAS,2022,10,90,70,90,
Santa Cruz,SALINAS,2023,12,92,75,,
Santa Cruz,SALINAS,2024,25,100,,,
Santa Cruz,SAN BRUNO,2000,11,100,45,82,91
Santa Cruz,SAN BRUNO,2005,10,90,50,90,90
Santa Cruz,SAN BRUNO,2009,10,90,20,60,70
Santa Cruz,SAN BRUNO,2012,13,92,31,77,85
Santa Cruz,SAN BRUNO,2014,13,92,77,77,85
Santa Cruz,SAN BRUNO,2015,11,100,73,100,100
Santa Cruz,SAN BRUNO,2016,13,85,62,77,77
Santa Cruz,SAN BRUNO,2017,18,83,56,83,89
Santa Cruz,SAN BRUNO,2018,17,100,53,82,82
Santa Cruz,SAN BRUNO,2019,15,80,47,80,87
Santa Cruz,SAN BRUNO,2020,12,100,67,92,92
Santa Cruz,SAN BRUNO,2021,13,77,77,77,77
Santa Cruz,SAN BRUNO,2022,12,100,58,83,
Santa Cruz,SAN BRUNO,2023,11,100,45,,
Santa Cruz,SAN BRUNO,2024,11,91,,,
Santa Cruz,SAN DIEGO,2004,14,100,50,93,93
Santa Cruz,SAN DIEGO,2010,10,90,40,70,80
Santa Cruz,SAN DIEGO,2012,10,100,20,70,70
Santa Cruz,SAN DIEGO,2013,10,90,20,80,90
Santa Cruz,SAN DIEGO,2014,13,85,46,69,77
Santa Cruz,SAN DIEGO,2015,12,92,75,92,92
Santa Cruz,SAN DIEGO,2016,13,85,31,85,85
Santa Cruz,SAN DIEGO,2018,20,90,55,80,90
Santa Cruz,SAN DIEGO,2019,11,100,64,91,91
Santa Cruz,SAN DIEGO,2020,13,69,31,54,62
Santa Cruz,SAN DIEGO,2021,15,73,53,73,73
Santa Cruz,SAN DIEGO,2023,11,100,45,,
Santa Cruz,SAN DIEGO,2024,14,100,,,
Santa Cruz,SAN FRANCISCO,2000,21,81,62,76,76
Santa Cruz,SAN FRANCISCO,2001,23,91,43,65,83
Santa Cruz,SAN FRANCISCO,2002,16,94,63,69,75
Santa Cruz,SAN FRANCISCO,2003,13,92,46,85,85
Santa Cruz,SAN FRANCISCO,2004,18,89,50,67,67
Santa Cruz,SAN FRANCISCO,2005,21,90,67,81,81
Santa Cruz,SAN FRANCISCO,2006,16,81,38,56,63
Santa Cruz,SAN FRANCISCO,2007,12,92,58,83,83
Santa Cruz,SAN FRANCISCO,2008,14,100,43,79,93
Santa Cruz,SAN FRANCISCO,2009,13,100,62,85,92
Santa Cruz,SAN FRANCISCO,2010,35,89,57,80,89
Santa Cruz,SAN FRANCISCO,2011,28,96,54,86,93
Santa Cruz,SAN FRANCISCO,2012,34,94,53,76,85
Santa Cruz,SAN FRANCISCO,2013,25,92,60,96,96
Santa Cruz,SAN FRANCISCO,2014,40,93,58,88,93
Santa Cruz,SAN FRANCISCO,2015,39,97,56,87,92
Santa Cruz,SAN FRANCISCO,2016,27,100,48,81,85
Santa Cruz,SAN FRANCISCO,2017,31,100,61,87,94
Santa Cruz,SAN FRANCISCO,2018,40,88,58,80,83
Santa Cruz,SAN FRANCISCO,2019,44,98,70,91,93
Santa Cruz,SAN FRANCISCO,2020,55,96,62,89,91
Santa Cruz,SAN FRANCISCO,2021,51,82,45,73,80
Santa Cruz,SAN FRANCISCO,2022,18,83,56,72,
Santa Cruz,SAN FRANCISCO,2023,39,97,62,,
Santa Cruz,SAN FRANCISCO,2024,29,100,,,
Santa Cruz,SAN JACINTO,2021,11,91,82,82,82
Santa Cruz,SAN JOSE,2011,13,85,54,77,85
Santa Cruz,SAN JOSE,2012,16,81,13,44,56
Santa Cruz,SAN JOSE,2012,13,100,38,92,100
Santa Cruz,SAN JOSE,2013,14,100,57,86,93
Santa Cruz,SAN JOSE,2013,12,83,50,92,92
Santa Cruz,SAN JOSE,2015,12,100,42,83,83
Santa Cruz,SAN JOSE,2016,13,85,31,69,85
Santa Cruz,SAN JOSE,2016,11,100,45,82,82
Santa Cruz,SAN JOSE,2017,17,94,47,82,94
Santa Cruz,SAN JOSE,2018,16,88,56,75,75
Santa Cruz,SAN JOSE,2018,23,91,70,83,83
Santa Cruz,SAN JOSE,2019,18,78,67,72,78
Santa Cruz,SAN JOSE,2019,17,88,59,76,82
Santa Cruz,SAN JOSE,2020,17,94,41,76,76
Santa Cruz,SAN JOSE,2020,14,93,57,79,79
Santa Cruz,SAN JOSE,2021,11,82,73,91,91
Santa Cruz,SAN JOSE,2021,10,90,70,80,80
Santa Cruz,SAN JOSE,2022,11,91,36,82,
Santa Cruz,SAN JOSE,2023,10,80,40,,
Santa Cruz,SAN LUIS OBISPO,2005,12,92,67,92,92
Santa Cruz,SAN LUIS OBISPO,2006,14,93,64,71,71
Santa Cruz,SAN LUIS OBISPO,2008,11,82,64,73,73
Santa Cruz,SAN LUIS OBISPO,2009,14,93,71,93,93
Santa Cruz,SAN LUIS OBISPO,2010,18,89,72,83,83
Santa Cruz,SAN LUIS OBISPO,2011,13,85,62,77,85
Santa Cruz,SAN LUIS OBISPO,2012,22,91,45,73,82
Santa Cruz,SAN LUIS OBISPO,2013,16,94,63,88,88
Santa Cruz,SAN LUIS OBISPO,2014,13,92,62,85,85
Santa Cruz,SAN LUIS OBISPO,2015,12,92,58,83,83
Santa Cruz,SAN LUIS OBISPO,2016,13,85,77,85,85
Santa Cruz,SAN LUIS OBISPO,2017,13,100,69,92,100
Santa Cruz,SAN LUIS OBISPO,2018,15,87,47,80,80
Santa Cruz,SAN LUIS OBISPO,2019,14,79,57,79,79
Santa Cruz,SAN LUIS OBISPO,2020,23,91,74,87,91
Santa Cruz,SAN LUIS OBISPO,2021,31,97,77,90,90
Santa Cruz,SAN LUIS OBISPO,2022,12,92,58,83,
Santa Cruz,SAN LUIS OBISPO,2023,11,100,64,,
Santa Cruz,SAN LUIS OBISPO,2024,10,90,,,
Santa Cruz,SAN MARCOS,2000,14,71,50,64,71
Santa Cruz,SAN MARCOS,2002,12,100,67,75,92
Santa Cruz,SAN MARCOS,2007,10,90,40,80,90
Santa Cruz,SAN MARCOS,2010,13,85,46,69,69
Santa Cruz,SAN MARCOS,2011,20,85,45,75,75
Santa Cruz,SAN MARCOS,2012,14,100,50,79,86
Santa Cruz,SAN MARCOS,2013,12,100,58,75,83
Santa Cruz,SAN MARCOS,2018,11,91,82,91,91
Santa Cruz,SAN MARCOS,2019,11,91,82,91,100
Santa Cruz,SAN MARCOS,2020,14,93,71,93,93
Santa Cruz,SAN MARCOS,2021,20,90,70,85,90
Santa Cruz,SAN MARCOS,2022,11,91,64,82,
Santa Cruz,SAN MARCOS,2024,13,85,,,
Santa Cruz,SAN MATEO,2002,14,93,64,79,86
Santa Cruz,SAN MATEO,2004,13,100,62,85,92
Santa Cruz,SAN MATEO,2005,11,100,73,100,100
Santa Cruz,SAN MATEO,2006,13,92,62,85,85
Santa Cruz,SAN MATEO,2007,14,64,43,50,50
Santa Cruz,SAN MATEO,2008,10,100,70,100,100
Santa Cruz,SAN MATEO,2009,13,100,46,85,92
Santa Cruz,SAN MATEO,2010,22,100,73,91,95
Santa Cruz,SAN MATEO,2011,12,100,50,83,100
Santa Cruz,SAN MATEO,2012,16,100,63,88,94
Santa Cruz,SAN MATEO,2013,14,100,57,79,93
Santa Cruz,SAN MATEO,2014,20,100,55,85,85
Santa Cruz,SAN MATEO,2015,17,94,47,94,94
Santa Cruz,SAN MATEO,2016,21,100,67,86,90
Santa Cruz,SAN MATEO,2017,28,93,64,93,93
Santa Cruz,SAN MATEO,2018,43,95,67,81,88
Santa Cruz,SAN MATEO,2019,33,85,61,88,88
Santa Cruz,SAN MATEO,2020,33,94,73,79,85
Santa Cruz,SAN MATEO,2021,40,90,55,80,83
Santa Cruz,SAN MATEO,2022,24,88,50,79,
Santa Cruz,SAN MATEO,2023,17,94,82,,
Santa Cruz,SAN MATEO,2024,34,100,,,
Santa Cruz,SAN PABLO,2019,13,85,38,69,77
Santa Cruz,SANTA BARBARA,2000,12,83,67,67,83
Santa Cruz,SANTA BARBARA,2001,24,83,54,71,88
Santa Cruz,SANTA BARBARA,2002,18,78,50,83,83
Santa Cruz,SANTA BARBARA,2003,17,94,47,71,82
Santa Cruz,SANTA BARBARA,2004,22,82,50,73,82
Santa Cruz,SANTA BARBARA,2005,18,94,67,94,94
Santa Cruz,SANTA BARBARA,2006,10,100,60,80,80
Santa Cruz,SANTA BARBARA,2007,19,89,32,84,89
Santa Cruz,SANTA BARBARA,2008,19,100,58,95,95
Santa Cruz,SANTA BARBARA,2009,21,86,52,76,81
Santa Cruz,SANTA BARBARA,2010,39,100,56,87,95
Santa Cruz,SANTA BARBARA,2011,36,89,69,89,92
Santa Cruz,SANTA BARBARA,2012,29,97,59,93,97
Santa Cruz,SANTA BARBARA,2013,41,88,71,85,95
Santa Cruz,SANTA BARBARA,2014,37,92,68,84,95
Santa Cruz,SANTA BARBARA,2015,36,92,72,83,86
Santa Cruz,SANTA BARBARA,2016,26,100,69,88,92
Santa Cruz,SANTA BARBARA,2017,29,90,72,86,86
Santa Cruz,SANTA BARBARA,2018,43,93,67,81,84
Santa Cruz,SANTA BARBARA,2019,44,91,66,86,89
Santa Cruz,SANTA BARBARA,2020,58,90,62,81,86
Santa Cruz,SANTA BARBARA,2021,88,92,72,88,88
Santa Cruz,SANTA BARBARA,2022,48,94,71,81,
Santa Cruz,SANTA BARBARA,2023,39,95,64,,
Santa Cruz,SANTA BARBARA,2024,40,93,,,
Santa Cruz,SANTA CLARA,2013,12,92,75,92,92
Santa Cruz,SANTA CLARA,2016,12,100,83,92,92
Santa Cruz,SANTA CLARA,2017,16,81,44,63,75
Santa Cruz,SANTA CLARA,2018,19,79,42,74,74
Santa Cruz,SANTA CLARA,2019,13,92,23,77,92
Santa Cruz,SANTA CLARA,2020,12,83,58,75,75
Santa Cruz,SANTA CLARA,2021,19,74,58,79,79
Santa Cruz,SANTA CLARA,2022,17,88,53,88,
Santa Cruz,SANTA CLARA,2023,11,82,55,,
Santa Cruz,SANTA CLARA,2024,12,83,,,
Santa Cruz,SANTA MARIA,2012,18,94,28,89,89
Santa Cruz,SANTA MARIA,2019,12,83,58,75,92
Santa Cruz,SANTA MONICA,1999,11,100,36,64,64
Santa Cruz,SANTA MONICA,2000,12,75,50,67,83
Santa Cruz,SANTA MONICA,2001,23,87,61,70,74
Santa Cruz,SANTA MONICA,2002,21,95,57,90,90
Santa Cruz,SANTA MONICA,2003,15,87,67,93,93
Santa Cruz,SANTA MONICA,2004,24,96,54,75,79
Santa Cruz,SANTA MONICA,2005,19,89,47,74,79
Santa Cruz,SANTA MONICA,2006,17,88,47,71,88
Santa Cruz,SANTA MONICA,2007,15,87,40,73,80
Santa Cruz,SANTA MONICA,2008,23,87,61,78,87
Santa Cruz,SANTA MONICA,2009,17,94,59,76,82
Santa Cruz,SANTA MONICA,2010,34,79,35,62,71
Santa Cruz,SANTA MONICA,2011,35,83,60,74,77
Santa Cruz,SANTA MONICA,2012,35,91,60,94,94
Santa Cruz,SANTA MONICA,2013,32,91,44,81,84
Santa Cruz,SANTA MONICA,2014,38,97,76,92,92
Santa Cruz,SANTA MONICA,2015,34,97,56,79,85
Santa Cruz,SANTA MONICA,2016,35,91,57,83,89
Santa Cruz,SANTA MONICA,2017,30,87,53,70,80
Santa Cruz,SANTA MONICA,2018,58,90,53,79,84
Santa Cruz,SANTA MONICA,2019,54,87,57,80,81
Santa Cruz,SANTA MONICA,2020,55,87,44,73,75
Santa Cruz,SANTA MONICA,2021,70,89,67,86,89
Santa Cruz,SANTA MONICA,2022,50,94,60,84,
Santa Cruz,SANTA MONICA,2023,41,93,63,,
Santa Cruz,SANTA MONICA,2024,34,94,,,
Santa Cruz,SANTA ROSA,1999,20,95,55,85,90
Santa Cruz,SANTA ROSA,2000,25,96,72,92,92
Santa Cruz,SANTA ROSA,2001,33,91,52,88,88
Santa Cruz,SANTA ROSA,2002,18,83,72,89,89
Santa Cruz,SANTA ROSA,2003,35,94,57,86,86
Santa Cruz,SANTA ROSA,2004,29,90,69,90,90
Santa Cruz,SANTA ROSA,2005,28,93,68,82,82
Santa Cruz,SANTA ROSA,2006,32,97,59,84,84
Santa Cruz,SANTA ROSA,2007,23,91,65,83,87
Santa Cruz,SANTA ROSA,2008,31,94,52,74,77
Santa Cruz,SANTA ROSA,2009,46,91,65,83,87
Santa Cruz,SANTA ROSA,2010,57,93,72,91,93
Santa Cruz,SANTA ROSA,2011,38,100,74,89,92
Santa Cruz,SANTA ROSA,2012,60,100,68,92,92
Santa Cruz,SANTA ROSA,2013,42,95,52,79,81
Santa Cruz,SANTA ROSA,2014,47,96,62,87,89
Santa Cruz,SANTA ROSA,2015,50,98,62,90,92
Santa Cruz,SANTA ROSA,2016,41,93,61,85,93
Santa Cruz,SANTA ROSA,2017,34,88,62,79,88
Santa Cruz,SANTA ROSA,2018,44,95,70,86,93
Santa Cruz,SANTA ROSA,2019,35,89,71,86,91
Santa Cruz,SANTA ROSA,2020,37,89,57,86,92
Santa Cruz,SANTA ROSA,2021,40,93,75,90,90
Santa Cruz,SANTA ROSA,2022,29,100,79,93,
Santa Cruz,SANTA ROSA,2023,18,89,78,,
Santa Cruz,SANTA ROSA,2024,25,84,,,
Santa Cruz,SARATOGA,1999,24,88,46,71,75
Santa Cruz,SARATOGA,2000,17,94,53,82,82
Santa Cruz,SARATOGA,2001,21,81,33,62,76
Santa Cruz,SARATOGA,2002,24,75,38,67,71
Santa Cruz,SARATOGA,2003,24,79,46,71,79
Santa Cruz,SARATOGA,2004,21,86,48,71,81
Santa Cruz,SARATOGA,2005,19,74,47,63,63
Santa Cruz,SARATOGA,2006,19,84,47,63,68
Santa Cruz,SARATOGA,2007,12,92,58,83,92
Santa Cruz,SARATOGA,2008,15,67,40,73,73
Santa Cruz,SARATOGA,2009,16,88,63,75,81
Santa Cruz,SARATOGA,2010,24,92,33,63,75
Santa Cruz,SARATOGA,2011,23,96,43,83,91
Santa Cruz,SARATOGA,2012,18,94,61,94,94
Santa Cruz,SARATOGA,2013,28,89,54,79,86
Santa Cruz,SARATOGA,2014,33,82,33,82,88
Santa Cruz,SARATOGA,2015,33,88,33,73,79
Santa Cruz,SARATOGA,2016,38,95,58,87,92
Santa Cruz,SARATOGA,2017,32,88,50,81,88
Santa Cruz,SARATOGA,2018,40,88,63,80,80
Santa Cruz,SARATOGA,2019,41,88,63,80,90
Santa Cruz,SARATOGA,2020,30,97,57,90,90
Santa Cruz,SARATOGA,2021,38,87,76,87,87
Santa Cruz,SARATOGA,2022,28,89,64,82,
Santa Cruz,SARATOGA,2023,37,95,76,,
Santa Cruz,SARATOGA,2024,19,84,,,
Santa Cruz,STOCKTON,2011,10,100,60,90,100
Santa Cruz,STOCKTON,2012,10,90,10,70,70
Santa Cruz,STOCKTON,2013,11,91,45,82,82
Santa Cruz,STOCKTON,2018,10,80,50,70,70
Santa Cruz,STOCKTON,2021,14,71,50,50,50
Santa Cruz,STOCKTON,2022,12,75,42,50,
Santa Cruz,TORRANCE,2003,10,90,40,80,80
Santa Cruz,TORRANCE,2004,11,82,45,64,64
Santa Cruz,TORRANCE,2010,23,91,52,78,83
Santa Cruz,TORRANCE,2011,20,85,50,70,80
Santa Cruz,TORRANCE,2012,17,94,59,82,88
Santa Cruz,TORRANCE,2013,22,95,41,82,86
Santa Cruz,TORRANCE,2014,21,95,62,81,95
Santa Cruz,TORRANCE,2015,19,95,58,79,84
Santa Cruz,TORRANCE,2016,23,100,57,83,91
Santa Cruz,TORRANCE,2018,28,93,64,89,89
Santa Cruz,TORRANCE,2019,23,83,39,65,70
Santa Cruz,TORRANCE,2020,29,79,38,62,69
Santa Cruz,TORRANCE,2021,24,92,67,79,79
Santa Cruz,TORRANCE,2022,20,85,45,70,
Santa Cruz,TORRANCE,2023,12,100,83,,
Santa Cruz,TORRANCE,2024,18,100,,,
Santa Cruz,VALENCIA,2005,12,92,67,75,83
Santa Cruz,VALENCIA,2008,12,83,33,75,75
Santa Cruz,VALENCIA,2011,21,86,48,71,76
Santa Cruz,VALENCIA,2012,11,91,55,73,91
Santa Cruz,VALENCIA,2015,15,93,80,87,87
Santa Cruz,VALENCIA,2016,13,100,62,85,85
Santa Cruz,VALENCIA,2017,14,100,64,93,93
Santa Cruz,VALENCIA,2018,22,86,55,73,73
Santa Cruz,VALENCIA,2019,15,87,53,73,80
Santa Cruz,VALENCIA,2020,11,82,9,82,82
Santa Cruz,VALENCIA,2021,15,87,73,87,87
Santa Cruz,VALENCIA,2022,12,92,67,92,
Santa Cruz,VALENCIA,2023,12,100,75,,
Santa Cruz,VAN NUYS,2015,10,100,40,80,80
Santa Cruz,VAN NUYS,2018,13,85,46,92,92
Santa Cruz,VAN NUYS,2020,10,90,70,90,90
Santa Cruz,VENTURA,2002,11,91,55,82,82
Santa Cruz,VENTURA,2004,10,80,60,80,80
Santa Cruz,VENTURA,2006,10,80,30,70,70
Santa Cruz,VENTURA,2007,11,82,45,64,82
Santa Cruz,VENTURA,2009,13,85,46,69,69
Santa Cruz,VENTURA,2010,16,75,38,69,69
Santa Cruz,VENTURA,2011,16,69,31,50,63
Santa Cruz,VENTURA,2012,15,93,47,73,93
Santa Cruz,VENTURA,2017,10,90,60,70,80
Santa Cruz,VENTURA,2018,11,91,73,91,91
Santa Cruz,VENTURA,2020,12,100,58,75,83
Santa Cruz,VENTURA,2021,21,71,43,67,71
Santa Cruz,VENTURA,2024,11,82,,,
Santa Cruz,VISALIA,2019,10,90,20,90,90
Santa Cruz,VISALIA,2024,14,93,,,
Santa Cruz,WALNUT,2011,15,93,60,73,73
Santa Cruz,WALNUT,2012,10,60,50,60,60
Santa Cruz,WALNUT,2013,11,100,55,82,82
Santa Cruz,WALNUT,2017,17,100,53,76,88
Santa Cruz,WALNUT,2018,14,93,57,71,86
Santa Cruz,WALNUT,2020,19,84,42,74,74
Santa Cruz,WALNUT,2021,15,100,60,87,87
Santa Cruz,WHITTIER,2018,14,86,71,79,79
Santa Cruz,WOODLAND HILLS,2005,10,100,70,100,100
Santa Cruz,WOODLAND HILLS,2010,11,73,27,64,82
Santa Cruz,WOODLAND HILLS,2011,12,92,50,67,75
Santa Cruz,WOODLAND HILLS,2012,14,86,79,93,93
Santa Cruz,WOODLAND HILLS,2013,10,90,20,70,80
Santa Cruz,WOODLAND HILLS,2014,16,100,56,81,88
Santa Cruz,WOODLAND HILLS,2015,17,94,76,94,94
Santa Cruz,WOODLAND HILLS,2017,12,92,50,92,92
Santa Cruz,WOODLAND HILLS,2018,14,93,64,79,86
Santa Cruz,WOODLAND HILLS,2020,16,81,50,56,56
Santa Cruz,WOODLAND HILLS,2021,13,85,69,85,92
Santa Cruz,WOODLAND HILLS,2023,11,91,64,,
Santa Cruz,WOODLAND HILLS,2024,13,100,,,
