entry,campus,cohort,group_type,subgroup,band,band_lo,band_hi,denom,n_first,n_second,n_third,r_first_pct,r_second_pct,r_third_pct
FR,All,2010,ethnicity,aian,1,1.75,3.47,91,43,19,4,47.25,20.88,4.4
FR,All,2010,ethnicity,aian,2,3.47,3.79,78,47,15,1,60.26,19.23,1.28
FR,All,2010,ethnicity,aian,3,3.79,4.0,81,60,13,2,74.07,16.05,2.47
FR,All,2010,ethnicity,asian,1,1.75,3.47,4342,2417,973,172,55.67,22.41,3.96
FR,All,2010,ethnicity,asian,2,3.47,3.79,4660,3104,935,123,66.61,20.06,2.64
FR,All,2010,ethnicity,asian,3,3.79,4.0,4633,3575,716,59,77.16,15.45,1.27
FR,All,2010,ethnicity,black,1,1.75,3.47,661,274,172,27,41.45,26.02,4.08
FR,All,2010,ethnicity,black,2,3.47,3.79,356,196,67,11,55.06,18.82,3.09
FR,All,2010,ethnicity,black,3,3.79,4.0,239,145,55,4,60.67,23.01,1.67
FR,All,2010,ethnicity,hispanic_latino,1,1.75,3.47,3103,1233,822,139,39.74,26.49,4.48
FR,All,2010,ethnicity,hispanic_latino,2,3.47,3.79,2399,1249,585,79,52.06,24.39,3.29
FR,All,2010,ethnicity,hispanic_latino,3,3.79,4.0,1650,987,418,40,59.82,25.33,2.42
FR,All,2010,ethnicity,international,1,1.75,3.47,195,107,27,9,54.87,13.85,4.62
FR,All,2010,ethnicity,international,2,3.47,3.79,313,191,49,18,61.02,15.65,5.75
FR,All,2010,ethnicity,international,3,3.79,4.0,549,396,69,23,72.13,12.57,4.19
FR,All,2010,ethnicity,white,1,1.75,3.47,2431,1306,507,97,53.72,20.86,3.99
FR,All,2010,ethnicity,white,2,3.47,3.79,2986,2051,471,70,68.69,15.77,2.34
FR,All,2010,ethnicity,white,3,3.79,4.0,3757,2900,493,37,77.19,13.12,0.98
FR,All,2010,first_gen_status,first_gen,1,1.75,3.47,5530,2485,1337,250,44.94,24.18,4.52
FR,All,2010,first_gen_status,first_gen,2,3.47,3.79,4516,2572,1029,141,56.95,22.79,3.12
FR,All,2010,first_gen_status,first_gen,3,3.79,4.0,3547,2327,775,61,65.6,21.85,1.72
FR,All,2010,first_gen_status,not_first_gen,1,1.75,3.47,5191,2826,1158,195,54.44,22.31,3.76
FR,All,2010,first_gen_status,not_first_gen,2,3.47,3.79,6242,4241,1083,156,67.94,17.35,2.5
FR,All,2010,first_gen_status,not_first_gen,3,3.79,4.0,7219,5617,979,106,77.81,13.56,1.47
FR,All,2010,overall,overall,1,1.75,3.47,11280,5598,2623,473,49.63,23.25,4.19
FR,All,2010,overall,overall,2,3.47,3.79,11365,7223,2229,313,63.55,19.61,2.75
FR,All,2010,overall,overall,3,3.79,4.0,11493,8512,1842,173,74.06,16.03,1.51
FR,All,2010,pell_status,non_pell,1,1.75,3.47,4974,2703,1041,191,54.34,20.93,3.84
FR,All,2010,pell_status,non_pell,2,3.47,3.79,5874,4095,953,117,69.71,16.22,1.99
FR,All,2010,pell_status,non_pell,3,3.79,4.0,7049,5540,890,100,78.59,12.63,1.42
FR,All,2010,pell_status,pell,1,1.75,3.47,6306,2895,1582,282,45.91,25.09,4.47
FR,All,2010,pell_status,pell,2,3.47,3.79,5491,3128,1276,196,56.97,23.24,3.57
FR,All,2010,pell_status,pell,3,3.79,4.0,4444,2972,952,73,66.88,21.42,1.64
FR,All,2011,ethnicity,aian,1,0.87,3.5,74,37,16,2,50.0,21.62,2.7
FR,All,2011,ethnicity,aian,2,3.5,3.8,67,35,14,2,52.24,20.9,2.99
FR,All,2011,ethnicity,aian,3,3.8,4.0,89,61,12,3,68.54,13.48,3.37
FR,All,2011,ethnicity,asian,1,0.87,3.5,4165,2463,846,136,59.14,20.31,3.27
FR,All,2011,ethnicity,asian,2,3.5,3.8,4924,3443,867,126,69.92,17.61,2.56
FR,All,2011,ethnicity,asian,3,3.8,4.0,5002,3958,650,84,79.13,12.99,1.68
FR,All,2011,ethnicity,black,1,0.87,3.5,677,276,165,29,40.77,24.37,4.28
FR,All,2011,ethnicity,black,2,3.5,3.8,418,218,93,16,52.15,22.25,3.83
FR,All,2011,ethnicity,black,3,3.8,4.0,232,148,46,7,63.79,19.83,3.02
FR,All,2011,ethnicity,hispanic_latino,1,0.87,3.5,3614,1572,819,141,43.5,22.66,3.9
FR,All,2011,ethnicity,hispanic_latino,2,3.5,3.8,2766,1456,662,97,52.64,23.93,3.51
FR,All,2011,ethnicity,hispanic_latino,3,3.8,4.0,1930,1154,443,56,59.79,22.95,2.9
FR,All,2011,ethnicity,international,1,0.87,3.5,404,223,60,23,55.2,14.85,5.69
FR,All,2011,ethnicity,international,2,3.5,3.8,614,373,85,32,60.75,13.84,5.21
FR,All,2011,ethnicity,international,3,3.8,4.0,807,553,113,41,68.53,14.0,5.08
FR,All,2011,ethnicity,white,1,0.87,3.5,2293,1289,466,72,56.21,20.32,3.14
FR,All,2011,ethnicity,white,2,3.5,3.8,2956,2037,443,66,68.91,14.99,2.23
FR,All,2011,ethnicity,white,3,3.8,4.0,3978,3085,488,58,77.55,12.27,1.46
FR,All,2011,first_gen_status,first_gen,1,0.87,3.5,5966,2859,1312,230,47.92,21.99,3.86
FR,All,2011,first_gen_status,first_gen,2,3.5,3.8,5128,3032,1093,171,59.13,21.31,3.33
FR,All,2011,first_gen_status,first_gen,3,3.8,4.0,3975,2621,756,103,65.94,19.02,2.59
FR,All,2011,first_gen_status,not_first_gen,1,0.87,3.5,5219,2990,1046,168,57.29,20.04,3.22
FR,All,2011,first_gen_status,not_first_gen,2,3.5,3.8,6647,4556,1075,166,68.54,16.17,2.5
FR,All,2011,first_gen_status,not_first_gen,3,3.8,4.0,8158,6423,1003,146,78.73,12.29,1.79
FR,All,2011,overall,overall,1,0.87,3.5,11410,5951,2410,411,52.16,21.12,3.6
FR,All,2011,overall,overall,2,3.5,3.8,11972,7704,2204,345,64.35,18.41,2.88
FR,All,2011,overall,overall,3,3.8,4.0,12315,9172,1790,252,74.48,14.54,2.05
FR,All,2011,pell_status,non_pell,1,0.87,3.5,4789,2775,893,149,57.95,18.65,3.11
FR,All,2011,pell_status,non_pell,2,3.5,3.8,6119,4241,928,152,69.31,15.17,2.48
FR,All,2011,pell_status,non_pell,3,3.8,4.0,7628,6033,896,127,79.09,11.75,1.66
FR,All,2011,pell_status,pell,1,0.87,3.5,6621,3176,1517,262,47.97,22.91,3.96
FR,All,2011,pell_status,pell,2,3.5,3.8,5853,3463,1276,193,59.17,21.8,3.3
FR,All,2011,pell_status,pell,3,3.8,4.0,4687,3139,894,125,66.97,19.07,2.67
FR,All,2012,ethnicity,aian,1,1.02,3.52,87,41,15,2,47.13,17.24,2.3
FR,All,2012,ethnicity,aian,2,3.52,3.81,68,42,9,0,61.76,13.24,0.0
FR,All,2012,ethnicity,aian,3,3.81,4.0,84,58,11,1,69.05,13.1,1.19
FR,All,2012,ethnicity,asian,1,1.02,3.52,4386,2646,857,134,60.33,19.54,3.06
FR,All,2012,ethnicity,asian,2,3.52,3.81,5037,3587,857,121,71.21,17.01,2.4
FR,All,2012,ethnicity,asian,3,3.81,4.0,5230,4096,722,89,78.32,13.8,1.7
FR,All,2012,ethnicity,black,1,1.02,3.52,788,347,155,34,44.04,19.67,4.31
FR,All,2012,ethnicity,black,2,3.52,3.81,450,249,95,13,55.33,21.11,2.89
FR,All,2012,ethnicity,black,3,3.81,4.0,265,159,53,8,60.0,20.0,3.02
FR,All,2012,ethnicity,hispanic_latino,1,1.02,3.52,3834,1682,892,154,43.87,23.27,4.02
FR,All,2012,ethnicity,hispanic_latino,2,3.52,3.81,2764,1510,582,108,54.63,21.06,3.91
FR,All,2012,ethnicity,hispanic_latino,3,3.81,4.0,2129,1362,393,61,63.97,18.46,2.87
FR,All,2012,ethnicity,international,1,1.02,3.52,679,388,87,23,57.14,12.81,3.39
FR,All,2012,ethnicity,international,2,3.52,3.81,945,576,129,41,60.95,13.65,4.34
FR,All,2012,ethnicity,international,3,3.81,4.0,1205,836,160,43,69.38,13.28,3.57
FR,All,2012,ethnicity,white,1,1.02,3.52,2378,1323,433,75,55.63,18.21,3.15
FR,All,2012,ethnicity,white,2,3.52,3.81,2855,1944,433,66,68.09,15.17,2.31
FR,All,2012,ethnicity,white,3,3.81,4.0,3750,2887,475,47,76.99,12.67,1.25
FR,All,2012,first_gen_status,first_gen,1,1.02,3.52,6423,3122,1376,233,48.61,21.42,3.63
FR,All,2012,first_gen_status,first_gen,2,3.52,3.81,5184,3074,1034,160,59.3,19.95,3.09
FR,All,2012,first_gen_status,first_gen,3,3.81,4.0,4218,2844,758,101,67.43,17.97,2.39
FR,All,2012,first_gen_status,not_first_gen,1,1.02,3.52,5708,3289,1078,186,57.62,18.89,3.26
FR,All,2012,first_gen_status,not_first_gen,2,3.52,3.81,7048,4911,1102,188,69.68,15.64,2.67
FR,All,2012,first_gen_status,not_first_gen,3,3.81,4.0,8601,6681,1090,151,77.68,12.67,1.76
FR,All,2012,overall,overall,1,1.02,3.52,12363,6534,2486,431,52.85,20.11,3.49
FR,All,2012,overall,overall,2,3.52,3.81,12417,8097,2170,355,65.21,17.48,2.86
FR,All,2012,overall,overall,3,3.81,4.0,13022,9668,1875,256,74.24,14.4,1.97
FR,All,2012,pell_status,non_pell,1,1.02,3.52,5324,3079,949,155,57.83,17.82,2.91
FR,All,2012,pell_status,non_pell,2,3.52,3.81,6610,4604,981,154,69.65,14.84,2.33
FR,All,2012,pell_status,non_pell,3,3.81,4.0,7957,6241,938,126,78.43,11.79,1.58
FR,All,2012,pell_status,pell,1,1.02,3.52,7039,3455,1537,276,49.08,21.84,3.92
FR,All,2012,pell_status,pell,2,3.52,3.81,5807,3493,1189,201,60.15,20.48,3.46
FR,All,2012,pell_status,pell,3,3.81,4.0,5065,3427,937,130,67.66,18.5,2.57
FR,All,2013,ethnicity,aian,1,1.21,3.57,74,38,12,2,51.35,16.22,2.7
FR,All,2013,ethnicity,aian,2,3.57,3.84,60,30,9,1,50.0,15.0,1.67
FR,All,2013,ethnicity,aian,3,3.84,4.0,64,48,11,1,75.0,17.19,1.56
FR,All,2013,ethnicity,asian,1,1.21,3.57,4471,2777,796,143,62.11,17.8,3.2
FR,All,2013,ethnicity,asian,2,3.57,3.84,4849,3483,761,96,71.83,15.69,1.98
FR,All,2013,ethnicity,asian,3,3.84,4.0,5036,4088,579,87,81.18,11.5,1.73
FR,All,2013,ethnicity,black,1,1.21,3.57,722,322,161,27,44.6,22.3,3.74
FR,All,2013,ethnicity,black,2,3.57,3.84,403,221,91,22,54.84,22.58,5.46
FR,All,2013,ethnicity,black,3,3.84,4.0,297,185,59,9,62.29,19.87,3.03
FR,All,2013,ethnicity,hispanic_latino,1,1.21,3.57,4072,2000,827,156,49.12,20.31,3.83
FR,All,2013,ethnicity,hispanic_latino,2,3.57,3.84,2914,1658,627,92,56.9,21.52,3.16
FR,All,2013,ethnicity,hispanic_latino,3,3.84,4.0,2158,1388,422,60,64.32,19.56,2.78
FR,All,2013,ethnicity,international,1,1.21,3.57,772,429,136,23,55.57,17.62,2.98
FR,All,2013,ethnicity,international,2,3.57,3.84,1047,693,150,45,66.19,14.33,4.3
FR,All,2013,ethnicity,international,3,3.84,4.0,1330,950,184,47,71.43,13.83,3.53
FR,All,2013,ethnicity,white,1,1.21,3.57,2308,1341,407,83,58.1,17.63,3.6
FR,All,2013,ethnicity,white,2,3.57,3.84,2927,2072,430,58,70.79,14.69,1.98
FR,All,2013,ethnicity,white,3,3.84,4.0,3839,3021,464,48,78.69,12.09,1.25
FR,All,2013,first_gen_status,first_gen,1,1.21,3.57,6658,3549,1248,220,53.3,18.74,3.3
FR,All,2013,first_gen_status,first_gen,2,3.57,3.84,5436,3290,1074,153,60.52,19.76,2.81
FR,All,2013,first_gen_status,first_gen,3,3.84,4.0,4191,2849,753,108,67.98,17.97,2.58
FR,All,2013,first_gen_status,not_first_gen,1,1.21,3.57,5802,3385,1095,212,58.34,18.87,3.65
FR,All,2013,first_gen_status,not_first_gen,2,3.57,3.84,6921,4968,1031,163,71.78,14.9,2.36
FR,All,2013,first_gen_status,not_first_gen,3,3.84,4.0,8751,7018,996,147,80.2,11.38,1.68
FR,All,2013,overall,overall,1,1.21,3.57,12694,7062,2387,440,55.63,18.8,3.47
FR,All,2013,overall,overall,2,3.57,3.84,12541,8385,2134,322,66.86,17.02,2.57
FR,All,2013,overall,overall,3,3.84,4.0,13129,9998,1773,259,76.15,13.5,1.97
FR,All,2013,pell_status,non_pell,1,1.21,3.57,5702,3344,1016,181,58.65,17.82,3.17
FR,All,2013,pell_status,non_pell,2,3.57,3.84,6729,4848,962,145,72.05,14.3,2.15
FR,All,2013,pell_status,non_pell,3,3.84,4.0,8302,6666,909,135,80.29,10.95,1.63
FR,All,2013,pell_status,pell,1,1.21,3.57,6992,3718,1371,259,53.18,19.61,3.7
FR,All,2013,pell_status,pell,2,3.57,3.84,5812,3537,1172,177,60.86,20.17,3.05
FR,All,2013,pell_status,pell,3,3.84,4.0,4827,3332,864,124,69.03,17.9,2.57
FR,All,2014,ethnicity,aian,1,0.25,3.59,82,50,19,1,60.98,23.17,1.22
FR,All,2014,ethnicity,aian,2,3.59,3.86,88,45,22,2,51.14,25.0,2.27
FR,All,2014,ethnicity,aian,3,3.86,4.0,71,50,9,2,70.42,12.68,2.82
FR,All,2014,ethnicity,asian,1,0.25,3.59,4409,2861,731,104,64.89,16.58,2.36
FR,All,2014,ethnicity,asian,2,3.59,3.86,4960,3727,675,106,75.14,13.61,2.14
FR,All,2014,ethnicity,asian,3,3.86,4.0,5056,4110,582,78,81.29,11.51,1.54
FR,All,2014,ethnicity,black,1,0.25,3.59,753,382,159,17,50.73,21.12,2.26
FR,All,2014,ethnicity,black,2,3.59,3.86,430,258,61,17,60.0,14.19,3.95
FR,All,2014,ethnicity,black,3,3.86,4.0,294,206,50,10,70.07,17.01,3.4
FR,All,2014,ethnicity,hispanic_latino,1,0.25,3.59,4204,2020,855,157,48.05,20.34,3.73
FR,All,2014,ethnicity,hispanic_latino,2,3.59,3.86,3323,1908,692,117,57.42,20.82,3.52
FR,All,2014,ethnicity,hispanic_latino,3,3.86,4.0,2149,1377,418,56,64.08,19.45,2.61
FR,All,2014,ethnicity,international,1,0.25,3.59,811,446,125,34,54.99,15.41,4.19
FR,All,2014,ethnicity,international,2,3.59,3.86,1108,724,160,26,65.34,14.44,2.35
FR,All,2014,ethnicity,international,3,3.86,4.0,1458,1057,179,44,72.5,12.28,3.02
FR,All,2014,ethnicity,white,1,0.25,3.59,2312,1392,372,71,60.21,16.09,3.07
FR,All,2014,ethnicity,white,2,3.59,3.86,2884,2142,352,61,74.27,12.21,2.12
FR,All,2014,ethnicity,white,3,3.86,4.0,3643,2956,365,49,81.14,10.02,1.35
FR,All,2014,first_gen_status,first_gen,1,0.25,3.59,6730,3494,1309,215,51.92,19.45,3.19
FR,All,2014,first_gen_status,first_gen,2,3.59,3.86,5680,3525,1045,180,62.06,18.4,3.17
FR,All,2014,first_gen_status,first_gen,3,3.86,4.0,4151,2906,669,111,70.01,16.12,2.67
FR,All,2014,first_gen_status,not_first_gen,1,0.25,3.59,5873,3692,948,173,62.86,16.14,2.95
FR,All,2014,first_gen_status,not_first_gen,2,3.59,3.86,7214,5362,932,149,74.33,12.92,2.07
FR,All,2014,first_gen_status,not_first_gen,3,3.86,4.0,8720,7025,949,130,80.56,10.88,1.49
FR,All,2014,overall,overall,1,0.25,3.59,12829,7299,2301,396,56.89,17.94,3.09
FR,All,2014,overall,overall,2,3.59,3.86,13122,9049,2014,331,68.96,15.35,2.52
FR,All,2014,overall,overall,3,3.86,4.0,13072,10078,1648,245,77.1,12.61,1.87
FR,All,2014,pell_status,non_pell,1,0.25,3.59,5872,3616,909,169,61.58,15.48,2.88
FR,All,2014,pell_status,non_pell,2,3.59,3.86,7171,5333,892,135,74.37,12.44,1.88
FR,All,2014,pell_status,non_pell,3,3.86,4.0,8482,6870,891,114,81.0,10.5,1.34
FR,All,2014,pell_status,pell,1,0.25,3.59,6957,3683,1392,227,52.94,20.01,3.26
FR,All,2014,pell_status,pell,2,3.59,3.86,5951,3716,1122,196,62.44,18.85,3.29
FR,All,2014,pell_status,pell,3,3.86,4.0,4590,3208,757,131,69.89,16.49,2.85
FR,All,2015,ethnicity,aian,1,1.0,3.61,72,37,12,5,51.39,16.67,6.94
FR,All,2015,ethnicity,aian,2,3.61,3.87,70,45,11,3,64.29,15.71,4.29
FR,All,2015,ethnicity,aian,3,3.87,4.0,77,56,7,3,72.73,9.09,3.9
FR,All,2015,ethnicity,asian,1,1.0,3.61,4427,2962,720,111,66.91,16.26,2.51
FR,All,2015,ethnicity,asian,2,3.61,3.87,4862,3741,627,98,76.94,12.9,2.02
FR,All,2015,ethnicity,asian,3,3.87,4.0,5103,4284,526,61,83.95,10.31,1.2
FR,All,2015,ethnicity,black,1,1.0,3.61,716,338,133,25,47.21,18.58,3.49
FR,All,2015,ethnicity,black,2,3.61,3.87,421,248,70,16,58.91,16.63,3.8
FR,All,2015,ethnicity,black,3,3.87,4.0,308,207,64,6,67.21,20.78,1.95
FR,All,2015,ethnicity,hispanic_latino,1,1.0,3.61,4287,2175,834,158,50.73,19.45,3.69
FR,All,2015,ethnicity,hispanic_latino,2,3.61,3.87,3039,1816,574,98,59.76,18.89,3.22
FR,All,2015,ethnicity,hispanic_latino,3,3.87,4.0,2270,1556,407,52,68.55,17.93,2.29
FR,All,2015,ethnicity,international,1,1.0,3.61,991,611,139,33,61.65,14.03,3.33
FR,All,2015,ethnicity,international,2,3.61,3.87,1380,952,184,29,68.99,13.33,2.1
FR,All,2015,ethnicity,international,3,3.87,4.0,1446,1063,170,40,73.51,11.76,2.77
FR,All,2015,ethnicity,white,1,1.0,3.61,2153,1262,390,65,58.62,18.11,3.02
FR,All,2015,ethnicity,white,2,3.61,3.87,2797,2030,384,50,72.58,13.73,1.79
FR,All,2015,ethnicity,white,3,3.87,4.0,3704,3050,351,36,82.34,9.48,0.97
FR,All,2015,first_gen_status,first_gen,1,1.0,3.61,6761,3663,1260,222,54.18,18.64,3.28
FR,All,2015,first_gen_status,first_gen,2,3.61,3.87,5322,3412,914,147,64.11,17.17,2.76
FR,All,2015,first_gen_status,first_gen,3,3.87,4.0,3989,2886,616,76,72.35,15.44,1.91
FR,All,2015,first_gen_status,not_first_gen,1,1.0,3.61,5974,3778,981,170,63.24,16.42,2.85
FR,All,2015,first_gen_status,not_first_gen,2,3.61,3.87,7407,5553,956,151,74.97,12.91,2.04
FR,All,2015,first_gen_status,not_first_gen,3,3.87,4.0,9242,7616,927,126,82.41,10.03,1.36
FR,All,2015,overall,overall,1,1.0,3.61,12952,7560,2281,402,58.37,17.61,3.1
FR,All,2015,overall,overall,2,3.61,3.87,12919,9099,1895,301,70.43,14.67,2.33
FR,All,2015,overall,overall,3,3.87,4.0,13427,10657,1563,205,79.37,11.64,1.53
FR,All,2015,pell_status,non_pell,1,1.0,3.61,6210,3892,979,170,62.67,15.76,2.74
FR,All,2015,pell_status,non_pell,2,3.61,3.87,7400,5542,926,126,74.89,12.51,1.7
FR,All,2015,pell_status,non_pell,3,3.87,4.0,8956,7438,818,107,83.05,9.13,1.19
FR,All,2015,pell_status,pell,1,1.0,3.61,6742,3668,1302,232,54.41,19.31,3.44
FR,All,2015,pell_status,pell,2,3.61,3.87,5519,3557,969,175,64.45,17.56,3.17
FR,All,2015,pell_status,pell,3,3.87,4.0,4471,3219,745,98,72.0,16.66,2.19
FR,All,2016,ethnicity,aian,1,0.85,3.59,77,46,11,2,59.74,14.29,2.6
FR,All,2016,ethnicity,aian,2,3.59,3.86,74,46,11,1,62.16,14.86,1.35
FR,All,2016,ethnicity,aian,3,3.86,4.0,73,54,6,2,73.97,8.22,2.74
FR,All,2016,ethnicity,asian,1,0.85,3.59,4699,3211,691,107,68.33,14.71,2.28
FR,All,2016,ethnicity,asian,2,3.59,3.86,5357,4193,641,79,78.27,11.97,1.47
FR,All,2016,ethnicity,asian,3,3.86,4.0,5714,4858,510,45,85.02,8.93,0.79
FR,All,2016,ethnicity,black,1,0.85,3.59,946,468,165,37,49.47,17.44,3.91
FR,All,2016,ethnicity,black,2,3.59,3.86,578,385,83,11,66.61,14.36,1.9
FR,All,2016,ethnicity,black,3,3.86,4.0,380,285,44,4,75.0,11.58,1.05
FR,All,2016,ethnicity,hispanic_latino,1,0.85,3.59,5378,2887,901,160,53.68,16.75,2.98
FR,All,2016,ethnicity,hispanic_latino,2,3.59,3.86,4061,2564,670,85,63.14,16.5,2.09
FR,All,2016,ethnicity,hispanic_latino,3,3.86,4.0,2829,2009,437,46,71.01,15.45,1.63
FR,All,2016,ethnicity,international,1,0.85,3.59,1015,629,127,25,61.97,12.51,2.46
FR,All,2016,ethnicity,international,2,3.59,3.86,1409,1008,149,31,71.54,10.57,2.2
FR,All,2016,ethnicity,international,3,3.86,4.0,1769,1361,163,41,76.94,9.21,2.32
FR,All,2016,ethnicity,white,1,0.85,3.59,2436,1505,370,65,61.78,15.19,2.67
FR,All,2016,ethnicity,white,2,3.59,3.86,3160,2355,369,49,74.53,11.68,1.55
FR,All,2016,ethnicity,white,3,3.86,4.0,4127,3449,373,30,83.57,9.04,0.73
FR,All,2016,first_gen_status,first_gen,1,0.85,3.59,7803,4415,1220,215,56.58,15.64,2.76
FR,All,2016,first_gen_status,first_gen,2,3.59,3.86,6296,4161,967,120,66.09,15.36,1.91
FR,All,2016,first_gen_status,first_gen,3,3.86,4.0,4630,3417,633,64,73.8,13.67,1.38
FR,All,2016,first_gen_status,not_first_gen,1,0.85,3.59,6740,4320,1045,176,64.09,15.5,2.61
FR,All,2016,first_gen_status,not_first_gen,2,3.59,3.86,8483,6501,978,136,76.64,11.53,1.6
FR,All,2016,first_gen_status,not_first_gen,3,3.86,4.0,10587,8890,935,105,83.97,8.83,0.99
FR,All,2016,overall,overall,1,0.85,3.59,14838,8908,2312,402,60.04,15.58,2.71
FR,All,2016,overall,overall,2,3.59,3.86,15037,10849,1979,260,72.15,13.16,1.73
FR,All,2016,overall,overall,3,3.86,4.0,15458,12494,1590,171,80.83,10.29,1.11
FR,All,2016,pell_status,non_pell,1,0.85,3.59,7040,4484,1011,149,63.69,14.36,2.12
FR,All,2016,pell_status,non_pell,2,3.59,3.86,8622,6612,924,123,76.69,10.72,1.43
FR,All,2016,pell_status,non_pell,3,3.86,4.0,10571,8864,905,93,83.85,8.56,0.88
FR,All,2016,pell_status,pell,1,0.85,3.59,7798,4424,1301,253,56.73,16.68,3.24
FR,All,2016,pell_status,pell,2,3.59,3.86,6415,4237,1055,137,66.05,16.45,2.14
FR,All,2016,pell_status,pell,3,3.86,4.0,4887,3630,685,78,74.28,14.02,1.6
FR,All,2017,ethnicity,aian,1,0.0,3.63,84,40,16,2,47.62,19.05,2.38
FR,All,2017,ethnicity,aian,2,3.63,3.88,65,44,6,4,67.69,9.23,6.15
FR,All,2017,ethnicity,aian,3,3.88,4.0,57,45,3,1,78.95,5.26,1.75
FR,All,2017,ethnicity,asian,1,0.0,3.63,4652,3310,529,104,71.15,11.37,2.24
FR,All,2017,ethnicity,asian,2,3.63,3.88,5138,4134,516,86,80.46,10.04,1.67
FR,All,2017,ethnicity,asian,3,3.88,4.0,5647,4892,428,66,86.63,7.58,1.17
FR,All,2017,ethnicity,black,1,0.0,3.63,935,486,147,33,51.98,15.72,3.53
FR,All,2017,ethnicity,black,2,3.63,3.88,584,405,87,13,69.35,14.9,2.23
FR,All,2017,ethnicity,black,3,3.88,4.0,349,256,36,7,73.35,10.32,2.01
FR,All,2017,ethnicity,hispanic_latino,1,0.0,3.63,4980,2711,724,145,54.44,14.54,2.91
FR,All,2017,ethnicity,hispanic_latino,2,3.63,3.88,3903,2550,533,83,65.33,13.66,2.13
FR,All,2017,ethnicity,hispanic_latino,3,3.88,4.0,2754,2028,330,39,73.64,11.98,1.42
FR,All,2017,ethnicity,international,1,0.0,3.63,1232,761,172,38,61.77,13.96,3.08
FR,All,2017,ethnicity,international,2,3.63,3.88,1367,1003,143,30,73.37,10.46,2.19
FR,All,2017,ethnicity,international,3,3.88,4.0,1580,1239,131,34,78.42,8.29,2.15
FR,All,2017,ethnicity,white,1,0.0,3.63,2296,1384,348,69,60.28,15.16,3.01
FR,All,2017,ethnicity,white,2,3.63,3.88,2902,2158,322,50,74.36,11.1,1.72
FR,All,2017,ethnicity,white,3,3.88,4.0,4030,3371,305,41,83.65,7.57,1.02
FR,All,2017,first_gen_status,first_gen,1,0.0,3.63,7200,4137,988,198,57.46,13.72,2.75
FR,All,2017,first_gen_status,first_gen,2,3.63,3.88,5981,4089,784,127,68.37,13.11,2.12
FR,All,2017,first_gen_status,first_gen,3,3.88,4.0,4404,3352,463,75,76.11,10.51,1.7
FR,All,2017,first_gen_status,not_first_gen,1,0.0,3.63,6944,4543,933,197,65.42,13.44,2.84
FR,All,2017,first_gen_status,not_first_gen,2,3.63,3.88,8072,6292,818,138,77.95,10.13,1.71
FR,All,2017,first_gen_status,not_first_gen,3,3.88,4.0,10247,8684,787,116,84.75,7.68,1.13
FR,All,2017,overall,overall,1,0.0,3.63,14454,8857,1974,400,61.28,13.66,2.77
FR,All,2017,overall,overall,2,3.63,3.88,14329,10588,1636,267,73.89,11.42,1.86
FR,All,2017,overall,overall,3,3.88,4.0,14920,12257,1268,194,82.15,8.5,1.3
FR,All,2017,pell_status,non_pell,1,0.0,3.63,7069,4543,902,192,64.27,12.76,2.72
FR,All,2017,pell_status,non_pell,2,3.63,3.88,8157,6300,808,134,77.23,9.91,1.64
FR,All,2017,pell_status,non_pell,3,3.88,4.0,10205,8659,755,112,84.85,7.4,1.1
FR,All,2017,pell_status,pell,1,0.0,3.63,7385,4314,1072,208,58.42,14.52,2.82
FR,All,2017,pell_status,pell,2,3.63,3.88,6172,4288,828,133,69.48,13.42,2.15
FR,All,2017,pell_status,pell,3,3.88,4.0,4715,3598,513,82,76.31,10.88,1.74
FR,All,2018,ethnicity,aian,1,0.0,3.68,85,47,14,1,55.29,16.47,1.18
FR,All,2018,ethnicity,aian,2,3.68,3.9,62,41,6,1,66.13,9.68,1.61
FR,All,2018,ethnicity,aian,3,3.9,4.0,64,46,8,0,71.88,12.5,0.0
FR,All,2018,ethnicity,asian,1,0.0,3.68,4786,3433,513,117,71.73,10.72,2.44
FR,All,2018,ethnicity,asian,2,3.68,3.9,5289,4314,482,85,81.57,9.11,1.61
FR,All,2018,ethnicity,asian,3,3.9,4.0,6249,5401,473,66,86.43,7.57,1.06
FR,All,2018,ethnicity,black,1,0.0,3.68,927,490,126,37,52.86,13.59,3.99
FR,All,2018,ethnicity,black,2,3.68,3.9,544,323,67,27,59.38,12.32,4.96
FR,All,2018,ethnicity,black,3,3.9,4.0,427,318,42,12,74.47,9.84,2.81
FR,All,2018,ethnicity,hispanic_latino,1,0.0,3.68,4855,2622,677,161,54.01,13.94,3.32
FR,All,2018,ethnicity,hispanic_latino,2,3.68,3.9,3522,2250,495,94,63.88,14.05,2.67
FR,All,2018,ethnicity,hispanic_latino,3,3.9,4.0,2908,2130,317,63,73.25,10.9,2.17
FR,All,2018,ethnicity,international,1,0.0,3.68,1508,982,173,47,65.12,11.47,3.12
FR,All,2018,ethnicity,international,2,3.68,3.9,1493,1069,168,44,71.6,11.25,2.95
FR,All,2018,ethnicity,international,3,3.9,4.0,1861,1453,173,50,78.08,9.3,2.69
FR,All,2018,ethnicity,white,1,0.0,3.68,2162,1296,343,64,59.94,15.86,2.96
FR,All,2018,ethnicity,white,2,3.68,3.9,2571,1941,268,41,75.5,10.42,1.59
FR,All,2018,ethnicity,white,3,3.9,4.0,4088,3381,358,49,82.71,8.76,1.2
FR,All,2018,first_gen_status,first_gen,1,0.0,3.68,7227,4145,964,219,57.35,13.34,3.03
FR,All,2018,first_gen_status,first_gen,2,3.68,3.9,5609,3809,718,127,67.91,12.8,2.26
FR,All,2018,first_gen_status,first_gen,3,3.9,4.0,4749,3586,494,93,75.51,10.4,1.96
FR,All,2018,first_gen_status,not_first_gen,1,0.0,3.68,7088,4718,904,207,66.56,12.75,2.92
FR,All,2018,first_gen_status,not_first_gen,2,3.68,3.9,8002,6243,785,160,78.02,9.81,2.0
FR,All,2018,first_gen_status,not_first_gen,3,3.9,4.0,11158,9435,899,146,84.56,8.06,1.31
FR,All,2018,overall,overall,1,0.0,3.68,14637,9051,1906,438,61.84,13.02,2.99
FR,All,2018,overall,overall,2,3.68,3.9,13863,10230,1534,295,73.79,11.07,2.13
FR,All,2018,overall,overall,3,3.9,4.0,16193,13244,1420,246,81.79,8.77,1.52
FR,All,2018,pell_status,non_pell,1,0.0,3.68,7412,4787,930,195,64.58,12.55,2.63
FR,All,2018,pell_status,non_pell,2,3.68,3.9,8181,6292,808,147,76.91,9.88,1.8
FR,All,2018,pell_status,non_pell,3,3.9,4.0,11061,9326,882,127,84.31,7.97,1.15
FR,All,2018,pell_status,pell,1,0.0,3.68,7225,4264,976,243,59.02,13.51,3.36
FR,All,2018,pell_status,pell,2,3.68,3.9,5682,3938,726,148,69.31,12.78,2.6
FR,All,2018,pell_status,pell,3,3.9,4.0,5132,3918,538,119,76.34,10.48,2.32
FR,All,2019,ethnicity,aian,1,1.38,3.69,61,33,9,1,54.1,14.75,1.64
FR,All,2019,ethnicity,aian,2,3.69,3.91,63,43,6,2,68.25,9.52,3.17
FR,All,2019,ethnicity,aian,3,3.91,4.0,62,43,7,1,69.35,11.29,1.61
FR,All,2019,ethnicity,asian,1,1.38,3.69,4818,3448,561,129,71.56,11.64,2.68
FR,All,2019,ethnicity,asian,2,3.69,3.91,5371,4363,487,96,81.23,9.07,1.79
FR,All,2019,ethnicity,asian,3,3.91,4.0,6080,5329,433,53,87.65,7.12,0.87
FR,All,2019,ethnicity,black,1,1.38,3.69,841,437,126,22,51.96,14.98,2.62
FR,All,2019,ethnicity,black,2,3.69,3.91,529,346,73,10,65.41,13.8,1.89
FR,All,2019,ethnicity,black,3,3.91,4.0,396,288,39,7,72.73,9.85,1.77
FR,All,2019,ethnicity,hispanic_latino,1,1.38,3.69,4971,2748,715,146,55.28,14.38,2.94
FR,All,2019,ethnicity,hispanic_latino,2,3.69,3.91,3668,2417,491,83,65.89,13.39,2.26
FR,All,2019,ethnicity,hispanic_latino,3,3.91,4.0,2786,2109,310,50,75.7,11.13,1.79
FR,All,2019,ethnicity,international,1,1.38,3.69,1355,817,160,43,60.3,11.81,3.17
FR,All,2019,ethnicity,international,2,3.69,3.91,1534,1107,146,39,72.16,9.52,2.54
FR,All,2019,ethnicity,international,3,3.91,4.0,1720,1310,165,39,76.16,9.59,2.27
FR,All,2019,ethnicity,white,1,1.38,3.69,2178,1411,297,45,64.78,13.64,2.07
FR,All,2019,ethnicity,white,2,3.69,3.91,2717,2067,298,37,76.08,10.97,1.36
FR,All,2019,ethnicity,white,3,3.91,4.0,3940,3282,308,39,83.3,7.82,0.99
FR,All,2019,first_gen_status,first_gen,1,1.38,3.69,7060,4122,947,193,58.39,13.41,2.73
FR,All,2019,first_gen_status,first_gen,2,3.69,3.91,5606,3883,661,114,69.27,11.79,2.03
FR,All,2019,first_gen_status,first_gen,3,3.91,4.0,4252,3261,428,63,76.69,10.07,1.48
FR,All,2019,first_gen_status,not_first_gen,1,1.38,3.69,7140,4767,923,191,66.76,12.93,2.68
FR,All,2019,first_gen_status,not_first_gen,2,3.69,3.91,8307,6491,843,155,78.14,10.15,1.87
FR,All,2019,first_gen_status,not_first_gen,3,3.91,4.0,10954,9303,849,127,84.93,7.75,1.16
FR,All,2019,overall,overall,1,1.38,3.69,14490,9048,1917,395,62.44,13.23,2.73
FR,All,2019,overall,overall,2,3.69,3.91,14194,10580,1536,273,74.54,10.82,1.92
FR,All,2019,overall,overall,3,3.91,4.0,15489,12791,1303,194,82.58,8.41,1.25
FR,All,2019,pell_status,non_pell,1,1.38,3.69,7405,4813,937,185,65.0,12.65,2.5
FR,All,2019,pell_status,non_pell,2,3.69,3.91,8465,6559,834,144,77.48,9.85,1.7
FR,All,2019,pell_status,non_pell,3,3.91,4.0,10900,9208,822,116,84.48,7.54,1.06
FR,All,2019,pell_status,pell,1,1.38,3.69,7085,4235,980,210,59.77,13.83,2.96
FR,All,2019,pell_status,pell,2,3.69,3.91,5729,4021,702,129,70.19,12.25,2.25
FR,All,2019,pell_status,pell,3,3.91,4.0,4589,3583,481,78,78.08,10.48,1.7
FR,All,2020,ethnicity,aian,1,1.1,3.67,58,24,8,0,41.38,13.79,0.0
FR,All,2020,ethnicity,aian,2,3.67,3.91,59,43,7,0,72.88,11.86,0.0
FR,All,2020,ethnicity,aian,3,3.91,4.0,58,47,4,0,81.03,6.9,0.0
FR,All,2020,ethnicity,asian,1,1.1,3.67,5217,3576,688,0,68.55,13.19,0.0
FR,All,2020,ethnicity,asian,2,3.67,3.91,5928,4744,582,0,80.03,9.82,0.0
FR,All,2020,ethnicity,asian,3,3.91,4.0,6232,5521,359,0,88.59,5.76,0.0
FR,All,2020,ethnicity,black,1,1.1,3.67,941,491,149,0,52.18,15.83,0.0
FR,All,2020,ethnicity,black,2,3.67,3.91,570,375,68,0,65.79,11.93,0.0
FR,All,2020,ethnicity,black,3,3.91,4.0,403,298,45,0,73.95,11.17,0.0
FR,All,2020,ethnicity,hispanic_latino,1,1.1,3.67,4965,2542,633,0,51.2,12.75,0.0
FR,All,2020,ethnicity,hispanic_latino,2,3.67,3.91,3899,2529,443,0,64.86,11.36,0.0
FR,All,2020,ethnicity,hispanic_latino,3,3.91,4.0,2837,2161,267,0,76.17,9.41,0.0
FR,All,2020,ethnicity,international,1,1.1,3.67,1367,847,210,0,61.96,15.36,0.0
FR,All,2020,ethnicity,international,2,3.67,3.91,1436,1027,153,0,71.52,10.65,0.0
FR,All,2020,ethnicity,international,3,3.91,4.0,1526,1170,138,0,76.67,9.04,0.0
FR,All,2020,ethnicity,white,1,1.1,3.67,2254,1393,314,0,61.8,13.93,0.0
FR,All,2020,ethnicity,white,2,3.67,3.91,2806,2172,262,0,77.41,9.34,0.0
FR,All,2020,ethnicity,white,3,3.91,4.0,3739,3177,272,0,84.97,7.27,0.0
FR,All,2020,first_gen_status,first_gen,1,1.1,3.67,7095,3842,892,0,54.15,12.57,0.0
FR,All,2020,first_gen_status,first_gen,2,3.67,3.91,5867,3951,657,0,67.34,11.2,0.0
FR,All,2020,first_gen_status,first_gen,3,3.91,4.0,4233,3318,342,0,78.38,8.08,0.0
FR,All,2020,first_gen_status,not_first_gen,1,1.1,3.67,7658,5024,1079,0,65.6,14.09,0.0
FR,All,2020,first_gen_status,not_first_gen,2,3.67,3.91,8918,7010,861,0,78.61,9.65,0.0
FR,All,2020,first_gen_status,not_first_gen,3,3.91,4.0,10728,9223,753,0,85.97,7.02,0.0
FR,All,2020,overall,overall,1,1.1,3.67,15085,9066,2030,0,60.1,13.46,0.0
FR,All,2020,overall,overall,2,3.67,3.91,15120,11211,1554,0,74.15,10.28,0.0
FR,All,2020,overall,overall,3,3.91,4.0,15361,12875,1120,0,83.82,7.29,0.0
FR,All,2020,pell_status,non_pell,1,1.1,3.67,7970,5118,1039,0,64.22,13.04,0.0
FR,All,2020,pell_status,non_pell,2,3.67,3.91,9183,7113,866,0,77.46,9.43,0.0
FR,All,2020,pell_status,non_pell,3,3.91,4.0,10798,9227,717,0,85.45,6.64,0.0
FR,All,2020,pell_status,pell,1,1.1,3.67,7115,3948,991,0,55.49,13.93,0.0
FR,All,2020,pell_status,pell,2,3.67,3.91,5937,4098,688,0,69.02,11.59,0.0
FR,All,2020,pell_status,pell,3,3.91,4.0,4563,3648,403,0,79.95,8.83,0.0
FR,All,2021,ethnicity,aian,1,0.0,3.71,76,41,0,0,53.95,0.0,0.0
FR,All,2021,ethnicity,aian,2,3.71,3.92,71,48,0,0,67.61,0.0,0.0
FR,All,2021,ethnicity,aian,3,3.92,4.0,68,51,0,0,75.0,0.0,0.0
FR,All,2021,ethnicity,asian,1,0.0,3.71,4982,3463,0,0,69.51,0.0,0.0
FR,All,2021,ethnicity,asian,2,3.71,3.92,5929,4919,0,0,82.97,0.0,0.0
FR,All,2021,ethnicity,asian,3,3.92,4.0,7119,6276,0,0,88.16,0.0,0.0
FR,All,2021,ethnicity,black,1,0.0,3.71,1154,630,0,0,54.59,0.0,0.0
FR,All,2021,ethnicity,black,2,3.71,3.92,667,442,0,0,66.27,0.0,0.0
FR,All,2021,ethnicity,black,3,3.92,4.0,462,357,0,0,77.27,0.0,0.0
FR,All,2021,ethnicity,hispanic_latino,1,0.0,3.71,6084,3206,0,0,52.7,0.0,0.0
FR,All,2021,ethnicity,hispanic_latino,2,3.71,3.92,4217,2857,0,0,67.75,0.0,0.0
FR,All,2021,ethnicity,hispanic_latino,3,3.92,4.0,3144,2437,0,0,77.51,0.0,0.0
FR,All,2021,ethnicity,international,1,0.0,3.71,1666,1046,0,0,62.79,0.0,0.0
FR,All,2021,ethnicity,international,2,3.71,3.92,1444,1044,0,0,72.3,0.0,0.0
FR,All,2021,ethnicity,international,3,3.92,4.0,1856,1474,0,0,79.42,0.0,0.0
FR,All,2021,ethnicity,white,1,0.0,3.71,2250,1436,0,0,63.82,0.0,0.0
FR,All,2021,ethnicity,white,2,3.71,3.92,3116,2435,0,0,78.15,0.0,0.0
FR,All,2021,ethnicity,white,3,3.92,4.0,4716,4042,0,0,85.71,0.0,0.0
FR,All,2021,first_gen_status,first_gen,1,0.0,3.71,7791,4267,0,0,54.77,0.0,0.0
FR,All,2021,first_gen_status,first_gen,2,3.71,3.92,5639,3941,0,0,69.89,0.0,0.0
FR,All,2021,first_gen_status,first_gen,3,3.92,4.0,4409,3466,0,0,78.61,0.0,0.0
FR,All,2021,first_gen_status,not_first_gen,1,0.0,3.71,8392,5527,0,0,65.86,0.0,0.0
FR,All,2021,first_gen_status,not_first_gen,2,3.71,3.92,9860,7834,0,0,79.45,0.0,0.0
FR,All,2021,first_gen_status,not_first_gen,3,3.92,4.0,13145,11369,0,0,86.49,0.0,0.0
FR,All,2021,overall,overall,1,0.0,3.71,16503,10002,0,0,60.61,0.0,0.0
FR,All,2021,overall,overall,2,3.71,3.92,15865,12068,0,0,76.07,0.0,0.0
FR,All,2021,overall,overall,3,3.92,4.0,17995,15193,0,0,84.43,0.0,0.0
FR,All,2021,pell_status,non_pell,1,0.0,3.71,8419,5445,0,0,64.68,0.0,0.0
FR,All,2021,pell_status,non_pell,2,3.71,3.92,9759,7673,0,0,78.62,0.0,0.0
FR,All,2021,pell_status,non_pell,3,3.92,4.0,12736,10952,0,0,85.99,0.0,0.0
FR,All,2021,pell_status,pell,1,0.0,3.71,8084,4557,0,0,56.37,0.0,0.0
FR,All,2021,pell_status,pell,2,3.71,3.92,6106,4395,0,0,71.98,0.0,0.0
FR,All,2021,pell_status,pell,3,3.92,4.0,5259,4241,0,0,80.64,0.0,0.0
FR,Berkeley,2010,ethnicity,aian,1,1.75,3.47,3,1,0,0,33.33,0.0,0.0
FR,Berkeley,2010,ethnicity,aian,2,3.47,3.79,11,7,3,0,63.64,27.27,0.0
FR,Berkeley,2010,ethnicity,aian,3,3.79,4.0,13,10,2,0,76.92,15.38,0.0
FR,Berkeley,2010,ethnicity,asian,1,1.75,3.47,42,25,8,3,59.52,19.05,7.14
FR,Berkeley,2010,ethnicity,asian,2,3.47,3.79,275,208,29,9,75.64,10.55,3.27
FR,Berkeley,2010,ethnicity,asian,3,3.79,4.0,1334,1135,129,16,85.08,9.67,1.2
FR,Berkeley,2010,ethnicity,black,1,1.75,3.47,42,14,7,3,33.33,16.67,7.14
FR,Berkeley,2010,ethnicity,black,2,3.47,3.79,33,18,8,1,54.55,24.24,3.03
FR,Berkeley,2010,ethnicity,black,3,3.79,4.0,49,33,9,0,67.35,18.37,0.0
FR,Berkeley,2010,ethnicity,hispanic_latino,1,1.75,3.47,27,6,12,3,22.22,44.44,11.11
FR,Berkeley,2010,ethnicity,hispanic_latino,2,3.47,3.79,124,60,40,6,48.39,32.26,4.84
FR,Berkeley,2010,ethnicity,hispanic_latino,3,3.79,4.0,267,165,69,10,61.8,25.84,3.75
FR,Berkeley,2010,ethnicity,international,1,1.75,3.47,31,25,3,0,80.65,9.68,0.0
FR,Berkeley,2010,ethnicity,international,2,3.47,3.79,83,60,11,4,72.29,13.25,4.82
FR,Berkeley,2010,ethnicity,international,3,3.79,4.0,262,195,30,11,74.43,11.45,4.2
FR,Berkeley,2010,ethnicity,white,1,1.75,3.47,104,47,26,7,45.19,25.0,6.73
FR,Berkeley,2010,ethnicity,white,2,3.47,3.79,193,147,24,4,76.17,12.44,2.07
FR,Berkeley,2010,ethnicity,white,3,3.79,4.0,846,688,93,7,81.32,10.99,0.83
FR,Berkeley,2010,first_gen_status,first_gen,1,1.75,3.47,76,30,22,6,39.47,28.95,7.89
FR,Berkeley,2010,first_gen_status,first_gen,2,3.47,3.79,240,137,60,7,57.08,25.0,2.92
FR,Berkeley,2010,first_gen_status,first_gen,3,3.79,4.0,604,427,121,11,70.7,20.03,1.82
FR,Berkeley,2010,first_gen_status,not_first_gen,1,1.75,3.47,168,83,35,11,49.4,20.83,6.55
FR,Berkeley,2010,first_gen_status,not_first_gen,2,3.47,3.79,473,351,57,15,74.21,12.05,3.17
FR,Berkeley,2010,first_gen_status,not_first_gen,3,3.79,4.0,2143,1770,214,35,82.59,9.99,1.63
FR,Berkeley,2010,overall,overall,1,1.75,3.47,270,127,61,17,47.04,22.59,6.3
FR,Berkeley,2010,overall,overall,2,3.47,3.79,767,532,123,25,69.36,16.04,3.26
FR,Berkeley,2010,overall,overall,3,3.79,4.0,2950,2371,352,47,80.37,11.93,1.59
FR,Berkeley,2010,pell_status,non_pell,1,1.75,3.47,175,92,38,9,52.57,21.71,5.14
FR,Berkeley,2010,pell_status,non_pell,2,3.47,3.79,440,341,47,11,77.5,10.68,2.5
FR,Berkeley,2010,pell_status,non_pell,3,3.79,4.0,2042,1711,187,31,83.79,9.16,1.52
FR,Berkeley,2010,pell_status,pell,1,1.75,3.47,95,35,23,8,36.84,24.21,8.42
FR,Berkeley,2010,pell_status,pell,2,3.47,3.79,327,191,76,14,58.41,23.24,4.28
FR,Berkeley,2010,pell_status,pell,3,3.79,4.0,908,660,165,16,72.69,18.17,1.76
FR,Berkeley,2011,ethnicity,aian,1,0.87,3.5,4,3,1,0,75.0,25.0,0.0
FR,Berkeley,2011,ethnicity,aian,2,3.5,3.8,10,6,3,0,60.0,30.0,0.0
FR,Berkeley,2011,ethnicity,aian,3,3.8,4.0,20,16,2,2,80.0,10.0,10.0
FR,Berkeley,2011,ethnicity,asian,1,0.87,3.5,82,52,12,4,63.41,14.63,4.88
FR,Berkeley,2011,ethnicity,asian,2,3.5,3.8,403,292,54,17,72.46,13.4,4.22
FR,Berkeley,2011,ethnicity,asian,3,3.8,4.0,1374,1161,125,20,84.5,9.1,1.46
FR,Berkeley,2011,ethnicity,black,1,0.87,3.5,35,11,10,2,31.43,28.57,5.71
FR,Berkeley,2011,ethnicity,black,2,3.5,3.8,40,23,8,4,57.5,20.0,10.0
FR,Berkeley,2011,ethnicity,black,3,3.8,4.0,55,37,11,1,67.27,20.0,1.82
FR,Berkeley,2011,ethnicity,hispanic_latino,1,0.87,3.5,42,17,19,0,40.48,45.24,0.0
FR,Berkeley,2011,ethnicity,hispanic_latino,2,3.5,3.8,138,80,38,3,57.97,27.54,2.17
FR,Berkeley,2011,ethnicity,hispanic_latino,3,3.8,4.0,293,187,63,9,63.82,21.5,3.07
FR,Berkeley,2011,ethnicity,international,1,0.87,3.5,47,34,4,1,72.34,8.51,2.13
FR,Berkeley,2011,ethnicity,international,2,3.5,3.8,122,79,15,9,64.75,12.3,7.38
FR,Berkeley,2011,ethnicity,international,3,3.8,4.0,319,231,36,21,72.41,11.29,6.58
FR,Berkeley,2011,ethnicity,white,1,0.87,3.5,120,64,31,3,53.33,25.83,2.5
FR,Berkeley,2011,ethnicity,white,2,3.5,3.8,230,163,29,9,70.87,12.61,3.91
FR,Berkeley,2011,ethnicity,white,3,3.8,4.0,838,678,80,14,80.91,9.55,1.67
FR,Berkeley,2011,first_gen_status,first_gen,1,0.87,3.5,71,27,24,1,38.03,33.8,1.41
FR,Berkeley,2011,first_gen_status,first_gen,2,3.5,3.8,249,144,62,12,57.83,24.9,4.82
FR,Berkeley,2011,first_gen_status,first_gen,3,3.8,4.0,625,432,101,22,69.12,16.16,3.52
FR,Berkeley,2011,first_gen_status,not_first_gen,1,0.87,3.5,262,156,53,10,59.54,20.23,3.82
FR,Berkeley,2011,first_gen_status,not_first_gen,2,3.5,3.8,704,503,85,28,71.45,12.07,3.98
FR,Berkeley,2011,first_gen_status,not_first_gen,3,3.8,4.0,2305,1907,217,46,82.73,9.41,2.0
FR,Berkeley,2011,overall,overall,1,0.87,3.5,341,186,78,11,54.55,22.87,3.23
FR,Berkeley,2011,overall,overall,2,3.5,3.8,965,654,149,42,67.77,15.44,4.35
FR,Berkeley,2011,overall,overall,3,3.8,4.0,2977,2377,324,68,79.85,10.88,2.28
FR,Berkeley,2011,pell_status,non_pell,1,0.87,3.5,226,131,44,9,57.96,19.47,3.98
FR,Berkeley,2011,pell_status,non_pell,2,3.5,3.8,627,444,76,28,70.81,12.12,4.47
FR,Berkeley,2011,pell_status,non_pell,3,3.8,4.0,2113,1761,179,43,83.34,8.47,2.04
FR,Berkeley,2011,pell_status,pell,1,0.87,3.5,115,55,34,2,47.83,29.57,1.74
FR,Berkeley,2011,pell_status,pell,2,3.5,3.8,338,210,73,14,62.13,21.6,4.14
FR,Berkeley,2011,pell_status,pell,3,3.8,4.0,864,616,145,25,71.3,16.78,2.89
FR,Berkeley,2012,ethnicity,aian,1,1.02,3.52,3,2,0,0,66.67,0.0,0.0
FR,Berkeley,2012,ethnicity,aian,2,3.52,3.81,6,5,1,0,83.33,16.67,0.0
FR,Berkeley,2012,ethnicity,aian,3,3.81,4.0,19,14,2,1,73.68,10.53,5.26
FR,Berkeley,2012,ethnicity,asian,1,1.02,3.52,71,46,13,2,64.79,18.31,2.82
FR,Berkeley,2012,ethnicity,asian,2,3.52,3.81,327,254,54,2,77.68,16.51,0.61
FR,Berkeley,2012,ethnicity,asian,3,3.81,4.0,1387,1183,124,22,85.29,8.94,1.59
FR,Berkeley,2012,ethnicity,black,1,1.02,3.52,62,26,11,5,41.94,17.74,8.06
FR,Berkeley,2012,ethnicity,black,2,3.52,3.81,38,16,9,4,42.11,23.68,10.53
FR,Berkeley,2012,ethnicity,black,3,3.81,4.0,46,25,12,0,54.35,26.09,0.0
FR,Berkeley,2012,ethnicity,hispanic_latino,1,1.02,3.52,66,26,21,2,39.39,31.82,3.03
FR,Berkeley,2012,ethnicity,hispanic_latino,2,3.52,3.81,152,80,39,10,52.63,25.66,6.58
FR,Berkeley,2012,ethnicity,hispanic_latino,3,3.81,4.0,282,165,69,10,58.51,24.47,3.55
FR,Berkeley,2012,ethnicity,international,1,1.02,3.52,46,29,9,3,63.04,19.57,6.52
FR,Berkeley,2012,ethnicity,international,2,3.52,3.81,101,57,18,6,56.44,17.82,5.94
FR,Berkeley,2012,ethnicity,international,3,3.81,4.0,269,189,36,16,70.26,13.38,5.95
FR,Berkeley,2012,ethnicity,white,1,1.02,3.52,98,51,24,3,52.04,24.49,3.06
FR,Berkeley,2012,ethnicity,white,2,3.52,3.81,183,124,32,7,67.76,17.49,3.83
FR,Berkeley,2012,ethnicity,white,3,3.81,4.0,712,560,95,10,78.65,13.34,1.4
FR,Berkeley,2012,first_gen_status,first_gen,1,1.02,3.52,109,45,33,4,41.28,30.28,3.67
FR,Berkeley,2012,first_gen_status,first_gen,2,3.52,3.81,263,145,62,14,55.13,23.57,5.32
FR,Berkeley,2012,first_gen_status,first_gen,3,3.81,4.0,650,433,127,21,66.62,19.54,3.23
FR,Berkeley,2012,first_gen_status,not_first_gen,1,1.02,3.52,250,141,49,12,56.4,19.6,4.8
FR,Berkeley,2012,first_gen_status,not_first_gen,2,3.52,3.81,549,401,90,13,73.04,16.39,2.37
FR,Berkeley,2012,first_gen_status,not_first_gen,3,3.81,4.0,2130,1766,216,35,82.91,10.14,1.64
FR,Berkeley,2012,overall,overall,1,1.02,3.52,363,186,83,17,51.24,22.87,4.68
FR,Berkeley,2012,overall,overall,2,3.52,3.81,829,556,155,29,67.07,18.7,3.5
FR,Berkeley,2012,overall,overall,3,3.81,4.0,2820,2227,349,59,78.97,12.38,2.09
FR,Berkeley,2012,pell_status,non_pell,1,1.02,3.52,217,123,44,8,56.68,20.28,3.69
FR,Berkeley,2012,pell_status,non_pell,2,3.52,3.81,498,364,78,14,73.09,15.66,2.81
FR,Berkeley,2012,pell_status,non_pell,3,3.81,4.0,1985,1656,185,30,83.43,9.32,1.51
FR,Berkeley,2012,pell_status,pell,1,1.02,3.52,146,63,39,9,43.15,26.71,6.16
FR,Berkeley,2012,pell_status,pell,2,3.52,3.81,331,192,77,15,58.01,23.26,4.53
FR,Berkeley,2012,pell_status,pell,3,3.81,4.0,835,571,164,29,68.38,19.64,3.47
FR,Berkeley,2013,ethnicity,aian,1,1.21,3.57,3,2,1,0,66.67,33.33,0.0
FR,Berkeley,2013,ethnicity,aian,2,3.57,3.84,4,1,1,1,25.0,25.0,25.0
FR,Berkeley,2013,ethnicity,aian,3,3.84,4.0,11,8,2,1,72.73,18.18,9.09
FR,Berkeley,2013,ethnicity,asian,1,1.21,3.57,85,58,16,7,68.24,18.82,8.24
FR,Berkeley,2013,ethnicity,asian,2,3.57,3.84,381,295,53,10,77.43,13.91,2.62
FR,Berkeley,2013,ethnicity,asian,3,3.84,4.0,1358,1153,142,29,84.9,10.46,2.14
FR,Berkeley,2013,ethnicity,black,1,1.21,3.57,44,18,10,4,40.91,22.73,9.09
FR,Berkeley,2013,ethnicity,black,2,3.57,3.84,29,14,7,2,48.28,24.14,6.9
FR,Berkeley,2013,ethnicity,black,3,3.84,4.0,54,34,9,1,62.96,16.67,1.85
FR,Berkeley,2013,ethnicity,hispanic_latino,1,1.21,3.57,70,29,21,6,41.43,30.0,8.57
FR,Berkeley,2013,ethnicity,hispanic_latino,2,3.57,3.84,157,76,42,13,48.41,26.75,8.28
FR,Berkeley,2013,ethnicity,hispanic_latino,3,3.84,4.0,304,185,64,15,60.86,21.05,4.93
FR,Berkeley,2013,ethnicity,international,1,1.21,3.57,44,29,7,3,65.91,15.91,6.82
FR,Berkeley,2013,ethnicity,international,2,3.57,3.84,149,107,22,12,71.81,14.77,8.05
FR,Berkeley,2013,ethnicity,international,3,3.84,4.0,407,311,44,18,76.41,10.81,4.42
FR,Berkeley,2013,ethnicity,white,1,1.21,3.57,123,67,25,6,54.47,20.33,4.88
FR,Berkeley,2013,ethnicity,white,2,3.57,3.84,195,146,26,3,74.87,13.33,1.54
FR,Berkeley,2013,ethnicity,white,3,3.84,4.0,825,665,102,9,80.61,12.36,1.09
FR,Berkeley,2013,first_gen_status,first_gen,1,1.21,3.57,141,75,29,12,53.19,20.57,8.51
FR,Berkeley,2013,first_gen_status,first_gen,2,3.57,3.84,303,179,65,18,59.08,21.45,5.94
FR,Berkeley,2013,first_gen_status,first_gen,3,3.84,4.0,698,487,120,32,69.77,17.19,4.58
FR,Berkeley,2013,first_gen_status,not_first_gen,1,1.21,3.57,237,134,53,14,56.54,22.36,5.91
FR,Berkeley,2013,first_gen_status,not_first_gen,2,3.57,3.84,639,478,91,22,74.8,14.24,3.44
FR,Berkeley,2013,first_gen_status,not_first_gen,3,3.84,4.0,2323,1925,249,42,82.87,10.72,1.81
FR,Berkeley,2013,overall,overall,1,1.21,3.57,382,210,82,26,54.97,21.47,6.81
FR,Berkeley,2013,overall,overall,2,3.57,3.84,959,670,159,41,69.86,16.58,4.28
FR,Berkeley,2013,overall,overall,3,3.84,4.0,3064,2443,375,74,79.73,12.24,2.42
FR,Berkeley,2013,pell_status,non_pell,1,1.21,3.57,226,129,48,16,57.08,21.24,7.08
FR,Berkeley,2013,pell_status,non_pell,2,3.57,3.84,604,459,79,24,75.99,13.08,3.97
FR,Berkeley,2013,pell_status,non_pell,3,3.84,4.0,2219,1852,231,44,83.46,10.41,1.98
FR,Berkeley,2013,pell_status,pell,1,1.21,3.57,156,81,34,10,51.92,21.79,6.41
FR,Berkeley,2013,pell_status,pell,2,3.57,3.84,355,211,80,17,59.44,22.54,4.79
FR,Berkeley,2013,pell_status,pell,3,3.84,4.0,845,591,144,30,69.94,17.04,3.55
FR,Berkeley,2014,ethnicity,aian,1,0.25,3.59,5,2,1,0,40.0,20.0,0.0
FR,Berkeley,2014,ethnicity,aian,2,3.59,3.86,14,5,4,1,35.71,28.57,7.14
FR,Berkeley,2014,ethnicity,aian,3,3.86,4.0,18,14,0,1,77.78,0.0,5.56
FR,Berkeley,2014,ethnicity,asian,1,0.25,3.59,99,67,13,2,67.68,13.13,2.02
FR,Berkeley,2014,ethnicity,asian,2,3.59,3.86,401,311,51,11,77.56,12.72,2.74
FR,Berkeley,2014,ethnicity,asian,3,3.86,4.0,1318,1098,148,24,83.31,11.23,1.82
FR,Berkeley,2014,ethnicity,black,1,0.25,3.59,53,27,14,0,50.94,26.42,0.0
FR,Berkeley,2014,ethnicity,black,2,3.59,3.86,28,14,5,3,50.0,17.86,10.71
FR,Berkeley,2014,ethnicity,black,3,3.86,4.0,55,36,13,0,65.45,23.64,0.0
FR,Berkeley,2014,ethnicity,hispanic_latino,1,0.25,3.59,105,43,27,9,40.95,25.71,8.57
FR,Berkeley,2014,ethnicity,hispanic_latino,2,3.59,3.86,188,104,51,5,55.32,27.13,2.66
FR,Berkeley,2014,ethnicity,hispanic_latino,3,3.86,4.0,327,210,77,7,64.22,23.55,2.14
FR,Berkeley,2014,ethnicity,international,1,0.25,3.59,38,21,10,0,55.26,26.32,0.0
FR,Berkeley,2014,ethnicity,international,2,3.59,3.86,128,93,14,4,72.66,10.94,3.12
FR,Berkeley,2014,ethnicity,international,3,3.86,4.0,316,239,38,12,75.63,12.03,3.8
FR,Berkeley,2014,ethnicity,white,1,0.25,3.59,147,87,26,5,59.18,17.69,3.4
FR,Berkeley,2014,ethnicity,white,2,3.59,3.86,254,200,33,7,78.74,12.99,2.76
FR,Berkeley,2014,ethnicity,white,3,3.86,4.0,755,622,84,9,82.38,11.13,1.19
FR,Berkeley,2014,first_gen_status,first_gen,1,0.25,3.59,170,75,47,11,44.12,27.65,6.47
FR,Berkeley,2014,first_gen_status,first_gen,2,3.59,3.86,294,171,65,8,58.16,22.11,2.72
FR,Berkeley,2014,first_gen_status,first_gen,3,3.86,4.0,642,454,120,16,70.72,18.69,2.49
FR,Berkeley,2014,first_gen_status,not_first_gen,1,0.25,3.59,286,174,48,6,60.84,16.78,2.1
FR,Berkeley,2014,first_gen_status,not_first_gen,2,3.59,3.86,744,574,99,23,77.15,13.31,3.09
FR,Berkeley,2014,first_gen_status,not_first_gen,3,3.86,4.0,2215,1827,244,38,82.48,11.02,1.72
FR,Berkeley,2014,overall,overall,1,0.25,3.59,465,256,96,17,55.05,20.65,3.66
FR,Berkeley,2014,overall,overall,2,3.59,3.86,1055,759,167,31,71.94,15.83,2.94
FR,Berkeley,2014,overall,overall,3,3.86,4.0,2910,2323,373,54,79.83,12.82,1.86
FR,Berkeley,2014,pell_status,non_pell,1,0.25,3.59,265,164,47,7,61.89,17.74,2.64
FR,Berkeley,2014,pell_status,non_pell,2,3.59,3.86,688,546,82,16,79.36,11.92,2.33
FR,Berkeley,2014,pell_status,non_pell,3,3.86,4.0,2072,1733,214,29,83.64,10.33,1.4
FR,Berkeley,2014,pell_status,pell,1,0.25,3.59,200,92,49,10,46.0,24.5,5.0
FR,Berkeley,2014,pell_status,pell,2,3.59,3.86,367,213,85,15,58.04,23.16,4.09
FR,Berkeley,2014,pell_status,pell,3,3.86,4.0,838,590,159,25,70.41,18.97,2.98
FR,Berkeley,2015,ethnicity,aian,1,1.0,3.61,6,2,1,1,33.33,16.67,16.67
FR,Berkeley,2015,ethnicity,aian,2,3.61,3.87,7,4,1,1,57.14,14.29,14.29
FR,Berkeley,2015,ethnicity,aian,3,3.87,4.0,13,9,2,2,69.23,15.38,15.38
FR,Berkeley,2015,ethnicity,asian,1,1.0,3.61,110,79,18,2,71.82,16.36,1.82
FR,Berkeley,2015,ethnicity,asian,2,3.61,3.87,625,500,67,15,80.0,10.72,2.4
FR,Berkeley,2015,ethnicity,asian,3,3.87,4.0,1606,1399,134,19,87.11,8.34,1.18
FR,Berkeley,2015,ethnicity,black,1,1.0,3.61,52,21,12,4,40.38,23.08,7.69
FR,Berkeley,2015,ethnicity,black,2,3.61,3.87,37,20,8,0,54.05,21.62,0.0
FR,Berkeley,2015,ethnicity,black,3,3.87,4.0,65,42,15,1,64.62,23.08,1.54
FR,Berkeley,2015,ethnicity,hispanic_latino,1,1.0,3.61,80,43,16,7,53.75,20.0,8.75
FR,Berkeley,2015,ethnicity,hispanic_latino,2,3.61,3.87,195,105,39,12,53.85,20.0,6.15
FR,Berkeley,2015,ethnicity,hispanic_latino,3,3.87,4.0,409,272,85,10,66.5,20.78,2.44
FR,Berkeley,2015,ethnicity,international,1,1.0,3.61,44,30,7,2,68.18,15.91,4.55
FR,Berkeley,2015,ethnicity,international,2,3.61,3.87,131,90,22,3,68.7,16.79,2.29
FR,Berkeley,2015,ethnicity,international,3,3.87,4.0,260,188,41,8,72.31,15.77,3.08
FR,Berkeley,2015,ethnicity,white,1,1.0,3.61,122,73,26,5,59.84,21.31,4.1
FR,Berkeley,2015,ethnicity,white,2,3.61,3.87,263,205,35,4,77.95,13.31,1.52
FR,Berkeley,2015,ethnicity,white,3,3.87,4.0,937,796,77,9,84.95,8.22,0.96
FR,Berkeley,2015,first_gen_status,first_gen,1,1.0,3.61,132,67,27,7,50.76,20.45,5.3
FR,Berkeley,2015,first_gen_status,first_gen,2,3.61,3.87,352,220,66,13,62.5,18.75,3.69
FR,Berkeley,2015,first_gen_status,first_gen,3,3.87,4.0,687,494,112,16,71.91,16.3,2.33
FR,Berkeley,2015,first_gen_status,not_first_gen,1,1.0,3.61,298,188,59,12,63.09,19.8,4.03
FR,Berkeley,2015,first_gen_status,not_first_gen,2,3.61,3.87,955,748,112,21,78.32,11.73,2.2
FR,Berkeley,2015,first_gen_status,not_first_gen,3,3.87,4.0,2749,2349,244,35,85.45,8.88,1.27
FR,Berkeley,2015,overall,overall,1,1.0,3.61,438,260,86,21,59.36,19.63,4.79
FR,Berkeley,2015,overall,overall,2,3.61,3.87,1323,979,180,35,74.0,13.61,2.65
FR,Berkeley,2015,overall,overall,3,3.87,4.0,3474,2872,362,51,82.67,10.42,1.47
FR,Berkeley,2015,pell_status,non_pell,1,1.0,3.61,286,184,58,8,64.34,20.28,2.8
FR,Berkeley,2015,pell_status,non_pell,2,3.61,3.87,891,715,91,16,80.25,10.21,1.8
FR,Berkeley,2015,pell_status,non_pell,3,3.87,4.0,2547,2197,206,31,86.26,8.09,1.22
FR,Berkeley,2015,pell_status,pell,1,1.0,3.61,152,76,28,13,50.0,18.42,8.55
FR,Berkeley,2015,pell_status,pell,2,3.61,3.87,432,264,89,19,61.11,20.6,4.4
FR,Berkeley,2015,pell_status,pell,3,3.87,4.0,927,675,156,20,72.82,16.83,2.16
FR,Berkeley,2016,ethnicity,aian,1,0.85,3.59,1,1,0,0,100.0,0.0,0.0
FR,Berkeley,2016,ethnicity,aian,2,3.59,3.86,5,4,1,0,80.0,20.0,0.0
FR,Berkeley,2016,ethnicity,aian,3,3.86,4.0,16,12,2,1,75.0,12.5,6.25
FR,Berkeley,2016,ethnicity,asian,1,0.85,3.59,149,106,25,3,71.14,16.78,2.01
FR,Berkeley,2016,ethnicity,asian,2,3.59,3.86,780,659,75,12,84.49,9.62,1.54
FR,Berkeley,2016,ethnicity,asian,3,3.86,4.0,1744,1530,143,10,87.73,8.2,0.57
FR,Berkeley,2016,ethnicity,black,1,0.85,3.59,57,25,11,0,43.86,19.3,0.0
FR,Berkeley,2016,ethnicity,black,2,3.59,3.86,55,34,12,3,61.82,21.82,5.45
FR,Berkeley,2016,ethnicity,black,3,3.86,4.0,58,45,7,0,77.59,12.07,0.0
FR,Berkeley,2016,ethnicity,hispanic_latino,1,0.85,3.59,79,35,20,7,44.3,25.32,8.86
FR,Berkeley,2016,ethnicity,hispanic_latino,2,3.59,3.86,283,183,55,7,64.66,19.43,2.47
FR,Berkeley,2016,ethnicity,hispanic_latino,3,3.86,4.0,479,339,75,20,70.77,15.66,4.18
FR,Berkeley,2016,ethnicity,international,1,0.85,3.59,23,12,5,3,52.17,21.74,13.04
FR,Berkeley,2016,ethnicity,international,2,3.59,3.86,100,80,10,1,80.0,10.0,1.0
FR,Berkeley,2016,ethnicity,international,3,3.86,4.0,274,224,31,10,81.75,11.31,3.65
FR,Berkeley,2016,ethnicity,white,1,0.85,3.59,119,87,16,2,73.11,13.45,1.68
FR,Berkeley,2016,ethnicity,white,2,3.59,3.86,407,329,45,5,80.84,11.06,1.23
FR,Berkeley,2016,ethnicity,white,3,3.86,4.0,1061,909,97,14,85.67,9.14,1.32
FR,Berkeley,2016,first_gen_status,first_gen,1,0.85,3.59,122,51,32,6,41.8,26.23,4.92
FR,Berkeley,2016,first_gen_status,first_gen,2,3.59,3.86,392,261,69,13,66.58,17.6,3.32
FR,Berkeley,2016,first_gen_status,first_gen,3,3.86,4.0,696,498,111,23,71.55,15.95,3.3
FR,Berkeley,2016,first_gen_status,not_first_gen,1,0.85,3.59,313,217,47,9,69.33,15.02,2.88
FR,Berkeley,2016,first_gen_status,not_first_gen,2,3.59,3.86,1302,1082,135,14,83.1,10.37,1.08
FR,Berkeley,2016,first_gen_status,not_first_gen,3,3.86,4.0,3085,2689,259,33,87.16,8.4,1.07
FR,Berkeley,2016,overall,overall,1,0.85,3.59,443,275,80,15,62.08,18.06,3.39
FR,Berkeley,2016,overall,overall,2,3.59,3.86,1722,1363,206,29,79.15,11.96,1.68
FR,Berkeley,2016,overall,overall,3,3.86,4.0,3851,3255,372,56,84.52,9.66,1.45
FR,Berkeley,2016,pell_status,non_pell,1,0.85,3.59,302,212,50,10,70.2,16.56,3.31
FR,Berkeley,2016,pell_status,non_pell,2,3.59,3.86,1255,1053,112,18,83.9,8.92,1.43
FR,Berkeley,2016,pell_status,non_pell,3,3.86,4.0,2969,2597,238,28,87.47,8.02,0.94
FR,Berkeley,2016,pell_status,pell,1,0.85,3.59,141,63,30,5,44.68,21.28,3.55
FR,Berkeley,2016,pell_status,pell,2,3.59,3.86,467,310,94,11,66.38,20.13,2.36
FR,Berkeley,2016,pell_status,pell,3,3.86,4.0,882,658,134,28,74.6,15.19,3.17
FR,Berkeley,2017,ethnicity,aian,1,0.0,3.63,8,4,1,0,50.0,12.5,0.0
FR,Berkeley,2017,ethnicity,aian,2,3.63,3.88,4,2,0,1,50.0,0.0,25.0
FR,Berkeley,2017,ethnicity,aian,3,3.88,4.0,12,8,1,1,66.67,8.33,8.33
FR,Berkeley,2017,ethnicity,asian,1,0.0,3.63,126,99,14,3,78.57,11.11,2.38
FR,Berkeley,2017,ethnicity,asian,2,3.63,3.88,734,603,78,15,82.15,10.63,2.04
FR,Berkeley,2017,ethnicity,asian,3,3.88,4.0,1793,1577,132,20,87.95,7.36,1.12
FR,Berkeley,2017,ethnicity,black,1,0.0,3.63,51,27,9,2,52.94,17.65,3.92
FR,Berkeley,2017,ethnicity,black,2,3.63,3.88,61,42,9,2,68.85,14.75,3.28
FR,Berkeley,2017,ethnicity,black,3,3.88,4.0,73,55,9,2,75.34,12.33,2.74
FR,Berkeley,2017,ethnicity,hispanic_latino,1,0.0,3.63,93,50,15,4,53.76,16.13,4.3
FR,Berkeley,2017,ethnicity,hispanic_latino,2,3.63,3.88,310,217,49,6,70.0,15.81,1.94
FR,Berkeley,2017,ethnicity,hispanic_latino,3,3.88,4.0,508,360,82,15,70.87,16.14,2.95
FR,Berkeley,2017,ethnicity,international,1,0.0,3.63,35,17,11,2,48.57,31.43,5.71
FR,Berkeley,2017,ethnicity,international,2,3.63,3.88,84,56,13,4,66.67,15.48,4.76
FR,Berkeley,2017,ethnicity,international,3,3.88,4.0,319,248,36,11,77.74,11.29,3.45
FR,Berkeley,2017,ethnicity,white,1,0.0,3.63,135,94,24,0,69.63,17.78,0.0
FR,Berkeley,2017,ethnicity,white,2,3.63,3.88,399,321,41,10,80.45,10.28,2.51
FR,Berkeley,2017,ethnicity,white,3,3.88,4.0,1013,851,85,9,84.01,8.39,0.89
FR,Berkeley,2017,first_gen_status,first_gen,1,0.0,3.63,124,69,17,5,55.65,13.71,4.03
FR,Berkeley,2017,first_gen_status,first_gen,2,3.63,3.88,435,305,63,15,70.11,14.48,3.45
FR,Berkeley,2017,first_gen_status,first_gen,3,3.88,4.0,744,555,103,18,74.6,13.84,2.42
FR,Berkeley,2017,first_gen_status,not_first_gen,1,0.0,3.63,337,229,59,6,67.95,17.51,1.78
FR,Berkeley,2017,first_gen_status,not_first_gen,2,3.63,3.88,1206,979,128,24,81.18,10.61,1.99
FR,Berkeley,2017,first_gen_status,not_first_gen,3,3.88,4.0,3111,2660,256,41,85.5,8.23,1.32
FR,Berkeley,2017,overall,overall,1,0.0,3.63,467,300,78,11,64.24,16.7,2.36
FR,Berkeley,2017,overall,overall,2,3.63,3.88,1670,1308,195,39,78.32,11.68,2.34
FR,Berkeley,2017,overall,overall,3,3.88,4.0,3920,3273,361,60,83.49,9.21,1.53
FR,Berkeley,2017,pell_status,non_pell,1,0.0,3.63,322,213,53,9,66.15,16.46,2.8
FR,Berkeley,2017,pell_status,non_pell,2,3.63,3.88,1160,951,124,25,81.98,10.69,2.16
FR,Berkeley,2017,pell_status,non_pell,3,3.88,4.0,3009,2587,247,33,85.98,8.21,1.1
FR,Berkeley,2017,pell_status,pell,1,0.0,3.63,145,87,25,2,60.0,17.24,1.38
FR,Berkeley,2017,pell_status,pell,2,3.63,3.88,510,357,71,14,70.0,13.92,2.75
FR,Berkeley,2017,pell_status,pell,3,3.88,4.0,911,686,114,27,75.3,12.51,2.96
FR,Berkeley,2018,ethnicity,aian,1,0.0,3.68,3,3,0,0,100.0,0.0,0.0
FR,Berkeley,2018,ethnicity,aian,2,3.68,3.9,5,2,1,0,40.0,20.0,0.0
FR,Berkeley,2018,ethnicity,aian,3,3.9,4.0,12,5,4,0,41.67,33.33,0.0
FR,Berkeley,2018,ethnicity,asian,1,0.0,3.68,123,95,11,4,77.24,8.94,3.25
FR,Berkeley,2018,ethnicity,asian,2,3.68,3.9,692,583,62,13,84.25,8.96,1.88
FR,Berkeley,2018,ethnicity,asian,3,3.9,4.0,1656,1450,129,17,87.56,7.79,1.03
FR,Berkeley,2018,ethnicity,black,1,0.0,3.68,42,25,5,1,59.52,11.9,2.38
FR,Berkeley,2018,ethnicity,black,2,3.68,3.9,67,43,10,2,64.18,14.93,2.99
FR,Berkeley,2018,ethnicity,black,3,3.9,4.0,78,57,8,1,73.08,10.26,1.28
FR,Berkeley,2018,ethnicity,hispanic_latino,1,0.0,3.68,97,59,18,3,60.82,18.56,3.09
FR,Berkeley,2018,ethnicity,hispanic_latino,2,3.68,3.9,288,191,48,7,66.32,16.67,2.43
FR,Berkeley,2018,ethnicity,hispanic_latino,3,3.9,4.0,493,332,80,15,67.34,16.23,3.04
FR,Berkeley,2018,ethnicity,international,1,0.0,3.68,50,35,8,4,70.0,16.0,8.0
FR,Berkeley,2018,ethnicity,international,2,3.68,3.9,123,89,20,6,72.36,16.26,4.88
FR,Berkeley,2018,ethnicity,international,3,3.9,4.0,424,332,62,9,78.3,14.62,2.12
FR,Berkeley,2018,ethnicity,white,1,0.0,3.68,106,74,18,2,69.81,16.98,1.89
FR,Berkeley,2018,ethnicity,white,2,3.68,3.9,293,228,33,5,77.82,11.26,1.71
FR,Berkeley,2018,ethnicity,white,3,3.9,4.0,862,710,92,10,82.37,10.67,1.16
FR,Berkeley,2018,first_gen_status,first_gen,1,0.0,3.68,141,83,21,7,58.87,14.89,4.96
FR,Berkeley,2018,first_gen_status,first_gen,2,3.68,3.9,406,271,67,8,66.75,16.5,1.97
FR,Berkeley,2018,first_gen_status,first_gen,3,3.9,4.0,779,573,106,17,73.56,13.61,2.18
FR,Berkeley,2018,first_gen_status,not_first_gen,1,0.0,3.68,280,205,42,6,73.21,15.0,2.14
FR,Berkeley,2018,first_gen_status,not_first_gen,2,3.68,3.9,1109,904,110,26,81.51,9.92,2.34
FR,Berkeley,2018,first_gen_status,not_first_gen,3,3.9,4.0,2880,2433,277,36,84.48,9.62,1.25
FR,Berkeley,2018,overall,overall,1,0.0,3.68,433,298,63,15,68.82,14.55,3.46
FR,Berkeley,2018,overall,overall,2,3.68,3.9,1541,1194,182,34,77.48,11.81,2.21
FR,Berkeley,2018,overall,overall,3,3.9,4.0,3725,3062,390,53,82.2,10.47,1.42
FR,Berkeley,2018,pell_status,non_pell,1,0.0,3.68,288,208,41,9,72.22,14.24,3.12
FR,Berkeley,2018,pell_status,non_pell,2,3.68,3.9,1009,822,102,22,81.47,10.11,2.18
FR,Berkeley,2018,pell_status,non_pell,3,3.9,4.0,2759,2345,266,28,84.99,9.64,1.01
FR,Berkeley,2018,pell_status,pell,1,0.0,3.68,145,90,22,6,62.07,15.17,4.14
FR,Berkeley,2018,pell_status,pell,2,3.68,3.9,532,372,80,12,69.92,15.04,2.26
FR,Berkeley,2018,pell_status,pell,3,3.9,4.0,966,717,124,25,74.22,12.84,2.59
FR,Berkeley,2019,ethnicity,aian,1,1.38,3.69,3,1,1,0,33.33,33.33,0.0
FR,Berkeley,2019,ethnicity,aian,2,3.69,3.91,6,3,1,1,50.0,16.67,16.67
FR,Berkeley,2019,ethnicity,aian,3,3.91,4.0,15,8,3,1,53.33,20.0,6.67
FR,Berkeley,2019,ethnicity,asian,1,1.38,3.69,193,147,25,4,76.17,12.95,2.07
FR,Berkeley,2019,ethnicity,asian,2,3.69,3.91,824,684,81,15,83.01,9.83,1.82
FR,Berkeley,2019,ethnicity,asian,3,3.91,4.0,1724,1527,146,15,88.57,8.47,0.87
FR,Berkeley,2019,ethnicity,black,1,1.38,3.69,51,30,5,2,58.82,9.8,3.92
FR,Berkeley,2019,ethnicity,black,2,3.69,3.91,61,42,10,1,68.85,16.39,1.64
FR,Berkeley,2019,ethnicity,black,3,3.91,4.0,65,44,9,1,67.69,13.85,1.54
FR,Berkeley,2019,ethnicity,hispanic_latino,1,1.38,3.69,153,96,24,6,62.75,15.69,3.92
FR,Berkeley,2019,ethnicity,hispanic_latino,2,3.69,3.91,364,241,63,15,66.21,17.31,4.12
FR,Berkeley,2019,ethnicity,hispanic_latino,3,3.91,4.0,451,329,67,17,72.95,14.86,3.77
FR,Berkeley,2019,ethnicity,international,1,1.38,3.69,38,27,4,1,71.05,10.53,2.63
FR,Berkeley,2019,ethnicity,international,2,3.69,3.91,127,87,15,10,68.5,11.81,7.87
FR,Berkeley,2019,ethnicity,international,3,3.91,4.0,407,317,48,14,77.89,11.79,3.44
FR,Berkeley,2019,ethnicity,white,1,1.38,3.69,116,83,13,1,71.55,11.21,0.86
FR,Berkeley,2019,ethnicity,white,2,3.69,3.91,354,293,35,6,82.77,9.89,1.69
FR,Berkeley,2019,ethnicity,white,3,3.91,4.0,878,757,66,9,86.22,7.52,1.03
FR,Berkeley,2019,first_gen_status,first_gen,1,1.38,3.69,197,119,31,8,60.41,15.74,4.06
FR,Berkeley,2019,first_gen_status,first_gen,2,3.69,3.91,496,334,80,17,67.34,16.13,3.43
FR,Berkeley,2019,first_gen_status,first_gen,3,3.91,4.0,708,548,87,17,77.4,12.29,2.4
FR,Berkeley,2019,first_gen_status,not_first_gen,1,1.38,3.69,368,276,39,8,75.0,10.6,2.17
FR,Berkeley,2019,first_gen_status,not_first_gen,2,3.69,3.91,1288,1055,128,33,81.91,9.94,2.56
FR,Berkeley,2019,first_gen_status,not_first_gen,3,3.91,4.0,2960,2554,257,39,86.28,8.68,1.32
FR,Berkeley,2019,overall,overall,1,1.38,3.69,573,397,74,16,69.28,12.91,2.79
FR,Berkeley,2019,overall,overall,2,3.69,3.91,1819,1417,213,50,77.9,11.71,2.75
FR,Berkeley,2019,overall,overall,3,3.91,4.0,3732,3154,352,58,84.51,9.43,1.55
FR,Berkeley,2019,pell_status,non_pell,1,1.38,3.69,352,255,43,7,72.44,12.22,1.99
FR,Berkeley,2019,pell_status,non_pell,2,3.69,3.91,1230,1011,118,29,82.2,9.59,2.36
FR,Berkeley,2019,pell_status,non_pell,3,3.91,4.0,2899,2514,238,35,86.72,8.21,1.21
FR,Berkeley,2019,pell_status,pell,1,1.38,3.69,221,142,31,9,64.25,14.03,4.07
FR,Berkeley,2019,pell_status,pell,2,3.69,3.91,589,406,95,21,68.93,16.13,3.57
FR,Berkeley,2019,pell_status,pell,3,3.91,4.0,833,640,114,23,76.83,13.69,2.76
FR,Berkeley,2020,ethnicity,aian,1,1.1,3.67,4,4,0,0,100.0,0.0,0.0
FR,Berkeley,2020,ethnicity,aian,2,3.67,3.91,9,6,0,0,66.67,0.0,0.0
FR,Berkeley,2020,ethnicity,aian,3,3.91,4.0,4,4,0,0,100.0,0.0,0.0
FR,Berkeley,2020,ethnicity,asian,1,1.1,3.67,207,167,18,0,80.68,8.7,0.0
FR,Berkeley,2020,ethnicity,asian,2,3.67,3.91,898,700,114,0,77.95,12.69,0.0
FR,Berkeley,2020,ethnicity,asian,3,3.91,4.0,1402,1263,83,0,90.09,5.92,0.0
FR,Berkeley,2020,ethnicity,black,1,1.1,3.67,72,42,9,0,58.33,12.5,0.0
FR,Berkeley,2020,ethnicity,black,2,3.67,3.91,74,49,12,0,66.22,16.22,0.0
FR,Berkeley,2020,ethnicity,black,3,3.91,4.0,83,63,12,0,75.9,14.46,0.0
FR,Berkeley,2020,ethnicity,hispanic_latino,1,1.1,3.67,210,114,37,0,54.29,17.62,0.0
FR,Berkeley,2020,ethnicity,hispanic_latino,2,3.67,3.91,539,347,76,0,64.38,14.1,0.0
FR,Berkeley,2020,ethnicity,hispanic_latino,3,3.91,4.0,547,400,64,0,73.13,11.7,0.0
FR,Berkeley,2020,ethnicity,international,1,1.1,3.67,47,33,11,0,70.21,23.4,0.0
FR,Berkeley,2020,ethnicity,international,2,3.67,3.91,152,104,25,0,68.42,16.45,0.0
FR,Berkeley,2020,ethnicity,international,3,3.91,4.0,373,298,41,0,79.89,10.99,0.0
FR,Berkeley,2020,ethnicity,white,1,1.1,3.67,114,82,19,0,71.93,16.67,0.0
FR,Berkeley,2020,ethnicity,white,2,3.67,3.91,331,257,33,0,77.64,9.97,0.0
FR,Berkeley,2020,ethnicity,white,3,3.91,4.0,589,494,59,0,83.87,10.02,0.0
FR,Berkeley,2020,first_gen_status,first_gen,1,1.1,3.67,274,154,48,0,56.2,17.52,0.0
FR,Berkeley,2020,first_gen_status,first_gen,2,3.67,3.91,696,446,98,0,64.08,14.08,0.0
FR,Berkeley,2020,first_gen_status,first_gen,3,3.91,4.0,741,577,68,0,77.87,9.18,0.0
FR,Berkeley,2020,first_gen_status,not_first_gen,1,1.1,3.67,391,298,47,0,76.21,12.02,0.0
FR,Berkeley,2020,first_gen_status,not_first_gen,2,3.67,3.91,1338,1048,166,0,78.33,12.41,0.0
FR,Berkeley,2020,first_gen_status,not_first_gen,3,3.91,4.0,2317,1997,199,0,86.19,8.59,0.0
FR,Berkeley,2020,overall,overall,1,1.1,3.67,674,460,95,0,68.25,14.09,0.0
FR,Berkeley,2020,overall,overall,2,3.67,3.91,2092,1535,270,0,73.37,12.91,0.0
FR,Berkeley,2020,overall,overall,3,3.91,4.0,3142,2650,271,0,84.34,8.63,0.0
FR,Berkeley,2020,pell_status,non_pell,1,1.1,3.67,379,285,53,0,75.2,13.98,0.0
FR,Berkeley,2020,pell_status,non_pell,2,3.67,3.91,1332,1015,168,0,76.2,12.61,0.0
FR,Berkeley,2020,pell_status,non_pell,3,3.91,4.0,2304,1986,185,0,86.2,8.03,0.0
FR,Berkeley,2020,pell_status,pell,1,1.1,3.67,295,175,42,0,59.32,14.24,0.0
FR,Berkeley,2020,pell_status,pell,2,3.67,3.91,760,520,102,0,68.42,13.42,0.0
FR,Berkeley,2020,pell_status,pell,3,3.91,4.0,838,664,86,0,79.24,10.26,0.0
FR,Berkeley,2021,ethnicity,aian,1,0.0,3.71,8,5,0,0,62.5,0.0,0.0
FR,Berkeley,2021,ethnicity,aian,2,3.71,3.92,8,4,0,0,50.0,0.0,0.0
FR,Berkeley,2021,ethnicity,aian,3,3.92,4.0,10,8,0,0,80.0,0.0,0.0
FR,Berkeley,2021,ethnicity,asian,1,0.0,3.71,266,189,0,0,71.05,0.0,0.0
FR,Berkeley,2021,ethnicity,asian,2,3.71,3.92,975,831,0,0,85.23,0.0,0.0
FR,Berkeley,2021,ethnicity,asian,3,3.92,4.0,1550,1357,0,0,87.55,0.0,0.0
FR,Berkeley,2021,ethnicity,black,1,0.0,3.71,93,62,0,0,66.67,0.0,0.0
FR,Berkeley,2021,ethnicity,black,2,3.71,3.92,98,61,0,0,62.24,0.0,0.0
FR,Berkeley,2021,ethnicity,black,3,3.92,4.0,64,52,0,0,81.25,0.0,0.0
FR,Berkeley,2021,ethnicity,hispanic_latino,1,0.0,3.71,300,167,0,0,55.67,0.0,0.0
FR,Berkeley,2021,ethnicity,hispanic_latino,2,3.71,3.92,536,365,0,0,68.1,0.0,0.0
FR,Berkeley,2021,ethnicity,hispanic_latino,3,3.92,4.0,463,347,0,0,74.95,0.0,0.0
FR,Berkeley,2021,ethnicity,international,1,0.0,3.71,64,53,0,0,82.81,0.0,0.0
FR,Berkeley,2021,ethnicity,international,2,3.71,3.92,208,160,0,0,76.92,0.0,0.0
FR,Berkeley,2021,ethnicity,international,3,3.92,4.0,413,335,0,0,81.11,0.0,0.0
FR,Berkeley,2021,ethnicity,white,1,0.0,3.71,156,123,0,0,78.85,0.0,0.0
FR,Berkeley,2021,ethnicity,white,2,3.71,3.92,407,345,0,0,84.77,0.0,0.0
FR,Berkeley,2021,ethnicity,white,3,3.92,4.0,732,647,0,0,88.39,0.0,0.0
FR,Berkeley,2021,first_gen_status,first_gen,1,0.0,3.71,363,203,0,0,55.92,0.0,0.0
FR,Berkeley,2021,first_gen_status,first_gen,2,3.71,3.92,660,455,0,0,68.94,0.0,0.0
FR,Berkeley,2021,first_gen_status,first_gen,3,3.92,4.0,649,504,0,0,77.66,0.0,0.0
FR,Berkeley,2021,first_gen_status,not_first_gen,1,0.0,3.71,524,396,0,0,75.57,0.0,0.0
FR,Berkeley,2021,first_gen_status,not_first_gen,2,3.71,3.92,1590,1325,0,0,83.33,0.0,0.0
FR,Berkeley,2021,first_gen_status,not_first_gen,3,3.92,4.0,2649,2300,0,0,86.83,0.0,0.0
FR,Berkeley,2021,overall,overall,1,0.0,3.71,912,617,0,0,67.65,0.0,0.0
FR,Berkeley,2021,overall,overall,2,3.71,3.92,2314,1834,0,0,79.26,0.0,0.0
FR,Berkeley,2021,overall,overall,3,3.92,4.0,3396,2886,0,0,84.98,0.0,0.0
FR,Berkeley,2021,pell_status,non_pell,1,0.0,3.71,515,397,0,0,77.09,0.0,0.0
FR,Berkeley,2021,pell_status,non_pell,2,3.71,3.92,1513,1261,0,0,83.34,0.0,0.0
FR,Berkeley,2021,pell_status,non_pell,3,3.92,4.0,2545,2207,0,0,86.72,0.0,0.0
FR,Berkeley,2021,pell_status,pell,1,0.0,3.71,397,220,0,0,55.42,0.0,0.0
FR,Berkeley,2021,pell_status,pell,2,3.71,3.92,801,573,0,0,71.54,0.0,0.0
FR,Berkeley,2021,pell_status,pell,3,3.92,4.0,851,679,0,0,79.79,0.0,0.0
FR,Davis,2010,ethnicity,aian,1,1.75,3.47,22,8,7,1,36.36,31.82,4.55
FR,Davis,2010,ethnicity,aian,2,3.47,3.79,7,3,1,0,42.86,14.29,0.0
FR,Davis,2010,ethnicity,aian,3,3.79,4.0,16,12,3,0,75.0,18.75,0.0
FR,Davis,2010,ethnicity,asian,1,1.75,3.47,585,294,162,30,50.26,27.69,5.13
FR,Davis,2010,ethnicity,asian,2,3.47,3.79,741,438,195,29,59.11,26.32,3.91
FR,Davis,2010,ethnicity,asian,3,3.79,4.0,510,324,130,9,63.53,25.49,1.76
FR,Davis,2010,ethnicity,black,1,1.75,3.47,63,21,25,4,33.33,39.68,6.35
FR,Davis,2010,ethnicity,black,2,3.47,3.79,46,17,13,4,36.96,28.26,8.7
FR,Davis,2010,ethnicity,black,3,3.79,4.0,32,10,12,0,31.25,37.5,0.0
FR,Davis,2010,ethnicity,hispanic_latino,1,1.75,3.47,318,98,106,19,30.82,33.33,5.97
FR,Davis,2010,ethnicity,hispanic_latino,2,3.47,3.79,279,113,92,11,40.5,32.97,3.94
FR,Davis,2010,ethnicity,hispanic_latino,3,3.79,4.0,216,102,72,9,47.22,33.33,4.17
FR,Davis,2010,ethnicity,international,1,1.75,3.47,22,8,5,3,36.36,22.73,13.64
FR,Davis,2010,ethnicity,international,2,3.47,3.79,33,22,6,1,66.67,18.18,3.03
FR,Davis,2010,ethnicity,international,3,3.79,4.0,17,12,3,1,70.59,17.65,5.88
FR,Davis,2010,ethnicity,white,1,1.75,3.47,313,159,89,15,50.8,28.43,4.79
FR,Davis,2010,ethnicity,white,2,3.47,3.79,483,297,104,16,61.49,21.53,3.31
FR,Davis,2010,ethnicity,white,3,3.79,4.0,557,393,100,3,70.56,17.95,0.54
FR,Davis,2010,first_gen_status,first_gen,1,1.75,3.47,645,262,186,34,40.62,28.84,5.27
FR,Davis,2010,first_gen_status,first_gen,2,3.47,3.79,651,303,205,25,46.54,31.49,3.84
FR,Davis,2010,first_gen_status,first_gen,3,3.79,4.0,576,303,175,15,52.6,30.38,2.6
FR,Davis,2010,first_gen_status,not_first_gen,1,1.75,3.47,668,318,212,35,47.6,31.74,5.24
FR,Davis,2010,first_gen_status,not_first_gen,2,3.47,3.79,941,595,204,35,63.23,21.68,3.72
FR,Davis,2010,first_gen_status,not_first_gen,3,3.79,4.0,774,555,147,8,71.71,18.99,1.03
FR,Davis,2010,overall,overall,1,1.75,3.47,1383,615,411,77,44.47,29.72,5.57
FR,Davis,2010,overall,overall,2,3.47,3.79,1673,947,432,62,56.6,25.82,3.71
FR,Davis,2010,overall,overall,3,3.79,4.0,1427,907,335,24,63.56,23.48,1.68
FR,Davis,2010,pell_status,non_pell,1,1.75,3.47,670,343,186,36,51.19,27.76,5.37
FR,Davis,2010,pell_status,non_pell,2,3.47,3.79,910,589,188,30,64.73,20.66,3.3
FR,Davis,2010,pell_status,non_pell,3,3.79,4.0,771,560,130,11,72.63,16.86,1.43
FR,Davis,2010,pell_status,pell,1,1.75,3.47,713,272,225,41,38.15,31.56,5.75
FR,Davis,2010,pell_status,pell,2,3.47,3.79,763,358,244,32,46.92,31.98,4.19
FR,Davis,2010,pell_status,pell,3,3.79,4.0,656,347,205,13,52.9,31.25,1.98
FR,Davis,2011,ethnicity,aian,1,0.87,3.5,3,1,1,0,33.33,33.33,0.0
FR,Davis,2011,ethnicity,aian,2,3.5,3.8,17,6,5,1,35.29,29.41,5.88
FR,Davis,2011,ethnicity,aian,3,3.8,4.0,14,7,4,1,50.0,28.57,7.14
FR,Davis,2011,ethnicity,asian,1,0.87,3.5,626,360,159,26,57.51,25.4,4.15
FR,Davis,2011,ethnicity,asian,2,3.5,3.8,883,574,209,21,65.01,23.67,2.38
FR,Davis,2011,ethnicity,asian,3,3.8,4.0,554,379,117,11,68.41,21.12,1.99
FR,Davis,2011,ethnicity,black,1,0.87,3.5,53,13,18,7,24.53,33.96,13.21
FR,Davis,2011,ethnicity,black,2,3.5,3.8,57,19,23,2,33.33,40.35,3.51
FR,Davis,2011,ethnicity,black,3,3.8,4.0,19,9,7,0,47.37,36.84,0.0
FR,Davis,2011,ethnicity,hispanic_latino,1,0.87,3.5,289,82,92,18,28.37,31.83,6.23
FR,Davis,2011,ethnicity,hispanic_latino,2,3.5,3.8,312,126,112,12,40.38,35.9,3.85
FR,Davis,2011,ethnicity,hispanic_latino,3,3.8,4.0,239,113,76,11,47.28,31.8,4.6
FR,Davis,2011,ethnicity,international,1,0.87,3.5,66,31,16,5,46.97,24.24,7.58
FR,Davis,2011,ethnicity,international,2,3.5,3.8,71,48,8,0,67.61,11.27,0.0
FR,Davis,2011,ethnicity,international,3,3.8,4.0,37,21,4,2,56.76,10.81,5.41
FR,Davis,2011,ethnicity,white,1,0.87,3.5,261,137,64,8,52.49,24.52,3.07
FR,Davis,2011,ethnicity,white,2,3.5,3.8,508,333,103,11,65.55,20.28,2.17
FR,Davis,2011,ethnicity,white,3,3.8,4.0,556,390,104,7,70.14,18.71,1.26
FR,Davis,2011,first_gen_status,first_gen,1,0.87,3.5,650,275,181,38,42.31,27.85,5.85
FR,Davis,2011,first_gen_status,first_gen,2,3.5,3.8,791,430,224,29,54.36,28.32,3.67
FR,Davis,2011,first_gen_status,first_gen,3,3.8,4.0,608,332,173,17,54.61,28.45,2.8
FR,Davis,2011,first_gen_status,not_first_gen,1,0.87,3.5,647,354,168,27,54.71,25.97,4.17
FR,Davis,2011,first_gen_status,not_first_gen,2,3.5,3.8,1062,684,233,17,64.41,21.94,1.6
FR,Davis,2011,first_gen_status,not_first_gen,3,3.8,4.0,826,598,145,14,72.4,17.55,1.69
FR,Davis,2011,overall,overall,1,0.87,3.5,1321,638,355,65,48.3,26.87,4.92
FR,Davis,2011,overall,overall,2,3.5,3.8,1884,1133,466,47,60.14,24.73,2.49
FR,Davis,2011,overall,overall,3,3.8,4.0,1446,937,319,32,64.8,22.06,2.21
FR,Davis,2011,pell_status,non_pell,1,0.87,3.5,567,316,143,17,55.73,25.22,3.0
FR,Davis,2011,pell_status,non_pell,2,3.5,3.8,970,643,194,17,66.29,20.0,1.75
FR,Davis,2011,pell_status,non_pell,3,3.8,4.0,785,575,129,12,73.25,16.43,1.53
FR,Davis,2011,pell_status,pell,1,0.87,3.5,754,322,212,48,42.71,28.12,6.37
FR,Davis,2011,pell_status,pell,2,3.5,3.8,914,490,272,30,53.61,29.76,3.28
FR,Davis,2011,pell_status,pell,3,3.8,4.0,661,362,190,20,54.77,28.74,3.03
FR,Davis,2012,ethnicity,aian,1,1.02,3.52,3,2,0,0,66.67,0.0,0.0
FR,Davis,2012,ethnicity,aian,2,3.52,3.81,15,8,4,0,53.33,26.67,0.0
FR,Davis,2012,ethnicity,aian,3,3.81,4.0,16,12,2,0,75.0,12.5,0.0
FR,Davis,2012,ethnicity,asian,1,1.02,3.52,394,233,95,11,59.14,24.11,2.79
FR,Davis,2012,ethnicity,asian,2,3.52,3.81,1078,726,226,32,67.35,20.96,2.97
FR,Davis,2012,ethnicity,asian,3,3.81,4.0,679,439,158,22,64.65,23.27,3.24
FR,Davis,2012,ethnicity,black,1,1.02,3.52,47,10,22,3,21.28,46.81,6.38
FR,Davis,2012,ethnicity,black,2,3.52,3.81,70,31,21,3,44.29,30.0,4.29
FR,Davis,2012,ethnicity,black,3,3.81,4.0,41,22,9,4,53.66,21.95,9.76
FR,Davis,2012,ethnicity,hispanic_latino,1,1.02,3.52,203,67,66,12,33.0,32.51,5.91
FR,Davis,2012,ethnicity,hispanic_latino,2,3.52,3.81,373,184,103,18,49.33,27.61,4.83
FR,Davis,2012,ethnicity,hispanic_latino,3,3.81,4.0,311,171,81,12,54.98,26.05,3.86
FR,Davis,2012,ethnicity,international,1,1.02,3.52,84,49,12,4,58.33,14.29,4.76
FR,Davis,2012,ethnicity,international,2,3.52,3.81,92,50,15,3,54.35,16.3,3.26
FR,Davis,2012,ethnicity,international,3,3.81,4.0,89,52,15,4,58.43,16.85,4.49
FR,Davis,2012,ethnicity,white,1,1.02,3.52,240,128,59,9,53.33,24.58,3.75
FR,Davis,2012,ethnicity,white,2,3.52,3.81,616,407,113,17,66.07,18.34,2.76
FR,Davis,2012,ethnicity,white,3,3.81,4.0,665,468,124,6,70.38,18.65,0.9
FR,Davis,2012,first_gen_status,first_gen,1,1.02,3.52,407,174,111,19,42.75,27.27,4.67
FR,Davis,2012,first_gen_status,first_gen,2,3.52,3.81,880,474,232,34,53.86,26.36,3.86
FR,Davis,2012,first_gen_status,first_gen,3,3.81,4.0,694,396,179,26,57.06,25.79,3.75
FR,Davis,2012,first_gen_status,not_first_gen,1,1.02,3.52,561,315,144,19,56.15,25.67,3.39
FR,Davis,2012,first_gen_status,not_first_gen,2,3.52,3.81,1397,943,267,42,67.5,19.11,3.01
FR,Davis,2012,first_gen_status,not_first_gen,3,3.81,4.0,1121,776,214,25,69.22,19.09,2.23
FR,Davis,2012,overall,overall,1,1.02,3.52,988,499,260,39,50.51,26.32,3.95
FR,Davis,2012,overall,overall,2,3.52,3.81,2313,1439,506,76,62.21,21.88,3.29
FR,Davis,2012,overall,overall,3,3.81,4.0,1848,1194,400,51,64.61,21.65,2.76
FR,Davis,2012,pell_status,non_pell,1,1.02,3.52,553,308,137,14,55.7,24.77,2.53
FR,Davis,2012,pell_status,non_pell,2,3.52,3.81,1303,887,242,36,68.07,18.57,2.76
FR,Davis,2012,pell_status,non_pell,3,3.81,4.0,1046,726,190,21,69.41,18.16,2.01
FR,Davis,2012,pell_status,pell,1,1.02,3.52,435,191,123,25,43.91,28.28,5.75
FR,Davis,2012,pell_status,pell,2,3.52,3.81,1010,552,264,40,54.65,26.14,3.96
FR,Davis,2012,pell_status,pell,3,3.81,4.0,802,468,210,30,58.35,26.18,3.74
FR,Davis,2013,ethnicity,aian,1,1.21,3.57,10,5,2,1,50.0,20.0,10.0
FR,Davis,2013,ethnicity,aian,2,3.57,3.84,13,5,6,0,38.46,46.15,0.0
FR,Davis,2013,ethnicity,aian,3,3.84,4.0,13,9,3,0,69.23,23.08,0.0
FR,Davis,2013,ethnicity,asian,1,1.21,3.57,334,194,72,14,58.08,21.56,4.19
FR,Davis,2013,ethnicity,asian,2,3.57,3.84,949,663,171,23,69.86,18.02,2.42
FR,Davis,2013,ethnicity,asian,3,3.84,4.0,599,412,119,10,68.78,19.87,1.67
FR,Davis,2013,ethnicity,black,1,1.21,3.57,45,17,18,1,37.78,40.0,2.22
FR,Davis,2013,ethnicity,black,2,3.57,3.84,67,35,17,6,52.24,25.37,8.96
FR,Davis,2013,ethnicity,black,3,3.84,4.0,35,19,11,0,54.29,31.43,0.0
FR,Davis,2013,ethnicity,hispanic_latino,1,1.21,3.57,207,88,46,6,42.51,22.22,2.9
FR,Davis,2013,ethnicity,hispanic_latino,2,3.57,3.84,426,228,112,22,53.52,26.29,5.16
FR,Davis,2013,ethnicity,hispanic_latino,3,3.84,4.0,272,149,77,6,54.78,28.31,2.21
FR,Davis,2013,ethnicity,international,1,1.21,3.57,71,41,17,2,57.75,23.94,2.82
FR,Davis,2013,ethnicity,international,2,3.57,3.84,162,100,23,12,61.73,14.2,7.41
FR,Davis,2013,ethnicity,international,3,3.84,4.0,179,109,36,4,60.89,20.11,2.23
FR,Davis,2013,ethnicity,white,1,1.21,3.57,202,115,57,11,56.93,28.22,5.45
FR,Davis,2013,ethnicity,white,2,3.57,3.84,593,390,121,12,65.77,20.4,2.02
FR,Davis,2013,ethnicity,white,3,3.84,4.0,612,442,104,7,72.22,16.99,1.14
FR,Davis,2013,first_gen_status,first_gen,1,1.21,3.57,390,187,91,15,47.95,23.33,3.85
FR,Davis,2013,first_gen_status,first_gen,2,3.57,3.84,902,513,208,40,56.87,23.06,4.43
FR,Davis,2013,first_gen_status,first_gen,3,3.84,4.0,656,359,183,14,54.73,27.9,2.13
FR,Davis,2013,first_gen_status,not_first_gen,1,1.21,3.57,492,287,116,20,58.33,23.58,4.07
FR,Davis,2013,first_gen_status,not_first_gen,2,3.57,3.84,1342,929,254,34,69.23,18.93,2.53
FR,Davis,2013,first_gen_status,not_first_gen,3,3.84,4.0,1070,791,176,14,73.93,16.45,1.31
FR,Davis,2013,overall,overall,1,1.21,3.57,895,479,214,35,53.52,23.91,3.91
FR,Davis,2013,overall,overall,2,3.57,3.84,2274,1460,468,77,64.2,20.58,3.39
FR,Davis,2013,overall,overall,3,3.84,4.0,1756,1168,364,28,66.51,20.73,1.59
FR,Davis,2013,pell_status,non_pell,1,1.21,3.57,458,275,106,13,60.04,23.14,2.84
FR,Davis,2013,pell_status,non_pell,2,3.57,3.84,1250,876,227,28,70.08,18.16,2.24
FR,Davis,2013,pell_status,non_pell,3,3.84,4.0,1020,747,165,11,73.24,16.18,1.08
FR,Davis,2013,pell_status,pell,1,1.21,3.57,437,204,108,22,46.68,24.71,5.03
FR,Davis,2013,pell_status,pell,2,3.57,3.84,1024,584,241,49,57.03,23.54,4.79
FR,Davis,2013,pell_status,pell,3,3.84,4.0,736,421,199,17,57.2,27.04,2.31
FR,Davis,2014,ethnicity,aian,1,0.25,3.59,9,4,4,1,44.44,44.44,11.11
FR,Davis,2014,ethnicity,aian,2,3.59,3.86,18,9,4,0,50.0,22.22,0.0
FR,Davis,2014,ethnicity,aian,3,3.86,4.0,13,5,5,1,38.46,38.46,7.69
FR,Davis,2014,ethnicity,asian,1,0.25,3.59,396,256,75,10,64.65,18.94,2.53
FR,Davis,2014,ethnicity,asian,2,3.59,3.86,918,657,156,23,71.57,16.99,2.51
FR,Davis,2014,ethnicity,asian,3,3.86,4.0,631,445,119,16,70.52,18.86,2.54
FR,Davis,2014,ethnicity,black,1,0.25,3.59,56,25,16,1,44.64,28.57,1.79
FR,Davis,2014,ethnicity,black,2,3.59,3.86,56,29,12,3,51.79,21.43,5.36
FR,Davis,2014,ethnicity,black,3,3.86,4.0,42,26,9,4,61.9,21.43,9.52
FR,Davis,2014,ethnicity,hispanic_latino,1,0.25,3.59,248,93,61,20,37.5,24.6,8.06
FR,Davis,2014,ethnicity,hispanic_latino,2,3.59,3.86,556,264,158,26,47.48,28.42,4.68
FR,Davis,2014,ethnicity,hispanic_latino,3,3.86,4.0,301,151,77,13,50.17,25.58,4.32
FR,Davis,2014,ethnicity,international,1,0.25,3.59,87,47,19,5,54.02,21.84,5.75
FR,Davis,2014,ethnicity,international,2,3.59,3.86,178,101,39,7,56.74,21.91,3.93
FR,Davis,2014,ethnicity,international,3,3.86,4.0,207,138,38,6,66.67,18.36,2.9
FR,Davis,2014,ethnicity,white,1,0.25,3.59,198,122,35,8,61.62,17.68,4.04
FR,Davis,2014,ethnicity,white,2,3.59,3.86,562,412,86,14,73.31,15.3,2.49
FR,Davis,2014,ethnicity,white,3,3.86,4.0,568,423,87,10,74.47,15.32,1.76
FR,Davis,2014,first_gen_status,first_gen,1,0.25,3.59,451,206,111,27,45.68,24.61,5.99
FR,Davis,2014,first_gen_status,first_gen,2,3.59,3.86,1015,536,264,45,52.81,26.01,4.43
FR,Davis,2014,first_gen_status,first_gen,3,3.86,4.0,710,446,151,29,62.82,21.27,4.08
FR,Davis,2014,first_gen_status,not_first_gen,1,0.25,3.59,549,349,99,18,63.57,18.03,3.28
FR,Davis,2014,first_gen_status,not_first_gen,2,3.59,3.86,1301,956,199,29,73.48,15.3,2.23
FR,Davis,2014,first_gen_status,not_first_gen,3,3.86,4.0,1075,752,192,23,69.95,17.86,2.14
FR,Davis,2014,overall,overall,1,0.25,3.59,1022,566,215,46,55.38,21.04,4.5
FR,Davis,2014,overall,overall,2,3.59,3.86,2354,1519,470,74,64.53,19.97,3.14
FR,Davis,2014,overall,overall,3,3.86,4.0,1809,1217,345,52,67.27,19.07,2.87
FR,Davis,2014,pell_status,non_pell,1,0.25,3.59,520,320,105,17,61.54,20.19,3.27
FR,Davis,2014,pell_status,non_pell,2,3.59,3.86,1308,943,210,25,72.09,16.06,1.91
FR,Davis,2014,pell_status,non_pell,3,3.86,4.0,1078,774,189,22,71.8,17.53,2.04
FR,Davis,2014,pell_status,pell,1,0.25,3.59,502,246,110,29,49.0,21.91,5.78
FR,Davis,2014,pell_status,pell,2,3.59,3.86,1046,576,260,49,55.07,24.86,4.68
FR,Davis,2014,pell_status,pell,3,3.86,4.0,731,443,156,30,60.6,21.34,4.1
FR,Davis,2015,ethnicity,aian,1,1.0,3.61,5,2,1,1,40.0,20.0,20.0
FR,Davis,2015,ethnicity,aian,2,3.61,3.87,13,11,2,0,84.62,15.38,0.0
FR,Davis,2015,ethnicity,aian,3,3.87,4.0,11,8,1,0,72.73,9.09,0.0
FR,Davis,2015,ethnicity,asian,1,1.0,3.61,336,211,80,10,62.8,23.81,2.98
FR,Davis,2015,ethnicity,asian,2,3.61,3.87,831,584,157,24,70.28,18.89,2.89
FR,Davis,2015,ethnicity,asian,3,3.87,4.0,552,391,109,12,70.83,19.75,2.17
FR,Davis,2015,ethnicity,black,1,1.0,3.61,66,19,26,6,28.79,39.39,9.09
FR,Davis,2015,ethnicity,black,2,3.61,3.87,60,27,17,4,45.0,28.33,6.67
FR,Davis,2015,ethnicity,black,3,3.87,4.0,42,20,13,3,47.62,30.95,7.14
FR,Davis,2015,ethnicity,hispanic_latino,1,1.0,3.61,259,94,86,14,36.29,33.2,5.41
FR,Davis,2015,ethnicity,hispanic_latino,2,3.61,3.87,474,227,138,27,47.89,29.11,5.7
FR,Davis,2015,ethnicity,hispanic_latino,3,3.87,4.0,321,182,94,12,56.7,29.28,3.74
FR,Davis,2015,ethnicity,international,1,1.0,3.61,192,99,36,11,51.56,18.75,5.73
FR,Davis,2015,ethnicity,international,2,3.61,3.87,249,152,42,5,61.04,16.87,2.01
FR,Davis,2015,ethnicity,international,3,3.87,4.0,263,158,54,5,60.08,20.53,1.9
FR,Davis,2015,ethnicity,white,1,1.0,3.61,185,86,62,4,46.49,33.51,2.16
FR,Davis,2015,ethnicity,white,2,3.61,3.87,514,337,107,12,65.56,20.82,2.33
FR,Davis,2015,ethnicity,white,3,3.87,4.0,528,388,93,6,73.48,17.61,1.14
FR,Davis,2015,first_gen_status,first_gen,1,1.0,3.61,463,196,144,23,42.33,31.1,4.97
FR,Davis,2015,first_gen_status,first_gen,2,3.61,3.87,932,502,234,46,53.86,25.11,4.94
FR,Davis,2015,first_gen_status,first_gen,3,3.87,4.0,644,389,164,20,60.4,25.47,3.11
FR,Davis,2015,first_gen_status,not_first_gen,1,1.0,3.61,592,319,154,21,53.89,26.01,3.55
FR,Davis,2015,first_gen_status,not_first_gen,2,3.61,3.87,1236,860,233,28,69.58,18.85,2.27
FR,Davis,2015,first_gen_status,not_first_gen,3,3.87,4.0,1086,766,205,18,70.53,18.88,1.66
FR,Davis,2015,overall,overall,1,1.0,3.61,1076,528,301,46,49.07,27.97,4.28
FR,Davis,2015,overall,overall,2,3.61,3.87,2196,1379,473,74,62.8,21.54,3.37
FR,Davis,2015,overall,overall,3,3.87,4.0,1766,1180,373,40,66.82,21.12,2.27
FR,Davis,2015,pell_status,non_pell,1,1.0,3.61,609,336,146,24,55.17,23.97,3.94
FR,Davis,2015,pell_status,non_pell,2,3.61,3.87,1239,864,219,21,69.73,17.68,1.69
FR,Davis,2015,pell_status,non_pell,3,3.87,4.0,1083,789,175,14,72.85,16.16,1.29
FR,Davis,2015,pell_status,pell,1,1.0,3.61,467,192,155,22,41.11,33.19,4.71
FR,Davis,2015,pell_status,pell,2,3.61,3.87,957,515,254,53,53.81,26.54,5.54
FR,Davis,2015,pell_status,pell,3,3.87,4.0,683,391,198,26,57.25,28.99,3.81
FR,Davis,2016,ethnicity,aian,1,0.85,3.59,3,1,2,0,33.33,66.67,0.0
FR,Davis,2016,ethnicity,aian,2,3.59,3.86,13,8,3,0,61.54,23.08,0.0
FR,Davis,2016,ethnicity,aian,3,3.86,4.0,6,5,0,0,83.33,0.0,0.0
FR,Davis,2016,ethnicity,asian,1,0.85,3.59,344,224,68,10,65.12,19.77,2.91
FR,Davis,2016,ethnicity,asian,2,3.59,3.86,794,578,127,17,72.8,15.99,2.14
FR,Davis,2016,ethnicity,asian,3,3.86,4.0,654,497,99,13,75.99,15.14,1.99
FR,Davis,2016,ethnicity,black,1,0.85,3.59,64,22,20,6,34.38,31.25,9.38
FR,Davis,2016,ethnicity,black,2,3.59,3.86,71,41,12,3,57.75,16.9,4.23
FR,Davis,2016,ethnicity,black,3,3.86,4.0,38,24,8,2,63.16,21.05,5.26
FR,Davis,2016,ethnicity,hispanic_latino,1,0.85,3.59,322,149,83,14,46.27,25.78,4.35
FR,Davis,2016,ethnicity,hispanic_latino,2,3.59,3.86,593,308,144,23,51.94,24.28,3.88
FR,Davis,2016,ethnicity,hispanic_latino,3,3.86,4.0,395,219,106,9,55.44,26.84,2.28
FR,Davis,2016,ethnicity,international,1,0.85,3.59,259,165,33,9,63.71,12.74,3.47
FR,Davis,2016,ethnicity,international,2,3.59,3.86,225,146,41,7,64.89,18.22,3.11
FR,Davis,2016,ethnicity,international,3,3.86,4.0,201,139,30,3,69.15,14.93,1.49
FR,Davis,2016,ethnicity,white,1,0.85,3.59,220,127,37,11,57.73,16.82,5.0
FR,Davis,2016,ethnicity,white,2,3.59,3.86,515,365,75,14,70.87,14.56,2.72
FR,Davis,2016,ethnicity,white,3,3.86,4.0,614,473,86,5,77.04,14.01,0.81
FR,Davis,2016,first_gen_status,first_gen,1,0.85,3.59,532,260,117,24,48.87,21.99,4.51
FR,Davis,2016,first_gen_status,first_gen,2,3.59,3.86,975,532,217,38,54.56,22.26,3.9
FR,Davis,2016,first_gen_status,first_gen,3,3.86,4.0,758,488,162,15,64.38,21.37,1.98
FR,Davis,2016,first_gen_status,not_first_gen,1,0.85,3.59,673,420,125,26,62.41,18.57,3.86
FR,Davis,2016,first_gen_status,not_first_gen,2,3.59,3.86,1252,924,194,24,73.8,15.5,1.92
FR,Davis,2016,first_gen_status,not_first_gen,3,3.86,4.0,1172,893,169,17,76.19,14.42,1.45
FR,Davis,2016,overall,overall,1,0.85,3.59,1238,700,247,50,56.54,19.95,4.04
FR,Davis,2016,overall,overall,2,3.59,3.86,2267,1484,416,64,65.46,18.35,2.82
FR,Davis,2016,overall,overall,3,3.86,4.0,1961,1400,335,32,71.39,17.08,1.63
FR,Davis,2016,pell_status,non_pell,1,0.85,3.59,702,447,118,16,63.68,16.81,2.28
FR,Davis,2016,pell_status,non_pell,2,3.59,3.86,1284,939,199,22,73.13,15.5,1.71
FR,Davis,2016,pell_status,non_pell,3,3.86,4.0,1222,932,173,14,76.27,14.16,1.15
FR,Davis,2016,pell_status,pell,1,0.85,3.59,536,253,129,34,47.2,24.07,6.34
FR,Davis,2016,pell_status,pell,2,3.59,3.86,983,545,217,42,55.44,22.08,4.27
FR,Davis,2016,pell_status,pell,3,3.86,4.0,739,468,162,18,63.33,21.92,2.44
FR,Davis,2017,ethnicity,aian,1,0.0,3.63,6,5,0,0,83.33,0.0,0.0
FR,Davis,2017,ethnicity,aian,2,3.63,3.88,9,8,0,0,88.89,0.0,0.0
FR,Davis,2017,ethnicity,aian,3,3.88,4.0,9,7,0,0,77.78,0.0,0.0
FR,Davis,2017,ethnicity,asian,1,0.0,3.63,333,224,53,7,67.27,15.92,2.1
FR,Davis,2017,ethnicity,asian,2,3.63,3.88,753,568,99,17,75.43,13.15,2.26
FR,Davis,2017,ethnicity,asian,3,3.88,4.0,564,456,63,7,80.85,11.17,1.24
FR,Davis,2017,ethnicity,black,1,0.0,3.63,69,23,14,5,33.33,20.29,7.25
FR,Davis,2017,ethnicity,black,2,3.63,3.88,84,42,23,2,50.0,27.38,2.38
FR,Davis,2017,ethnicity,black,3,3.88,4.0,37,19,5,0,51.35,13.51,0.0
FR,Davis,2017,ethnicity,hispanic_latino,1,0.0,3.63,382,181,91,19,47.38,23.82,4.97
FR,Davis,2017,ethnicity,hispanic_latino,2,3.63,3.88,580,341,102,22,58.79,17.59,3.79
FR,Davis,2017,ethnicity,hispanic_latino,3,3.88,4.0,361,240,65,6,66.48,18.01,1.66
FR,Davis,2017,ethnicity,international,1,0.0,3.63,336,216,39,11,64.29,11.61,3.27
FR,Davis,2017,ethnicity,international,2,3.63,3.88,376,257,46,8,68.35,12.23,2.13
FR,Davis,2017,ethnicity,international,3,3.88,4.0,244,172,20,8,70.49,8.2,3.28
FR,Davis,2017,ethnicity,white,1,0.0,3.63,187,113,36,1,60.43,19.25,0.53
FR,Davis,2017,ethnicity,white,2,3.63,3.88,487,346,56,12,71.05,11.5,2.46
FR,Davis,2017,ethnicity,white,3,3.88,4.0,500,389,53,7,77.8,10.6,1.4
FR,Davis,2017,first_gen_status,first_gen,1,0.0,3.63,628,329,125,23,52.39,19.9,3.66
FR,Davis,2017,first_gen_status,first_gen,2,3.63,3.88,983,587,182,31,59.72,18.51,3.15
FR,Davis,2017,first_gen_status,first_gen,3,3.88,4.0,649,444,92,15,68.41,14.18,2.31
FR,Davis,2017,first_gen_status,not_first_gen,1,0.0,3.63,688,434,107,19,63.08,15.55,2.76
FR,Davis,2017,first_gen_status,not_first_gen,2,3.63,3.88,1307,982,141,30,75.13,10.79,2.3
FR,Davis,2017,first_gen_status,not_first_gen,3,3.88,4.0,1075,844,116,15,78.51,10.79,1.4
FR,Davis,2017,overall,overall,1,0.0,3.63,1338,777,236,43,58.07,17.64,3.21
FR,Davis,2017,overall,overall,2,3.63,3.88,2337,1602,331,61,68.55,14.16,2.61
FR,Davis,2017,overall,overall,3,3.88,4.0,1761,1317,210,30,74.79,11.93,1.7
FR,Davis,2017,pell_status,non_pell,1,0.0,3.63,741,465,106,19,62.75,14.3,2.56
FR,Davis,2017,pell_status,non_pell,2,3.63,3.88,1381,1006,162,28,72.85,11.73,2.03
FR,Davis,2017,pell_status,non_pell,3,3.88,4.0,1109,870,114,16,78.45,10.28,1.44
FR,Davis,2017,pell_status,pell,1,0.0,3.63,597,312,130,24,52.26,21.78,4.02
FR,Davis,2017,pell_status,pell,2,3.63,3.88,956,596,169,33,62.34,17.68,3.45
FR,Davis,2017,pell_status,pell,3,3.88,4.0,652,447,96,14,68.56,14.72,2.15
FR,Davis,2018,ethnicity,aian,1,0.0,3.68,7,1,2,0,14.29,28.57,0.0
FR,Davis,2018,ethnicity,aian,2,3.68,3.9,15,11,1,1,73.33,6.67,6.67
FR,Davis,2018,ethnicity,aian,3,3.9,4.0,7,4,2,0,57.14,28.57,0.0
FR,Davis,2018,ethnicity,asian,1,0.0,3.68,319,209,54,15,65.52,16.93,4.7
FR,Davis,2018,ethnicity,asian,2,3.68,3.9,916,713,105,15,77.84,11.46,1.64
FR,Davis,2018,ethnicity,asian,3,3.9,4.0,746,615,75,7,82.44,10.05,0.94
FR,Davis,2018,ethnicity,black,1,0.0,3.68,78,33,19,3,42.31,24.36,3.85
FR,Davis,2018,ethnicity,black,2,3.68,3.9,95,46,16,6,48.42,16.84,6.32
FR,Davis,2018,ethnicity,black,3,3.9,4.0,50,32,11,1,64.0,22.0,2.0
FR,Davis,2018,ethnicity,hispanic_latino,1,0.0,3.68,436,232,73,19,53.21,16.74,4.36
FR,Davis,2018,ethnicity,hispanic_latino,2,3.68,3.9,632,395,103,20,62.5,16.3,3.16
FR,Davis,2018,ethnicity,hispanic_latino,3,3.9,4.0,393,272,56,4,69.21,14.25,1.02
FR,Davis,2018,ethnicity,international,1,0.0,3.68,398,282,39,18,70.85,9.8,4.52
FR,Davis,2018,ethnicity,international,2,3.68,3.9,341,238,36,12,69.79,10.56,3.52
FR,Davis,2018,ethnicity,international,3,3.9,4.0,220,163,24,5,74.09,10.91,2.27
FR,Davis,2018,ethnicity,white,1,0.0,3.68,207,117,41,5,56.52,19.81,2.42
FR,Davis,2018,ethnicity,white,2,3.68,3.9,450,340,53,4,75.56,11.78,0.89
FR,Davis,2018,ethnicity,white,3,3.9,4.0,575,452,67,8,78.61,11.65,1.39
FR,Davis,2018,first_gen_status,first_gen,1,0.0,3.68,686,378,122,24,55.1,17.78,3.5
FR,Davis,2018,first_gen_status,first_gen,2,3.68,3.9,1046,670,161,28,64.05,15.39,2.68
FR,Davis,2018,first_gen_status,first_gen,3,3.9,4.0,744,528,97,9,70.97,13.04,1.21
FR,Davis,2018,first_gen_status,not_first_gen,1,0.0,3.68,768,506,111,33,65.89,14.45,4.3
FR,Davis,2018,first_gen_status,not_first_gen,2,3.68,3.9,1391,1071,152,25,76.99,10.93,1.8
FR,Davis,2018,first_gen_status,not_first_gen,3,3.9,4.0,1254,1012,137,19,80.7,10.93,1.52
FR,Davis,2018,overall,overall,1,0.0,3.68,1491,901,240,61,60.43,16.1,4.09
FR,Davis,2018,overall,overall,2,3.68,3.9,2493,1772,322,58,71.08,12.92,2.33
FR,Davis,2018,overall,overall,3,3.9,4.0,2044,1576,239,29,77.1,11.69,1.42
FR,Davis,2018,pell_status,non_pell,1,0.0,3.68,870,559,130,37,64.25,14.94,4.25
FR,Davis,2018,pell_status,non_pell,2,3.68,3.9,1474,1106,167,27,75.03,11.33,1.83
FR,Davis,2018,pell_status,non_pell,3,3.9,4.0,1302,1051,134,16,80.72,10.29,1.23
FR,Davis,2018,pell_status,pell,1,0.0,3.68,621,342,110,24,55.07,17.71,3.86
FR,Davis,2018,pell_status,pell,2,3.68,3.9,1019,666,155,31,65.36,15.21,3.04
FR,Davis,2018,pell_status,pell,3,3.9,4.0,742,525,105,13,70.75,14.15,1.75
FR,Davis,2019,ethnicity,aian,1,1.38,3.69,4,0,2,0,0.0,50.0,0.0
FR,Davis,2019,ethnicity,aian,2,3.69,3.91,10,6,1,1,60.0,10.0,10.0
FR,Davis,2019,ethnicity,aian,3,3.91,4.0,7,2,2,0,28.57,28.57,0.0
FR,Davis,2019,ethnicity,asian,1,1.38,3.69,417,292,62,12,70.02,14.87,2.88
FR,Davis,2019,ethnicity,asian,2,3.69,3.91,960,764,91,26,79.58,9.48,2.71
FR,Davis,2019,ethnicity,asian,3,3.91,4.0,719,599,69,7,83.31,9.6,0.97
FR,Davis,2019,ethnicity,black,1,1.38,3.69,73,35,15,3,47.95,20.55,4.11
FR,Davis,2019,ethnicity,black,2,3.69,3.91,79,43,20,3,54.43,25.32,3.8
FR,Davis,2019,ethnicity,black,3,3.91,4.0,58,29,11,2,50.0,18.97,3.45
FR,Davis,2019,ethnicity,hispanic_latino,1,1.38,3.69,411,219,82,17,53.28,19.95,4.14
FR,Davis,2019,ethnicity,hispanic_latino,2,3.69,3.91,593,364,112,9,61.38,18.89,1.52
FR,Davis,2019,ethnicity,hispanic_latino,3,3.91,4.0,380,242,75,3,63.68,19.74,0.79
FR,Davis,2019,ethnicity,international,1,1.38,3.69,242,151,32,14,62.4,13.22,5.79
FR,Davis,2019,ethnicity,international,2,3.69,3.91,275,186,37,8,67.64,13.45,2.91
FR,Davis,2019,ethnicity,international,3,3.91,4.0,188,130,26,5,69.15,13.83,2.66
FR,Davis,2019,ethnicity,white,1,1.38,3.69,211,131,33,7,62.09,15.64,3.32
FR,Davis,2019,ethnicity,white,2,3.69,3.91,488,359,76,4,73.57,15.57,0.82
FR,Davis,2019,ethnicity,white,3,3.91,4.0,535,403,68,7,75.33,12.71,1.31
FR,Davis,2019,first_gen_status,first_gen,1,1.38,3.69,584,333,103,22,57.02,17.64,3.77
FR,Davis,2019,first_gen_status,first_gen,2,3.69,3.91,990,642,164,17,64.85,16.57,1.72
FR,Davis,2019,first_gen_status,first_gen,3,3.91,4.0,670,445,113,8,66.42,16.87,1.19
FR,Davis,2019,first_gen_status,not_first_gen,1,1.38,3.69,771,498,121,29,64.59,15.69,3.76
FR,Davis,2019,first_gen_status,not_first_gen,2,3.69,3.91,1394,1069,171,32,76.69,12.27,2.3
FR,Davis,2019,first_gen_status,not_first_gen,3,3.91,4.0,1229,965,139,18,78.52,11.31,1.46
FR,Davis,2019,overall,overall,1,1.38,3.69,1390,849,233,54,61.08,16.76,3.88
FR,Davis,2019,overall,overall,2,3.69,3.91,2453,1755,346,51,71.55,14.11,2.08
FR,Davis,2019,overall,overall,3,3.91,4.0,1932,1434,257,26,74.22,13.3,1.35
FR,Davis,2019,pell_status,non_pell,1,1.38,3.69,796,514,124,30,64.57,15.58,3.77
FR,Davis,2019,pell_status,non_pell,2,3.69,3.91,1439,1087,180,25,75.54,12.51,1.74
FR,Davis,2019,pell_status,non_pell,3,3.91,4.0,1244,960,146,20,77.17,11.74,1.61
FR,Davis,2019,pell_status,pell,1,1.38,3.69,594,335,109,24,56.4,18.35,4.04
FR,Davis,2019,pell_status,pell,2,3.69,3.91,1014,668,166,26,65.88,16.37,2.56
FR,Davis,2019,pell_status,pell,3,3.91,4.0,688,474,111,6,68.9,16.13,0.87
FR,Davis,2020,ethnicity,aian,1,1.1,3.67,13,3,3,0,23.08,23.08,0.0
FR,Davis,2020,ethnicity,aian,2,3.67,3.91,4,4,0,0,100.0,0.0,0.0
FR,Davis,2020,ethnicity,aian,3,3.91,4.0,7,4,2,0,57.14,28.57,0.0
FR,Davis,2020,ethnicity,asian,1,1.1,3.67,443,300,67,0,67.72,15.12,0.0
FR,Davis,2020,ethnicity,asian,2,3.67,3.91,967,742,119,0,76.73,12.31,0.0
FR,Davis,2020,ethnicity,asian,3,3.91,4.0,658,536,61,0,81.46,9.27,0.0
FR,Davis,2020,ethnicity,black,1,1.1,3.67,76,36,18,0,47.37,23.68,0.0
FR,Davis,2020,ethnicity,black,2,3.67,3.91,86,53,7,0,61.63,8.14,0.0
FR,Davis,2020,ethnicity,black,3,3.91,4.0,46,30,9,0,65.22,19.57,0.0
FR,Davis,2020,ethnicity,hispanic_latino,1,1.1,3.67,414,199,83,0,48.07,20.05,0.0
FR,Davis,2020,ethnicity,hispanic_latino,2,3.67,3.91,614,344,104,0,56.03,16.94,0.0
FR,Davis,2020,ethnicity,hispanic_latino,3,3.91,4.0,390,257,59,0,65.9,15.13,0.0
FR,Davis,2020,ethnicity,international,1,1.1,3.67,502,310,90,0,61.75,17.93,0.0
FR,Davis,2020,ethnicity,international,2,3.67,3.91,267,190,25,0,71.16,9.36,0.0
FR,Davis,2020,ethnicity,international,3,3.91,4.0,149,101,21,0,67.79,14.09,0.0
FR,Davis,2020,ethnicity,white,1,1.1,3.67,225,119,45,0,52.89,20.0,0.0
FR,Davis,2020,ethnicity,white,2,3.67,3.91,444,327,61,0,73.65,13.74,0.0
FR,Davis,2020,ethnicity,white,3,3.91,4.0,473,360,62,0,76.11,13.11,0.0
FR,Davis,2020,first_gen_status,first_gen,1,1.1,3.67,645,339,116,0,52.56,17.98,0.0
FR,Davis,2020,first_gen_status,first_gen,2,3.67,3.91,947,564,142,0,59.56,14.99,0.0
FR,Davis,2020,first_gen_status,first_gen,3,3.91,4.0,607,424,76,0,69.85,12.52,0.0
FR,Davis,2020,first_gen_status,not_first_gen,1,1.1,3.67,1003,615,180,0,61.32,17.95,0.0
FR,Davis,2020,first_gen_status,not_first_gen,2,3.67,3.91,1444,1099,176,0,76.11,12.19,0.0
FR,Davis,2020,first_gen_status,not_first_gen,3,3.91,4.0,1141,882,142,0,77.3,12.45,0.0
FR,Davis,2020,overall,overall,1,1.1,3.67,1692,979,308,0,57.86,18.2,0.0
FR,Davis,2020,overall,overall,2,3.67,3.91,2446,1702,324,0,69.58,13.25,0.0
FR,Davis,2020,overall,overall,3,3.91,4.0,1786,1337,220,0,74.86,12.32,0.0
FR,Davis,2020,pell_status,non_pell,1,1.1,3.67,1112,689,185,0,61.96,16.64,0.0
FR,Davis,2020,pell_status,non_pell,2,3.67,3.91,1509,1130,174,0,74.88,11.53,0.0
FR,Davis,2020,pell_status,non_pell,3,3.91,4.0,1134,878,127,0,77.43,11.2,0.0
FR,Davis,2020,pell_status,pell,1,1.1,3.67,580,290,123,0,50.0,21.21,0.0
FR,Davis,2020,pell_status,pell,2,3.67,3.91,937,572,150,0,61.05,16.01,0.0
FR,Davis,2020,pell_status,pell,3,3.91,4.0,652,459,93,0,70.4,14.26,0.0
FR,Davis,2021,ethnicity,aian,1,0.0,3.71,5,3,0,0,60.0,0.0,0.0
FR,Davis,2021,ethnicity,aian,2,3.71,3.92,7,1,0,0,14.29,0.0,0.0
FR,Davis,2021,ethnicity,aian,3,3.92,4.0,8,4,0,0,50.0,0.0,0.0
FR,Davis,2021,ethnicity,asian,1,0.0,3.71,676,477,0,0,70.56,0.0,0.0
FR,Davis,2021,ethnicity,asian,2,3.71,3.92,1106,886,0,0,80.11,0.0,0.0
FR,Davis,2021,ethnicity,asian,3,3.92,4.0,798,675,0,0,84.59,0.0,0.0
FR,Davis,2021,ethnicity,black,1,0.0,3.71,105,50,0,0,47.62,0.0,0.0
FR,Davis,2021,ethnicity,black,2,3.71,3.92,79,49,0,0,62.03,0.0,0.0
FR,Davis,2021,ethnicity,black,3,3.92,4.0,42,28,0,0,66.67,0.0,0.0
FR,Davis,2021,ethnicity,hispanic_latino,1,0.0,3.71,541,296,0,0,54.71,0.0,0.0
FR,Davis,2021,ethnicity,hispanic_latino,2,3.71,3.92,634,385,0,0,60.73,0.0,0.0
FR,Davis,2021,ethnicity,hispanic_latino,3,3.92,4.0,421,305,0,0,72.45,0.0,0.0
FR,Davis,2021,ethnicity,international,1,0.0,3.71,885,551,0,0,62.26,0.0,0.0
FR,Davis,2021,ethnicity,international,2,3.71,3.92,286,194,0,0,67.83,0.0,0.0
FR,Davis,2021,ethnicity,international,3,3.92,4.0,146,108,0,0,73.97,0.0,0.0
FR,Davis,2021,ethnicity,white,1,0.0,3.71,319,203,0,0,63.64,0.0,0.0
FR,Davis,2021,ethnicity,white,2,3.71,3.92,562,422,0,0,75.09,0.0,0.0
FR,Davis,2021,ethnicity,white,3,3.92,4.0,554,434,0,0,78.34,0.0,0.0
FR,Davis,2021,first_gen_status,first_gen,1,0.0,3.71,904,520,0,0,57.52,0.0,0.0
FR,Davis,2021,first_gen_status,first_gen,2,3.71,3.92,961,626,0,0,65.14,0.0,0.0
FR,Davis,2021,first_gen_status,first_gen,3,3.92,4.0,672,496,0,0,73.81,0.0,0.0
FR,Davis,2021,first_gen_status,not_first_gen,1,0.0,3.71,1602,1042,0,0,65.04,0.0,0.0
FR,Davis,2021,first_gen_status,not_first_gen,2,3.71,3.92,1716,1310,0,0,76.34,0.0,0.0
FR,Davis,2021,first_gen_status,not_first_gen,3,3.92,4.0,1310,1068,0,0,81.53,0.0,0.0
FR,Davis,2021,overall,overall,1,0.0,3.71,2577,1608,0,0,62.4,0.0,0.0
FR,Davis,2021,overall,overall,2,3.71,3.92,2752,1992,0,0,72.38,0.0,0.0
FR,Davis,2021,overall,overall,3,3.92,4.0,2031,1604,0,0,78.98,0.0,0.0
FR,Davis,2021,pell_status,non_pell,1,0.0,3.71,1767,1121,0,0,63.44,0.0,0.0
FR,Davis,2021,pell_status,non_pell,2,3.71,3.92,1738,1322,0,0,76.06,0.0,0.0
FR,Davis,2021,pell_status,non_pell,3,3.92,4.0,1317,1065,0,0,80.87,0.0,0.0
FR,Davis,2021,pell_status,pell,1,0.0,3.71,810,487,0,0,60.12,0.0,0.0
FR,Davis,2021,pell_status,pell,2,3.71,3.92,1014,670,0,0,66.07,0.0,0.0
FR,Davis,2021,pell_status,pell,3,3.92,4.0,714,539,0,0,75.49,0.0,0.0
FR,Irvine,2010,ethnicity,aian,1,1.75,3.47,4,2,1,0,50.0,25.0,0.0
FR,Irvine,2010,ethnicity,aian,2,3.47,3.79,12,10,1,0,83.33,8.33,0.0
FR,Irvine,2010,ethnicity,aian,3,3.79,4.0,7,3,2,0,42.86,28.57,0.0
FR,Irvine,2010,ethnicity,asian,1,1.75,3.47,595,430,83,12,72.27,13.95,2.02
FR,Irvine,2010,ethnicity,asian,2,3.47,3.79,1260,969,168,17,76.9,13.33,1.35
FR,Irvine,2010,ethnicity,asian,3,3.79,4.0,504,395,69,3,78.37,13.69,0.6
FR,Irvine,2010,ethnicity,black,1,1.75,3.47,31,19,4,1,61.29,12.9,3.23
FR,Irvine,2010,ethnicity,black,2,3.47,3.79,48,32,6,0,66.67,12.5,0.0
FR,Irvine,2010,ethnicity,black,3,3.79,4.0,23,16,5,0,69.57,21.74,0.0
FR,Irvine,2010,ethnicity,hispanic_latino,1,1.75,3.47,191,99,40,8,51.83,20.94,4.19
FR,Irvine,2010,ethnicity,hispanic_latino,2,3.47,3.79,396,237,77,8,59.85,19.44,2.02
FR,Irvine,2010,ethnicity,hispanic_latino,3,3.79,4.0,189,124,33,2,65.61,17.46,1.06
FR,Irvine,2010,ethnicity,international,1,1.75,3.47,25,20,1,0,80.0,4.0,0.0
FR,Irvine,2010,ethnicity,international,2,3.47,3.79,44,27,7,1,61.36,15.91,2.27
FR,Irvine,2010,ethnicity,international,3,3.79,4.0,36,28,2,1,77.78,5.56,2.78
FR,Irvine,2010,ethnicity,white,1,1.75,3.47,200,124,34,4,62.0,17.0,2.0
FR,Irvine,2010,ethnicity,white,2,3.47,3.79,386,278,56,4,72.02,14.51,1.04
FR,Irvine,2010,ethnicity,white,3,3.79,4.0,255,193,32,6,75.69,12.55,2.35
FR,Irvine,2010,first_gen_status,first_gen,1,1.75,3.47,401,245,66,10,61.1,16.46,2.49
FR,Irvine,2010,first_gen_status,first_gen,2,3.47,3.79,825,570,134,14,69.09,16.24,1.7
FR,Irvine,2010,first_gen_status,first_gen,3,3.79,4.0,425,310,67,2,72.94,15.76,0.47
FR,Irvine,2010,first_gen_status,not_first_gen,1,1.75,3.47,631,442,88,12,70.05,13.95,1.9
FR,Irvine,2010,first_gen_status,not_first_gen,2,3.47,3.79,1305,974,172,18,74.64,13.18,1.38
FR,Irvine,2010,first_gen_status,not_first_gen,3,3.79,4.0,559,424,75,11,75.85,13.42,1.97
FR,Irvine,2010,overall,overall,1,1.75,3.47,1100,731,167,25,66.45,15.18,2.27
FR,Irvine,2010,overall,overall,2,3.47,3.79,2255,1637,327,32,72.59,14.5,1.42
FR,Irvine,2010,overall,overall,3,3.79,4.0,1046,785,148,13,75.05,14.15,1.24
FR,Irvine,2010,pell_status,non_pell,1,1.75,3.47,613,429,80,12,69.98,13.05,1.96
FR,Irvine,2010,pell_status,non_pell,2,3.47,3.79,1231,926,155,13,75.22,12.59,1.06
FR,Irvine,2010,pell_status,non_pell,3,3.79,4.0,566,442,66,12,78.09,11.66,2.12
FR,Irvine,2010,pell_status,pell,1,1.75,3.47,487,302,87,13,62.01,17.86,2.67
FR,Irvine,2010,pell_status,pell,2,3.47,3.79,1024,711,172,19,69.43,16.8,1.86
FR,Irvine,2010,pell_status,pell,3,3.79,4.0,480,343,82,1,71.46,17.08,0.21
FR,Irvine,2011,ethnicity,aian,1,0.87,3.5,7,4,1,0,57.14,14.29,0.0
FR,Irvine,2011,ethnicity,aian,2,3.5,3.8,8,6,1,0,75.0,12.5,0.0
FR,Irvine,2011,ethnicity,aian,3,3.8,4.0,7,7,0,0,100.0,0.0,0.0
FR,Irvine,2011,ethnicity,asian,1,0.87,3.5,596,417,76,9,69.97,12.75,1.51
FR,Irvine,2011,ethnicity,asian,2,3.5,3.8,1317,1047,147,13,79.5,11.16,0.99
FR,Irvine,2011,ethnicity,asian,3,3.8,4.0,680,576,44,6,84.71,6.47,0.88
FR,Irvine,2011,ethnicity,black,1,0.87,3.5,67,36,14,0,53.73,20.9,0.0
FR,Irvine,2011,ethnicity,black,2,3.5,3.8,61,33,10,1,54.1,16.39,1.64
FR,Irvine,2011,ethnicity,black,3,3.8,4.0,15,12,2,0,80.0,13.33,0.0
FR,Irvine,2011,ethnicity,hispanic_latino,1,0.87,3.5,458,231,85,8,50.44,18.56,1.75
FR,Irvine,2011,ethnicity,hispanic_latino,2,3.5,3.8,527,309,107,13,58.63,20.3,2.47
FR,Irvine,2011,ethnicity,hispanic_latino,3,3.8,4.0,247,152,50,4,61.54,20.24,1.62
FR,Irvine,2011,ethnicity,international,1,0.87,3.5,72,29,13,8,40.28,18.06,11.11
FR,Irvine,2011,ethnicity,international,2,3.5,3.8,104,63,10,5,60.58,9.62,4.81
FR,Irvine,2011,ethnicity,international,3,3.8,4.0,58,40,8,0,68.97,13.79,0.0
FR,Irvine,2011,ethnicity,white,1,0.87,3.5,178,112,30,6,62.92,16.85,3.37
FR,Irvine,2011,ethnicity,white,2,3.5,3.8,345,254,32,4,73.62,9.28,1.16
FR,Irvine,2011,ethnicity,white,3,3.8,4.0,250,203,25,2,81.2,10.0,0.8
FR,Irvine,2011,first_gen_status,first_gen,1,0.87,3.5,747,440,113,12,58.9,15.13,1.61
FR,Irvine,2011,first_gen_status,first_gen,2,3.5,3.8,1080,754,152,19,69.81,14.07,1.76
FR,Irvine,2011,first_gen_status,first_gen,3,3.8,4.0,542,401,62,6,73.99,11.44,1.11
FR,Irvine,2011,first_gen_status,not_first_gen,1,0.87,3.5,616,381,103,18,61.85,16.72,2.92
FR,Irvine,2011,first_gen_status,not_first_gen,2,3.5,3.8,1283,959,161,19,74.75,12.55,1.48
FR,Irvine,2011,first_gen_status,not_first_gen,3,3.8,4.0,716,593,65,6,82.82,9.08,0.84
FR,Irvine,2011,overall,overall,1,0.87,3.5,1396,839,221,32,60.1,15.83,2.29
FR,Irvine,2011,overall,overall,2,3.5,3.8,2406,1739,318,39,72.28,13.22,1.62
FR,Irvine,2011,overall,overall,3,3.8,4.0,1274,1005,130,12,78.89,10.2,0.94
FR,Irvine,2011,pell_status,non_pell,1,0.87,3.5,532,343,75,17,64.47,14.1,3.2
FR,Irvine,2011,pell_status,non_pell,2,3.5,3.8,1229,926,141,17,75.35,11.47,1.38
FR,Irvine,2011,pell_status,non_pell,3,3.8,4.0,680,551,62,4,81.03,9.12,0.59
FR,Irvine,2011,pell_status,pell,1,0.87,3.5,864,496,146,15,57.41,16.9,1.74
FR,Irvine,2011,pell_status,pell,2,3.5,3.8,1177,813,177,22,69.07,15.04,1.87
FR,Irvine,2011,pell_status,pell,3,3.8,4.0,594,454,68,8,76.43,11.45,1.35
FR,Irvine,2012,ethnicity,aian,1,1.02,3.52,3,1,0,1,33.33,0.0,33.33
FR,Irvine,2012,ethnicity,aian,2,3.52,3.81,6,1,0,0,16.67,0.0,0.0
FR,Irvine,2012,ethnicity,aian,3,3.81,4.0,5,3,1,0,60.0,20.0,0.0
FR,Irvine,2012,ethnicity,asian,1,1.02,3.52,533,374,84,12,70.17,15.76,2.25
FR,Irvine,2012,ethnicity,asian,2,3.52,3.81,1193,938,144,12,78.63,12.07,1.01
FR,Irvine,2012,ethnicity,asian,3,3.81,4.0,638,498,81,4,78.06,12.7,0.63
FR,Irvine,2012,ethnicity,black,1,1.02,3.52,82,37,12,3,45.12,14.63,3.66
FR,Irvine,2012,ethnicity,black,2,3.52,3.81,49,31,6,0,63.27,12.24,0.0
FR,Irvine,2012,ethnicity,black,3,3.81,4.0,31,22,3,0,70.97,9.68,0.0
FR,Irvine,2012,ethnicity,hispanic_latino,1,1.02,3.52,397,180,79,11,45.34,19.9,2.77
FR,Irvine,2012,ethnicity,hispanic_latino,2,3.52,3.81,525,318,85,13,60.57,16.19,2.48
FR,Irvine,2012,ethnicity,hispanic_latino,3,3.81,4.0,301,202,37,5,67.11,12.29,1.66
FR,Irvine,2012,ethnicity,international,1,1.02,3.52,104,63,11,1,60.58,10.58,0.96
FR,Irvine,2012,ethnicity,international,2,3.52,3.81,232,136,38,5,58.62,16.38,2.16
FR,Irvine,2012,ethnicity,international,3,3.81,4.0,149,88,33,1,59.06,22.15,0.67
FR,Irvine,2012,ethnicity,white,1,1.02,3.52,135,66,24,5,48.89,17.78,3.7
FR,Irvine,2012,ethnicity,white,2,3.52,3.81,256,182,33,6,71.09,12.89,2.34
FR,Irvine,2012,ethnicity,white,3,3.81,4.0,233,168,24,2,72.1,10.3,0.86
FR,Irvine,2012,first_gen_status,first_gen,1,1.02,3.52,759,390,141,24,51.38,18.58,3.16
FR,Irvine,2012,first_gen_status,first_gen,2,3.52,3.81,1147,782,168,18,68.18,14.65,1.57
FR,Irvine,2012,first_gen_status,first_gen,3,3.81,4.0,666,473,93,2,71.02,13.96,0.3
FR,Irvine,2012,first_gen_status,not_first_gen,1,1.02,3.52,487,320,77,8,65.71,15.81,1.64
FR,Irvine,2012,first_gen_status,not_first_gen,2,3.52,3.81,1101,821,135,18,74.57,12.26,1.63
FR,Irvine,2012,first_gen_status,not_first_gen,3,3.81,4.0,699,516,88,10,73.82,12.59,1.43
FR,Irvine,2012,overall,overall,1,1.02,3.52,1276,729,218,33,57.13,17.08,2.59
FR,Irvine,2012,overall,overall,2,3.52,3.81,2289,1627,310,37,71.08,13.54,1.62
FR,Irvine,2012,overall,overall,3,3.81,4.0,1389,1005,184,12,72.35,13.25,0.86
FR,Irvine,2012,pell_status,non_pell,1,1.02,3.52,501,330,64,9,65.87,12.77,1.8
FR,Irvine,2012,pell_status,non_pell,2,3.52,3.81,1040,766,121,13,73.65,11.63,1.25
FR,Irvine,2012,pell_status,non_pell,3,3.81,4.0,690,512,85,6,74.2,12.32,0.87
FR,Irvine,2012,pell_status,pell,1,1.02,3.52,775,399,154,24,51.48,19.87,3.1
FR,Irvine,2012,pell_status,pell,2,3.52,3.81,1249,861,189,24,68.94,15.13,1.92
FR,Irvine,2012,pell_status,pell,3,3.81,4.0,699,493,99,6,70.53,14.16,0.86
FR,Irvine,2013,ethnicity,aian,1,1.21,3.57,5,2,1,0,40.0,20.0,0.0
FR,Irvine,2013,ethnicity,aian,2,3.57,3.84,6,4,0,0,66.67,0.0,0.0
FR,Irvine,2013,ethnicity,aian,3,3.84,4.0,2,2,0,0,100.0,0.0,0.0
FR,Irvine,2013,ethnicity,asian,1,1.21,3.57,683,482,100,10,70.57,14.64,1.46
FR,Irvine,2013,ethnicity,asian,2,3.57,3.84,1130,863,134,8,76.37,11.86,0.71
FR,Irvine,2013,ethnicity,asian,3,3.84,4.0,504,412,36,8,81.75,7.14,1.59
FR,Irvine,2013,ethnicity,black,1,1.21,3.57,51,31,11,0,60.78,21.57,0.0
FR,Irvine,2013,ethnicity,black,2,3.57,3.84,45,26,8,2,57.78,17.78,4.44
FR,Irvine,2013,ethnicity,black,3,3.84,4.0,23,14,3,2,60.87,13.04,8.7
FR,Irvine,2013,ethnicity,hispanic_latino,1,1.21,3.57,516,294,80,9,56.98,15.5,1.74
FR,Irvine,2013,ethnicity,hispanic_latino,2,3.57,3.84,570,343,107,10,60.18,18.77,1.75
FR,Irvine,2013,ethnicity,hispanic_latino,3,3.84,4.0,244,158,43,6,64.75,17.62,2.46
FR,Irvine,2013,ethnicity,international,1,1.21,3.57,181,113,30,5,62.43,16.57,2.76
FR,Irvine,2013,ethnicity,international,2,3.57,3.84,270,179,33,10,66.3,12.22,3.7
FR,Irvine,2013,ethnicity,international,3,3.84,4.0,159,100,23,6,62.89,14.47,3.77
FR,Irvine,2013,ethnicity,white,1,1.21,3.57,164,103,28,7,62.8,17.07,4.27
FR,Irvine,2013,ethnicity,white,2,3.57,3.84,269,194,30,8,72.12,11.15,2.97
FR,Irvine,2013,ethnicity,white,3,3.84,4.0,233,186,20,2,79.83,8.58,0.86
FR,Irvine,2013,first_gen_status,first_gen,1,1.21,3.57,1194,773,175,18,64.74,14.66,1.51
FR,Irvine,2013,first_gen_status,first_gen,2,3.57,3.84,1358,912,205,18,67.16,15.1,1.33
FR,Irvine,2013,first_gen_status,first_gen,3,3.84,4.0,521,363,78,12,69.67,14.97,2.3
FR,Irvine,2013,first_gen_status,not_first_gen,1,1.21,3.57,392,241,73,13,61.48,18.62,3.32
FR,Irvine,2013,first_gen_status,not_first_gen,2,3.57,3.84,923,690,106,19,74.76,11.48,2.06
FR,Irvine,2013,first_gen_status,not_first_gen,3,3.84,4.0,651,514,48,13,78.96,7.37,2.0
FR,Irvine,2013,overall,overall,1,1.21,3.57,1639,1050,256,32,64.06,15.62,1.95
FR,Irvine,2013,overall,overall,2,3.57,3.84,2339,1640,320,39,70.12,13.68,1.67
FR,Irvine,2013,overall,overall,3,3.84,4.0,1195,896,128,25,74.98,10.71,2.09
FR,Irvine,2013,pell_status,non_pell,1,1.21,3.57,634,400,91,11,63.09,14.35,1.74
FR,Irvine,2013,pell_status,non_pell,2,3.57,3.84,1070,771,123,21,72.06,11.5,1.96
FR,Irvine,2013,pell_status,non_pell,3,3.84,4.0,669,517,55,14,77.28,8.22,2.09
FR,Irvine,2013,pell_status,pell,1,1.21,3.57,1005,650,165,21,64.68,16.42,2.09
FR,Irvine,2013,pell_status,pell,2,3.57,3.84,1269,869,197,18,68.48,15.52,1.42
FR,Irvine,2013,pell_status,pell,3,3.84,4.0,526,379,73,11,72.05,13.88,2.09
FR,Irvine,2014,ethnicity,aian,1,0.25,3.59,5,3,1,0,60.0,20.0,0.0
FR,Irvine,2014,ethnicity,aian,2,3.59,3.86,4,0,3,1,0.0,75.0,25.0
FR,Irvine,2014,ethnicity,aian,3,3.86,4.0,4,2,1,0,50.0,25.0,0.0
FR,Irvine,2014,ethnicity,asian,1,0.25,3.59,412,273,69,6,66.26,16.75,1.46
FR,Irvine,2014,ethnicity,asian,2,3.59,3.86,1099,868,120,18,78.98,10.92,1.64
FR,Irvine,2014,ethnicity,asian,3,3.86,4.0,592,490,63,8,82.77,10.64,1.35
FR,Irvine,2014,ethnicity,black,1,0.25,3.59,67,36,14,2,53.73,20.9,2.99
FR,Irvine,2014,ethnicity,black,2,3.59,3.86,39,30,2,1,76.92,5.13,2.56
FR,Irvine,2014,ethnicity,black,3,3.86,4.0,32,22,4,2,68.75,12.5,6.25
FR,Irvine,2014,ethnicity,hispanic_latino,1,0.25,3.59,609,298,132,13,48.93,21.67,2.13
FR,Irvine,2014,ethnicity,hispanic_latino,2,3.59,3.86,589,368,108,14,62.48,18.34,2.38
FR,Irvine,2014,ethnicity,hispanic_latino,3,3.86,4.0,263,166,47,8,63.12,17.87,3.04
FR,Irvine,2014,ethnicity,international,1,0.25,3.59,176,97,29,2,55.11,16.48,1.14
FR,Irvine,2014,ethnicity,international,2,3.59,3.86,281,178,39,6,63.35,13.88,2.14
FR,Irvine,2014,ethnicity,international,3,3.86,4.0,190,140,19,6,73.68,10.0,3.16
FR,Irvine,2014,ethnicity,white,1,0.25,3.59,132,66,34,3,50.0,25.76,2.27
FR,Irvine,2014,ethnicity,white,2,3.59,3.86,292,223,32,2,76.37,10.96,0.68
FR,Irvine,2014,ethnicity,white,3,3.86,4.0,226,176,32,1,77.88,14.16,0.44
FR,Irvine,2014,first_gen_status,first_gen,1,0.25,3.59,916,464,193,15,50.66,21.07,1.64
FR,Irvine,2014,first_gen_status,first_gen,2,3.59,3.86,1094,746,171,21,68.19,15.63,1.92
FR,Irvine,2014,first_gen_status,first_gen,3,3.86,4.0,574,418,79,15,72.82,13.76,2.61
FR,Irvine,2014,first_gen_status,not_first_gen,1,0.25,3.59,471,298,84,11,63.27,17.83,2.34
FR,Irvine,2014,first_gen_status,not_first_gen,2,3.59,3.86,1198,917,127,21,76.54,10.6,1.75
FR,Irvine,2014,first_gen_status,not_first_gen,3,3.86,4.0,731,580,80,11,79.34,10.94,1.5
FR,Irvine,2014,overall,overall,1,0.25,3.59,1427,789,281,26,55.29,19.69,1.82
FR,Irvine,2014,overall,overall,2,3.59,3.86,2346,1700,307,42,72.46,13.09,1.79
FR,Irvine,2014,overall,overall,3,3.86,4.0,1333,1017,168,26,76.29,12.6,1.95
FR,Irvine,2014,pell_status,non_pell,1,0.25,3.59,549,323,92,11,58.83,16.76,2.0
FR,Irvine,2014,pell_status,non_pell,2,3.59,3.86,1231,942,121,22,76.52,9.83,1.79
FR,Irvine,2014,pell_status,non_pell,3,3.86,4.0,774,620,76,13,80.1,9.82,1.68
FR,Irvine,2014,pell_status,pell,1,0.25,3.59,878,466,189,15,53.08,21.53,1.71
FR,Irvine,2014,pell_status,pell,2,3.59,3.86,1115,758,186,20,67.98,16.68,1.79
FR,Irvine,2014,pell_status,pell,3,3.86,4.0,559,397,92,13,71.02,16.46,2.33
FR,Irvine,2015,ethnicity,aian,1,1.0,3.61,1,1,0,0,100.0,0.0,0.0
FR,Irvine,2015,ethnicity,aian,2,3.61,3.87,4,4,0,0,100.0,0.0,0.0
FR,Irvine,2015,ethnicity,aian,3,3.87,4.0,7,7,0,0,100.0,0.0,0.0
FR,Irvine,2015,ethnicity,asian,1,1.0,3.61,486,329,81,7,67.7,16.67,1.44
FR,Irvine,2015,ethnicity,asian,2,3.61,3.87,957,748,98,10,78.16,10.24,1.04
FR,Irvine,2015,ethnicity,asian,3,3.87,4.0,500,417,43,5,83.4,8.6,1.0
FR,Irvine,2015,ethnicity,black,1,1.0,3.61,84,41,13,2,48.81,15.48,2.38
FR,Irvine,2015,ethnicity,black,2,3.61,3.87,67,42,9,2,62.69,13.43,2.99
FR,Irvine,2015,ethnicity,black,3,3.87,4.0,22,15,5,0,68.18,22.73,0.0
FR,Irvine,2015,ethnicity,hispanic_latino,1,1.0,3.61,671,326,134,11,48.58,19.97,1.64
FR,Irvine,2015,ethnicity,hispanic_latino,2,3.61,3.87,583,367,103,9,62.95,17.67,1.54
FR,Irvine,2015,ethnicity,hispanic_latino,3,3.87,4.0,257,164,49,4,63.81,19.07,1.56
FR,Irvine,2015,ethnicity,international,1,1.0,3.61,239,152,34,5,63.6,14.23,2.09
FR,Irvine,2015,ethnicity,international,2,3.61,3.87,435,305,55,6,70.11,12.64,1.38
FR,Irvine,2015,ethnicity,international,3,3.87,4.0,249,177,27,7,71.08,10.84,2.81
FR,Irvine,2015,ethnicity,white,1,1.0,3.61,175,98,32,3,56.0,18.29,1.71
FR,Irvine,2015,ethnicity,white,2,3.61,3.87,271,194,37,2,71.59,13.65,0.74
FR,Irvine,2015,ethnicity,white,3,3.87,4.0,223,180,21,1,80.72,9.42,0.45
FR,Irvine,2015,first_gen_status,first_gen,1,1.0,3.61,1072,601,201,15,56.06,18.75,1.4
FR,Irvine,2015,first_gen_status,first_gen,2,3.61,3.87,1227,837,184,16,68.22,15.0,1.3
FR,Irvine,2015,first_gen_status,first_gen,3,3.87,4.0,551,397,74,8,72.05,13.43,1.45
FR,Irvine,2015,first_gen_status,not_first_gen,1,1.0,3.61,574,339,92,14,59.06,16.03,2.44
FR,Irvine,2015,first_gen_status,not_first_gen,2,3.61,3.87,1071,811,117,13,75.72,10.92,1.21
FR,Irvine,2015,first_gen_status,not_first_gen,3,3.87,4.0,705,559,74,10,79.29,10.5,1.42
FR,Irvine,2015,overall,overall,1,1.0,3.61,1684,962,298,30,57.13,17.7,1.78
FR,Irvine,2015,overall,overall,2,3.61,3.87,2352,1689,306,29,71.81,13.01,1.23
FR,Irvine,2015,overall,overall,3,3.87,4.0,1289,982,149,18,76.18,11.56,1.4
FR,Irvine,2015,pell_status,non_pell,1,1.0,3.61,713,426,106,13,59.75,14.87,1.82
FR,Irvine,2015,pell_status,non_pell,2,3.61,3.87,1245,931,135,13,74.78,10.84,1.04
FR,Irvine,2015,pell_status,non_pell,3,3.87,4.0,767,597,78,10,77.84,10.17,1.3
FR,Irvine,2015,pell_status,pell,1,1.0,3.61,971,536,192,17,55.2,19.77,1.75
FR,Irvine,2015,pell_status,pell,2,3.61,3.87,1107,758,171,16,68.47,15.45,1.45
FR,Irvine,2015,pell_status,pell,3,3.87,4.0,522,385,71,8,73.75,13.6,1.53
FR,Irvine,2016,ethnicity,aian,1,0.85,3.59,2,1,1,0,50.0,50.0,0.0
FR,Irvine,2016,ethnicity,aian,2,3.59,3.86,8,5,1,0,62.5,12.5,0.0
FR,Irvine,2016,ethnicity,aian,3,3.86,4.0,3,2,1,0,66.67,33.33,0.0
FR,Irvine,2016,ethnicity,asian,1,0.85,3.59,502,369,68,10,73.51,13.55,1.99
FR,Irvine,2016,ethnicity,asian,2,3.59,3.86,1233,961,157,16,77.94,12.73,1.3
FR,Irvine,2016,ethnicity,asian,3,3.86,4.0,635,525,63,1,82.68,9.92,0.16
FR,Irvine,2016,ethnicity,black,1,0.85,3.59,79,39,15,3,49.37,18.99,3.8
FR,Irvine,2016,ethnicity,black,2,3.59,3.86,69,44,10,1,63.77,14.49,1.45
FR,Irvine,2016,ethnicity,black,3,3.86,4.0,37,30,2,0,81.08,5.41,0.0
FR,Irvine,2016,ethnicity,hispanic_latino,1,0.85,3.59,551,316,102,10,57.35,18.51,1.81
FR,Irvine,2016,ethnicity,hispanic_latino,2,3.59,3.86,797,507,139,8,63.61,17.44,1.0
FR,Irvine,2016,ethnicity,hispanic_latino,3,3.86,4.0,333,226,54,3,67.87,16.22,0.9
FR,Irvine,2016,ethnicity,international,1,0.85,3.59,114,74,20,1,64.91,17.54,0.88
FR,Irvine,2016,ethnicity,international,2,3.59,3.86,498,364,50,7,73.09,10.04,1.41
FR,Irvine,2016,ethnicity,international,3,3.86,4.0,331,246,34,7,74.32,10.27,2.11
FR,Irvine,2016,ethnicity,white,1,0.85,3.59,148,100,23,1,67.57,15.54,0.68
FR,Irvine,2016,ethnicity,white,2,3.59,3.86,348,269,35,1,77.3,10.06,0.29
FR,Irvine,2016,ethnicity,white,3,3.86,4.0,229,188,21,0,82.1,9.17,0.0
FR,Irvine,2016,first_gen_status,first_gen,1,0.85,3.59,764,475,127,14,62.17,16.62,1.83
FR,Irvine,2016,first_gen_status,first_gen,2,3.59,3.86,1413,986,199,14,69.78,14.08,0.99
FR,Irvine,2016,first_gen_status,first_gen,3,3.86,4.0,672,504,81,5,75.0,12.05,0.74
FR,Irvine,2016,first_gen_status,not_first_gen,1,0.85,3.59,625,419,102,10,67.04,16.32,1.6
FR,Irvine,2016,first_gen_status,not_first_gen,2,3.59,3.86,1543,1171,190,19,75.89,12.31,1.23
FR,Irvine,2016,first_gen_status,not_first_gen,3,3.86,4.0,902,722,92,7,80.04,10.2,0.78
FR,Irvine,2016,overall,overall,1,0.85,3.59,1416,911,233,25,64.34,16.45,1.77
FR,Irvine,2016,overall,overall,2,3.59,3.86,3018,2200,402,33,72.9,13.32,1.09
FR,Irvine,2016,overall,overall,3,3.86,4.0,1601,1243,178,12,77.64,11.12,0.75
FR,Irvine,2016,pell_status,non_pell,1,0.85,3.59,648,438,92,8,67.59,14.2,1.23
FR,Irvine,2016,pell_status,non_pell,2,3.59,3.86,1633,1230,189,14,75.32,11.57,0.86
FR,Irvine,2016,pell_status,non_pell,3,3.86,4.0,970,772,93,7,79.59,9.59,0.72
FR,Irvine,2016,pell_status,pell,1,0.85,3.59,768,473,141,17,61.59,18.36,2.21
FR,Irvine,2016,pell_status,pell,2,3.59,3.86,1385,970,213,19,70.04,15.38,1.37
FR,Irvine,2016,pell_status,pell,3,3.86,4.0,631,471,85,5,74.64,13.47,0.79
FR,Irvine,2017,ethnicity,aian,1,0.0,3.63,2,1,1,0,50.0,50.0,0.0
FR,Irvine,2017,ethnicity,aian,2,3.63,3.88,3,3,0,0,100.0,0.0,0.0
FR,Irvine,2017,ethnicity,aian,3,3.88,4.0,4,4,0,0,100.0,0.0,0.0
FR,Irvine,2017,ethnicity,asian,1,0.0,3.63,653,454,85,15,69.53,13.02,2.3
FR,Irvine,2017,ethnicity,asian,2,3.63,3.88,1290,1071,117,14,83.02,9.07,1.09
FR,Irvine,2017,ethnicity,asian,3,3.88,4.0,708,595,66,4,84.04,9.32,0.56
FR,Irvine,2017,ethnicity,black,1,0.0,3.63,107,66,10,2,61.68,9.35,1.87
FR,Irvine,2017,ethnicity,black,2,3.63,3.88,76,50,12,2,65.79,15.79,2.63
FR,Irvine,2017,ethnicity,black,3,3.88,4.0,28,22,2,0,78.57,7.14,0.0
FR,Irvine,2017,ethnicity,hispanic_latino,1,0.0,3.63,531,301,73,14,56.69,13.75,2.64
FR,Irvine,2017,ethnicity,hispanic_latino,2,3.63,3.88,790,533,105,15,67.47,13.29,1.9
FR,Irvine,2017,ethnicity,hispanic_latino,3,3.88,4.0,352,245,52,4,69.6,14.77,1.14
FR,Irvine,2017,ethnicity,international,1,0.0,3.63,214,148,29,4,69.16,13.55,1.87
FR,Irvine,2017,ethnicity,international,2,3.63,3.88,316,246,28,6,77.85,8.86,1.9
FR,Irvine,2017,ethnicity,international,3,3.88,4.0,237,183,27,4,77.22,11.39,1.69
FR,Irvine,2017,ethnicity,white,1,0.0,3.63,169,94,33,4,55.62,19.53,2.37
FR,Irvine,2017,ethnicity,white,2,3.63,3.88,292,190,46,6,65.07,15.75,2.05
FR,Irvine,2017,ethnicity,white,3,3.88,4.0,266,210,24,1,78.95,9.02,0.38
FR,Irvine,2017,first_gen_status,first_gen,1,0.0,3.63,780,462,99,20,59.23,12.69,2.56
FR,Irvine,2017,first_gen_status,first_gen,2,3.63,3.88,1488,1088,176,23,73.12,11.83,1.55
FR,Irvine,2017,first_gen_status,first_gen,3,3.88,4.0,688,525,83,8,76.31,12.06,1.16
FR,Irvine,2017,first_gen_status,not_first_gen,1,0.0,3.63,889,597,127,21,67.15,14.29,2.36
FR,Irvine,2017,first_gen_status,not_first_gen,2,3.63,3.88,1266,999,125,20,78.91,9.87,1.58
FR,Irvine,2017,first_gen_status,not_first_gen,3,3.88,4.0,909,739,85,5,81.3,9.35,0.55
FR,Irvine,2017,overall,overall,1,0.0,3.63,1705,1083,233,41,63.52,13.67,2.4
FR,Irvine,2017,overall,overall,2,3.63,3.88,2821,2137,311,43,75.75,11.02,1.52
FR,Irvine,2017,overall,overall,3,3.88,4.0,1633,1292,173,13,79.12,10.59,0.8
FR,Irvine,2017,pell_status,non_pell,1,0.0,3.63,941,630,123,25,66.95,13.07,2.66
FR,Irvine,2017,pell_status,non_pell,2,3.63,3.88,1441,1127,129,22,78.21,8.95,1.53
FR,Irvine,2017,pell_status,non_pell,3,3.88,4.0,977,788,89,8,80.66,9.11,0.82
FR,Irvine,2017,pell_status,pell,1,0.0,3.63,764,453,110,16,59.29,14.4,2.09
FR,Irvine,2017,pell_status,pell,2,3.63,3.88,1380,1010,182,21,73.19,13.19,1.52
FR,Irvine,2017,pell_status,pell,3,3.88,4.0,656,504,84,5,76.83,12.8,0.76
FR,Irvine,2018,ethnicity,aian,1,0.0,3.68,5,1,4,0,20.0,80.0,0.0
FR,Irvine,2018,ethnicity,aian,2,3.68,3.9,5,4,1,0,80.0,20.0,0.0
FR,Irvine,2018,ethnicity,aian,3,3.9,4.0,6,4,0,0,66.67,0.0,0.0
FR,Irvine,2018,ethnicity,asian,1,0.0,3.68,476,346,56,13,72.69,11.76,2.73
FR,Irvine,2018,ethnicity,asian,2,3.68,3.9,1080,899,102,17,83.24,9.44,1.57
FR,Irvine,2018,ethnicity,asian,3,3.9,4.0,806,670,74,8,83.13,9.18,0.99
FR,Irvine,2018,ethnicity,black,1,0.0,3.68,152,92,29,6,60.53,19.08,3.95
FR,Irvine,2018,ethnicity,black,2,3.68,3.9,74,36,11,3,48.65,14.86,4.05
FR,Irvine,2018,ethnicity,black,3,3.9,4.0,36,26,2,1,72.22,5.56,2.78
FR,Irvine,2018,ethnicity,hispanic_latino,1,0.0,3.68,362,219,55,11,60.5,15.19,3.04
FR,Irvine,2018,ethnicity,hispanic_latino,2,3.68,3.9,576,366,90,10,63.54,15.62,1.74
FR,Irvine,2018,ethnicity,hispanic_latino,3,3.9,4.0,396,273,45,9,68.94,11.36,2.27
FR,Irvine,2018,ethnicity,international,1,0.0,3.68,241,171,22,8,70.95,9.13,3.32
FR,Irvine,2018,ethnicity,international,2,3.68,3.9,333,242,37,8,72.67,11.11,2.4
FR,Irvine,2018,ethnicity,international,3,3.9,4.0,212,159,12,9,75.0,5.66,4.25
FR,Irvine,2018,ethnicity,white,1,0.0,3.68,114,66,20,6,57.89,17.54,5.26
FR,Irvine,2018,ethnicity,white,2,3.68,3.9,211,162,17,3,76.78,8.06,1.42
FR,Irvine,2018,ethnicity,white,3,3.9,4.0,258,201,28,7,77.91,10.85,2.71
FR,Irvine,2018,first_gen_status,first_gen,1,0.0,3.68,625,387,97,19,61.92,15.52,3.04
FR,Irvine,2018,first_gen_status,first_gen,2,3.68,3.9,1104,778,143,16,70.47,12.95,1.45
FR,Irvine,2018,first_gen_status,first_gen,3,3.9,4.0,720,522,80,16,72.5,11.11,2.22
FR,Irvine,2018,first_gen_status,not_first_gen,1,0.0,3.68,709,497,90,26,70.1,12.69,3.67
FR,Irvine,2018,first_gen_status,not_first_gen,2,3.68,3.9,1183,940,112,25,79.46,9.47,2.11
FR,Irvine,2018,first_gen_status,not_first_gen,3,3.9,4.0,1005,827,83,16,82.29,8.26,1.59
FR,Irvine,2018,overall,overall,1,0.0,3.68,1372,907,192,45,66.11,13.99,3.28
FR,Irvine,2018,overall,overall,2,3.68,3.9,2340,1760,262,41,75.21,11.2,1.75
FR,Irvine,2018,overall,overall,3,3.9,4.0,1762,1375,165,34,78.04,9.36,1.93
FR,Irvine,2018,pell_status,non_pell,1,0.0,3.68,791,549,95,23,69.41,12.01,2.91
FR,Irvine,2018,pell_status,non_pell,2,3.68,3.9,1384,1064,150,23,76.88,10.84,1.66
FR,Irvine,2018,pell_status,non_pell,3,3.9,4.0,1078,862,93,21,79.96,8.63,1.95
FR,Irvine,2018,pell_status,pell,1,0.0,3.68,581,358,97,22,61.62,16.7,3.79
FR,Irvine,2018,pell_status,pell,2,3.68,3.9,956,696,112,18,72.8,11.72,1.88
FR,Irvine,2018,pell_status,pell,3,3.9,4.0,684,513,72,13,75.0,10.53,1.9
FR,Irvine,2019,ethnicity,aian,1,1.38,3.69,4,4,0,0,100.0,0.0,0.0
FR,Irvine,2019,ethnicity,aian,2,3.69,3.91,5,4,0,0,80.0,0.0,0.0
FR,Irvine,2019,ethnicity,aian,3,3.91,4.0,3,3,0,0,100.0,0.0,0.0
FR,Irvine,2019,ethnicity,asian,1,1.38,3.69,627,472,67,15,75.28,10.69,2.39
FR,Irvine,2019,ethnicity,asian,2,3.69,3.91,1199,996,107,16,83.07,8.92,1.33
FR,Irvine,2019,ethnicity,asian,3,3.91,4.0,579,492,45,9,84.97,7.77,1.55
FR,Irvine,2019,ethnicity,black,1,1.38,3.69,86,49,14,1,56.98,16.28,1.16
FR,Irvine,2019,ethnicity,black,2,3.69,3.91,69,40,9,3,57.97,13.04,4.35
FR,Irvine,2019,ethnicity,black,3,3.91,4.0,27,21,3,0,77.78,11.11,0.0
FR,Irvine,2019,ethnicity,hispanic_latino,1,1.38,3.69,630,370,92,13,58.73,14.6,2.06
FR,Irvine,2019,ethnicity,hispanic_latino,2,3.69,3.91,655,470,74,9,71.76,11.3,1.37
FR,Irvine,2019,ethnicity,hispanic_latino,3,3.91,4.0,294,214,36,7,72.79,12.24,2.38
FR,Irvine,2019,ethnicity,international,1,1.38,3.69,222,164,24,3,73.87,10.81,1.35
FR,Irvine,2019,ethnicity,international,2,3.69,3.91,400,299,37,8,74.75,9.25,2.0
FR,Irvine,2019,ethnicity,international,3,3.91,4.0,258,197,26,2,76.36,10.08,0.78
FR,Irvine,2019,ethnicity,white,1,1.38,3.69,156,101,24,2,64.74,15.38,1.28
FR,Irvine,2019,ethnicity,white,2,3.69,3.91,288,216,38,2,75.0,13.19,0.69
FR,Irvine,2019,ethnicity,white,3,3.91,4.0,198,166,11,1,83.84,5.56,0.51
FR,Irvine,2019,first_gen_status,first_gen,1,1.38,3.69,1049,672,139,22,64.06,13.25,2.1
FR,Irvine,2019,first_gen_status,first_gen,2,3.69,3.91,1164,871,115,18,74.83,9.88,1.55
FR,Irvine,2019,first_gen_status,first_gen,3,3.91,4.0,575,449,53,9,78.09,9.22,1.57
FR,Irvine,2019,first_gen_status,not_first_gen,1,1.38,3.69,680,488,85,12,71.76,12.5,1.76
FR,Irvine,2019,first_gen_status,not_first_gen,2,3.69,3.91,1431,1146,145,20,80.08,10.13,1.4
FR,Irvine,2019,first_gen_status,not_first_gen,3,3.91,4.0,779,639,71,9,82.03,9.11,1.16
FR,Irvine,2019,overall,overall,1,1.38,3.69,1760,1181,228,36,67.1,12.95,2.05
FR,Irvine,2019,overall,overall,2,3.69,3.91,2654,2059,266,39,77.58,10.02,1.47
FR,Irvine,2019,overall,overall,3,3.91,4.0,1384,1112,126,19,80.35,9.1,1.37
FR,Irvine,2019,pell_status,non_pell,1,1.38,3.69,826,584,91,17,70.7,11.02,2.06
FR,Irvine,2019,pell_status,non_pell,2,3.69,3.91,1512,1201,140,22,79.43,9.26,1.46
FR,Irvine,2019,pell_status,non_pell,3,3.91,4.0,835,685,69,6,82.04,8.26,0.72
FR,Irvine,2019,pell_status,pell,1,1.38,3.69,934,597,137,19,63.92,14.67,2.03
FR,Irvine,2019,pell_status,pell,2,3.69,3.91,1142,858,126,17,75.13,11.03,1.49
FR,Irvine,2019,pell_status,pell,3,3.91,4.0,549,427,57,13,77.78,10.38,2.37
FR,Irvine,2020,ethnicity,aian,1,1.1,3.67,3,2,1,0,66.67,33.33,0.0
FR,Irvine,2020,ethnicity,aian,2,3.67,3.91,5,3,0,0,60.0,0.0,0.0
FR,Irvine,2020,ethnicity,aian,3,3.91,4.0,7,6,0,0,85.71,0.0,0.0
FR,Irvine,2020,ethnicity,asian,1,1.1,3.67,823,589,113,0,71.57,13.73,0.0
FR,Irvine,2020,ethnicity,asian,2,3.67,3.91,1078,874,92,0,81.08,8.53,0.0
FR,Irvine,2020,ethnicity,asian,3,3.91,4.0,762,669,49,0,87.8,6.43,0.0
FR,Irvine,2020,ethnicity,black,1,1.1,3.67,65,40,7,0,61.54,10.77,0.0
FR,Irvine,2020,ethnicity,black,2,3.67,3.91,55,36,4,0,65.45,7.27,0.0
FR,Irvine,2020,ethnicity,black,3,3.91,4.0,35,24,3,0,68.57,8.57,0.0
FR,Irvine,2020,ethnicity,hispanic_latino,1,1.1,3.67,408,262,59,0,64.22,14.46,0.0
FR,Irvine,2020,ethnicity,hispanic_latino,2,3.67,3.91,497,330,50,0,66.4,10.06,0.0
FR,Irvine,2020,ethnicity,hispanic_latino,3,3.91,4.0,297,230,29,0,77.44,9.76,0.0
FR,Irvine,2020,ethnicity,international,1,1.1,3.67,188,130,35,0,69.15,18.62,0.0
FR,Irvine,2020,ethnicity,international,2,3.67,3.91,390,269,35,0,68.97,8.97,0.0
FR,Irvine,2020,ethnicity,international,3,3.91,4.0,238,162,18,0,68.07,7.56,0.0
FR,Irvine,2020,ethnicity,white,1,1.1,3.67,197,134,21,0,68.02,10.66,0.0
FR,Irvine,2020,ethnicity,white,2,3.67,3.91,243,190,16,0,78.19,6.58,0.0
FR,Irvine,2020,ethnicity,white,3,3.91,4.0,198,174,15,0,87.88,7.58,0.0
FR,Irvine,2020,first_gen_status,first_gen,1,1.1,3.67,929,635,126,0,68.35,13.56,0.0
FR,Irvine,2020,first_gen_status,first_gen,2,3.67,3.91,1312,977,111,0,74.47,8.46,0.0
FR,Irvine,2020,first_gen_status,first_gen,3,3.91,4.0,738,602,62,0,81.57,8.4,0.0
FR,Irvine,2020,first_gen_status,not_first_gen,1,1.1,3.67,761,529,109,0,69.51,14.32,0.0
FR,Irvine,2020,first_gen_status,not_first_gen,2,3.67,3.91,951,720,84,0,75.71,8.83,0.0
FR,Irvine,2020,first_gen_status,not_first_gen,3,3.91,4.0,788,661,51,0,83.88,6.47,0.0
FR,Irvine,2020,overall,overall,1,1.1,3.67,1727,1186,242,0,68.67,14.01,0.0
FR,Irvine,2020,overall,overall,2,3.67,3.91,2306,1730,202,0,75.02,8.76,0.0
FR,Irvine,2020,overall,overall,3,3.91,4.0,1568,1292,116,0,82.4,7.4,0.0
FR,Irvine,2020,pell_status,non_pell,1,1.1,3.67,851,590,113,0,69.33,13.28,0.0
FR,Irvine,2020,pell_status,non_pell,2,3.67,3.91,1182,891,91,0,75.38,7.7,0.0
FR,Irvine,2020,pell_status,non_pell,3,3.91,4.0,908,750,54,0,82.6,5.95,0.0
FR,Irvine,2020,pell_status,pell,1,1.1,3.67,876,596,129,0,68.04,14.73,0.0
FR,Irvine,2020,pell_status,pell,2,3.67,3.91,1124,839,111,0,74.64,9.88,0.0
FR,Irvine,2020,pell_status,pell,3,3.91,4.0,660,542,62,0,82.12,9.39,0.0
FR,Irvine,2021,ethnicity,aian,1,0.0,3.71,27,18,0,0,66.67,0.0,0.0
FR,Irvine,2021,ethnicity,aian,2,3.71,3.92,17,13,0,0,76.47,0.0,0.0
FR,Irvine,2021,ethnicity,aian,3,3.92,4.0,8,7,0,0,87.5,0.0,0.0
FR,Irvine,2021,ethnicity,asian,1,0.0,3.71,546,383,0,0,70.15,0.0,0.0
FR,Irvine,2021,ethnicity,asian,2,3.71,3.92,858,722,0,0,84.15,0.0,0.0
FR,Irvine,2021,ethnicity,asian,3,3.92,4.0,988,864,0,0,87.45,0.0,0.0
FR,Irvine,2021,ethnicity,black,1,0.0,3.71,205,118,0,0,57.56,0.0,0.0
FR,Irvine,2021,ethnicity,black,2,3.71,3.92,84,58,0,0,69.05,0.0,0.0
FR,Irvine,2021,ethnicity,black,3,3.92,4.0,41,30,0,0,73.17,0.0,0.0
FR,Irvine,2021,ethnicity,hispanic_latino,1,0.0,3.71,856,464,0,0,54.21,0.0,0.0
FR,Irvine,2021,ethnicity,hispanic_latino,2,3.71,3.92,652,435,0,0,66.72,0.0,0.0
FR,Irvine,2021,ethnicity,hispanic_latino,3,3.92,4.0,433,348,0,0,80.37,0.0,0.0
FR,Irvine,2021,ethnicity,international,1,0.0,3.71,239,166,0,0,69.46,0.0,0.0
FR,Irvine,2021,ethnicity,international,2,3.71,3.92,316,227,0,0,71.84,0.0,0.0
FR,Irvine,2021,ethnicity,international,3,3.92,4.0,194,133,0,0,68.56,0.0,0.0
FR,Irvine,2021,ethnicity,white,1,0.0,3.71,213,142,0,0,66.67,0.0,0.0
FR,Irvine,2021,ethnicity,white,2,3.71,3.92,228,167,0,0,73.25,0.0,0.0
FR,Irvine,2021,ethnicity,white,3,3.92,4.0,293,238,0,0,81.23,0.0,0.0
FR,Irvine,2021,first_gen_status,first_gen,1,0.0,3.71,1070,591,0,0,55.23,0.0,0.0
FR,Irvine,2021,first_gen_status,first_gen,2,3.71,3.92,876,613,0,0,69.98,0.0,0.0
FR,Irvine,2021,first_gen_status,first_gen,3,3.92,4.0,697,550,0,0,78.91,0.0,0.0
FR,Irvine,2021,first_gen_status,not_first_gen,1,0.0,3.71,994,686,0,0,69.01,0.0,0.0
FR,Irvine,2021,first_gen_status,not_first_gen,2,3.71,3.92,1255,990,0,0,78.88,0.0,0.0
FR,Irvine,2021,first_gen_status,not_first_gen,3,3.92,4.0,1267,1085,0,0,85.64,0.0,0.0
FR,Irvine,2021,overall,overall,1,0.0,3.71,2108,1304,0,0,61.86,0.0,0.0
FR,Irvine,2021,overall,overall,2,3.71,3.92,2186,1645,0,0,75.25,0.0,0.0
FR,Irvine,2021,overall,overall,3,3.92,4.0,2010,1666,0,0,82.89,0.0,0.0
FR,Irvine,2021,pell_status,non_pell,1,0.0,3.71,1068,714,0,0,66.85,0.0,0.0
FR,Irvine,2021,pell_status,non_pell,2,3.71,3.92,1250,967,0,0,77.36,0.0,0.0
FR,Irvine,2021,pell_status,non_pell,3,3.92,4.0,1234,1032,0,0,83.63,0.0,0.0
FR,Irvine,2021,pell_status,pell,1,0.0,3.71,1040,590,0,0,56.73,0.0,0.0
FR,Irvine,2021,pell_status,pell,2,3.71,3.92,936,678,0,0,72.44,0.0,0.0
FR,Irvine,2021,pell_status,pell,3,3.92,4.0,776,634,0,0,81.7,0.0,0.0
FR,Los Angeles,2010,ethnicity,aian,1,1.75,3.47,2,1,1,0,50.0,50.0,0.0
FR,Los Angeles,2010,ethnicity,aian,2,3.47,3.79,6,3,1,0,50.0,16.67,0.0
FR,Los Angeles,2010,ethnicity,aian,3,3.79,4.0,18,17,1,0,94.44,5.56,0.0
FR,Los Angeles,2010,ethnicity,asian,1,1.75,3.47,79,45,20,6,56.96,25.32,7.59
FR,Los Angeles,2010,ethnicity,asian,2,3.47,3.79,386,274,69,8,70.98,17.88,2.07
FR,Los Angeles,2010,ethnicity,asian,3,3.79,4.0,1306,1058,180,11,81.01,13.78,0.84
FR,Los Angeles,2010,ethnicity,black,1,1.75,3.47,67,32,15,2,47.76,22.39,2.99
FR,Los Angeles,2010,ethnicity,black,2,3.47,3.79,52,30,9,2,57.69,17.31,3.85
FR,Los Angeles,2010,ethnicity,black,3,3.79,4.0,75,46,18,4,61.33,24.0,5.33
FR,Los Angeles,2010,ethnicity,hispanic_latino,1,1.75,3.47,77,38,20,2,49.35,25.97,2.6
FR,Los Angeles,2010,ethnicity,hispanic_latino,2,3.47,3.79,242,142,51,8,58.68,21.07,3.31
FR,Los Angeles,2010,ethnicity,hispanic_latino,3,3.79,4.0,425,296,91,6,69.65,21.41,1.41
FR,Los Angeles,2010,ethnicity,international,1,1.75,3.47,22,15,5,0,68.18,22.73,0.0
FR,Los Angeles,2010,ethnicity,international,2,3.47,3.79,58,37,11,4,63.79,18.97,6.9
FR,Los Angeles,2010,ethnicity,international,3,3.79,4.0,157,119,22,7,75.8,14.01,4.46
FR,Los Angeles,2010,ethnicity,white,1,1.75,3.47,123,72,25,3,58.54,20.33,2.44
FR,Los Angeles,2010,ethnicity,white,2,3.47,3.79,231,155,43,4,67.1,18.61,1.73
FR,Los Angeles,2010,ethnicity,white,3,3.79,4.0,998,825,108,7,82.67,10.82,0.7
FR,Los Angeles,2010,first_gen_status,first_gen,1,1.75,3.47,145,68,41,6,46.9,28.28,4.14
FR,Los Angeles,2010,first_gen_status,first_gen,2,3.47,3.79,405,247,81,12,60.99,20.0,2.96
FR,Los Angeles,2010,first_gen_status,first_gen,3,3.79,4.0,851,623,160,8,73.21,18.8,0.94
FR,Los Angeles,2010,first_gen_status,not_first_gen,1,1.75,3.47,223,131,47,8,58.74,21.08,3.59
FR,Los Angeles,2010,first_gen_status,not_first_gen,2,3.47,3.79,569,395,101,11,69.42,17.75,1.93
FR,Los Angeles,2010,first_gen_status,not_first_gen,3,3.79,4.0,2080,1694,254,28,81.44,12.21,1.35
FR,Los Angeles,2010,overall,overall,1,1.75,3.47,393,214,92,15,54.45,23.41,3.82
FR,Los Angeles,2010,overall,overall,2,3.47,3.79,1024,674,191,26,65.82,18.65,2.54
FR,Los Angeles,2010,overall,overall,3,3.79,4.0,3142,2492,440,36,79.31,14.0,1.15
FR,Los Angeles,2010,pell_status,non_pell,1,1.75,3.47,221,133,51,8,60.18,23.08,3.62
FR,Los Angeles,2010,pell_status,non_pell,2,3.47,3.79,517,363,89,9,70.21,17.21,1.74
FR,Los Angeles,2010,pell_status,non_pell,3,3.79,4.0,2039,1672,241,26,82.0,11.82,1.28
FR,Los Angeles,2010,pell_status,pell,1,1.75,3.47,172,81,41,7,47.09,23.84,4.07
FR,Los Angeles,2010,pell_status,pell,2,3.47,3.79,507,311,102,17,61.34,20.12,3.35
FR,Los Angeles,2010,pell_status,pell,3,3.79,4.0,1103,820,199,10,74.34,18.04,0.91
FR,Los Angeles,2011,ethnicity,aian,1,0.87,3.5,5,3,1,0,60.0,20.0,0.0
FR,Los Angeles,2011,ethnicity,aian,2,3.5,3.8,6,5,1,0,83.33,16.67,0.0
FR,Los Angeles,2011,ethnicity,aian,3,3.8,4.0,20,16,2,0,80.0,10.0,0.0
FR,Los Angeles,2011,ethnicity,asian,1,0.87,3.5,102,73,14,2,71.57,13.73,1.96
FR,Los Angeles,2011,ethnicity,asian,2,3.5,3.8,520,385,77,12,74.04,14.81,2.31
FR,Los Angeles,2011,ethnicity,asian,3,3.8,4.0,1511,1227,198,19,81.2,13.1,1.26
FR,Los Angeles,2011,ethnicity,black,1,0.87,3.5,59,20,13,1,33.9,22.03,1.69
FR,Los Angeles,2011,ethnicity,black,2,3.5,3.8,69,38,17,0,55.07,24.64,0.0
FR,Los Angeles,2011,ethnicity,black,3,3.8,4.0,85,59,13,4,69.41,15.29,4.71
FR,Los Angeles,2011,ethnicity,hispanic_latino,1,0.87,3.5,104,56,20,1,53.85,19.23,0.96
FR,Los Angeles,2011,ethnicity,hispanic_latino,2,3.5,3.8,335,208,71,10,62.09,21.19,2.99
FR,Los Angeles,2011,ethnicity,hispanic_latino,3,3.8,4.0,534,369,104,13,69.1,19.48,2.43
FR,Los Angeles,2011,ethnicity,international,1,0.87,3.5,69,53,6,2,76.81,8.7,2.9
FR,Los Angeles,2011,ethnicity,international,2,3.5,3.8,139,93,22,7,66.91,15.83,5.04
FR,Los Angeles,2011,ethnicity,international,3,3.8,4.0,263,185,41,10,70.34,15.59,3.8
FR,Los Angeles,2011,ethnicity,white,1,0.87,3.5,134,95,16,2,70.9,11.94,1.49
FR,Los Angeles,2011,ethnicity,white,2,3.5,3.8,309,228,45,4,73.79,14.56,1.29
FR,Los Angeles,2011,ethnicity,white,3,3.8,4.0,1213,992,142,12,81.78,11.71,0.99
FR,Los Angeles,2011,first_gen_status,first_gen,1,0.87,3.5,174,94,34,1,54.02,19.54,0.57
FR,Los Angeles,2011,first_gen_status,first_gen,2,3.5,3.8,560,363,106,13,64.82,18.93,2.32
FR,Los Angeles,2011,first_gen_status,first_gen,3,3.8,4.0,1070,795,172,20,74.3,16.07,1.87
FR,Los Angeles,2011,first_gen_status,not_first_gen,1,0.87,3.5,294,206,38,6,70.07,12.93,2.04
FR,Los Angeles,2011,first_gen_status,not_first_gen,2,3.5,3.8,832,612,122,21,73.56,14.66,2.52
FR,Los Angeles,2011,first_gen_status,not_first_gen,3,3.8,4.0,2596,2088,331,39,80.43,12.75,1.5
FR,Los Angeles,2011,overall,overall,1,0.87,3.5,482,303,73,8,62.86,15.15,1.66
FR,Los Angeles,2011,overall,overall,2,3.5,3.8,1416,987,234,34,69.7,16.53,2.4
FR,Los Angeles,2011,overall,overall,3,3.8,4.0,3719,2920,514,60,78.52,13.82,1.61
FR,Los Angeles,2011,pell_status,non_pell,1,0.87,3.5,280,209,33,5,74.64,11.79,1.79
FR,Los Angeles,2011,pell_status,non_pell,2,3.5,3.8,768,560,114,18,72.92,14.84,2.34
FR,Los Angeles,2011,pell_status,non_pell,3,3.8,4.0,2390,1949,303,28,81.55,12.68,1.17
FR,Los Angeles,2011,pell_status,pell,1,0.87,3.5,202,94,40,3,46.53,19.8,1.49
FR,Los Angeles,2011,pell_status,pell,2,3.5,3.8,648,427,120,16,65.9,18.52,2.47
FR,Los Angeles,2011,pell_status,pell,3,3.8,4.0,1329,971,211,32,73.06,15.88,2.41
FR,Los Angeles,2012,ethnicity,aian,1,1.02,3.52,3,3,0,0,100.0,0.0,0.0
FR,Los Angeles,2012,ethnicity,aian,2,3.52,3.81,6,4,0,0,66.67,0.0,0.0
FR,Los Angeles,2012,ethnicity,aian,3,3.81,4.0,18,13,4,0,72.22,22.22,0.0
FR,Los Angeles,2012,ethnicity,asian,1,1.02,3.52,107,80,10,2,74.77,9.35,1.87
FR,Los Angeles,2012,ethnicity,asian,2,3.52,3.81,414,319,57,8,77.05,13.77,1.93
FR,Los Angeles,2012,ethnicity,asian,3,3.81,4.0,1342,1127,144,11,83.98,10.73,0.82
FR,Los Angeles,2012,ethnicity,black,1,1.02,3.52,53,23,16,3,43.4,30.19,5.66
FR,Los Angeles,2012,ethnicity,black,2,3.52,3.81,71,48,7,3,67.61,9.86,4.23
FR,Los Angeles,2012,ethnicity,black,3,3.81,4.0,65,40,11,1,61.54,16.92,1.54
FR,Los Angeles,2012,ethnicity,hispanic_latino,1,1.02,3.52,127,59,33,6,46.46,25.98,4.72
FR,Los Angeles,2012,ethnicity,hispanic_latino,2,3.52,3.81,333,208,60,12,62.46,18.02,3.6
FR,Los Angeles,2012,ethnicity,hispanic_latino,3,3.81,4.0,548,404,86,6,73.72,15.69,1.09
FR,Los Angeles,2012,ethnicity,international,1,1.02,3.52,116,88,10,2,75.86,8.62,1.72
FR,Los Angeles,2012,ethnicity,international,2,3.52,3.81,202,149,17,8,73.76,8.42,3.96
FR,Los Angeles,2012,ethnicity,international,3,3.81,4.0,462,360,48,14,77.92,10.39,3.03
FR,Los Angeles,2012,ethnicity,white,1,1.02,3.52,122,75,25,1,61.48,20.49,0.82
FR,Los Angeles,2012,ethnicity,white,2,3.52,3.81,240,184,25,2,76.67,10.42,0.83
FR,Los Angeles,2012,ethnicity,white,3,3.81,4.0,940,799,75,6,85.0,7.98,0.64
FR,Los Angeles,2012,first_gen_status,first_gen,1,1.02,3.52,193,104,40,9,53.89,20.73,4.66
FR,Los Angeles,2012,first_gen_status,first_gen,2,3.52,3.81,524,346,82,17,66.03,15.65,3.24
FR,Los Angeles,2012,first_gen_status,first_gen,3,3.81,4.0,1018,782,143,11,76.82,14.05,1.08
FR,Los Angeles,2012,first_gen_status,not_first_gen,1,1.02,3.52,342,228,55,5,66.67,16.08,1.46
FR,Los Angeles,2012,first_gen_status,not_first_gen,2,3.52,3.81,770,583,90,16,75.71,11.69,2.08
FR,Los Angeles,2012,first_gen_status,not_first_gen,3,3.81,4.0,2390,1989,233,27,83.22,9.75,1.13
FR,Los Angeles,2012,overall,overall,1,1.02,3.52,545,340,96,14,62.39,17.61,2.57
FR,Los Angeles,2012,overall,overall,2,3.52,3.81,1307,940,174,33,71.92,13.31,2.52
FR,Los Angeles,2012,overall,overall,3,3.81,4.0,3456,2808,381,38,81.25,11.02,1.1
FR,Los Angeles,2012,pell_status,non_pell,1,1.02,3.52,340,233,52,8,68.53,15.29,2.35
FR,Los Angeles,2012,pell_status,non_pell,2,3.52,3.81,742,564,81,13,76.01,10.92,1.75
FR,Los Angeles,2012,pell_status,non_pell,3,3.81,4.0,2248,1894,206,24,84.25,9.16,1.07
FR,Los Angeles,2012,pell_status,pell,1,1.02,3.52,205,107,44,6,52.2,21.46,2.93
FR,Los Angeles,2012,pell_status,pell,2,3.52,3.81,565,376,93,20,66.55,16.46,3.54
FR,Los Angeles,2012,pell_status,pell,3,3.81,4.0,1208,914,175,14,75.66,14.49,1.16
FR,Los Angeles,2013,ethnicity,aian,1,1.21,3.57,7,4,1,0,57.14,14.29,0.0
FR,Los Angeles,2013,ethnicity,aian,2,3.57,3.84,8,4,1,0,50.0,12.5,0.0
FR,Los Angeles,2013,ethnicity,aian,3,3.84,4.0,15,12,1,0,80.0,6.67,0.0
FR,Los Angeles,2013,ethnicity,asian,1,1.21,3.57,105,76,14,3,72.38,13.33,2.86
FR,Los Angeles,2013,ethnicity,asian,2,3.57,3.84,451,350,51,9,77.61,11.31,2.0
FR,Los Angeles,2013,ethnicity,asian,3,3.84,4.0,1365,1175,114,17,86.08,8.35,1.25
FR,Los Angeles,2013,ethnicity,black,1,1.21,3.57,65,33,14,2,50.77,21.54,3.08
FR,Los Angeles,2013,ethnicity,black,2,3.57,3.84,69,45,17,1,65.22,24.64,1.45
FR,Los Angeles,2013,ethnicity,black,3,3.84,4.0,95,64,18,4,67.37,18.95,4.21
FR,Los Angeles,2013,ethnicity,hispanic_latino,1,1.21,3.57,147,85,26,4,57.82,17.69,2.72
FR,Los Angeles,2013,ethnicity,hispanic_latino,2,3.57,3.84,360,234,54,8,65.0,15.0,2.22
FR,Los Angeles,2013,ethnicity,hispanic_latino,3,3.84,4.0,582,446,81,6,76.63,13.92,1.03
FR,Los Angeles,2013,ethnicity,international,1,1.21,3.57,52,36,7,1,69.23,13.46,1.92
FR,Los Angeles,2013,ethnicity,international,2,3.57,3.84,118,90,13,1,76.27,11.02,0.85
FR,Los Angeles,2013,ethnicity,international,3,3.84,4.0,271,210,35,9,77.49,12.92,3.32
FR,Los Angeles,2013,ethnicity,white,1,1.21,3.57,139,96,16,5,69.06,11.51,3.6
FR,Los Angeles,2013,ethnicity,white,2,3.57,3.84,334,284,24,4,85.03,7.19,1.2
FR,Los Angeles,2013,ethnicity,white,3,3.84,4.0,1014,891,66,9,87.87,6.51,0.89
FR,Los Angeles,2013,first_gen_status,first_gen,1,1.21,3.57,212,117,39,5,55.19,18.4,2.36
FR,Los Angeles,2013,first_gen_status,first_gen,2,3.57,3.84,525,350,87,13,66.67,16.57,2.48
FR,Los Angeles,2013,first_gen_status,first_gen,3,3.84,4.0,991,779,122,12,78.61,12.31,1.21
FR,Los Angeles,2013,first_gen_status,not_first_gen,1,1.21,3.57,317,218,43,10,68.77,13.56,3.15
FR,Los Angeles,2013,first_gen_status,not_first_gen,2,3.57,3.84,838,678,72,11,80.91,8.59,1.31
FR,Los Angeles,2013,first_gen_status,not_first_gen,3,3.84,4.0,2438,2096,204,33,85.97,8.37,1.35
FR,Los Angeles,2013,overall,overall,1,1.21,3.57,536,340,83,15,63.43,15.49,2.8
FR,Los Angeles,2013,overall,overall,2,3.57,3.84,1385,1045,162,24,75.45,11.7,1.73
FR,Los Angeles,2013,overall,overall,3,3.84,4.0,3467,2906,327,46,83.82,9.43,1.33
FR,Los Angeles,2013,pell_status,non_pell,1,1.21,3.57,313,209,48,7,66.77,15.34,2.24
FR,Los Angeles,2013,pell_status,non_pell,2,3.57,3.84,797,637,78,11,79.92,9.79,1.38
FR,Los Angeles,2013,pell_status,non_pell,3,3.84,4.0,2223,1923,167,23,86.5,7.51,1.03
FR,Los Angeles,2013,pell_status,pell,1,1.21,3.57,223,131,35,8,58.74,15.7,3.59
FR,Los Angeles,2013,pell_status,pell,2,3.57,3.84,588,408,84,13,69.39,14.29,2.21
FR,Los Angeles,2013,pell_status,pell,3,3.84,4.0,1244,983,160,23,79.02,12.86,1.85
FR,Los Angeles,2014,ethnicity,aian,1,0.25,3.59,3,2,1,0,66.67,33.33,0.0
FR,Los Angeles,2014,ethnicity,aian,2,3.59,3.86,10,8,1,0,80.0,10.0,0.0
FR,Los Angeles,2014,ethnicity,aian,3,3.86,4.0,16,13,1,0,81.25,6.25,0.0
FR,Los Angeles,2014,ethnicity,asian,1,0.25,3.59,115,84,12,2,73.04,10.43,1.74
FR,Los Angeles,2014,ethnicity,asian,2,3.59,3.86,463,382,40,5,82.51,8.64,1.08
FR,Los Angeles,2014,ethnicity,asian,3,3.86,4.0,1351,1177,94,11,87.12,6.96,0.81
FR,Los Angeles,2014,ethnicity,black,1,0.25,3.59,60,30,15,1,50.0,25.0,1.67
FR,Los Angeles,2014,ethnicity,black,2,3.59,3.86,86,61,8,5,70.93,9.3,5.81
FR,Los Angeles,2014,ethnicity,black,3,3.86,4.0,99,78,11,3,78.79,11.11,3.03
FR,Los Angeles,2014,ethnicity,hispanic_latino,1,0.25,3.59,154,99,14,2,64.29,9.09,1.3
FR,Los Angeles,2014,ethnicity,hispanic_latino,2,3.59,3.86,397,280,59,7,70.53,14.86,1.76
FR,Los Angeles,2014,ethnicity,hispanic_latino,3,3.86,4.0,586,439,90,6,74.91,15.36,1.02
FR,Los Angeles,2014,ethnicity,international,1,0.25,3.59,43,35,2,1,81.4,4.65,2.33
FR,Los Angeles,2014,ethnicity,international,2,3.59,3.86,124,95,11,3,76.61,8.87,2.42
FR,Los Angeles,2014,ethnicity,international,3,3.86,4.0,282,221,33,8,78.37,11.7,2.84
FR,Los Angeles,2014,ethnicity,white,1,0.25,3.59,152,112,17,5,73.68,11.18,3.29
FR,Los Angeles,2014,ethnicity,white,2,3.59,3.86,333,284,28,3,85.29,8.41,0.9
FR,Los Angeles,2014,ethnicity,white,3,3.86,4.0,1006,886,55,10,88.07,5.47,0.99
FR,Los Angeles,2014,first_gen_status,first_gen,1,0.25,3.59,208,128,25,3,61.54,12.02,1.44
FR,Los Angeles,2014,first_gen_status,first_gen,2,3.59,3.86,556,415,64,9,74.64,11.51,1.62
FR,Los Angeles,2014,first_gen_status,first_gen,3,3.86,4.0,947,747,110,14,78.88,11.62,1.48
FR,Los Angeles,2014,first_gen_status,not_first_gen,1,0.25,3.59,325,239,34,9,73.54,10.46,2.77
FR,Los Angeles,2014,first_gen_status,not_first_gen,2,3.59,3.86,874,711,81,15,81.35,9.27,1.72
FR,Los Angeles,2014,first_gen_status,not_first_gen,3,3.86,4.0,2459,2119,182,25,86.17,7.4,1.02
FR,Los Angeles,2014,overall,overall,1,0.25,3.59,540,371,61,12,68.7,11.3,2.22
FR,Los Angeles,2014,overall,overall,2,3.59,3.86,1457,1147,151,24,78.72,10.36,1.65
FR,Los Angeles,2014,overall,overall,3,3.86,4.0,3451,2906,295,39,84.21,8.55,1.13
FR,Los Angeles,2014,pell_status,non_pell,1,0.25,3.59,311,232,29,9,74.6,9.32,2.89
FR,Los Angeles,2014,pell_status,non_pell,2,3.59,3.86,843,692,75,9,82.09,8.9,1.07
FR,Los Angeles,2014,pell_status,non_pell,3,3.86,4.0,2324,2015,171,24,86.7,7.36,1.03
FR,Los Angeles,2014,pell_status,pell,1,0.25,3.59,229,139,32,3,60.7,13.97,1.31
FR,Los Angeles,2014,pell_status,pell,2,3.59,3.86,614,455,76,15,74.1,12.38,2.44
FR,Los Angeles,2014,pell_status,pell,3,3.86,4.0,1127,891,124,15,79.06,11.0,1.33
FR,Los Angeles,2015,ethnicity,aian,1,1.0,3.61,3,2,0,0,66.67,0.0,0.0
FR,Los Angeles,2015,ethnicity,aian,2,3.61,3.87,9,9,0,0,100.0,0.0,0.0
FR,Los Angeles,2015,ethnicity,aian,3,3.87,4.0,16,13,2,0,81.25,12.5,0.0
FR,Los Angeles,2015,ethnicity,asian,1,1.0,3.61,133,101,12,0,75.94,9.02,0.0
FR,Los Angeles,2015,ethnicity,asian,2,3.61,3.87,447,372,46,6,83.22,10.29,1.34
FR,Los Angeles,2015,ethnicity,asian,3,3.87,4.0,1324,1171,95,10,88.44,7.18,0.76
FR,Los Angeles,2015,ethnicity,black,1,1.0,3.61,90,51,12,2,56.67,13.33,2.22
FR,Los Angeles,2015,ethnicity,black,2,3.61,3.87,65,45,5,3,69.23,7.69,4.62
FR,Los Angeles,2015,ethnicity,black,3,3.87,4.0,108,83,17,2,76.85,15.74,1.85
FR,Los Angeles,2015,ethnicity,hispanic_latino,1,1.0,3.61,165,95,36,4,57.58,21.82,2.42
FR,Los Angeles,2015,ethnicity,hispanic_latino,2,3.61,3.87,371,268,45,8,72.24,12.13,2.16
FR,Los Angeles,2015,ethnicity,hispanic_latino,3,3.87,4.0,586,460,70,13,78.5,11.95,2.22
FR,Los Angeles,2015,ethnicity,international,1,1.0,3.61,34,30,2,1,88.24,5.88,2.94
FR,Los Angeles,2015,ethnicity,international,2,3.61,3.87,101,77,10,2,76.24,9.9,1.98
FR,Los Angeles,2015,ethnicity,international,3,3.87,4.0,228,191,11,7,83.77,4.82,3.07
FR,Los Angeles,2015,ethnicity,white,1,1.0,3.61,131,98,15,1,74.81,11.45,0.76
FR,Los Angeles,2015,ethnicity,white,2,3.61,3.87,318,274,14,5,86.16,4.4,1.57
FR,Los Angeles,2015,ethnicity,white,3,3.87,4.0,992,895,42,6,90.22,4.23,0.6
FR,Los Angeles,2015,first_gen_status,first_gen,1,1.0,3.61,233,138,38,4,59.23,16.31,1.72
FR,Los Angeles,2015,first_gen_status,first_gen,2,3.61,3.87,511,377,60,11,73.78,11.74,2.15
FR,Los Angeles,2015,first_gen_status,first_gen,3,3.87,4.0,921,753,90,12,81.76,9.77,1.3
FR,Los Angeles,2015,first_gen_status,not_first_gen,1,1.0,3.61,340,244,44,4,71.76,12.94,1.18
FR,Los Angeles,2015,first_gen_status,not_first_gen,2,3.61,3.87,835,698,63,14,83.59,7.54,1.68
FR,Los Angeles,2015,first_gen_status,not_first_gen,3,3.87,4.0,2430,2152,148,28,88.56,6.09,1.15
FR,Los Angeles,2015,overall,overall,1,1.0,3.61,584,391,84,8,66.95,14.38,1.37
FR,Los Angeles,2015,overall,overall,2,3.61,3.87,1355,1083,123,25,79.93,9.08,1.85
FR,Los Angeles,2015,overall,overall,3,3.87,4.0,3389,2937,242,40,86.66,7.14,1.18
FR,Los Angeles,2015,pell_status,non_pell,1,1.0,3.61,304,225,36,2,74.01,11.84,0.66
FR,Los Angeles,2015,pell_status,non_pell,2,3.61,3.87,804,672,66,13,83.58,8.21,1.62
FR,Los Angeles,2015,pell_status,non_pell,3,3.87,4.0,2339,2083,136,24,89.06,5.81,1.03
FR,Los Angeles,2015,pell_status,pell,1,1.0,3.61,280,166,48,6,59.29,17.14,2.14
FR,Los Angeles,2015,pell_status,pell,2,3.61,3.87,551,411,57,12,74.59,10.34,2.18
FR,Los Angeles,2015,pell_status,pell,3,3.87,4.0,1050,854,106,16,81.33,10.1,1.52
FR,Los Angeles,2016,ethnicity,aian,1,0.85,3.59,12,7,0,1,58.33,0.0,8.33
FR,Los Angeles,2016,ethnicity,aian,2,3.59,3.86,6,5,1,0,83.33,16.67,0.0
FR,Los Angeles,2016,ethnicity,aian,3,3.86,4.0,21,18,1,1,85.71,4.76,4.76
FR,Los Angeles,2016,ethnicity,asian,1,0.85,3.59,99,76,15,1,76.77,15.15,1.01
FR,Los Angeles,2016,ethnicity,asian,2,3.59,3.86,474,402,36,4,84.81,7.59,0.84
FR,Los Angeles,2016,ethnicity,asian,3,3.86,4.0,1510,1353,87,6,89.6,5.76,0.4
FR,Los Angeles,2016,ethnicity,black,1,0.85,3.59,80,45,14,2,56.25,17.5,2.5
FR,Los Angeles,2016,ethnicity,black,2,3.59,3.86,138,107,12,2,77.54,8.7,1.45
FR,Los Angeles,2016,ethnicity,black,3,3.86,4.0,157,132,13,0,84.08,8.28,0.0
FR,Los Angeles,2016,ethnicity,hispanic_latino,1,0.85,3.59,195,130,29,3,66.67,14.87,1.54
FR,Los Angeles,2016,ethnicity,hispanic_latino,2,3.59,3.86,502,391,42,7,77.89,8.37,1.39
FR,Los Angeles,2016,ethnicity,hispanic_latino,3,3.86,4.0,768,635,75,4,82.68,9.77,0.52
FR,Los Angeles,2016,ethnicity,international,1,0.85,3.59,35,30,0,0,85.71,0.0,0.0
FR,Los Angeles,2016,ethnicity,international,2,3.59,3.86,87,68,6,5,78.16,6.9,5.75
FR,Los Angeles,2016,ethnicity,international,3,3.86,4.0,326,272,14,6,83.44,4.29,1.84
FR,Los Angeles,2016,ethnicity,white,1,0.85,3.59,121,88,13,3,72.73,10.74,2.48
FR,Los Angeles,2016,ethnicity,white,2,3.59,3.86,321,271,21,1,84.42,6.54,0.31
FR,Los Angeles,2016,ethnicity,white,3,3.86,4.0,1117,1000,56,5,89.53,5.01,0.45
FR,Los Angeles,2016,first_gen_status,first_gen,1,0.85,3.59,270,172,36,8,63.7,13.33,2.96
FR,Los Angeles,2016,first_gen_status,first_gen,2,3.59,3.86,673,523,55,8,77.71,8.17,1.19
FR,Los Angeles,2016,first_gen_status,first_gen,3,3.86,4.0,1095,925,87,5,84.47,7.95,0.46
FR,Los Angeles,2016,first_gen_status,not_first_gen,1,0.85,3.59,284,211,36,3,74.3,12.68,1.06
FR,Los Angeles,2016,first_gen_status,not_first_gen,2,3.59,3.86,866,730,64,12,84.3,7.39,1.39
FR,Los Angeles,2016,first_gen_status,not_first_gen,3,3.86,4.0,2899,2578,164,17,88.93,5.66,0.59
FR,Los Angeles,2016,overall,overall,1,0.85,3.59,564,392,73,11,69.5,12.94,1.95
FR,Los Angeles,2016,overall,overall,2,3.59,3.86,1568,1276,121,20,81.38,7.72,1.28
FR,Los Angeles,2016,overall,overall,3,3.86,4.0,4047,3541,256,23,87.5,6.33,0.57
FR,Los Angeles,2016,pell_status,non_pell,1,0.85,3.59,283,209,32,1,73.85,11.31,0.35
FR,Los Angeles,2016,pell_status,non_pell,2,3.59,3.86,852,725,58,11,85.09,6.81,1.29
FR,Los Angeles,2016,pell_status,non_pell,3,3.86,4.0,2802,2495,156,14,89.04,5.57,0.5
FR,Los Angeles,2016,pell_status,pell,1,0.85,3.59,281,183,41,10,65.12,14.59,3.56
FR,Los Angeles,2016,pell_status,pell,2,3.59,3.86,716,551,63,9,76.96,8.8,1.26
FR,Los Angeles,2016,pell_status,pell,3,3.86,4.0,1245,1046,100,9,84.02,8.03,0.72
FR,Los Angeles,2017,ethnicity,aian,1,0.0,3.63,3,1,1,0,33.33,33.33,0.0
FR,Los Angeles,2017,ethnicity,aian,2,3.63,3.88,9,6,1,0,66.67,11.11,0.0
FR,Los Angeles,2017,ethnicity,aian,3,3.88,4.0,18,15,0,0,83.33,0.0,0.0
FR,Los Angeles,2017,ethnicity,asian,1,0.0,3.63,109,90,6,3,82.57,5.5,2.75
FR,Los Angeles,2017,ethnicity,asian,2,3.63,3.88,372,318,28,3,85.48,7.53,0.81
FR,Los Angeles,2017,ethnicity,asian,3,3.88,4.0,1405,1288,61,11,91.67,4.34,0.78
FR,Los Angeles,2017,ethnicity,black,1,0.0,3.63,86,56,6,1,65.12,6.98,1.16
FR,Los Angeles,2017,ethnicity,black,2,3.63,3.88,107,89,10,0,83.18,9.35,0.0
FR,Los Angeles,2017,ethnicity,black,3,3.88,4.0,122,103,7,0,84.43,5.74,0.0
FR,Los Angeles,2017,ethnicity,hispanic_latino,1,0.0,3.63,180,132,17,3,73.33,9.44,1.67
FR,Los Angeles,2017,ethnicity,hispanic_latino,2,3.63,3.88,456,353,39,6,77.41,8.55,1.32
FR,Los Angeles,2017,ethnicity,hispanic_latino,3,3.88,4.0,673,563,45,6,83.66,6.69,0.89
FR,Los Angeles,2017,ethnicity,international,1,0.0,3.63,48,38,5,0,79.17,10.42,0.0
FR,Los Angeles,2017,ethnicity,international,2,3.63,3.88,80,71,4,2,88.75,5.0,2.5
FR,Los Angeles,2017,ethnicity,international,3,3.88,4.0,243,209,16,2,86.01,6.58,0.82
FR,Los Angeles,2017,ethnicity,white,1,0.0,3.63,137,96,17,8,70.07,12.41,5.84
FR,Los Angeles,2017,ethnicity,white,2,3.63,3.88,326,284,19,0,87.12,5.83,0.0
FR,Los Angeles,2017,ethnicity,white,3,3.88,4.0,1083,971,46,15,89.66,4.25,1.39
FR,Los Angeles,2017,first_gen_status,first_gen,1,0.0,3.63,247,173,23,5,70.04,9.31,2.02
FR,Los Angeles,2017,first_gen_status,first_gen,2,3.63,3.88,557,435,48,6,78.1,8.62,1.08
FR,Los Angeles,2017,first_gen_status,first_gen,3,3.88,4.0,966,825,50,10,85.4,5.18,1.04
FR,Los Angeles,2017,first_gen_status,not_first_gen,1,0.0,3.63,321,245,30,8,76.32,9.35,2.49
FR,Los Angeles,2017,first_gen_status,not_first_gen,2,3.63,3.88,824,709,55,5,86.04,6.67,0.61
FR,Los Angeles,2017,first_gen_status,not_first_gen,3,3.88,4.0,2653,2392,130,23,90.16,4.9,0.87
FR,Los Angeles,2017,overall,overall,1,0.0,3.63,583,426,55,15,73.07,9.43,2.57
FR,Los Angeles,2017,overall,overall,2,3.63,3.88,1409,1169,105,11,82.97,7.45,0.78
FR,Los Angeles,2017,overall,overall,3,3.88,4.0,3670,3263,183,34,88.91,4.99,0.93
FR,Los Angeles,2017,pell_status,non_pell,1,0.0,3.63,311,233,33,7,74.92,10.61,2.25
FR,Los Angeles,2017,pell_status,non_pell,2,3.63,3.88,787,672,48,4,85.39,6.1,0.51
FR,Los Angeles,2017,pell_status,non_pell,3,3.88,4.0,2598,2346,119,25,90.3,4.58,0.96
FR,Los Angeles,2017,pell_status,pell,1,0.0,3.63,272,193,22,8,70.96,8.09,2.94
FR,Los Angeles,2017,pell_status,pell,2,3.63,3.88,622,497,57,7,79.9,9.16,1.13
FR,Los Angeles,2017,pell_status,pell,3,3.88,4.0,1072,917,64,9,85.54,5.97,0.84
FR,Los Angeles,2018,ethnicity,aian,1,0.0,3.68,15,9,2,1,60.0,13.33,6.67
FR,Los Angeles,2018,ethnicity,aian,2,3.68,3.9,9,6,1,0,66.67,11.11,0.0
FR,Los Angeles,2018,ethnicity,aian,3,3.9,4.0,24,20,1,0,83.33,4.17,0.0
FR,Los Angeles,2018,ethnicity,asian,1,0.0,3.68,120,91,10,4,75.83,8.33,3.33
FR,Los Angeles,2018,ethnicity,asian,2,3.68,3.9,389,339,23,2,87.15,5.91,0.51
FR,Los Angeles,2018,ethnicity,asian,3,3.9,4.0,1606,1474,71,10,91.78,4.42,0.62
FR,Los Angeles,2018,ethnicity,black,1,0.0,3.68,93,57,11,3,61.29,11.83,3.23
FR,Los Angeles,2018,ethnicity,black,2,3.68,3.9,99,77,6,3,77.78,6.06,3.03
FR,Los Angeles,2018,ethnicity,black,3,3.9,4.0,143,120,9,2,83.92,6.29,1.4
FR,Los Angeles,2018,ethnicity,hispanic_latino,1,0.0,3.68,193,125,18,2,64.77,9.33,1.04
FR,Los Angeles,2018,ethnicity,hispanic_latino,2,3.68,3.9,324,246,24,9,75.93,7.41,2.78
FR,Los Angeles,2018,ethnicity,hispanic_latino,3,3.9,4.0,665,567,40,4,85.26,6.02,0.6
FR,Los Angeles,2018,ethnicity,international,1,0.0,3.68,49,39,4,0,79.59,8.16,0.0
FR,Los Angeles,2018,ethnicity,international,2,3.68,3.9,83,64,9,4,77.11,10.84,4.82
FR,Los Angeles,2018,ethnicity,international,3,3.9,4.0,260,230,11,4,88.46,4.23,1.54
FR,Los Angeles,2018,ethnicity,white,1,0.0,3.68,141,95,19,3,67.38,13.48,2.13
FR,Los Angeles,2018,ethnicity,white,2,3.68,3.9,284,245,15,3,86.27,5.28,1.06
FR,Los Angeles,2018,ethnicity,white,3,3.9,4.0,1147,1021,63,10,89.01,5.49,0.87
FR,Los Angeles,2018,first_gen_status,first_gen,1,0.0,3.68,265,164,25,4,61.89,9.43,1.51
FR,Los Angeles,2018,first_gen_status,first_gen,2,3.68,3.9,431,325,36,8,75.41,8.35,1.86
FR,Los Angeles,2018,first_gen_status,first_gen,3,3.9,4.0,914,785,53,10,85.89,5.8,1.09
FR,Los Angeles,2018,first_gen_status,not_first_gen,1,0.0,3.68,346,252,36,10,72.83,10.4,2.89
FR,Los Angeles,2018,first_gen_status,not_first_gen,2,3.68,3.9,781,672,41,13,86.04,5.25,1.66
FR,Los Angeles,2018,first_gen_status,not_first_gen,3,3.9,4.0,3045,2753,153,20,90.41,5.02,0.66
FR,Los Angeles,2018,overall,overall,1,0.0,3.68,634,429,66,14,67.67,10.41,2.21
FR,Los Angeles,2018,overall,overall,2,3.68,3.9,1237,1017,80,22,82.22,6.47,1.78
FR,Los Angeles,2018,overall,overall,3,3.9,4.0,4016,3585,211,31,89.27,5.25,0.77
FR,Los Angeles,2018,pell_status,non_pell,1,0.0,3.68,356,255,40,5,71.63,11.24,1.4
FR,Los Angeles,2018,pell_status,non_pell,2,3.68,3.9,762,654,39,12,85.83,5.12,1.57
FR,Los Angeles,2018,pell_status,non_pell,3,3.9,4.0,2915,2636,144,16,90.43,4.94,0.55
FR,Los Angeles,2018,pell_status,pell,1,0.0,3.68,278,174,26,9,62.59,9.35,3.24
FR,Los Angeles,2018,pell_status,pell,2,3.68,3.9,475,363,41,10,76.42,8.63,2.11
FR,Los Angeles,2018,pell_status,pell,3,3.9,4.0,1101,949,67,15,86.19,6.09,1.36
FR,Los Angeles,2019,ethnicity,aian,1,1.38,3.69,11,8,0,1,72.73,0.0,9.09
FR,Los Angeles,2019,ethnicity,aian,2,3.69,3.91,11,8,1,0,72.73,9.09,0.0
FR,Los Angeles,2019,ethnicity,aian,3,3.91,4.0,17,15,0,0,88.24,0.0,0.0
FR,Los Angeles,2019,ethnicity,asian,1,1.38,3.69,94,76,7,1,80.85,7.45,1.06
FR,Los Angeles,2019,ethnicity,asian,2,3.69,3.91,392,347,27,2,88.52,6.89,0.51
FR,Los Angeles,2019,ethnicity,asian,3,3.91,4.0,1598,1480,63,7,92.62,3.94,0.44
FR,Los Angeles,2019,ethnicity,black,1,1.38,3.69,85,54,8,3,63.53,9.41,3.53
FR,Los Angeles,2019,ethnicity,black,2,3.69,3.91,101,72,10,2,71.29,9.9,1.98
FR,Los Angeles,2019,ethnicity,black,3,3.91,4.0,155,127,8,3,81.94,5.16,1.94
FR,Los Angeles,2019,ethnicity,hispanic_latino,1,1.38,3.69,148,108,20,2,72.97,13.51,1.35
FR,Los Angeles,2019,ethnicity,hispanic_latino,2,3.69,3.91,365,280,25,2,76.71,6.85,0.55
FR,Los Angeles,2019,ethnicity,hispanic_latino,3,3.91,4.0,700,596,37,11,85.14,5.29,1.57
FR,Los Angeles,2019,ethnicity,international,1,1.38,3.69,30,23,3,0,76.67,10.0,0.0
FR,Los Angeles,2019,ethnicity,international,2,3.69,3.91,48,41,2,1,85.42,4.17,2.08
FR,Los Angeles,2019,ethnicity,international,3,3.91,4.0,244,209,10,9,85.66,4.1,3.69
FR,Los Angeles,2019,ethnicity,white,1,1.38,3.69,104,80,11,1,76.92,10.58,0.96
FR,Los Angeles,2019,ethnicity,white,2,3.69,3.91,270,226,20,1,83.7,7.41,0.37
FR,Los Angeles,2019,ethnicity,white,3,3.91,4.0,1069,951,57,6,88.96,5.33,0.56
FR,Los Angeles,2019,first_gen_status,first_gen,1,1.38,3.69,190,131,24,3,68.95,12.63,1.58
FR,Los Angeles,2019,first_gen_status,first_gen,2,3.69,3.91,451,350,29,3,77.61,6.43,0.67
FR,Los Angeles,2019,first_gen_status,first_gen,3,3.91,4.0,901,773,39,11,85.79,4.33,1.22
FR,Los Angeles,2019,first_gen_status,not_first_gen,1,1.38,3.69,285,218,26,5,76.49,9.12,1.75
FR,Los Angeles,2019,first_gen_status,not_first_gen,2,3.69,3.91,751,637,55,5,84.82,7.32,0.67
FR,Los Angeles,2019,first_gen_status,not_first_gen,3,3.91,4.0,2956,2666,147,25,90.19,4.97,0.85
FR,Los Angeles,2019,overall,overall,1,1.38,3.69,484,356,51,8,73.55,10.54,1.65
FR,Los Angeles,2019,overall,overall,2,3.69,3.91,1221,1002,86,8,82.06,7.04,0.66
FR,Los Angeles,2019,overall,overall,3,3.91,4.0,3930,3506,188,37,89.21,4.78,0.94
FR,Los Angeles,2019,pell_status,non_pell,1,1.38,3.69,260,202,22,6,77.69,8.46,2.31
FR,Los Angeles,2019,pell_status,non_pell,2,3.69,3.91,711,595,52,5,83.68,7.31,0.7
FR,Los Angeles,2019,pell_status,non_pell,3,3.91,4.0,2864,2575,139,24,89.91,4.85,0.84
FR,Los Angeles,2019,pell_status,pell,1,1.38,3.69,224,154,29,2,68.75,12.95,0.89
FR,Los Angeles,2019,pell_status,pell,2,3.69,3.91,510,407,34,3,79.8,6.67,0.59
FR,Los Angeles,2019,pell_status,pell,3,3.91,4.0,1066,931,49,13,87.34,4.6,1.22
FR,Los Angeles,2020,ethnicity,aian,1,1.1,3.67,3,1,2,0,33.33,66.67,0.0
FR,Los Angeles,2020,ethnicity,aian,2,3.67,3.91,11,10,1,0,90.91,9.09,0.0
FR,Los Angeles,2020,ethnicity,aian,3,3.91,4.0,15,11,0,0,73.33,0.0,0.0
FR,Los Angeles,2020,ethnicity,asian,1,1.1,3.67,115,81,10,0,70.43,8.7,0.0
FR,Los Angeles,2020,ethnicity,asian,2,3.67,3.91,512,464,16,0,90.62,3.12,0.0
FR,Los Angeles,2020,ethnicity,asian,3,3.91,4.0,1844,1710,67,0,92.73,3.63,0.0
FR,Los Angeles,2020,ethnicity,black,1,1.1,3.67,83,50,12,0,60.24,14.46,0.0
FR,Los Angeles,2020,ethnicity,black,2,3.67,3.91,111,85,9,0,76.58,8.11,0.0
FR,Los Angeles,2020,ethnicity,black,3,3.91,4.0,133,106,7,0,79.7,5.26,0.0
FR,Los Angeles,2020,ethnicity,hispanic_latino,1,1.1,3.67,128,88,8,0,68.75,6.25,0.0
FR,Los Angeles,2020,ethnicity,hispanic_latino,2,3.67,3.91,395,313,19,0,79.24,4.81,0.0
FR,Los Angeles,2020,ethnicity,hispanic_latino,3,3.91,4.0,702,608,35,0,86.61,4.99,0.0
FR,Los Angeles,2020,ethnicity,international,1,1.1,3.67,18,16,0,0,88.89,0.0,0.0
FR,Los Angeles,2020,ethnicity,international,2,3.67,3.91,67,54,7,0,80.6,10.45,0.0
FR,Los Angeles,2020,ethnicity,international,3,3.91,4.0,252,214,16,0,84.92,6.35,0.0
FR,Los Angeles,2020,ethnicity,white,1,1.1,3.67,113,67,13,0,59.29,11.5,0.0
FR,Los Angeles,2020,ethnicity,white,2,3.67,3.91,278,245,12,0,88.13,4.32,0.0
FR,Los Angeles,2020,ethnicity,white,3,3.91,4.0,1195,1094,38,0,91.55,3.18,0.0
FR,Los Angeles,2020,first_gen_status,first_gen,1,1.1,3.67,165,102,16,0,61.82,9.7,0.0
FR,Los Angeles,2020,first_gen_status,first_gen,2,3.67,3.91,469,369,29,0,78.68,6.18,0.0
FR,Los Angeles,2020,first_gen_status,first_gen,3,3.91,4.0,864,748,37,0,86.57,4.28,0.0
FR,Los Angeles,2020,first_gen_status,not_first_gen,1,1.1,3.67,295,201,29,0,68.14,9.83,0.0
FR,Los Angeles,2020,first_gen_status,not_first_gen,2,3.67,3.91,914,814,32,0,89.06,3.5,0.0
FR,Los Angeles,2020,first_gen_status,not_first_gen,3,3.91,4.0,3346,3068,125,0,91.69,3.74,0.0
FR,Los Angeles,2020,overall,overall,1,1.1,3.67,472,313,45,0,66.31,9.53,0.0
FR,Los Angeles,2020,overall,overall,2,3.67,3.91,1412,1207,64,0,85.48,4.53,0.0
FR,Los Angeles,2020,overall,overall,3,3.91,4.0,4323,3916,168,0,90.59,3.89,0.0
FR,Los Angeles,2020,pell_status,non_pell,1,1.1,3.67,271,191,21,0,70.48,7.75,0.0
FR,Los Angeles,2020,pell_status,non_pell,2,3.67,3.91,894,793,34,0,88.7,3.8,0.0
FR,Los Angeles,2020,pell_status,non_pell,3,3.91,4.0,3286,2997,126,0,91.21,3.83,0.0
FR,Los Angeles,2020,pell_status,pell,1,1.1,3.67,201,122,24,0,60.7,11.94,0.0
FR,Los Angeles,2020,pell_status,pell,2,3.67,3.91,518,414,30,0,79.92,5.79,0.0
FR,Los Angeles,2020,pell_status,pell,3,3.91,4.0,1037,919,42,0,88.62,4.05,0.0
FR,Los Angeles,2021,ethnicity,aian,1,0.0,3.71,9,2,0,0,22.22,0.0,0.0
FR,Los Angeles,2021,ethnicity,aian,2,3.71,3.92,16,14,0,0,87.5,0.0,0.0
FR,Los Angeles,2021,ethnicity,aian,3,3.92,4.0,21,15,0,0,71.43,0.0,0.0
FR,Los Angeles,2021,ethnicity,asian,1,0.0,3.71,86,70,0,0,81.4,0.0,0.0
FR,Los Angeles,2021,ethnicity,asian,2,3.71,3.92,349,316,0,0,90.54,0.0,0.0
FR,Los Angeles,2021,ethnicity,asian,3,3.92,4.0,1797,1666,0,0,92.71,0.0,0.0
FR,Los Angeles,2021,ethnicity,black,1,0.0,3.71,85,49,0,0,57.65,0.0,0.0
FR,Los Angeles,2021,ethnicity,black,2,3.71,3.92,136,106,0,0,77.94,0.0,0.0
FR,Los Angeles,2021,ethnicity,black,3,3.92,4.0,193,163,0,0,84.46,0.0,0.0
FR,Los Angeles,2021,ethnicity,hispanic_latino,1,0.0,3.71,149,101,0,0,67.79,0.0,0.0
FR,Los Angeles,2021,ethnicity,hispanic_latino,2,3.71,3.92,371,291,0,0,78.44,0.0,0.0
FR,Los Angeles,2021,ethnicity,hispanic_latino,3,3.92,4.0,761,642,0,0,84.36,0.0,0.0
FR,Los Angeles,2021,ethnicity,international,1,0.0,3.71,36,28,0,0,77.78,0.0,0.0
FR,Los Angeles,2021,ethnicity,international,2,3.71,3.92,63,55,0,0,87.3,0.0,0.0
FR,Los Angeles,2021,ethnicity,international,3,3.92,4.0,365,329,0,0,90.14,0.0,0.0
FR,Los Angeles,2021,ethnicity,white,1,0.0,3.71,82,55,0,0,67.07,0.0,0.0
FR,Los Angeles,2021,ethnicity,white,2,3.71,3.92,242,202,0,0,83.47,0.0,0.0
FR,Los Angeles,2021,ethnicity,white,3,3.92,4.0,1358,1228,0,0,90.43,0.0,0.0
FR,Los Angeles,2021,first_gen_status,first_gen,1,0.0,3.71,204,128,0,0,62.75,0.0,0.0
FR,Los Angeles,2021,first_gen_status,first_gen,2,3.71,3.92,452,345,0,0,76.33,0.0,0.0
FR,Los Angeles,2021,first_gen_status,first_gen,3,3.92,4.0,913,787,0,0,86.2,0.0,0.0
FR,Los Angeles,2021,first_gen_status,not_first_gen,1,0.0,3.71,251,176,0,0,70.12,0.0,0.0
FR,Los Angeles,2021,first_gen_status,not_first_gen,2,3.71,3.92,759,659,0,0,86.82,0.0,0.0
FR,Los Angeles,2021,first_gen_status,not_first_gen,3,3.92,4.0,3644,3310,0,0,90.83,0.0,0.0
FR,Los Angeles,2021,overall,overall,1,0.0,3.71,471,315,0,0,66.88,0.0,0.0
FR,Los Angeles,2021,overall,overall,2,3.71,3.92,1230,1019,0,0,82.85,0.0,0.0
FR,Los Angeles,2021,overall,overall,3,3.92,4.0,4662,4191,0,0,89.9,0.0,0.0
FR,Los Angeles,2021,pell_status,non_pell,1,0.0,3.71,246,165,0,0,67.07,0.0,0.0
FR,Los Angeles,2021,pell_status,non_pell,2,3.71,3.92,727,631,0,0,86.8,0.0,0.0
FR,Los Angeles,2021,pell_status,non_pell,3,3.92,4.0,3497,3181,0,0,90.96,0.0,0.0
FR,Los Angeles,2021,pell_status,pell,1,0.0,3.71,225,150,0,0,66.67,0.0,0.0
FR,Los Angeles,2021,pell_status,pell,2,3.71,3.92,503,388,0,0,77.14,0.0,0.0
FR,Los Angeles,2021,pell_status,pell,3,3.92,4.0,1165,1010,0,0,86.7,0.0,0.0
FR,Merced,2010,ethnicity,aian,1,1.75,3.47,8,1,2,2,12.5,25.0,25.0
FR,Merced,2010,ethnicity,aian,3,3.79,4.0,1,0,1,0,0.0,100.0,0.0
FR,Merced,2010,ethnicity,asian,1,1.75,3.47,305,138,71,16,45.25,23.28,5.25
FR,Merced,2010,ethnicity,asian,2,3.47,3.79,77,24,33,2,31.17,42.86,2.6
FR,Merced,2010,ethnicity,asian,3,3.79,4.0,37,22,9,0,59.46,24.32,0.0
FR,Merced,2010,ethnicity,black,1,1.75,3.47,81,27,29,4,33.33,35.8,4.94
FR,Merced,2010,ethnicity,black,2,3.47,3.79,17,5,6,0,29.41,35.29,0.0
FR,Merced,2010,ethnicity,black,3,3.79,4.0,5,3,1,0,60.0,20.0,0.0
FR,Merced,2010,ethnicity,hispanic_latino,1,1.75,3.47,387,129,101,11,33.33,26.1,2.84
FR,Merced,2010,ethnicity,hispanic_latino,2,3.47,3.79,101,45,25,2,44.55,24.75,1.98
FR,Merced,2010,ethnicity,hispanic_latino,3,3.79,4.0,29,9,10,1,31.03,34.48,3.45
FR,Merced,2010,ethnicity,international,1,1.75,3.47,9,1,1,1,11.11,11.11,11.11
FR,Merced,2010,ethnicity,international,2,3.47,3.79,4,1,1,0,25.0,25.0,0.0
FR,Merced,2010,ethnicity,international,3,3.79,4.0,,0,0,0,0.0,0.0,0.0
FR,Merced,2010,ethnicity,white,1,1.75,3.47,157,58,35,11,36.94,22.29,7.01
FR,Merced,2010,ethnicity,white,2,3.47,3.79,48,21,12,3,43.75,25.0,6.25
FR,Merced,2010,ethnicity,white,3,3.79,4.0,22,11,7,1,50.0,31.82,4.55
FR,Merced,2010,first_gen_status,first_gen,1,1.75,3.47,558,181,143,30,32.44,25.63,5.38
FR,Merced,2010,first_gen_status,first_gen,2,3.47,3.79,154,59,39,6,38.31,25.32,3.9
FR,Merced,2010,first_gen_status,first_gen,3,3.79,4.0,65,31,19,1,47.69,29.23,1.54
FR,Merced,2010,first_gen_status,not_first_gen,1,1.75,3.47,386,174,91,14,45.08,23.58,3.63
FR,Merced,2010,first_gen_status,not_first_gen,2,3.47,3.79,94,39,36,2,41.49,38.3,2.13
FR,Merced,2010,first_gen_status,not_first_gen,3,3.79,4.0,30,13,9,1,43.33,30.0,3.33
FR,Merced,2010,overall,overall,1,1.75,3.47,985,372,246,47,37.77,24.97,4.77
FR,Merced,2010,overall,overall,2,3.47,3.79,256,100,79,9,39.06,30.86,3.52
FR,Merced,2010,overall,overall,3,3.79,4.0,97,46,28,2,47.42,28.87,2.06
FR,Merced,2010,pell_status,non_pell,1,1.75,3.47,345,145,76,17,42.03,22.03,4.93
FR,Merced,2010,pell_status,non_pell,2,3.47,3.79,73,27,30,1,36.99,41.1,1.37
FR,Merced,2010,pell_status,non_pell,3,3.79,4.0,28,12,7,0,42.86,25.0,0.0
FR,Merced,2010,pell_status,pell,1,1.75,3.47,640,227,170,30,35.47,26.56,4.69
FR,Merced,2010,pell_status,pell,2,3.47,3.79,183,73,49,8,39.89,26.78,4.37
FR,Merced,2010,pell_status,pell,3,3.79,4.0,69,34,21,2,49.28,30.43,2.9
FR,Merced,2011,ethnicity,aian,1,0.87,3.5,6,3,0,0,50.0,0.0,0.0
FR,Merced,2011,ethnicity,aian,2,3.5,3.8,1,0,0,1,0.0,0.0,100.0
FR,Merced,2011,ethnicity,aian,3,3.8,4.0,1,0,1,0,0.0,100.0,0.0
FR,Merced,2011,ethnicity,asian,1,0.87,3.5,350,136,107,21,38.86,30.57,6.0
FR,Merced,2011,ethnicity,asian,2,3.5,3.8,71,26,29,4,36.62,40.85,5.63
FR,Merced,2011,ethnicity,asian,3,3.8,4.0,19,11,6,1,57.89,31.58,5.26
FR,Merced,2011,ethnicity,black,1,0.87,3.5,115,32,28,6,27.83,24.35,5.22
FR,Merced,2011,ethnicity,black,2,3.5,3.8,22,9,6,0,40.91,27.27,0.0
FR,Merced,2011,ethnicity,black,3,3.8,4.0,5,2,2,0,40.0,40.0,0.0
FR,Merced,2011,ethnicity,hispanic_latino,1,0.87,3.5,448,126,108,18,28.12,24.11,4.02
FR,Merced,2011,ethnicity,hispanic_latino,2,3.5,3.8,128,41,39,5,32.03,30.47,3.91
FR,Merced,2011,ethnicity,hispanic_latino,3,3.8,4.0,34,13,13,1,38.24,38.24,2.94
FR,Merced,2011,ethnicity,international,1,0.87,3.5,6,2,2,0,33.33,33.33,0.0
FR,Merced,2011,ethnicity,international,2,3.5,3.8,2,1,0,0,50.0,0.0,0.0
FR,Merced,2011,ethnicity,white,1,0.87,3.5,151,56,44,9,37.09,29.14,5.96
FR,Merced,2011,ethnicity,white,2,3.5,3.8,34,19,11,1,55.88,32.35,2.94
FR,Merced,2011,ethnicity,white,3,3.8,4.0,17,11,2,2,64.71,11.76,11.76
FR,Merced,2011,first_gen_status,first_gen,1,0.87,3.5,640,198,162,28,30.94,25.31,4.38
FR,Merced,2011,first_gen_status,first_gen,2,3.5,3.8,168,59,51,8,35.12,30.36,4.76
FR,Merced,2011,first_gen_status,first_gen,3,3.8,4.0,51,24,17,1,47.06,33.33,1.96
FR,Merced,2011,first_gen_status,not_first_gen,1,0.87,3.5,429,158,123,23,36.83,28.67,5.36
FR,Merced,2011,first_gen_status,not_first_gen,2,3.5,3.8,87,36,33,2,41.38,37.93,2.3
FR,Merced,2011,first_gen_status,not_first_gen,3,3.8,4.0,24,13,7,2,54.17,29.17,8.33
FR,Merced,2011,overall,overall,1,0.87,3.5,1094,363,293,54,33.18,26.78,4.94
FR,Merced,2011,overall,overall,2,3.5,3.8,259,96,85,11,37.07,32.82,4.25
FR,Merced,2011,overall,overall,3,3.8,4.0,77,37,25,4,48.05,32.47,5.19
FR,Merced,2011,pell_status,non_pell,1,0.87,3.5,399,150,106,20,37.59,26.57,5.01
FR,Merced,2011,pell_status,non_pell,2,3.5,3.8,75,31,30,2,41.33,40.0,2.67
FR,Merced,2011,pell_status,non_pell,3,3.8,4.0,24,14,5,1,58.33,20.83,4.17
FR,Merced,2011,pell_status,pell,1,0.87,3.5,695,213,187,34,30.65,26.91,4.89
FR,Merced,2011,pell_status,pell,2,3.5,3.8,184,65,55,9,35.33,29.89,4.89
FR,Merced,2011,pell_status,pell,3,3.8,4.0,53,23,20,3,43.4,37.74,5.66
FR,Merced,2012,ethnicity,aian,1,1.02,3.52,5,2,2,0,40.0,40.0,0.0
FR,Merced,2012,ethnicity,aian,2,3.52,3.81,2,1,1,0,50.0,50.0,0.0
FR,Merced,2012,ethnicity,aian,3,3.81,4.0,2,1,1,0,50.0,50.0,0.0
FR,Merced,2012,ethnicity,asian,1,1.02,3.52,321,122,93,15,38.01,28.97,4.67
FR,Merced,2012,ethnicity,asian,2,3.52,3.81,65,27,24,5,41.54,36.92,7.69
FR,Merced,2012,ethnicity,asian,3,3.81,4.0,24,9,10,1,37.5,41.67,4.17
FR,Merced,2012,ethnicity,black,1,1.02,3.52,104,45,22,3,43.27,21.15,2.88
FR,Merced,2012,ethnicity,black,2,3.52,3.81,24,11,7,0,45.83,29.17,0.0
FR,Merced,2012,ethnicity,black,3,3.81,4.0,,0,0,0,0.0,0.0,0.0
FR,Merced,2012,ethnicity,hispanic_latino,1,1.02,3.52,532,197,113,20,37.03,21.24,3.76
FR,Merced,2012,ethnicity,hispanic_latino,2,3.52,3.81,98,36,31,5,36.73,31.63,5.1
FR,Merced,2012,ethnicity,hispanic_latino,3,3.81,4.0,38,16,11,2,42.11,28.95,5.26
FR,Merced,2012,ethnicity,international,1,1.02,3.52,38,16,7,2,42.11,18.42,5.26
FR,Merced,2012,ethnicity,international,2,3.52,3.81,8,1,1,0,12.5,12.5,0.0
FR,Merced,2012,ethnicity,international,3,3.81,4.0,5,1,3,0,20.0,60.0,0.0
FR,Merced,2012,ethnicity,white,1,1.02,3.52,139,61,30,6,43.88,21.58,4.32
FR,Merced,2012,ethnicity,white,2,3.52,3.81,40,19,9,3,47.5,22.5,7.5
FR,Merced,2012,ethnicity,white,3,3.81,4.0,13,10,3,0,76.92,23.08,0.0
FR,Merced,2012,first_gen_status,first_gen,1,1.02,3.52,751,276,167,28,36.75,22.24,3.73
FR,Merced,2012,first_gen_status,first_gen,2,3.52,3.81,164,61,50,7,37.2,30.49,4.27
FR,Merced,2012,first_gen_status,first_gen,3,3.81,4.0,63,30,18,2,47.62,28.57,3.17
FR,Merced,2012,first_gen_status,not_first_gen,1,1.02,3.52,389,168,101,18,43.19,25.96,4.63
FR,Merced,2012,first_gen_status,not_first_gen,2,3.52,3.81,80,37,26,5,46.25,32.5,6.25
FR,Merced,2012,first_gen_status,not_first_gen,3,3.81,4.0,21,9,8,1,42.86,38.1,4.76
FR,Merced,2012,overall,overall,1,1.02,3.52,1158,453,270,47,39.12,23.32,4.06
FR,Merced,2012,overall,overall,2,3.52,3.81,248,98,78,14,39.52,31.45,5.65
FR,Merced,2012,overall,overall,3,3.81,4.0,87,39,28,3,44.83,32.18,3.45
FR,Merced,2012,pell_status,non_pell,1,1.02,3.52,376,153,87,10,40.69,23.14,2.66
FR,Merced,2012,pell_status,non_pell,2,3.52,3.81,71,33,21,3,46.48,29.58,4.23
FR,Merced,2012,pell_status,non_pell,3,3.81,4.0,14,5,5,0,35.71,35.71,0.0
FR,Merced,2012,pell_status,pell,1,1.02,3.52,782,300,183,37,38.36,23.4,4.73
FR,Merced,2012,pell_status,pell,2,3.52,3.81,177,65,57,11,36.72,32.2,6.21
FR,Merced,2012,pell_status,pell,3,3.81,4.0,73,34,23,3,46.58,31.51,4.11
FR,Merced,2013,ethnicity,aian,1,1.21,3.57,7,2,2,1,28.57,28.57,14.29
FR,Merced,2013,ethnicity,aian,2,3.57,3.84,2,1,0,0,50.0,0.0,0.0
FR,Merced,2013,ethnicity,asian,1,1.21,3.57,315,147,74,13,46.67,23.49,4.13
FR,Merced,2013,ethnicity,asian,2,3.57,3.84,55,33,15,1,60.0,27.27,1.82
FR,Merced,2013,ethnicity,asian,3,3.84,4.0,18,10,4,0,55.56,22.22,0.0
FR,Merced,2013,ethnicity,black,1,1.21,3.57,90,34,22,1,37.78,24.44,1.11
FR,Merced,2013,ethnicity,black,2,3.57,3.84,8,5,3,0,62.5,37.5,0.0
FR,Merced,2013,ethnicity,black,3,3.84,4.0,4,4,0,0,100.0,0.0,0.0
FR,Merced,2013,ethnicity,hispanic_latino,1,1.21,3.57,663,283,136,28,42.68,20.51,4.22
FR,Merced,2013,ethnicity,hispanic_latino,2,3.57,3.84,110,54,25,1,49.09,22.73,0.91
FR,Merced,2013,ethnicity,hispanic_latino,3,3.84,4.0,52,27,12,3,51.92,23.08,5.77
FR,Merced,2013,ethnicity,international,1,1.21,3.57,76,24,23,2,31.58,30.26,2.63
FR,Merced,2013,ethnicity,international,2,3.57,3.84,13,8,3,0,61.54,23.08,0.0
FR,Merced,2013,ethnicity,international,3,3.84,4.0,5,3,2,0,60.0,40.0,0.0
FR,Merced,2013,ethnicity,white,1,1.21,3.57,142,62,31,7,43.66,21.83,4.93
FR,Merced,2013,ethnicity,white,2,3.57,3.84,36,21,8,1,58.33,22.22,2.78
FR,Merced,2013,ethnicity,white,3,3.84,4.0,16,11,4,0,68.75,25.0,0.0
FR,Merced,2013,first_gen_status,first_gen,1,1.21,3.57,892,383,178,35,42.94,19.96,3.92
FR,Merced,2013,first_gen_status,first_gen,2,3.57,3.84,162,83,41,2,51.23,25.31,1.23
FR,Merced,2013,first_gen_status,first_gen,3,3.84,4.0,76,46,17,3,60.53,22.37,3.95
FR,Merced,2013,first_gen_status,not_first_gen,1,1.21,3.57,398,169,106,17,42.46,26.63,4.27
FR,Merced,2013,first_gen_status,not_first_gen,2,3.57,3.84,68,42,15,1,61.76,22.06,1.47
FR,Merced,2013,first_gen_status,not_first_gen,3,3.84,4.0,19,11,5,0,57.89,26.32,0.0
FR,Merced,2013,overall,overall,1,1.21,3.57,1317,562,293,53,42.67,22.25,4.02
FR,Merced,2013,overall,overall,2,3.57,3.84,232,126,56,3,54.31,24.14,1.29
FR,Merced,2013,overall,overall,3,3.84,4.0,97,57,22,3,58.76,22.68,3.09
FR,Merced,2013,pell_status,non_pell,1,1.21,3.57,438,183,110,14,41.78,25.11,3.2
FR,Merced,2013,pell_status,non_pell,2,3.57,3.84,56,37,11,0,66.07,19.64,0.0
FR,Merced,2013,pell_status,non_pell,3,3.84,4.0,23,12,8,0,52.17,34.78,0.0
FR,Merced,2013,pell_status,pell,1,1.21,3.57,879,379,183,39,43.12,20.82,4.44
FR,Merced,2013,pell_status,pell,2,3.57,3.84,176,89,45,3,50.57,25.57,1.7
FR,Merced,2013,pell_status,pell,3,3.84,4.0,74,45,14,3,60.81,18.92,4.05
FR,Merced,2014,ethnicity,aian,1,0.25,3.59,5,4,1,0,80.0,20.0,0.0
FR,Merced,2014,ethnicity,aian,2,3.59,3.86,4,2,0,0,50.0,0.0,0.0
FR,Merced,2014,ethnicity,aian,3,3.86,4.0,1,1,0,0,100.0,0.0,0.0
FR,Merced,2014,ethnicity,asian,1,0.25,3.59,319,136,86,10,42.63,26.96,3.13
FR,Merced,2014,ethnicity,asian,2,3.59,3.86,81,52,14,3,64.2,17.28,3.7
FR,Merced,2014,ethnicity,asian,3,3.86,4.0,23,15,3,1,65.22,13.04,4.35
FR,Merced,2014,ethnicity,black,1,0.25,3.59,81,38,14,2,46.91,17.28,2.47
FR,Merced,2014,ethnicity,black,2,3.59,3.86,18,7,7,0,38.89,38.89,0.0
FR,Merced,2014,ethnicity,hispanic_latino,1,0.25,3.59,565,242,125,20,42.83,22.12,3.54
FR,Merced,2014,ethnicity,hispanic_latino,2,3.59,3.86,129,63,30,6,48.84,23.26,4.65
FR,Merced,2014,ethnicity,hispanic_latino,3,3.86,4.0,29,18,5,1,62.07,17.24,3.45
FR,Merced,2014,ethnicity,international,1,0.25,3.59,64,27,14,2,42.19,21.88,3.12
FR,Merced,2014,ethnicity,international,2,3.59,3.86,22,15,3,0,68.18,13.64,0.0
FR,Merced,2014,ethnicity,international,3,3.86,4.0,3,2,1,0,66.67,33.33,0.0
FR,Merced,2014,ethnicity,white,1,0.25,3.59,124,50,22,7,40.32,17.74,5.65
FR,Merced,2014,ethnicity,white,2,3.59,3.86,37,16,12,2,43.24,32.43,5.41
FR,Merced,2014,ethnicity,white,3,3.86,4.0,14,7,3,0,50.0,21.43,0.0
FR,Merced,2014,first_gen_status,first_gen,1,0.25,3.59,814,342,172,31,42.01,21.13,3.81
FR,Merced,2014,first_gen_status,first_gen,2,3.59,3.86,191,98,46,7,51.31,24.08,3.66
FR,Merced,2014,first_gen_status,first_gen,3,3.86,4.0,50,31,12,0,62.0,24.0,0.0
FR,Merced,2014,first_gen_status,not_first_gen,1,0.25,3.59,343,162,84,9,47.23,24.49,2.62
FR,Merced,2014,first_gen_status,not_first_gen,2,3.59,3.86,95,53,23,2,55.79,24.21,2.11
FR,Merced,2014,first_gen_status,not_first_gen,3,3.86,4.0,19,11,1,1,57.89,5.26,5.26
FR,Merced,2014,overall,overall,1,0.25,3.59,1179,509,264,42,43.17,22.39,3.56
FR,Merced,2014,overall,overall,2,3.59,3.86,294,155,69,11,52.72,23.47,3.74
FR,Merced,2014,overall,overall,3,3.86,4.0,71,43,13,2,60.56,18.31,2.82
FR,Merced,2014,pell_status,non_pell,1,0.25,3.59,400,173,91,13,43.25,22.75,3.25
FR,Merced,2014,pell_status,non_pell,2,3.59,3.86,101,64,19,2,63.37,18.81,1.98
FR,Merced,2014,pell_status,non_pell,3,3.86,4.0,15,9,3,0,60.0,20.0,0.0
FR,Merced,2014,pell_status,pell,1,0.25,3.59,779,336,173,29,43.13,22.21,3.72
FR,Merced,2014,pell_status,pell,2,3.59,3.86,193,91,50,9,47.15,25.91,4.66
FR,Merced,2014,pell_status,pell,3,3.86,4.0,56,34,10,2,60.71,17.86,3.57
FR,Merced,2015,ethnicity,aian,1,1.0,3.61,3,2,0,0,66.67,0.0,0.0
FR,Merced,2015,ethnicity,aian,2,3.61,3.87,2,0,0,1,0.0,0.0,50.0
FR,Merced,2015,ethnicity,aian,3,3.87,4.0,1,1,0,0,100.0,0.0,0.0
FR,Merced,2015,ethnicity,asian,1,1.0,3.61,340,186,76,8,54.71,22.35,2.35
FR,Merced,2015,ethnicity,asian,2,3.61,3.87,46,27,12,0,58.7,26.09,0.0
FR,Merced,2015,ethnicity,asian,3,3.87,4.0,28,16,7,3,57.14,25.0,10.71
FR,Merced,2015,ethnicity,black,1,1.0,3.61,78,38,9,3,48.72,11.54,3.85
FR,Merced,2015,ethnicity,black,2,3.61,3.87,14,6,4,0,42.86,28.57,0.0
FR,Merced,2015,ethnicity,black,3,3.87,4.0,3,1,2,0,33.33,66.67,0.0
FR,Merced,2015,ethnicity,hispanic_latino,1,1.0,3.61,764,323,167,35,42.28,21.86,4.58
FR,Merced,2015,ethnicity,hispanic_latino,2,3.61,3.87,130,66,34,6,50.77,26.15,4.62
FR,Merced,2015,ethnicity,hispanic_latino,3,3.87,4.0,36,27,3,0,75.0,8.33,0.0
FR,Merced,2015,ethnicity,international,1,1.0,3.61,88,45,15,4,51.14,17.05,4.55
FR,Merced,2015,ethnicity,international,2,3.61,3.87,31,19,8,0,61.29,25.81,0.0
FR,Merced,2015,ethnicity,international,3,3.87,4.0,6,4,1,1,66.67,16.67,16.67
FR,Merced,2015,ethnicity,white,1,1.0,3.61,143,70,29,6,48.95,20.28,4.2
FR,Merced,2015,ethnicity,white,2,3.61,3.87,34,17,8,2,50.0,23.53,5.88
FR,Merced,2015,ethnicity,white,3,3.87,4.0,11,5,4,0,45.45,36.36,0.0
FR,Merced,2015,first_gen_status,first_gen,1,1.0,3.61,1038,461,214,42,44.41,20.62,4.05
FR,Merced,2015,first_gen_status,first_gen,2,3.61,3.87,188,100,47,7,53.19,25.0,3.72
FR,Merced,2015,first_gen_status,first_gen,3,3.87,4.0,60,42,10,2,70.0,16.67,3.33
FR,Merced,2015,first_gen_status,not_first_gen,1,1.0,3.61,375,201,82,13,53.6,21.87,3.47
FR,Merced,2015,first_gen_status,not_first_gen,2,3.61,3.87,67,34,17,3,50.75,25.37,4.48
FR,Merced,2015,first_gen_status,not_first_gen,3,3.87,4.0,26,12,8,2,46.15,30.77,7.69
FR,Merced,2015,overall,overall,1,1.0,3.61,1436,670,299,56,46.66,20.82,3.9
FR,Merced,2015,overall,overall,2,3.61,3.87,261,137,66,10,52.49,25.29,3.83
FR,Merced,2015,overall,overall,3,3.87,4.0,87,55,18,4,63.22,20.69,4.6
FR,Merced,2015,pell_status,non_pell,1,1.0,3.61,448,235,89,16,52.46,19.87,3.57
FR,Merced,2015,pell_status,non_pell,2,3.61,3.87,87,49,19,3,56.32,21.84,3.45
FR,Merced,2015,pell_status,non_pell,3,3.87,4.0,22,12,7,1,54.55,31.82,4.55
FR,Merced,2015,pell_status,pell,1,1.0,3.61,988,435,210,40,44.03,21.26,4.05
FR,Merced,2015,pell_status,pell,2,3.61,3.87,174,88,47,7,50.57,27.01,4.02
FR,Merced,2015,pell_status,pell,3,3.87,4.0,65,43,11,3,66.15,16.92,4.62
FR,Merced,2016,ethnicity,aian,1,0.85,3.59,3,1,0,0,33.33,0.0,0.0
FR,Merced,2016,ethnicity,aian,2,3.59,3.86,1,1,0,0,100.0,0.0,0.0
FR,Merced,2016,ethnicity,asian,1,0.85,3.59,323,163,85,14,50.46,26.32,4.33
FR,Merced,2016,ethnicity,asian,2,3.59,3.86,68,44,12,1,64.71,17.65,1.47
FR,Merced,2016,ethnicity,asian,3,3.86,4.0,21,14,3,0,66.67,14.29,0.0
FR,Merced,2016,ethnicity,black,1,0.85,3.59,135,61,29,7,45.19,21.48,5.19
FR,Merced,2016,ethnicity,black,2,3.59,3.86,18,11,4,0,61.11,22.22,0.0
FR,Merced,2016,ethnicity,black,3,3.86,4.0,3,2,0,0,66.67,0.0,0.0
FR,Merced,2016,ethnicity,hispanic_latino,1,0.85,3.59,909,369,174,33,40.59,19.14,3.63
FR,Merced,2016,ethnicity,hispanic_latino,2,3.59,3.86,144,62,35,2,43.06,24.31,1.39
FR,Merced,2016,ethnicity,hispanic_latino,3,3.86,4.0,41,28,4,0,68.29,9.76,0.0
FR,Merced,2016,ethnicity,international,1,0.85,3.59,131,56,24,3,42.75,18.32,2.29
FR,Merced,2016,ethnicity,international,2,3.59,3.86,20,12,3,0,60.0,15.0,0.0
FR,Merced,2016,ethnicity,international,3,3.86,4.0,9,7,0,2,77.78,0.0,22.22
FR,Merced,2016,ethnicity,white,1,0.85,3.59,131,48,31,7,36.64,23.66,5.34
FR,Merced,2016,ethnicity,white,2,3.59,3.86,40,13,14,0,32.5,35.0,0.0
FR,Merced,2016,ethnicity,white,3,3.86,4.0,17,15,1,0,88.24,5.88,0.0
FR,Merced,2016,first_gen_status,first_gen,1,0.85,3.59,1277,541,249,42,42.36,19.5,3.29
FR,Merced,2016,first_gen_status,first_gen,2,3.59,3.86,211,99,48,3,46.92,22.75,1.42
FR,Merced,2016,first_gen_status,first_gen,3,3.86,4.0,74,58,4,1,78.38,5.41,1.35
FR,Merced,2016,first_gen_status,not_first_gen,1,0.85,3.59,330,147,82,19,44.55,24.85,5.76
FR,Merced,2016,first_gen_status,not_first_gen,2,3.59,3.86,71,42,17,0,59.15,23.94,0.0
FR,Merced,2016,first_gen_status,not_first_gen,3,3.86,4.0,17,8,5,1,47.06,29.41,5.88
FR,Merced,2016,overall,overall,1,0.85,3.59,1659,708,349,64,42.68,21.04,3.86
FR,Merced,2016,overall,overall,2,3.59,3.86,293,145,68,3,49.49,23.21,1.02
FR,Merced,2016,overall,overall,3,3.86,4.0,93,67,9,2,72.04,9.68,2.15
FR,Merced,2016,pell_status,non_pell,1,0.85,3.59,479,194,100,22,40.5,20.88,4.59
FR,Merced,2016,pell_status,non_pell,2,3.59,3.86,90,42,20,0,46.67,22.22,0.0
FR,Merced,2016,pell_status,non_pell,3,3.86,4.0,25,18,2,2,72.0,8.0,8.0
FR,Merced,2016,pell_status,pell,1,0.85,3.59,1180,514,249,42,43.56,21.1,3.56
FR,Merced,2016,pell_status,pell,2,3.59,3.86,203,103,48,3,50.74,23.65,1.48
FR,Merced,2016,pell_status,pell,3,3.86,4.0,68,49,7,0,72.06,10.29,0.0
FR,Merced,2017,ethnicity,aian,1,0.0,3.63,10,2,3,0,20.0,30.0,0.0
FR,Merced,2017,ethnicity,aian,2,3.63,3.88,2,1,0,0,50.0,0.0,0.0
FR,Merced,2017,ethnicity,aian,3,3.88,4.0,1,0,1,0,0.0,100.0,0.0
FR,Merced,2017,ethnicity,asian,1,0.0,3.63,341,186,77,10,54.55,22.58,2.93
FR,Merced,2017,ethnicity,asian,2,3.63,3.88,60,41,7,2,68.33,11.67,3.33
FR,Merced,2017,ethnicity,asian,3,3.88,4.0,33,24,7,1,72.73,21.21,3.03
FR,Merced,2017,ethnicity,black,1,0.0,3.63,143,62,27,6,43.36,18.88,4.2
FR,Merced,2017,ethnicity,black,2,3.63,3.88,14,8,2,0,57.14,14.29,0.0
FR,Merced,2017,ethnicity,black,3,3.88,4.0,2,0,2,0,0.0,100.0,0.0
FR,Merced,2017,ethnicity,hispanic_latino,1,0.0,3.63,1049,474,189,29,45.19,18.02,2.76
FR,Merced,2017,ethnicity,hispanic_latino,2,3.63,3.88,165,87,26,5,52.73,15.76,3.03
FR,Merced,2017,ethnicity,hispanic_latino,3,3.88,4.0,61,43,8,1,70.49,13.11,1.64
FR,Merced,2017,ethnicity,international,1,0.0,3.63,146,68,34,5,46.58,23.29,3.42
FR,Merced,2017,ethnicity,international,2,3.63,3.88,21,12,2,1,57.14,9.52,4.76
FR,Merced,2017,ethnicity,international,3,3.88,4.0,12,10,2,0,83.33,16.67,0.0
FR,Merced,2017,ethnicity,white,1,0.0,3.63,141,70,27,8,49.65,19.15,5.67
FR,Merced,2017,ethnicity,white,2,3.63,3.88,36,21,2,1,58.33,5.56,2.78
FR,Merced,2017,ethnicity,white,3,3.88,4.0,15,13,0,0,86.67,0.0,0.0
FR,Merced,2017,first_gen_status,first_gen,1,0.0,3.63,1408,659,264,43,46.8,18.75,3.05
FR,Merced,2017,first_gen_status,first_gen,2,3.63,3.88,224,125,29,5,55.8,12.95,2.23
FR,Merced,2017,first_gen_status,first_gen,3,3.88,4.0,90,65,14,1,72.22,15.56,1.11
FR,Merced,2017,first_gen_status,not_first_gen,1,0.0,3.63,406,198,89,14,48.77,21.92,3.45
FR,Merced,2017,first_gen_status,not_first_gen,2,3.63,3.88,77,45,10,3,58.44,12.99,3.9
FR,Merced,2017,first_gen_status,not_first_gen,3,3.88,4.0,35,25,7,1,71.43,20.0,2.86
FR,Merced,2017,overall,overall,1,0.0,3.63,1854,873,363,58,47.09,19.58,3.13
FR,Merced,2017,overall,overall,2,3.63,3.88,307,173,41,9,56.35,13.36,2.93
FR,Merced,2017,overall,overall,3,3.88,4.0,126,91,21,2,72.22,16.67,1.59
FR,Merced,2017,pell_status,non_pell,1,0.0,3.63,535,248,107,21,46.36,20.0,3.93
FR,Merced,2017,pell_status,non_pell,2,3.63,3.88,87,48,12,3,55.17,13.79,3.45
FR,Merced,2017,pell_status,non_pell,3,3.88,4.0,41,32,5,0,78.05,12.2,0.0
FR,Merced,2017,pell_status,pell,1,0.0,3.63,1319,625,256,37,47.38,19.41,2.81
FR,Merced,2017,pell_status,pell,2,3.63,3.88,220,125,29,6,56.82,13.18,2.73
FR,Merced,2017,pell_status,pell,3,3.88,4.0,85,59,16,2,69.41,18.82,2.35
FR,Merced,2018,ethnicity,aian,1,0.0,3.68,9,3,1,0,33.33,11.11,0.0
FR,Merced,2018,ethnicity,aian,2,3.68,3.9,1,1,0,0,100.0,0.0,0.0
FR,Merced,2018,ethnicity,asian,1,0.0,3.68,359,223,49,12,62.12,13.65,3.34
FR,Merced,2018,ethnicity,asian,2,3.68,3.9,70,52,11,3,74.29,15.71,4.29
FR,Merced,2018,ethnicity,asian,3,3.9,4.0,28,19,3,0,67.86,10.71,0.0
FR,Merced,2018,ethnicity,black,1,0.0,3.68,124,58,19,5,46.77,15.32,4.03
FR,Merced,2018,ethnicity,black,2,3.68,3.9,13,4,3,1,30.77,23.08,7.69
FR,Merced,2018,ethnicity,black,3,3.9,4.0,9,6,2,0,66.67,22.22,0.0
FR,Merced,2018,ethnicity,hispanic_latino,1,0.0,3.68,996,479,165,27,48.09,16.57,2.71
FR,Merced,2018,ethnicity,hispanic_latino,2,3.68,3.9,149,76,31,1,51.01,20.81,0.67
FR,Merced,2018,ethnicity,hispanic_latino,3,3.9,4.0,69,45,9,1,65.22,13.04,1.45
FR,Merced,2018,ethnicity,international,1,0.0,3.68,147,66,32,1,44.9,21.77,0.68
FR,Merced,2018,ethnicity,international,2,3.68,3.9,24,9,6,2,37.5,25.0,8.33
FR,Merced,2018,ethnicity,international,3,3.9,4.0,4,1,1,1,25.0,25.0,25.0
FR,Merced,2018,ethnicity,white,1,0.0,3.68,121,62,20,6,51.24,16.53,4.96
FR,Merced,2018,ethnicity,white,2,3.68,3.9,29,19,1,0,65.52,3.45,0.0
FR,Merced,2018,ethnicity,white,3,3.9,4.0,20,15,3,0,75.0,15.0,0.0
FR,Merced,2018,first_gen_status,first_gen,1,0.0,3.68,1342,657,227,37,48.96,16.92,2.76
FR,Merced,2018,first_gen_status,first_gen,2,3.68,3.9,205,109,43,6,53.17,20.98,2.93
FR,Merced,2018,first_gen_status,first_gen,3,3.9,4.0,91,59,14,2,64.84,15.38,2.2
FR,Merced,2018,first_gen_status,not_first_gen,1,0.0,3.68,411,235,62,14,57.18,15.09,3.41
FR,Merced,2018,first_gen_status,not_first_gen,2,3.68,3.9,82,54,9,1,65.85,10.98,1.22
FR,Merced,2018,first_gen_status,not_first_gen,3,3.9,4.0,34,25,4,0,73.53,11.76,0.0
FR,Merced,2018,overall,overall,1,0.0,3.68,1790,908,294,53,50.73,16.42,2.96
FR,Merced,2018,overall,overall,2,3.68,3.9,290,165,52,7,56.9,17.93,2.41
FR,Merced,2018,overall,overall,3,3.9,4.0,131,87,18,2,66.41,13.74,1.53
FR,Merced,2018,pell_status,non_pell,1,0.0,3.68,554,284,88,9,51.26,15.88,1.62
FR,Merced,2018,pell_status,non_pell,2,3.68,3.9,90,49,16,2,54.44,17.78,2.22
FR,Merced,2018,pell_status,non_pell,3,3.9,4.0,39,27,5,1,69.23,12.82,2.56
FR,Merced,2018,pell_status,pell,1,0.0,3.68,1236,624,206,44,50.49,16.67,3.56
FR,Merced,2018,pell_status,pell,2,3.68,3.9,200,116,36,5,58.0,18.0,2.5
FR,Merced,2018,pell_status,pell,3,3.9,4.0,92,60,13,1,65.22,14.13,1.09
FR,Merced,2019,ethnicity,aian,1,1.38,3.69,4,2,1,0,50.0,25.0,0.0
FR,Merced,2019,ethnicity,aian,3,3.91,4.0,1,1,0,0,100.0,0.0,0.0
FR,Merced,2019,ethnicity,asian,1,1.38,3.69,357,224,46,20,62.75,12.89,5.6
FR,Merced,2019,ethnicity,asian,2,3.69,3.91,61,39,7,2,63.93,11.48,3.28
FR,Merced,2019,ethnicity,asian,3,3.91,4.0,22,15,2,0,68.18,9.09,0.0
FR,Merced,2019,ethnicity,black,1,1.38,3.69,121,54,14,3,44.63,11.57,2.48
FR,Merced,2019,ethnicity,black,2,3.69,3.91,8,5,0,0,62.5,0.0,0.0
FR,Merced,2019,ethnicity,black,3,3.91,4.0,3,3,0,0,100.0,0.0,0.0
FR,Merced,2019,ethnicity,hispanic_latino,1,1.38,3.69,1012,489,149,32,48.32,14.72,3.16
FR,Merced,2019,ethnicity,hispanic_latino,2,3.69,3.91,130,85,12,6,65.38,9.23,4.62
FR,Merced,2019,ethnicity,hispanic_latino,3,3.91,4.0,51,31,10,0,60.78,19.61,0.0
FR,Merced,2019,ethnicity,international,1,1.38,3.69,126,55,20,6,43.65,15.87,4.76
FR,Merced,2019,ethnicity,international,2,3.69,3.91,25,12,6,0,48.0,24.0,0.0
FR,Merced,2019,ethnicity,international,3,3.91,4.0,4,1,2,0,25.0,50.0,0.0
FR,Merced,2019,ethnicity,white,1,1.38,3.69,103,58,17,4,56.31,16.5,3.88
FR,Merced,2019,ethnicity,white,2,3.69,3.91,20,15,0,1,75.0,0.0,5.0
FR,Merced,2019,ethnicity,white,3,3.91,4.0,22,13,2,0,59.09,9.09,0.0
FR,Merced,2019,first_gen_status,first_gen,1,1.38,3.69,1334,651,201,47,48.8,15.07,3.52
FR,Merced,2019,first_gen_status,first_gen,2,3.69,3.91,180,107,22,9,59.44,12.22,5.0
FR,Merced,2019,first_gen_status,first_gen,3,3.91,4.0,66,40,11,0,60.61,16.67,0.0
FR,Merced,2019,first_gen_status,not_first_gen,1,1.38,3.69,391,226,55,18,57.8,14.07,4.6
FR,Merced,2019,first_gen_status,not_first_gen,2,3.69,3.91,58,44,2,1,75.86,3.45,1.72
FR,Merced,2019,first_gen_status,not_first_gen,3,3.91,4.0,32,21,4,0,65.62,12.5,0.0
FR,Merced,2019,overall,overall,1,1.38,3.69,1753,891,259,66,50.83,14.77,3.76
FR,Merced,2019,overall,overall,2,3.69,3.91,247,158,25,10,63.97,10.12,4.05
FR,Merced,2019,overall,overall,3,3.91,4.0,103,64,16,0,62.14,15.53,0.0
FR,Merced,2019,pell_status,non_pell,1,1.38,3.69,526,279,81,18,53.04,15.4,3.42
FR,Merced,2019,pell_status,non_pell,2,3.69,3.91,71,49,6,2,69.01,8.45,2.82
FR,Merced,2019,pell_status,non_pell,3,3.91,4.0,31,19,3,0,61.29,9.68,0.0
FR,Merced,2019,pell_status,pell,1,1.38,3.69,1227,612,178,48,49.88,14.51,3.91
FR,Merced,2019,pell_status,pell,2,3.69,3.91,176,109,19,8,61.93,10.8,4.55
FR,Merced,2019,pell_status,pell,3,3.91,4.0,72,45,13,0,62.5,18.06,0.0
FR,Merced,2020,ethnicity,aian,1,1.1,3.67,7,4,0,0,57.14,0.0,0.0
FR,Merced,2020,ethnicity,aian,2,3.67,3.91,1,1,0,0,100.0,0.0,0.0
FR,Merced,2020,ethnicity,aian,3,3.91,4.0,1,1,0,0,100.0,0.0,0.0
FR,Merced,2020,ethnicity,asian,1,1.1,3.67,241,123,45,0,51.04,18.67,0.0
FR,Merced,2020,ethnicity,asian,2,3.67,3.91,57,32,12,0,56.14,21.05,0.0
FR,Merced,2020,ethnicity,asian,3,3.91,4.0,16,9,1,0,56.25,6.25,0.0
FR,Merced,2020,ethnicity,black,1,1.1,3.67,129,50,22,0,38.76,17.05,0.0
FR,Merced,2020,ethnicity,black,2,3.67,3.91,17,9,0,0,52.94,0.0,0.0
FR,Merced,2020,ethnicity,black,3,3.91,4.0,3,3,0,0,100.0,0.0,0.0
FR,Merced,2020,ethnicity,hispanic_latino,1,1.1,3.67,966,410,120,0,42.44,12.42,0.0
FR,Merced,2020,ethnicity,hispanic_latino,2,3.67,3.91,168,109,14,0,64.88,8.33,0.0
FR,Merced,2020,ethnicity,hispanic_latino,3,3.91,4.0,61,43,5,0,70.49,8.2,0.0
FR,Merced,2020,ethnicity,international,1,1.1,3.67,105,42,12,0,40.0,11.43,0.0
FR,Merced,2020,ethnicity,international,2,3.67,3.91,12,6,5,0,50.0,41.67,0.0
FR,Merced,2020,ethnicity,international,3,3.91,4.0,5,4,0,0,80.0,0.0,0.0
FR,Merced,2020,ethnicity,white,1,1.1,3.67,93,41,13,0,44.09,13.98,0.0
FR,Merced,2020,ethnicity,white,2,3.67,3.91,22,14,3,0,63.64,13.64,0.0
FR,Merced,2020,ethnicity,white,3,3.91,4.0,14,6,1,0,42.86,7.14,0.0
FR,Merced,2020,first_gen_status,first_gen,1,1.1,3.67,1196,525,150,0,43.9,12.54,0.0
FR,Merced,2020,first_gen_status,first_gen,2,3.67,3.91,198,122,26,0,61.62,13.13,0.0
FR,Merced,2020,first_gen_status,first_gen,3,3.91,4.0,82,56,7,0,68.29,8.54,0.0
FR,Merced,2020,first_gen_status,not_first_gen,1,1.1,3.67,343,149,59,0,43.44,17.2,0.0
FR,Merced,2020,first_gen_status,not_first_gen,2,3.67,3.91,83,52,8,0,62.65,9.64,0.0
FR,Merced,2020,first_gen_status,not_first_gen,3,3.91,4.0,19,11,0,0,57.89,0.0,0.0
FR,Merced,2020,overall,overall,1,1.1,3.67,1566,684,214,0,43.68,13.67,0.0
FR,Merced,2020,overall,overall,2,3.67,3.91,283,176,34,0,62.19,12.01,0.0
FR,Merced,2020,overall,overall,3,3.91,4.0,101,67,7,0,66.34,6.93,0.0
FR,Merced,2020,pell_status,non_pell,1,1.1,3.67,460,196,62,0,42.61,13.48,0.0
FR,Merced,2020,pell_status,non_pell,2,3.67,3.91,84,51,11,0,60.71,13.1,0.0
FR,Merced,2020,pell_status,non_pell,3,3.91,4.0,27,19,1,0,70.37,3.7,0.0
FR,Merced,2020,pell_status,pell,1,1.1,3.67,1106,488,152,0,44.12,13.74,0.0
FR,Merced,2020,pell_status,pell,2,3.67,3.91,199,125,23,0,62.81,11.56,0.0
FR,Merced,2020,pell_status,pell,3,3.91,4.0,74,48,6,0,64.86,8.11,0.0
FR,Merced,2021,ethnicity,aian,1,0.0,3.71,1,1,0,0,100.0,0.0,0.0
FR,Merced,2021,ethnicity,aian,2,3.71,3.92,2,1,0,0,50.0,0.0,0.0
FR,Merced,2021,ethnicity,asian,1,0.0,3.71,486,285,0,0,58.64,0.0,0.0
FR,Merced,2021,ethnicity,asian,2,3.71,3.92,76,43,0,0,56.58,0.0,0.0
FR,Merced,2021,ethnicity,asian,3,3.92,4.0,31,25,0,0,80.65,0.0,0.0
FR,Merced,2021,ethnicity,black,1,0.0,3.71,171,82,0,0,47.95,0.0,0.0
FR,Merced,2021,ethnicity,black,2,3.71,3.92,11,4,0,0,36.36,0.0,0.0
FR,Merced,2021,ethnicity,black,3,3.92,4.0,4,3,0,0,75.0,0.0,0.0
FR,Merced,2021,ethnicity,hispanic_latino,1,0.0,3.71,1086,450,0,0,41.44,0.0,0.0
FR,Merced,2021,ethnicity,hispanic_latino,2,3.71,3.92,133,88,0,0,66.17,0.0,0.0
FR,Merced,2021,ethnicity,hispanic_latino,3,3.92,4.0,72,51,0,0,70.83,0.0,0.0
FR,Merced,2021,ethnicity,international,1,0.0,3.71,68,27,0,0,39.71,0.0,0.0
FR,Merced,2021,ethnicity,international,2,3.71,3.92,10,5,0,0,50.0,0.0,0.0
FR,Merced,2021,ethnicity,international,3,3.92,4.0,1,1,0,0,100.0,0.0,0.0
FR,Merced,2021,ethnicity,white,1,0.0,3.71,172,82,0,0,47.67,0.0,0.0
FR,Merced,2021,ethnicity,white,2,3.71,3.92,22,14,0,0,63.64,0.0,0.0
FR,Merced,2021,ethnicity,white,3,3.92,4.0,20,14,0,0,70.0,0.0,0.0
FR,Merced,2021,first_gen_status,first_gen,1,0.0,3.71,1294,562,0,0,43.43,0.0,0.0
FR,Merced,2021,first_gen_status,first_gen,2,3.71,3.92,176,106,0,0,60.23,0.0,0.0
FR,Merced,2021,first_gen_status,first_gen,3,3.92,4.0,81,58,0,0,71.6,0.0,0.0
FR,Merced,2021,first_gen_status,not_first_gen,1,0.0,3.71,696,367,0,0,52.73,0.0,0.0
FR,Merced,2021,first_gen_status,not_first_gen,2,3.71,3.92,83,52,0,0,62.65,0.0,0.0
FR,Merced,2021,first_gen_status,not_first_gen,3,3.92,4.0,47,37,0,0,78.72,0.0,0.0
FR,Merced,2021,overall,overall,1,0.0,3.71,2015,944,0,0,46.85,0.0,0.0
FR,Merced,2021,overall,overall,2,3.71,3.92,262,159,0,0,60.69,0.0,0.0
FR,Merced,2021,overall,overall,3,3.92,4.0,130,96,0,0,73.85,0.0,0.0
FR,Merced,2021,pell_status,non_pell,1,0.0,3.71,700,357,0,0,51.0,0.0,0.0
FR,Merced,2021,pell_status,non_pell,2,3.71,3.92,87,48,0,0,55.17,0.0,0.0
FR,Merced,2021,pell_status,non_pell,3,3.92,4.0,34,27,0,0,79.41,0.0,0.0
FR,Merced,2021,pell_status,pell,1,0.0,3.71,1315,587,0,0,44.64,0.0,0.0
FR,Merced,2021,pell_status,pell,2,3.71,3.92,175,111,0,0,63.43,0.0,0.0
FR,Merced,2021,pell_status,pell,3,3.92,4.0,96,69,0,0,71.88,0.0,0.0
FR,Riverside,2010,ethnicity,aian,1,1.75,3.47,13,6,3,1,46.15,23.08,7.69
FR,Riverside,2010,ethnicity,aian,2,3.47,3.79,5,2,3,0,40.0,60.0,0.0
FR,Riverside,2010,ethnicity,aian,3,3.79,4.0,2,1,0,1,50.0,0.0,50.0
FR,Riverside,2010,ethnicity,asian,1,1.75,3.47,1443,759,346,44,52.6,23.98,3.05
FR,Riverside,2010,ethnicity,asian,2,3.47,3.79,277,168,59,9,60.65,21.3,3.25
FR,Riverside,2010,ethnicity,asian,3,3.79,4.0,69,46,12,1,66.67,17.39,1.45
FR,Riverside,2010,ethnicity,black,1,1.75,3.47,229,85,62,7,37.12,27.07,3.06
FR,Riverside,2010,ethnicity,black,2,3.47,3.79,58,27,7,1,46.55,12.07,1.72
FR,Riverside,2010,ethnicity,black,3,3.79,4.0,11,8,1,0,72.73,9.09,0.0
FR,Riverside,2010,ethnicity,hispanic_latino,1,1.75,3.47,1156,467,282,45,40.4,24.39,3.89
FR,Riverside,2010,ethnicity,hispanic_latino,2,3.47,3.79,329,136,101,9,41.34,30.7,2.74
FR,Riverside,2010,ethnicity,hispanic_latino,3,3.79,4.0,94,53,27,0,56.38,28.72,0.0
FR,Riverside,2010,ethnicity,international,1,1.75,3.47,35,14,4,1,40.0,11.43,2.86
FR,Riverside,2010,ethnicity,international,2,3.47,3.79,10,5,2,0,50.0,20.0,0.0
FR,Riverside,2010,ethnicity,international,3,3.79,4.0,2,0,1,0,0.0,50.0,0.0
FR,Riverside,2010,ethnicity,white,1,1.75,3.47,408,195,89,19,47.79,21.81,4.66
FR,Riverside,2010,ethnicity,white,2,3.47,3.79,117,62,24,5,52.99,20.51,4.27
FR,Riverside,2010,ethnicity,white,3,3.79,4.0,59,39,11,0,66.1,18.64,0.0
FR,Riverside,2010,first_gen_status,first_gen,1,1.75,3.47,1873,817,456,67,43.62,24.35,3.58
FR,Riverside,2010,first_gen_status,first_gen,2,3.47,3.79,459,212,125,16,46.19,27.23,3.49
FR,Riverside,2010,first_gen_status,first_gen,3,3.79,4.0,146,87,34,1,59.59,23.29,0.68
FR,Riverside,2010,first_gen_status,not_first_gen,1,1.75,3.47,1369,680,326,54,49.67,23.81,3.94
FR,Riverside,2010,first_gen_status,not_first_gen,2,3.47,3.79,320,179,71,7,55.94,22.19,2.19
FR,Riverside,2010,first_gen_status,not_first_gen,3,3.79,4.0,91,58,18,1,63.74,19.78,1.1
FR,Riverside,2010,overall,overall,1,1.75,3.47,3398,1573,820,125,46.29,24.13,3.68
FR,Riverside,2010,overall,overall,2,3.47,3.79,824,416,204,25,50.49,24.76,3.03
FR,Riverside,2010,overall,overall,3,3.79,4.0,247,151,55,3,61.13,22.27,1.21
FR,Riverside,2010,pell_status,non_pell,1,1.75,3.47,1198,572,265,47,47.75,22.12,3.92
FR,Riverside,2010,pell_status,non_pell,2,3.47,3.79,284,155,63,7,54.58,22.18,2.46
FR,Riverside,2010,pell_status,non_pell,3,3.79,4.0,89,51,20,1,57.3,22.47,1.12
FR,Riverside,2010,pell_status,pell,1,1.75,3.47,2200,1001,555,78,45.5,25.23,3.55
FR,Riverside,2010,pell_status,pell,2,3.47,3.79,540,261,141,18,48.33,26.11,3.33
FR,Riverside,2010,pell_status,pell,3,3.79,4.0,158,100,35,2,63.29,22.15,1.27
FR,Riverside,2011,ethnicity,aian,1,0.87,3.5,7,2,3,0,28.57,42.86,0.0
FR,Riverside,2011,ethnicity,aian,2,3.5,3.8,,0,0,0,0.0,0.0,0.0
FR,Riverside,2011,ethnicity,aian,3,3.8,4.0,2,2,0,0,100.0,0.0,0.0
FR,Riverside,2011,ethnicity,asian,1,0.87,3.5,1066,638,205,26,59.85,19.23,2.44
FR,Riverside,2011,ethnicity,asian,2,3.5,3.8,266,179,43,4,67.29,16.17,1.5
FR,Riverside,2011,ethnicity,asian,3,3.8,4.0,64,46,11,1,71.88,17.19,1.56
FR,Riverside,2011,ethnicity,black,1,0.87,3.5,166,75,39,9,45.18,23.49,5.42
FR,Riverside,2011,ethnicity,black,2,3.5,3.8,53,28,9,2,52.83,16.98,3.77
FR,Riverside,2011,ethnicity,black,3,3.8,4.0,10,6,3,0,60.0,30.0,0.0
FR,Riverside,2011,ethnicity,hispanic_latino,1,0.87,3.5,1023,498,205,33,48.68,20.04,3.23
FR,Riverside,2011,ethnicity,hispanic_latino,2,3.5,3.8,305,158,69,5,51.8,22.62,1.64
FR,Riverside,2011,ethnicity,hispanic_latino,3,3.8,4.0,99,59,22,2,59.6,22.22,2.02
FR,Riverside,2011,ethnicity,international,1,0.87,3.5,46,16,6,2,34.78,13.04,4.35
FR,Riverside,2011,ethnicity,international,2,3.5,3.8,9,5,1,0,55.56,11.11,0.0
FR,Riverside,2011,ethnicity,international,3,3.8,4.0,4,1,3,0,25.0,75.0,0.0
FR,Riverside,2011,ethnicity,white,1,0.87,3.5,287,145,63,5,50.52,21.95,1.74
FR,Riverside,2011,ethnicity,white,2,3.5,3.8,115,64,28,4,55.65,24.35,3.48
FR,Riverside,2011,ethnicity,white,3,3.8,4.0,66,42,11,0,63.64,16.67,0.0
FR,Riverside,2011,first_gen_status,first_gen,1,0.87,3.5,1555,780,319,52,50.16,20.51,3.34
FR,Riverside,2011,first_gen_status,first_gen,2,3.5,3.8,459,244,104,11,53.16,22.66,2.4
FR,Riverside,2011,first_gen_status,first_gen,3,3.8,4.0,140,83,31,2,59.29,22.14,1.43
FR,Riverside,2011,first_gen_status,not_first_gen,1,0.87,3.5,1027,591,194,22,57.55,18.89,2.14
FR,Riverside,2011,first_gen_status,not_first_gen,2,3.5,3.8,292,189,48,4,64.73,16.44,1.37
FR,Riverside,2011,first_gen_status,not_first_gen,3,3.8,4.0,100,71,18,1,71.0,18.0,1.0
FR,Riverside,2011,overall,overall,1,0.87,3.5,2635,1393,530,77,52.87,20.11,2.92
FR,Riverside,2011,overall,overall,2,3.5,3.8,760,438,154,15,57.63,20.26,1.97
FR,Riverside,2011,overall,overall,3,3.8,4.0,249,158,51,3,63.45,20.48,1.2
FR,Riverside,2011,pell_status,non_pell,1,0.87,3.5,886,508,148,20,57.34,16.7,2.26
FR,Riverside,2011,pell_status,non_pell,2,3.5,3.8,249,155,45,2,62.25,18.07,0.8
FR,Riverside,2011,pell_status,non_pell,3,3.8,4.0,100,69,20,0,69.0,20.0,0.0
FR,Riverside,2011,pell_status,pell,1,0.87,3.5,1749,885,382,57,50.6,21.84,3.26
FR,Riverside,2011,pell_status,pell,2,3.5,3.8,511,283,109,13,55.38,21.33,2.54
FR,Riverside,2011,pell_status,pell,3,3.8,4.0,149,89,31,3,59.73,20.81,2.01
FR,Riverside,2012,ethnicity,aian,1,1.02,3.52,8,1,0,0,12.5,0.0,0.0
FR,Riverside,2012,ethnicity,aian,2,3.52,3.81,1,1,0,0,100.0,0.0,0.0
FR,Riverside,2012,ethnicity,aian,3,3.81,4.0,2,2,0,0,100.0,0.0,0.0
FR,Riverside,2012,ethnicity,asian,1,1.02,3.52,1332,794,244,37,59.61,18.32,2.78
FR,Riverside,2012,ethnicity,asian,2,3.52,3.81,243,173,37,8,71.19,15.23,3.29
FR,Riverside,2012,ethnicity,asian,3,3.81,4.0,52,36,9,1,69.23,17.31,1.92
FR,Riverside,2012,ethnicity,black,1,1.02,3.52,210,99,35,9,47.14,16.67,4.29
FR,Riverside,2012,ethnicity,black,2,3.52,3.81,51,28,12,0,54.9,23.53,0.0
FR,Riverside,2012,ethnicity,black,3,3.81,4.0,11,6,5,0,54.55,45.45,0.0
FR,Riverside,2012,ethnicity,hispanic_latino,1,1.02,3.52,998,519,193,27,52.0,19.34,2.71
FR,Riverside,2012,ethnicity,hispanic_latino,2,3.52,3.81,317,192,50,15,60.57,15.77,4.73
FR,Riverside,2012,ethnicity,hispanic_latino,3,3.81,4.0,94,59,17,2,62.77,18.09,2.13
FR,Riverside,2012,ethnicity,international,1,1.02,3.52,92,39,5,5,42.39,5.43,5.43
FR,Riverside,2012,ethnicity,international,2,3.52,3.81,23,10,3,1,43.48,13.04,4.35
FR,Riverside,2012,ethnicity,international,3,3.81,4.0,13,9,0,0,69.23,0.0,0.0
FR,Riverside,2012,ethnicity,white,1,1.02,3.52,356,197,52,12,55.34,14.61,3.37
FR,Riverside,2012,ethnicity,white,2,3.52,3.81,97,52,15,2,53.61,15.46,2.06
FR,Riverside,2012,ethnicity,white,3,3.81,4.0,50,38,6,2,76.0,12.0,4.0
FR,Riverside,2012,first_gen_status,first_gen,1,1.02,3.52,1657,884,312,43,53.35,18.83,2.6
FR,Riverside,2012,first_gen_status,first_gen,2,3.52,3.81,443,272,75,19,61.4,16.93,4.29
FR,Riverside,2012,first_gen_status,first_gen,3,3.81,4.0,112,76,24,0,67.86,21.43,0.0
FR,Riverside,2012,first_gen_status,not_first_gen,1,1.02,3.52,1311,743,219,45,56.67,16.7,3.43
FR,Riverside,2012,first_gen_status,not_first_gen,2,3.52,3.81,286,180,45,7,62.94,15.73,2.45
FR,Riverside,2012,first_gen_status,not_first_gen,3,3.81,4.0,103,71,13,5,68.93,12.62,4.85
FR,Riverside,2012,overall,overall,1,1.02,3.52,3043,1666,539,94,54.75,17.71,3.09
FR,Riverside,2012,overall,overall,2,3.52,3.81,746,465,120,26,62.33,16.09,3.49
FR,Riverside,2012,overall,overall,3,3.81,4.0,225,153,37,5,68.0,16.44,2.22
FR,Riverside,2012,pell_status,non_pell,1,1.02,3.52,1115,642,161,36,57.58,14.44,3.23
FR,Riverside,2012,pell_status,non_pell,2,3.52,3.81,275,172,35,7,62.55,12.73,2.55
FR,Riverside,2012,pell_status,non_pell,3,3.81,4.0,84,58,7,3,69.05,8.33,3.57
FR,Riverside,2012,pell_status,pell,1,1.02,3.52,1928,1024,378,58,53.11,19.61,3.01
FR,Riverside,2012,pell_status,pell,2,3.52,3.81,471,293,85,19,62.21,18.05,4.03
FR,Riverside,2012,pell_status,pell,3,3.81,4.0,141,95,30,2,67.38,21.28,1.42
FR,Riverside,2013,ethnicity,aian,1,1.21,3.57,8,3,2,0,37.5,25.0,0.0
FR,Riverside,2013,ethnicity,aian,2,3.57,3.84,5,2,0,0,40.0,0.0,0.0
FR,Riverside,2013,ethnicity,aian,3,3.84,4.0,2,2,0,0,100.0,0.0,0.0
FR,Riverside,2013,ethnicity,asian,1,1.21,3.57,1511,942,248,41,62.34,16.41,2.71
FR,Riverside,2013,ethnicity,asian,2,3.57,3.84,218,142,43,3,65.14,19.72,1.38
FR,Riverside,2013,ethnicity,asian,3,3.84,4.0,59,38,5,2,64.41,8.47,3.39
FR,Riverside,2013,ethnicity,black,1,1.21,3.57,186,85,39,9,45.7,20.97,4.84
FR,Riverside,2013,ethnicity,black,2,3.57,3.84,37,16,11,2,43.24,29.73,5.41
FR,Riverside,2013,ethnicity,black,3,3.84,4.0,9,5,0,0,55.56,0.0,0.0
FR,Riverside,2013,ethnicity,hispanic_latino,1,1.21,3.57,1100,571,207,40,51.91,18.82,3.64
FR,Riverside,2013,ethnicity,hispanic_latino,2,3.57,3.84,239,128,59,10,53.56,24.69,4.18
FR,Riverside,2013,ethnicity,hispanic_latino,3,3.84,4.0,95,57,16,2,60.0,16.84,2.11
FR,Riverside,2013,ethnicity,international,1,1.21,3.57,114,56,17,0,49.12,14.91,0.0
FR,Riverside,2013,ethnicity,international,2,3.57,3.84,29,13,4,0,44.83,13.79,0.0
FR,Riverside,2013,ethnicity,international,3,3.84,4.0,20,17,0,1,85.0,0.0,5.0
FR,Riverside,2013,ethnicity,white,1,1.21,3.57,339,179,54,17,52.8,15.93,5.01
FR,Riverside,2013,ethnicity,white,2,3.57,3.84,88,61,10,4,69.32,11.36,4.55
FR,Riverside,2013,ethnicity,white,3,3.84,4.0,32,20,5,1,62.5,15.62,3.12
FR,Riverside,2013,first_gen_status,first_gen,1,1.21,3.57,1812,1005,312,57,55.46,17.22,3.15
FR,Riverside,2013,first_gen_status,first_gen,2,3.57,3.84,345,183,80,11,53.04,23.19,3.19
FR,Riverside,2013,first_gen_status,first_gen,3,3.84,4.0,134,76,20,5,56.72,14.93,3.73
FR,Riverside,2013,first_gen_status,not_first_gen,1,1.21,3.57,1452,835,257,47,57.51,17.7,3.24
FR,Riverside,2013,first_gen_status,not_first_gen,2,3.57,3.84,273,175,49,9,64.1,17.95,3.3
FR,Riverside,2013,first_gen_status,not_first_gen,3,3.84,4.0,84,64,6,1,76.19,7.14,1.19
FR,Riverside,2013,overall,overall,1,1.21,3.57,3322,1871,577,108,56.32,17.37,3.25
FR,Riverside,2013,overall,overall,2,3.57,3.84,628,366,130,20,58.28,20.7,3.18
FR,Riverside,2013,overall,overall,3,3.84,4.0,223,144,27,6,64.57,12.11,2.69
FR,Riverside,2013,pell_status,non_pell,1,1.21,3.57,1262,712,215,37,56.42,17.04,2.93
FR,Riverside,2013,pell_status,non_pell,2,3.57,3.84,247,165,38,6,66.8,15.38,2.43
FR,Riverside,2013,pell_status,non_pell,3,3.84,4.0,74,54,4,2,72.97,5.41,2.7
FR,Riverside,2013,pell_status,pell,1,1.21,3.57,2060,1159,362,71,56.26,17.57,3.45
FR,Riverside,2013,pell_status,pell,2,3.57,3.84,381,201,92,14,52.76,24.15,3.67
FR,Riverside,2013,pell_status,pell,3,3.84,4.0,149,90,23,4,60.4,15.44,2.68
FR,Riverside,2014,ethnicity,aian,1,0.25,3.59,11,3,5,0,27.27,45.45,0.0
FR,Riverside,2014,ethnicity,aian,2,3.59,3.86,6,3,1,0,50.0,16.67,0.0
FR,Riverside,2014,ethnicity,aian,3,3.86,4.0,1,1,0,0,100.0,0.0,0.0
FR,Riverside,2014,ethnicity,asian,1,0.25,3.59,1436,990,197,25,68.94,13.72,1.74
FR,Riverside,2014,ethnicity,asian,2,3.59,3.86,301,228,36,5,75.75,11.96,1.66
FR,Riverside,2014,ethnicity,asian,3,3.86,4.0,65,48,7,1,73.85,10.77,1.54
FR,Riverside,2014,ethnicity,black,1,0.25,3.59,174,96,28,5,55.17,16.09,2.87
FR,Riverside,2014,ethnicity,black,2,3.59,3.86,51,27,7,1,52.94,13.73,1.96
FR,Riverside,2014,ethnicity,black,3,3.86,4.0,10,7,3,0,70.0,30.0,0.0
FR,Riverside,2014,ethnicity,hispanic_latino,1,0.25,3.59,1020,557,155,26,54.61,15.2,2.55
FR,Riverside,2014,ethnicity,hispanic_latino,2,3.59,3.86,287,187,34,8,65.16,11.85,2.79
FR,Riverside,2014,ethnicity,hispanic_latino,3,3.86,4.0,83,64,7,2,77.11,8.43,2.41
FR,Riverside,2014,ethnicity,international,1,0.25,3.59,136,72,13,7,52.94,9.56,5.15
FR,Riverside,2014,ethnicity,international,2,3.59,3.86,46,25,7,1,54.35,15.22,2.17
FR,Riverside,2014,ethnicity,international,3,3.86,4.0,21,7,3,0,33.33,14.29,0.0
FR,Riverside,2014,ethnicity,white,1,0.25,3.59,355,225,45,11,63.38,12.68,3.1
FR,Riverside,2014,ethnicity,white,2,3.59,3.86,117,89,11,1,76.07,9.4,0.85
FR,Riverside,2014,ethnicity,white,3,3.86,4.0,58,49,3,0,84.48,5.17,0.0
FR,Riverside,2014,first_gen_status,first_gen,1,0.25,3.59,1776,1043,267,41,58.73,15.03,2.31
FR,Riverside,2014,first_gen_status,first_gen,2,3.59,3.86,453,294,55,11,64.9,12.14,2.43
FR,Riverside,2014,first_gen_status,first_gen,3,3.86,4.0,128,92,15,2,71.88,11.72,1.56
FR,Riverside,2014,first_gen_status,not_first_gen,1,0.25,3.59,1364,909,178,33,66.64,13.05,2.42
FR,Riverside,2014,first_gen_status,not_first_gen,2,3.59,3.86,352,262,40,5,74.43,11.36,1.42
FR,Riverside,2014,first_gen_status,not_first_gen,3,3.86,4.0,111,88,8,1,79.28,7.21,0.9
FR,Riverside,2014,overall,overall,1,0.25,3.59,3186,1974,453,77,61.96,14.22,2.42
FR,Riverside,2014,overall,overall,2,3.59,3.86,822,567,97,16,68.98,11.8,1.95
FR,Riverside,2014,overall,overall,3,3.86,4.0,243,181,23,3,74.49,9.47,1.23
FR,Riverside,2014,pell_status,non_pell,1,0.25,3.59,1276,828,161,26,64.89,12.62,2.04
FR,Riverside,2014,pell_status,non_pell,2,3.59,3.86,356,250,38,6,70.22,10.67,1.69
FR,Riverside,2014,pell_status,non_pell,3,3.86,4.0,116,88,6,1,75.86,5.17,0.86
FR,Riverside,2014,pell_status,pell,1,0.25,3.59,1910,1146,292,51,60.0,15.29,2.67
FR,Riverside,2014,pell_status,pell,2,3.59,3.86,466,317,59,10,68.03,12.66,2.15
FR,Riverside,2014,pell_status,pell,3,3.86,4.0,127,93,17,2,73.23,13.39,1.57
FR,Riverside,2015,ethnicity,aian,1,1.0,3.61,10,6,2,0,60.0,20.0,0.0
FR,Riverside,2015,ethnicity,aian,2,3.61,3.87,2,1,0,0,50.0,0.0,0.0
FR,Riverside,2015,ethnicity,aian,3,3.87,4.0,2,1,0,0,50.0,0.0,0.0
FR,Riverside,2015,ethnicity,asian,1,1.0,3.61,1429,975,189,33,68.23,13.23,2.31
FR,Riverside,2015,ethnicity,asian,2,3.61,3.87,238,183,20,10,76.89,8.4,4.2
FR,Riverside,2015,ethnicity,asian,3,3.87,4.0,43,34,4,1,79.07,9.3,2.33
FR,Riverside,2015,ethnicity,black,1,1.0,3.61,157,75,31,3,47.77,19.75,1.91
FR,Riverside,2015,ethnicity,black,2,3.61,3.87,37,21,8,0,56.76,21.62,0.0
FR,Riverside,2015,ethnicity,black,3,3.87,4.0,8,5,3,0,62.5,37.5,0.0
FR,Riverside,2015,ethnicity,hispanic_latino,1,1.0,3.61,1101,620,153,43,56.31,13.9,3.91
FR,Riverside,2015,ethnicity,hispanic_latino,2,3.61,3.87,266,174,31,8,65.41,11.65,3.01
FR,Riverside,2015,ethnicity,hispanic_latino,3,3.87,4.0,87,62,12,2,71.26,13.79,2.3
FR,Riverside,2015,ethnicity,international,1,1.0,3.61,63,35,6,0,55.56,9.52,0.0
FR,Riverside,2015,ethnicity,international,2,3.61,3.87,11,8,1,0,72.73,9.09,0.0
FR,Riverside,2015,ethnicity,international,3,3.87,4.0,11,8,2,0,72.73,18.18,0.0
FR,Riverside,2015,ethnicity,white,1,1.0,3.61,317,178,45,10,56.15,14.2,3.15
FR,Riverside,2015,ethnicity,white,2,3.61,3.87,98,57,16,2,58.16,16.33,2.04
FR,Riverside,2015,ethnicity,white,3,3.87,4.0,44,32,5,1,72.73,11.36,2.27
FR,Riverside,2015,first_gen_status,first_gen,1,1.0,3.61,1668,961,236,54,57.61,14.15,3.24
FR,Riverside,2015,first_gen_status,first_gen,2,3.61,3.87,352,228,44,9,64.77,12.5,2.56
FR,Riverside,2015,first_gen_status,first_gen,3,3.87,4.0,114,80,18,2,70.18,15.79,1.75
FR,Riverside,2015,first_gen_status,not_first_gen,1,1.0,3.61,1425,941,189,34,66.04,13.26,2.39
FR,Riverside,2015,first_gen_status,not_first_gen,2,3.61,3.87,304,219,30,11,72.04,9.87,3.62
FR,Riverside,2015,first_gen_status,not_first_gen,3,3.87,4.0,86,66,8,2,76.74,9.3,2.33
FR,Riverside,2015,overall,overall,1,1.0,3.61,3141,1931,433,90,61.48,13.79,2.87
FR,Riverside,2015,overall,overall,2,3.61,3.87,667,456,76,20,68.37,11.39,3.0
FR,Riverside,2015,overall,overall,3,3.87,4.0,200,146,26,4,73.0,13.0,2.0
FR,Riverside,2015,pell_status,non_pell,1,1.0,3.61,1306,862,155,32,66.0,11.87,2.45
FR,Riverside,2015,pell_status,non_pell,2,3.61,3.87,266,194,23,8,72.93,8.65,3.01
FR,Riverside,2015,pell_status,non_pell,3,3.87,4.0,73,56,7,1,76.71,9.59,1.37
FR,Riverside,2015,pell_status,pell,1,1.0,3.61,1835,1069,278,58,58.26,15.15,3.16
FR,Riverside,2015,pell_status,pell,2,3.61,3.87,401,262,53,12,65.34,13.22,2.99
FR,Riverside,2015,pell_status,pell,3,3.87,4.0,127,90,19,3,70.87,14.96,2.36
FR,Riverside,2016,ethnicity,aian,1,0.85,3.59,11,4,2,0,36.36,18.18,0.0
FR,Riverside,2016,ethnicity,aian,2,3.59,3.86,4,1,0,0,25.0,0.0,0.0
FR,Riverside,2016,ethnicity,aian,3,3.86,4.0,1,1,0,0,100.0,0.0,0.0
FR,Riverside,2016,ethnicity,asian,1,0.85,3.59,1485,1044,177,24,70.3,11.92,1.62
FR,Riverside,2016,ethnicity,asian,2,3.59,3.86,246,184,26,4,74.8,10.57,1.63
FR,Riverside,2016,ethnicity,asian,3,3.86,4.0,56,46,2,0,82.14,3.57,0.0
FR,Riverside,2016,ethnicity,black,1,0.85,3.59,264,133,36,10,50.38,13.64,3.79
FR,Riverside,2016,ethnicity,black,2,3.59,3.86,52,35,7,0,67.31,13.46,0.0
FR,Riverside,2016,ethnicity,black,3,3.86,4.0,6,5,0,0,83.33,0.0,0.0
FR,Riverside,2016,ethnicity,hispanic_latino,1,0.85,3.59,1871,1076,244,49,57.51,13.04,2.62
FR,Riverside,2016,ethnicity,hispanic_latino,2,3.59,3.86,454,299,52,6,65.86,11.45,1.32
FR,Riverside,2016,ethnicity,hispanic_latino,3,3.86,4.0,131,88,9,2,67.18,6.87,1.53
FR,Riverside,2016,ethnicity,international,1,0.85,3.59,96,53,8,0,55.21,8.33,0.0
FR,Riverside,2016,ethnicity,international,2,3.59,3.86,16,9,1,1,56.25,6.25,6.25
FR,Riverside,2016,ethnicity,international,3,3.86,4.0,10,6,2,0,60.0,20.0,0.0
FR,Riverside,2016,ethnicity,white,1,0.85,3.59,370,223,56,8,60.27,15.14,2.16
FR,Riverside,2016,ethnicity,white,2,3.59,3.86,134,82,20,2,61.19,14.93,1.49
FR,Riverside,2016,ethnicity,white,3,3.86,4.0,35,30,3,0,85.71,8.57,0.0
FR,Riverside,2016,first_gen_status,first_gen,1,0.85,3.59,2584,1573,321,55,60.87,12.42,2.13
FR,Riverside,2016,first_gen_status,first_gen,2,3.59,3.86,571,379,66,8,66.37,11.56,1.4
FR,Riverside,2016,first_gen_status,first_gen,3,3.86,4.0,157,109,15,1,69.43,9.55,0.64
FR,Riverside,2016,first_gen_status,not_first_gen,1,0.85,3.59,1511,956,202,36,63.27,13.37,2.38
FR,Riverside,2016,first_gen_status,not_first_gen,2,3.59,3.86,337,232,39,6,68.84,11.57,1.78
FR,Riverside,2016,first_gen_status,not_first_gen,3,3.86,4.0,85,69,1,1,81.18,1.18,1.18
FR,Riverside,2016,overall,overall,1,0.85,3.59,4172,2573,533,94,61.67,12.78,2.25
FR,Riverside,2016,overall,overall,2,3.59,3.86,921,620,108,14,67.32,11.73,1.52
FR,Riverside,2016,overall,overall,3,3.86,4.0,243,179,16,2,73.66,6.58,0.82
FR,Riverside,2016,pell_status,non_pell,1,0.85,3.59,1582,993,210,28,62.77,13.27,1.77
FR,Riverside,2016,pell_status,non_pell,2,3.59,3.86,334,226,34,4,67.66,10.18,1.2
FR,Riverside,2016,pell_status,non_pell,3,3.86,4.0,102,80,3,0,78.43,2.94,0.0
FR,Riverside,2016,pell_status,pell,1,0.85,3.59,2590,1580,323,66,61.0,12.47,2.55
FR,Riverside,2016,pell_status,pell,2,3.59,3.86,587,394,74,10,67.12,12.61,1.7
FR,Riverside,2016,pell_status,pell,3,3.86,4.0,141,99,13,2,70.21,9.22,1.42
FR,Riverside,2017,ethnicity,aian,1,0.0,3.63,12,3,4,0,25.0,33.33,0.0
FR,Riverside,2017,ethnicity,aian,2,3.63,3.88,2,2,0,0,100.0,0.0,0.0
FR,Riverside,2017,ethnicity,asian,1,0.0,3.63,1515,1135,127,32,74.92,8.38,2.11
FR,Riverside,2017,ethnicity,asian,2,3.63,3.88,265,211,18,3,79.62,6.79,1.13
FR,Riverside,2017,ethnicity,asian,3,3.88,4.0,51,43,2,1,84.31,3.92,1.96
FR,Riverside,2017,ethnicity,black,1,0.0,3.63,192,100,31,5,52.08,16.15,2.6
FR,Riverside,2017,ethnicity,black,2,3.63,3.88,55,35,8,1,63.64,14.55,1.82
FR,Riverside,2017,ethnicity,black,3,3.88,4.0,11,8,1,1,72.73,9.09,9.09
FR,Riverside,2017,ethnicity,hispanic_latino,1,0.0,3.63,1292,771,138,34,59.67,10.68,2.63
FR,Riverside,2017,ethnicity,hispanic_latino,2,3.63,3.88,394,252,41,4,63.96,10.41,1.02
FR,Riverside,2017,ethnicity,hispanic_latino,3,3.88,4.0,105,75,6,1,71.43,5.71,0.95
FR,Riverside,2017,ethnicity,international,1,0.0,3.63,92,41,8,3,44.57,8.7,3.26
FR,Riverside,2017,ethnicity,international,2,3.63,3.88,18,13,0,0,72.22,0.0,0.0
FR,Riverside,2017,ethnicity,international,3,3.88,4.0,4,4,0,0,100.0,0.0,0.0
FR,Riverside,2017,ethnicity,white,1,0.0,3.63,356,208,49,12,58.43,13.76,3.37
FR,Riverside,2017,ethnicity,white,2,3.63,3.88,89,59,10,1,66.29,11.24,1.12
FR,Riverside,2017,ethnicity,white,3,3.88,4.0,42,36,1,0,85.71,2.38,0.0
FR,Riverside,2017,first_gen_status,first_gen,1,0.0,3.63,1888,1198,190,45,63.45,10.06,2.38
FR,Riverside,2017,first_gen_status,first_gen,2,3.63,3.88,461,301,45,4,65.29,9.76,0.87
FR,Riverside,2017,first_gen_status,first_gen,3,3.88,4.0,105,77,4,2,73.33,3.81,1.9
FR,Riverside,2017,first_gen_status,not_first_gen,1,0.0,3.63,1562,1058,162,42,67.73,10.37,2.69
FR,Riverside,2017,first_gen_status,not_first_gen,2,3.63,3.88,354,263,32,5,74.29,9.04,1.41
FR,Riverside,2017,first_gen_status,not_first_gen,3,3.88,4.0,109,89,6,1,81.65,5.5,0.92
FR,Riverside,2017,overall,overall,1,0.0,3.63,3522,2299,362,87,65.28,10.28,2.47
FR,Riverside,2017,overall,overall,2,3.63,3.88,831,576,78,9,69.31,9.39,1.08
FR,Riverside,2017,overall,overall,3,3.88,4.0,218,170,10,3,77.98,4.59,1.38
FR,Riverside,2017,pell_status,non_pell,1,0.0,3.63,1486,977,143,33,65.75,9.62,2.22
FR,Riverside,2017,pell_status,non_pell,2,3.63,3.88,364,257,31,3,70.6,8.52,0.82
FR,Riverside,2017,pell_status,non_pell,3,3.88,4.0,102,89,1,1,87.25,0.98,0.98
FR,Riverside,2017,pell_status,pell,1,0.0,3.63,2036,1322,219,54,64.93,10.76,2.65
FR,Riverside,2017,pell_status,pell,2,3.63,3.88,467,319,47,6,68.31,10.06,1.28
FR,Riverside,2017,pell_status,pell,3,3.88,4.0,116,81,9,2,69.83,7.76,1.72
FR,Riverside,2018,ethnicity,asian,1,0.0,3.68,1568,1170,146,24,74.62,9.31,1.53
FR,Riverside,2018,ethnicity,asian,2,3.68,3.9,286,225,23,2,78.67,8.04,0.7
FR,Riverside,2018,ethnicity,asian,3,3.9,4.0,79,62,5,3,78.48,6.33,3.8
FR,Riverside,2018,ethnicity,black,1,0.0,3.68,164,86,12,8,52.44,7.32,4.88
FR,Riverside,2018,ethnicity,black,2,3.68,3.9,43,21,6,0,48.84,13.95,0.0
FR,Riverside,2018,ethnicity,black,3,3.9,4.0,16,13,0,1,81.25,0.0,6.25
FR,Riverside,2018,ethnicity,hispanic_latino,1,0.0,3.68,1231,726,129,32,58.98,10.48,2.6
FR,Riverside,2018,ethnicity,hispanic_latino,2,3.68,3.9,324,211,33,5,65.12,10.19,1.54
FR,Riverside,2018,ethnicity,hispanic_latino,3,3.9,4.0,125,89,9,4,71.2,7.2,3.2
FR,Riverside,2018,ethnicity,international,1,0.0,3.68,91,54,5,1,59.34,5.49,1.1
FR,Riverside,2018,ethnicity,international,2,3.68,3.9,10,8,1,0,80.0,10.0,0.0
FR,Riverside,2018,ethnicity,international,3,3.9,4.0,12,8,0,1,66.67,0.0,8.33
FR,Riverside,2018,ethnicity,white,1,0.0,3.68,314,197,44,6,62.74,14.01,1.91
FR,Riverside,2018,ethnicity,white,2,3.68,3.9,101,68,9,2,67.33,8.91,1.98
FR,Riverside,2018,ethnicity,white,3,3.9,4.0,45,33,4,2,73.33,8.89,4.44
FR,Riverside,2018,first_gen_status,first_gen,1,0.0,3.68,1864,1168,182,42,62.66,9.76,2.25
FR,Riverside,2018,first_gen_status,first_gen,2,3.68,3.9,434,286,45,6,65.9,10.37,1.38
FR,Riverside,2018,first_gen_status,first_gen,3,3.9,4.0,170,124,12,5,72.94,7.06,2.94
FR,Riverside,2018,first_gen_status,not_first_gen,1,0.0,3.68,1514,1060,161,31,70.01,10.63,2.05
FR,Riverside,2018,first_gen_status,not_first_gen,2,3.68,3.9,338,249,31,3,73.67,9.17,0.89
FR,Riverside,2018,first_gen_status,not_first_gen,3,3.9,4.0,107,83,6,6,77.57,5.61,5.61
FR,Riverside,2018,overall,overall,1,0.0,3.68,3442,2274,347,73,66.07,10.08,2.12
FR,Riverside,2018,overall,overall,2,3.68,3.9,782,543,77,9,69.44,9.85,1.15
FR,Riverside,2018,overall,overall,3,3.9,4.0,285,213,18,11,74.74,6.32,3.86
FR,Riverside,2018,pell_status,non_pell,1,0.0,3.68,1477,988,143,27,66.89,9.68,1.83
FR,Riverside,2018,pell_status,non_pell,2,3.68,3.9,333,239,22,4,71.77,6.61,1.2
FR,Riverside,2018,pell_status,non_pell,3,3.9,4.0,115,86,8,3,74.78,6.96,2.61
FR,Riverside,2018,pell_status,pell,1,0.0,3.68,1965,1286,204,46,65.45,10.38,2.34
FR,Riverside,2018,pell_status,pell,2,3.68,3.9,449,304,55,5,67.71,12.25,1.11
FR,Riverside,2018,pell_status,pell,3,3.9,4.0,170,127,10,8,74.71,5.88,4.71
FR,Riverside,2019,ethnicity,asian,1,1.38,3.69,1686,1236,173,37,73.31,10.26,2.19
FR,Riverside,2019,ethnicity,asian,2,3.69,3.91,334,264,31,2,79.04,9.28,0.6
FR,Riverside,2019,ethnicity,asian,3,3.91,4.0,105,89,6,1,84.76,5.71,0.95
FR,Riverside,2019,ethnicity,black,1,1.38,3.69,182,96,18,4,52.75,9.89,2.2
FR,Riverside,2019,ethnicity,black,2,3.69,3.91,43,28,4,0,65.12,9.3,0.0
FR,Riverside,2019,ethnicity,black,3,3.91,4.0,4,2,0,0,50.0,0.0,0.0
FR,Riverside,2019,ethnicity,hispanic_latino,1,1.38,3.69,1167,680,145,26,58.27,12.43,2.23
FR,Riverside,2019,ethnicity,hispanic_latino,2,3.69,3.91,368,229,43,9,62.23,11.68,2.45
FR,Riverside,2019,ethnicity,hispanic_latino,3,3.91,4.0,153,122,13,0,79.74,8.5,0.0
FR,Riverside,2019,ethnicity,international,1,1.38,3.69,91,39,2,5,42.86,2.2,5.49
FR,Riverside,2019,ethnicity,international,2,3.69,3.91,25,10,6,0,40.0,24.0,0.0
FR,Riverside,2019,ethnicity,international,3,3.91,4.0,11,4,1,0,36.36,9.09,0.0
FR,Riverside,2019,ethnicity,white,1,1.38,3.69,327,212,36,6,64.83,11.01,1.83
FR,Riverside,2019,ethnicity,white,2,3.69,3.91,119,85,7,1,71.43,5.88,0.84
FR,Riverside,2019,ethnicity,white,3,3.91,4.0,46,38,2,1,82.61,4.35,2.17
FR,Riverside,2019,first_gen_status,first_gen,1,1.38,3.69,1742,1095,182,28,62.86,10.45,1.61
FR,Riverside,2019,first_gen_status,first_gen,2,3.69,3.91,489,324,42,5,66.26,8.59,1.02
FR,Riverside,2019,first_gen_status,first_gen,3,3.91,4.0,185,147,11,1,79.46,5.95,0.54
FR,Riverside,2019,first_gen_status,not_first_gen,1,1.38,3.69,1698,1171,190,47,68.96,11.19,2.77
FR,Riverside,2019,first_gen_status,not_first_gen,2,3.69,3.91,403,290,50,7,71.96,12.41,1.74
FR,Riverside,2019,first_gen_status,not_first_gen,3,3.91,4.0,132,106,11,1,80.3,8.33,0.76
FR,Riverside,2019,overall,overall,1,1.38,3.69,3518,2309,379,78,65.63,10.77,2.22
FR,Riverside,2019,overall,overall,2,3.69,3.91,903,622,93,12,68.88,10.3,1.33
FR,Riverside,2019,overall,overall,3,3.91,4.0,324,259,22,2,79.94,6.79,0.62
FR,Riverside,2019,pell_status,non_pell,1,1.38,3.69,1646,1092,166,44,66.34,10.09,2.67
FR,Riverside,2019,pell_status,non_pell,2,3.69,3.91,416,298,43,5,71.63,10.34,1.2
FR,Riverside,2019,pell_status,non_pell,3,3.91,4.0,147,120,9,0,81.63,6.12,0.0
FR,Riverside,2019,pell_status,pell,1,1.38,3.69,1872,1217,213,34,65.01,11.38,1.82
FR,Riverside,2019,pell_status,pell,2,3.69,3.91,487,324,50,7,66.53,10.27,1.44
FR,Riverside,2019,pell_status,pell,3,3.91,4.0,177,139,13,2,78.53,7.34,1.13
FR,Riverside,2020,ethnicity,aian,1,1.1,3.67,,0,0,,0.0,0.0,
FR,Riverside,2020,ethnicity,asian,1,1.1,3.67,1537,1001,209,0,65.13,13.6,0.0
FR,Riverside,2020,ethnicity,asian,2,3.67,3.91,305,231,33,0,75.74,10.82,0.0
FR,Riverside,2020,ethnicity,asian,3,3.91,4.0,87,69,6,0,79.31,6.9,0.0
FR,Riverside,2020,ethnicity,black,1,1.1,3.67,209,109,32,0,52.15,15.31,0.0
FR,Riverside,2020,ethnicity,black,2,3.67,3.91,52,29,12,0,55.77,23.08,0.0
FR,Riverside,2020,ethnicity,black,3,3.91,4.0,15,12,2,0,80.0,13.33,0.0
FR,Riverside,2020,ethnicity,hispanic_latino,1,1.1,3.67,1351,693,138,0,51.3,10.21,0.0
FR,Riverside,2020,ethnicity,hispanic_latino,2,3.67,3.91,471,287,56,0,60.93,11.89,0.0
FR,Riverside,2020,ethnicity,hispanic_latino,3,3.91,4.0,171,112,15,0,65.5,8.77,0.0
FR,Riverside,2020,ethnicity,international,1,1.1,3.67,80,35,16,0,43.75,20.0,0.0
FR,Riverside,2020,ethnicity,international,2,3.67,3.91,18,12,3,0,66.67,16.67,0.0
FR,Riverside,2020,ethnicity,international,3,3.91,4.0,4,3,0,0,75.0,0.0,0.0
FR,Riverside,2020,ethnicity,white,1,1.1,3.67,313,175,42,0,55.91,13.42,0.0
FR,Riverside,2020,ethnicity,white,2,3.67,3.91,109,79,6,0,72.48,5.5,0.0
FR,Riverside,2020,ethnicity,white,3,3.91,4.0,45,40,0,0,88.89,0.0,0.0
FR,Riverside,2020,first_gen_status,first_gen,1,1.1,3.67,1916,1021,212,0,53.29,11.06,0.0
FR,Riverside,2020,first_gen_status,first_gen,2,3.67,3.91,571,344,73,0,60.25,12.78,0.0
FR,Riverside,2020,first_gen_status,first_gen,3,3.91,4.0,195,135,14,0,69.23,7.18,0.0
FR,Riverside,2020,first_gen_status,not_first_gen,1,1.1,3.67,1554,993,214,0,63.9,13.77,0.0
FR,Riverside,2020,first_gen_status,not_first_gen,2,3.67,3.91,388,294,38,0,75.77,9.79,0.0
FR,Riverside,2020,first_gen_status,not_first_gen,3,3.91,4.0,128,102,10,0,79.69,7.81,0.0
FR,Riverside,2020,overall,overall,1,1.1,3.67,3543,2048,441,0,57.8,12.45,0.0
FR,Riverside,2020,overall,overall,2,3.67,3.91,975,649,111,0,66.56,11.38,0.0
FR,Riverside,2020,overall,overall,3,3.91,4.0,332,243,24,0,73.19,7.23,0.0
FR,Riverside,2020,pell_status,non_pell,1,1.1,3.67,1564,926,205,0,59.21,13.11,0.0
FR,Riverside,2020,pell_status,non_pell,2,3.67,3.91,403,286,37,0,70.97,9.18,0.0
FR,Riverside,2020,pell_status,non_pell,3,3.91,4.0,143,112,7,0,78.32,4.9,0.0
FR,Riverside,2020,pell_status,pell,1,1.1,3.67,1979,1122,236,0,56.7,11.93,0.0
FR,Riverside,2020,pell_status,pell,2,3.67,3.91,572,363,74,0,63.46,12.94,0.0
FR,Riverside,2020,pell_status,pell,3,3.91,4.0,189,131,17,0,69.31,8.99,0.0
FR,Riverside,2021,ethnicity,aian,1,0.0,3.71,6,3,0,0,50.0,0.0,0.0
FR,Riverside,2021,ethnicity,aian,3,3.92,4.0,1,1,0,0,100.0,0.0,0.0
FR,Riverside,2021,ethnicity,asian,1,0.0,3.71,1646,1149,0,0,69.81,0.0,0.0
FR,Riverside,2021,ethnicity,asian,2,3.71,3.92,430,344,0,0,80.0,0.0,0.0
FR,Riverside,2021,ethnicity,asian,3,3.92,4.0,124,100,0,0,80.65,0.0,0.0
FR,Riverside,2021,ethnicity,black,1,0.0,3.71,191,102,0,0,53.4,0.0,0.0
FR,Riverside,2021,ethnicity,black,2,3.71,3.92,53,26,0,0,49.06,0.0,0.0
FR,Riverside,2021,ethnicity,black,3,3.92,4.0,17,12,0,0,70.59,0.0,0.0
FR,Riverside,2021,ethnicity,hispanic_latino,1,0.0,3.71,1438,768,0,0,53.41,0.0,0.0
FR,Riverside,2021,ethnicity,hispanic_latino,2,3.71,3.92,380,243,0,0,63.95,0.0,0.0
FR,Riverside,2021,ethnicity,hispanic_latino,3,3.92,4.0,154,116,0,0,75.32,0.0,0.0
FR,Riverside,2021,ethnicity,international,1,0.0,3.71,109,46,0,0,42.2,0.0,0.0
FR,Riverside,2021,ethnicity,international,2,3.71,3.92,23,10,0,0,43.48,0.0,0.0
FR,Riverside,2021,ethnicity,international,3,3.92,4.0,12,6,0,0,50.0,0.0,0.0
FR,Riverside,2021,ethnicity,white,1,0.0,3.71,331,202,0,0,61.03,0.0,0.0
FR,Riverside,2021,ethnicity,white,2,3.71,3.92,131,94,0,0,71.76,0.0,0.0
FR,Riverside,2021,ethnicity,white,3,3.92,4.0,56,41,0,0,73.21,0.0,0.0
FR,Riverside,2021,first_gen_status,first_gen,1,0.0,3.71,1908,1093,0,0,57.29,0.0,0.0
FR,Riverside,2021,first_gen_status,first_gen,2,3.71,3.92,504,332,0,0,65.87,0.0,0.0
FR,Riverside,2021,first_gen_status,first_gen,3,3.92,4.0,189,143,0,0,75.66,0.0,0.0
FR,Riverside,2021,first_gen_status,not_first_gen,1,0.0,3.71,1812,1176,0,0,64.9,0.0,0.0
FR,Riverside,2021,first_gen_status,not_first_gen,2,3.71,3.92,516,390,0,0,75.58,0.0,0.0
FR,Riverside,2021,first_gen_status,not_first_gen,3,3.92,4.0,174,133,0,0,76.44,0.0,0.0
FR,Riverside,2021,overall,overall,1,0.0,3.71,3780,2306,0,0,61.01,0.0,0.0
FR,Riverside,2021,overall,overall,2,3.71,3.92,1032,729,0,0,70.64,0.0,0.0
FR,Riverside,2021,overall,overall,3,3.92,4.0,368,280,0,0,76.09,0.0,0.0
FR,Riverside,2021,pell_status,non_pell,1,0.0,3.71,1731,1120,0,0,64.7,0.0,0.0
FR,Riverside,2021,pell_status,non_pell,2,3.71,3.92,521,375,0,0,71.98,0.0,0.0
FR,Riverside,2021,pell_status,non_pell,3,3.92,4.0,171,123,0,0,71.93,0.0,0.0
FR,Riverside,2021,pell_status,pell,1,0.0,3.71,2049,1186,0,0,57.88,0.0,0.0
FR,Riverside,2021,pell_status,pell,2,3.71,3.92,511,354,0,0,69.28,0.0,0.0
FR,Riverside,2021,pell_status,pell,3,3.92,4.0,197,157,0,0,79.7,0.0,0.0
FR,San Diego,2010,ethnicity,aian,1,1.75,3.47,5,2,1,0,40.0,20.0,0.0
FR,San Diego,2010,ethnicity,aian,2,3.47,3.79,10,6,2,1,60.0,20.0,10.0
FR,San Diego,2010,ethnicity,aian,3,3.79,4.0,7,5,2,0,71.43,28.57,0.0
FR,San Diego,2010,ethnicity,asian,1,1.75,3.47,392,204,98,22,52.04,25.0,5.61
FR,San Diego,2010,ethnicity,asian,2,3.47,3.79,1037,618,284,39,59.59,27.39,3.76
FR,San Diego,2010,ethnicity,asian,3,3.79,4.0,689,471,155,17,68.36,22.5,2.47
FR,San Diego,2010,ethnicity,black,1,1.75,3.47,18,9,4,2,50.0,22.22,11.11
FR,San Diego,2010,ethnicity,black,2,3.47,3.79,29,21,6,1,72.41,20.69,3.45
FR,San Diego,2010,ethnicity,black,3,3.79,4.0,15,10,3,0,66.67,20.0,0.0
FR,San Diego,2010,ethnicity,hispanic_latino,1,1.75,3.47,118,45,41,6,38.14,34.75,5.08
FR,San Diego,2010,ethnicity,hispanic_latino,2,3.47,3.79,272,129,82,19,47.43,30.15,6.99
FR,San Diego,2010,ethnicity,hispanic_latino,3,3.79,4.0,200,80,78,5,40.0,39.0,2.5
FR,San Diego,2010,ethnicity,international,1,1.75,3.47,32,15,8,3,46.88,25.0,9.38
FR,San Diego,2010,ethnicity,international,2,3.47,3.79,70,34,10,8,48.57,14.29,11.43
FR,San Diego,2010,ethnicity,international,3,3.79,4.0,65,37,10,3,56.92,15.38,4.62
FR,San Diego,2010,ethnicity,white,1,1.75,3.47,71,28,20,6,39.44,28.17,8.45
FR,San Diego,2010,ethnicity,white,2,3.47,3.79,316,213,62,7,67.41,19.62,2.22
FR,San Diego,2010,ethnicity,white,3,3.79,4.0,389,270,74,4,69.41,19.02,1.03
FR,San Diego,2010,first_gen_status,first_gen,1,1.75,3.47,383,172,107,23,44.91,27.94,6.01
FR,San Diego,2010,first_gen_status,first_gen,2,3.47,3.79,780,427,215,41,54.74,27.56,5.26
FR,San Diego,2010,first_gen_status,first_gen,3,3.79,4.0,529,300,146,14,56.71,27.6,2.65
FR,San Diego,2010,first_gen_status,not_first_gen,1,1.75,3.47,245,131,60,16,53.47,24.49,6.53
FR,San Diego,2010,first_gen_status,not_first_gen,2,3.47,3.79,972,601,233,35,61.83,23.97,3.6
FR,San Diego,2010,first_gen_status,not_first_gen,3,3.79,4.0,818,564,171,14,68.95,20.9,1.71
FR,San Diego,2010,overall,overall,1,1.75,3.47,658,315,180,39,47.87,27.36,5.93
FR,San Diego,2010,overall,overall,2,3.47,3.79,1838,1087,468,79,59.14,25.46,4.3
FR,San Diego,2010,overall,overall,3,3.79,4.0,1425,919,330,29,64.49,23.16,2.04
FR,San Diego,2010,pell_status,non_pell,1,1.75,3.47,198,99,48,12,50.0,24.24,6.06
FR,San Diego,2010,pell_status,non_pell,2,3.47,3.79,838,548,189,20,65.39,22.55,2.39
FR,San Diego,2010,pell_status,non_pell,3,3.79,4.0,779,541,160,12,69.45,20.54,1.54
FR,San Diego,2010,pell_status,pell,1,1.75,3.47,460,216,132,27,46.96,28.7,5.87
FR,San Diego,2010,pell_status,pell,2,3.47,3.79,1000,539,279,59,53.9,27.9,5.9
FR,San Diego,2010,pell_status,pell,3,3.79,4.0,646,378,170,17,58.51,26.32,2.63
FR,San Diego,2011,ethnicity,aian,2,3.5,3.8,1,0,1,0,0.0,100.0,0.0
FR,San Diego,2011,ethnicity,aian,3,3.8,4.0,7,4,2,0,57.14,28.57,0.0
FR,San Diego,2011,ethnicity,asian,1,0.87,3.5,267,148,71,16,55.43,26.59,5.99
FR,San Diego,2011,ethnicity,asian,2,3.5,3.8,708,421,188,32,59.46,26.55,4.52
FR,San Diego,2011,ethnicity,asian,3,3.8,4.0,582,392,128,22,67.35,21.99,3.78
FR,San Diego,2011,ethnicity,black,1,0.87,3.5,22,6,8,1,27.27,36.36,4.55
FR,San Diego,2011,ethnicity,black,2,3.5,3.8,25,12,6,3,48.0,24.0,12.0
FR,San Diego,2011,ethnicity,black,3,3.8,4.0,14,5,1,2,35.71,7.14,14.29
FR,San Diego,2011,ethnicity,hispanic_latino,1,0.87,3.5,192,65,54,14,33.85,28.12,7.29
FR,San Diego,2011,ethnicity,hispanic_latino,2,3.5,3.8,303,118,91,21,38.94,30.03,6.93
FR,San Diego,2011,ethnicity,hispanic_latino,3,3.8,4.0,210,98,67,12,46.67,31.9,5.71
FR,San Diego,2011,ethnicity,international,1,0.87,3.5,56,29,8,5,51.79,14.29,8.93
FR,San Diego,2011,ethnicity,international,2,3.5,3.8,131,63,26,9,48.09,19.85,6.87
FR,San Diego,2011,ethnicity,international,3,3.8,4.0,108,62,18,7,57.41,16.67,6.48
FR,San Diego,2011,ethnicity,white,1,0.87,3.5,94,46,27,5,48.94,28.72,5.32
FR,San Diego,2011,ethnicity,white,2,3.5,3.8,229,136,47,9,59.39,20.52,3.93
FR,San Diego,2011,ethnicity,white,3,3.8,4.0,361,242,69,11,67.04,19.11,3.05
FR,San Diego,2011,first_gen_status,first_gen,1,0.87,3.5,378,156,109,23,41.27,28.84,6.08
FR,San Diego,2011,first_gen_status,first_gen,2,3.5,3.8,692,353,193,40,51.01,27.89,5.78
FR,San Diego,2011,first_gen_status,first_gen,3,3.8,4.0,504,276,133,29,54.76,26.39,5.75
FR,San Diego,2011,first_gen_status,not_first_gen,1,0.87,3.5,254,138,57,18,54.33,22.44,7.09
FR,San Diego,2011,first_gen_status,not_first_gen,2,3.5,3.8,702,392,170,33,55.84,24.22,4.7
FR,San Diego,2011,first_gen_status,not_first_gen,3,3.8,4.0,783,526,155,25,67.18,19.8,3.19
FR,San Diego,2011,overall,overall,1,0.87,3.5,640,296,171,41,46.25,26.72,6.41
FR,San Diego,2011,overall,overall,2,3.5,3.8,1413,756,366,75,53.5,25.9,5.31
FR,San Diego,2011,overall,overall,3,3.8,4.0,1304,815,292,54,62.5,22.39,4.14
FR,San Diego,2011,pell_status,non_pell,1,0.87,3.5,215,124,44,13,57.67,20.47,6.05
FR,San Diego,2011,pell_status,non_pell,2,3.5,3.8,595,353,122,29,59.33,20.5,4.87
FR,San Diego,2011,pell_status,non_pell,3,3.8,4.0,759,514,138,26,67.72,18.18,3.43
FR,San Diego,2011,pell_status,pell,1,0.87,3.5,425,172,127,28,40.47,29.88,6.59
FR,San Diego,2011,pell_status,pell,2,3.5,3.8,818,403,244,46,49.27,29.83,5.62
FR,San Diego,2011,pell_status,pell,3,3.8,4.0,545,301,154,28,55.23,28.26,5.14
FR,San Diego,2012,ethnicity,aian,1,1.02,3.52,3,1,2,0,33.33,66.67,0.0
FR,San Diego,2012,ethnicity,aian,2,3.52,3.81,4,2,1,0,50.0,25.0,0.0
FR,San Diego,2012,ethnicity,aian,3,3.81,4.0,7,6,0,0,85.71,0.0,0.0
FR,San Diego,2012,ethnicity,asian,1,1.02,3.52,263,151,68,12,57.41,25.86,4.56
FR,San Diego,2012,ethnicity,asian,2,3.52,3.81,946,622,203,37,65.75,21.46,3.91
FR,San Diego,2012,ethnicity,asian,3,3.81,4.0,892,646,171,24,72.42,19.17,2.69
FR,San Diego,2012,ethnicity,black,1,1.02,3.52,17,5,5,2,29.41,29.41,11.76
FR,San Diego,2012,ethnicity,black,2,3.52,3.81,35,18,14,0,51.43,40.0,0.0
FR,San Diego,2012,ethnicity,black,3,3.81,4.0,37,20,12,3,54.05,32.43,8.11
FR,San Diego,2012,ethnicity,hispanic_latino,1,1.02,3.52,84,36,21,4,42.86,25.0,4.76
FR,San Diego,2012,ethnicity,hispanic_latino,2,3.52,3.81,269,119,73,12,44.24,27.14,4.46
FR,San Diego,2012,ethnicity,hispanic_latino,3,3.81,4.0,254,140,49,13,55.12,19.29,5.12
FR,San Diego,2012,ethnicity,international,1,1.02,3.52,137,70,27,6,51.09,19.71,4.38
FR,San Diego,2012,ethnicity,international,2,3.52,3.81,215,121,32,17,56.28,14.88,7.91
FR,San Diego,2012,ethnicity,international,3,3.81,4.0,158,91,21,8,57.59,13.29,5.06
FR,San Diego,2012,ethnicity,white,1,1.02,3.52,150,78,22,11,52.0,14.67,7.33
FR,San Diego,2012,ethnicity,white,2,3.52,3.81,313,198,63,13,63.26,20.13,4.15
FR,San Diego,2012,ethnicity,white,3,3.81,4.0,475,324,87,16,68.21,18.32,3.37
FR,San Diego,2012,first_gen_status,first_gen,1,1.02,3.52,158,82,40,6,51.9,25.32,3.8
FR,San Diego,2012,first_gen_status,first_gen,2,3.52,3.81,592,322,153,21,54.39,25.84,3.55
FR,San Diego,2012,first_gen_status,first_gen,3,3.81,4.0,563,343,119,26,60.92,21.14,4.62
FR,San Diego,2012,first_gen_status,not_first_gen,1,1.02,3.52,492,261,105,27,53.05,21.34,5.49
FR,San Diego,2012,first_gen_status,not_first_gen,2,3.52,3.81,1215,778,238,58,64.03,19.59,4.77
FR,San Diego,2012,first_gen_status,not_first_gen,3,3.81,4.0,1292,904,234,38,69.97,18.11,2.94
FR,San Diego,2012,overall,overall,1,1.02,3.52,665,347,149,35,52.18,22.41,5.26
FR,San Diego,2012,overall,overall,2,3.52,3.81,1827,1109,398,80,60.7,21.78,4.38
FR,San Diego,2012,overall,overall,3,3.81,4.0,1877,1261,356,65,67.18,18.97,3.46
FR,San Diego,2012,pell_status,non_pell,1,1.02,3.52,440,235,95,25,53.41,21.59,5.68
FR,San Diego,2012,pell_status,non_pell,2,3.52,3.81,1107,718,208,47,64.86,18.79,4.25
FR,San Diego,2012,pell_status,non_pell,3,3.81,4.0,1132,797,193,33,70.41,17.05,2.92
FR,San Diego,2012,pell_status,pell,1,1.02,3.52,225,112,54,10,49.78,24.0,4.44
FR,San Diego,2012,pell_status,pell,2,3.52,3.81,720,391,190,33,54.31,26.39,4.58
FR,San Diego,2012,pell_status,pell,3,3.81,4.0,745,464,163,32,62.28,21.88,4.3
FR,San Diego,2013,ethnicity,aian,1,1.21,3.57,,0,0,0,0.0,0.0,0.0
FR,San Diego,2013,ethnicity,aian,2,3.57,3.84,5,4,0,0,80.0,0.0,0.0
FR,San Diego,2013,ethnicity,aian,3,3.84,4.0,12,6,5,0,50.0,41.67,0.0
FR,San Diego,2013,ethnicity,asian,1,1.21,3.57,259,152,53,10,58.69,20.46,3.86
FR,San Diego,2013,ethnicity,asian,2,3.57,3.84,1088,735,215,32,67.56,19.76,2.94
FR,San Diego,2013,ethnicity,asian,3,3.84,4.0,916,716,140,17,78.17,15.28,1.86
FR,San Diego,2013,ethnicity,black,1,1.21,3.57,23,7,6,1,30.43,26.09,4.35
FR,San Diego,2013,ethnicity,black,2,3.57,3.84,46,28,7,3,60.87,15.22,6.52
FR,San Diego,2013,ethnicity,black,3,3.84,4.0,45,26,10,1,57.78,22.22,2.22
FR,San Diego,2013,ethnicity,hispanic_latino,1,1.21,3.57,110,47,26,5,42.73,23.64,4.55
FR,San Diego,2013,ethnicity,hispanic_latino,2,3.57,3.84,353,182,95,7,51.56,26.91,1.98
FR,San Diego,2013,ethnicity,hispanic_latino,3,3.84,4.0,327,189,79,13,57.8,24.16,3.98
FR,San Diego,2013,ethnicity,international,1,1.21,3.57,137,78,16,9,56.93,11.68,6.57
FR,San Diego,2013,ethnicity,international,2,3.57,3.84,237,146,42,10,61.6,17.72,4.22
FR,San Diego,2013,ethnicity,international,3,3.84,4.0,220,145,36,8,65.91,16.36,3.64
FR,San Diego,2013,ethnicity,white,1,1.21,3.57,112,64,25,3,57.14,22.32,2.68
FR,San Diego,2013,ethnicity,white,2,3.57,3.84,390,242,82,8,62.05,21.03,2.05
FR,San Diego,2013,ethnicity,white,3,3.84,4.0,525,363,94,10,69.14,17.9,1.9
FR,San Diego,2013,first_gen_status,first_gen,1,1.21,3.57,228,108,46,10,47.37,20.18,4.39
FR,San Diego,2013,first_gen_status,first_gen,2,3.57,3.84,857,490,206,28,57.18,24.04,3.27
FR,San Diego,2013,first_gen_status,first_gen,3,3.84,4.0,692,448,147,18,64.74,21.24,2.6
FR,San Diego,2013,first_gen_status,not_first_gen,1,1.21,3.57,415,240,80,18,57.83,19.28,4.34
FR,San Diego,2013,first_gen_status,not_first_gen,2,3.57,3.84,1310,877,245,35,66.95,18.7,2.67
FR,San Diego,2013,first_gen_status,not_first_gen,3,3.84,4.0,1371,1013,217,30,73.89,15.83,2.19
FR,San Diego,2013,overall,overall,1,1.21,3.57,655,353,129,28,53.89,19.69,4.27
FR,San Diego,2013,overall,overall,2,3.57,3.84,2185,1379,456,63,63.11,20.87,2.88
FR,San Diego,2013,overall,overall,3,3.84,4.0,2095,1480,371,51,70.64,17.71,2.43
FR,San Diego,2013,pell_status,non_pell,1,1.21,3.57,390,227,68,14,58.21,17.44,3.59
FR,San Diego,2013,pell_status,non_pell,2,3.57,3.84,1235,829,223,31,67.13,18.06,2.51
FR,San Diego,2013,pell_status,non_pell,3,3.84,4.0,1285,959,189,28,74.63,14.71,2.18
FR,San Diego,2013,pell_status,pell,1,1.21,3.57,265,126,61,14,47.55,23.02,5.28
FR,San Diego,2013,pell_status,pell,2,3.57,3.84,950,550,233,32,57.89,24.53,3.37
FR,San Diego,2013,pell_status,pell,3,3.84,4.0,810,521,182,23,64.32,22.47,2.84
FR,San Diego,2014,ethnicity,aian,1,0.25,3.59,2,2,0,0,100.0,0.0,0.0
FR,San Diego,2014,ethnicity,aian,2,3.59,3.86,6,3,2,0,50.0,33.33,0.0
FR,San Diego,2014,ethnicity,aian,3,3.86,4.0,7,6,1,0,85.71,14.29,0.0
FR,San Diego,2014,ethnicity,asian,1,0.25,3.59,246,150,48,12,60.98,19.51,4.88
FR,San Diego,2014,ethnicity,asian,2,3.59,3.86,914,662,154,20,72.43,16.85,2.19
FR,San Diego,2014,ethnicity,asian,3,3.86,4.0,860,674,112,15,78.37,13.02,1.74
FR,San Diego,2014,ethnicity,black,1,0.25,3.59,14,5,3,0,35.71,21.43,0.0
FR,San Diego,2014,ethnicity,black,2,3.59,3.86,44,22,8,2,50.0,18.18,4.55
FR,San Diego,2014,ethnicity,black,3,3.86,4.0,30,16,9,1,53.33,30.0,3.33
FR,San Diego,2014,ethnicity,hispanic_latino,1,0.25,3.59,130,59,23,8,45.38,17.69,6.15
FR,San Diego,2014,ethnicity,hispanic_latino,2,3.59,3.86,393,204,92,18,51.91,23.41,4.58
FR,San Diego,2014,ethnicity,hispanic_latino,3,3.86,4.0,303,170,70,12,56.11,23.1,3.96
FR,San Diego,2014,ethnicity,international,1,0.25,3.59,98,54,15,8,55.1,15.31,8.16
FR,San Diego,2014,ethnicity,international,2,3.59,3.86,235,152,37,4,64.68,15.74,1.7
FR,San Diego,2014,ethnicity,international,3,3.86,4.0,309,214,33,10,69.26,10.68,3.24
FR,San Diego,2014,ethnicity,white,1,0.25,3.59,90,52,19,4,57.78,21.11,4.44
FR,San Diego,2014,ethnicity,white,2,3.59,3.86,259,157,44,11,60.62,16.99,4.25
FR,San Diego,2014,ethnicity,white,3,3.86,4.0,458,338,55,12,73.8,12.01,2.62
FR,San Diego,2014,first_gen_status,first_gen,1,0.25,3.59,317,174,50,17,54.89,15.77,5.36
FR,San Diego,2014,first_gen_status,first_gen,2,3.59,3.86,892,544,176,37,60.99,19.73,4.15
FR,San Diego,2014,first_gen_status,first_gen,3,3.86,4.0,689,447,115,25,64.88,16.69,3.63
FR,San Diego,2014,first_gen_status,not_first_gen,1,0.25,3.59,270,152,59,15,56.3,21.85,5.56
FR,San Diego,2014,first_gen_status,not_first_gen,2,3.59,3.86,977,670,165,18,68.58,16.89,1.84
FR,San Diego,2014,first_gen_status,not_first_gen,3,3.86,4.0,1306,1000,166,23,76.57,12.71,1.76
FR,San Diego,2014,overall,overall,1,0.25,3.59,593,331,110,32,55.82,18.55,5.4
FR,San Diego,2014,overall,overall,2,3.59,3.86,1902,1238,345,55,65.09,18.14,2.89
FR,San Diego,2014,overall,overall,3,3.86,4.0,2026,1462,286,51,72.16,14.12,2.52
FR,San Diego,2014,pell_status,non_pell,1,0.25,3.59,308,183,57,17,59.42,18.51,5.52
FR,San Diego,2014,pell_status,non_pell,2,3.59,3.86,1064,742,167,17,69.74,15.7,1.6
FR,San Diego,2014,pell_status,non_pell,3,3.86,4.0,1269,978,150,19,77.07,11.82,1.5
FR,San Diego,2014,pell_status,pell,1,0.25,3.59,285,148,53,15,51.93,18.6,5.26
FR,San Diego,2014,pell_status,pell,2,3.59,3.86,838,496,178,38,59.19,21.24,4.53
FR,San Diego,2014,pell_status,pell,3,3.86,4.0,757,484,136,32,63.94,17.97,4.23
FR,San Diego,2015,ethnicity,aian,1,1.0,3.61,1,0,0,1,0.0,0.0,100.0
FR,San Diego,2015,ethnicity,aian,2,3.61,3.87,7,3,3,1,42.86,42.86,14.29
FR,San Diego,2015,ethnicity,aian,3,3.87,4.0,14,8,1,0,57.14,7.14,0.0
FR,San Diego,2015,ethnicity,asian,1,1.0,3.61,271,178,51,10,65.68,18.82,3.69
FR,San Diego,2015,ethnicity,asian,2,3.61,3.87,997,790,128,19,79.24,12.84,1.91
FR,San Diego,2015,ethnicity,asian,3,3.87,4.0,820,669,103,10,81.59,12.56,1.22
FR,San Diego,2015,ethnicity,black,1,1.0,3.61,13,5,4,0,38.46,30.77,0.0
FR,San Diego,2015,ethnicity,black,2,3.61,3.87,31,19,6,4,61.29,19.35,12.9
FR,San Diego,2015,ethnicity,black,3,3.87,4.0,33,22,7,0,66.67,21.21,0.0
FR,San Diego,2015,ethnicity,hispanic_latino,1,1.0,3.61,88,45,19,3,51.14,21.59,3.41
FR,San Diego,2015,ethnicity,hispanic_latino,2,3.61,3.87,311,167,66,15,53.7,21.22,4.82
FR,San Diego,2015,ethnicity,hispanic_latino,3,3.87,4.0,296,193,62,6,65.2,20.95,2.03
FR,San Diego,2015,ethnicity,international,1,1.0,3.61,127,85,11,7,66.93,8.66,5.51
FR,San Diego,2015,ethnicity,international,2,3.61,3.87,334,240,39,12,71.86,11.68,3.59
FR,San Diego,2015,ethnicity,international,3,3.87,4.0,365,286,30,12,78.36,8.22,3.29
FR,San Diego,2015,ethnicity,white,1,1.0,3.61,122,74,23,6,60.66,18.85,4.92
FR,San Diego,2015,ethnicity,white,2,3.61,3.87,347,248,55,7,71.47,15.85,2.02
FR,San Diego,2015,ethnicity,white,3,3.87,4.0,435,330,60,6,75.86,13.79,1.38
FR,San Diego,2015,first_gen_status,first_gen,1,1.0,3.61,211,119,34,7,56.4,16.11,3.32
FR,San Diego,2015,first_gen_status,first_gen,2,3.61,3.87,672,445,115,24,66.22,17.11,3.57
FR,San Diego,2015,first_gen_status,first_gen,3,3.87,4.0,595,430,99,10,72.27,16.64,1.68
FR,San Diego,2015,first_gen_status,not_first_gen,1,1.0,3.61,427,282,75,19,66.04,17.56,4.45
FR,San Diego,2015,first_gen_status,not_first_gen,2,3.61,3.87,1384,1043,189,34,75.36,13.66,2.46
FR,San Diego,2015,first_gen_status,not_first_gen,3,3.87,4.0,1415,1119,166,23,79.08,11.73,1.63
FR,San Diego,2015,overall,overall,1,1.0,3.61,644,403,111,28,62.58,17.24,4.35
FR,San Diego,2015,overall,overall,2,3.61,3.87,2092,1512,309,60,72.28,14.77,2.87
FR,San Diego,2015,overall,overall,3,3.87,4.0,2040,1572,270,34,77.06,13.24,1.67
FR,San Diego,2015,pell_status,non_pell,1,1.0,3.61,423,275,71,18,65.01,16.78,4.26
FR,San Diego,2015,pell_status,non_pell,2,3.61,3.87,1336,1000,185,33,74.85,13.85,2.47
FR,San Diego,2015,pell_status,non_pell,3,3.87,4.0,1373,1099,145,20,80.04,10.56,1.46
FR,San Diego,2015,pell_status,pell,1,1.0,3.61,221,128,40,10,57.92,18.1,4.52
FR,San Diego,2015,pell_status,pell,2,3.61,3.87,756,512,124,27,67.72,16.4,3.57
FR,San Diego,2015,pell_status,pell,3,3.87,4.0,667,473,125,14,70.91,18.74,2.1
FR,San Diego,2016,ethnicity,aian,1,0.85,3.59,3,2,0,0,66.67,0.0,0.0
FR,San Diego,2016,ethnicity,aian,2,3.59,3.86,8,4,1,0,50.0,12.5,0.0
FR,San Diego,2016,ethnicity,aian,3,3.86,4.0,12,9,1,0,75.0,8.33,0.0
FR,San Diego,2016,ethnicity,asian,1,0.85,3.59,314,218,58,8,69.43,18.47,2.55
FR,San Diego,2016,ethnicity,asian,2,3.59,3.86,969,743,129,16,76.68,13.31,1.65
FR,San Diego,2016,ethnicity,asian,3,3.86,4.0,846,698,87,11,82.51,10.28,1.3
FR,San Diego,2016,ethnicity,black,1,0.85,3.59,32,13,7,3,40.62,21.88,9.38
FR,San Diego,2016,ethnicity,black,2,3.59,3.86,61,39,11,0,63.93,18.03,0.0
FR,San Diego,2016,ethnicity,black,3,3.86,4.0,53,31,8,2,58.49,15.09,3.77
FR,San Diego,2016,ethnicity,hispanic_latino,1,0.85,3.59,253,127,55,11,50.2,21.74,4.35
FR,San Diego,2016,ethnicity,hispanic_latino,2,3.59,3.86,494,278,105,11,56.28,21.26,2.23
FR,San Diego,2016,ethnicity,hispanic_latino,3,3.86,4.0,391,265,70,6,67.77,17.9,1.53
FR,San Diego,2016,ethnicity,international,1,0.85,3.59,137,96,16,4,70.07,11.68,2.92
FR,San Diego,2016,ethnicity,international,2,3.59,3.86,301,216,28,9,71.76,9.3,2.99
FR,San Diego,2016,ethnicity,international,3,3.86,4.0,416,311,40,9,74.76,9.62,2.16
FR,San Diego,2016,ethnicity,white,1,0.85,3.59,135,89,19,4,65.93,14.07,2.96
FR,San Diego,2016,ethnicity,white,2,3.59,3.86,345,245,55,5,71.01,15.94,1.45
FR,San Diego,2016,ethnicity,white,3,3.86,4.0,403,319,51,2,79.16,12.66,0.5
FR,San Diego,2016,first_gen_status,first_gen,1,0.85,3.59,418,235,72,18,56.22,17.22,4.31
FR,San Diego,2016,first_gen_status,first_gen,2,3.59,3.86,914,581,169,17,63.57,18.49,1.86
FR,San Diego,2016,first_gen_status,first_gen,3,3.86,4.0,712,510,108,10,71.63,15.17,1.4
FR,San Diego,2016,first_gen_status,not_first_gen,1,0.85,3.59,454,309,85,10,68.06,18.72,2.2
FR,San Diego,2016,first_gen_status,not_first_gen,2,3.59,3.86,1288,953,170,25,73.99,13.2,1.94
FR,San Diego,2016,first_gen_status,not_first_gen,3,3.86,4.0,1442,1146,158,20,79.47,10.96,1.39
FR,San Diego,2016,overall,overall,1,0.85,3.59,889,554,158,31,62.32,17.77,3.49
FR,San Diego,2016,overall,overall,2,3.59,3.86,2235,1561,342,42,69.84,15.3,1.88
FR,San Diego,2016,overall,overall,3,3.86,4.0,2188,1682,269,30,76.87,12.29,1.37
FR,San Diego,2016,pell_status,non_pell,1,0.85,3.59,506,344,86,10,67.98,17.0,1.98
FR,San Diego,2016,pell_status,non_pell,2,3.59,3.86,1297,969,157,22,74.71,12.1,1.7
FR,San Diego,2016,pell_status,non_pell,3,3.86,4.0,1446,1155,154,19,79.88,10.65,1.31
FR,San Diego,2016,pell_status,pell,1,0.85,3.59,383,210,72,21,54.83,18.8,5.48
FR,San Diego,2016,pell_status,pell,2,3.59,3.86,938,592,185,20,63.11,19.72,2.13
FR,San Diego,2016,pell_status,pell,3,3.86,4.0,742,527,115,11,71.02,15.5,1.48
FR,San Diego,2017,ethnicity,aian,1,0.0,3.63,5,5,0,0,100.0,0.0,0.0
FR,San Diego,2017,ethnicity,aian,2,3.63,3.88,7,3,1,2,42.86,14.29,28.57
FR,San Diego,2017,ethnicity,aian,3,3.88,4.0,5,4,0,0,80.0,0.0,0.0
FR,San Diego,2017,ethnicity,asian,1,0.0,3.63,314,229,33,9,72.93,10.51,2.87
FR,San Diego,2017,ethnicity,asian,2,3.63,3.88,935,750,105,15,80.21,11.23,1.6
FR,San Diego,2017,ethnicity,asian,3,3.88,4.0,835,708,68,16,84.79,8.14,1.92
FR,San Diego,2017,ethnicity,black,1,0.0,3.63,30,16,5,2,53.33,16.67,6.67
FR,San Diego,2017,ethnicity,black,2,3.63,3.88,60,44,8,2,73.33,13.33,3.33
FR,San Diego,2017,ethnicity,black,3,3.88,4.0,39,23,5,3,58.97,12.82,7.69
FR,San Diego,2017,ethnicity,hispanic_latino,1,0.0,3.63,297,158,45,11,53.2,15.15,3.7
FR,San Diego,2017,ethnicity,hispanic_latino,2,3.63,3.88,543,350,71,12,64.46,13.08,2.21
FR,San Diego,2017,ethnicity,hispanic_latino,3,3.88,4.0,411,294,42,5,71.53,10.22,1.22
FR,San Diego,2017,ethnicity,international,1,0.0,3.63,90,62,17,3,68.89,18.89,3.33
FR,San Diego,2017,ethnicity,international,2,3.63,3.88,269,200,31,4,74.35,11.52,1.49
FR,San Diego,2017,ethnicity,international,3,3.88,4.0,374,302,26,7,80.75,6.95,1.87
FR,San Diego,2017,ethnicity,white,1,0.0,3.63,160,109,26,3,68.12,16.25,1.88
FR,San Diego,2017,ethnicity,white,2,3.63,3.88,350,252,52,7,72.0,14.86,2.0
FR,San Diego,2017,ethnicity,white,3,3.88,4.0,496,397,46,6,80.04,9.27,1.21
FR,San Diego,2017,first_gen_status,first_gen,1,0.0,3.63,449,267,63,15,59.47,14.03,3.34
FR,San Diego,2017,first_gen_status,first_gen,2,3.63,3.88,908,623,122,20,68.61,13.44,2.2
FR,San Diego,2017,first_gen_status,first_gen,3,3.88,4.0,766,570,81,13,74.41,10.57,1.7
FR,San Diego,2017,first_gen_status,not_first_gen,1,0.0,3.63,453,315,64,14,69.54,14.13,3.09
FR,San Diego,2017,first_gen_status,not_first_gen,2,3.63,3.88,1267,984,147,22,77.66,11.6,1.74
FR,San Diego,2017,first_gen_status,not_first_gen,3,3.88,4.0,1400,1165,106,24,83.21,7.57,1.71
FR,San Diego,2017,overall,overall,1,0.0,3.63,922,593,130,29,64.32,14.1,3.15
FR,San Diego,2017,overall,overall,2,3.63,3.88,2211,1635,272,42,73.95,12.3,1.9
FR,San Diego,2017,overall,overall,3,3.88,4.0,2211,1769,190,37,80.01,8.59,1.67
FR,San Diego,2017,pell_status,non_pell,1,0.0,3.63,406,282,57,8,69.46,14.04,1.97
FR,San Diego,2017,pell_status,non_pell,2,3.63,3.88,1191,922,135,22,77.41,11.34,1.85
FR,San Diego,2017,pell_status,non_pell,3,3.88,4.0,1395,1167,104,20,83.66,7.46,1.43
FR,San Diego,2017,pell_status,pell,1,0.0,3.63,516,311,73,21,60.27,14.15,4.07
FR,San Diego,2017,pell_status,pell,2,3.63,3.88,1020,713,137,20,69.9,13.43,1.96
FR,San Diego,2017,pell_status,pell,3,3.88,4.0,816,602,86,17,73.77,10.54,2.08
FR,San Diego,2018,ethnicity,aian,1,0.0,3.68,6,6,0,0,100.0,0.0,0.0
FR,San Diego,2018,ethnicity,aian,2,3.68,3.9,9,6,1,0,66.67,11.11,0.0
FR,San Diego,2018,ethnicity,aian,3,3.9,4.0,5,3,1,0,60.0,20.0,0.0
FR,San Diego,2018,ethnicity,asian,1,0.0,3.68,613,438,73,18,71.45,11.91,2.94
FR,San Diego,2018,ethnicity,asian,2,3.68,3.9,1010,832,75,19,82.38,7.43,1.88
FR,San Diego,2018,ethnicity,asian,3,3.9,4.0,910,773,68,11,84.95,7.47,1.21
FR,San Diego,2018,ethnicity,black,1,0.0,3.68,53,27,4,3,50.94,7.55,5.66
FR,San Diego,2018,ethnicity,black,2,3.68,3.9,63,33,7,8,52.38,11.11,12.7
FR,San Diego,2018,ethnicity,black,3,3.9,4.0,49,31,6,5,63.27,12.24,10.2
FR,San Diego,2018,ethnicity,hispanic_latino,1,0.0,3.68,468,254,52,20,54.27,11.11,4.27
FR,San Diego,2018,ethnicity,hispanic_latino,2,3.68,3.9,594,352,84,26,59.26,14.14,4.38
FR,San Diego,2018,ethnicity,hispanic_latino,3,3.9,4.0,429,310,48,15,72.26,11.19,3.5
FR,San Diego,2018,ethnicity,international,1,0.0,3.68,70,48,8,5,68.57,11.43,7.14
FR,San Diego,2018,ethnicity,international,2,3.68,3.9,310,232,29,9,74.84,9.35,2.9
FR,San Diego,2018,ethnicity,international,3,3.9,4.0,506,398,46,12,78.66,9.09,2.37
FR,San Diego,2018,ethnicity,white,1,0.0,3.68,280,182,33,12,65.0,11.79,4.29
FR,San Diego,2018,ethnicity,white,2,3.68,3.9,404,305,44,6,75.5,10.89,1.49
FR,San Diego,2018,ethnicity,white,3,3.9,4.0,488,391,46,8,80.12,9.43,1.64
FR,San Diego,2018,first_gen_status,first_gen,1,0.0,3.68,673,413,67,28,61.37,9.96,4.16
FR,San Diego,2018,first_gen_status,first_gen,2,3.68,3.9,1015,696,110,35,68.57,10.84,3.45
FR,San Diego,2018,first_gen_status,first_gen,3,3.9,4.0,800,608,84,20,76.0,10.5,2.5
FR,San Diego,2018,first_gen_status,not_first_gen,1,0.0,3.68,828,548,110,30,66.18,13.29,3.62
FR,San Diego,2018,first_gen_status,not_first_gen,2,3.68,3.9,1405,1086,137,33,77.3,9.75,2.35
FR,San Diego,2018,first_gen_status,not_first_gen,3,3.9,4.0,1619,1326,133,30,81.9,8.21,1.85
FR,San Diego,2018,overall,overall,1,0.0,3.68,1526,979,178,59,64.15,11.66,3.87
FR,San Diego,2018,overall,overall,2,3.68,3.9,2459,1811,251,69,73.65,10.21,2.81
FR,San Diego,2018,overall,overall,3,3.9,4.0,2461,1966,223,51,79.89,9.06,2.07
FR,San Diego,2018,pell_status,non_pell,1,0.0,3.68,791,525,105,32,66.37,13.27,4.05
FR,San Diego,2018,pell_status,non_pell,2,3.68,3.9,1375,1064,132,27,77.38,9.6,1.96
FR,San Diego,2018,pell_status,non_pell,3,3.9,4.0,1639,1345,134,22,82.06,8.18,1.34
FR,San Diego,2018,pell_status,pell,1,0.0,3.68,735,454,73,27,61.77,9.93,3.67
FR,San Diego,2018,pell_status,pell,2,3.68,3.9,1084,747,119,42,68.91,10.98,3.87
FR,San Diego,2018,pell_status,pell,3,3.9,4.0,822,621,89,29,75.55,10.83,3.53
FR,San Diego,2019,ethnicity,aian,1,1.38,3.69,5,4,0,0,80.0,0.0,0.0
FR,San Diego,2019,ethnicity,aian,2,3.69,3.91,13,8,2,0,61.54,15.38,0.0
FR,San Diego,2019,ethnicity,aian,3,3.91,4.0,8,5,1,0,62.5,12.5,0.0
FR,San Diego,2019,ethnicity,asian,1,1.38,3.69,472,337,55,15,71.4,11.65,3.18
FR,San Diego,2019,ethnicity,asian,2,3.69,3.91,844,683,66,17,80.92,7.82,2.01
FR,San Diego,2019,ethnicity,asian,3,3.91,4.0,876,755,62,9,86.19,7.08,1.03
FR,San Diego,2019,ethnicity,black,1,1.38,3.69,74,36,11,2,48.65,14.86,2.7
FR,San Diego,2019,ethnicity,black,2,3.69,3.91,65,38,11,1,58.46,16.92,1.54
FR,San Diego,2019,ethnicity,black,3,3.91,4.0,40,30,3,0,75.0,7.5,0.0
FR,San Diego,2019,ethnicity,hispanic_latino,1,1.38,3.69,480,274,52,19,57.08,10.83,3.96
FR,San Diego,2019,ethnicity,hispanic_latino,2,3.69,3.91,543,333,75,20,61.33,13.81,3.68
FR,San Diego,2019,ethnicity,hispanic_latino,3,3.91,4.0,404,308,38,6,76.24,9.41,1.49
FR,San Diego,2019,ethnicity,international,1,1.38,3.69,123,84,18,4,68.29,14.63,3.25
FR,San Diego,2019,ethnicity,international,2,3.69,3.91,274,219,18,6,79.93,6.57,2.19
FR,San Diego,2019,ethnicity,international,3,3.91,4.0,330,261,28,4,79.09,8.48,1.21
FR,San Diego,2019,ethnicity,white,1,1.38,3.69,232,163,28,5,70.26,12.07,2.16
FR,San Diego,2019,ethnicity,white,2,3.69,3.91,344,255,35,8,74.13,10.17,2.33
FR,San Diego,2019,ethnicity,white,3,3.91,4.0,464,377,34,6,81.25,7.33,1.29
FR,San Diego,2019,first_gen_status,first_gen,1,1.38,3.69,611,352,72,22,57.61,11.78,3.6
FR,San Diego,2019,first_gen_status,first_gen,2,3.69,3.91,823,576,93,26,69.99,11.3,3.16
FR,San Diego,2019,first_gen_status,first_gen,3,3.91,4.0,638,490,59,8,76.8,9.25,1.25
FR,San Diego,2019,first_gen_status,not_first_gen,1,1.38,3.69,783,548,92,24,69.99,11.75,3.07
FR,San Diego,2019,first_gen_status,not_first_gen,2,3.69,3.91,1265,962,117,26,76.05,9.25,2.06
FR,San Diego,2019,first_gen_status,not_first_gen,3,3.91,4.0,1495,1260,105,17,84.28,7.02,1.14
FR,San Diego,2019,overall,overall,1,1.38,3.69,1417,915,170,46,64.57,12.0,3.25
FR,San Diego,2019,overall,overall,2,3.69,3.91,2125,1566,214,53,73.69,10.07,2.49
FR,San Diego,2019,overall,overall,3,3.91,4.0,2176,1784,168,25,81.99,7.72,1.15
FR,San Diego,2019,pell_status,non_pell,1,1.38,3.69,741,507,93,19,68.42,12.55,2.56
FR,San Diego,2019,pell_status,non_pell,2,3.69,3.91,1278,995,111,24,77.86,8.69,1.88
FR,San Diego,2019,pell_status,non_pell,3,3.91,4.0,1514,1268,107,14,83.75,7.07,0.92
FR,San Diego,2019,pell_status,pell,1,1.38,3.69,676,408,77,27,60.36,11.39,3.99
FR,San Diego,2019,pell_status,pell,2,3.69,3.91,847,571,103,29,67.41,12.16,3.42
FR,San Diego,2019,pell_status,pell,3,3.91,4.0,662,516,61,11,77.95,9.21,1.66
FR,San Diego,2020,ethnicity,aian,1,1.1,3.67,10,6,0,0,60.0,0.0,0.0
FR,San Diego,2020,ethnicity,aian,2,3.67,3.91,10,8,1,0,80.0,10.0,0.0
FR,San Diego,2020,ethnicity,aian,3,3.91,4.0,7,5,1,0,71.43,14.29,0.0
FR,San Diego,2020,ethnicity,asian,1,1.1,3.67,467,343,58,0,73.45,12.42,0.0
FR,San Diego,2020,ethnicity,asian,2,3.67,3.91,1201,973,119,0,81.02,9.91,0.0
FR,San Diego,2020,ethnicity,asian,3,3.91,4.0,1006,893,56,0,88.77,5.57,0.0
FR,San Diego,2020,ethnicity,black,1,1.1,3.67,61,40,5,0,65.57,8.2,0.0
FR,San Diego,2020,ethnicity,black,2,3.67,3.91,78,49,9,0,62.82,11.54,0.0
FR,San Diego,2020,ethnicity,black,3,3.91,4.0,57,40,7,0,70.18,12.28,0.0
FR,San Diego,2020,ethnicity,hispanic_latino,1,1.1,3.67,264,139,35,0,52.65,13.26,0.0
FR,San Diego,2020,ethnicity,hispanic_latino,2,3.67,3.91,506,337,51,0,66.6,10.08,0.0
FR,San Diego,2020,ethnicity,hispanic_latino,3,3.91,4.0,338,274,27,0,81.07,7.99,0.0
FR,San Diego,2020,ethnicity,international,1,1.1,3.67,239,174,27,0,72.8,11.3,0.0
FR,San Diego,2020,ethnicity,international,2,3.67,3.91,370,290,34,0,78.38,9.19,0.0
FR,San Diego,2020,ethnicity,international,3,3.91,4.0,343,267,32,0,77.84,9.33,0.0
FR,San Diego,2020,ethnicity,white,1,1.1,3.67,152,107,20,0,70.39,13.16,0.0
FR,San Diego,2020,ethnicity,white,2,3.67,3.91,408,322,40,0,78.92,9.8,0.0
FR,San Diego,2020,ethnicity,white,3,3.91,4.0,503,415,42,0,82.5,8.35,0.0
FR,San Diego,2020,first_gen_status,first_gen,1,1.1,3.67,421,254,47,0,60.33,11.16,0.0
FR,San Diego,2020,first_gen_status,first_gen,2,3.67,3.91,744,520,79,0,69.89,10.62,0.0
FR,San Diego,2020,first_gen_status,first_gen,3,3.91,4.0,558,452,42,0,81.0,7.53,0.0
FR,San Diego,2020,first_gen_status,not_first_gen,1,1.1,3.67,766,551,98,0,71.93,12.79,0.0
FR,San Diego,2020,first_gen_status,not_first_gen,2,3.67,3.91,1850,1472,178,0,79.57,9.62,0.0
FR,San Diego,2020,first_gen_status,not_first_gen,3,3.91,4.0,1709,1459,119,0,85.37,6.96,0.0
FR,San Diego,2020,overall,overall,1,1.1,3.67,1213,824,147,0,67.93,12.12,0.0
FR,San Diego,2020,overall,overall,2,3.67,3.91,2658,2043,261,0,76.86,9.82,0.0
FR,San Diego,2020,overall,overall,3,3.91,4.0,2337,1967,169,0,84.17,7.23,0.0
FR,San Diego,2020,pell_status,non_pell,1,1.1,3.67,787,569,93,0,72.3,11.82,0.0
FR,San Diego,2020,pell_status,non_pell,2,3.67,3.91,1842,1450,182,0,78.72,9.88,0.0
FR,San Diego,2020,pell_status,non_pell,3,3.91,4.0,1702,1446,111,0,84.96,6.52,0.0
FR,San Diego,2020,pell_status,pell,1,1.1,3.67,426,255,54,0,59.86,12.68,0.0
FR,San Diego,2020,pell_status,pell,2,3.67,3.91,816,593,79,0,72.67,9.68,0.0
FR,San Diego,2020,pell_status,pell,3,3.91,4.0,635,521,58,0,82.05,9.13,0.0
FR,San Diego,2021,ethnicity,aian,1,0.0,3.71,7,4,0,0,57.14,0.0,0.0
FR,San Diego,2021,ethnicity,aian,2,3.71,3.92,8,8,0,0,100.0,0.0,0.0
FR,San Diego,2021,ethnicity,aian,3,3.92,4.0,15,12,0,0,80.0,0.0,0.0
FR,San Diego,2021,ethnicity,asian,1,0.0,3.71,387,282,0,0,72.87,0.0,0.0
FR,San Diego,2021,ethnicity,asian,2,3.71,3.92,1159,976,0,0,84.21,0.0,0.0
FR,San Diego,2021,ethnicity,asian,3,3.92,4.0,1319,1166,0,0,88.4,0.0,0.0
FR,San Diego,2021,ethnicity,black,1,0.0,3.71,66,30,0,0,45.45,0.0,0.0
FR,San Diego,2021,ethnicity,black,2,3.71,3.92,101,62,0,0,61.39,0.0,0.0
FR,San Diego,2021,ethnicity,black,3,3.92,4.0,55,38,0,0,69.09,0.0,0.0
FR,San Diego,2021,ethnicity,hispanic_latino,1,0.0,3.71,466,257,0,0,55.15,0.0,0.0
FR,San Diego,2021,ethnicity,hispanic_latino,2,3.71,3.92,722,500,0,0,69.25,0.0,0.0
FR,San Diego,2021,ethnicity,hispanic_latino,3,3.92,4.0,430,309,0,0,71.86,0.0,0.0
FR,San Diego,2021,ethnicity,international,1,0.0,3.71,115,89,0,0,77.39,0.0,0.0
FR,San Diego,2021,ethnicity,international,2,3.71,3.92,310,245,0,0,79.03,0.0,0.0
FR,San Diego,2021,ethnicity,international,3,3.92,4.0,470,393,0,0,83.62,0.0,0.0
FR,San Diego,2021,ethnicity,white,1,0.0,3.71,188,141,0,0,75.0,0.0,0.0
FR,San Diego,2021,ethnicity,white,2,3.71,3.92,510,398,0,0,78.04,0.0,0.0
FR,San Diego,2021,ethnicity,white,3,3.92,4.0,727,617,0,0,84.87,0.0,0.0
FR,San Diego,2021,first_gen_status,first_gen,1,0.0,3.71,539,315,0,0,58.44,0.0,0.0
FR,San Diego,2021,first_gen_status,first_gen,2,3.71,3.92,1005,756,0,0,75.22,0.0,0.0
FR,San Diego,2021,first_gen_status,first_gen,3,3.92,4.0,722,579,0,0,80.19,0.0,0.0
FR,San Diego,2021,first_gen_status,not_first_gen,1,0.0,3.71,689,487,0,0,70.68,0.0,0.0
FR,San Diego,2021,first_gen_status,not_first_gen,2,3.71,3.92,1804,1431,0,0,79.32,0.0,0.0
FR,San Diego,2021,first_gen_status,not_first_gen,3,3.92,4.0,2316,1989,0,0,85.88,0.0,0.0
FR,San Diego,2021,overall,overall,1,0.0,3.71,1251,817,0,0,65.31,0.0,0.0
FR,San Diego,2021,overall,overall,2,3.71,3.92,2878,2249,0,0,78.14,0.0,0.0
FR,San Diego,2021,overall,overall,3,3.92,4.0,3114,2628,0,0,84.39,0.0,0.0
FR,San Diego,2021,pell_status,non_pell,1,0.0,3.71,629,446,0,0,70.91,0.0,0.0
FR,San Diego,2021,pell_status,non_pell,2,3.71,3.92,1776,1404,0,0,79.05,0.0,0.0
FR,San Diego,2021,pell_status,non_pell,3,3.92,4.0,2226,1915,0,0,86.03,0.0,0.0
FR,San Diego,2021,pell_status,pell,1,0.0,3.71,622,371,0,0,59.65,0.0,0.0
FR,San Diego,2021,pell_status,pell,2,3.71,3.92,1102,845,0,0,76.68,0.0,0.0
FR,San Diego,2021,pell_status,pell,3,3.92,4.0,888,713,0,0,80.29,0.0,0.0
FR,Santa Barbara,2010,ethnicity,aian,1,1.75,3.47,13,11,0,0,84.62,0.0,0.0
FR,Santa Barbara,2010,ethnicity,aian,2,3.47,3.79,11,7,0,0,63.64,0.0,0.0
FR,Santa Barbara,2010,ethnicity,aian,3,3.79,4.0,13,9,2,0,69.23,15.38,0.0
FR,Santa Barbara,2010,ethnicity,asian,1,1.75,3.47,304,202,36,9,66.45,11.84,2.96
FR,Santa Barbara,2010,ethnicity,asian,2,3.47,3.79,361,258,41,7,71.47,11.36,1.94
FR,Santa Barbara,2010,ethnicity,asian,3,3.79,4.0,114,83,18,0,72.81,15.79,0.0
FR,Santa Barbara,2010,ethnicity,black,1,1.75,3.47,62,35,14,1,56.45,22.58,1.61
FR,Santa Barbara,2010,ethnicity,black,2,3.47,3.79,54,33,9,2,61.11,16.67,3.7
FR,Santa Barbara,2010,ethnicity,black,3,3.79,4.0,24,16,4,0,66.67,16.67,0.0
FR,Santa Barbara,2010,ethnicity,hispanic_latino,1,1.75,3.47,289,149,46,16,51.56,15.92,5.54
FR,Santa Barbara,2010,ethnicity,hispanic_latino,2,3.47,3.79,439,296,56,7,67.43,12.76,1.59
FR,Santa Barbara,2010,ethnicity,hispanic_latino,3,3.79,4.0,161,119,19,5,73.91,11.8,3.11
FR,Santa Barbara,2010,ethnicity,international,1,1.75,3.47,11,5,0,1,45.45,0.0,9.09
FR,Santa Barbara,2010,ethnicity,international,2,3.47,3.79,8,4,1,0,50.0,12.5,0.0
FR,Santa Barbara,2010,ethnicity,international,3,3.79,4.0,7,5,1,0,71.43,14.29,0.0
FR,Santa Barbara,2010,ethnicity,white,1,1.75,3.47,386,249,50,11,64.51,12.95,2.85
FR,Santa Barbara,2010,ethnicity,white,2,3.47,3.79,772,594,63,15,76.94,8.16,1.94
FR,Santa Barbara,2010,ethnicity,white,3,3.79,4.0,468,379,37,7,80.98,7.91,1.5
FR,Santa Barbara,2010,first_gen_status,first_gen,1,1.75,3.47,485,280,57,23,57.73,11.75,4.74
FR,Santa Barbara,2010,first_gen_status,first_gen,2,3.47,3.79,635,431,81,10,67.87,12.76,1.57
FR,Santa Barbara,2010,first_gen_status,first_gen,3,3.79,4.0,241,175,32,5,72.61,13.28,2.07
FR,Santa Barbara,2010,first_gen_status,not_first_gen,1,1.75,3.47,586,367,91,15,62.63,15.53,2.56
FR,Santa Barbara,2010,first_gen_status,not_first_gen,2,3.47,3.79,1002,752,92,19,75.05,9.18,1.9
FR,Santa Barbara,2010,first_gen_status,not_first_gen,3,3.79,4.0,532,421,49,6,79.14,9.21,1.13
FR,Santa Barbara,2010,overall,overall,1,1.75,3.47,1125,682,156,39,60.62,13.87,3.47
FR,Santa Barbara,2010,overall,overall,2,3.47,3.79,1741,1258,188,31,72.26,10.8,1.78
FR,Santa Barbara,2010,overall,overall,3,3.79,4.0,834,643,87,12,77.1,10.43,1.44
FR,Santa Barbara,2010,pell_status,non_pell,1,1.75,3.47,595,377,82,17,63.36,13.78,2.86
FR,Santa Barbara,2010,pell_status,non_pell,2,3.47,3.79,1035,791,89,17,76.43,8.6,1.64
FR,Santa Barbara,2010,pell_status,non_pell,3,3.79,4.0,558,440,50,5,78.85,8.96,0.9
FR,Santa Barbara,2010,pell_status,pell,1,1.75,3.47,530,305,74,22,57.55,13.96,4.15
FR,Santa Barbara,2010,pell_status,pell,2,3.47,3.79,706,467,99,14,66.15,14.02,1.98
FR,Santa Barbara,2010,pell_status,pell,3,3.79,4.0,276,203,37,7,73.55,13.41,2.54
FR,Santa Barbara,2011,ethnicity,aian,1,0.87,3.5,17,11,1,2,64.71,5.88,11.76
FR,Santa Barbara,2011,ethnicity,aian,2,3.5,3.8,13,5,2,0,38.46,15.38,0.0
FR,Santa Barbara,2011,ethnicity,aian,3,3.8,4.0,14,7,0,0,50.0,0.0,0.0
FR,Santa Barbara,2011,ethnicity,asian,1,0.87,3.5,420,258,61,16,61.43,14.52,3.81
FR,Santa Barbara,2011,ethnicity,asian,2,3.5,3.8,473,359,46,13,75.9,9.73,2.75
FR,Santa Barbara,2011,ethnicity,asian,3,3.8,4.0,161,129,12,4,80.12,7.45,2.48
FR,Santa Barbara,2011,ethnicity,black,1,0.87,3.5,67,39,12,2,58.21,17.91,2.99
FR,Santa Barbara,2011,ethnicity,black,2,3.5,3.8,64,41,9,2,64.06,14.06,3.12
FR,Santa Barbara,2011,ethnicity,black,3,3.8,4.0,21,14,5,0,66.67,23.81,0.0
FR,Santa Barbara,2011,ethnicity,hispanic_latino,1,0.87,3.5,363,205,52,8,56.47,14.33,2.2
FR,Santa Barbara,2011,ethnicity,hispanic_latino,2,3.5,3.8,453,292,59,17,64.46,13.02,3.75
FR,Santa Barbara,2011,ethnicity,hispanic_latino,3,3.8,4.0,197,123,29,3,62.44,14.72,1.52
FR,Santa Barbara,2011,ethnicity,international,1,0.87,3.5,32,22,5,0,68.75,15.62,0.0
FR,Santa Barbara,2011,ethnicity,international,2,3.5,3.8,34,20,3,1,58.82,8.82,2.94
FR,Santa Barbara,2011,ethnicity,international,3,3.8,4.0,15,11,3,0,73.33,20.0,0.0
FR,Santa Barbara,2011,ethnicity,white,1,0.87,3.5,378,234,58,9,61.9,15.34,2.38
FR,Santa Barbara,2011,ethnicity,white,2,3.5,3.8,707,538,62,12,76.1,8.77,1.7
FR,Santa Barbara,2011,ethnicity,white,3,3.8,4.0,505,414,28,5,81.98,5.54,0.99
FR,Santa Barbara,2011,first_gen_status,first_gen,1,0.87,3.5,642,378,94,23,58.88,14.64,3.58
FR,Santa Barbara,2011,first_gen_status,first_gen,2,3.5,3.8,714,471,89,25,65.97,12.46,3.5
FR,Santa Barbara,2011,first_gen_status,first_gen,3,3.8,4.0,314,212,42,4,67.52,13.38,1.27
FR,Santa Barbara,2011,first_gen_status,not_first_gen,1,0.87,3.5,647,397,96,15,61.36,14.84,2.32
FR,Santa Barbara,2011,first_gen_status,not_first_gen,2,3.5,3.8,1044,792,95,21,75.86,9.1,2.01
FR,Santa Barbara,2011,first_gen_status,not_first_gen,3,3.8,4.0,612,497,33,8,81.21,5.39,1.31
FR,Santa Barbara,2011,overall,overall,1,0.87,3.5,1308,786,194,39,60.09,14.83,2.98
FR,Santa Barbara,2011,overall,overall,2,3.5,3.8,1791,1286,187,46,71.8,10.44,2.57
FR,Santa Barbara,2011,overall,overall,3,3.8,4.0,946,723,77,12,76.43,8.14,1.27
FR,Santa Barbara,2011,pell_status,non_pell,1,0.87,3.5,580,347,87,16,59.83,15.0,2.76
FR,Santa Barbara,2011,pell_status,non_pell,2,3.5,3.8,1033,776,90,24,75.12,8.71,2.32
FR,Santa Barbara,2011,pell_status,non_pell,3,3.8,4.0,604,487,37,8,80.63,6.13,1.32
FR,Santa Barbara,2011,pell_status,pell,1,0.87,3.5,728,439,107,23,60.3,14.7,3.16
FR,Santa Barbara,2011,pell_status,pell,2,3.5,3.8,758,510,97,22,67.28,12.8,2.9
FR,Santa Barbara,2011,pell_status,pell,3,3.8,4.0,342,236,40,4,69.01,11.7,1.17
FR,Santa Barbara,2012,ethnicity,aian,1,1.02,3.52,25,15,4,0,60.0,16.0,0.0
FR,Santa Barbara,2012,ethnicity,aian,2,3.52,3.81,22,17,1,0,77.27,4.55,0.0
FR,Santa Barbara,2012,ethnicity,aian,3,3.81,4.0,12,6,1,0,50.0,8.33,0.0
FR,Santa Barbara,2012,ethnicity,asian,1,1.02,3.52,632,438,82,12,69.3,12.97,1.9
FR,Santa Barbara,2012,ethnicity,asian,2,3.52,3.81,499,366,54,8,73.35,10.82,1.6
FR,Santa Barbara,2012,ethnicity,asian,3,3.81,4.0,155,127,11,3,81.94,7.1,1.94
FR,Santa Barbara,2012,ethnicity,black,1,1.02,3.52,107,66,14,3,61.68,13.08,2.8
FR,Santa Barbara,2012,ethnicity,black,2,3.52,3.81,73,48,13,1,65.75,17.81,1.37
FR,Santa Barbara,2012,ethnicity,black,3,3.81,4.0,23,19,1,0,82.61,4.35,0.0
FR,Santa Barbara,2012,ethnicity,hispanic_latino,1,1.02,3.52,515,263,100,32,51.07,19.42,6.21
FR,Santa Barbara,2012,ethnicity,hispanic_latino,2,3.52,3.81,401,231,66,12,57.61,16.46,2.99
FR,Santa Barbara,2012,ethnicity,hispanic_latino,3,3.81,4.0,227,162,27,6,71.37,11.89,2.64
FR,Santa Barbara,2012,ethnicity,international,1,1.02,3.52,54,33,3,0,61.11,5.56,0.0
FR,Santa Barbara,2012,ethnicity,international,2,3.52,3.81,69,50,4,1,72.46,5.8,1.45
FR,Santa Barbara,2012,ethnicity,international,3,3.81,4.0,59,45,4,0,76.27,6.78,0.0
FR,Santa Barbara,2012,ethnicity,white,1,1.02,3.52,484,319,60,12,65.91,12.4,2.48
FR,Santa Barbara,2012,ethnicity,white,2,3.52,3.81,701,526,70,9,75.04,9.99,1.28
FR,Santa Barbara,2012,ethnicity,white,3,3.81,4.0,505,413,37,5,81.78,7.33,0.99
FR,Santa Barbara,2012,first_gen_status,first_gen,1,1.02,3.52,950,547,166,35,57.58,17.47,3.68
FR,Santa Barbara,2012,first_gen_status,first_gen,2,3.52,3.81,714,449,103,17,62.89,14.43,2.38
FR,Santa Barbara,2012,first_gen_status,first_gen,3,3.81,4.0,327,244,30,7,74.62,9.17,2.14
FR,Santa Barbara,2012,first_gen_status,not_first_gen,1,1.02,3.52,888,600,99,24,67.57,11.15,2.7
FR,Santa Barbara,2012,first_gen_status,not_first_gen,2,3.52,3.81,1075,808,106,14,75.16,9.86,1.3
FR,Santa Barbara,2012,first_gen_status,not_first_gen,3,3.81,4.0,658,525,55,9,79.79,8.36,1.37
FR,Santa Barbara,2012,overall,overall,1,1.02,3.52,1862,1164,268,59,62.51,14.39,3.17
FR,Santa Barbara,2012,overall,overall,2,3.52,3.81,1815,1273,214,31,70.14,11.79,1.71
FR,Santa Barbara,2012,overall,overall,3,3.81,4.0,1005,787,85,16,78.31,8.46,1.59
FR,Santa Barbara,2012,pell_status,non_pell,1,1.02,3.52,836,562,91,18,67.22,10.89,2.15
FR,Santa Barbara,2012,pell_status,non_pell,2,3.52,3.81,1012,753,98,9,74.41,9.68,0.89
FR,Santa Barbara,2012,pell_status,non_pell,3,3.81,4.0,609,490,45,9,80.46,7.39,1.48
FR,Santa Barbara,2012,pell_status,pell,1,1.02,3.52,1026,602,177,41,58.67,17.25,4.0
FR,Santa Barbara,2012,pell_status,pell,2,3.52,3.81,803,520,116,22,64.76,14.45,2.74
FR,Santa Barbara,2012,pell_status,pell,3,3.81,4.0,396,297,40,7,75.0,10.1,1.77
FR,Santa Barbara,2013,ethnicity,aian,1,1.21,3.57,20,14,3,0,70.0,15.0,0.0
FR,Santa Barbara,2013,ethnicity,aian,2,3.57,3.84,11,8,0,0,72.73,0.0,0.0
FR,Santa Barbara,2013,ethnicity,aian,3,3.84,4.0,6,6,0,0,100.0,0.0,0.0
FR,Santa Barbara,2013,ethnicity,asian,1,1.21,3.57,586,390,86,23,66.55,14.68,3.92
FR,Santa Barbara,2013,ethnicity,asian,2,3.57,3.84,404,293,50,6,72.52,12.38,1.49
FR,Santa Barbara,2013,ethnicity,asian,3,3.84,4.0,165,133,13,3,80.61,7.88,1.82
FR,Santa Barbara,2013,ethnicity,black,1,1.21,3.57,106,54,15,5,50.94,14.15,4.72
FR,Santa Barbara,2013,ethnicity,black,2,3.57,3.84,67,35,15,3,52.24,22.39,4.48
FR,Santa Barbara,2013,ethnicity,black,3,3.84,4.0,20,13,4,1,65.0,20.0,5.0
FR,Santa Barbara,2013,ethnicity,hispanic_latino,1,1.21,3.57,516,279,110,22,54.07,21.32,4.26
FR,Santa Barbara,2013,ethnicity,hispanic_latino,2,3.57,3.84,436,277,83,9,63.53,19.04,2.06
FR,Santa Barbara,2013,ethnicity,hispanic_latino,3,3.84,4.0,193,129,30,3,66.84,15.54,1.55
FR,Santa Barbara,2013,ethnicity,international,1,1.21,3.57,28,16,5,0,57.14,17.86,0.0
FR,Santa Barbara,2013,ethnicity,international,2,3.57,3.84,53,41,9,0,77.36,16.98,0.0
FR,Santa Barbara,2013,ethnicity,international,3,3.84,4.0,64,53,6,1,82.81,9.38,1.56
FR,Santa Barbara,2013,ethnicity,white,1,1.21,3.57,505,330,61,14,65.35,12.08,2.77
FR,Santa Barbara,2013,ethnicity,white,2,3.57,3.84,726,555,74,12,76.45,10.19,1.65
FR,Santa Barbara,2013,ethnicity,white,3,3.84,4.0,454,356,44,9,78.41,9.69,1.98
FR,Santa Barbara,2013,first_gen_status,first_gen,1,1.21,3.57,822,480,152,26,58.39,18.49,3.16
FR,Santa Barbara,2013,first_gen_status,first_gen,2,3.57,3.84,624,394,116,12,63.14,18.59,1.92
FR,Santa Barbara,2013,first_gen_status,first_gen,3,3.84,4.0,287,211,36,5,73.52,12.54,1.74
FR,Santa Barbara,2013,first_gen_status,not_first_gen,1,1.21,3.57,955,613,136,38,64.19,14.24,3.98
FR,Santa Barbara,2013,first_gen_status,not_first_gen,2,3.57,3.84,1092,831,119,18,76.1,10.9,1.65
FR,Santa Barbara,2013,first_gen_status,not_first_gen,3,3.84,4.0,639,496,64,13,77.62,10.02,2.03
FR,Santa Barbara,2013,overall,overall,1,1.21,3.57,1804,1111,290,65,61.59,16.08,3.6
FR,Santa Barbara,2013,overall,overall,2,3.57,3.84,1736,1240,237,30,71.43,13.65,1.73
FR,Santa Barbara,2013,overall,overall,3,3.84,4.0,939,716,101,18,76.25,10.76,1.92
FR,Santa Barbara,2013,pell_status,non_pell,1,1.21,3.57,903,607,114,30,67.22,12.62,3.32
FR,Santa Barbara,2013,pell_status,non_pell,2,3.57,3.84,1059,815,116,13,76.96,10.95,1.23
FR,Santa Barbara,2013,pell_status,non_pell,3,3.84,4.0,640,498,63,13,77.81,9.84,2.03
FR,Santa Barbara,2013,pell_status,pell,1,1.21,3.57,901,504,176,35,55.94,19.53,3.88
FR,Santa Barbara,2013,pell_status,pell,2,3.57,3.84,677,425,121,17,62.78,17.87,2.51
FR,Santa Barbara,2013,pell_status,pell,3,3.84,4.0,299,218,38,5,72.91,12.71,1.67
FR,Santa Barbara,2014,ethnicity,aian,1,0.25,3.59,25,18,4,0,72.0,16.0,0.0
FR,Santa Barbara,2014,ethnicity,aian,2,3.59,3.86,18,11,5,0,61.11,27.78,0.0
FR,Santa Barbara,2014,ethnicity,aian,3,3.86,4.0,9,8,0,0,88.89,0.0,0.0
FR,Santa Barbara,2014,ethnicity,asian,1,0.25,3.59,644,448,92,12,69.57,14.29,1.86
FR,Santa Barbara,2014,ethnicity,asian,2,3.59,3.86,483,360,57,13,74.53,11.8,2.69
FR,Santa Barbara,2014,ethnicity,asian,3,3.86,4.0,149,119,23,1,79.87,15.44,0.67
FR,Santa Barbara,2014,ethnicity,black,1,0.25,3.59,101,62,20,0,61.39,19.8,0.0
FR,Santa Barbara,2014,ethnicity,black,2,3.59,3.86,72,47,10,0,65.28,13.89,0.0
FR,Santa Barbara,2014,ethnicity,black,3,3.86,4.0,15,12,0,0,80.0,0.0,0.0
FR,Santa Barbara,2014,ethnicity,hispanic_latino,1,0.25,3.59,543,285,107,25,52.49,19.71,4.6
FR,Santa Barbara,2014,ethnicity,hispanic_latino,2,3.59,3.86,489,288,93,17,58.9,19.02,3.48
FR,Santa Barbara,2014,ethnicity,hispanic_latino,3,3.86,4.0,174,112,32,5,64.37,18.39,2.87
FR,Santa Barbara,2014,ethnicity,international,1,0.25,3.59,48,33,4,4,68.75,8.33,8.33
FR,Santa Barbara,2014,ethnicity,international,2,3.59,3.86,71,52,6,1,73.24,8.45,1.41
FR,Santa Barbara,2014,ethnicity,international,3,3.86,4.0,109,86,9,2,78.9,8.26,1.83
FR,Santa Barbara,2014,ethnicity,white,1,0.25,3.59,413,286,58,8,69.25,14.04,1.94
FR,Santa Barbara,2014,ethnicity,white,2,3.59,3.86,679,524,57,12,77.17,8.39,1.77
FR,Santa Barbara,2014,ethnicity,white,3,3.86,4.0,426,357,33,3,83.8,7.75,0.7
FR,Santa Barbara,2014,first_gen_status,first_gen,1,0.25,3.59,981,585,176,30,59.63,17.94,3.06
FR,Santa Barbara,2014,first_gen_status,first_gen,2,3.59,3.86,743,462,117,23,62.18,15.75,3.1
FR,Santa Barbara,2014,first_gen_status,first_gen,3,3.86,4.0,291,201,48,6,69.07,16.49,2.06
FR,Santa Barbara,2014,first_gen_status,not_first_gen,1,0.25,3.59,813,558,112,21,68.63,13.78,2.58
FR,Santa Barbara,2014,first_gen_status,not_first_gen,2,3.59,3.86,1098,842,115,20,76.68,10.47,1.82
FR,Santa Barbara,2014,first_gen_status,not_first_gen,3,3.86,4.0,608,510,49,5,83.88,8.06,0.82
FR,Santa Barbara,2014,overall,overall,1,0.25,3.59,1820,1157,292,51,63.57,16.04,2.8
FR,Santa Barbara,2014,overall,overall,2,3.59,3.86,1861,1319,234,43,70.88,12.57,2.31
FR,Santa Barbara,2014,overall,overall,3,3.86,4.0,909,718,98,11,78.99,10.78,1.21
FR,Santa Barbara,2014,pell_status,non_pell,1,0.25,3.59,853,581,108,25,68.11,12.66,2.93
FR,Santa Barbara,2014,pell_status,non_pell,2,3.59,3.86,1031,785,105,21,76.14,10.18,2.04
FR,Santa Barbara,2014,pell_status,non_pell,3,3.86,4.0,640,527,57,3,82.34,8.91,0.47
FR,Santa Barbara,2014,pell_status,pell,1,0.25,3.59,967,576,184,26,59.57,19.03,2.69
FR,Santa Barbara,2014,pell_status,pell,2,3.59,3.86,830,534,129,22,64.34,15.54,2.65
FR,Santa Barbara,2014,pell_status,pell,3,3.86,4.0,269,191,41,8,71.0,15.24,2.97
FR,Santa Barbara,2015,ethnicity,aian,1,1.0,3.61,22,12,4,0,54.55,18.18,0.0
FR,Santa Barbara,2015,ethnicity,aian,2,3.61,3.87,20,9,5,0,45.0,25.0,0.0
FR,Santa Barbara,2015,ethnicity,aian,3,3.87,4.0,9,6,1,1,66.67,11.11,11.11
FR,Santa Barbara,2015,ethnicity,asian,1,1.0,3.61,546,373,80,22,68.32,14.65,4.03
FR,Santa Barbara,2015,ethnicity,asian,2,3.61,3.87,456,346,54,11,75.88,11.84,2.41
FR,Santa Barbara,2015,ethnicity,asian,3,3.87,4.0,175,147,19,1,84.0,10.86,0.57
FR,Santa Barbara,2015,ethnicity,black,1,1.0,3.61,97,55,10,2,56.7,10.31,2.06
FR,Santa Barbara,2015,ethnicity,black,2,3.61,3.87,81,55,9,3,67.9,11.11,3.7
FR,Santa Barbara,2015,ethnicity,black,3,3.87,4.0,19,13,1,0,68.42,5.26,0.0
FR,Santa Barbara,2015,ethnicity,hispanic_latino,1,1.0,3.61,526,296,104,19,56.27,19.77,3.61
FR,Santa Barbara,2015,ethnicity,hispanic_latino,2,3.61,3.87,458,296,73,7,64.63,15.94,1.53
FR,Santa Barbara,2015,ethnicity,hispanic_latino,3,3.87,4.0,213,147,30,4,69.01,14.08,1.88
FR,Santa Barbara,2015,ethnicity,international,1,1.0,3.61,45,36,4,1,80.0,8.89,2.22
FR,Santa Barbara,2015,ethnicity,international,2,3.61,3.87,65,49,4,0,75.38,6.15,0.0
FR,Santa Barbara,2015,ethnicity,international,3,3.87,4.0,58,47,4,0,81.03,6.9,0.0
FR,Santa Barbara,2015,ethnicity,white,1,1.0,3.61,388,236,74,12,60.82,19.07,3.09
FR,Santa Barbara,2015,ethnicity,white,2,3.61,3.87,567,450,48,7,79.37,8.47,1.23
FR,Santa Barbara,2015,ethnicity,white,3,3.87,4.0,400,330,32,4,82.5,8.0,1.0
FR,Santa Barbara,2015,first_gen_status,first_gen,1,1.0,3.61,892,528,177,31,59.19,19.84,3.48
FR,Santa Barbara,2015,first_gen_status,first_gen,2,3.61,3.87,702,473,99,12,67.38,14.1,1.71
FR,Santa Barbara,2015,first_gen_status,first_gen,3,3.87,4.0,323,234,40,5,72.45,12.38,1.55
FR,Santa Barbara,2015,first_gen_status,not_first_gen,1,1.0,3.61,761,496,99,25,65.18,13.01,3.29
FR,Santa Barbara,2015,first_gen_status,not_first_gen,2,3.61,3.87,973,749,97,17,76.98,9.97,1.75
FR,Santa Barbara,2015,first_gen_status,not_first_gen,3,3.87,4.0,566,465,50,5,82.16,8.83,0.88
FR,Santa Barbara,2015,overall,overall,1,1.0,3.61,1678,1038,284,56,61.86,16.92,3.34
FR,Santa Barbara,2015,overall,overall,2,3.61,3.87,1695,1236,198,29,72.92,11.68,1.71
FR,Santa Barbara,2015,overall,overall,3,3.87,4.0,905,714,90,10,78.9,9.94,1.1
FR,Santa Barbara,2015,pell_status,non_pell,1,1.0,3.61,793,505,114,24,63.68,14.38,3.03
FR,Santa Barbara,2015,pell_status,non_pell,2,3.61,3.87,944,726,91,11,76.91,9.64,1.17
FR,Santa Barbara,2015,pell_status,non_pell,3,3.87,4.0,594,490,50,4,82.49,8.42,0.67
FR,Santa Barbara,2015,pell_status,pell,1,1.0,3.61,885,533,170,32,60.23,19.21,3.62
FR,Santa Barbara,2015,pell_status,pell,2,3.61,3.87,751,510,107,18,67.91,14.25,2.4
FR,Santa Barbara,2015,pell_status,pell,3,3.87,4.0,311,224,40,6,72.03,12.86,1.93
FR,Santa Barbara,2016,ethnicity,aian,1,0.85,3.59,12,9,0,1,75.0,0.0,8.33
FR,Santa Barbara,2016,ethnicity,aian,2,3.59,3.86,21,14,3,0,66.67,14.29,0.0
FR,Santa Barbara,2016,ethnicity,aian,3,3.86,4.0,9,5,1,0,55.56,11.11,0.0
FR,Santa Barbara,2016,ethnicity,asian,1,0.85,3.59,552,391,66,11,70.83,11.96,1.99
FR,Santa Barbara,2016,ethnicity,asian,2,3.59,3.86,508,411,49,6,80.91,9.65,1.18
FR,Santa Barbara,2016,ethnicity,asian,3,3.86,4.0,185,147,18,4,79.46,9.73,2.16
FR,Santa Barbara,2016,ethnicity,black,1,0.85,3.59,112,64,15,3,57.14,13.39,2.68
FR,Santa Barbara,2016,ethnicity,black,2,3.59,3.86,82,50,12,1,60.98,14.63,1.22
FR,Santa Barbara,2016,ethnicity,black,3,3.86,4.0,14,11,2,0,78.57,14.29,0.0
FR,Santa Barbara,2016,ethnicity,hispanic_latino,1,0.85,3.59,472,272,79,16,57.63,16.74,3.39
FR,Santa Barbara,2016,ethnicity,hispanic_latino,2,3.59,3.86,536,367,69,10,68.47,12.87,1.87
FR,Santa Barbara,2016,ethnicity,hispanic_latino,3,3.86,4.0,222,164,32,1,73.87,14.41,0.45
FR,Santa Barbara,2016,ethnicity,international,1,0.85,3.59,60,37,5,2,61.67,8.33,3.33
FR,Santa Barbara,2016,ethnicity,international,2,3.59,3.86,138,101,8,1,73.19,5.8,0.72
FR,Santa Barbara,2016,ethnicity,international,3,3.86,4.0,181,142,10,4,78.45,5.52,2.21
FR,Santa Barbara,2016,ethnicity,white,1,0.85,3.59,413,286,48,9,69.25,11.62,2.18
FR,Santa Barbara,2016,ethnicity,white,2,3.59,3.86,659,521,61,9,79.06,9.26,1.37
FR,Santa Barbara,2016,ethnicity,white,3,3.86,4.0,501,404,44,1,80.64,8.78,0.2
FR,Santa Barbara,2016,first_gen_status,first_gen,1,0.85,3.59,808,499,109,19,61.76,13.49,2.35
FR,Santa Barbara,2016,first_gen_status,first_gen,2,3.59,3.86,798,568,96,10,71.18,12.03,1.25
FR,Santa Barbara,2016,first_gen_status,first_gen,3,3.86,4.0,360,259,48,4,71.94,13.33,1.11
FR,Santa Barbara,2016,first_gen_status,not_first_gen,1,0.85,3.59,838,574,111,23,68.5,13.25,2.74
FR,Santa Barbara,2016,first_gen_status,not_first_gen,2,3.59,3.86,1170,916,107,17,78.29,9.15,1.45
FR,Santa Barbara,2016,first_gen_status,not_first_gen,3,3.86,4.0,770,625,65,6,81.17,8.44,0.78
FR,Santa Barbara,2016,overall,overall,1,0.85,3.59,1660,1082,221,42,65.18,13.31,2.53
FR,Santa Barbara,2016,overall,overall,2,3.59,3.86,1992,1504,205,27,75.5,10.29,1.36
FR,Santa Barbara,2016,overall,overall,3,3.86,4.0,1144,897,113,10,78.41,9.88,0.87
FR,Santa Barbara,2016,pell_status,non_pell,1,0.85,3.59,820,574,88,21,70.0,10.73,2.56
FR,Santa Barbara,2016,pell_status,non_pell,2,3.59,3.86,1217,963,94,20,79.13,7.72,1.64
FR,Santa Barbara,2016,pell_status,non_pell,3,3.86,4.0,827,669,64,6,80.89,7.74,0.73
FR,Santa Barbara,2016,pell_status,pell,1,0.85,3.59,840,508,133,21,60.48,15.83,2.5
FR,Santa Barbara,2016,pell_status,pell,2,3.59,3.86,775,541,111,7,69.81,14.32,0.9
FR,Santa Barbara,2016,pell_status,pell,3,3.86,4.0,317,228,49,4,71.92,15.46,1.26
FR,Santa Barbara,2017,ethnicity,aian,1,0.0,3.63,22,13,4,2,59.09,18.18,9.09
FR,Santa Barbara,2017,ethnicity,aian,2,3.63,3.88,20,14,3,1,70.0,15.0,5.0
FR,Santa Barbara,2017,ethnicity,aian,3,3.88,4.0,5,4,1,0,80.0,20.0,0.0
FR,Santa Barbara,2017,ethnicity,asian,1,0.0,3.63,453,345,35,9,76.16,7.73,1.99
FR,Santa Barbara,2017,ethnicity,asian,2,3.63,3.88,471,375,41,11,79.62,8.7,2.34
FR,Santa Barbara,2017,ethnicity,asian,3,3.88,4.0,200,158,22,4,79.0,11.0,2.0
FR,Santa Barbara,2017,ethnicity,black,1,0.0,3.63,125,72,16,6,57.6,12.8,4.8
FR,Santa Barbara,2017,ethnicity,black,2,3.63,3.88,96,75,11,2,78.12,11.46,2.08
FR,Santa Barbara,2017,ethnicity,black,3,3.88,4.0,23,14,5,1,60.87,21.74,4.35
FR,Santa Barbara,2017,ethnicity,hispanic_latino,1,0.0,3.63,449,250,67,14,55.68,14.92,3.12
FR,Santa Barbara,2017,ethnicity,hispanic_latino,2,3.63,3.88,425,274,64,10,64.47,15.06,2.35
FR,Santa Barbara,2017,ethnicity,hispanic_latino,3,3.88,4.0,203,152,20,1,74.88,9.85,0.49
FR,Santa Barbara,2017,ethnicity,international,1,0.0,3.63,48,30,4,2,62.5,8.33,4.17
FR,Santa Barbara,2017,ethnicity,international,2,3.63,3.88,153,119,13,4,77.78,8.5,2.61
FR,Santa Barbara,2017,ethnicity,international,3,3.88,4.0,135,107,2,2,79.26,1.48,1.48
FR,Santa Barbara,2017,ethnicity,white,1,0.0,3.63,329,211,47,8,64.13,14.29,2.43
FR,Santa Barbara,2017,ethnicity,white,2,3.63,3.88,549,437,49,9,79.6,8.93,1.64
FR,Santa Barbara,2017,ethnicity,white,3,3.88,4.0,479,404,38,1,84.34,7.93,0.21
FR,Santa Barbara,2017,first_gen_status,first_gen,1,0.0,3.63,723,442,93,20,61.13,12.86,2.77
FR,Santa Barbara,2017,first_gen_status,first_gen,2,3.63,3.88,646,450,85,19,69.66,13.16,2.94
FR,Santa Barbara,2017,first_gen_status,first_gen,3,3.88,4.0,293,220,27,6,75.09,9.22,2.05
FR,Santa Barbara,2017,first_gen_status,not_first_gen,1,0.0,3.63,706,483,78,22,68.41,11.05,3.12
FR,Santa Barbara,2017,first_gen_status,not_first_gen,2,3.63,3.88,1091,864,96,17,79.19,8.8,1.56
FR,Santa Barbara,2017,first_gen_status,not_first_gen,3,3.88,4.0,756,623,59,4,82.41,7.8,0.53
FR,Santa Barbara,2017,overall,overall,1,0.0,3.63,1457,941,177,42,64.58,12.15,2.88
FR,Santa Barbara,2017,overall,overall,2,3.63,3.88,1768,1335,185,37,75.51,10.46,2.09
FR,Santa Barbara,2017,overall,overall,3,3.88,4.0,1074,861,89,10,80.17,8.29,0.93
FR,Santa Barbara,2017,pell_status,non_pell,1,0.0,3.63,718,493,76,22,68.66,10.58,3.06
FR,Santa Barbara,2017,pell_status,non_pell,2,3.63,3.88,1109,884,84,18,79.71,7.57,1.62
FR,Santa Barbara,2017,pell_status,non_pell,3,3.88,4.0,787,644,57,6,81.83,7.24,0.76
FR,Santa Barbara,2017,pell_status,pell,1,0.0,3.63,739,448,101,20,60.62,13.67,2.71
FR,Santa Barbara,2017,pell_status,pell,2,3.63,3.88,659,451,101,19,68.44,15.33,2.88
FR,Santa Barbara,2017,pell_status,pell,3,3.88,4.0,287,217,32,4,75.61,11.15,1.39
FR,Santa Barbara,2018,ethnicity,aian,1,0.0,3.68,21,15,3,0,71.43,14.29,0.0
FR,Santa Barbara,2018,ethnicity,aian,2,3.68,3.9,15,11,1,0,73.33,6.67,0.0
FR,Santa Barbara,2018,ethnicity,aian,3,3.9,4.0,10,10,0,0,100.0,0.0,0.0
FR,Santa Barbara,2018,ethnicity,asian,1,0.0,3.68,445,319,47,12,71.69,10.56,2.7
FR,Santa Barbara,2018,ethnicity,asian,2,3.68,3.9,560,457,55,8,81.61,9.82,1.43
FR,Santa Barbara,2018,ethnicity,asian,3,3.9,4.0,342,284,33,10,83.04,9.65,2.92
FR,Santa Barbara,2018,ethnicity,black,1,0.0,3.68,84,40,8,3,47.62,9.52,3.57
FR,Santa Barbara,2018,ethnicity,black,2,3.68,3.9,67,51,4,2,76.12,5.97,2.99
FR,Santa Barbara,2018,ethnicity,black,3,3.9,4.0,36,26,3,1,72.22,8.33,2.78
FR,Santa Barbara,2018,ethnicity,hispanic_latino,1,0.0,3.68,545,269,94,28,49.36,17.25,5.14
FR,Santa Barbara,2018,ethnicity,hispanic_latino,2,3.68,3.9,430,281,60,11,65.35,13.95,2.56
FR,Santa Barbara,2018,ethnicity,hispanic_latino,3,3.9,4.0,263,193,21,9,73.38,7.98,3.42
FR,Santa Barbara,2018,ethnicity,international,1,0.0,3.68,138,87,14,2,63.04,10.14,1.45
FR,Santa Barbara,2018,ethnicity,international,2,3.68,3.9,218,151,25,3,69.27,11.47,1.38
FR,Santa Barbara,2018,ethnicity,international,3,3.9,4.0,209,156,14,7,74.64,6.7,3.35
FR,Santa Barbara,2018,ethnicity,white,1,0.0,3.68,319,192,48,4,60.19,15.05,1.25
FR,Santa Barbara,2018,ethnicity,white,2,3.68,3.9,504,367,55,10,72.82,10.91,1.98
FR,Santa Barbara,2018,ethnicity,white,3,3.9,4.0,529,430,40,4,81.29,7.56,0.76
FR,Santa Barbara,2018,first_gen_status,first_gen,1,0.0,3.68,861,487,124,35,56.56,14.4,4.07
FR,Santa Barbara,2018,first_gen_status,first_gen,2,3.68,3.9,718,507,89,16,70.61,12.4,2.23
FR,Santa Barbara,2018,first_gen_status,first_gen,3,3.9,4.0,434,316,39,13,72.81,8.99,3.0
FR,Santa Barbara,2018,first_gen_status,not_first_gen,1,0.0,3.68,700,440,93,14,62.86,13.29,2.0
FR,Santa Barbara,2018,first_gen_status,not_first_gen,2,3.68,3.9,1096,829,115,17,75.64,10.49,1.55
FR,Santa Barbara,2018,first_gen_status,not_first_gen,3,3.9,4.0,965,796,72,16,82.49,7.46,1.66
FR,Santa Barbara,2018,overall,overall,1,0.0,3.68,1584,942,218,50,59.47,13.76,3.16
FR,Santa Barbara,2018,overall,overall,2,3.68,3.9,1838,1353,206,34,73.61,11.21,1.85
FR,Santa Barbara,2018,overall,overall,3,3.9,4.0,1423,1129,113,31,79.34,7.94,2.18
FR,Santa Barbara,2018,pell_status,non_pell,1,0.0,3.68,716,448,85,12,62.57,11.87,1.68
FR,Santa Barbara,2018,pell_status,non_pell,2,3.68,3.9,1153,874,113,14,75.8,9.8,1.21
FR,Santa Barbara,2018,pell_status,non_pell,3,3.9,4.0,1012,821,76,17,81.13,7.51,1.68
FR,Santa Barbara,2018,pell_status,pell,1,0.0,3.68,868,494,133,38,56.91,15.32,4.38
FR,Santa Barbara,2018,pell_status,pell,2,3.68,3.9,685,479,93,20,69.93,13.58,2.92
FR,Santa Barbara,2018,pell_status,pell,3,3.9,4.0,411,308,37,14,74.94,9.0,3.41
FR,Santa Barbara,2019,ethnicity,aian,1,1.38,3.69,10,4,2,0,40.0,20.0,0.0
FR,Santa Barbara,2019,ethnicity,aian,2,3.69,3.91,13,11,1,0,84.62,7.69,0.0
FR,Santa Barbara,2019,ethnicity,aian,3,3.91,4.0,8,6,1,0,75.0,12.5,0.0
FR,Santa Barbara,2019,ethnicity,asian,1,1.38,3.69,261,185,33,4,70.88,12.64,1.53
FR,Santa Barbara,2019,ethnicity,asian,2,3.69,3.91,525,415,51,13,79.05,9.71,2.48
FR,Santa Barbara,2019,ethnicity,asian,3,3.91,4.0,385,323,30,4,83.9,7.79,1.04
FR,Santa Barbara,2019,ethnicity,black,1,1.38,3.69,74,34,21,2,45.95,28.38,2.7
FR,Santa Barbara,2019,ethnicity,black,2,3.69,3.91,77,61,4,0,79.22,5.19,0.0
FR,Santa Barbara,2019,ethnicity,black,3,3.91,4.0,34,25,3,1,73.53,8.82,2.94
FR,Santa Barbara,2019,ethnicity,hispanic_latino,1,1.38,3.69,441,238,79,18,53.97,17.91,4.08
FR,Santa Barbara,2019,ethnicity,hispanic_latino,2,3.69,3.91,424,275,59,10,64.86,13.92,2.36
FR,Santa Barbara,2019,ethnicity,hispanic_latino,3,3.91,4.0,270,206,24,3,76.3,8.89,1.11
FR,Santa Barbara,2019,ethnicity,international,1,1.38,3.69,160,97,19,2,60.62,11.88,1.25
FR,Santa Barbara,2019,ethnicity,international,2,3.69,3.91,307,225,24,5,73.29,7.82,1.63
FR,Santa Barbara,2019,ethnicity,international,3,3.91,4.0,258,182,22,4,70.54,8.53,1.55
FR,Santa Barbara,2019,ethnicity,white,1,1.38,3.69,246,150,38,7,60.98,15.45,2.85
FR,Santa Barbara,2019,ethnicity,white,2,3.69,3.91,489,386,41,9,78.94,8.38,1.84
FR,Santa Barbara,2019,ethnicity,white,3,3.91,4.0,578,470,52,6,81.31,9.0,1.04
FR,Santa Barbara,2019,first_gen_status,first_gen,1,1.38,3.69,641,372,105,20,58.03,16.38,3.12
FR,Santa Barbara,2019,first_gen_status,first_gen,2,3.69,3.91,715,500,80,16,69.93,11.19,2.24
FR,Santa Barbara,2019,first_gen_status,first_gen,3,3.91,4.0,414,307,40,7,74.15,9.66,1.69
FR,Santa Barbara,2019,first_gen_status,not_first_gen,1,1.38,3.69,549,334,84,13,60.84,15.3,2.37
FR,Santa Barbara,2019,first_gen_status,not_first_gen,2,3.69,3.91,1122,873,103,22,77.81,9.18,1.96
FR,Santa Barbara,2019,first_gen_status,not_first_gen,3,3.91,4.0,1130,920,91,12,81.42,8.05,1.06
FR,Santa Barbara,2019,overall,overall,1,1.38,3.69,1212,719,193,33,59.32,15.92,2.72
FR,Santa Barbara,2019,overall,overall,2,3.69,3.91,1869,1399,185,38,74.85,9.9,2.03
FR,Santa Barbara,2019,overall,overall,3,3.91,4.0,1564,1239,133,19,79.22,8.5,1.21
FR,Santa Barbara,2019,pell_status,non_pell,1,1.38,3.69,634,395,89,11,62.3,14.04,1.74
FR,Santa Barbara,2019,pell_status,non_pell,2,3.69,3.91,1214,923,110,23,76.03,9.06,1.89
FR,Santa Barbara,2019,pell_status,non_pell,3,3.91,4.0,1156,924,88,12,79.93,7.61,1.04
FR,Santa Barbara,2019,pell_status,pell,1,1.38,3.69,578,324,104,22,56.06,17.99,3.81
FR,Santa Barbara,2019,pell_status,pell,2,3.69,3.91,655,476,75,15,72.67,11.45,2.29
FR,Santa Barbara,2019,pell_status,pell,3,3.91,4.0,408,315,45,7,77.21,11.03,1.72
FR,Santa Barbara,2020,ethnicity,aian,1,1.1,3.67,7,2,1,0,28.57,14.29,0.0
FR,Santa Barbara,2020,ethnicity,aian,2,3.67,3.91,9,5,2,0,55.56,22.22,0.0
FR,Santa Barbara,2020,ethnicity,aian,3,3.91,4.0,13,12,1,0,92.31,7.69,0.0
FR,Santa Barbara,2020,ethnicity,asian,1,1.1,3.67,376,276,42,0,73.4,11.17,0.0
FR,Santa Barbara,2020,ethnicity,asian,2,3.67,3.91,616,510,46,0,82.79,7.47,0.0
FR,Santa Barbara,2020,ethnicity,asian,3,3.91,4.0,365,306,23,0,83.84,6.3,0.0
FR,Santa Barbara,2020,ethnicity,black,1,1.1,3.67,83,40,14,0,48.19,16.87,0.0
FR,Santa Barbara,2020,ethnicity,black,2,3.67,3.91,66,48,9,0,72.73,13.64,0.0
FR,Santa Barbara,2020,ethnicity,black,3,3.91,4.0,17,14,3,0,82.35,17.65,0.0
FR,Santa Barbara,2020,ethnicity,hispanic_latino,1,1.1,3.67,401,193,59,0,48.13,14.71,0.0
FR,Santa Barbara,2020,ethnicity,hispanic_latino,2,3.67,3.91,453,293,56,0,64.68,12.36,0.0
FR,Santa Barbara,2020,ethnicity,hispanic_latino,3,3.91,4.0,241,178,27,0,73.86,11.2,0.0
FR,Santa Barbara,2020,ethnicity,international,1,1.1,3.67,82,49,10,0,59.76,12.2,0.0
FR,Santa Barbara,2020,ethnicity,international,2,3.67,3.91,142,89,16,0,62.68,11.27,0.0
FR,Santa Barbara,2020,ethnicity,international,3,3.91,4.0,156,118,10,0,75.64,6.41,0.0
FR,Santa Barbara,2020,ethnicity,white,1,1.1,3.67,318,214,35,0,67.3,11.01,0.0
FR,Santa Barbara,2020,ethnicity,white,2,3.67,3.91,673,527,56,0,78.31,8.32,0.0
FR,Santa Barbara,2020,ethnicity,white,3,3.91,4.0,574,475,47,0,82.75,8.19,0.0
FR,Santa Barbara,2020,first_gen_status,first_gen,1,1.1,3.67,540,281,70,0,52.04,12.96,0.0
FR,Santa Barbara,2020,first_gen_status,first_gen,2,3.67,3.91,646,423,77,0,65.48,11.92,0.0
FR,Santa Barbara,2020,first_gen_status,first_gen,3,3.91,4.0,338,254,27,0,75.15,7.99,0.0
FR,Santa Barbara,2020,first_gen_status,not_first_gen,1,1.1,3.67,740,498,93,0,67.3,12.57,0.0
FR,Santa Barbara,2020,first_gen_status,not_first_gen,2,3.67,3.91,1336,1069,106,0,80.01,7.93,0.0
FR,Santa Barbara,2020,first_gen_status,not_first_gen,3,3.91,4.0,1041,862,86,0,82.8,8.26,0.0
FR,Santa Barbara,2020,overall,overall,1,1.1,3.67,1313,803,168,0,61.16,12.8,0.0
FR,Santa Barbara,2020,overall,overall,2,3.67,3.91,2026,1523,190,0,75.17,9.38,0.0
FR,Santa Barbara,2020,overall,overall,3,3.91,4.0,1411,1142,114,0,80.94,8.08,0.0
FR,Santa Barbara,2020,pell_status,non_pell,1,1.1,3.67,754,508,88,0,67.37,11.67,0.0
FR,Santa Barbara,2020,pell_status,non_pell,2,3.67,3.91,1355,1075,104,0,79.34,7.68,0.0
FR,Santa Barbara,2020,pell_status,non_pell,3,3.91,4.0,1066,867,86,0,81.33,8.07,0.0
FR,Santa Barbara,2020,pell_status,pell,1,1.1,3.67,559,295,80,0,52.77,14.31,0.0
FR,Santa Barbara,2020,pell_status,pell,2,3.67,3.91,671,448,86,0,66.77,12.82,0.0
FR,Santa Barbara,2020,pell_status,pell,3,3.91,4.0,345,275,28,0,79.71,8.12,0.0
FR,Santa Barbara,2021,ethnicity,aian,1,0.0,3.71,,0,,,0.0,,
FR,Santa Barbara,2021,ethnicity,aian,2,3.71,3.92,5,4,0,0,80.0,0.0,0.0
FR,Santa Barbara,2021,ethnicity,aian,3,3.92,4.0,5,4,0,0,80.0,0.0,0.0
FR,Santa Barbara,2021,ethnicity,asian,1,0.0,3.71,191,139,0,0,72.77,0.0,0.0
FR,Santa Barbara,2021,ethnicity,asian,2,3.71,3.92,602,506,0,0,84.05,0.0,0.0
FR,Santa Barbara,2021,ethnicity,asian,3,3.92,4.0,410,342,0,0,83.41,0.0,0.0
FR,Santa Barbara,2021,ethnicity,black,1,0.0,3.71,75,39,0,0,52.0,0.0,0.0
FR,Santa Barbara,2021,ethnicity,black,2,3.71,3.92,69,53,0,0,76.81,0.0,0.0
FR,Santa Barbara,2021,ethnicity,black,3,3.92,4.0,31,24,0,0,77.42,0.0,0.0
FR,Santa Barbara,2021,ethnicity,hispanic_latino,1,0.0,3.71,383,210,0,0,54.83,0.0,0.0
FR,Santa Barbara,2021,ethnicity,hispanic_latino,2,3.71,3.92,488,364,0,0,74.59,0.0,0.0
FR,Santa Barbara,2021,ethnicity,hispanic_latino,3,3.92,4.0,304,241,0,0,79.28,0.0,0.0
FR,Santa Barbara,2021,ethnicity,international,1,0.0,3.71,56,29,0,0,51.79,0.0,0.0
FR,Santa Barbara,2021,ethnicity,international,2,3.71,3.92,206,137,0,0,66.5,0.0,0.0
FR,Santa Barbara,2021,ethnicity,international,3,3.92,4.0,252,167,0,0,66.27,0.0,0.0
FR,Santa Barbara,2021,ethnicity,white,1,0.0,3.71,142,101,0,0,71.13,0.0,0.0
FR,Santa Barbara,2021,ethnicity,white,2,3.71,3.92,633,529,0,0,83.57,0.0,0.0
FR,Santa Barbara,2021,ethnicity,white,3,3.92,4.0,728,629,0,0,86.4,0.0,0.0
FR,Santa Barbara,2021,first_gen_status,first_gen,1,0.0,3.71,473,263,0,0,55.6,0.0,0.0
FR,Santa Barbara,2021,first_gen_status,first_gen,2,3.71,3.92,642,466,0,0,72.59,0.0,0.0
FR,Santa Barbara,2021,first_gen_status,first_gen,3,3.92,4.0,382,283,0,0,74.08,0.0,0.0
FR,Santa Barbara,2021,first_gen_status,not_first_gen,1,0.0,3.71,377,255,0,0,67.64,0.0,0.0
FR,Santa Barbara,2021,first_gen_status,not_first_gen,2,3.71,3.92,1374,1134,0,0,82.53,0.0,0.0
FR,Santa Barbara,2021,first_gen_status,not_first_gen,3,3.92,4.0,1371,1153,0,0,84.1,0.0,0.0
FR,Santa Barbara,2021,overall,overall,1,0.0,3.71,859,524,0,0,61.0,0.0,0.0
FR,Santa Barbara,2021,overall,overall,2,3.71,3.92,2062,1640,0,0,79.53,0.0,0.0
FR,Santa Barbara,2021,overall,overall,3,3.92,4.0,1802,1472,0,0,81.69,0.0,0.0
FR,Santa Barbara,2021,pell_status,non_pell,1,0.0,3.71,360,238,0,0,66.11,0.0,0.0
FR,Santa Barbara,2021,pell_status,non_pell,2,3.71,3.92,1404,1136,0,0,80.91,0.0,0.0
FR,Santa Barbara,2021,pell_status,non_pell,3,3.92,4.0,1383,1140,0,0,82.43,0.0,0.0
FR,Santa Barbara,2021,pell_status,pell,1,0.0,3.71,499,286,0,0,57.31,0.0,0.0
FR,Santa Barbara,2021,pell_status,pell,2,3.71,3.92,658,504,0,0,76.6,0.0,0.0
FR,Santa Barbara,2021,pell_status,pell,3,3.92,4.0,419,332,0,0,79.24,0.0,0.0
FR,Santa Cruz,2010,ethnicity,aian,1,1.75,3.47,21,11,4,0,52.38,19.05,0.0
FR,Santa Cruz,2010,ethnicity,aian,2,3.47,3.79,16,9,4,0,56.25,25.0,0.0
FR,Santa Cruz,2010,ethnicity,aian,3,3.79,4.0,4,3,0,1,75.0,0.0,25.0
FR,Santa Cruz,2010,ethnicity,asian,1,1.75,3.47,597,320,149,30,53.6,24.96,5.03
FR,Santa Cruz,2010,ethnicity,asian,2,3.47,3.79,246,147,57,3,59.76,23.17,1.22
FR,Santa Cruz,2010,ethnicity,asian,3,3.79,4.0,70,41,14,2,58.57,20.0,2.86
FR,Santa Cruz,2010,ethnicity,black,1,1.75,3.47,68,32,12,3,47.06,17.65,4.41
FR,Santa Cruz,2010,ethnicity,black,2,3.47,3.79,19,13,3,0,68.42,15.79,0.0
FR,Santa Cruz,2010,ethnicity,black,3,3.79,4.0,5,3,2,0,60.0,40.0,0.0
FR,Santa Cruz,2010,ethnicity,hispanic_latino,1,1.75,3.47,540,202,174,29,37.41,32.22,5.37
FR,Santa Cruz,2010,ethnicity,hispanic_latino,2,3.47,3.79,217,91,61,9,41.94,28.11,4.15
FR,Santa Cruz,2010,ethnicity,hispanic_latino,3,3.79,4.0,69,39,19,2,56.52,27.54,2.9
FR,Santa Cruz,2010,ethnicity,international,1,1.75,3.47,8,4,0,0,50.0,0.0,0.0
FR,Santa Cruz,2010,ethnicity,international,2,3.47,3.79,3,1,0,0,33.33,0.0,0.0
FR,Santa Cruz,2010,ethnicity,international,3,3.79,4.0,,0,0,0,0.0,0.0,0.0
FR,Santa Cruz,2010,ethnicity,white,1,1.75,3.47,669,374,139,21,55.9,20.78,3.14
FR,Santa Cruz,2010,ethnicity,white,2,3.47,3.79,440,284,83,12,64.55,18.86,2.73
FR,Santa Cruz,2010,ethnicity,white,3,3.79,4.0,163,102,31,2,62.58,19.02,1.23
FR,Santa Cruz,2010,first_gen_status,first_gen,1,1.75,3.47,964,430,259,51,44.61,26.87,5.29
FR,Santa Cruz,2010,first_gen_status,first_gen,2,3.47,3.79,367,186,89,10,50.68,24.25,2.72
FR,Santa Cruz,2010,first_gen_status,first_gen,3,3.79,4.0,110,71,21,4,64.55,19.09,3.64
FR,Santa Cruz,2010,first_gen_status,not_first_gen,1,1.75,3.47,915,500,208,30,54.64,22.73,3.28
FR,Santa Cruz,2010,first_gen_status,not_first_gen,2,3.47,3.79,566,355,117,14,62.72,20.67,2.47
FR,Santa Cruz,2010,first_gen_status,not_first_gen,3,3.79,4.0,192,118,42,2,61.46,21.88,1.04
FR,Santa Cruz,2010,overall,overall,1,1.75,3.47,1968,969,490,89,49.24,24.9,4.52
FR,Santa Cruz,2010,overall,overall,2,3.47,3.79,987,572,217,24,57.95,21.99,2.43
FR,Santa Cruz,2010,overall,overall,3,3.79,4.0,325,198,67,7,60.92,20.62,2.15
FR,Santa Cruz,2010,pell_status,non_pell,1,1.75,3.47,959,513,215,33,53.49,22.42,3.44
FR,Santa Cruz,2010,pell_status,non_pell,2,3.47,3.79,546,355,103,9,65.02,18.86,1.65
FR,Santa Cruz,2010,pell_status,non_pell,3,3.79,4.0,177,111,29,2,62.71,16.38,1.13
FR,Santa Cruz,2010,pell_status,pell,1,1.75,3.47,1009,456,275,56,45.19,27.25,5.55
FR,Santa Cruz,2010,pell_status,pell,2,3.47,3.79,441,217,114,15,49.21,25.85,3.4
FR,Santa Cruz,2010,pell_status,pell,3,3.79,4.0,148,87,38,5,58.78,25.68,3.38
FR,Santa Cruz,2011,ethnicity,aian,1,0.87,3.5,25,10,8,0,40.0,32.0,0.0
FR,Santa Cruz,2011,ethnicity,aian,2,3.5,3.8,10,7,1,0,70.0,10.0,0.0
FR,Santa Cruz,2011,ethnicity,aian,3,3.8,4.0,4,2,1,0,50.0,25.0,0.0
FR,Santa Cruz,2011,ethnicity,asian,1,0.87,3.5,656,381,141,16,58.08,21.49,2.44
FR,Santa Cruz,2011,ethnicity,asian,2,3.5,3.8,283,160,74,10,56.54,26.15,3.53
FR,Santa Cruz,2011,ethnicity,asian,3,3.8,4.0,57,37,9,0,64.91,15.79,0.0
FR,Santa Cruz,2011,ethnicity,black,1,0.87,3.5,93,44,23,1,47.31,24.73,1.08
FR,Santa Cruz,2011,ethnicity,black,2,3.5,3.8,27,15,5,2,55.56,18.52,7.41
FR,Santa Cruz,2011,ethnicity,black,3,3.8,4.0,8,4,2,0,50.0,25.0,0.0
FR,Santa Cruz,2011,ethnicity,hispanic_latino,1,0.87,3.5,695,292,184,41,42.01,26.47,5.9
FR,Santa Cruz,2011,ethnicity,hispanic_latino,2,3.5,3.8,265,124,76,11,46.79,28.68,4.15
FR,Santa Cruz,2011,ethnicity,hispanic_latino,3,3.8,4.0,77,40,19,1,51.95,24.68,1.3
FR,Santa Cruz,2011,ethnicity,international,1,0.87,3.5,10,7,0,0,70.0,0.0,0.0
FR,Santa Cruz,2011,ethnicity,international,2,3.5,3.8,2,1,0,1,50.0,0.0,50.0
FR,Santa Cruz,2011,ethnicity,international,3,3.8,4.0,3,2,0,1,66.67,0.0,33.33
FR,Santa Cruz,2011,ethnicity,white,1,0.87,3.5,690,400,133,25,57.97,19.28,3.62
FR,Santa Cruz,2011,ethnicity,white,2,3.5,3.8,479,302,86,12,63.05,17.95,2.51
FR,Santa Cruz,2011,ethnicity,white,3,3.8,4.0,172,113,27,5,65.7,15.7,2.91
FR,Santa Cruz,2011,first_gen_status,first_gen,1,0.87,3.5,1109,511,276,52,46.08,24.89,4.69
FR,Santa Cruz,2011,first_gen_status,first_gen,2,3.5,3.8,415,214,112,14,51.57,26.99,3.37
FR,Santa Cruz,2011,first_gen_status,first_gen,3,3.8,4.0,121,66,25,2,54.55,20.66,1.65
FR,Santa Cruz,2011,first_gen_status,not_first_gen,1,0.87,3.5,1043,609,214,29,58.39,20.52,2.78
FR,Santa Cruz,2011,first_gen_status,not_first_gen,2,3.5,3.8,641,389,128,21,60.69,19.97,3.28
FR,Santa Cruz,2011,first_gen_status,not_first_gen,3,3.8,4.0,196,130,32,5,66.33,16.33,2.55
FR,Santa Cruz,2011,overall,overall,1,0.87,3.5,2193,1147,495,84,52.3,22.57,3.83
FR,Santa Cruz,2011,overall,overall,2,3.5,3.8,1078,615,245,36,57.05,22.73,3.34
FR,Santa Cruz,2011,overall,overall,3,3.8,4.0,323,200,58,7,61.92,17.96,2.17
FR,Santa Cruz,2011,pell_status,non_pell,1,0.87,3.5,1104,647,213,32,58.61,19.29,2.9
FR,Santa Cruz,2011,pell_status,non_pell,2,3.5,3.8,573,353,116,15,61.61,20.24,2.62
FR,Santa Cruz,2011,pell_status,non_pell,3,3.8,4.0,173,113,23,5,65.32,13.29,2.89
FR,Santa Cruz,2011,pell_status,pell,1,0.87,3.5,1089,500,282,52,45.91,25.9,4.78
FR,Santa Cruz,2011,pell_status,pell,2,3.5,3.8,505,262,129,21,51.88,25.54,4.16
FR,Santa Cruz,2011,pell_status,pell,3,3.8,4.0,150,87,35,2,58.0,23.33,1.33
FR,Santa Cruz,2012,ethnicity,aian,1,1.02,3.52,34,14,7,1,41.18,20.59,2.94
FR,Santa Cruz,2012,ethnicity,aian,2,3.52,3.81,6,3,1,0,50.0,16.67,0.0
FR,Santa Cruz,2012,ethnicity,aian,3,3.81,4.0,3,1,0,0,33.33,0.0,0.0
FR,Santa Cruz,2012,ethnicity,asian,1,1.02,3.52,733,408,168,31,55.66,22.92,4.23
FR,Santa Cruz,2012,ethnicity,asian,2,3.52,3.81,272,162,58,9,59.56,21.32,3.31
FR,Santa Cruz,2012,ethnicity,asian,3,3.81,4.0,61,31,14,1,50.82,22.95,1.64
FR,Santa Cruz,2012,ethnicity,black,1,1.02,3.52,106,36,18,3,33.96,16.98,2.83
FR,Santa Cruz,2012,ethnicity,black,2,3.52,3.81,39,18,6,2,46.15,15.38,5.13
FR,Santa Cruz,2012,ethnicity,black,3,3.81,4.0,9,5,0,0,55.56,0.0,0.0
FR,Santa Cruz,2012,ethnicity,hispanic_latino,1,1.02,3.52,912,335,266,40,36.73,29.17,4.39
FR,Santa Cruz,2012,ethnicity,hispanic_latino,2,3.52,3.81,296,142,75,11,47.97,25.34,3.72
FR,Santa Cruz,2012,ethnicity,hispanic_latino,3,3.81,4.0,74,43,16,5,58.11,21.62,6.76
FR,Santa Cruz,2012,ethnicity,international,1,1.02,3.52,8,1,3,0,12.5,37.5,0.0
FR,Santa Cruz,2012,ethnicity,international,2,3.52,3.81,3,2,1,0,66.67,33.33,0.0
FR,Santa Cruz,2012,ethnicity,international,3,3.81,4.0,1,1,0,0,100.0,0.0,0.0
FR,Santa Cruz,2012,ethnicity,white,1,1.02,3.52,654,348,137,16,53.21,20.95,2.45
FR,Santa Cruz,2012,ethnicity,white,2,3.52,3.81,409,252,73,7,61.61,17.85,1.71
FR,Santa Cruz,2012,ethnicity,white,3,3.81,4.0,157,107,24,0,68.15,15.29,0.0
FR,Santa Cruz,2012,first_gen_status,first_gen,1,1.02,3.52,1439,620,366,65,43.09,25.43,4.52
FR,Santa Cruz,2012,first_gen_status,first_gen,2,3.52,3.81,457,223,109,13,48.8,23.85,2.84
FR,Santa Cruz,2012,first_gen_status,first_gen,3,3.81,4.0,125,67,25,6,53.6,20.0,4.8
FR,Santa Cruz,2012,first_gen_status,not_first_gen,1,1.02,3.52,988,513,229,28,51.92,23.18,2.83
FR,Santa Cruz,2012,first_gen_status,not_first_gen,2,3.52,3.81,575,360,105,15,62.61,18.26,2.61
FR,Santa Cruz,2012,first_gen_status,not_first_gen,3,3.81,4.0,187,125,29,1,66.84,15.51,0.53
FR,Santa Cruz,2012,overall,overall,1,1.02,3.52,2463,1150,603,93,46.69,24.48,3.78
FR,Santa Cruz,2012,overall,overall,2,3.52,3.81,1043,590,215,29,56.57,20.61,2.78
FR,Santa Cruz,2012,overall,overall,3,3.81,4.0,315,194,55,7,61.59,17.46,2.22
FR,Santa Cruz,2012,pell_status,non_pell,1,1.02,3.52,946,493,218,27,52.11,23.04,2.85
FR,Santa Cruz,2012,pell_status,non_pell,2,3.52,3.81,562,347,97,12,61.74,17.26,2.14
FR,Santa Cruz,2012,pell_status,non_pell,3,3.81,4.0,149,103,22,0,69.13,14.77,0.0
FR,Santa Cruz,2012,pell_status,pell,1,1.02,3.52,1517,657,385,66,43.31,25.38,4.35
FR,Santa Cruz,2012,pell_status,pell,2,3.52,3.81,481,243,118,17,50.52,24.53,3.53
FR,Santa Cruz,2012,pell_status,pell,3,3.81,4.0,166,91,33,7,54.82,19.88,4.22
FR,Santa Cruz,2013,ethnicity,aian,1,1.21,3.57,12,6,0,0,50.0,0.0,0.0
FR,Santa Cruz,2013,ethnicity,aian,2,3.57,3.84,6,1,1,0,16.67,16.67,0.0
FR,Santa Cruz,2013,ethnicity,aian,3,3.84,4.0,3,3,0,0,100.0,0.0,0.0
FR,Santa Cruz,2013,ethnicity,asian,1,1.21,3.57,593,336,133,22,56.66,22.43,3.71
FR,Santa Cruz,2013,ethnicity,asian,2,3.57,3.84,173,109,29,4,63.01,16.76,2.31
FR,Santa Cruz,2013,ethnicity,asian,3,3.84,4.0,52,39,6,1,75.0,11.54,1.92
FR,Santa Cruz,2013,ethnicity,black,1,1.21,3.57,112,43,26,4,38.39,23.21,3.57
FR,Santa Cruz,2013,ethnicity,black,2,3.57,3.84,35,17,6,3,48.57,17.14,8.57
FR,Santa Cruz,2013,ethnicity,black,3,3.84,4.0,12,6,4,0,50.0,33.33,0.0
FR,Santa Cruz,2013,ethnicity,hispanic_latino,1,1.21,3.57,743,324,175,36,43.61,23.55,4.85
FR,Santa Cruz,2013,ethnicity,hispanic_latino,2,3.57,3.84,263,136,50,12,51.71,19.01,4.56
FR,Santa Cruz,2013,ethnicity,hispanic_latino,3,3.84,4.0,89,48,20,6,53.93,22.47,6.74
FR,Santa Cruz,2013,ethnicity,international,1,1.21,3.57,69,36,14,1,52.17,20.29,1.45
FR,Santa Cruz,2013,ethnicity,international,2,3.57,3.84,16,9,1,0,56.25,6.25,0.0
FR,Santa Cruz,2013,ethnicity,international,3,3.84,4.0,5,2,2,0,40.0,40.0,0.0
FR,Santa Cruz,2013,ethnicity,white,1,1.21,3.57,582,325,110,13,55.84,18.9,2.23
FR,Santa Cruz,2013,ethnicity,white,2,3.57,3.84,296,179,55,6,60.47,18.58,2.03
FR,Santa Cruz,2013,ethnicity,white,3,3.84,4.0,128,87,25,1,67.97,19.53,0.78
FR,Santa Cruz,2013,first_gen_status,first_gen,1,1.21,3.57,967,421,226,42,43.54,23.37,4.34
FR,Santa Cruz,2013,first_gen_status,first_gen,2,3.57,3.84,360,186,66,11,51.67,18.33,3.06
FR,Santa Cruz,2013,first_gen_status,first_gen,3,3.84,4.0,136,80,30,7,58.82,22.06,5.15
FR,Santa Cruz,2013,first_gen_status,not_first_gen,1,1.21,3.57,1144,648,231,35,56.64,20.19,3.06
FR,Santa Cruz,2013,first_gen_status,not_first_gen,2,3.57,3.84,436,268,80,14,61.47,18.35,3.21
FR,Santa Cruz,2013,first_gen_status,not_first_gen,3,3.84,4.0,156,108,27,1,69.23,17.31,0.64
FR,Santa Cruz,2013,overall,overall,1,1.21,3.57,2144,1086,463,78,50.65,21.6,3.64
FR,Santa Cruz,2013,overall,overall,2,3.57,3.84,803,459,146,25,57.16,18.18,3.11
FR,Santa Cruz,2013,overall,overall,3,3.84,4.0,293,188,58,8,64.16,19.8,2.73
FR,Santa Cruz,2013,pell_status,non_pell,1,1.21,3.57,1078,602,216,39,55.84,20.04,3.62
FR,Santa Cruz,2013,pell_status,non_pell,2,3.57,3.84,411,259,67,11,63.02,16.3,2.68
FR,Santa Cruz,2013,pell_status,non_pell,3,3.84,4.0,149,104,27,0,69.8,18.12,0.0
FR,Santa Cruz,2013,pell_status,pell,1,1.21,3.57,1066,484,247,39,45.4,23.17,3.66
FR,Santa Cruz,2013,pell_status,pell,2,3.57,3.84,392,200,79,14,51.02,20.15,3.57
FR,Santa Cruz,2013,pell_status,pell,3,3.84,4.0,144,84,31,8,58.33,21.53,5.56
FR,Santa Cruz,2014,ethnicity,aian,1,0.25,3.59,17,12,2,0,70.59,11.76,0.0
FR,Santa Cruz,2014,ethnicity,aian,2,3.59,3.86,8,4,2,0,50.0,25.0,0.0
FR,Santa Cruz,2014,ethnicity,aian,3,3.86,4.0,2,0,1,0,0.0,50.0,0.0
FR,Santa Cruz,2014,ethnicity,asian,1,0.25,3.59,742,457,139,25,61.59,18.73,3.37
FR,Santa Cruz,2014,ethnicity,asian,2,3.59,3.86,300,207,47,8,69.0,15.67,2.67
FR,Santa Cruz,2014,ethnicity,asian,3,3.86,4.0,67,44,13,1,65.67,19.4,1.49
FR,Santa Cruz,2014,ethnicity,black,1,0.25,3.59,147,63,35,6,42.86,23.81,4.08
FR,Santa Cruz,2014,ethnicity,black,2,3.59,3.86,36,21,2,2,58.33,5.56,5.56
FR,Santa Cruz,2014,ethnicity,black,3,3.86,4.0,11,9,1,0,81.82,9.09,0.0
FR,Santa Cruz,2014,ethnicity,hispanic_latino,1,0.25,3.59,830,344,211,34,41.45,25.42,4.1
FR,Santa Cruz,2014,ethnicity,hispanic_latino,2,3.59,3.86,295,150,67,16,50.85,22.71,5.42
FR,Santa Cruz,2014,ethnicity,hispanic_latino,3,3.86,4.0,83,47,13,2,56.63,15.66,2.41
FR,Santa Cruz,2014,ethnicity,international,1,0.25,3.59,121,60,19,5,49.59,15.7,4.13
FR,Santa Cruz,2014,ethnicity,international,2,3.59,3.86,23,13,4,0,56.52,17.39,0.0
FR,Santa Cruz,2014,ethnicity,international,3,3.86,4.0,21,10,5,0,47.62,23.81,0.0
FR,Santa Cruz,2014,ethnicity,white,1,0.25,3.59,701,392,116,20,55.92,16.55,2.85
FR,Santa Cruz,2014,ethnicity,white,2,3.59,3.86,351,237,49,9,67.52,13.96,2.56
FR,Santa Cruz,2014,ethnicity,white,3,3.86,4.0,132,98,13,4,74.24,9.85,3.03
FR,Santa Cruz,2014,first_gen_status,first_gen,1,0.25,3.59,1097,477,268,40,43.48,24.43,3.65
FR,Santa Cruz,2014,first_gen_status,first_gen,2,3.59,3.86,442,259,87,19,58.6,19.68,4.3
FR,Santa Cruz,2014,first_gen_status,first_gen,3,3.86,4.0,120,70,19,4,58.33,15.83,3.33
FR,Santa Cruz,2014,first_gen_status,not_first_gen,1,0.25,3.59,1452,851,250,51,58.61,17.22,3.51
FR,Santa Cruz,2014,first_gen_status,not_first_gen,2,3.59,3.86,575,377,83,16,65.57,14.43,2.78
FR,Santa Cruz,2014,first_gen_status,not_first_gen,3,3.86,4.0,196,138,27,3,70.41,13.78,1.53
FR,Santa Cruz,2014,overall,overall,1,0.25,3.59,2597,1346,529,93,51.83,20.37,3.58
FR,Santa Cruz,2014,overall,overall,2,3.59,3.86,1031,645,174,35,62.56,16.88,3.39
FR,Santa Cruz,2014,overall,overall,3,3.86,4.0,320,211,47,7,65.94,14.69,2.19
FR,Santa Cruz,2014,pell_status,non_pell,1,0.25,3.59,1390,812,219,44,58.42,15.76,3.17
FR,Santa Cruz,2014,pell_status,non_pell,2,3.59,3.86,549,369,75,17,67.21,13.66,3.1
FR,Santa Cruz,2014,pell_status,non_pell,3,3.86,4.0,194,126,25,3,64.95,12.89,1.55
FR,Santa Cruz,2014,pell_status,pell,1,0.25,3.59,1207,534,310,49,44.24,25.68,4.06
FR,Santa Cruz,2014,pell_status,pell,2,3.59,3.86,482,276,99,18,57.26,20.54,3.73
FR,Santa Cruz,2014,pell_status,pell,3,3.86,4.0,126,85,22,4,67.46,17.46,3.17
FR,Santa Cruz,2015,ethnicity,aian,1,1.0,3.61,21,10,4,2,47.62,19.05,9.52
FR,Santa Cruz,2015,ethnicity,aian,2,3.61,3.87,6,4,0,0,66.67,0.0,0.0
FR,Santa Cruz,2015,ethnicity,aian,3,3.87,4.0,4,3,0,0,75.0,0.0,0.0
FR,Santa Cruz,2015,ethnicity,asian,1,1.0,3.61,776,530,133,19,68.3,17.14,2.45
FR,Santa Cruz,2015,ethnicity,asian,2,3.61,3.87,265,191,45,3,72.08,16.98,1.13
FR,Santa Cruz,2015,ethnicity,asian,3,3.87,4.0,55,40,12,0,72.73,21.82,0.0
FR,Santa Cruz,2015,ethnicity,black,1,1.0,3.61,79,33,16,3,41.77,20.25,3.8
FR,Santa Cruz,2015,ethnicity,black,2,3.61,3.87,29,13,4,0,44.83,13.79,0.0
FR,Santa Cruz,2015,ethnicity,black,3,3.87,4.0,8,6,1,0,75.0,12.5,0.0
FR,Santa Cruz,2015,ethnicity,hispanic_latino,1,1.0,3.61,633,333,119,22,52.61,18.8,3.48
FR,Santa Cruz,2015,ethnicity,hispanic_latino,2,3.61,3.87,251,146,45,6,58.17,17.93,2.39
FR,Santa Cruz,2015,ethnicity,hispanic_latino,3,3.87,4.0,65,49,2,1,75.38,3.08,1.54
FR,Santa Cruz,2015,ethnicity,international,1,1.0,3.61,159,99,24,2,62.26,15.09,1.26
FR,Santa Cruz,2015,ethnicity,international,2,3.61,3.87,23,12,3,1,52.17,13.04,4.35
FR,Santa Cruz,2015,ethnicity,international,3,3.87,4.0,6,4,0,0,66.67,0.0,0.0
FR,Santa Cruz,2015,ethnicity,white,1,1.0,3.61,570,349,84,18,61.23,14.74,3.16
FR,Santa Cruz,2015,ethnicity,white,2,3.61,3.87,385,248,64,9,64.42,16.62,2.34
FR,Santa Cruz,2015,ethnicity,white,3,3.87,4.0,134,94,17,3,70.15,12.69,2.24
FR,Santa Cruz,2015,first_gen_status,first_gen,1,1.0,3.61,1052,592,189,39,56.27,17.97,3.71
FR,Santa Cruz,2015,first_gen_status,first_gen,2,3.61,3.87,386,230,65,9,59.59,16.84,2.33
FR,Santa Cruz,2015,first_gen_status,first_gen,3,3.87,4.0,94,67,9,1,71.28,9.57,1.06
FR,Santa Cruz,2015,first_gen_status,not_first_gen,1,1.0,3.61,1182,768,187,28,64.97,15.82,2.37
FR,Santa Cruz,2015,first_gen_status,not_first_gen,2,3.61,3.87,582,391,98,10,67.18,16.84,1.72
FR,Santa Cruz,2015,first_gen_status,not_first_gen,3,3.87,4.0,179,128,24,3,71.51,13.41,1.68
FR,Santa Cruz,2015,overall,overall,1,1.0,3.61,2271,1377,385,67,60.63,16.95,2.95
FR,Santa Cruz,2015,overall,overall,2,3.61,3.87,978,628,164,19,64.21,16.77,1.94
FR,Santa Cruz,2015,overall,overall,3,3.87,4.0,277,199,33,4,71.84,11.91,1.44
FR,Santa Cruz,2015,pell_status,non_pell,1,1.0,3.61,1328,844,204,33,63.55,15.36,2.48
FR,Santa Cruz,2015,pell_status,non_pell,2,3.61,3.87,588,391,97,8,66.5,16.5,1.36
FR,Santa Cruz,2015,pell_status,non_pell,3,3.87,4.0,158,115,14,2,72.78,8.86,1.27
FR,Santa Cruz,2015,pell_status,pell,1,1.0,3.61,943,533,181,34,56.52,19.19,3.61
FR,Santa Cruz,2015,pell_status,pell,2,3.61,3.87,390,237,67,11,60.77,17.18,2.82
FR,Santa Cruz,2015,pell_status,pell,3,3.87,4.0,119,84,19,2,70.59,15.97,1.68
FR,Santa Cruz,2016,ethnicity,aian,1,0.85,3.59,30,20,6,0,66.67,20.0,0.0
FR,Santa Cruz,2016,ethnicity,aian,2,3.59,3.86,8,4,1,1,50.0,12.5,12.5
FR,Santa Cruz,2016,ethnicity,aian,3,3.86,4.0,5,2,0,0,40.0,0.0,0.0
FR,Santa Cruz,2016,ethnicity,asian,1,0.85,3.59,931,620,129,26,66.6,13.86,2.79
FR,Santa Cruz,2016,ethnicity,asian,2,3.59,3.86,285,211,30,3,74.04,10.53,1.05
FR,Santa Cruz,2016,ethnicity,asian,3,3.86,4.0,63,48,8,0,76.19,12.7,0.0
FR,Santa Cruz,2016,ethnicity,black,1,0.85,3.59,123,66,18,3,53.66,14.63,2.44
FR,Santa Cruz,2016,ethnicity,black,2,3.59,3.86,32,24,3,1,75.0,9.38,3.12
FR,Santa Cruz,2016,ethnicity,black,3,3.86,4.0,14,5,4,0,35.71,28.57,0.0
FR,Santa Cruz,2016,ethnicity,hispanic_latino,1,0.85,3.59,726,413,115,17,56.89,15.84,2.34
FR,Santa Cruz,2016,ethnicity,hispanic_latino,2,3.59,3.86,258,169,29,11,65.5,11.24,4.26
FR,Santa Cruz,2016,ethnicity,hispanic_latino,3,3.86,4.0,69,45,12,1,65.22,17.39,1.45
FR,Santa Cruz,2016,ethnicity,international,1,0.85,3.59,160,106,16,3,66.25,10.0,1.88
FR,Santa Cruz,2016,ethnicity,international,2,3.59,3.86,24,12,2,0,50.0,8.33,0.0
FR,Santa Cruz,2016,ethnicity,international,3,3.86,4.0,21,14,2,0,66.67,9.52,0.0
FR,Santa Cruz,2016,ethnicity,white,1,0.85,3.59,779,457,127,20,58.66,16.3,2.57
FR,Santa Cruz,2016,ethnicity,white,2,3.59,3.86,391,260,43,12,66.5,11.0,3.07
FR,Santa Cruz,2016,ethnicity,white,3,3.86,4.0,150,111,14,3,74.0,9.33,2.0
FR,Santa Cruz,2016,first_gen_status,first_gen,1,0.85,3.59,1028,609,157,29,59.24,15.27,2.82
FR,Santa Cruz,2016,first_gen_status,first_gen,2,3.59,3.86,349,232,48,9,66.48,13.75,2.58
FR,Santa Cruz,2016,first_gen_status,first_gen,3,3.86,4.0,106,66,17,0,62.26,16.04,0.0
FR,Santa Cruz,2016,first_gen_status,not_first_gen,1,0.85,3.59,1712,1067,255,40,62.32,14.89,2.34
FR,Santa Cruz,2016,first_gen_status,not_first_gen,2,3.59,3.86,654,451,62,19,68.96,9.48,2.91
FR,Santa Cruz,2016,first_gen_status,not_first_gen,3,3.86,4.0,215,160,22,3,74.42,10.23,1.4
FR,Santa Cruz,2016,overall,overall,1,0.85,3.59,2797,1713,418,70,61.24,14.94,2.5
FR,Santa Cruz,2016,overall,overall,2,3.59,3.86,1021,696,111,28,68.17,10.87,2.74
FR,Santa Cruz,2016,overall,overall,3,3.86,4.0,330,230,42,4,69.7,12.73,1.21
FR,Santa Cruz,2016,pell_status,non_pell,1,0.85,3.59,1718,1073,235,33,62.46,13.68,1.92
FR,Santa Cruz,2016,pell_status,non_pell,2,3.59,3.86,660,465,61,12,70.45,9.24,1.82
FR,Santa Cruz,2016,pell_status,non_pell,3,3.86,4.0,208,146,22,3,70.19,10.58,1.44
FR,Santa Cruz,2016,pell_status,pell,1,0.85,3.59,1079,640,183,37,59.31,16.96,3.43
FR,Santa Cruz,2016,pell_status,pell,2,3.59,3.86,361,231,50,16,63.99,13.85,4.43
FR,Santa Cruz,2016,pell_status,pell,3,3.86,4.0,122,84,20,1,68.85,16.39,0.82
FR,Santa Cruz,2017,ethnicity,aian,1,0.0,3.63,16,6,2,0,37.5,12.5,0.0
FR,Santa Cruz,2017,ethnicity,aian,2,3.63,3.88,9,5,1,0,55.56,11.11,0.0
FR,Santa Cruz,2017,ethnicity,aian,3,3.88,4.0,3,3,0,0,100.0,0.0,0.0
FR,Santa Cruz,2017,ethnicity,asian,1,0.0,3.63,808,548,99,16,67.82,12.25,1.98
FR,Santa Cruz,2017,ethnicity,asian,2,3.63,3.88,258,197,23,6,76.36,8.91,2.33
FR,Santa Cruz,2017,ethnicity,asian,3,3.88,4.0,58,43,7,2,74.14,12.07,3.45
FR,Santa Cruz,2017,ethnicity,black,1,0.0,3.63,132,64,29,4,48.48,21.97,3.03
FR,Santa Cruz,2017,ethnicity,black,2,3.63,3.88,31,20,4,2,64.52,12.9,6.45
FR,Santa Cruz,2017,ethnicity,black,3,3.88,4.0,14,12,0,0,85.71,0.0,0.0
FR,Santa Cruz,2017,ethnicity,hispanic_latino,1,0.0,3.63,707,394,89,17,55.73,12.59,2.4
FR,Santa Cruz,2017,ethnicity,hispanic_latino,2,3.63,3.88,240,143,36,3,59.58,15.0,1.25
FR,Santa Cruz,2017,ethnicity,hispanic_latino,3,3.88,4.0,80,56,10,0,70.0,12.5,0.0
FR,Santa Cruz,2017,ethnicity,international,1,0.0,3.63,223,141,25,8,63.23,11.21,3.59
FR,Santa Cruz,2017,ethnicity,international,2,3.63,3.88,50,29,6,1,58.0,12.0,2.0
FR,Santa Cruz,2017,ethnicity,international,3,3.88,4.0,12,4,2,0,33.33,16.67,0.0
FR,Santa Cruz,2017,ethnicity,white,1,0.0,3.63,682,389,89,25,57.04,13.05,3.67
FR,Santa Cruz,2017,ethnicity,white,2,3.63,3.88,374,248,47,4,66.31,12.57,1.07
FR,Santa Cruz,2017,ethnicity,white,3,3.88,4.0,136,100,12,2,73.53,8.82,1.47
FR,Santa Cruz,2017,first_gen_status,first_gen,1,0.0,3.63,953,538,114,22,56.45,11.96,2.31
FR,Santa Cruz,2017,first_gen_status,first_gen,2,3.63,3.88,279,175,34,4,62.72,12.19,1.43
FR,Santa Cruz,2017,first_gen_status,first_gen,3,3.88,4.0,103,71,9,2,68.93,8.74,1.94
FR,Santa Cruz,2017,first_gen_status,not_first_gen,1,0.0,3.63,1582,984,217,51,62.2,13.72,3.22
FR,Santa Cruz,2017,first_gen_status,not_first_gen,2,3.63,3.88,680,467,84,12,68.68,12.35,1.76
FR,Santa Cruz,2017,first_gen_status,not_first_gen,3,3.88,4.0,199,147,22,2,73.87,11.06,1.01
FR,Santa Cruz,2017,overall,overall,1,0.0,3.63,2606,1565,340,74,60.05,13.05,2.84
FR,Santa Cruz,2017,overall,overall,2,3.63,3.88,975,653,118,16,66.97,12.1,1.64
FR,Santa Cruz,2017,overall,overall,3,3.88,4.0,307,221,31,5,71.99,10.1,1.63
FR,Santa Cruz,2017,pell_status,non_pell,1,0.0,3.63,1609,1002,204,48,62.27,12.68,2.98
FR,Santa Cruz,2017,pell_status,non_pell,2,3.63,3.88,637,433,83,9,67.97,13.03,1.41
FR,Santa Cruz,2017,pell_status,non_pell,3,3.88,4.0,187,136,19,3,72.73,10.16,1.6
FR,Santa Cruz,2017,pell_status,pell,1,0.0,3.63,997,563,136,26,56.47,13.64,2.61
FR,Santa Cruz,2017,pell_status,pell,2,3.63,3.88,338,220,35,7,65.09,10.36,2.07
FR,Santa Cruz,2017,pell_status,pell,3,3.88,4.0,120,85,12,2,70.83,10.0,1.67
FR,Santa Cruz,2018,ethnicity,aian,1,0.0,3.68,19,9,2,0,47.37,10.53,0.0
FR,Santa Cruz,2018,ethnicity,aian,2,3.68,3.9,,0,0,0,0.0,0.0,0.0
FR,Santa Cruz,2018,ethnicity,asian,1,0.0,3.68,763,542,67,15,71.04,8.78,1.97
FR,Santa Cruz,2018,ethnicity,asian,2,3.68,3.9,286,214,26,6,74.83,9.09,2.1
FR,Santa Cruz,2018,ethnicity,asian,3,3.9,4.0,76,54,15,0,71.05,19.74,0.0
FR,Santa Cruz,2018,ethnicity,black,1,0.0,3.68,137,72,19,5,52.55,13.87,3.65
FR,Santa Cruz,2018,ethnicity,black,2,3.68,3.9,23,12,4,2,52.17,17.39,8.7
FR,Santa Cruz,2018,ethnicity,black,3,3.9,4.0,10,7,1,0,70.0,10.0,0.0
FR,Santa Cruz,2018,ethnicity,hispanic_latino,1,0.0,3.68,527,259,73,19,49.15,13.85,3.61
FR,Santa Cruz,2018,ethnicity,hispanic_latino,2,3.68,3.9,205,132,22,5,64.39,10.73,2.44
FR,Santa Cruz,2018,ethnicity,hispanic_latino,3,3.9,4.0,75,49,9,2,65.33,12.0,2.67
FR,Santa Cruz,2018,ethnicity,international,1,0.0,3.68,324,200,41,8,61.73,12.65,2.47
FR,Santa Cruz,2018,ethnicity,international,2,3.68,3.9,51,36,5,0,70.59,9.8,0.0
FR,Santa Cruz,2018,ethnicity,international,3,3.9,4.0,14,6,3,2,42.86,21.43,14.29
FR,Santa Cruz,2018,ethnicity,white,1,0.0,3.68,560,311,100,20,55.54,17.86,3.57
FR,Santa Cruz,2018,ethnicity,white,2,3.68,3.9,295,207,41,8,70.17,13.9,2.71
FR,Santa Cruz,2018,ethnicity,white,3,3.9,4.0,164,128,15,0,78.05,9.15,0.0
FR,Santa Cruz,2018,first_gen_status,first_gen,1,0.0,3.68,770,408,99,23,52.99,12.86,2.99
FR,Santa Cruz,2018,first_gen_status,first_gen,2,3.68,3.9,250,167,24,4,66.8,9.6,1.6
FR,Santa Cruz,2018,first_gen_status,first_gen,3,3.9,4.0,97,71,9,1,73.2,9.28,1.03
FR,Santa Cruz,2018,first_gen_status,not_first_gen,1,0.0,3.68,1532,975,199,43,63.64,12.99,2.81
FR,Santa Cruz,2018,first_gen_status,not_first_gen,2,3.68,3.9,617,438,78,17,70.99,12.64,2.76
FR,Santa Cruz,2018,first_gen_status,not_first_gen,3,3.9,4.0,249,180,34,3,72.29,13.65,1.2
FR,Santa Cruz,2018,overall,overall,1,0.0,3.68,2365,1413,308,68,59.75,13.02,2.88
FR,Santa Cruz,2018,overall,overall,2,3.68,3.9,883,615,102,21,69.65,11.55,2.38
FR,Santa Cruz,2018,overall,overall,3,3.9,4.0,346,251,43,4,72.54,12.43,1.16
FR,Santa Cruz,2018,pell_status,non_pell,1,0.0,3.68,1569,971,203,41,61.89,12.94,2.61
FR,Santa Cruz,2018,pell_status,non_pell,2,3.68,3.9,601,420,67,16,69.88,11.15,2.66
FR,Santa Cruz,2018,pell_status,non_pell,3,3.9,4.0,202,153,22,3,75.74,10.89,1.49
FR,Santa Cruz,2018,pell_status,pell,1,0.0,3.68,796,442,105,27,55.53,13.19,3.39
FR,Santa Cruz,2018,pell_status,pell,2,3.68,3.9,282,195,35,5,69.15,12.41,1.77
FR,Santa Cruz,2018,pell_status,pell,3,3.9,4.0,144,98,21,1,68.06,14.58,0.69
FR,Santa Cruz,2019,ethnicity,aian,1,1.38,3.69,20,10,3,0,50.0,15.0,0.0
FR,Santa Cruz,2019,ethnicity,aian,2,3.69,3.91,5,3,0,0,60.0,0.0,0.0
FR,Santa Cruz,2019,ethnicity,aian,3,3.91,4.0,3,3,0,0,100.0,0.0,0.0
FR,Santa Cruz,2019,ethnicity,asian,1,1.38,3.69,711,479,93,21,67.37,13.08,2.95
FR,Santa Cruz,2019,ethnicity,asian,2,3.69,3.91,232,171,26,3,73.71,11.21,1.29
FR,Santa Cruz,2019,ethnicity,asian,3,3.91,4.0,72,49,10,1,68.06,13.89,1.39
FR,Santa Cruz,2019,ethnicity,black,1,1.38,3.69,95,49,20,2,51.58,21.05,2.11
FR,Santa Cruz,2019,ethnicity,black,2,3.69,3.91,26,17,5,0,65.38,19.23,0.0
FR,Santa Cruz,2019,ethnicity,black,3,3.91,4.0,10,7,2,0,70.0,20.0,0.0
FR,Santa Cruz,2019,ethnicity,hispanic_latino,1,1.38,3.69,529,274,72,13,51.8,13.61,2.46
FR,Santa Cruz,2019,ethnicity,hispanic_latino,2,3.69,3.91,226,140,28,3,61.95,12.39,1.33
FR,Santa Cruz,2019,ethnicity,hispanic_latino,3,3.91,4.0,83,61,10,3,73.49,12.05,3.61
FR,Santa Cruz,2019,ethnicity,international,1,1.38,3.69,323,177,38,8,54.8,11.76,2.48
FR,Santa Cruz,2019,ethnicity,international,2,3.69,3.91,53,28,1,1,52.83,1.89,1.89
FR,Santa Cruz,2019,ethnicity,international,3,3.91,4.0,20,9,2,1,45.0,10.0,5.0
FR,Santa Cruz,2019,ethnicity,white,1,1.38,3.69,683,433,97,12,63.4,14.2,1.76
FR,Santa Cruz,2019,ethnicity,white,2,3.69,3.91,345,232,46,5,67.25,13.33,1.45
FR,Santa Cruz,2019,ethnicity,white,3,3.91,4.0,150,107,16,3,71.33,10.67,2.0
FR,Santa Cruz,2019,first_gen_status,first_gen,1,1.38,3.69,712,397,90,21,55.76,12.64,2.95
FR,Santa Cruz,2019,first_gen_status,first_gen,2,3.69,3.91,298,179,36,3,60.07,12.08,1.01
FR,Santa Cruz,2019,first_gen_status,first_gen,3,3.91,4.0,95,62,15,2,65.26,15.79,2.11
FR,Santa Cruz,2019,first_gen_status,not_first_gen,1,1.38,3.69,1615,1008,231,35,62.41,14.3,2.17
FR,Santa Cruz,2019,first_gen_status,not_first_gen,2,3.69,3.91,595,415,72,9,69.75,12.1,1.51
FR,Santa Cruz,2019,first_gen_status,not_first_gen,3,3.91,4.0,241,172,24,6,71.37,9.96,2.49
FR,Santa Cruz,2019,overall,overall,1,1.38,3.69,2383,1431,330,58,60.05,13.85,2.43
FR,Santa Cruz,2019,overall,overall,2,3.69,3.91,903,602,108,12,66.67,11.96,1.33
FR,Santa Cruz,2019,overall,overall,3,3.91,4.0,344,239,41,8,69.48,11.92,2.33
FR,Santa Cruz,2019,pell_status,non_pell,1,1.38,3.69,1624,985,228,33,60.65,14.04,2.03
FR,Santa Cruz,2019,pell_status,non_pell,2,3.69,3.91,594,400,74,9,67.34,12.46,1.52
FR,Santa Cruz,2019,pell_status,non_pell,3,3.91,4.0,210,143,23,5,68.1,10.95,2.38
FR,Santa Cruz,2019,pell_status,pell,1,1.38,3.69,759,446,102,25,58.76,13.44,3.29
FR,Santa Cruz,2019,pell_status,pell,2,3.69,3.91,309,202,34,3,65.37,11.0,0.97
FR,Santa Cruz,2019,pell_status,pell,3,3.91,4.0,134,96,18,3,71.64,13.43,2.24
FR,Santa Cruz,2020,ethnicity,aian,1,1.1,3.67,10,2,1,0,20.0,10.0,0.0
FR,Santa Cruz,2020,ethnicity,aian,2,3.67,3.91,10,6,3,0,60.0,30.0,0.0
FR,Santa Cruz,2020,ethnicity,aian,3,3.91,4.0,4,4,0,0,100.0,0.0,0.0
FR,Santa Cruz,2020,ethnicity,asian,1,1.1,3.67,1008,696,126,0,69.05,12.5,0.0
FR,Santa Cruz,2020,ethnicity,asian,2,3.67,3.91,294,218,31,0,74.15,10.54,0.0
FR,Santa Cruz,2020,ethnicity,asian,3,3.91,4.0,92,66,13,0,71.74,14.13,0.0
FR,Santa Cruz,2020,ethnicity,black,1,1.1,3.67,163,84,30,0,51.53,18.4,0.0
FR,Santa Cruz,2020,ethnicity,black,2,3.67,3.91,31,17,6,0,54.84,19.35,0.0
FR,Santa Cruz,2020,ethnicity,black,3,3.91,4.0,14,6,2,0,42.86,14.29,0.0
FR,Santa Cruz,2020,ethnicity,hispanic_latino,1,1.1,3.67,823,444,94,0,53.95,11.42,0.0
FR,Santa Cruz,2020,ethnicity,hispanic_latino,2,3.67,3.91,256,169,17,0,66.02,6.64,0.0
FR,Santa Cruz,2020,ethnicity,hispanic_latino,3,3.91,4.0,90,59,6,0,65.56,6.67,0.0
FR,Santa Cruz,2020,ethnicity,international,1,1.1,3.67,106,58,9,0,54.72,8.49,0.0
FR,Santa Cruz,2020,ethnicity,international,2,3.67,3.91,18,13,3,0,72.22,16.67,0.0
FR,Santa Cruz,2020,ethnicity,international,3,3.91,4.0,6,3,0,0,50.0,0.0,0.0
FR,Santa Cruz,2020,ethnicity,white,1,1.1,3.67,729,454,106,0,62.28,14.54,0.0
FR,Santa Cruz,2020,ethnicity,white,2,3.67,3.91,298,211,35,0,70.81,11.74,0.0
FR,Santa Cruz,2020,ethnicity,white,3,3.91,4.0,148,119,8,0,80.41,5.41,0.0
FR,Santa Cruz,2020,first_gen_status,first_gen,1,1.1,3.67,1009,531,107,0,52.63,10.6,0.0
FR,Santa Cruz,2020,first_gen_status,first_gen,2,3.67,3.91,284,186,22,0,65.49,7.75,0.0
FR,Santa Cruz,2020,first_gen_status,first_gen,3,3.91,4.0,110,70,9,0,63.64,8.18,0.0
FR,Santa Cruz,2020,first_gen_status,not_first_gen,1,1.1,3.67,1805,1190,250,0,65.93,13.85,0.0
FR,Santa Cruz,2020,first_gen_status,not_first_gen,2,3.67,3.91,614,442,73,0,71.99,11.89,0.0
FR,Santa Cruz,2020,first_gen_status,not_first_gen,3,3.91,4.0,239,181,21,0,75.73,8.79,0.0
FR,Santa Cruz,2020,overall,overall,1,1.1,3.67,2885,1769,370,0,61.32,12.82,0.0
FR,Santa Cruz,2020,overall,overall,2,3.67,3.91,922,646,98,0,70.07,10.63,0.0
FR,Santa Cruz,2020,overall,overall,3,3.91,4.0,361,261,31,0,72.3,8.59,0.0
FR,Santa Cruz,2020,pell_status,non_pell,1,1.1,3.67,1792,1164,219,0,64.96,12.22,0.0
FR,Santa Cruz,2020,pell_status,non_pell,2,3.67,3.91,582,422,65,0,72.51,11.17,0.0
FR,Santa Cruz,2020,pell_status,non_pell,3,3.91,4.0,228,172,20,0,75.44,8.77,0.0
FR,Santa Cruz,2020,pell_status,pell,1,1.1,3.67,1093,605,151,0,55.35,13.82,0.0
FR,Santa Cruz,2020,pell_status,pell,2,3.67,3.91,340,224,33,0,65.88,9.71,0.0
FR,Santa Cruz,2020,pell_status,pell,3,3.91,4.0,133,89,11,0,66.92,8.27,0.0
FR,Santa Cruz,2021,ethnicity,aian,1,0.0,3.71,11,5,0,0,45.45,0.0,0.0
FR,Santa Cruz,2021,ethnicity,aian,2,3.71,3.92,8,3,0,0,37.5,0.0,0.0
FR,Santa Cruz,2021,ethnicity,asian,1,0.0,3.71,698,489,0,0,70.06,0.0,0.0
FR,Santa Cruz,2021,ethnicity,asian,2,3.71,3.92,374,295,0,0,78.88,0.0,0.0
FR,Santa Cruz,2021,ethnicity,asian,3,3.92,4.0,102,81,0,0,79.41,0.0,0.0
FR,Santa Cruz,2021,ethnicity,black,1,0.0,3.71,163,98,0,0,60.12,0.0,0.0
FR,Santa Cruz,2021,ethnicity,black,2,3.71,3.92,36,23,0,0,63.89,0.0,0.0
FR,Santa Cruz,2021,ethnicity,black,3,3.92,4.0,15,7,0,0,46.67,0.0,0.0
FR,Santa Cruz,2021,ethnicity,hispanic_latino,1,0.0,3.71,865,493,0,0,56.99,0.0,0.0
FR,Santa Cruz,2021,ethnicity,hispanic_latino,2,3.71,3.92,301,186,0,0,61.79,0.0,0.0
FR,Santa Cruz,2021,ethnicity,hispanic_latino,3,3.92,4.0,106,78,0,0,73.58,0.0,0.0
FR,Santa Cruz,2021,ethnicity,international,1,0.0,3.71,94,57,0,0,60.64,0.0,0.0
FR,Santa Cruz,2021,ethnicity,international,2,3.71,3.92,22,11,0,0,50.0,0.0,0.0
FR,Santa Cruz,2021,ethnicity,international,3,3.92,4.0,3,2,0,0,66.67,0.0,0.0
FR,Santa Cruz,2021,ethnicity,white,1,0.0,3.71,647,387,0,0,59.81,0.0,0.0
FR,Santa Cruz,2021,ethnicity,white,2,3.71,3.92,381,264,0,0,69.29,0.0,0.0
FR,Santa Cruz,2021,ethnicity,white,3,3.92,4.0,248,194,0,0,78.23,0.0,0.0
FR,Santa Cruz,2021,first_gen_status,first_gen,1,0.0,3.71,1036,592,0,0,57.14,0.0,0.0
FR,Santa Cruz,2021,first_gen_status,first_gen,2,3.71,3.92,363,242,0,0,66.67,0.0,0.0
FR,Santa Cruz,2021,first_gen_status,first_gen,3,3.92,4.0,104,66,0,0,63.46,0.0,0.0
FR,Santa Cruz,2021,first_gen_status,not_first_gen,1,0.0,3.71,1447,942,0,0,65.1,0.0,0.0
FR,Santa Cruz,2021,first_gen_status,not_first_gen,2,3.71,3.92,763,543,0,0,71.17,0.0,0.0
FR,Santa Cruz,2021,first_gen_status,not_first_gen,3,3.92,4.0,367,294,0,0,80.11,0.0,0.0
FR,Santa Cruz,2021,overall,overall,1,0.0,3.71,2530,1567,0,0,61.94,0.0,0.0
FR,Santa Cruz,2021,overall,overall,2,3.71,3.92,1149,801,0,0,69.71,0.0,0.0
FR,Santa Cruz,2021,overall,overall,3,3.92,4.0,482,370,0,0,76.76,0.0,0.0
FR,Santa Cruz,2021,pell_status,non_pell,1,0.0,3.71,1403,887,0,0,63.22,0.0,0.0
FR,Santa Cruz,2021,pell_status,non_pell,2,3.71,3.92,743,529,0,0,71.2,0.0,0.0
FR,Santa Cruz,2021,pell_status,non_pell,3,3.92,4.0,329,262,0,0,79.64,0.0,0.0
FR,Santa Cruz,2021,pell_status,pell,1,0.0,3.71,1127,680,0,0,60.34,0.0,0.0
FR,Santa Cruz,2021,pell_status,pell,2,3.71,3.92,406,272,0,0,67.0,0.0,0.0
FR,Santa Cruz,2021,pell_status,pell,3,3.92,4.0,153,108,0,0,70.59,0.0,0.0
TR,All,2010,ethnicity,aian,1,0.33,3.25,58,29,16,2,50.0,27.59,3.45
TR,All,2010,ethnicity,aian,2,3.25,3.63,58,33,14,3,56.9,24.14,5.17
TR,All,2010,ethnicity,aian,3,3.63,4.0,58,33,19,0,56.9,32.76,0.0
TR,All,2010,ethnicity,asian,1,0.33,3.25,1571,710,491,88,45.19,31.25,5.6
TR,All,2010,ethnicity,asian,2,3.25,3.63,1551,835,470,94,53.84,30.3,6.06
TR,All,2010,ethnicity,asian,3,3.63,4.0,1498,880,459,73,58.74,30.64,4.87
TR,All,2010,ethnicity,black,1,0.33,3.25,274,99,90,24,36.13,32.85,8.76
TR,All,2010,ethnicity,black,2,3.25,3.63,183,72,73,12,39.34,39.89,6.56
TR,All,2010,ethnicity,black,3,3.63,4.0,158,62,59,8,39.24,37.34,5.06
TR,All,2010,ethnicity,hispanic_latino,1,0.33,3.25,1228,531,376,72,43.24,30.62,5.86
TR,All,2010,ethnicity,hispanic_latino,2,3.25,3.63,899,459,279,46,51.06,31.03,5.12
TR,All,2010,ethnicity,hispanic_latino,3,3.63,4.0,644,361,183,32,56.06,28.42,4.97
TR,All,2010,ethnicity,international,1,0.33,3.25,235,127,62,7,54.04,26.38,2.98
TR,All,2010,ethnicity,international,2,3.25,3.63,459,279,114,17,60.78,24.84,3.7
TR,All,2010,ethnicity,international,3,3.63,4.0,840,614,138,30,73.1,16.43,3.57
TR,All,2010,ethnicity,white,1,0.33,3.25,1752,909,453,105,51.88,25.86,5.99
TR,All,2010,ethnicity,white,2,3.25,3.63,1985,1125,543,109,56.68,27.36,5.49
TR,All,2010,ethnicity,white,3,3.63,4.0,2043,1278,529,84,62.56,25.89,4.11
TR,All,2010,first_gen_status,first_gen,1,0.33,3.25,2661,1224,786,140,46.0,29.54,5.26
TR,All,2010,first_gen_status,first_gen,2,3.25,3.63,2372,1280,700,126,53.96,29.51,5.31
TR,All,2010,first_gen_status,first_gen,3,3.63,4.0,2217,1328,629,78,59.9,28.37,3.52
TR,All,2010,first_gen_status,not_first_gen,1,0.33,3.25,2412,1160,685,160,48.09,28.4,6.63
TR,All,2010,first_gen_status,not_first_gen,2,3.25,3.63,2688,1484,763,151,55.21,28.39,5.62
TR,All,2010,first_gen_status,not_first_gen,3,3.63,4.0,2831,1775,701,144,62.7,24.76,5.09
TR,All,2010,overall,overall,1,0.33,3.25,5528,2603,1593,326,47.09,28.82,5.9
TR,All,2010,overall,overall,2,3.25,3.63,5534,3011,1595,308,54.41,28.82,5.57
TR,All,2010,overall,overall,3,3.63,4.0,5639,3461,1492,241,61.38,26.46,4.27
TR,All,2010,pell_status,non_pell,1,0.33,3.25,2176,1184,533,100,54.41,24.49,4.6
TR,All,2010,pell_status,non_pell,2,3.25,3.63,2554,1585,612,103,62.06,23.96,4.03
TR,All,2010,pell_status,non_pell,3,3.63,4.0,2956,2072,593,96,70.09,20.06,3.25
TR,All,2010,pell_status,pell,1,0.33,3.25,3352,1419,1060,226,42.33,31.62,6.74
TR,All,2010,pell_status,pell,2,3.25,3.63,2980,1426,983,205,47.85,32.99,6.88
TR,All,2010,pell_status,pell,3,3.63,4.0,2683,1389,899,145,51.77,33.51,5.4
TR,All,2011,ethnicity,aian,1,0.31,3.27,48,26,12,2,54.17,25.0,4.17
TR,All,2011,ethnicity,aian,2,3.27,3.63,52,30,13,4,57.69,25.0,7.69
TR,All,2011,ethnicity,aian,3,3.63,4.0,47,23,14,1,48.94,29.79,2.13
TR,All,2011,ethnicity,asian,1,0.31,3.27,1619,757,485,113,46.76,29.96,6.98
TR,All,2011,ethnicity,asian,2,3.27,3.63,1597,827,498,88,51.78,31.18,5.51
TR,All,2011,ethnicity,asian,3,3.63,4.0,1579,909,501,70,57.57,31.73,4.43
TR,All,2011,ethnicity,black,1,0.31,3.27,277,114,81,27,41.16,29.24,9.75
TR,All,2011,ethnicity,black,2,3.27,3.63,177,85,59,11,48.02,33.33,6.21
TR,All,2011,ethnicity,black,3,3.63,4.0,112,61,30,6,54.46,26.79,5.36
TR,All,2011,ethnicity,hispanic_latino,1,0.31,3.27,1332,638,393,79,47.9,29.5,5.93
TR,All,2011,ethnicity,hispanic_latino,2,3.27,3.63,1018,512,323,53,50.29,31.73,5.21
TR,All,2011,ethnicity,hispanic_latino,3,3.63,4.0,755,439,212,39,58.15,28.08,5.17
TR,All,2011,ethnicity,international,1,0.31,3.27,353,190,91,21,53.82,25.78,5.95
TR,All,2011,ethnicity,international,2,3.27,3.63,508,308,117,18,60.63,23.03,3.54
TR,All,2011,ethnicity,international,3,3.63,4.0,870,571,186,40,65.63,21.38,4.6
TR,All,2011,ethnicity,white,1,0.31,3.27,1840,951,496,107,51.68,26.96,5.82
TR,All,2011,ethnicity,white,2,3.27,3.63,1987,1127,548,72,56.72,27.58,3.62
TR,All,2011,ethnicity,white,3,3.63,4.0,2216,1404,576,78,63.36,25.99,3.52
TR,All,2011,first_gen_status,first_gen,1,0.31,3.27,2828,1362,808,169,48.16,28.57,5.98
TR,All,2011,first_gen_status,first_gen,2,3.27,3.63,2564,1352,770,109,52.73,30.03,4.25
TR,All,2011,first_gen_status,first_gen,3,3.63,4.0,2418,1451,674,101,60.01,27.87,4.18
TR,All,2011,first_gen_status,not_first_gen,1,0.31,3.27,2593,1292,732,176,49.83,28.23,6.79
TR,All,2011,first_gen_status,not_first_gen,2,3.27,3.63,2772,1540,785,136,55.56,28.32,4.91
TR,All,2011,first_gen_status,not_first_gen,3,3.63,4.0,3191,1975,848,134,61.89,26.57,4.2
TR,All,2011,overall,overall,1,0.31,3.27,5626,2744,1600,359,48.77,28.44,6.38
TR,All,2011,overall,overall,2,3.27,3.63,5520,2992,1601,260,54.2,29.0,4.71
TR,All,2011,overall,overall,3,3.63,4.0,5793,3534,1575,240,61.0,27.19,4.14
TR,All,2011,pell_status,non_pell,1,0.31,3.27,2170,1215,526,113,55.99,24.24,5.21
TR,All,2011,pell_status,non_pell,2,3.27,3.63,2517,1525,627,97,60.59,24.91,3.85
TR,All,2011,pell_status,non_pell,3,3.63,4.0,2990,2026,641,111,67.76,21.44,3.71
TR,All,2011,pell_status,pell,1,0.31,3.27,3456,1529,1074,246,44.24,31.08,7.12
TR,All,2011,pell_status,pell,2,3.27,3.63,3003,1467,974,163,48.85,32.43,5.43
TR,All,2011,pell_status,pell,3,3.63,4.0,2803,1508,934,129,53.8,33.32,4.6
TR,All,2012,ethnicity,aian,1,0.3,3.3,54,19,21,3,35.19,38.89,5.56
TR,All,2012,ethnicity,aian,2,3.3,3.65,52,30,14,1,57.69,26.92,1.92
TR,All,2012,ethnicity,aian,3,3.65,4.0,54,32,13,2,59.26,24.07,3.7
TR,All,2012,ethnicity,asian,1,0.3,3.3,1570,753,477,106,47.96,30.38,6.75
TR,All,2012,ethnicity,asian,2,3.3,3.65,1576,856,477,76,54.31,30.27,4.82
TR,All,2012,ethnicity,asian,3,3.65,4.0,1583,927,501,53,58.56,31.65,3.35
TR,All,2012,ethnicity,black,1,0.3,3.3,252,107,76,22,42.46,30.16,8.73
TR,All,2012,ethnicity,black,2,3.3,3.65,161,66,55,15,40.99,34.16,9.32
TR,All,2012,ethnicity,black,3,3.65,4.0,115,55,38,3,47.83,33.04,2.61
TR,All,2012,ethnicity,hispanic_latino,1,0.3,3.3,1305,619,390,71,47.43,29.89,5.44
TR,All,2012,ethnicity,hispanic_latino,2,3.3,3.65,1025,555,311,46,54.15,30.34,4.49
TR,All,2012,ethnicity,hispanic_latino,3,3.65,4.0,718,400,231,26,55.71,32.17,3.62
TR,All,2012,ethnicity,international,1,0.3,3.3,394,220,87,15,55.84,22.08,3.81
TR,All,2012,ethnicity,international,2,3.3,3.65,555,336,128,19,60.54,23.06,3.42
TR,All,2012,ethnicity,international,3,3.65,4.0,953,610,211,26,64.01,22.14,2.73
TR,All,2012,ethnicity,white,1,0.3,3.3,1646,883,444,92,53.65,26.97,5.59
TR,All,2012,ethnicity,white,2,3.3,3.65,1839,1034,518,90,56.23,28.17,4.89
TR,All,2012,ethnicity,white,3,3.65,4.0,1925,1169,523,70,60.73,27.17,3.64
TR,All,2012,first_gen_status,first_gen,1,0.3,3.3,2766,1345,824,169,48.63,29.79,6.11
TR,All,2012,first_gen_status,first_gen,2,3.3,3.65,2592,1424,775,122,54.94,29.9,4.71
TR,All,2012,first_gen_status,first_gen,3,3.65,4.0,2418,1462,674,82,60.46,27.87,3.39
TR,All,2012,first_gen_status,not_first_gen,1,0.3,3.3,2397,1237,660,137,51.61,27.53,5.72
TR,All,2012,first_gen_status,not_first_gen,2,3.3,3.65,2610,1458,728,126,55.86,27.89,4.83
TR,All,2012,first_gen_status,not_first_gen,3,3.65,4.0,2980,1778,846,99,59.66,28.39,3.32
TR,All,2012,overall,overall,1,0.3,3.3,5360,2676,1533,321,49.93,28.6,5.99
TR,All,2012,overall,overall,2,3.3,3.65,5384,2972,1549,264,55.2,28.77,4.9
TR,All,2012,overall,overall,3,3.65,4.0,5553,3313,1577,188,59.66,28.4,3.39
TR,All,2012,pell_status,non_pell,1,0.3,3.3,2123,1207,521,92,56.85,24.54,4.33
TR,All,2012,pell_status,non_pell,2,3.3,3.65,2389,1484,566,84,62.12,23.69,3.52
TR,All,2012,pell_status,non_pell,3,3.65,4.0,2794,1846,661,74,66.07,23.66,2.65
TR,All,2012,pell_status,pell,1,0.3,3.3,3237,1469,1012,229,45.38,31.26,7.07
TR,All,2012,pell_status,pell,2,3.3,3.65,2995,1488,983,180,49.68,32.82,6.01
TR,All,2012,pell_status,pell,3,3.65,4.0,2759,1467,916,114,53.17,33.2,4.13
TR,All,2013,ethnicity,aian,1,0.32,3.31,55,33,12,1,60.0,21.82,1.82
TR,All,2013,ethnicity,aian,2,3.31,3.66,45,23,13,3,51.11,28.89,6.67
TR,All,2013,ethnicity,aian,3,3.66,4.0,41,21,14,2,51.22,34.15,4.88
TR,All,2013,ethnicity,asian,1,0.32,3.31,1488,758,416,104,50.94,27.96,6.99
TR,All,2013,ethnicity,asian,2,3.31,3.66,1515,765,509,79,50.5,33.6,5.21
TR,All,2013,ethnicity,asian,3,3.66,4.0,1512,857,482,59,56.68,31.88,3.9
TR,All,2013,ethnicity,black,1,0.32,3.31,288,129,75,28,44.79,26.04,9.72
TR,All,2013,ethnicity,black,2,3.31,3.66,175,86,55,13,49.14,31.43,7.43
TR,All,2013,ethnicity,black,3,3.66,4.0,144,65,50,9,45.14,34.72,6.25
TR,All,2013,ethnicity,hispanic_latino,1,0.32,3.31,1474,711,435,85,48.24,29.51,5.77
TR,All,2013,ethnicity,hispanic_latino,2,3.31,3.66,1150,598,351,67,52.0,30.52,5.83
TR,All,2013,ethnicity,hispanic_latino,3,3.66,4.0,765,442,215,42,57.78,28.1,5.49
TR,All,2013,ethnicity,international,1,0.32,3.31,491,274,131,21,55.8,26.68,4.28
TR,All,2013,ethnicity,international,2,3.31,3.66,684,420,155,29,61.4,22.66,4.24
TR,All,2013,ethnicity,international,3,3.66,4.0,1091,751,224,28,68.84,20.53,2.57
TR,All,2013,ethnicity,white,1,0.32,3.31,1582,840,430,81,53.1,27.18,5.12
TR,All,2013,ethnicity,white,2,3.31,3.66,1835,1032,539,87,56.24,29.37,4.74
TR,All,2013,ethnicity,white,3,3.66,4.0,1968,1191,567,76,60.52,28.81,3.86
TR,All,2013,first_gen_status,first_gen,1,0.32,3.31,2919,1456,824,165,49.88,28.23,5.65
TR,All,2013,first_gen_status,first_gen,2,3.31,3.66,2720,1454,835,135,53.46,30.7,4.96
TR,All,2013,first_gen_status,first_gen,3,3.66,4.0,2566,1534,731,101,59.78,28.49,3.94
TR,All,2013,first_gen_status,not_first_gen,1,0.32,3.31,2379,1245,657,148,52.33,27.62,6.22
TR,All,2013,first_gen_status,not_first_gen,2,3.31,3.66,2675,1468,794,142,54.88,29.68,5.31
TR,All,2013,first_gen_status,not_first_gen,3,3.66,4.0,2979,1808,836,111,60.69,28.06,3.73
TR,All,2013,overall,overall,1,0.32,3.31,5479,2790,1532,324,50.92,27.96,5.91
TR,All,2013,overall,overall,2,3.31,3.66,5569,3007,1676,290,54.0,30.1,5.21
TR,All,2013,overall,overall,3,3.66,4.0,5682,3419,1604,222,60.17,28.23,3.91
TR,All,2013,pell_status,non_pell,1,0.32,3.31,2094,1224,488,93,58.45,23.3,4.44
TR,All,2013,pell_status,non_pell,2,3.31,3.66,2534,1549,639,95,61.13,25.22,3.75
TR,All,2013,pell_status,non_pell,3,3.66,4.0,2947,1993,680,83,67.63,23.07,2.82
TR,All,2013,pell_status,pell,1,0.32,3.31,3385,1566,1044,231,46.26,30.84,6.82
TR,All,2013,pell_status,pell,2,3.31,3.66,3035,1458,1037,195,48.04,34.17,6.43
TR,All,2013,pell_status,pell,3,3.66,4.0,2735,1426,924,139,52.14,33.78,5.08
TR,All,2014,ethnicity,aian,1,0.82,3.34,69,34,20,3,49.28,28.99,4.35
TR,All,2014,ethnicity,aian,2,3.34,3.68,61,32,10,4,52.46,16.39,6.56
TR,All,2014,ethnicity,aian,3,3.68,4.0,40,21,12,4,52.5,30.0,10.0
TR,All,2014,ethnicity,asian,1,0.82,3.34,1391,707,399,89,50.83,28.68,6.4
TR,All,2014,ethnicity,asian,2,3.34,3.68,1592,818,544,65,51.38,34.17,4.08
TR,All,2014,ethnicity,asian,3,3.68,4.0,1621,930,520,72,57.37,32.08,4.44
TR,All,2014,ethnicity,black,1,0.82,3.34,314,125,95,31,39.81,30.25,9.87
TR,All,2014,ethnicity,black,2,3.34,3.68,200,92,73,12,46.0,36.5,6.0
TR,All,2014,ethnicity,black,3,3.68,4.0,142,78,45,5,54.93,31.69,3.52
TR,All,2014,ethnicity,hispanic_latino,1,0.82,3.34,1543,768,472,69,49.77,30.59,4.47
TR,All,2014,ethnicity,hispanic_latino,2,3.34,3.68,1244,672,376,62,54.02,30.23,4.98
TR,All,2014,ethnicity,hispanic_latino,3,3.68,4.0,766,402,250,46,52.48,32.64,6.01
TR,All,2014,ethnicity,international,1,0.82,3.34,480,276,122,15,57.5,25.42,3.12
TR,All,2014,ethnicity,international,2,3.34,3.68,696,450,151,23,64.66,21.7,3.3
TR,All,2014,ethnicity,international,3,3.68,4.0,1199,844,231,42,70.39,19.27,3.5
TR,All,2014,ethnicity,white,1,0.82,3.34,1602,877,425,67,54.74,26.53,4.18
TR,All,2014,ethnicity,white,2,3.34,3.68,1732,966,490,84,55.77,28.29,4.85
TR,All,2014,ethnicity,white,3,3.68,4.0,1843,1148,497,71,62.29,26.97,3.85
TR,All,2014,first_gen_status,first_gen,1,0.82,3.34,2959,1506,860,145,50.9,29.06,4.9
TR,All,2014,first_gen_status,first_gen,2,3.34,3.68,2787,1531,809,127,54.93,29.03,4.56
TR,All,2014,first_gen_status,first_gen,3,3.68,4.0,2610,1580,727,112,60.54,27.85,4.29
TR,All,2014,first_gen_status,not_first_gen,1,0.82,3.34,2370,1241,660,122,52.36,27.85,5.15
TR,All,2014,first_gen_status,not_first_gen,2,3.34,3.68,2697,1480,818,122,54.88,30.33,4.52
TR,All,2014,first_gen_status,not_first_gen,3,3.68,4.0,2968,1815,826,126,61.15,27.83,4.25
TR,All,2014,overall,overall,1,0.82,3.34,5526,2845,1571,279,51.48,28.43,5.05
TR,All,2014,overall,overall,2,3.34,3.68,5659,3093,1687,258,54.66,29.81,4.56
TR,All,2014,overall,overall,3,3.68,4.0,5773,3510,1605,250,60.8,27.8,4.33
TR,All,2014,pell_status,non_pell,1,0.82,3.34,2097,1226,523,78,58.46,24.94,3.72
TR,All,2014,pell_status,non_pell,2,3.34,3.68,2523,1582,623,78,62.7,24.69,3.09
TR,All,2014,pell_status,non_pell,3,3.68,4.0,2987,2001,693,106,66.99,23.2,3.55
TR,All,2014,pell_status,pell,1,0.82,3.34,3429,1619,1048,201,47.21,30.56,5.86
TR,All,2014,pell_status,pell,2,3.34,3.68,3136,1511,1064,180,48.18,33.93,5.74
TR,All,2014,pell_status,pell,3,3.68,4.0,2786,1509,912,144,54.16,32.74,5.17
TR,All,2015,ethnicity,aian,1,1.4,3.34,45,23,13,3,51.11,28.89,6.67
TR,All,2015,ethnicity,aian,2,3.34,3.68,41,22,14,2,53.66,34.15,4.88
TR,All,2015,ethnicity,aian,3,3.68,4.0,40,20,13,1,50.0,32.5,2.5
TR,All,2015,ethnicity,asian,1,1.4,3.34,1441,756,417,60,52.46,28.94,4.16
TR,All,2015,ethnicity,asian,2,3.34,3.68,1493,826,455,66,55.32,30.48,4.42
TR,All,2015,ethnicity,asian,3,3.68,4.0,1549,910,469,64,58.75,30.28,4.13
TR,All,2015,ethnicity,black,1,1.4,3.34,314,132,73,33,42.04,23.25,10.51
TR,All,2015,ethnicity,black,2,3.34,3.68,222,124,60,8,55.86,27.03,3.6
TR,All,2015,ethnicity,black,3,3.68,4.0,130,56,51,6,43.08,39.23,4.62
TR,All,2015,ethnicity,hispanic_latino,1,1.4,3.34,1575,804,419,99,51.05,26.6,6.29
TR,All,2015,ethnicity,hispanic_latino,2,3.34,3.68,1128,618,334,42,54.79,29.61,3.72
TR,All,2015,ethnicity,hispanic_latino,3,3.68,4.0,828,500,229,34,60.39,27.66,4.11
TR,All,2015,ethnicity,international,1,1.4,3.34,505,291,112,19,57.62,22.18,3.76
TR,All,2015,ethnicity,international,2,3.34,3.68,789,499,184,24,63.24,23.32,3.04
TR,All,2015,ethnicity,international,3,3.68,4.0,1242,875,237,37,70.45,19.08,2.98
TR,All,2015,ethnicity,white,1,1.4,3.34,1547,847,401,79,54.75,25.92,5.11
TR,All,2015,ethnicity,white,2,3.34,3.68,1709,1007,459,64,58.92,26.86,3.74
TR,All,2015,ethnicity,white,3,3.68,4.0,1848,1176,481,63,63.64,26.03,3.41
TR,All,2015,first_gen_status,first_gen,1,1.4,3.34,2982,1559,788,155,52.28,26.43,5.2
TR,All,2015,first_gen_status,first_gen,2,3.34,3.68,2756,1588,767,101,57.62,27.83,3.66
TR,All,2015,first_gen_status,first_gen,3,3.68,4.0,2479,1561,636,89,62.97,25.66,3.59
TR,All,2015,first_gen_status,not_first_gen,1,1.4,3.34,2362,1266,614,128,53.6,25.99,5.42
TR,All,2015,first_gen_status,not_first_gen,2,3.34,3.68,2553,1471,715,99,57.62,28.01,3.88
TR,All,2015,first_gen_status,not_first_gen,3,3.68,4.0,3124,1976,814,119,63.25,26.06,3.81
TR,All,2015,overall,overall,1,1.4,3.34,5550,2919,1469,298,52.59,26.47,5.37
TR,All,2015,overall,overall,2,3.34,3.68,5512,3165,1541,214,57.42,27.96,3.88
TR,All,2015,overall,overall,3,3.68,4.0,5809,3642,1518,217,62.7,26.13,3.74
TR,All,2015,pell_status,non_pell,1,1.4,3.34,2159,1265,515,82,58.59,23.85,3.8
TR,All,2015,pell_status,non_pell,2,3.34,3.68,2588,1634,621,76,63.14,24.0,2.94
TR,All,2015,pell_status,non_pell,3,3.68,4.0,3133,2151,677,84,68.66,21.61,2.68
TR,All,2015,pell_status,pell,1,1.4,3.34,3391,1654,954,216,48.78,28.13,6.37
TR,All,2015,pell_status,pell,2,3.34,3.68,2924,1531,920,138,52.36,31.46,4.72
TR,All,2015,pell_status,pell,3,3.68,4.0,2676,1491,841,133,55.72,31.43,4.97
TR,All,2016,ethnicity,aian,1,0.36,3.33,56,27,16,3,48.21,28.57,5.36
TR,All,2016,ethnicity,aian,2,3.33,3.68,59,28,12,4,47.46,20.34,6.78
TR,All,2016,ethnicity,aian,3,3.68,4.0,30,18,8,2,60.0,26.67,6.67
TR,All,2016,ethnicity,asian,1,0.36,3.33,1575,778,434,122,49.4,27.56,7.75
TR,All,2016,ethnicity,asian,2,3.33,3.68,1819,950,577,103,52.23,31.72,5.66
TR,All,2016,ethnicity,asian,3,3.68,4.0,1748,1032,544,62,59.04,31.12,3.55
TR,All,2016,ethnicity,black,1,0.36,3.33,429,194,112,39,45.22,26.11,9.09
TR,All,2016,ethnicity,black,2,3.33,3.68,258,136,69,17,52.71,26.74,6.59
TR,All,2016,ethnicity,black,3,3.68,4.0,196,110,58,8,56.12,29.59,4.08
TR,All,2016,ethnicity,hispanic_latino,1,0.36,3.33,1940,998,524,100,51.44,27.01,5.15
TR,All,2016,ethnicity,hispanic_latino,2,3.33,3.68,1428,826,369,63,57.84,25.84,4.41
TR,All,2016,ethnicity,hispanic_latino,3,3.68,4.0,998,595,269,43,59.62,26.95,4.31
TR,All,2016,ethnicity,international,1,0.36,3.33,544,333,113,18,61.21,20.77,3.31
TR,All,2016,ethnicity,international,2,3.33,3.68,888,582,194,21,65.54,21.85,2.36
TR,All,2016,ethnicity,international,3,3.68,4.0,1360,933,277,50,68.6,20.37,3.68
TR,All,2016,ethnicity,white,1,0.36,3.33,1682,912,408,114,54.22,24.26,6.78
TR,All,2016,ethnicity,white,2,3.33,3.68,1817,1061,470,84,58.39,25.87,4.62
TR,All,2016,ethnicity,white,3,3.68,4.0,2045,1299,521,82,63.52,25.48,4.01
TR,All,2016,first_gen_status,first_gen,1,0.36,3.33,3444,1767,885,211,51.31,25.7,6.13
TR,All,2016,first_gen_status,first_gen,2,3.33,3.68,3296,1866,890,146,56.61,27.0,4.43
TR,All,2016,first_gen_status,first_gen,3,3.68,4.0,2869,1753,792,112,61.1,27.61,3.9
TR,All,2016,first_gen_status,not_first_gen,1,0.36,3.33,2666,1416,687,179,53.11,25.77,6.71
TR,All,2016,first_gen_status,not_first_gen,2,3.33,3.68,2891,1681,768,144,58.15,26.57,4.98
TR,All,2016,first_gen_status,not_first_gen,3,3.68,4.0,3460,2202,886,122,63.64,25.61,3.53
TR,All,2016,overall,overall,1,0.36,3.33,6378,3317,1643,407,52.01,25.76,6.38
TR,All,2016,overall,overall,2,3.33,3.68,6416,3655,1735,303,56.97,27.04,4.72
TR,All,2016,overall,overall,3,3.68,4.0,6559,4096,1730,251,62.45,26.38,3.83
TR,All,2016,pell_status,non_pell,1,0.36,3.33,2589,1554,562,111,60.02,21.71,4.29
TR,All,2016,pell_status,non_pell,2,3.33,3.68,3064,1954,720,96,63.77,23.5,3.13
TR,All,2016,pell_status,non_pell,3,3.68,4.0,3677,2509,807,120,68.23,21.95,3.26
TR,All,2016,pell_status,pell,1,0.36,3.33,3789,1763,1081,296,46.53,28.53,7.81
TR,All,2016,pell_status,pell,2,3.33,3.68,3352,1701,1015,207,50.75,30.28,6.18
TR,All,2016,pell_status,pell,3,3.68,4.0,2882,1587,923,131,55.07,32.03,4.55
TR,All,2017,ethnicity,aian,1,0.3,3.33,59,34,12,5,57.63,20.34,8.47
TR,All,2017,ethnicity,aian,2,3.33,3.69,51,29,12,5,56.86,23.53,9.8
TR,All,2017,ethnicity,aian,3,3.69,4.0,24,16,5,0,66.67,20.83,0.0
TR,All,2017,ethnicity,asian,1,0.3,3.33,1652,876,454,82,53.03,27.48,4.96
TR,All,2017,ethnicity,asian,2,3.33,3.69,1790,1002,528,89,55.98,29.5,4.97
TR,All,2017,ethnicity,asian,3,3.69,4.0,1850,1160,518,59,62.7,28.0,3.19
TR,All,2017,ethnicity,black,1,0.3,3.33,422,200,106,28,47.39,25.12,6.64
TR,All,2017,ethnicity,black,2,3.33,3.69,303,155,82,23,51.16,27.06,7.59
TR,All,2017,ethnicity,black,3,3.69,4.0,191,115,48,10,60.21,25.13,5.24
TR,All,2017,ethnicity,hispanic_latino,1,0.3,3.33,2131,1075,605,123,50.45,28.39,5.77
TR,All,2017,ethnicity,hispanic_latino,2,3.33,3.69,1566,883,433,70,56.39,27.65,4.47
TR,All,2017,ethnicity,hispanic_latino,3,3.69,4.0,1078,692,252,48,64.19,23.38,4.45
TR,All,2017,ethnicity,international,1,0.3,3.33,537,314,124,24,58.47,23.09,4.47
TR,All,2017,ethnicity,international,2,3.33,3.69,854,597,153,21,69.91,17.92,2.46
TR,All,2017,ethnicity,international,3,3.69,4.0,1381,998,271,32,72.27,19.62,2.32
TR,All,2017,ethnicity,white,1,0.3,3.33,1603,891,383,100,55.58,23.89,6.24
TR,All,2017,ethnicity,white,2,3.33,3.69,1912,1146,485,95,59.94,25.37,4.97
TR,All,2017,ethnicity,white,3,3.69,4.0,2023,1353,461,81,66.88,22.79,4.0
TR,All,2017,first_gen_status,first_gen,1,0.3,3.33,3621,1851,960,208,51.12,26.51,5.74
TR,All,2017,first_gen_status,first_gen,2,3.33,3.69,3232,1887,826,161,58.38,25.56,4.98
TR,All,2017,first_gen_status,first_gen,3,3.69,4.0,2907,1873,711,99,64.43,24.46,3.41
TR,All,2017,first_gen_status,not_first_gen,1,0.3,3.33,2632,1482,662,142,56.31,25.15,5.4
TR,All,2017,first_gen_status,not_first_gen,2,3.33,3.69,3128,1856,837,137,59.34,26.76,4.38
TR,All,2017,first_gen_status,not_first_gen,3,3.69,4.0,3580,2420,838,122,67.6,23.41,3.41
TR,All,2017,overall,overall,1,0.3,3.33,6535,3452,1715,370,52.82,26.24,5.66
TR,All,2017,overall,overall,2,3.33,3.69,6631,3894,1733,310,58.72,26.13,4.68
TR,All,2017,overall,overall,3,3.69,4.0,6718,4447,1596,234,66.2,23.76,3.48
TR,All,2017,pell_status,non_pell,1,0.3,3.33,2589,1551,588,104,59.91,22.71,4.02
TR,All,2017,pell_status,non_pell,2,3.33,3.69,3121,2023,713,95,64.82,22.85,3.04
TR,All,2017,pell_status,non_pell,3,3.69,4.0,3761,2685,756,102,71.39,20.1,2.71
TR,All,2017,pell_status,pell,1,0.3,3.33,3946,1901,1127,266,48.18,28.56,6.74
TR,All,2017,pell_status,pell,2,3.33,3.69,3510,1871,1020,215,53.3,29.06,6.13
TR,All,2017,pell_status,pell,3,3.69,4.0,2957,1762,840,132,59.59,28.41,4.46
TR,All,2018,ethnicity,aian,1,0.32,3.34,40,18,11,3,45.0,27.5,7.5
TR,All,2018,ethnicity,aian,2,3.34,3.7,57,26,18,3,45.61,31.58,5.26
TR,All,2018,ethnicity,aian,3,3.7,4.0,26,16,3,1,61.54,11.54,3.85
TR,All,2018,ethnicity,asian,1,0.32,3.34,1523,800,434,66,52.53,28.5,4.33
TR,All,2018,ethnicity,asian,2,3.34,3.7,1888,1095,549,75,58.0,29.08,3.97
TR,All,2018,ethnicity,asian,3,3.7,4.0,1877,1219,502,51,64.94,26.74,2.72
TR,All,2018,ethnicity,black,1,0.32,3.34,474,217,126,33,45.78,26.58,6.96
TR,All,2018,ethnicity,black,2,3.34,3.7,309,179,82,16,57.93,26.54,5.18
TR,All,2018,ethnicity,black,3,3.7,4.0,181,106,46,9,58.56,25.41,4.97
TR,All,2018,ethnicity,hispanic_latino,1,0.32,3.34,2328,1247,611,103,53.57,26.25,4.42
TR,All,2018,ethnicity,hispanic_latino,2,3.34,3.7,1655,944,428,59,57.04,25.86,3.56
TR,All,2018,ethnicity,hispanic_latino,3,3.7,4.0,1198,809,255,33,67.53,21.29,2.75
TR,All,2018,ethnicity,international,1,0.32,3.34,617,379,138,20,61.43,22.37,3.24
TR,All,2018,ethnicity,international,2,3.34,3.7,892,645,149,14,72.31,16.7,1.57
TR,All,2018,ethnicity,international,3,3.7,4.0,1507,1107,262,34,73.46,17.39,2.26
TR,All,2018,ethnicity,white,1,0.32,3.34,1617,913,378,74,56.46,23.38,4.58
TR,All,2018,ethnicity,white,2,3.34,3.7,1886,1212,429,68,64.26,22.75,3.61
TR,All,2018,ethnicity,white,3,3.7,4.0,2143,1498,487,52,69.9,22.73,2.43
TR,All,2018,first_gen_status,first_gen,1,0.32,3.34,3624,1897,959,181,52.35,26.46,4.99
TR,All,2018,first_gen_status,first_gen,2,3.34,3.7,3322,1958,875,124,58.94,26.34,3.73
TR,All,2018,first_gen_status,first_gen,3,3.7,4.0,3037,2064,710,71,67.96,23.38,2.34
TR,All,2018,first_gen_status,not_first_gen,1,0.32,3.34,2764,1553,688,112,56.19,24.89,4.05
TR,All,2018,first_gen_status,not_first_gen,2,3.34,3.7,3235,2060,757,108,63.68,23.4,3.34
TR,All,2018,first_gen_status,not_first_gen,3,3.7,4.0,3833,2655,832,107,69.27,21.71,2.79
TR,All,2018,overall,overall,1,0.32,3.34,6721,3627,1732,307,53.97,25.77,4.57
TR,All,2018,overall,overall,2,3.34,3.7,6821,4173,1688,241,61.18,24.75,3.53
TR,All,2018,overall,overall,3,3.7,4.0,7124,4884,1603,187,68.56,22.5,2.62
TR,All,2018,pell_status,non_pell,1,0.32,3.34,2740,1651,620,86,60.26,22.63,3.14
TR,All,2018,pell_status,non_pell,2,3.34,3.7,3340,2292,653,79,68.62,19.55,2.37
TR,All,2018,pell_status,non_pell,3,3.7,4.0,4118,3039,752,89,73.8,18.26,2.16
TR,All,2018,pell_status,pell,1,0.32,3.34,3981,1976,1112,221,49.64,27.93,5.55
TR,All,2018,pell_status,pell,2,3.34,3.7,3481,1881,1035,162,54.04,29.73,4.65
TR,All,2018,pell_status,pell,3,3.7,4.0,3006,1845,851,98,61.38,28.31,3.26
TR,All,2019,ethnicity,aian,1,0.32,3.38,44,29,6,0,65.91,13.64,0.0
TR,All,2019,ethnicity,aian,2,3.38,3.73,39,19,10,2,48.72,25.64,5.13
TR,All,2019,ethnicity,aian,3,3.73,4.0,31,21,9,0,67.74,29.03,0.0
TR,All,2019,ethnicity,asian,1,0.32,3.38,1618,904,455,63,55.87,28.12,3.89
TR,All,2019,ethnicity,asian,2,3.38,3.73,1789,1124,463,57,62.83,25.88,3.19
TR,All,2019,ethnicity,asian,3,3.73,4.0,2004,1357,489,56,67.71,24.4,2.79
TR,All,2019,ethnicity,black,1,0.32,3.38,420,209,93,33,49.76,22.14,7.86
TR,All,2019,ethnicity,black,2,3.38,3.73,331,201,74,17,60.73,22.36,5.14
TR,All,2019,ethnicity,black,3,3.73,4.0,199,130,41,7,65.33,20.6,3.52
TR,All,2019,ethnicity,hispanic_latino,1,0.32,3.38,2318,1262,586,118,54.44,25.28,5.09
TR,All,2019,ethnicity,hispanic_latino,2,3.38,3.73,1631,989,393,67,60.64,24.1,4.11
TR,All,2019,ethnicity,hispanic_latino,3,3.73,4.0,1168,809,234,29,69.26,20.03,2.48
TR,All,2019,ethnicity,international,1,0.32,3.38,689,427,127,21,61.97,18.43,3.05
TR,All,2019,ethnicity,international,2,3.38,3.73,898,638,150,32,71.05,16.7,3.56
TR,All,2019,ethnicity,international,3,3.73,4.0,1357,983,239,40,72.44,17.61,2.95
TR,All,2019,ethnicity,white,1,0.32,3.38,1643,943,394,80,57.4,23.98,4.87
TR,All,2019,ethnicity,white,2,3.38,3.73,1844,1173,385,84,63.61,20.88,4.56
TR,All,2019,ethnicity,white,3,3.73,4.0,2113,1493,426,57,70.66,20.16,2.7
TR,All,2019,first_gen_status,first_gen,1,0.32,3.38,3673,2047,886,177,55.73,24.12,4.82
TR,All,2019,first_gen_status,first_gen,2,3.38,3.73,3199,2020,731,111,63.14,22.85,3.47
TR,All,2019,first_gen_status,first_gen,3,3.73,4.0,3005,2087,623,77,69.45,20.73,2.56
TR,All,2019,first_gen_status,not_first_gen,1,0.32,3.38,2849,1614,726,125,56.65,25.48,4.39
TR,All,2019,first_gen_status,not_first_gen,2,3.38,3.73,3231,2055,733,140,63.6,22.69,4.33
TR,All,2019,first_gen_status,not_first_gen,3,3.73,4.0,3794,2645,810,114,69.72,21.35,3.0
TR,All,2019,overall,overall,1,0.32,3.38,6843,3823,1692,324,55.87,24.73,4.73
TR,All,2019,overall,overall,2,3.38,3.73,6668,4227,1507,266,63.39,22.6,3.99
TR,All,2019,overall,overall,3,3.73,4.0,7064,4912,1482,197,69.54,20.98,2.79
TR,All,2019,pell_status,non_pell,1,0.32,3.38,2977,1841,645,84,61.84,21.67,2.82
TR,All,2019,pell_status,non_pell,2,3.38,3.73,3402,2363,647,103,69.46,19.02,3.03
TR,All,2019,pell_status,non_pell,3,3.73,4.0,4141,3009,779,100,72.66,18.81,2.41
TR,All,2019,pell_status,pell,1,0.32,3.38,3866,1982,1047,240,51.27,27.08,6.21
TR,All,2019,pell_status,pell,2,3.38,3.73,3266,1864,860,163,57.07,26.33,4.99
TR,All,2019,pell_status,pell,3,3.73,4.0,2923,1903,703,97,65.1,24.05,3.32
TR,All,2020,ethnicity,aian,1,1.25,3.39,52,18,12,4,34.62,23.08,7.69
TR,All,2020,ethnicity,aian,2,3.39,3.74,32,12,13,0,37.5,40.62,0.0
TR,All,2020,ethnicity,aian,3,3.74,4.0,38,20,13,4,52.63,34.21,10.53
TR,All,2020,ethnicity,asian,1,1.25,3.39,1642,903,417,100,54.99,25.4,6.09
TR,All,2020,ethnicity,asian,2,3.39,3.74,2115,1321,523,89,62.46,24.73,4.21
TR,All,2020,ethnicity,asian,3,3.74,4.0,2236,1476,554,58,66.01,24.78,2.59
TR,All,2020,ethnicity,black,1,1.25,3.39,504,219,126,26,43.45,25.0,5.16
TR,All,2020,ethnicity,black,2,3.39,3.74,328,185,76,15,56.4,23.17,4.57
TR,All,2020,ethnicity,black,3,3.74,4.0,210,132,49,6,62.86,23.33,2.86
TR,All,2020,ethnicity,hispanic_latino,1,1.25,3.39,2433,1199,584,132,49.28,24.0,5.43
TR,All,2020,ethnicity,hispanic_latino,2,3.39,3.74,1786,1057,427,48,59.18,23.91,2.69
TR,All,2020,ethnicity,hispanic_latino,3,3.74,4.0,1246,844,248,41,67.74,19.9,3.29
TR,All,2020,ethnicity,international,1,1.25,3.39,688,367,147,37,53.34,21.37,5.38
TR,All,2020,ethnicity,international,2,3.39,3.74,882,571,197,26,64.74,22.34,2.95
TR,All,2020,ethnicity,international,3,3.74,4.0,1305,897,242,58,68.74,18.54,4.44
TR,All,2020,ethnicity,white,1,1.25,3.39,1621,855,394,80,52.75,24.31,4.94
TR,All,2020,ethnicity,white,2,3.39,3.74,1866,1161,415,73,62.22,22.24,3.91
TR,All,2020,ethnicity,white,3,3.74,4.0,2091,1450,439,61,69.34,20.99,2.92
TR,All,2020,first_gen_status,first_gen,1,1.25,3.39,3929,1979,907,217,50.37,23.08,5.52
TR,All,2020,first_gen_status,first_gen,2,3.39,3.74,3594,2203,808,126,61.3,22.48,3.51
TR,All,2020,first_gen_status,first_gen,3,3.74,4.0,2906,1990,588,93,68.48,20.23,3.2
TR,All,2020,first_gen_status,not_first_gen,1,1.25,3.39,2997,1560,781,161,52.05,26.06,5.37
TR,All,2020,first_gen_status,not_first_gen,2,3.39,3.74,3373,2070,837,126,61.37,24.81,3.74
TR,All,2020,first_gen_status,not_first_gen,3,3.74,4.0,4261,2842,983,137,66.7,23.07,3.22
TR,All,2020,overall,overall,1,1.25,3.39,7145,3660,1736,388,51.22,24.3,5.43
TR,All,2020,overall,overall,2,3.39,3.74,7200,4422,1691,257,61.42,23.49,3.57
TR,All,2020,overall,overall,3,3.74,4.0,7386,4973,1618,239,67.33,21.91,3.24
TR,All,2020,pell_status,non_pell,1,1.25,3.39,3129,1723,695,123,55.07,22.21,3.93
TR,All,2020,pell_status,non_pell,2,3.39,3.74,3740,2412,826,120,64.49,22.09,3.21
TR,All,2020,pell_status,non_pell,3,3.74,4.0,4382,3066,878,133,69.97,20.04,3.04
TR,All,2020,pell_status,pell,1,1.25,3.39,4016,1937,1041,265,48.23,25.92,6.6
TR,All,2020,pell_status,pell,2,3.39,3.74,3460,2010,865,137,58.09,25.0,3.96
TR,All,2020,pell_status,pell,3,3.74,4.0,3004,1907,740,106,63.48,24.63,3.53
TR,All,2021,ethnicity,aian,1,1.0,3.5,35,15,9,2,42.86,25.71,5.71
TR,All,2021,ethnicity,aian,2,3.5,3.82,27,10,3,7,37.04,11.11,25.93
TR,All,2021,ethnicity,aian,3,3.82,4.0,31,23,6,0,74.19,19.35,0.0
TR,All,2021,ethnicity,asian,1,1.0,3.5,1843,1043,442,85,56.59,23.98,4.61
TR,All,2021,ethnicity,asian,2,3.5,3.82,2220,1417,522,75,63.83,23.51,3.38
TR,All,2021,ethnicity,asian,3,3.82,4.0,2333,1634,498,65,70.04,21.35,2.79
TR,All,2021,ethnicity,black,1,1.0,3.5,437,235,87,17,53.78,19.91,3.89
TR,All,2021,ethnicity,black,2,3.5,3.82,313,185,78,21,59.11,24.92,6.71
TR,All,2021,ethnicity,black,3,3.82,4.0,210,128,55,6,60.95,26.19,2.86
TR,All,2021,ethnicity,hispanic_latino,1,1.0,3.5,2444,1342,549,106,54.91,22.46,4.34
TR,All,2021,ethnicity,hispanic_latino,2,3.5,3.82,1843,1184,397,60,64.24,21.54,3.26
TR,All,2021,ethnicity,hispanic_latino,3,3.82,4.0,1226,880,230,26,71.78,18.76,2.12
TR,All,2021,ethnicity,international,1,1.0,3.5,613,373,121,32,60.85,19.74,5.22
TR,All,2021,ethnicity,international,2,3.5,3.82,761,515,137,22,67.67,18.0,2.89
TR,All,2021,ethnicity,international,3,3.82,4.0,1238,866,239,32,69.95,19.31,2.58
TR,All,2021,ethnicity,white,1,1.0,3.5,1647,984,375,61,59.74,22.77,3.7
TR,All,2021,ethnicity,white,2,3.5,3.82,1898,1287,376,61,67.81,19.81,3.21
TR,All,2021,ethnicity,white,3,3.82,4.0,2065,1510,377,64,73.12,18.26,3.1
TR,All,2021,first_gen_status,first_gen,1,1.0,3.5,3960,2189,887,164,55.28,22.4,4.14
TR,All,2021,first_gen_status,first_gen,2,3.5,3.82,3337,2142,710,121,64.19,21.28,3.63
TR,All,2021,first_gen_status,first_gen,3,3.82,4.0,2845,2009,578,74,70.62,20.32,2.6
TR,All,2021,first_gen_status,not_first_gen,1,1.0,3.5,2958,1729,688,134,58.45,23.26,4.53
TR,All,2021,first_gen_status,not_first_gen,2,3.5,3.82,3603,2364,791,118,65.61,21.95,3.28
TR,All,2021,first_gen_status,not_first_gen,3,3.82,4.0,4180,2972,816,116,71.1,19.52,2.78
TR,All,2021,overall,overall,1,1.0,3.5,7109,4038,1610,306,56.8,22.65,4.3
TR,All,2021,overall,overall,2,3.5,3.82,7155,4653,1535,250,65.03,21.45,3.49
TR,All,2021,overall,overall,3,3.82,4.0,7263,5152,1440,199,70.93,19.83,2.74
TR,All,2021,pell_status,non_pell,1,1.0,3.5,3136,1929,632,109,61.51,20.15,3.48
TR,All,2021,pell_status,non_pell,2,3.5,3.82,3758,2575,717,97,68.52,19.08,2.58
TR,All,2021,pell_status,non_pell,3,3.82,4.0,4401,3237,785,100,73.55,17.84,2.27
TR,All,2021,pell_status,pell,1,1.0,3.5,3973,2109,978,197,53.08,24.62,4.96
TR,All,2021,pell_status,pell,2,3.5,3.82,3397,2078,818,153,61.17,24.08,4.5
TR,All,2021,pell_status,pell,3,3.82,4.0,2862,1915,655,99,66.91,22.89,3.46
TR,Berkeley,2010,ethnicity,aian,1,0.33,3.25,2,0,1,0,0.0,50.0,0.0
TR,Berkeley,2010,ethnicity,aian,2,3.25,3.63,8,6,2,0,75.0,25.0,0.0
TR,Berkeley,2010,ethnicity,aian,3,3.63,4.0,8,3,3,0,37.5,37.5,0.0
TR,Berkeley,2010,ethnicity,asian,1,0.33,3.25,21,17,2,0,80.95,9.52,0.0
TR,Berkeley,2010,ethnicity,asian,2,3.25,3.63,138,85,36,6,61.59,26.09,4.35
TR,Berkeley,2010,ethnicity,asian,3,3.63,4.0,434,262,141,13,60.37,32.49,3.0
TR,Berkeley,2010,ethnicity,black,1,0.33,3.25,19,7,5,4,36.84,26.32,21.05
TR,Berkeley,2010,ethnicity,black,2,3.25,3.63,21,7,10,2,33.33,47.62,9.52
TR,Berkeley,2010,ethnicity,black,3,3.63,4.0,44,20,14,3,45.45,31.82,6.82
TR,Berkeley,2010,ethnicity,hispanic_latino,1,0.33,3.25,33,15,9,1,45.45,27.27,3.03
TR,Berkeley,2010,ethnicity,hispanic_latino,2,3.25,3.63,110,60,33,8,54.55,30.0,7.27
TR,Berkeley,2010,ethnicity,hispanic_latino,3,3.63,4.0,169,97,54,5,57.4,31.95,2.96
TR,Berkeley,2010,ethnicity,international,1,0.33,3.25,4,3,0,0,75.0,0.0,0.0
TR,Berkeley,2010,ethnicity,international,2,3.25,3.63,31,20,8,1,64.52,25.81,3.23
TR,Berkeley,2010,ethnicity,international,3,3.63,4.0,260,189,42,12,72.69,16.15,4.62
TR,Berkeley,2010,ethnicity,white,1,0.33,3.25,33,20,10,2,60.61,30.3,6.06
TR,Berkeley,2010,ethnicity,white,2,3.25,3.63,196,119,54,8,60.71,27.55,4.08
TR,Berkeley,2010,ethnicity,white,3,3.63,4.0,489,310,136,16,63.39,27.81,3.27
TR,Berkeley,2010,first_gen_status,first_gen,1,0.33,3.25,65,36,13,4,55.38,20.0,6.15
TR,Berkeley,2010,first_gen_status,first_gen,2,3.25,3.63,268,151,80,17,56.34,29.85,6.34
TR,Berkeley,2010,first_gen_status,first_gen,3,3.63,4.0,574,349,176,17,60.8,30.66,2.96
TR,Berkeley,2010,first_gen_status,not_first_gen,1,0.33,3.25,43,24,10,4,55.81,23.26,9.3
TR,Berkeley,2010,first_gen_status,not_first_gen,2,3.25,3.63,243,143,67,11,58.85,27.57,4.53
TR,Berkeley,2010,first_gen_status,not_first_gen,3,3.63,4.0,778,507,187,33,65.17,24.04,4.24
TR,Berkeley,2010,overall,overall,1,0.33,3.25,122,68,28,8,55.74,22.95,6.56
TR,Berkeley,2010,overall,overall,2,3.25,3.63,558,323,156,31,57.89,27.96,5.56
TR,Berkeley,2010,overall,overall,3,3.63,4.0,1514,950,419,51,62.75,27.68,3.37
TR,Berkeley,2010,pell_status,non_pell,1,0.33,3.25,34,16,11,1,47.06,32.35,2.94
TR,Berkeley,2010,pell_status,non_pell,2,3.25,3.63,201,141,38,5,70.15,18.91,2.49
TR,Berkeley,2010,pell_status,non_pell,3,3.63,4.0,746,540,141,22,72.39,18.9,2.95
TR,Berkeley,2010,pell_status,pell,1,0.33,3.25,88,52,17,7,59.09,19.32,7.95
TR,Berkeley,2010,pell_status,pell,2,3.25,3.63,357,182,118,26,50.98,33.05,7.28
TR,Berkeley,2010,pell_status,pell,3,3.63,4.0,768,410,278,29,53.39,36.2,3.78
TR,Berkeley,2011,ethnicity,aian,1,0.31,3.27,1,1,0,0,100.0,0.0,0.0
TR,Berkeley,2011,ethnicity,aian,2,3.27,3.63,4,4,0,0,100.0,0.0,0.0
TR,Berkeley,2011,ethnicity,aian,3,3.63,4.0,13,7,4,0,53.85,30.77,0.0
TR,Berkeley,2011,ethnicity,asian,1,0.31,3.27,24,15,4,3,62.5,16.67,12.5
TR,Berkeley,2011,ethnicity,asian,2,3.27,3.63,132,88,27,5,66.67,20.45,3.79
TR,Berkeley,2011,ethnicity,asian,3,3.63,4.0,390,222,138,7,56.92,35.38,1.79
TR,Berkeley,2011,ethnicity,black,1,0.31,3.27,17,5,6,2,29.41,35.29,11.76
TR,Berkeley,2011,ethnicity,black,2,3.27,3.63,39,20,12,2,51.28,30.77,5.13
TR,Berkeley,2011,ethnicity,black,3,3.63,4.0,46,21,18,2,45.65,39.13,4.35
TR,Berkeley,2011,ethnicity,hispanic_latino,1,0.31,3.27,33,18,12,0,54.55,36.36,0.0
TR,Berkeley,2011,ethnicity,hispanic_latino,2,3.27,3.63,136,73,48,4,53.68,35.29,2.94
TR,Berkeley,2011,ethnicity,hispanic_latino,3,3.63,4.0,197,96,67,13,48.73,34.01,6.6
TR,Berkeley,2011,ethnicity,international,1,0.31,3.27,12,6,2,3,50.0,16.67,25.0
TR,Berkeley,2011,ethnicity,international,2,3.27,3.63,81,49,18,4,60.49,22.22,4.94
TR,Berkeley,2011,ethnicity,international,3,3.63,4.0,325,206,69,15,63.38,21.23,4.62
TR,Berkeley,2011,ethnicity,white,1,0.31,3.27,51,28,13,2,54.9,25.49,3.92
TR,Berkeley,2011,ethnicity,white,2,3.27,3.63,197,119,47,10,60.41,23.86,5.08
TR,Berkeley,2011,ethnicity,white,3,3.63,4.0,558,353,159,12,63.26,28.49,2.15
TR,Berkeley,2011,first_gen_status,first_gen,1,0.31,3.27,68,32,21,5,47.06,30.88,7.35
TR,Berkeley,2011,first_gen_status,first_gen,2,3.27,3.63,298,166,85,11,55.7,28.52,3.69
TR,Berkeley,2011,first_gen_status,first_gen,3,3.63,4.0,650,373,197,25,57.38,30.31,3.85
TR,Berkeley,2011,first_gen_status,not_first_gen,1,0.31,3.27,69,40,15,5,57.97,21.74,7.25
TR,Berkeley,2011,first_gen_status,not_first_gen,2,3.27,3.63,299,191,70,15,63.88,23.41,5.02
TR,Berkeley,2011,first_gen_status,not_first_gen,3,3.63,4.0,876,525,261,23,59.93,29.79,2.63
TR,Berkeley,2011,overall,overall,1,0.31,3.27,143,75,38,10,52.45,26.57,6.99
TR,Berkeley,2011,overall,overall,2,3.27,3.63,613,369,156,27,60.2,25.45,4.4
TR,Berkeley,2011,overall,overall,3,3.63,4.0,1582,931,473,49,58.85,29.9,3.1
TR,Berkeley,2011,pell_status,non_pell,1,0.31,3.27,47,24,8,7,51.06,17.02,14.89
TR,Berkeley,2011,pell_status,non_pell,2,3.27,3.63,248,173,43,11,69.76,17.34,4.44
TR,Berkeley,2011,pell_status,non_pell,3,3.63,4.0,817,540,189,24,66.1,23.13,2.94
TR,Berkeley,2011,pell_status,pell,1,0.31,3.27,96,51,30,3,53.12,31.25,3.12
TR,Berkeley,2011,pell_status,pell,2,3.27,3.63,365,196,113,16,53.7,30.96,4.38
TR,Berkeley,2011,pell_status,pell,3,3.63,4.0,765,391,284,25,51.11,37.12,3.27
TR,Berkeley,2012,ethnicity,aian,1,0.3,3.3,4,1,3,0,25.0,75.0,0.0
TR,Berkeley,2012,ethnicity,aian,2,3.3,3.65,8,5,3,0,62.5,37.5,0.0
TR,Berkeley,2012,ethnicity,aian,3,3.65,4.0,11,6,3,0,54.55,27.27,0.0
TR,Berkeley,2012,ethnicity,asian,1,0.3,3.3,18,10,5,0,55.56,27.78,0.0
TR,Berkeley,2012,ethnicity,asian,2,3.3,3.65,118,71,27,6,60.17,22.88,5.08
TR,Berkeley,2012,ethnicity,asian,3,3.65,4.0,408,248,119,15,60.78,29.17,3.68
TR,Berkeley,2012,ethnicity,black,1,0.3,3.3,13,2,6,0,15.38,46.15,0.0
TR,Berkeley,2012,ethnicity,black,2,3.3,3.65,17,11,2,2,64.71,11.76,11.76
TR,Berkeley,2012,ethnicity,black,3,3.65,4.0,41,19,18,0,46.34,43.9,0.0
TR,Berkeley,2012,ethnicity,hispanic_latino,1,0.3,3.3,25,9,12,2,36.0,48.0,8.0
TR,Berkeley,2012,ethnicity,hispanic_latino,2,3.3,3.65,101,57,25,5,56.44,24.75,4.95
TR,Berkeley,2012,ethnicity,hispanic_latino,3,3.65,4.0,217,112,78,10,51.61,35.94,4.61
TR,Berkeley,2012,ethnicity,international,1,0.3,3.3,13,8,4,0,61.54,30.77,0.0
TR,Berkeley,2012,ethnicity,international,2,3.3,3.65,65,39,14,3,60.0,21.54,4.62
TR,Berkeley,2012,ethnicity,international,3,3.65,4.0,354,234,74,11,66.1,20.9,3.11
TR,Berkeley,2012,ethnicity,white,1,0.3,3.3,41,17,14,1,41.46,34.15,2.44
TR,Berkeley,2012,ethnicity,white,2,3.3,3.65,173,97,57,6,56.07,32.95,3.47
TR,Berkeley,2012,ethnicity,white,3,3.65,4.0,467,262,145,13,56.1,31.05,2.78
TR,Berkeley,2012,first_gen_status,first_gen,1,0.3,3.3,59,26,22,2,44.07,37.29,3.39
TR,Berkeley,2012,first_gen_status,first_gen,2,3.3,3.65,243,135,69,11,55.56,28.4,4.53
TR,Berkeley,2012,first_gen_status,first_gen,3,3.65,4.0,645,378,184,24,58.6,28.53,3.72
TR,Berkeley,2012,first_gen_status,not_first_gen,1,0.3,3.3,57,22,23,1,38.6,40.35,1.75
TR,Berkeley,2012,first_gen_status,not_first_gen,2,3.3,3.65,242,154,55,12,63.64,22.73,4.96
TR,Berkeley,2012,first_gen_status,not_first_gen,3,3.65,4.0,868,515,254,25,59.33,29.26,2.88
TR,Berkeley,2012,overall,overall,1,0.3,3.3,123,54,46,3,43.9,37.4,2.44
TR,Berkeley,2012,overall,overall,2,3.3,3.65,502,296,128,24,58.96,25.5,4.78
TR,Berkeley,2012,overall,overall,3,3.65,4.0,1558,915,458,50,58.73,29.4,3.21
TR,Berkeley,2012,pell_status,non_pell,1,0.3,3.3,32,14,11,2,43.75,34.38,6.25
TR,Berkeley,2012,pell_status,non_pell,2,3.3,3.65,201,139,32,5,69.15,15.92,2.49
TR,Berkeley,2012,pell_status,non_pell,3,3.65,4.0,772,512,181,18,66.32,23.45,2.33
TR,Berkeley,2012,pell_status,pell,1,0.3,3.3,91,40,35,1,43.96,38.46,1.1
TR,Berkeley,2012,pell_status,pell,2,3.3,3.65,301,157,96,19,52.16,31.89,6.31
TR,Berkeley,2012,pell_status,pell,3,3.65,4.0,786,403,277,32,51.27,35.24,4.07
TR,Berkeley,2013,ethnicity,aian,2,3.31,3.66,7,4,2,1,57.14,28.57,14.29
TR,Berkeley,2013,ethnicity,aian,3,3.66,4.0,8,2,3,2,25.0,37.5,25.0
TR,Berkeley,2013,ethnicity,asian,1,0.32,3.31,16,8,4,0,50.0,25.0,0.0
TR,Berkeley,2013,ethnicity,asian,2,3.31,3.66,110,57,33,3,51.82,30.0,2.73
TR,Berkeley,2013,ethnicity,asian,3,3.66,4.0,432,256,133,14,59.26,30.79,3.24
TR,Berkeley,2013,ethnicity,black,1,0.32,3.31,13,7,3,2,53.85,23.08,15.38
TR,Berkeley,2013,ethnicity,black,2,3.31,3.66,26,12,12,0,46.15,46.15,0.0
TR,Berkeley,2013,ethnicity,black,3,3.66,4.0,53,19,19,4,35.85,35.85,7.55
TR,Berkeley,2013,ethnicity,hispanic_latino,1,0.32,3.31,37,20,7,1,54.05,18.92,2.7
TR,Berkeley,2013,ethnicity,hispanic_latino,2,3.31,3.66,110,55,42,5,50.0,38.18,4.55
TR,Berkeley,2013,ethnicity,hispanic_latino,3,3.66,4.0,193,112,53,14,58.03,27.46,7.25
TR,Berkeley,2013,ethnicity,international,1,0.32,3.31,25,18,6,0,72.0,24.0,0.0
TR,Berkeley,2013,ethnicity,international,2,3.31,3.66,78,47,15,0,60.26,19.23,0.0
TR,Berkeley,2013,ethnicity,international,3,3.66,4.0,414,293,79,9,70.77,19.08,2.17
TR,Berkeley,2013,ethnicity,white,1,0.32,3.31,29,23,4,1,79.31,13.79,3.45
TR,Berkeley,2013,ethnicity,white,2,3.31,3.66,136,72,50,7,52.94,36.76,5.15
TR,Berkeley,2013,ethnicity,white,3,3.66,4.0,465,293,127,14,63.01,27.31,3.01
TR,Berkeley,2013,first_gen_status,first_gen,1,0.32,3.31,65,36,16,2,55.38,24.62,3.08
TR,Berkeley,2013,first_gen_status,first_gen,2,3.31,3.66,267,130,101,12,48.69,37.83,4.49
TR,Berkeley,2013,first_gen_status,first_gen,3,3.66,4.0,725,432,211,28,59.59,29.1,3.86
TR,Berkeley,2013,first_gen_status,not_first_gen,1,0.32,3.31,59,42,9,3,71.19,15.25,5.08
TR,Berkeley,2013,first_gen_status,not_first_gen,2,3.31,3.66,212,123,59,5,58.02,27.83,2.36
TR,Berkeley,2013,first_gen_status,not_first_gen,3,3.66,4.0,850,555,207,26,65.29,24.35,3.06
TR,Berkeley,2013,overall,overall,1,0.32,3.31,126,79,26,5,62.7,20.63,3.97
TR,Berkeley,2013,overall,overall,2,3.31,3.66,488,255,165,17,52.25,33.81,3.48
TR,Berkeley,2013,overall,overall,3,3.66,4.0,1619,1006,433,59,62.14,26.74,3.64
TR,Berkeley,2013,pell_status,non_pell,1,0.32,3.31,47,31,10,3,65.96,21.28,6.38
TR,Berkeley,2013,pell_status,non_pell,2,3.31,3.66,180,115,42,3,63.89,23.33,1.67
TR,Berkeley,2013,pell_status,non_pell,3,3.66,4.0,849,606,171,15,71.38,20.14,1.77
TR,Berkeley,2013,pell_status,pell,1,0.32,3.31,79,48,16,2,60.76,20.25,2.53
TR,Berkeley,2013,pell_status,pell,2,3.31,3.66,308,140,123,14,45.45,39.94,4.55
TR,Berkeley,2013,pell_status,pell,3,3.66,4.0,770,400,262,44,51.95,34.03,5.71
TR,Berkeley,2014,ethnicity,aian,1,0.82,3.34,6,4,2,0,66.67,33.33,0.0
TR,Berkeley,2014,ethnicity,aian,2,3.34,3.68,7,5,0,1,71.43,0.0,14.29
TR,Berkeley,2014,ethnicity,aian,3,3.68,4.0,11,5,4,1,45.45,36.36,9.09
TR,Berkeley,2014,ethnicity,asian,1,0.82,3.34,24,20,3,0,83.33,12.5,0.0
TR,Berkeley,2014,ethnicity,asian,2,3.34,3.68,108,63,33,6,58.33,30.56,5.56
TR,Berkeley,2014,ethnicity,asian,3,3.68,4.0,424,248,137,17,58.49,32.31,4.01
TR,Berkeley,2014,ethnicity,black,1,0.82,3.34,18,6,3,6,33.33,16.67,33.33
TR,Berkeley,2014,ethnicity,black,2,3.34,3.68,35,16,13,4,45.71,37.14,11.43
TR,Berkeley,2014,ethnicity,black,3,3.68,4.0,40,21,13,3,52.5,32.5,7.5
TR,Berkeley,2014,ethnicity,hispanic_latino,1,0.82,3.34,36,17,12,4,47.22,33.33,11.11
TR,Berkeley,2014,ethnicity,hispanic_latino,2,3.34,3.68,133,69,43,9,51.88,32.33,6.77
TR,Berkeley,2014,ethnicity,hispanic_latino,3,3.68,4.0,177,86,61,11,48.59,34.46,6.21
TR,Berkeley,2014,ethnicity,international,1,0.82,3.34,19,9,4,1,47.37,21.05,5.26
TR,Berkeley,2014,ethnicity,international,2,3.34,3.68,69,44,18,4,63.77,26.09,5.8
TR,Berkeley,2014,ethnicity,international,3,3.68,4.0,397,278,71,17,70.03,17.88,4.28
TR,Berkeley,2014,ethnicity,white,1,0.82,3.34,57,34,12,0,59.65,21.05,0.0
TR,Berkeley,2014,ethnicity,white,2,3.34,3.68,141,83,33,9,58.87,23.4,6.38
TR,Berkeley,2014,ethnicity,white,3,3.68,4.0,411,256,118,16,62.29,28.71,3.89
TR,Berkeley,2014,first_gen_status,first_gen,1,0.82,3.34,86,49,16,8,56.98,18.6,9.3
TR,Berkeley,2014,first_gen_status,first_gen,2,3.34,3.68,275,142,84,21,51.64,30.55,7.64
TR,Berkeley,2014,first_gen_status,first_gen,3,3.68,4.0,649,373,195,29,57.47,30.05,4.47
TR,Berkeley,2014,first_gen_status,not_first_gen,1,0.82,3.34,77,40,19,3,51.95,24.68,3.9
TR,Berkeley,2014,first_gen_status,not_first_gen,2,3.34,3.68,221,138,53,13,62.44,23.98,5.88
TR,Berkeley,2014,first_gen_status,not_first_gen,3,3.68,4.0,806,515,210,36,63.9,26.05,4.47
TR,Berkeley,2014,overall,overall,1,0.82,3.34,167,90,37,12,53.89,22.16,7.19
TR,Berkeley,2014,overall,overall,2,3.34,3.68,511,287,144,34,56.16,28.18,6.65
TR,Berkeley,2014,overall,overall,3,3.68,4.0,1504,916,419,68,60.9,27.86,4.52
TR,Berkeley,2014,pell_status,non_pell,1,0.82,3.34,63,37,10,3,58.73,15.87,4.76
TR,Berkeley,2014,pell_status,non_pell,2,3.34,3.68,183,126,43,7,68.85,23.5,3.83
TR,Berkeley,2014,pell_status,non_pell,3,3.68,4.0,787,532,175,31,67.6,22.24,3.94
TR,Berkeley,2014,pell_status,pell,1,0.82,3.34,104,53,27,9,50.96,25.96,8.65
TR,Berkeley,2014,pell_status,pell,2,3.34,3.68,328,161,101,27,49.09,30.79,8.23
TR,Berkeley,2014,pell_status,pell,3,3.68,4.0,717,384,244,37,53.56,34.03,5.16
TR,Berkeley,2015,ethnicity,aian,1,1.4,3.34,4,2,0,2,50.0,0.0,50.0
TR,Berkeley,2015,ethnicity,aian,2,3.34,3.68,6,1,4,0,16.67,66.67,0.0
TR,Berkeley,2015,ethnicity,aian,3,3.68,4.0,11,6,3,0,54.55,27.27,0.0
TR,Berkeley,2015,ethnicity,asian,1,1.4,3.34,29,17,7,3,58.62,24.14,10.34
TR,Berkeley,2015,ethnicity,asian,2,3.34,3.68,118,77,24,6,65.25,20.34,5.08
TR,Berkeley,2015,ethnicity,asian,3,3.68,4.0,375,218,113,15,58.13,30.13,4.0
TR,Berkeley,2015,ethnicity,black,1,1.4,3.34,18,4,7,2,22.22,38.89,11.11
TR,Berkeley,2015,ethnicity,black,2,3.34,3.68,27,14,9,2,51.85,33.33,7.41
TR,Berkeley,2015,ethnicity,black,3,3.68,4.0,43,20,19,1,46.51,44.19,2.33
TR,Berkeley,2015,ethnicity,hispanic_latino,1,1.4,3.34,57,36,13,2,63.16,22.81,3.51
TR,Berkeley,2015,ethnicity,hispanic_latino,2,3.34,3.68,113,63,31,5,55.75,27.43,4.42
TR,Berkeley,2015,ethnicity,hispanic_latino,3,3.68,4.0,171,103,46,11,60.23,26.9,6.43
TR,Berkeley,2015,ethnicity,international,1,1.4,3.34,21,13,6,0,61.9,28.57,0.0
TR,Berkeley,2015,ethnicity,international,2,3.34,3.68,65,42,11,4,64.62,16.92,6.15
TR,Berkeley,2015,ethnicity,international,3,3.68,4.0,367,251,71,14,68.39,19.35,3.81
TR,Berkeley,2015,ethnicity,white,1,1.4,3.34,55,32,14,6,58.18,25.45,10.91
TR,Berkeley,2015,ethnicity,white,2,3.34,3.68,173,111,49,5,64.16,28.32,2.89
TR,Berkeley,2015,ethnicity,white,3,3.68,4.0,435,254,129,16,58.39,29.66,3.68
TR,Berkeley,2015,first_gen_status,first_gen,1,1.4,3.34,111,61,29,8,54.95,26.13,7.21
TR,Berkeley,2015,first_gen_status,first_gen,2,3.34,3.68,273,155,78,12,56.78,28.57,4.4
TR,Berkeley,2015,first_gen_status,first_gen,3,3.68,4.0,587,352,156,26,59.97,26.58,4.43
TR,Berkeley,2015,first_gen_status,not_first_gen,1,1.4,3.34,81,46,20,8,56.79,24.69,9.88
TR,Berkeley,2015,first_gen_status,not_first_gen,2,3.34,3.68,225,146,50,11,64.89,22.22,4.89
TR,Berkeley,2015,first_gen_status,not_first_gen,3,3.68,4.0,823,510,219,33,61.97,26.61,4.01
TR,Berkeley,2015,overall,overall,1,1.4,3.34,197,111,50,16,56.35,25.38,8.12
TR,Berkeley,2015,overall,overall,2,3.34,3.68,517,315,130,23,60.93,25.15,4.45
TR,Berkeley,2015,overall,overall,3,3.68,4.0,1451,880,392,61,60.65,27.02,4.2
TR,Berkeley,2015,pell_status,non_pell,1,1.4,3.34,62,38,13,6,61.29,20.97,9.68
TR,Berkeley,2015,pell_status,non_pell,2,3.34,3.68,216,143,47,7,66.2,21.76,3.24
TR,Berkeley,2015,pell_status,non_pell,3,3.68,4.0,785,540,162,21,68.79,20.64,2.68
TR,Berkeley,2015,pell_status,pell,1,1.4,3.34,135,73,37,10,54.07,27.41,7.41
TR,Berkeley,2015,pell_status,pell,2,3.34,3.68,301,172,83,16,57.14,27.57,5.32
TR,Berkeley,2015,pell_status,pell,3,3.68,4.0,666,340,230,40,51.05,34.53,6.01
TR,Berkeley,2016,ethnicity,aian,1,0.36,3.33,7,4,3,0,57.14,42.86,0.0
TR,Berkeley,2016,ethnicity,aian,2,3.33,3.68,6,4,1,0,66.67,16.67,0.0
TR,Berkeley,2016,ethnicity,aian,3,3.68,4.0,7,5,1,0,71.43,14.29,0.0
TR,Berkeley,2016,ethnicity,asian,1,0.36,3.33,32,20,8,1,62.5,25.0,3.12
TR,Berkeley,2016,ethnicity,asian,2,3.33,3.68,150,80,48,9,53.33,32.0,6.0
TR,Berkeley,2016,ethnicity,asian,3,3.68,4.0,429,254,139,15,59.21,32.4,3.5
TR,Berkeley,2016,ethnicity,black,1,0.36,3.33,16,11,2,0,68.75,12.5,0.0
TR,Berkeley,2016,ethnicity,black,2,3.33,3.68,38,16,17,1,42.11,44.74,2.63
TR,Berkeley,2016,ethnicity,black,3,3.68,4.0,58,35,17,1,60.34,29.31,1.72
TR,Berkeley,2016,ethnicity,hispanic_latino,1,0.36,3.33,57,35,16,2,61.4,28.07,3.51
TR,Berkeley,2016,ethnicity,hispanic_latino,2,3.33,3.68,154,89,42,5,57.79,27.27,3.25
TR,Berkeley,2016,ethnicity,hispanic_latino,3,3.68,4.0,255,140,79,9,54.9,30.98,3.53
TR,Berkeley,2016,ethnicity,international,1,0.36,3.33,8,5,1,2,62.5,12.5,25.0
TR,Berkeley,2016,ethnicity,international,2,3.33,3.68,61,39,14,3,63.93,22.95,4.92
TR,Berkeley,2016,ethnicity,international,3,3.68,4.0,373,264,65,11,70.78,17.43,2.95
TR,Berkeley,2016,ethnicity,white,1,0.36,3.33,52,29,14,2,55.77,26.92,3.85
TR,Berkeley,2016,ethnicity,white,2,3.33,3.68,190,129,36,11,67.89,18.95,5.79
TR,Berkeley,2016,ethnicity,white,3,3.68,4.0,487,296,129,14,60.78,26.49,2.87
TR,Berkeley,2016,first_gen_status,first_gen,1,0.36,3.33,99,59,23,5,59.6,23.23,5.05
TR,Berkeley,2016,first_gen_status,first_gen,2,3.33,3.68,305,172,88,19,56.39,28.85,6.23
TR,Berkeley,2016,first_gen_status,first_gen,3,3.68,4.0,700,397,219,23,56.71,31.29,3.29
TR,Berkeley,2016,first_gen_status,not_first_gen,1,0.36,3.33,79,47,22,3,59.49,27.85,3.8
TR,Berkeley,2016,first_gen_status,not_first_gen,2,3.33,3.68,288,183,68,9,63.54,23.61,3.12
TR,Berkeley,2016,first_gen_status,not_first_gen,3,3.68,4.0,919,598,219,24,65.07,23.83,2.61
TR,Berkeley,2016,overall,overall,1,0.36,3.33,179,106,45,8,59.22,25.14,4.47
TR,Berkeley,2016,overall,overall,2,3.33,3.68,616,367,163,29,59.58,26.46,4.71
TR,Berkeley,2016,overall,overall,3,3.68,4.0,1668,1027,448,50,61.57,26.86,3.0
TR,Berkeley,2016,pell_status,non_pell,1,0.36,3.33,70,44,14,3,62.86,20.0,4.29
TR,Berkeley,2016,pell_status,non_pell,2,3.33,3.68,277,187,57,8,67.51,20.58,2.89
TR,Berkeley,2016,pell_status,non_pell,3,3.68,4.0,930,664,173,25,71.4,18.6,2.69
TR,Berkeley,2016,pell_status,pell,1,0.36,3.33,109,62,31,5,56.88,28.44,4.59
TR,Berkeley,2016,pell_status,pell,2,3.33,3.68,339,180,106,21,53.1,31.27,6.19
TR,Berkeley,2016,pell_status,pell,3,3.68,4.0,738,363,275,25,49.19,37.26,3.39
TR,Berkeley,2017,ethnicity,aian,2,3.33,3.69,7,3,3,1,42.86,42.86,14.29
TR,Berkeley,2017,ethnicity,aian,3,3.69,4.0,7,5,2,0,71.43,28.57,0.0
TR,Berkeley,2017,ethnicity,asian,1,0.3,3.33,27,16,6,0,59.26,22.22,0.0
TR,Berkeley,2017,ethnicity,asian,2,3.33,3.69,185,114,49,9,61.62,26.49,4.86
TR,Berkeley,2017,ethnicity,asian,3,3.69,4.0,511,310,151,16,60.67,29.55,3.13
TR,Berkeley,2017,ethnicity,black,1,0.3,3.33,13,6,3,2,46.15,23.08,15.38
TR,Berkeley,2017,ethnicity,black,2,3.33,3.69,49,28,12,3,57.14,24.49,6.12
TR,Berkeley,2017,ethnicity,black,3,3.69,4.0,56,28,19,2,50.0,33.93,3.57
TR,Berkeley,2017,ethnicity,hispanic_latino,1,0.3,3.33,46,30,9,5,65.22,19.57,10.87
TR,Berkeley,2017,ethnicity,hispanic_latino,2,3.33,3.69,189,103,46,12,54.5,24.34,6.35
TR,Berkeley,2017,ethnicity,hispanic_latino,3,3.69,4.0,269,160,76,16,59.48,28.25,5.95
TR,Berkeley,2017,ethnicity,international,1,0.3,3.33,6,6,0,0,100.0,0.0,0.0
TR,Berkeley,2017,ethnicity,international,2,3.33,3.69,51,38,7,0,74.51,13.73,0.0
TR,Berkeley,2017,ethnicity,international,3,3.69,4.0,436,313,84,15,71.79,19.27,3.44
TR,Berkeley,2017,ethnicity,white,1,0.3,3.33,34,22,7,1,64.71,20.59,2.94
TR,Berkeley,2017,ethnicity,white,2,3.33,3.69,207,129,50,8,62.32,24.15,3.86
TR,Berkeley,2017,ethnicity,white,3,3.69,4.0,456,297,114,19,65.13,25.0,4.17
TR,Berkeley,2017,first_gen_status,first_gen,1,0.3,3.33,85,49,17,8,57.65,20.0,9.41
TR,Berkeley,2017,first_gen_status,first_gen,2,3.33,3.69,349,200,83,21,57.31,23.78,6.02
TR,Berkeley,2017,first_gen_status,first_gen,3,3.69,4.0,732,425,219,32,58.06,29.92,4.37
TR,Berkeley,2017,first_gen_status,not_first_gen,1,0.3,3.33,44,30,6,1,68.18,13.64,2.27
TR,Berkeley,2017,first_gen_status,not_first_gen,2,3.33,3.69,324,204,81,14,62.96,25.0,4.32
TR,Berkeley,2017,first_gen_status,not_first_gen,3,3.69,4.0,998,684,229,34,68.54,22.95,3.41
TR,Berkeley,2017,overall,overall,1,0.3,3.33,133,81,25,9,60.9,18.8,6.77
TR,Berkeley,2017,overall,overall,2,3.33,3.69,703,420,171,36,59.74,24.32,5.12
TR,Berkeley,2017,overall,overall,3,3.69,4.0,1777,1140,459,69,64.15,25.83,3.88
TR,Berkeley,2017,pell_status,non_pell,1,0.3,3.33,45,32,7,2,71.11,15.56,4.44
TR,Berkeley,2017,pell_status,non_pell,2,3.33,3.69,285,205,52,6,71.93,18.25,2.11
TR,Berkeley,2017,pell_status,non_pell,3,3.69,4.0,996,710,205,30,71.29,20.58,3.01
TR,Berkeley,2017,pell_status,pell,1,0.3,3.33,88,49,18,7,55.68,20.45,7.95
TR,Berkeley,2017,pell_status,pell,2,3.33,3.69,418,215,119,30,51.44,28.47,7.18
TR,Berkeley,2017,pell_status,pell,3,3.69,4.0,781,430,254,39,55.06,32.52,4.99
TR,Berkeley,2018,ethnicity,aian,1,0.32,3.34,1,1,0,0,100.0,0.0,0.0
TR,Berkeley,2018,ethnicity,aian,2,3.34,3.7,7,3,1,1,42.86,14.29,14.29
TR,Berkeley,2018,ethnicity,aian,3,3.7,4.0,4,3,0,0,75.0,0.0,0.0
TR,Berkeley,2018,ethnicity,asian,1,0.32,3.34,42,26,8,1,61.9,19.05,2.38
TR,Berkeley,2018,ethnicity,asian,2,3.34,3.7,132,67,42,7,50.76,31.82,5.3
TR,Berkeley,2018,ethnicity,asian,3,3.7,4.0,442,272,137,12,61.54,31.0,2.71
TR,Berkeley,2018,ethnicity,black,1,0.32,3.34,25,9,8,3,36.0,32.0,12.0
TR,Berkeley,2018,ethnicity,black,2,3.34,3.7,40,21,13,2,52.5,32.5,5.0
TR,Berkeley,2018,ethnicity,black,3,3.7,4.0,46,24,14,3,52.17,30.43,6.52
TR,Berkeley,2018,ethnicity,hispanic_latino,1,0.32,3.34,66,43,15,1,65.15,22.73,1.52
TR,Berkeley,2018,ethnicity,hispanic_latino,2,3.34,3.7,142,73,38,11,51.41,26.76,7.75
TR,Berkeley,2018,ethnicity,hispanic_latino,3,3.7,4.0,217,144,50,11,66.36,23.04,5.07
TR,Berkeley,2018,ethnicity,international,1,0.32,3.34,19,7,6,2,36.84,31.58,10.53
TR,Berkeley,2018,ethnicity,international,2,3.34,3.7,45,33,7,3,73.33,15.56,6.67
TR,Berkeley,2018,ethnicity,international,3,3.7,4.0,347,234,73,10,67.44,21.04,2.88
TR,Berkeley,2018,ethnicity,white,1,0.32,3.34,49,26,10,6,53.06,20.41,12.24
TR,Berkeley,2018,ethnicity,white,2,3.34,3.7,204,136,43,5,66.67,21.08,2.45
TR,Berkeley,2018,ethnicity,white,3,3.7,4.0,411,281,105,9,68.37,25.55,2.19
TR,Berkeley,2018,first_gen_status,first_gen,1,0.32,3.34,110,62,24,9,56.36,21.82,8.18
TR,Berkeley,2018,first_gen_status,first_gen,2,3.34,3.7,273,138,82,18,50.55,30.04,6.59
TR,Berkeley,2018,first_gen_status,first_gen,3,3.7,4.0,618,385,180,15,62.3,29.13,2.43
TR,Berkeley,2018,first_gen_status,not_first_gen,1,0.32,3.34,90,48,23,4,53.33,25.56,4.44
TR,Berkeley,2018,first_gen_status,not_first_gen,2,3.34,3.7,293,197,58,12,67.24,19.8,4.1
TR,Berkeley,2018,first_gen_status,not_first_gen,3,3.7,4.0,851,578,198,32,67.92,23.27,3.76
TR,Berkeley,2018,overall,overall,1,0.32,3.34,206,114,48,13,55.34,23.3,6.31
TR,Berkeley,2018,overall,overall,2,3.34,3.7,590,346,149,30,58.64,25.25,5.08
TR,Berkeley,2018,overall,overall,3,3.7,4.0,1522,994,394,47,65.31,25.89,3.09
TR,Berkeley,2018,pell_status,non_pell,1,0.32,3.34,80,49,19,4,61.25,23.75,5.0
TR,Berkeley,2018,pell_status,non_pell,2,3.34,3.7,232,169,36,9,72.84,15.52,3.88
TR,Berkeley,2018,pell_status,non_pell,3,3.7,4.0,859,624,162,24,72.64,18.86,2.79
TR,Berkeley,2018,pell_status,pell,1,0.32,3.34,126,65,29,9,51.59,23.02,7.14
TR,Berkeley,2018,pell_status,pell,2,3.34,3.7,358,177,113,21,49.44,31.56,5.87
TR,Berkeley,2018,pell_status,pell,3,3.7,4.0,663,370,232,23,55.81,34.99,3.47
TR,Berkeley,2019,ethnicity,aian,1,0.32,3.38,5,3,1,0,60.0,20.0,0.0
TR,Berkeley,2019,ethnicity,aian,2,3.38,3.73,6,2,2,1,33.33,33.33,16.67
TR,Berkeley,2019,ethnicity,aian,3,3.73,4.0,6,4,2,0,66.67,33.33,0.0
TR,Berkeley,2019,ethnicity,asian,1,0.32,3.38,57,29,18,4,50.88,31.58,7.02
TR,Berkeley,2019,ethnicity,asian,2,3.38,3.73,190,124,39,6,65.26,20.53,3.16
TR,Berkeley,2019,ethnicity,asian,3,3.73,4.0,525,320,164,17,60.95,31.24,3.24
TR,Berkeley,2019,ethnicity,black,1,0.32,3.38,28,12,9,5,42.86,32.14,17.86
TR,Berkeley,2019,ethnicity,black,2,3.38,3.73,50,19,14,6,38.0,28.0,12.0
TR,Berkeley,2019,ethnicity,black,3,3.73,4.0,60,32,19,3,53.33,31.67,5.0
TR,Berkeley,2019,ethnicity,hispanic_latino,1,0.32,3.38,85,44,23,5,51.76,27.06,5.88
TR,Berkeley,2019,ethnicity,hispanic_latino,2,3.38,3.73,178,98,49,8,55.06,27.53,4.49
TR,Berkeley,2019,ethnicity,hispanic_latino,3,3.73,4.0,253,152,70,14,60.08,27.67,5.53
TR,Berkeley,2019,ethnicity,international,1,0.32,3.38,8,5,1,1,62.5,12.5,12.5
TR,Berkeley,2019,ethnicity,international,2,3.38,3.73,41,28,13,0,68.29,31.71,0.0
TR,Berkeley,2019,ethnicity,international,3,3.73,4.0,322,206,77,12,63.98,23.91,3.73
TR,Berkeley,2019,ethnicity,white,1,0.32,3.38,67,39,13,5,58.21,19.4,7.46
TR,Berkeley,2019,ethnicity,white,2,3.38,3.73,183,111,42,11,60.66,22.95,6.01
TR,Berkeley,2019,ethnicity,white,3,3.73,4.0,391,242,104,17,61.89,26.6,4.35
TR,Berkeley,2019,first_gen_status,first_gen,1,0.32,3.38,131,65,38,11,49.62,29.01,8.4
TR,Berkeley,2019,first_gen_status,first_gen,2,3.38,3.73,320,175,92,18,54.69,28.75,5.62
TR,Berkeley,2019,first_gen_status,first_gen,3,3.73,4.0,695,424,198,28,61.01,28.49,4.03
TR,Berkeley,2019,first_gen_status,not_first_gen,1,0.32,3.38,114,63,27,8,55.26,23.68,7.02
TR,Berkeley,2019,first_gen_status,not_first_gen,2,3.38,3.73,330,209,70,13,63.33,21.21,3.94
TR,Berkeley,2019,first_gen_status,not_first_gen,3,3.73,4.0,851,530,227,38,62.28,26.67,4.47
TR,Berkeley,2019,overall,overall,1,0.32,3.38,255,133,67,20,52.16,26.27,7.84
TR,Berkeley,2019,overall,overall,2,3.38,3.73,672,394,168,33,58.63,25.0,4.91
TR,Berkeley,2019,overall,overall,3,3.73,4.0,1605,984,444,68,61.31,27.66,4.24
TR,Berkeley,2019,pell_status,non_pell,1,0.32,3.38,98,64,18,3,65.31,18.37,3.06
TR,Berkeley,2019,pell_status,non_pell,2,3.38,3.73,301,210,62,8,69.77,20.6,2.66
TR,Berkeley,2019,pell_status,non_pell,3,3.73,4.0,881,579,222,28,65.72,25.2,3.18
TR,Berkeley,2019,pell_status,pell,1,0.32,3.38,157,69,49,17,43.95,31.21,10.83
TR,Berkeley,2019,pell_status,pell,2,3.38,3.73,371,184,106,25,49.6,28.57,6.74
TR,Berkeley,2019,pell_status,pell,3,3.73,4.0,724,405,222,40,55.94,30.66,5.52
TR,Berkeley,2020,ethnicity,aian,1,1.25,3.39,6,2,2,0,33.33,33.33,0.0
TR,Berkeley,2020,ethnicity,aian,2,3.39,3.74,7,5,1,0,71.43,14.29,0.0
TR,Berkeley,2020,ethnicity,aian,3,3.74,4.0,6,2,4,0,33.33,66.67,0.0
TR,Berkeley,2020,ethnicity,asian,1,1.25,3.39,53,31,16,3,58.49,30.19,5.66
TR,Berkeley,2020,ethnicity,asian,2,3.39,3.74,170,96,51,10,56.47,30.0,5.88
TR,Berkeley,2020,ethnicity,asian,3,3.74,4.0,477,277,152,13,58.07,31.87,2.73
TR,Berkeley,2020,ethnicity,black,1,1.25,3.39,26,11,7,3,42.31,26.92,11.54
TR,Berkeley,2020,ethnicity,black,2,3.39,3.74,41,23,12,1,56.1,29.27,2.44
TR,Berkeley,2020,ethnicity,black,3,3.74,4.0,47,24,14,2,51.06,29.79,4.26
TR,Berkeley,2020,ethnicity,hispanic_latino,1,1.25,3.39,122,51,33,7,41.8,27.05,5.74
TR,Berkeley,2020,ethnicity,hispanic_latino,2,3.39,3.74,204,114,57,4,55.88,27.94,1.96
TR,Berkeley,2020,ethnicity,hispanic_latino,3,3.74,4.0,245,138,72,12,56.33,29.39,4.9
TR,Berkeley,2020,ethnicity,international,1,1.25,3.39,13,3,6,1,23.08,46.15,7.69
TR,Berkeley,2020,ethnicity,international,2,3.39,3.74,65,37,19,4,56.92,29.23,6.15
TR,Berkeley,2020,ethnicity,international,3,3.74,4.0,282,171,71,17,60.64,25.18,6.03
TR,Berkeley,2020,ethnicity,white,1,1.25,3.39,70,40,12,4,57.14,17.14,5.71
TR,Berkeley,2020,ethnicity,white,2,3.39,3.74,161,99,42,4,61.49,26.09,2.48
TR,Berkeley,2020,ethnicity,white,3,3.74,4.0,398,237,113,15,59.55,28.39,3.77
TR,Berkeley,2020,first_gen_status,first_gen,1,1.25,3.39,173,76,47,10,43.93,27.17,5.78
TR,Berkeley,2020,first_gen_status,first_gen,2,3.39,3.74,363,207,98,16,57.02,27.0,4.41
TR,Berkeley,2020,first_gen_status,first_gen,3,3.74,4.0,588,358,160,19,60.88,27.21,3.23
TR,Berkeley,2020,first_gen_status,not_first_gen,1,1.25,3.39,119,63,28,9,52.94,23.53,7.56
TR,Berkeley,2020,first_gen_status,not_first_gen,2,3.39,3.74,288,170,84,9,59.03,29.17,3.12
TR,Berkeley,2020,first_gen_status,not_first_gen,3,3.74,4.0,875,488,275,40,55.77,31.43,4.57
TR,Berkeley,2020,overall,overall,1,1.25,3.39,303,144,78,19,47.52,25.74,6.27
TR,Berkeley,2020,overall,overall,2,3.39,3.74,668,386,187,25,57.78,27.99,3.74
TR,Berkeley,2020,overall,overall,3,3.74,4.0,1504,870,447,61,57.85,29.72,4.06
TR,Berkeley,2020,pell_status,non_pell,1,1.25,3.39,103,53,25,3,51.46,24.27,2.91
TR,Berkeley,2020,pell_status,non_pell,2,3.39,3.74,328,208,90,12,63.41,27.44,3.66
TR,Berkeley,2020,pell_status,non_pell,3,3.74,4.0,867,543,237,30,62.63,27.34,3.46
TR,Berkeley,2020,pell_status,pell,1,1.25,3.39,200,91,53,16,45.5,26.5,8.0
TR,Berkeley,2020,pell_status,pell,2,3.39,3.74,340,178,97,13,52.35,28.53,3.82
TR,Berkeley,2020,pell_status,pell,3,3.74,4.0,637,327,210,31,51.33,32.97,4.87
TR,Berkeley,2021,ethnicity,aian,1,1.0,3.5,4,0,1,1,0.0,25.0,25.0
TR,Berkeley,2021,ethnicity,aian,2,3.5,3.82,6,2,0,3,33.33,0.0,50.0
TR,Berkeley,2021,ethnicity,aian,3,3.82,4.0,6,3,2,0,50.0,33.33,0.0
TR,Berkeley,2021,ethnicity,asian,1,1.0,3.5,91,58,17,0,63.74,18.68,0.0
TR,Berkeley,2021,ethnicity,asian,2,3.5,3.82,264,159,71,12,60.23,26.89,4.55
TR,Berkeley,2021,ethnicity,asian,3,3.82,4.0,480,289,147,19,60.21,30.63,3.96
TR,Berkeley,2021,ethnicity,black,1,1.0,3.5,38,21,8,2,55.26,21.05,5.26
TR,Berkeley,2021,ethnicity,black,2,3.5,3.82,41,24,12,3,58.54,29.27,7.32
TR,Berkeley,2021,ethnicity,black,3,3.82,4.0,45,24,15,3,53.33,33.33,6.67
TR,Berkeley,2021,ethnicity,hispanic_latino,1,1.0,3.5,141,78,41,5,55.32,29.08,3.55
TR,Berkeley,2021,ethnicity,hispanic_latino,2,3.5,3.82,259,156,68,9,60.23,26.25,3.47
TR,Berkeley,2021,ethnicity,hispanic_latino,3,3.82,4.0,199,120,60,4,60.3,30.15,2.01
TR,Berkeley,2021,ethnicity,international,1,1.0,3.5,24,10,10,2,41.67,41.67,8.33
TR,Berkeley,2021,ethnicity,international,2,3.5,3.82,94,62,16,6,65.96,17.02,6.38
TR,Berkeley,2021,ethnicity,international,3,3.82,4.0,311,188,78,9,60.45,25.08,2.89
TR,Berkeley,2021,ethnicity,white,1,1.0,3.5,89,57,20,1,64.04,22.47,1.12
TR,Berkeley,2021,ethnicity,white,2,3.5,3.82,190,114,48,5,60.0,25.26,2.63
TR,Berkeley,2021,ethnicity,white,3,3.82,4.0,302,177,91,15,58.61,30.13,4.97
TR,Berkeley,2021,first_gen_status,first_gen,1,1.0,3.5,247,138,70,8,55.87,28.34,3.24
TR,Berkeley,2021,first_gen_status,first_gen,2,3.5,3.82,454,263,117,26,57.93,25.77,5.73
TR,Berkeley,2021,first_gen_status,first_gen,3,3.82,4.0,557,322,176,14,57.81,31.6,2.51
TR,Berkeley,2021,first_gen_status,not_first_gen,1,1.0,3.5,143,87,29,2,60.84,20.28,1.4
TR,Berkeley,2021,first_gen_status,not_first_gen,2,3.5,3.82,392,243,101,12,61.99,25.77,3.06
TR,Berkeley,2021,first_gen_status,not_first_gen,3,3.82,4.0,769,470,212,33,61.12,27.57,4.29
TR,Berkeley,2021,overall,overall,1,1.0,3.5,396,228,100,11,57.58,25.25,2.78
TR,Berkeley,2021,overall,overall,2,3.5,3.82,868,523,221,38,60.25,25.46,4.38
TR,Berkeley,2021,overall,overall,3,3.82,4.0,1376,817,404,53,59.38,29.36,3.85
TR,Berkeley,2021,pell_status,non_pell,1,1.0,3.5,132,82,37,3,62.12,28.03,2.27
TR,Berkeley,2021,pell_status,non_pell,2,3.5,3.82,428,281,98,12,65.65,22.9,2.8
TR,Berkeley,2021,pell_status,non_pell,3,3.82,4.0,795,507,204,24,63.77,25.66,3.02
TR,Berkeley,2021,pell_status,pell,1,1.0,3.5,264,146,63,8,55.3,23.86,3.03
TR,Berkeley,2021,pell_status,pell,2,3.5,3.82,440,242,123,26,55.0,27.95,5.91
TR,Berkeley,2021,pell_status,pell,3,3.82,4.0,581,310,200,29,53.36,34.42,4.99
TR,Davis,2010,ethnicity,aian,1,0.33,3.25,11,5,2,1,45.45,18.18,9.09
TR,Davis,2010,ethnicity,aian,2,3.25,3.63,10,5,4,0,50.0,40.0,0.0
TR,Davis,2010,ethnicity,aian,3,3.63,4.0,9,3,5,0,33.33,55.56,0.0
TR,Davis,2010,ethnicity,asian,1,0.33,3.25,459,192,155,27,41.83,33.77,5.88
TR,Davis,2010,ethnicity,asian,2,3.25,3.63,314,168,97,16,53.5,30.89,5.1
TR,Davis,2010,ethnicity,asian,3,3.63,4.0,144,88,40,9,61.11,27.78,6.25
TR,Davis,2010,ethnicity,black,1,0.33,3.25,42,7,19,6,16.67,45.24,14.29
TR,Davis,2010,ethnicity,black,2,3.25,3.63,31,12,12,2,38.71,38.71,6.45
TR,Davis,2010,ethnicity,black,3,3.63,4.0,18,9,6,0,50.0,33.33,0.0
TR,Davis,2010,ethnicity,hispanic_latino,1,0.33,3.25,192,81,66,10,42.19,34.38,5.21
TR,Davis,2010,ethnicity,hispanic_latino,2,3.25,3.63,113,53,35,6,46.9,30.97,5.31
TR,Davis,2010,ethnicity,hispanic_latino,3,3.63,4.0,58,29,18,4,50.0,31.03,6.9
TR,Davis,2010,ethnicity,international,1,0.33,3.25,79,44,17,2,55.7,21.52,2.53
TR,Davis,2010,ethnicity,international,2,3.25,3.63,72,40,17,4,55.56,23.61,5.56
TR,Davis,2010,ethnicity,international,3,3.63,4.0,49,34,10,0,69.39,20.41,0.0
TR,Davis,2010,ethnicity,white,1,0.33,3.25,383,154,130,20,40.21,33.94,5.22
TR,Davis,2010,ethnicity,white,2,3.25,3.63,347,185,100,20,53.31,28.82,5.76
TR,Davis,2010,ethnicity,white,3,3.63,4.0,232,144,53,15,62.07,22.84,6.47
TR,Davis,2010,first_gen_status,first_gen,1,0.33,3.25,597,239,214,31,40.03,35.85,5.19
TR,Davis,2010,first_gen_status,first_gen,2,3.25,3.63,411,209,129,18,50.85,31.39,4.38
TR,Davis,2010,first_gen_status,first_gen,3,3.63,4.0,212,118,63,10,55.66,29.72,4.72
TR,Davis,2010,first_gen_status,not_first_gen,1,0.33,3.25,537,220,175,36,40.97,32.59,6.7
TR,Davis,2010,first_gen_status,not_first_gen,2,3.25,3.63,442,232,130,29,52.49,29.41,6.56
TR,Davis,2010,first_gen_status,not_first_gen,3,3.63,4.0,280,170,70,17,60.71,25.0,6.07
TR,Davis,2010,overall,overall,1,0.33,3.25,1235,511,412,71,41.38,33.36,5.75
TR,Davis,2010,overall,overall,2,3.25,3.63,950,490,286,50,51.58,30.11,5.26
TR,Davis,2010,overall,overall,3,3.63,4.0,551,333,142,29,60.44,25.77,5.26
TR,Davis,2010,pell_status,non_pell,1,0.33,3.25,537,262,144,26,48.79,26.82,4.84
TR,Davis,2010,pell_status,non_pell,2,3.25,3.63,449,250,120,21,55.68,26.73,4.68
TR,Davis,2010,pell_status,non_pell,3,3.63,4.0,291,201,63,10,69.07,21.65,3.44
TR,Davis,2010,pell_status,pell,1,0.33,3.25,698,249,268,45,35.67,38.4,6.45
TR,Davis,2010,pell_status,pell,2,3.25,3.63,501,240,166,29,47.9,33.13,5.79
TR,Davis,2010,pell_status,pell,3,3.63,4.0,260,132,79,19,50.77,30.38,7.31
TR,Davis,2011,ethnicity,aian,1,0.31,3.27,11,4,2,1,36.36,18.18,9.09
TR,Davis,2011,ethnicity,aian,2,3.27,3.63,6,1,4,1,16.67,66.67,16.67
TR,Davis,2011,ethnicity,aian,3,3.63,4.0,8,1,5,0,12.5,62.5,0.0
TR,Davis,2011,ethnicity,asian,1,0.31,3.27,455,194,156,36,42.64,34.29,7.91
TR,Davis,2011,ethnicity,asian,2,3.27,3.63,355,198,98,17,55.77,27.61,4.79
TR,Davis,2011,ethnicity,asian,3,3.63,4.0,145,90,41,5,62.07,28.28,3.45
TR,Davis,2011,ethnicity,black,1,0.31,3.27,49,21,16,2,42.86,32.65,4.08
TR,Davis,2011,ethnicity,black,2,3.27,3.63,22,10,8,3,45.45,36.36,13.64
TR,Davis,2011,ethnicity,black,3,3.63,4.0,7,3,3,1,42.86,42.86,14.29
TR,Davis,2011,ethnicity,hispanic_latino,1,0.31,3.27,191,74,67,12,38.74,35.08,6.28
TR,Davis,2011,ethnicity,hispanic_latino,2,3.27,3.63,146,74,47,11,50.68,32.19,7.53
TR,Davis,2011,ethnicity,hispanic_latino,3,3.63,4.0,50,34,10,2,68.0,20.0,4.0
TR,Davis,2011,ethnicity,international,1,0.31,3.27,77,35,27,3,45.45,35.06,3.9
TR,Davis,2011,ethnicity,international,2,3.27,3.63,91,59,20,2,64.84,21.98,2.2
TR,Davis,2011,ethnicity,international,3,3.63,4.0,38,23,12,0,60.53,31.58,0.0
TR,Davis,2011,ethnicity,white,1,0.31,3.27,393,183,134,20,46.56,34.1,5.09
TR,Davis,2011,ethnicity,white,2,3.27,3.63,381,206,100,14,54.07,26.25,3.67
TR,Davis,2011,ethnicity,white,3,3.63,4.0,248,158,63,10,63.71,25.4,4.03
TR,Davis,2011,first_gen_status,first_gen,1,0.31,3.27,601,251,202,37,41.76,33.61,6.16
TR,Davis,2011,first_gen_status,first_gen,2,3.27,3.63,488,276,126,23,56.56,25.82,4.71
TR,Davis,2011,first_gen_status,first_gen,3,3.63,4.0,229,142,62,6,62.01,27.07,2.62
TR,Davis,2011,first_gen_status,not_first_gen,1,0.31,3.27,571,258,199,37,45.18,34.85,6.48
TR,Davis,2011,first_gen_status,not_first_gen,2,3.27,3.63,511,270,150,25,52.84,29.35,4.89
TR,Davis,2011,first_gen_status,not_first_gen,3,3.63,4.0,281,176,73,14,62.63,25.98,4.98
TR,Davis,2011,overall,overall,1,0.31,3.27,1210,524,414,77,43.31,34.21,6.36
TR,Davis,2011,overall,overall,2,3.27,3.63,1033,566,284,51,54.79,27.49,4.94
TR,Davis,2011,overall,overall,3,3.63,4.0,520,324,138,20,62.31,26.54,3.85
TR,Davis,2011,pell_status,non_pell,1,0.31,3.27,480,245,155,18,51.04,32.29,3.75
TR,Davis,2011,pell_status,non_pell,2,3.27,3.63,471,276,126,17,58.6,26.75,3.61
TR,Davis,2011,pell_status,non_pell,3,3.63,4.0,265,182,61,8,68.68,23.02,3.02
TR,Davis,2011,pell_status,pell,1,0.31,3.27,730,279,259,59,38.22,35.48,8.08
TR,Davis,2011,pell_status,pell,2,3.27,3.63,562,290,158,34,51.6,28.11,6.05
TR,Davis,2011,pell_status,pell,3,3.63,4.0,255,142,77,12,55.69,30.2,4.71
TR,Davis,2012,ethnicity,aian,1,0.3,3.3,10,2,4,1,20.0,40.0,10.0
TR,Davis,2012,ethnicity,aian,2,3.3,3.65,11,6,3,1,54.55,27.27,9.09
TR,Davis,2012,ethnicity,aian,3,3.65,4.0,7,4,2,1,57.14,28.57,14.29
TR,Davis,2012,ethnicity,asian,1,0.3,3.3,516,242,157,45,46.9,30.43,8.72
TR,Davis,2012,ethnicity,asian,2,3.3,3.65,352,190,116,13,53.98,32.95,3.69
TR,Davis,2012,ethnicity,asian,3,3.65,4.0,137,87,40,3,63.5,29.2,2.19
TR,Davis,2012,ethnicity,black,1,0.3,3.3,52,19,17,5,36.54,32.69,9.62
TR,Davis,2012,ethnicity,black,2,3.3,3.65,34,11,13,2,32.35,38.24,5.88
TR,Davis,2012,ethnicity,black,3,3.65,4.0,9,6,2,0,66.67,22.22,0.0
TR,Davis,2012,ethnicity,hispanic_latino,1,0.3,3.3,218,95,69,13,43.58,31.65,5.96
TR,Davis,2012,ethnicity,hispanic_latino,2,3.3,3.65,150,77,50,7,51.33,33.33,4.67
TR,Davis,2012,ethnicity,hispanic_latino,3,3.65,4.0,64,35,18,2,54.69,28.12,3.12
TR,Davis,2012,ethnicity,international,1,0.3,3.3,122,68,26,5,55.74,21.31,4.1
TR,Davis,2012,ethnicity,international,2,3.3,3.65,109,68,28,1,62.39,25.69,0.92
TR,Davis,2012,ethnicity,international,3,3.65,4.0,47,41,2,1,87.23,4.26,2.13
TR,Davis,2012,ethnicity,white,1,0.3,3.3,355,165,102,24,46.48,28.73,6.76
TR,Davis,2012,ethnicity,white,2,3.3,3.65,360,202,112,15,56.11,31.11,4.17
TR,Davis,2012,ethnicity,white,3,3.65,4.0,234,139,63,11,59.4,26.92,4.7
TR,Davis,2012,first_gen_status,first_gen,1,0.3,3.3,673,311,204,53,46.21,30.31,7.88
TR,Davis,2012,first_gen_status,first_gen,2,3.3,3.65,521,282,165,23,54.13,31.67,4.41
TR,Davis,2012,first_gen_status,first_gen,3,3.65,4.0,243,163,53,7,67.08,21.81,2.88
TR,Davis,2012,first_gen_status,not_first_gen,1,0.3,3.3,584,269,168,41,46.06,28.77,7.02
TR,Davis,2012,first_gen_status,not_first_gen,2,3.3,3.65,491,266,159,17,54.18,32.38,3.46
TR,Davis,2012,first_gen_status,not_first_gen,3,3.65,4.0,257,154,73,8,59.92,28.4,3.11
TR,Davis,2012,overall,overall,1,0.3,3.3,1293,595,384,96,46.02,29.7,7.42
TR,Davis,2012,overall,overall,2,3.3,3.65,1053,571,335,42,54.23,31.81,3.99
TR,Davis,2012,overall,overall,3,3.65,4.0,522,327,133,18,62.64,25.48,3.45
TR,Davis,2012,pell_status,non_pell,1,0.3,3.3,530,273,144,23,51.51,27.17,4.34
TR,Davis,2012,pell_status,non_pell,2,3.3,3.65,485,286,132,16,58.97,27.22,3.3
TR,Davis,2012,pell_status,non_pell,3,3.65,4.0,244,159,54,10,65.16,22.13,4.1
TR,Davis,2012,pell_status,pell,1,0.3,3.3,763,322,240,73,42.2,31.45,9.57
TR,Davis,2012,pell_status,pell,2,3.3,3.65,568,285,203,26,50.18,35.74,4.58
TR,Davis,2012,pell_status,pell,3,3.65,4.0,278,168,79,8,60.43,28.42,2.88
TR,Davis,2013,ethnicity,aian,1,0.32,3.31,14,8,3,0,57.14,21.43,0.0
TR,Davis,2013,ethnicity,aian,2,3.31,3.66,7,4,2,0,57.14,28.57,0.0
TR,Davis,2013,ethnicity,aian,3,3.66,4.0,13,9,3,0,69.23,23.08,0.0
TR,Davis,2013,ethnicity,asian,1,0.32,3.31,495,237,151,43,47.88,30.51,8.69
TR,Davis,2013,ethnicity,asian,2,3.31,3.66,361,200,106,16,55.4,29.36,4.43
TR,Davis,2013,ethnicity,asian,3,3.66,4.0,160,91,58,3,56.88,36.25,1.88
TR,Davis,2013,ethnicity,black,1,0.32,3.31,58,20,18,8,34.48,31.03,13.79
TR,Davis,2013,ethnicity,black,2,3.31,3.66,37,15,12,6,40.54,32.43,16.22
TR,Davis,2013,ethnicity,black,3,3.66,4.0,9,3,3,2,33.33,33.33,22.22
TR,Davis,2013,ethnicity,hispanic_latino,1,0.32,3.31,290,118,88,22,40.69,30.34,7.59
TR,Davis,2013,ethnicity,hispanic_latino,2,3.31,3.66,186,101,55,12,54.3,29.57,6.45
TR,Davis,2013,ethnicity,hispanic_latino,3,3.66,4.0,74,50,20,2,67.57,27.03,2.7
TR,Davis,2013,ethnicity,international,1,0.32,3.31,111,61,33,5,54.95,29.73,4.5
TR,Davis,2013,ethnicity,international,2,3.31,3.66,122,86,20,6,70.49,16.39,4.92
TR,Davis,2013,ethnicity,international,3,3.66,4.0,63,40,16,3,63.49,25.4,4.76
TR,Davis,2013,ethnicity,white,1,0.32,3.31,352,168,109,25,47.73,30.97,7.1
TR,Davis,2013,ethnicity,white,2,3.31,3.66,399,233,109,13,58.4,27.32,3.26
TR,Davis,2013,ethnicity,white,3,3.66,4.0,277,155,87,11,55.96,31.41,3.97
TR,Davis,2013,first_gen_status,first_gen,1,0.32,3.31,721,326,214,61,45.21,29.68,8.46
TR,Davis,2013,first_gen_status,first_gen,2,3.31,3.66,576,329,154,28,57.12,26.74,4.86
TR,Davis,2013,first_gen_status,first_gen,3,3.66,4.0,314,189,94,12,60.19,29.94,3.82
TR,Davis,2013,first_gen_status,not_first_gen,1,0.32,3.31,578,282,179,38,48.79,30.97,6.57
TR,Davis,2013,first_gen_status,not_first_gen,2,3.31,3.66,533,316,146,22,59.29,27.39,4.13
TR,Davis,2013,first_gen_status,not_first_gen,3,3.66,4.0,284,159,92,9,55.99,32.39,3.17
TR,Davis,2013,overall,overall,1,0.32,3.31,1345,624,409,104,46.39,30.41,7.73
TR,Davis,2013,overall,overall,2,3.31,3.66,1147,659,312,54,57.45,27.2,4.71
TR,Davis,2013,overall,overall,3,3.66,4.0,608,354,190,21,58.22,31.25,3.45
TR,Davis,2013,pell_status,non_pell,1,0.32,3.31,525,285,137,32,54.29,26.1,6.1
TR,Davis,2013,pell_status,non_pell,2,3.31,3.66,534,337,122,22,63.11,22.85,4.12
TR,Davis,2013,pell_status,non_pell,3,3.66,4.0,292,183,78,12,62.67,26.71,4.11
TR,Davis,2013,pell_status,pell,1,0.32,3.31,820,339,272,72,41.34,33.17,8.78
TR,Davis,2013,pell_status,pell,2,3.31,3.66,613,322,190,32,52.53,31.0,5.22
TR,Davis,2013,pell_status,pell,3,3.66,4.0,316,171,112,9,54.11,35.44,2.85
TR,Davis,2014,ethnicity,aian,1,0.82,3.34,14,3,9,0,21.43,64.29,0.0
TR,Davis,2014,ethnicity,aian,2,3.34,3.68,13,7,3,1,53.85,23.08,7.69
TR,Davis,2014,ethnicity,aian,3,3.68,4.0,6,5,0,1,83.33,0.0,16.67
TR,Davis,2014,ethnicity,asian,1,0.82,3.34,410,179,136,33,43.66,33.17,8.05
TR,Davis,2014,ethnicity,asian,2,3.34,3.68,383,208,124,11,54.31,32.38,2.87
TR,Davis,2014,ethnicity,asian,3,3.68,4.0,168,108,52,4,64.29,30.95,2.38
TR,Davis,2014,ethnicity,black,1,0.82,3.34,65,22,24,8,33.85,36.92,12.31
TR,Davis,2014,ethnicity,black,2,3.34,3.68,37,13,15,1,35.14,40.54,2.7
TR,Davis,2014,ethnicity,black,3,3.68,4.0,17,9,5,1,52.94,29.41,5.88
TR,Davis,2014,ethnicity,hispanic_latino,1,0.82,3.34,308,125,102,18,40.58,33.12,5.84
TR,Davis,2014,ethnicity,hispanic_latino,2,3.34,3.68,210,97,62,18,46.19,29.52,8.57
TR,Davis,2014,ethnicity,hispanic_latino,3,3.68,4.0,67,37,24,4,55.22,35.82,5.97
TR,Davis,2014,ethnicity,international,1,0.82,3.34,140,78,41,4,55.71,29.29,2.86
TR,Davis,2014,ethnicity,international,2,3.34,3.68,151,96,31,6,63.58,20.53,3.97
TR,Davis,2014,ethnicity,international,3,3.68,4.0,66,44,18,2,66.67,27.27,3.03
TR,Davis,2014,ethnicity,white,1,0.82,3.34,377,189,111,20,50.13,29.44,5.31
TR,Davis,2014,ethnicity,white,2,3.34,3.68,402,224,116,13,55.72,28.86,3.23
TR,Davis,2014,ethnicity,white,3,3.68,4.0,246,164,61,7,66.67,24.8,2.85
TR,Davis,2014,first_gen_status,first_gen,1,0.82,3.34,687,297,220,40,43.23,32.02,5.82
TR,Davis,2014,first_gen_status,first_gen,2,3.34,3.68,590,325,164,29,55.08,27.8,4.92
TR,Davis,2014,first_gen_status,first_gen,3,3.68,4.0,299,194,83,7,64.88,27.76,2.34
TR,Davis,2014,first_gen_status,not_first_gen,1,0.82,3.34,597,286,197,36,47.91,33.0,6.03
TR,Davis,2014,first_gen_status,not_first_gen,2,3.34,3.68,591,312,178,21,52.79,30.12,3.55
TR,Davis,2014,first_gen_status,not_first_gen,3,3.68,4.0,276,175,79,12,63.41,28.62,4.35
TR,Davis,2014,overall,overall,1,0.82,3.34,1336,605,430,83,45.28,32.19,6.21
TR,Davis,2014,overall,overall,2,3.34,3.68,1217,653,357,50,53.66,29.33,4.11
TR,Davis,2014,overall,overall,3,3.68,4.0,590,380,164,19,64.41,27.8,3.22
TR,Davis,2014,pell_status,non_pell,1,0.82,3.34,557,306,170,21,54.94,30.52,3.77
TR,Davis,2014,pell_status,non_pell,2,3.34,3.68,543,341,137,14,62.8,25.23,2.58
TR,Davis,2014,pell_status,non_pell,3,3.68,4.0,287,199,62,11,69.34,21.6,3.83
TR,Davis,2014,pell_status,pell,1,0.82,3.34,779,299,260,62,38.38,33.38,7.96
TR,Davis,2014,pell_status,pell,2,3.34,3.68,674,312,220,36,46.29,32.64,5.34
TR,Davis,2014,pell_status,pell,3,3.68,4.0,303,181,102,8,59.74,33.66,2.64
TR,Davis,2015,ethnicity,aian,1,1.4,3.34,10,5,4,0,50.0,40.0,0.0
TR,Davis,2015,ethnicity,aian,2,3.34,3.68,11,6,5,0,54.55,45.45,0.0
TR,Davis,2015,ethnicity,aian,3,3.68,4.0,7,5,0,0,71.43,0.0,0.0
TR,Davis,2015,ethnicity,asian,1,1.4,3.34,366,182,121,16,49.73,33.06,4.37
TR,Davis,2015,ethnicity,asian,2,3.34,3.68,373,207,114,12,55.5,30.56,3.22
TR,Davis,2015,ethnicity,asian,3,3.68,4.0,154,107,36,5,69.48,23.38,3.25
TR,Davis,2015,ethnicity,black,1,1.4,3.34,44,17,13,4,38.64,29.55,9.09
TR,Davis,2015,ethnicity,black,2,3.34,3.68,46,24,14,0,52.17,30.43,0.0
TR,Davis,2015,ethnicity,black,3,3.68,4.0,10,3,6,0,30.0,60.0,0.0
TR,Davis,2015,ethnicity,hispanic_latino,1,1.4,3.34,260,112,79,25,43.08,30.38,9.62
TR,Davis,2015,ethnicity,hispanic_latino,2,3.34,3.68,181,86,72,7,47.51,39.78,3.87
TR,Davis,2015,ethnicity,hispanic_latino,3,3.68,4.0,73,39,23,4,53.42,31.51,5.48
TR,Davis,2015,ethnicity,international,1,1.4,3.34,133,78,32,6,58.65,24.06,4.51
TR,Davis,2015,ethnicity,international,2,3.34,3.68,197,126,47,8,63.96,23.86,4.06
TR,Davis,2015,ethnicity,international,3,3.68,4.0,90,67,18,1,74.44,20.0,1.11
TR,Davis,2015,ethnicity,white,1,1.4,3.34,347,168,118,15,48.41,34.01,4.32
TR,Davis,2015,ethnicity,white,2,3.34,3.68,356,206,100,15,57.87,28.09,4.21
TR,Davis,2015,ethnicity,white,3,3.68,4.0,231,148,56,6,64.07,24.24,2.6
TR,Davis,2015,first_gen_status,first_gen,1,1.4,3.34,616,301,186,31,48.86,30.19,5.03
TR,Davis,2015,first_gen_status,first_gen,2,3.34,3.68,608,347,182,23,57.07,29.93,3.78
TR,Davis,2015,first_gen_status,first_gen,3,3.68,4.0,258,173,63,8,67.05,24.42,3.1
TR,Davis,2015,first_gen_status,not_first_gen,1,1.4,3.34,528,258,174,29,48.86,32.95,5.49
TR,Davis,2015,first_gen_status,not_first_gen,2,3.34,3.68,545,300,169,20,55.05,31.01,3.67
TR,Davis,2015,first_gen_status,not_first_gen,3,3.68,4.0,300,190,78,8,63.33,26.0,2.67
TR,Davis,2015,overall,overall,1,1.4,3.34,1175,569,373,66,48.43,31.74,5.62
TR,Davis,2015,overall,overall,2,3.34,3.68,1190,669,359,44,56.22,30.17,3.7
TR,Davis,2015,overall,overall,3,3.68,4.0,580,378,145,16,65.17,25.0,2.76
TR,Davis,2015,pell_status,non_pell,1,1.4,3.34,477,245,142,26,51.36,29.77,5.45
TR,Davis,2015,pell_status,non_pell,2,3.34,3.68,564,356,135,19,63.12,23.94,3.37
TR,Davis,2015,pell_status,non_pell,3,3.68,4.0,294,208,64,6,70.75,21.77,2.04
TR,Davis,2015,pell_status,pell,1,1.4,3.34,698,324,231,40,46.42,33.09,5.73
TR,Davis,2015,pell_status,pell,2,3.34,3.68,626,313,224,25,50.0,35.78,3.99
TR,Davis,2015,pell_status,pell,3,3.68,4.0,286,170,81,10,59.44,28.32,3.5
TR,Davis,2016,ethnicity,aian,1,0.36,3.33,15,4,5,0,26.67,33.33,0.0
TR,Davis,2016,ethnicity,aian,2,3.33,3.68,18,9,4,1,50.0,22.22,5.56
TR,Davis,2016,ethnicity,aian,3,3.68,4.0,5,1,2,1,20.0,40.0,20.0
TR,Davis,2016,ethnicity,asian,1,0.36,3.33,496,243,136,39,48.99,27.42,7.86
TR,Davis,2016,ethnicity,asian,2,3.33,3.68,402,244,101,21,60.7,25.12,5.22
TR,Davis,2016,ethnicity,asian,3,3.68,4.0,185,110,51,10,59.46,27.57,5.41
TR,Davis,2016,ethnicity,black,1,0.36,3.33,91,32,36,12,35.16,39.56,13.19
TR,Davis,2016,ethnicity,black,2,3.33,3.68,50,19,19,2,38.0,38.0,4.0
TR,Davis,2016,ethnicity,black,3,3.68,4.0,12,6,3,1,50.0,25.0,8.33
TR,Davis,2016,ethnicity,hispanic_latino,1,0.36,3.33,384,171,117,24,44.53,30.47,6.25
TR,Davis,2016,ethnicity,hispanic_latino,2,3.33,3.68,245,135,71,9,55.1,28.98,3.67
TR,Davis,2016,ethnicity,hispanic_latino,3,3.68,4.0,101,68,22,5,67.33,21.78,4.95
TR,Davis,2016,ethnicity,international,1,0.36,3.33,189,110,42,5,58.2,22.22,2.65
TR,Davis,2016,ethnicity,international,2,3.33,3.68,221,153,45,1,69.23,20.36,0.45
TR,Davis,2016,ethnicity,international,3,3.68,4.0,99,75,12,5,75.76,12.12,5.05
TR,Davis,2016,ethnicity,white,1,0.36,3.33,412,206,110,41,50.0,26.7,9.95
TR,Davis,2016,ethnicity,white,2,3.33,3.68,380,220,98,24,57.89,25.79,6.32
TR,Davis,2016,ethnicity,white,3,3.68,4.0,255,170,58,12,66.67,22.75,4.71
TR,Davis,2016,first_gen_status,first_gen,1,0.36,3.33,846,402,238,65,47.52,28.13,7.68
TR,Davis,2016,first_gen_status,first_gen,2,3.33,3.68,722,427,178,25,59.14,24.65,3.46
TR,Davis,2016,first_gen_status,first_gen,3,3.68,4.0,309,215,61,13,69.58,19.74,4.21
TR,Davis,2016,first_gen_status,not_first_gen,1,0.36,3.33,710,352,201,54,49.58,28.31,7.61
TR,Davis,2016,first_gen_status,not_first_gen,2,3.33,3.68,579,348,151,33,60.1,26.08,5.7
TR,Davis,2016,first_gen_status,not_first_gen,3,3.68,4.0,349,212,91,19,60.74,26.07,5.44
TR,Davis,2016,overall,overall,1,0.36,3.33,1619,777,458,124,47.99,28.29,7.66
TR,Davis,2016,overall,overall,2,3.33,3.68,1344,795,344,61,59.15,25.6,4.54
TR,Davis,2016,overall,overall,3,3.68,4.0,678,439,157,34,64.75,23.16,5.01
TR,Davis,2016,pell_status,non_pell,1,0.36,3.33,710,403,171,33,56.76,24.08,4.65
TR,Davis,2016,pell_status,non_pell,2,3.33,3.68,656,427,152,22,65.09,23.17,3.35
TR,Davis,2016,pell_status,non_pell,3,3.68,4.0,371,248,82,16,66.85,22.1,4.31
TR,Davis,2016,pell_status,pell,1,0.36,3.33,909,374,287,91,41.14,31.57,10.01
TR,Davis,2016,pell_status,pell,2,3.33,3.68,688,368,192,39,53.49,27.91,5.67
TR,Davis,2016,pell_status,pell,3,3.68,4.0,307,191,75,18,62.21,24.43,5.86
TR,Davis,2017,ethnicity,aian,1,0.3,3.33,14,9,2,2,64.29,14.29,14.29
TR,Davis,2017,ethnicity,aian,2,3.33,3.69,17,9,2,3,52.94,11.76,17.65
TR,Davis,2017,ethnicity,aian,3,3.69,4.0,4,1,1,0,25.0,25.0,0.0
TR,Davis,2017,ethnicity,asian,1,0.3,3.33,426,224,115,23,52.58,27.0,5.4
TR,Davis,2017,ethnicity,asian,2,3.33,3.69,348,192,93,25,55.17,26.72,7.18
TR,Davis,2017,ethnicity,asian,3,3.69,4.0,177,126,39,6,71.19,22.03,3.39
TR,Davis,2017,ethnicity,black,1,0.3,3.33,82,37,26,6,45.12,31.71,7.32
TR,Davis,2017,ethnicity,black,2,3.33,3.69,53,20,15,8,37.74,28.3,15.09
TR,Davis,2017,ethnicity,black,3,3.69,4.0,18,11,4,1,61.11,22.22,5.56
TR,Davis,2017,ethnicity,hispanic_latino,1,0.3,3.33,354,157,109,33,44.35,30.79,9.32
TR,Davis,2017,ethnicity,hispanic_latino,2,3.33,3.69,267,140,81,15,52.43,30.34,5.62
TR,Davis,2017,ethnicity,hispanic_latino,3,3.69,4.0,104,60,30,5,57.69,28.85,4.81
TR,Davis,2017,ethnicity,international,1,0.3,3.33,146,74,36,9,50.68,24.66,6.16
TR,Davis,2017,ethnicity,international,2,3.33,3.69,215,154,40,6,71.63,18.6,2.79
TR,Davis,2017,ethnicity,international,3,3.69,4.0,72,55,15,2,76.39,20.83,2.78
TR,Davis,2017,ethnicity,white,1,0.3,3.33,335,163,88,32,48.66,26.27,9.55
TR,Davis,2017,ethnicity,white,2,3.33,3.69,386,213,108,31,55.18,27.98,8.03
TR,Davis,2017,ethnicity,white,3,3.69,4.0,264,167,67,15,63.26,25.38,5.68
TR,Davis,2017,first_gen_status,first_gen,1,0.3,3.33,756,346,214,65,45.77,28.31,8.6
TR,Davis,2017,first_gen_status,first_gen,2,3.33,3.69,634,356,167,40,56.15,26.34,6.31
TR,Davis,2017,first_gen_status,first_gen,3,3.69,4.0,281,192,62,9,68.33,22.06,3.2
TR,Davis,2017,first_gen_status,not_first_gen,1,0.3,3.33,564,304,148,40,53.9,26.24,7.09
TR,Davis,2017,first_gen_status,not_first_gen,2,3.33,3.69,634,363,164,47,57.26,25.87,7.41
TR,Davis,2017,first_gen_status,not_first_gen,3,3.69,4.0,355,227,93,19,63.94,26.2,5.35
TR,Davis,2017,overall,overall,1,0.3,3.33,1374,672,380,107,48.91,27.66,7.79
TR,Davis,2017,overall,overall,2,3.33,3.69,1307,741,344,88,56.69,26.32,6.73
TR,Davis,2017,overall,overall,3,3.69,4.0,653,429,160,29,65.7,24.5,4.44
TR,Davis,2017,pell_status,non_pell,1,0.3,3.33,575,337,133,31,58.61,23.13,5.39
TR,Davis,2017,pell_status,non_pell,2,3.33,3.69,642,412,147,32,64.17,22.9,4.98
TR,Davis,2017,pell_status,non_pell,3,3.69,4.0,361,249,85,14,68.98,23.55,3.88
TR,Davis,2017,pell_status,pell,1,0.3,3.33,799,335,247,76,41.93,30.91,9.51
TR,Davis,2017,pell_status,pell,2,3.33,3.69,665,329,197,56,49.47,29.62,8.42
TR,Davis,2017,pell_status,pell,3,3.69,4.0,292,180,75,15,61.64,25.68,5.14
TR,Davis,2018,ethnicity,aian,1,0.32,3.34,7,1,6,0,14.29,85.71,0.0
TR,Davis,2018,ethnicity,aian,2,3.34,3.7,9,3,4,0,33.33,44.44,0.0
TR,Davis,2018,ethnicity,aian,3,3.7,4.0,3,2,0,0,66.67,0.0,0.0
TR,Davis,2018,ethnicity,asian,1,0.32,3.34,324,147,117,15,45.37,36.11,4.63
TR,Davis,2018,ethnicity,asian,2,3.34,3.7,390,237,97,15,60.77,24.87,3.85
TR,Davis,2018,ethnicity,asian,3,3.7,4.0,182,132,37,2,72.53,20.33,1.1
TR,Davis,2018,ethnicity,black,1,0.32,3.34,76,33,20,8,43.42,26.32,10.53
TR,Davis,2018,ethnicity,black,2,3.34,3.7,42,26,10,4,61.9,23.81,9.52
TR,Davis,2018,ethnicity,black,3,3.7,4.0,17,10,5,1,58.82,29.41,5.88
TR,Davis,2018,ethnicity,hispanic_latino,1,0.32,3.34,253,121,78,20,47.83,30.83,7.91
TR,Davis,2018,ethnicity,hispanic_latino,2,3.34,3.7,270,157,72,9,58.15,26.67,3.33
TR,Davis,2018,ethnicity,hispanic_latino,3,3.7,4.0,116,77,27,2,66.38,23.28,1.72
TR,Davis,2018,ethnicity,international,1,0.32,3.34,131,67,41,6,51.15,31.3,4.58
TR,Davis,2018,ethnicity,international,2,3.34,3.7,206,146,40,1,70.87,19.42,0.49
TR,Davis,2018,ethnicity,international,3,3.7,4.0,108,71,28,6,65.74,25.93,5.56
TR,Davis,2018,ethnicity,white,1,0.32,3.34,290,160,80,9,55.17,27.59,3.1
TR,Davis,2018,ethnicity,white,2,3.34,3.7,359,225,79,18,62.67,22.01,5.01
TR,Davis,2018,ethnicity,white,3,3.7,4.0,258,176,56,11,68.22,21.71,4.26
TR,Davis,2018,first_gen_status,first_gen,1,0.32,3.34,587,270,200,40,46.0,34.07,6.81
TR,Davis,2018,first_gen_status,first_gen,2,3.34,3.7,656,402,173,24,61.28,26.37,3.66
TR,Davis,2018,first_gen_status,first_gen,3,3.7,4.0,317,230,62,9,72.56,19.56,2.84
TR,Davis,2018,first_gen_status,not_first_gen,1,0.32,3.34,462,239,134,19,51.73,29.0,4.11
TR,Davis,2018,first_gen_status,not_first_gen,2,3.34,3.7,597,378,125,24,63.32,20.94,4.02
TR,Davis,2018,first_gen_status,not_first_gen,3,3.7,4.0,367,245,85,13,66.76,23.16,3.54
TR,Davis,2018,overall,overall,1,0.32,3.34,1101,538,350,59,48.86,31.79,5.36
TR,Davis,2018,overall,overall,2,3.34,3.7,1296,803,308,48,61.96,23.77,3.7
TR,Davis,2018,overall,overall,3,3.7,4.0,705,485,155,22,68.79,21.99,3.12
TR,Davis,2018,pell_status,non_pell,1,0.32,3.34,464,259,130,14,55.82,28.02,3.02
TR,Davis,2018,pell_status,non_pell,2,3.34,3.7,651,438,136,12,67.28,20.89,1.84
TR,Davis,2018,pell_status,non_pell,3,3.7,4.0,394,281,82,12,71.32,20.81,3.05
TR,Davis,2018,pell_status,pell,1,0.32,3.34,637,279,220,45,43.8,34.54,7.06
TR,Davis,2018,pell_status,pell,2,3.34,3.7,645,365,172,36,56.59,26.67,5.58
TR,Davis,2018,pell_status,pell,3,3.7,4.0,311,204,73,10,65.59,23.47,3.22
TR,Davis,2019,ethnicity,aian,1,0.32,3.38,7,3,0,0,42.86,0.0,0.0
TR,Davis,2019,ethnicity,aian,2,3.38,3.73,5,2,1,1,40.0,20.0,20.0
TR,Davis,2019,ethnicity,aian,3,3.73,4.0,7,4,2,0,57.14,28.57,0.0
TR,Davis,2019,ethnicity,asian,1,0.32,3.38,366,196,104,12,53.55,28.42,3.28
TR,Davis,2019,ethnicity,asian,2,3.38,3.73,360,244,77,12,67.78,21.39,3.33
TR,Davis,2019,ethnicity,asian,3,3.73,4.0,174,122,38,3,70.11,21.84,1.72
TR,Davis,2019,ethnicity,black,1,0.32,3.38,72,30,18,6,41.67,25.0,8.33
TR,Davis,2019,ethnicity,black,2,3.38,3.73,59,35,10,3,59.32,16.95,5.08
TR,Davis,2019,ethnicity,black,3,3.73,4.0,19,12,3,0,63.16,15.79,0.0
TR,Davis,2019,ethnicity,hispanic_latino,1,0.32,3.38,321,167,88,19,52.02,27.41,5.92
TR,Davis,2019,ethnicity,hispanic_latino,2,3.38,3.73,252,157,55,14,62.3,21.83,5.56
TR,Davis,2019,ethnicity,hispanic_latino,3,3.73,4.0,126,84,25,3,66.67,19.84,2.38
TR,Davis,2019,ethnicity,international,1,0.32,3.38,174,101,32,4,58.05,18.39,2.3
TR,Davis,2019,ethnicity,international,2,3.38,3.73,164,109,33,9,66.46,20.12,5.49
TR,Davis,2019,ethnicity,international,3,3.73,4.0,74,53,11,1,71.62,14.86,1.35
TR,Davis,2019,ethnicity,white,1,0.32,3.38,285,147,81,16,51.58,28.42,5.61
TR,Davis,2019,ethnicity,white,2,3.38,3.73,337,216,63,20,64.09,18.69,5.93
TR,Davis,2019,ethnicity,white,3,3.73,4.0,238,154,49,17,64.71,20.59,7.14
TR,Davis,2019,first_gen_status,first_gen,1,0.32,3.38,642,341,174,26,53.12,27.1,4.05
TR,Davis,2019,first_gen_status,first_gen,2,3.38,3.73,598,385,123,23,64.38,20.57,3.85
TR,Davis,2019,first_gen_status,first_gen,3,3.73,4.0,300,204,57,12,68.0,19.0,4.0
TR,Davis,2019,first_gen_status,not_first_gen,1,0.32,3.38,532,276,136,31,51.88,25.56,5.83
TR,Davis,2019,first_gen_status,not_first_gen,2,3.38,3.73,560,363,116,36,64.82,20.71,6.43
TR,Davis,2019,first_gen_status,not_first_gen,3,3.73,4.0,334,222,74,10,66.47,22.16,2.99
TR,Davis,2019,overall,overall,1,0.32,3.38,1239,652,326,58,52.62,26.31,4.68
TR,Davis,2019,overall,overall,2,3.38,3.73,1190,770,243,60,64.71,20.42,5.04
TR,Davis,2019,overall,overall,3,3.73,4.0,650,435,133,24,66.92,20.46,3.69
TR,Davis,2019,pell_status,non_pell,1,0.32,3.38,587,357,131,13,60.82,22.32,2.21
TR,Davis,2019,pell_status,non_pell,2,3.38,3.73,622,442,109,26,71.06,17.52,4.18
TR,Davis,2019,pell_status,non_pell,3,3.73,4.0,343,248,56,11,72.3,16.33,3.21
TR,Davis,2019,pell_status,pell,1,0.32,3.38,652,295,195,45,45.25,29.91,6.9
TR,Davis,2019,pell_status,pell,2,3.38,3.73,568,328,134,34,57.75,23.59,5.99
TR,Davis,2019,pell_status,pell,3,3.73,4.0,307,187,77,13,60.91,25.08,4.23
TR,Davis,2020,ethnicity,aian,1,1.25,3.39,4,1,1,1,25.0,25.0,25.0
TR,Davis,2020,ethnicity,aian,2,3.39,3.74,5,3,1,0,60.0,20.0,0.0
TR,Davis,2020,ethnicity,aian,3,3.74,4.0,5,2,1,1,40.0,20.0,20.0
TR,Davis,2020,ethnicity,asian,1,1.25,3.39,328,188,84,21,57.32,25.61,6.4
TR,Davis,2020,ethnicity,asian,2,3.39,3.74,412,255,113,17,61.89,27.43,4.13
TR,Davis,2020,ethnicity,asian,3,3.74,4.0,245,173,48,6,70.61,19.59,2.45
TR,Davis,2020,ethnicity,black,1,1.25,3.39,80,42,13,6,52.5,16.25,7.5
TR,Davis,2020,ethnicity,black,2,3.39,3.74,46,27,6,4,58.7,13.04,8.7
TR,Davis,2020,ethnicity,black,3,3.74,4.0,24,11,11,0,45.83,45.83,0.0
TR,Davis,2020,ethnicity,hispanic_latino,1,1.25,3.39,277,128,76,21,46.21,27.44,7.58
TR,Davis,2020,ethnicity,hispanic_latino,2,3.39,3.74,280,179,57,6,63.93,20.36,2.14
TR,Davis,2020,ethnicity,hispanic_latino,3,3.74,4.0,101,72,20,3,71.29,19.8,2.97
TR,Davis,2020,ethnicity,international,1,1.25,3.39,151,70,37,11,46.36,24.5,7.28
TR,Davis,2020,ethnicity,international,2,3.39,3.74,115,66,28,9,57.39,24.35,7.83
TR,Davis,2020,ethnicity,international,3,3.74,4.0,61,42,12,3,68.85,19.67,4.92
TR,Davis,2020,ethnicity,white,1,1.25,3.39,274,138,66,12,50.36,24.09,4.38
TR,Davis,2020,ethnicity,white,2,3.39,3.74,318,206,68,9,64.78,21.38,2.83
TR,Davis,2020,ethnicity,white,3,3.74,4.0,239,163,47,4,68.2,19.67,1.67
TR,Davis,2020,first_gen_status,first_gen,1,1.25,3.39,603,312,148,37,51.74,24.54,6.14
TR,Davis,2020,first_gen_status,first_gen,2,3.39,3.74,630,392,139,25,62.22,22.06,3.97
TR,Davis,2020,first_gen_status,first_gen,3,3.74,4.0,274,188,52,5,68.61,18.98,1.82
TR,Davis,2020,first_gen_status,not_first_gen,1,1.25,3.39,511,254,135,34,49.71,26.42,6.65
TR,Davis,2020,first_gen_status,not_first_gen,2,3.39,3.74,553,352,133,21,63.65,24.05,3.8
TR,Davis,2020,first_gen_status,not_first_gen,3,3.74,4.0,410,274,94,14,66.83,22.93,3.41
TR,Davis,2020,overall,overall,1,1.25,3.39,1144,581,287,74,50.79,25.09,6.47
TR,Davis,2020,overall,overall,2,3.39,3.74,1202,756,276,46,62.9,22.96,3.83
TR,Davis,2020,overall,overall,3,3.74,4.0,701,475,149,19,67.76,21.26,2.71
TR,Davis,2020,pell_status,non_pell,1,1.25,3.39,544,292,126,34,53.68,23.16,6.25
TR,Davis,2020,pell_status,non_pell,2,3.39,3.74,589,376,134,24,63.84,22.75,4.07
TR,Davis,2020,pell_status,non_pell,3,3.74,4.0,394,289,65,11,73.35,16.5,2.79
TR,Davis,2020,pell_status,pell,1,1.25,3.39,600,289,161,40,48.17,26.83,6.67
TR,Davis,2020,pell_status,pell,2,3.39,3.74,613,380,142,22,61.99,23.16,3.59
TR,Davis,2020,pell_status,pell,3,3.74,4.0,307,186,84,8,60.59,27.36,2.61
TR,Davis,2021,ethnicity,aian,1,1.0,3.5,2,1,0,1,50.0,0.0,50.0
TR,Davis,2021,ethnicity,aian,2,3.5,3.82,2,0,1,0,0.0,50.0,0.0
TR,Davis,2021,ethnicity,aian,3,3.82,4.0,3,2,1,0,66.67,33.33,0.0
TR,Davis,2021,ethnicity,asian,1,1.0,3.5,340,197,77,17,57.94,22.65,5.0
TR,Davis,2021,ethnicity,asian,2,3.5,3.82,382,249,82,18,65.18,21.47,4.71
TR,Davis,2021,ethnicity,asian,3,3.82,4.0,260,193,45,6,74.23,17.31,2.31
TR,Davis,2021,ethnicity,black,1,1.0,3.5,79,34,24,4,43.04,30.38,5.06
TR,Davis,2021,ethnicity,black,2,3.5,3.82,48,22,18,4,45.83,37.5,8.33
TR,Davis,2021,ethnicity,black,3,3.82,4.0,17,11,5,0,64.71,29.41,0.0
TR,Davis,2021,ethnicity,hispanic_latino,1,1.0,3.5,345,195,83,18,56.52,24.06,5.22
TR,Davis,2021,ethnicity,hispanic_latino,2,3.5,3.82,240,165,50,7,68.75,20.83,2.92
TR,Davis,2021,ethnicity,hispanic_latino,3,3.82,4.0,107,80,17,0,74.77,15.89,0.0
TR,Davis,2021,ethnicity,international,1,1.0,3.5,97,51,25,7,52.58,25.77,7.22
TR,Davis,2021,ethnicity,international,2,3.5,3.82,63,40,13,3,63.49,20.63,4.76
TR,Davis,2021,ethnicity,international,3,3.82,4.0,47,40,5,0,85.11,10.64,0.0
TR,Davis,2021,ethnicity,white,1,1.0,3.5,287,166,71,16,57.84,24.74,5.57
TR,Davis,2021,ethnicity,white,2,3.5,3.82,305,203,72,11,66.56,23.61,3.61
TR,Davis,2021,ethnicity,white,3,3.82,4.0,198,148,32,5,74.75,16.16,2.53
TR,Davis,2021,first_gen_status,first_gen,1,1.0,3.5,633,360,144,31,56.87,22.75,4.9
TR,Davis,2021,first_gen_status,first_gen,2,3.5,3.82,494,331,106,17,67.0,21.46,3.44
TR,Davis,2021,first_gen_status,first_gen,3,3.82,4.0,268,210,42,3,78.36,15.67,1.12
TR,Davis,2021,first_gen_status,not_first_gen,1,1.0,3.5,505,280,131,32,55.45,25.94,6.34
TR,Davis,2021,first_gen_status,not_first_gen,2,3.5,3.82,538,343,126,27,63.75,23.42,5.02
TR,Davis,2021,first_gen_status,not_first_gen,3,3.82,4.0,375,273,65,8,72.8,17.33,2.13
TR,Davis,2021,overall,overall,1,1.0,3.5,1162,652,284,63,56.11,24.44,5.42
TR,Davis,2021,overall,overall,2,3.5,3.82,1055,691,237,44,65.5,22.46,4.17
TR,Davis,2021,overall,overall,3,3.82,4.0,651,486,111,11,74.65,17.05,1.69
TR,Davis,2021,pell_status,non_pell,1,1.0,3.5,504,312,103,25,61.9,20.44,4.96
TR,Davis,2021,pell_status,non_pell,2,3.5,3.82,531,364,109,17,68.55,20.53,3.2
TR,Davis,2021,pell_status,non_pell,3,3.82,4.0,375,298,55,2,79.47,14.67,0.53
TR,Davis,2021,pell_status,pell,1,1.0,3.5,658,340,181,38,51.67,27.51,5.78
TR,Davis,2021,pell_status,pell,2,3.5,3.82,524,327,128,27,62.4,24.43,5.15
TR,Davis,2021,pell_status,pell,3,3.82,4.0,276,188,56,9,68.12,20.29,3.26
TR,Irvine,2010,ethnicity,aian,1,0.33,3.25,5,2,2,0,40.0,40.0,0.0
TR,Irvine,2010,ethnicity,aian,2,3.25,3.63,9,5,1,0,55.56,11.11,0.0
TR,Irvine,2010,ethnicity,aian,3,3.63,4.0,3,2,1,0,66.67,33.33,0.0
TR,Irvine,2010,ethnicity,asian,1,0.33,3.25,280,125,91,12,44.64,32.5,4.29
TR,Irvine,2010,ethnicity,asian,2,3.25,3.63,281,171,76,13,60.85,27.05,4.63
TR,Irvine,2010,ethnicity,asian,3,3.63,4.0,124,73,46,1,58.87,37.1,0.81
TR,Irvine,2010,ethnicity,black,1,0.33,3.25,23,6,10,1,26.09,43.48,4.35
TR,Irvine,2010,ethnicity,black,2,3.25,3.63,20,10,8,1,50.0,40.0,5.0
TR,Irvine,2010,ethnicity,black,3,3.63,4.0,6,2,1,0,33.33,16.67,0.0
TR,Irvine,2010,ethnicity,hispanic_latino,1,0.33,3.25,158,72,45,8,45.57,28.48,5.06
TR,Irvine,2010,ethnicity,hispanic_latino,2,3.25,3.63,129,73,42,4,56.59,32.56,3.1
TR,Irvine,2010,ethnicity,hispanic_latino,3,3.63,4.0,33,22,7,1,66.67,21.21,3.03
TR,Irvine,2010,ethnicity,international,1,0.33,3.25,46,22,15,1,47.83,32.61,2.17
TR,Irvine,2010,ethnicity,international,2,3.25,3.63,56,36,15,1,64.29,26.79,1.79
TR,Irvine,2010,ethnicity,international,3,3.63,4.0,31,25,6,0,80.65,19.35,0.0
TR,Irvine,2010,ethnicity,white,1,0.33,3.25,171,92,47,7,53.8,27.49,4.09
TR,Irvine,2010,ethnicity,white,2,3.25,3.63,244,150,64,5,61.48,26.23,2.05
TR,Irvine,2010,ethnicity,white,3,3.63,4.0,111,68,31,4,61.26,27.93,3.6
TR,Irvine,2010,first_gen_status,first_gen,1,0.33,3.25,357,171,100,17,47.9,28.01,4.76
TR,Irvine,2010,first_gen_status,first_gen,2,3.25,3.63,360,223,93,9,61.94,25.83,2.5
TR,Irvine,2010,first_gen_status,first_gen,3,3.63,4.0,143,87,43,2,60.84,30.07,1.4
TR,Irvine,2010,first_gen_status,not_first_gen,1,0.33,3.25,323,152,101,12,47.06,31.27,3.72
TR,Irvine,2010,first_gen_status,not_first_gen,2,3.25,3.63,369,222,102,10,60.16,27.64,2.71
TR,Irvine,2010,first_gen_status,not_first_gen,3,3.63,4.0,158,101,46,3,63.92,29.11,1.9
TR,Irvine,2010,overall,overall,1,0.33,3.25,735,341,223,30,46.39,30.34,4.08
TR,Irvine,2010,overall,overall,2,3.25,3.63,788,470,219,24,59.64,27.79,3.05
TR,Irvine,2010,overall,overall,3,3.63,4.0,338,207,100,7,61.24,29.59,2.07
TR,Irvine,2010,pell_status,non_pell,1,0.33,3.25,296,160,74,8,54.05,25.0,2.7
TR,Irvine,2010,pell_status,non_pell,2,3.25,3.63,358,241,76,6,67.32,21.23,1.68
TR,Irvine,2010,pell_status,non_pell,3,3.63,4.0,170,119,38,3,70.0,22.35,1.76
TR,Irvine,2010,pell_status,pell,1,0.33,3.25,439,181,149,22,41.23,33.94,5.01
TR,Irvine,2010,pell_status,pell,2,3.25,3.63,430,229,143,18,53.26,33.26,4.19
TR,Irvine,2010,pell_status,pell,3,3.63,4.0,168,88,62,4,52.38,36.9,2.38
TR,Irvine,2011,ethnicity,aian,1,0.31,3.27,5,2,2,0,40.0,40.0,0.0
TR,Irvine,2011,ethnicity,aian,2,3.27,3.63,9,6,3,0,66.67,33.33,0.0
TR,Irvine,2011,ethnicity,aian,3,3.63,4.0,2,2,0,0,100.0,0.0,0.0
TR,Irvine,2011,ethnicity,asian,1,0.31,3.27,215,94,83,12,43.72,38.6,5.58
TR,Irvine,2011,ethnicity,asian,2,3.27,3.63,297,162,101,6,54.55,34.01,2.02
TR,Irvine,2011,ethnicity,asian,3,3.63,4.0,151,85,54,3,56.29,35.76,1.99
TR,Irvine,2011,ethnicity,black,1,0.31,3.27,26,6,10,1,23.08,38.46,3.85
TR,Irvine,2011,ethnicity,black,2,3.27,3.63,21,7,11,2,33.33,52.38,9.52
TR,Irvine,2011,ethnicity,black,3,3.63,4.0,11,6,3,0,54.55,27.27,0.0
TR,Irvine,2011,ethnicity,hispanic_latino,1,0.31,3.27,110,45,41,6,40.91,37.27,5.45
TR,Irvine,2011,ethnicity,hispanic_latino,2,3.27,3.63,135,64,53,4,47.41,39.26,2.96
TR,Irvine,2011,ethnicity,hispanic_latino,3,3.63,4.0,62,38,19,0,61.29,30.65,0.0
TR,Irvine,2011,ethnicity,international,1,0.31,3.27,67,37,15,2,55.22,22.39,2.99
TR,Irvine,2011,ethnicity,international,2,3.27,3.63,47,28,15,0,59.57,31.91,0.0
TR,Irvine,2011,ethnicity,international,3,3.63,4.0,42,32,7,1,76.19,16.67,2.38
TR,Irvine,2011,ethnicity,white,1,0.31,3.27,136,58,47,11,42.65,34.56,8.09
TR,Irvine,2011,ethnicity,white,2,3.27,3.63,218,109,83,5,50.0,38.07,2.29
TR,Irvine,2011,ethnicity,white,3,3.63,4.0,126,76,40,3,60.32,31.75,2.38
TR,Irvine,2011,first_gen_status,first_gen,1,0.31,3.27,311,131,114,21,42.12,36.66,6.75
TR,Irvine,2011,first_gen_status,first_gen,2,3.27,3.63,380,188,144,10,49.47,37.89,2.63
TR,Irvine,2011,first_gen_status,first_gen,3,3.63,4.0,181,108,59,2,59.67,32.6,1.1
TR,Irvine,2011,first_gen_status,not_first_gen,1,0.31,3.27,242,107,82,12,44.21,33.88,4.96
TR,Irvine,2011,first_gen_status,not_first_gen,2,3.27,3.63,347,189,121,8,54.47,34.87,2.31
TR,Irvine,2011,first_gen_status,not_first_gen,3,3.63,4.0,209,126,66,4,60.29,31.58,1.91
TR,Irvine,2011,overall,overall,1,0.31,3.27,570,249,201,33,43.68,35.26,5.79
TR,Irvine,2011,overall,overall,2,3.27,3.63,752,389,274,19,51.73,36.44,2.53
TR,Irvine,2011,overall,overall,3,3.63,4.0,409,245,130,7,59.9,31.78,1.71
TR,Irvine,2011,pell_status,non_pell,1,0.31,3.27,233,121,62,13,51.93,26.61,5.58
TR,Irvine,2011,pell_status,non_pell,2,3.27,3.63,297,180,89,4,60.61,29.97,1.35
TR,Irvine,2011,pell_status,non_pell,3,3.63,4.0,188,128,44,4,68.09,23.4,2.13
TR,Irvine,2011,pell_status,pell,1,0.31,3.27,337,128,139,20,37.98,41.25,5.93
TR,Irvine,2011,pell_status,pell,2,3.27,3.63,455,209,185,15,45.93,40.66,3.3
TR,Irvine,2011,pell_status,pell,3,3.63,4.0,221,117,86,3,52.94,38.91,1.36
TR,Irvine,2012,ethnicity,aian,1,0.3,3.3,4,2,1,0,50.0,25.0,0.0
TR,Irvine,2012,ethnicity,aian,2,3.3,3.65,10,7,2,0,70.0,20.0,0.0
TR,Irvine,2012,ethnicity,aian,3,3.65,4.0,9,4,4,0,44.44,44.44,0.0
TR,Irvine,2012,ethnicity,asian,1,0.3,3.3,211,99,67,8,46.92,31.75,3.79
TR,Irvine,2012,ethnicity,asian,2,3.3,3.65,285,165,93,8,57.89,32.63,2.81
TR,Irvine,2012,ethnicity,asian,3,3.65,4.0,147,96,49,1,65.31,33.33,0.68
TR,Irvine,2012,ethnicity,black,1,0.3,3.3,19,8,4,5,42.11,21.05,26.32
TR,Irvine,2012,ethnicity,black,2,3.3,3.65,24,7,10,3,29.17,41.67,12.5
TR,Irvine,2012,ethnicity,black,3,3.65,4.0,5,2,2,0,40.0,40.0,0.0
TR,Irvine,2012,ethnicity,hispanic_latino,1,0.3,3.3,125,63,37,6,50.4,29.6,4.8
TR,Irvine,2012,ethnicity,hispanic_latino,2,3.3,3.65,145,76,52,3,52.41,35.86,2.07
TR,Irvine,2012,ethnicity,hispanic_latino,3,3.65,4.0,51,32,14,1,62.75,27.45,1.96
TR,Irvine,2012,ethnicity,international,1,0.3,3.3,66,30,21,5,45.45,31.82,7.58
TR,Irvine,2012,ethnicity,international,2,3.3,3.65,63,36,16,3,57.14,25.4,4.76
TR,Irvine,2012,ethnicity,international,3,3.65,4.0,30,24,4,0,80.0,13.33,0.0
TR,Irvine,2012,ethnicity,white,1,0.3,3.3,141,75,45,4,53.19,31.91,2.84
TR,Irvine,2012,ethnicity,white,2,3.3,3.65,209,114,62,4,54.55,29.67,1.91
TR,Irvine,2012,ethnicity,white,3,3.65,4.0,124,68,38,6,54.84,30.65,4.84
TR,Irvine,2012,first_gen_status,first_gen,1,0.3,3.3,304,146,100,16,48.03,32.89,5.26
TR,Irvine,2012,first_gen_status,first_gen,2,3.3,3.65,412,233,130,10,56.55,31.55,2.43
TR,Irvine,2012,first_gen_status,first_gen,3,3.65,4.0,175,113,50,5,64.57,28.57,2.86
TR,Irvine,2012,first_gen_status,not_first_gen,1,0.3,3.3,253,130,71,12,51.38,28.06,4.74
TR,Irvine,2012,first_gen_status,not_first_gen,2,3.3,3.65,318,174,100,10,54.72,31.45,3.14
TR,Irvine,2012,first_gen_status,not_first_gen,3,3.65,4.0,194,119,58,3,61.34,29.9,1.55
TR,Irvine,2012,overall,overall,1,0.3,3.3,575,283,178,28,49.22,30.96,4.87
TR,Irvine,2012,overall,overall,2,3.3,3.65,750,416,238,21,55.47,31.73,2.8
TR,Irvine,2012,overall,overall,3,3.65,4.0,380,237,113,8,62.37,29.74,2.11
TR,Irvine,2012,pell_status,non_pell,1,0.3,3.3,238,132,62,9,55.46,26.05,3.78
TR,Irvine,2012,pell_status,non_pell,2,3.3,3.65,303,198,65,7,65.35,21.45,2.31
TR,Irvine,2012,pell_status,non_pell,3,3.65,4.0,171,124,38,2,72.51,22.22,1.17
TR,Irvine,2012,pell_status,pell,1,0.3,3.3,337,151,116,19,44.81,34.42,5.64
TR,Irvine,2012,pell_status,pell,2,3.3,3.65,447,218,173,14,48.77,38.7,3.13
TR,Irvine,2012,pell_status,pell,3,3.65,4.0,209,113,75,6,54.07,35.89,2.87
TR,Irvine,2013,ethnicity,aian,1,0.32,3.31,2,1,0,1,50.0,0.0,50.0
TR,Irvine,2013,ethnicity,aian,2,3.31,3.66,4,1,1,0,25.0,25.0,0.0
TR,Irvine,2013,ethnicity,aian,3,3.66,4.0,2,2,0,0,100.0,0.0,0.0
TR,Irvine,2013,ethnicity,asian,1,0.32,3.31,248,132,75,10,53.23,30.24,4.03
TR,Irvine,2013,ethnicity,asian,2,3.31,3.66,283,150,109,5,53.0,38.52,1.77
TR,Irvine,2013,ethnicity,asian,3,3.66,4.0,130,60,53,2,46.15,40.77,1.54
TR,Irvine,2013,ethnicity,black,1,0.32,3.31,34,16,9,3,47.06,26.47,8.82
TR,Irvine,2013,ethnicity,black,2,3.31,3.66,25,12,9,2,48.0,36.0,8.0
TR,Irvine,2013,ethnicity,black,3,3.66,4.0,9,7,2,0,77.78,22.22,0.0
TR,Irvine,2013,ethnicity,hispanic_latino,1,0.32,3.31,204,95,70,7,46.57,34.31,3.43
TR,Irvine,2013,ethnicity,hispanic_latino,2,3.31,3.66,164,85,62,4,51.83,37.8,2.44
TR,Irvine,2013,ethnicity,hispanic_latino,3,3.66,4.0,59,33,23,0,55.93,38.98,0.0
TR,Irvine,2013,ethnicity,international,1,0.32,3.31,91,40,30,7,43.96,32.97,7.69
TR,Irvine,2013,ethnicity,international,2,3.31,3.66,97,52,34,2,53.61,35.05,2.06
TR,Irvine,2013,ethnicity,international,3,3.66,4.0,37,22,11,2,59.46,29.73,5.41
TR,Irvine,2013,ethnicity,white,1,0.32,3.31,215,111,66,6,51.63,30.7,2.79
TR,Irvine,2013,ethnicity,white,2,3.31,3.66,219,125,74,5,57.08,33.79,2.28
TR,Irvine,2013,ethnicity,white,3,3.66,4.0,137,84,44,3,61.31,32.12,2.19
TR,Irvine,2013,first_gen_status,first_gen,1,0.32,3.31,438,215,146,12,49.09,33.33,2.74
TR,Irvine,2013,first_gen_status,first_gen,2,3.31,3.66,387,204,147,7,52.71,37.98,1.81
TR,Irvine,2013,first_gen_status,first_gen,3,3.66,4.0,196,109,70,6,55.61,35.71,3.06
TR,Irvine,2013,first_gen_status,not_first_gen,1,0.32,3.31,344,174,99,21,50.58,28.78,6.1
TR,Irvine,2013,first_gen_status,not_first_gen,2,3.31,3.66,394,212,139,13,53.81,35.28,3.3
TR,Irvine,2013,first_gen_status,not_first_gen,3,3.66,4.0,172,92,65,1,53.49,37.79,0.58
TR,Irvine,2013,overall,overall,1,0.32,3.31,804,400,253,34,49.75,31.47,4.23
TR,Irvine,2013,overall,overall,2,3.31,3.66,814,435,298,21,53.44,36.61,2.58
TR,Irvine,2013,overall,overall,3,3.66,4.0,382,210,139,7,54.97,36.39,1.83
TR,Irvine,2013,pell_status,non_pell,1,0.32,3.31,321,177,86,15,55.14,26.79,4.67
TR,Irvine,2013,pell_status,non_pell,2,3.31,3.66,338,207,102,6,61.24,30.18,1.78
TR,Irvine,2013,pell_status,non_pell,3,3.66,4.0,173,106,53,4,61.27,30.64,2.31
TR,Irvine,2013,pell_status,pell,1,0.32,3.31,483,223,167,19,46.17,34.58,3.93
TR,Irvine,2013,pell_status,pell,2,3.31,3.66,476,228,196,15,47.9,41.18,3.15
TR,Irvine,2013,pell_status,pell,3,3.66,4.0,209,104,86,3,49.76,41.15,1.44
TR,Irvine,2014,ethnicity,aian,1,0.82,3.34,4,1,0,1,25.0,0.0,25.0
TR,Irvine,2014,ethnicity,aian,2,3.34,3.68,5,4,1,0,80.0,20.0,0.0
TR,Irvine,2014,ethnicity,aian,3,3.68,4.0,1,0,1,0,0.0,100.0,0.0
TR,Irvine,2014,ethnicity,asian,1,0.82,3.34,259,128,77,14,49.42,29.73,5.41
TR,Irvine,2014,ethnicity,asian,2,3.34,3.68,298,153,108,7,51.34,36.24,2.35
TR,Irvine,2014,ethnicity,asian,3,3.68,4.0,137,79,45,6,57.66,32.85,4.38
TR,Irvine,2014,ethnicity,black,1,0.82,3.34,27,8,12,3,29.63,44.44,11.11
TR,Irvine,2014,ethnicity,black,2,3.34,3.68,28,12,13,1,42.86,46.43,3.57
TR,Irvine,2014,ethnicity,black,3,3.68,4.0,10,5,5,0,50.0,50.0,0.0
TR,Irvine,2014,ethnicity,hispanic_latino,1,0.82,3.34,209,84,74,9,40.19,35.41,4.31
TR,Irvine,2014,ethnicity,hispanic_latino,2,3.34,3.68,173,86,60,7,49.71,34.68,4.05
TR,Irvine,2014,ethnicity,hispanic_latino,3,3.68,4.0,58,33,23,0,56.9,39.66,0.0
TR,Irvine,2014,ethnicity,international,1,0.82,3.34,84,44,23,2,52.38,27.38,2.38
TR,Irvine,2014,ethnicity,international,2,3.34,3.68,122,70,30,3,57.38,24.59,2.46
TR,Irvine,2014,ethnicity,international,3,3.68,4.0,43,30,8,2,69.77,18.6,4.65
TR,Irvine,2014,ethnicity,white,1,0.82,3.34,202,95,79,9,47.03,39.11,4.46
TR,Irvine,2014,ethnicity,white,2,3.34,3.68,209,108,71,11,51.67,33.97,5.26
TR,Irvine,2014,ethnicity,white,3,3.68,4.0,108,66,29,4,61.11,26.85,3.7
TR,Irvine,2014,first_gen_status,first_gen,1,0.82,3.34,425,188,153,22,44.24,36.0,5.18
TR,Irvine,2014,first_gen_status,first_gen,2,3.34,3.68,434,222,148,10,51.15,34.1,2.3
TR,Irvine,2014,first_gen_status,first_gen,3,3.68,4.0,182,103,61,5,56.59,33.52,2.75
TR,Irvine,2014,first_gen_status,not_first_gen,1,0.82,3.34,346,169,108,15,48.84,31.21,4.34
TR,Irvine,2014,first_gen_status,not_first_gen,2,3.34,3.68,388,203,133,19,52.32,34.28,4.9
TR,Irvine,2014,first_gen_status,not_first_gen,3,3.68,4.0,175,109,51,8,62.29,29.14,4.57
TR,Irvine,2014,overall,overall,1,0.82,3.34,802,369,271,38,46.01,33.79,4.74
TR,Irvine,2014,overall,overall,2,3.34,3.68,851,437,291,31,51.35,34.2,3.64
TR,Irvine,2014,overall,overall,3,3.68,4.0,369,220,115,13,59.62,31.17,3.52
TR,Irvine,2014,pell_status,non_pell,1,0.82,3.34,312,168,86,12,53.85,27.56,3.85
TR,Irvine,2014,pell_status,non_pell,2,3.34,3.68,360,208,100,9,57.78,27.78,2.5
TR,Irvine,2014,pell_status,non_pell,3,3.68,4.0,164,108,44,6,65.85,26.83,3.66
TR,Irvine,2014,pell_status,pell,1,0.82,3.34,490,201,185,26,41.02,37.76,5.31
TR,Irvine,2014,pell_status,pell,2,3.34,3.68,491,229,191,22,46.64,38.9,4.48
TR,Irvine,2014,pell_status,pell,3,3.68,4.0,205,112,71,7,54.63,34.63,3.41
TR,Irvine,2015,ethnicity,aian,1,1.4,3.34,5,1,3,0,20.0,60.0,0.0
TR,Irvine,2015,ethnicity,aian,2,3.34,3.68,3,2,1,0,66.67,33.33,0.0
TR,Irvine,2015,ethnicity,aian,3,3.68,4.0,5,2,2,0,40.0,40.0,0.0
TR,Irvine,2015,ethnicity,asian,1,1.4,3.34,223,124,59,6,55.61,26.46,2.69
TR,Irvine,2015,ethnicity,asian,2,3.34,3.68,261,132,100,8,50.57,38.31,3.07
TR,Irvine,2015,ethnicity,asian,3,3.68,4.0,148,80,54,5,54.05,36.49,3.38
TR,Irvine,2015,ethnicity,black,1,1.4,3.34,34,12,10,3,35.29,29.41,8.82
TR,Irvine,2015,ethnicity,black,2,3.34,3.68,27,16,8,1,59.26,29.63,3.7
TR,Irvine,2015,ethnicity,black,3,3.68,4.0,5,3,2,0,60.0,40.0,0.0
TR,Irvine,2015,ethnicity,hispanic_latino,1,1.4,3.34,167,81,50,8,48.5,29.94,4.79
TR,Irvine,2015,ethnicity,hispanic_latino,2,3.34,3.68,150,77,57,3,51.33,38.0,2.0
TR,Irvine,2015,ethnicity,hispanic_latino,3,3.68,4.0,71,43,21,1,60.56,29.58,1.41
TR,Irvine,2015,ethnicity,international,1,1.4,3.34,125,64,37,2,51.2,29.6,1.6
TR,Irvine,2015,ethnicity,international,2,3.34,3.68,129,87,28,0,67.44,21.71,0.0
TR,Irvine,2015,ethnicity,international,3,3.68,4.0,68,51,14,2,75.0,20.59,2.94
TR,Irvine,2015,ethnicity,white,1,1.4,3.34,155,79,37,13,50.97,23.87,8.39
TR,Irvine,2015,ethnicity,white,2,3.34,3.68,195,101,72,5,51.79,36.92,2.56
TR,Irvine,2015,ethnicity,white,3,3.68,4.0,138,80,45,5,57.97,32.61,3.62
TR,Irvine,2015,first_gen_status,first_gen,1,1.4,3.34,407,213,113,16,52.33,27.76,3.93
TR,Irvine,2015,first_gen_status,first_gen,2,3.34,3.68,390,212,135,10,54.36,34.62,2.56
TR,Irvine,2015,first_gen_status,first_gen,3,3.68,4.0,204,114,67,5,55.88,32.84,2.45
TR,Irvine,2015,first_gen_status,not_first_gen,1,1.4,3.34,292,145,79,17,49.66,27.05,5.82
TR,Irvine,2015,first_gen_status,not_first_gen,2,3.34,3.68,359,190,125,7,52.92,34.82,1.95
TR,Irvine,2015,first_gen_status,not_first_gen,3,3.68,4.0,222,143,67,8,64.41,30.18,3.6
TR,Irvine,2015,overall,overall,1,1.4,3.34,725,369,203,33,50.9,28.0,4.55
TR,Irvine,2015,overall,overall,2,3.34,3.68,787,424,273,19,53.88,34.69,2.41
TR,Irvine,2015,overall,overall,3,3.68,4.0,443,266,138,13,60.05,31.15,2.93
TR,Irvine,2015,pell_status,non_pell,1,1.4,3.34,316,180,82,5,56.96,25.95,1.58
TR,Irvine,2015,pell_status,non_pell,2,3.34,3.68,360,226,96,6,62.78,26.67,1.67
TR,Irvine,2015,pell_status,non_pell,3,3.68,4.0,217,147,50,7,67.74,23.04,3.23
TR,Irvine,2015,pell_status,pell,1,1.4,3.34,409,189,121,28,46.21,29.58,6.85
TR,Irvine,2015,pell_status,pell,2,3.34,3.68,427,198,177,13,46.37,41.45,3.04
TR,Irvine,2015,pell_status,pell,3,3.68,4.0,226,119,88,6,52.65,38.94,2.65
TR,Irvine,2016,ethnicity,aian,1,0.36,3.33,6,4,0,0,66.67,0.0,0.0
TR,Irvine,2016,ethnicity,aian,2,3.33,3.68,4,2,1,0,50.0,25.0,0.0
TR,Irvine,2016,ethnicity,asian,1,0.36,3.33,291,151,82,13,51.89,28.18,4.47
TR,Irvine,2016,ethnicity,asian,2,3.33,3.68,378,178,146,20,47.09,38.62,5.29
TR,Irvine,2016,ethnicity,asian,3,3.68,4.0,211,124,68,5,58.77,32.23,2.37
TR,Irvine,2016,ethnicity,black,1,0.36,3.33,46,24,13,2,52.17,28.26,4.35
TR,Irvine,2016,ethnicity,black,2,3.33,3.68,22,9,8,3,40.91,36.36,13.64
TR,Irvine,2016,ethnicity,black,3,3.68,4.0,21,10,7,2,47.62,33.33,9.52
TR,Irvine,2016,ethnicity,hispanic_latino,1,0.36,3.33,265,130,79,9,49.06,29.81,3.4
TR,Irvine,2016,ethnicity,hispanic_latino,2,3.33,3.68,223,111,84,7,49.78,37.67,3.14
TR,Irvine,2016,ethnicity,hispanic_latino,3,3.68,4.0,83,50,27,1,60.24,32.53,1.2
TR,Irvine,2016,ethnicity,international,1,0.36,3.33,75,49,15,0,65.33,20.0,0.0
TR,Irvine,2016,ethnicity,international,2,3.33,3.68,154,96,32,7,62.34,20.78,4.55
TR,Irvine,2016,ethnicity,international,3,3.68,4.0,95,74,18,0,77.89,18.95,0.0
TR,Irvine,2016,ethnicity,white,1,0.36,3.33,168,103,32,9,61.31,19.05,5.36
TR,Irvine,2016,ethnicity,white,2,3.33,3.68,205,98,81,8,47.8,39.51,3.9
TR,Irvine,2016,ethnicity,white,3,3.68,4.0,161,102,43,7,63.35,26.71,4.35
TR,Irvine,2016,first_gen_status,first_gen,1,0.36,3.33,487,248,123,20,50.92,25.26,4.11
TR,Irvine,2016,first_gen_status,first_gen,2,3.33,3.68,538,259,200,24,48.14,37.17,4.46
TR,Irvine,2016,first_gen_status,first_gen,3,3.68,4.0,273,160,87,10,58.61,31.87,3.66
TR,Irvine,2016,first_gen_status,not_first_gen,1,0.36,3.33,342,199,87,13,58.19,25.44,3.8
TR,Irvine,2016,first_gen_status,not_first_gen,2,3.33,3.68,432,223,151,20,51.62,34.95,4.63
TR,Irvine,2016,first_gen_status,not_first_gen,3,3.68,4.0,286,192,74,4,67.13,25.87,1.4
TR,Irvine,2016,overall,overall,1,0.36,3.33,866,471,221,33,54.39,25.52,3.81
TR,Irvine,2016,overall,overall,2,3.33,3.68,1010,501,366,45,49.6,36.24,4.46
TR,Irvine,2016,overall,overall,3,3.68,4.0,590,374,168,15,63.39,28.47,2.54
TR,Irvine,2016,pell_status,non_pell,1,0.36,3.33,349,213,77,8,61.03,22.06,2.29
TR,Irvine,2016,pell_status,non_pell,2,3.33,3.68,450,269,121,16,59.78,26.89,3.56
TR,Irvine,2016,pell_status,non_pell,3,3.68,4.0,313,220,70,6,70.29,22.36,1.92
TR,Irvine,2016,pell_status,pell,1,0.36,3.33,517,258,144,25,49.9,27.85,4.84
TR,Irvine,2016,pell_status,pell,2,3.33,3.68,560,232,245,29,41.43,43.75,5.18
TR,Irvine,2016,pell_status,pell,3,3.68,4.0,277,154,98,9,55.6,35.38,3.25
TR,Irvine,2017,ethnicity,aian,1,0.3,3.33,4,3,0,1,75.0,0.0,25.0
TR,Irvine,2017,ethnicity,aian,2,3.33,3.69,5,2,2,1,40.0,40.0,20.0
TR,Irvine,2017,ethnicity,asian,1,0.3,3.33,277,137,82,16,49.46,29.6,5.78
TR,Irvine,2017,ethnicity,asian,2,3.33,3.69,450,222,163,21,49.33,36.22,4.67
TR,Irvine,2017,ethnicity,asian,3,3.69,4.0,303,198,84,6,65.35,27.72,1.98
TR,Irvine,2017,ethnicity,black,1,0.3,3.33,47,19,14,3,40.43,29.79,6.38
TR,Irvine,2017,ethnicity,black,2,3.33,3.69,30,20,6,1,66.67,20.0,3.33
TR,Irvine,2017,ethnicity,black,3,3.69,4.0,13,9,3,0,69.23,23.08,0.0
TR,Irvine,2017,ethnicity,hispanic_latino,1,0.3,3.33,301,160,87,12,53.16,28.9,3.99
TR,Irvine,2017,ethnicity,hispanic_latino,2,3.33,3.69,286,143,103,12,50.0,36.01,4.2
TR,Irvine,2017,ethnicity,hispanic_latino,3,3.69,4.0,88,42,35,2,47.73,39.77,2.27
TR,Irvine,2017,ethnicity,international,1,0.3,3.33,79,48,19,3,60.76,24.05,3.8
TR,Irvine,2017,ethnicity,international,2,3.33,3.69,176,124,26,3,70.45,14.77,1.7
TR,Irvine,2017,ethnicity,international,3,3.69,4.0,139,115,17,1,82.73,12.23,0.72
TR,Irvine,2017,ethnicity,white,1,0.3,3.33,203,100,55,9,49.26,27.09,4.43
TR,Irvine,2017,ethnicity,white,2,3.33,3.69,286,155,98,10,54.2,34.27,3.5
TR,Irvine,2017,ethnicity,white,3,3.69,4.0,196,114,64,8,58.16,32.65,4.08
TR,Irvine,2017,first_gen_status,first_gen,1,0.3,3.33,544,284,157,19,52.21,28.86,3.49
TR,Irvine,2017,first_gen_status,first_gen,2,3.33,3.69,638,346,197,29,54.23,30.88,4.55
TR,Irvine,2017,first_gen_status,first_gen,3,3.69,4.0,355,217,106,7,61.13,29.86,1.97
TR,Irvine,2017,first_gen_status,not_first_gen,1,0.3,3.33,347,179,95,21,51.59,27.38,6.05
TR,Irvine,2017,first_gen_status,not_first_gen,2,3.33,3.69,578,313,194,15,54.15,33.56,2.6
TR,Irvine,2017,first_gen_status,not_first_gen,3,3.69,4.0,378,257,96,10,67.99,25.4,2.65
TR,Irvine,2017,overall,overall,1,0.3,3.33,935,481,265,44,51.44,28.34,4.71
TR,Irvine,2017,overall,overall,2,3.33,3.69,1271,685,410,48,53.89,32.26,3.78
TR,Irvine,2017,overall,overall,3,3.69,4.0,762,493,210,17,64.7,27.56,2.23
TR,Irvine,2017,pell_status,non_pell,1,0.3,3.33,370,217,88,14,58.65,23.78,3.78
TR,Irvine,2017,pell_status,non_pell,2,3.33,3.69,602,367,160,12,60.96,26.58,1.99
TR,Irvine,2017,pell_status,non_pell,3,3.69,4.0,396,295,76,5,74.49,19.19,1.26
TR,Irvine,2017,pell_status,pell,1,0.3,3.33,565,264,177,30,46.73,31.33,5.31
TR,Irvine,2017,pell_status,pell,2,3.33,3.69,669,318,250,36,47.53,37.37,5.38
TR,Irvine,2017,pell_status,pell,3,3.69,4.0,366,198,134,12,54.1,36.61,3.28
TR,Irvine,2018,ethnicity,aian,1,0.32,3.34,2,0,0,1,0.0,0.0,50.0
TR,Irvine,2018,ethnicity,aian,2,3.34,3.7,9,4,3,1,44.44,33.33,11.11
TR,Irvine,2018,ethnicity,aian,3,3.7,4.0,2,1,1,0,50.0,50.0,0.0
TR,Irvine,2018,ethnicity,asian,1,0.32,3.34,150,88,42,4,58.67,28.0,2.67
TR,Irvine,2018,ethnicity,asian,2,3.34,3.7,474,280,141,14,59.07,29.75,2.95
TR,Irvine,2018,ethnicity,asian,3,3.7,4.0,258,165,73,5,63.95,28.29,1.94
TR,Irvine,2018,ethnicity,black,1,0.32,3.34,40,18,9,5,45.0,22.5,12.5
TR,Irvine,2018,ethnicity,black,2,3.34,3.7,39,19,11,4,48.72,28.21,10.26
TR,Irvine,2018,ethnicity,black,3,3.7,4.0,12,9,3,0,75.0,25.0,0.0
TR,Irvine,2018,ethnicity,hispanic_latino,1,0.32,3.34,212,100,78,5,47.17,36.79,2.36
TR,Irvine,2018,ethnicity,hispanic_latino,2,3.34,3.7,322,176,95,9,54.66,29.5,2.8
TR,Irvine,2018,ethnicity,hispanic_latino,3,3.7,4.0,134,85,34,3,63.43,25.37,2.24
TR,Irvine,2018,ethnicity,international,1,0.32,3.34,32,21,8,0,65.62,25.0,0.0
TR,Irvine,2018,ethnicity,international,2,3.34,3.7,123,83,24,2,67.48,19.51,1.63
TR,Irvine,2018,ethnicity,international,3,3.7,4.0,123,101,14,2,82.11,11.38,1.63
TR,Irvine,2018,ethnicity,white,1,0.32,3.34,128,77,25,6,60.16,19.53,4.69
TR,Irvine,2018,ethnicity,white,2,3.34,3.7,272,181,53,7,66.54,19.49,2.57
TR,Irvine,2018,ethnicity,white,3,3.7,4.0,183,125,48,2,68.31,26.23,1.09
TR,Irvine,2018,first_gen_status,first_gen,1,0.32,3.34,326,157,104,17,48.16,31.9,5.21
TR,Irvine,2018,first_gen_status,first_gen,2,3.34,3.7,632,374,165,19,59.18,26.11,3.01
TR,Irvine,2018,first_gen_status,first_gen,3,3.7,4.0,363,244,90,5,67.22,24.79,1.38
TR,Irvine,2018,first_gen_status,not_first_gen,1,0.32,3.34,228,138,58,4,60.53,25.44,1.75
TR,Irvine,2018,first_gen_status,not_first_gen,2,3.34,3.7,581,355,160,16,61.1,27.54,2.75
TR,Irvine,2018,first_gen_status,not_first_gen,3,3.7,4.0,334,233,76,7,69.76,22.75,2.1
TR,Irvine,2018,overall,overall,1,0.32,3.34,574,309,165,21,53.83,28.75,3.66
TR,Irvine,2018,overall,overall,2,3.34,3.7,1264,760,331,38,60.13,26.19,3.01
TR,Irvine,2018,overall,overall,3,3.7,4.0,725,494,177,12,68.14,24.41,1.66
TR,Irvine,2018,pell_status,non_pell,1,0.32,3.34,235,144,60,6,61.28,25.53,2.55
TR,Irvine,2018,pell_status,non_pell,2,3.34,3.7,603,403,128,11,66.83,21.23,1.82
TR,Irvine,2018,pell_status,non_pell,3,3.7,4.0,381,283,76,4,74.28,19.95,1.05
TR,Irvine,2018,pell_status,pell,1,0.32,3.34,339,165,105,15,48.67,30.97,4.42
TR,Irvine,2018,pell_status,pell,2,3.34,3.7,661,357,203,27,54.01,30.71,4.08
TR,Irvine,2018,pell_status,pell,3,3.7,4.0,344,211,101,8,61.34,29.36,2.33
TR,Irvine,2019,ethnicity,aian,1,0.32,3.38,3,1,1,0,33.33,33.33,0.0
TR,Irvine,2019,ethnicity,aian,2,3.38,3.73,1,0,1,0,0.0,100.0,0.0
TR,Irvine,2019,ethnicity,aian,3,3.73,4.0,4,3,1,0,75.0,25.0,0.0
TR,Irvine,2019,ethnicity,asian,1,0.32,3.38,256,151,71,6,58.98,27.73,2.34
TR,Irvine,2019,ethnicity,asian,2,3.38,3.73,453,268,139,15,59.16,30.68,3.31
TR,Irvine,2019,ethnicity,asian,3,3.73,4.0,337,237,79,10,70.33,23.44,2.97
TR,Irvine,2019,ethnicity,black,1,0.32,3.38,43,20,14,2,46.51,32.56,4.65
TR,Irvine,2019,ethnicity,black,2,3.38,3.73,42,23,15,1,54.76,35.71,2.38
TR,Irvine,2019,ethnicity,black,3,3.73,4.0,13,9,2,1,69.23,15.38,7.69
TR,Irvine,2019,ethnicity,hispanic_latino,1,0.32,3.38,312,166,91,12,53.21,29.17,3.85
TR,Irvine,2019,ethnicity,hispanic_latino,2,3.38,3.73,278,170,72,13,61.15,25.9,4.68
TR,Irvine,2019,ethnicity,hispanic_latino,3,3.73,4.0,126,92,24,2,73.02,19.05,1.59
TR,Irvine,2019,ethnicity,international,1,0.32,3.38,62,39,10,2,62.9,16.13,3.23
TR,Irvine,2019,ethnicity,international,2,3.38,3.73,240,185,37,2,77.08,15.42,0.83
TR,Irvine,2019,ethnicity,international,3,3.73,4.0,154,124,15,6,80.52,9.74,3.9
TR,Irvine,2019,ethnicity,white,1,0.32,3.38,204,119,50,9,58.33,24.51,4.41
TR,Irvine,2019,ethnicity,white,2,3.38,3.73,295,182,73,15,61.69,24.75,5.08
TR,Irvine,2019,ethnicity,white,3,3.73,4.0,197,136,47,1,69.04,23.86,0.51
TR,Irvine,2019,first_gen_status,first_gen,1,0.32,3.38,480,278,125,16,57.92,26.04,3.33
TR,Irvine,2019,first_gen_status,first_gen,2,3.38,3.73,657,415,168,22,63.17,25.57,3.35
TR,Irvine,2019,first_gen_status,first_gen,3,3.73,4.0,375,262,81,6,69.87,21.6,1.6
TR,Irvine,2019,first_gen_status,not_first_gen,1,0.32,3.38,376,209,106,13,55.59,28.19,3.46
TR,Irvine,2019,first_gen_status,not_first_gen,2,3.38,3.73,624,392,163,23,62.82,26.12,3.69
TR,Irvine,2019,first_gen_status,not_first_gen,3,3.73,4.0,440,326,81,15,74.09,18.41,3.41
TR,Irvine,2019,overall,overall,1,0.32,3.38,892,502,242,31,56.28,27.13,3.48
TR,Irvine,2019,overall,overall,2,3.38,3.73,1338,846,343,48,63.23,25.64,3.59
TR,Irvine,2019,overall,overall,3,3.73,4.0,858,618,173,22,72.03,20.16,2.56
TR,Irvine,2019,pell_status,non_pell,1,0.32,3.38,379,235,89,11,62.01,23.48,2.9
TR,Irvine,2019,pell_status,non_pell,2,3.38,3.73,703,493,148,14,70.13,21.05,1.99
TR,Irvine,2019,pell_status,non_pell,3,3.73,4.0,485,376,75,11,77.53,15.46,2.27
TR,Irvine,2019,pell_status,pell,1,0.32,3.38,513,267,153,20,52.05,29.82,3.9
TR,Irvine,2019,pell_status,pell,2,3.38,3.73,635,353,195,34,55.59,30.71,5.35
TR,Irvine,2019,pell_status,pell,3,3.73,4.0,373,242,98,11,64.88,26.27,2.95
TR,Irvine,2020,ethnicity,aian,1,1.25,3.39,3,1,1,0,33.33,33.33,0.0
TR,Irvine,2020,ethnicity,aian,2,3.39,3.74,4,1,3,0,25.0,75.0,0.0
TR,Irvine,2020,ethnicity,asian,1,1.25,3.39,114,71,31,6,62.28,27.19,5.26
TR,Irvine,2020,ethnicity,asian,2,3.39,3.74,461,306,98,19,66.38,21.26,4.12
TR,Irvine,2020,ethnicity,asian,3,3.74,4.0,350,243,80,9,69.43,22.86,2.57
TR,Irvine,2020,ethnicity,black,1,1.25,3.39,29,8,12,1,27.59,41.38,3.45
TR,Irvine,2020,ethnicity,black,2,3.39,3.74,35,19,10,3,54.29,28.57,8.57
TR,Irvine,2020,ethnicity,black,3,3.74,4.0,20,12,6,0,60.0,30.0,0.0
TR,Irvine,2020,ethnicity,hispanic_latino,1,1.25,3.39,181,91,52,5,50.28,28.73,2.76
TR,Irvine,2020,ethnicity,hispanic_latino,2,3.39,3.74,315,178,89,8,56.51,28.25,2.54
TR,Irvine,2020,ethnicity,hispanic_latino,3,3.74,4.0,140,91,29,5,65.0,20.71,3.57
TR,Irvine,2020,ethnicity,international,1,1.25,3.39,39,26,5,2,66.67,12.82,5.13
TR,Irvine,2020,ethnicity,international,2,3.39,3.74,228,169,37,5,74.12,16.23,2.19
TR,Irvine,2020,ethnicity,international,3,3.74,4.0,172,137,15,6,79.65,8.72,3.49
TR,Irvine,2020,ethnicity,white,1,1.25,3.39,97,57,23,3,58.76,23.71,3.09
TR,Irvine,2020,ethnicity,white,2,3.39,3.74,289,185,60,8,64.01,20.76,2.77
TR,Irvine,2020,ethnicity,white,3,3.74,4.0,180,135,30,3,75.0,16.67,1.67
TR,Irvine,2020,first_gen_status,first_gen,1,1.25,3.39,278,148,75,10,53.24,26.98,3.6
TR,Irvine,2020,first_gen_status,first_gen,2,3.39,3.74,703,436,175,16,62.02,24.89,2.28
TR,Irvine,2020,first_gen_status,first_gen,3,3.74,4.0,388,274,77,13,70.62,19.85,3.35
TR,Irvine,2020,first_gen_status,not_first_gen,1,1.25,3.39,175,99,49,6,56.57,28.0,3.43
TR,Irvine,2020,first_gen_status,not_first_gen,2,3.39,3.74,596,395,119,26,66.28,19.97,4.36
TR,Irvine,2020,first_gen_status,not_first_gen,3,3.74,4.0,470,340,87,10,72.34,18.51,2.13
TR,Irvine,2020,overall,overall,1,1.25,3.39,472,260,127,17,55.08,26.91,3.6
TR,Irvine,2020,overall,overall,2,3.39,3.74,1357,873,304,43,64.33,22.4,3.17
TR,Irvine,2020,overall,overall,3,3.74,4.0,896,640,169,25,71.43,18.86,2.79
TR,Irvine,2020,pell_status,non_pell,1,1.25,3.39,190,115,47,2,60.53,24.74,1.05
TR,Irvine,2020,pell_status,non_pell,2,3.39,3.74,709,488,138,20,68.83,19.46,2.82
TR,Irvine,2020,pell_status,non_pell,3,3.74,4.0,508,382,81,12,75.2,15.94,2.36
TR,Irvine,2020,pell_status,pell,1,1.25,3.39,282,145,80,15,51.42,28.37,5.32
TR,Irvine,2020,pell_status,pell,2,3.39,3.74,648,385,166,23,59.41,25.62,3.55
TR,Irvine,2020,pell_status,pell,3,3.74,4.0,388,258,88,13,66.49,22.68,3.35
TR,Irvine,2021,ethnicity,aian,1,1.0,3.5,2,0,1,0,0.0,50.0,0.0
TR,Irvine,2021,ethnicity,aian,2,3.5,3.82,,0,0,0,0.0,0.0,0.0
TR,Irvine,2021,ethnicity,aian,3,3.82,4.0,1,1,0,0,100.0,0.0,0.0
TR,Irvine,2021,ethnicity,asian,1,1.0,3.5,157,89,41,4,56.69,26.11,2.55
TR,Irvine,2021,ethnicity,asian,2,3.5,3.82,519,344,120,15,66.28,23.12,2.89
TR,Irvine,2021,ethnicity,asian,3,3.82,4.0,385,284,76,8,73.77,19.74,2.08
TR,Irvine,2021,ethnicity,black,1,1.0,3.5,27,9,8,1,33.33,29.63,3.7
TR,Irvine,2021,ethnicity,black,2,3.5,3.82,35,23,8,2,65.71,22.86,5.71
TR,Irvine,2021,ethnicity,black,3,3.82,4.0,15,13,1,0,86.67,6.67,0.0
TR,Irvine,2021,ethnicity,hispanic_latino,1,1.0,3.5,191,108,42,7,56.54,21.99,3.66
TR,Irvine,2021,ethnicity,hispanic_latino,2,3.5,3.82,318,204,70,4,64.15,22.01,1.26
TR,Irvine,2021,ethnicity,hispanic_latino,3,3.82,4.0,133,99,27,2,74.44,20.3,1.5
TR,Irvine,2021,ethnicity,international,1,1.0,3.5,79,51,12,1,64.56,15.19,1.27
TR,Irvine,2021,ethnicity,international,2,3.5,3.82,201,143,33,2,71.14,16.42,1.0
TR,Irvine,2021,ethnicity,international,3,3.82,4.0,176,126,32,2,71.59,18.18,1.14
TR,Irvine,2021,ethnicity,white,1,1.0,3.5,103,72,19,2,69.9,18.45,1.94
TR,Irvine,2021,ethnicity,white,2,3.5,3.82,276,196,51,7,71.01,18.48,2.54
TR,Irvine,2021,ethnicity,white,3,3.82,4.0,221,171,34,6,77.38,15.38,2.71
TR,Irvine,2021,first_gen_status,first_gen,1,1.0,3.5,311,174,64,10,55.95,20.58,3.22
TR,Irvine,2021,first_gen_status,first_gen,2,3.5,3.82,643,427,131,16,66.41,20.37,2.49
TR,Irvine,2021,first_gen_status,first_gen,3,3.82,4.0,388,282,76,10,72.68,19.59,2.58
TR,Irvine,2021,first_gen_status,not_first_gen,1,1.0,3.5,227,143,55,5,63.0,24.23,2.2
TR,Irvine,2021,first_gen_status,not_first_gen,2,3.5,3.82,654,444,142,12,67.89,21.71,1.83
TR,Irvine,2021,first_gen_status,not_first_gen,3,3.82,4.0,509,386,88,8,75.83,17.29,1.57
TR,Irvine,2021,overall,overall,1,1.0,3.5,561,330,124,15,58.82,22.1,2.67
TR,Irvine,2021,overall,overall,2,3.5,3.82,1360,920,282,30,67.65,20.74,2.21
TR,Irvine,2021,overall,overall,3,3.82,4.0,939,700,172,18,74.55,18.32,1.92
TR,Irvine,2021,pell_status,non_pell,1,1.0,3.5,272,167,55,7,61.4,20.22,2.57
TR,Irvine,2021,pell_status,non_pell,2,3.5,3.82,720,515,117,13,71.53,16.25,1.81
TR,Irvine,2021,pell_status,non_pell,3,3.82,4.0,575,439,95,8,76.35,16.52,1.39
TR,Irvine,2021,pell_status,pell,1,1.0,3.5,289,163,69,8,56.4,23.88,2.77
TR,Irvine,2021,pell_status,pell,2,3.5,3.82,640,405,165,17,63.28,25.78,2.66
TR,Irvine,2021,pell_status,pell,3,3.82,4.0,364,261,77,10,71.7,21.15,2.75
TR,Los Angeles,2010,ethnicity,aian,1,0.33,3.25,5,3,0,0,60.0,0.0,0.0
TR,Los Angeles,2010,ethnicity,aian,2,3.25,3.63,6,3,1,1,50.0,16.67,16.67
TR,Los Angeles,2010,ethnicity,aian,3,3.63,4.0,13,10,2,0,76.92,15.38,0.0
TR,Los Angeles,2010,ethnicity,asian,1,0.33,3.25,67,40,18,5,59.7,26.87,7.46
TR,Los Angeles,2010,ethnicity,asian,2,3.25,3.63,294,155,89,24,52.72,30.27,8.16
TR,Los Angeles,2010,ethnicity,asian,3,3.63,4.0,513,319,138,25,62.18,26.9,4.87
TR,Los Angeles,2010,ethnicity,black,1,0.33,3.25,27,11,8,5,40.74,29.63,18.52
TR,Los Angeles,2010,ethnicity,black,2,3.25,3.63,48,17,23,2,35.42,47.92,4.17
TR,Los Angeles,2010,ethnicity,black,3,3.63,4.0,49,19,22,2,38.78,44.9,4.08
TR,Los Angeles,2010,ethnicity,hispanic_latino,1,0.33,3.25,100,37,32,11,37.0,32.0,11.0
TR,Los Angeles,2010,ethnicity,hispanic_latino,2,3.25,3.63,174,84,54,7,48.28,31.03,4.02
TR,Los Angeles,2010,ethnicity,hispanic_latino,3,3.63,4.0,214,131,55,9,61.21,25.7,4.21
TR,Los Angeles,2010,ethnicity,international,1,0.33,3.25,9,4,2,0,44.44,22.22,0.0
TR,Los Angeles,2010,ethnicity,international,2,3.25,3.63,118,62,38,6,52.54,32.2,5.08
TR,Los Angeles,2010,ethnicity,international,3,3.63,4.0,342,247,58,11,72.22,16.96,3.22
TR,Los Angeles,2010,ethnicity,white,1,0.33,3.25,66,38,20,4,57.58,30.3,6.06
TR,Los Angeles,2010,ethnicity,white,2,3.25,3.63,325,223,71,11,68.62,21.85,3.38
TR,Los Angeles,2010,ethnicity,white,3,3.63,4.0,646,435,157,18,67.34,24.3,2.79
TR,Los Angeles,2010,first_gen_status,first_gen,1,0.33,3.25,161,69,52,17,42.86,32.3,10.56
TR,Los Angeles,2010,first_gen_status,first_gen,2,3.25,3.63,451,247,137,23,54.77,30.38,5.1
TR,Los Angeles,2010,first_gen_status,first_gen,3,3.63,4.0,766,493,195,22,64.36,25.46,2.87
TR,Los Angeles,2010,first_gen_status,not_first_gen,1,0.33,3.25,111,60,29,12,54.05,26.13,10.81
TR,Los Angeles,2010,first_gen_status,not_first_gen,2,3.25,3.63,507,293,133,26,57.79,26.23,5.13
TR,Los Angeles,2010,first_gen_status,not_first_gen,3,3.63,4.0,931,619,210,44,66.49,22.56,4.73
TR,Los Angeles,2010,overall,overall,1,0.33,3.25,290,141,83,30,48.62,28.62,10.34
TR,Los Angeles,2010,overall,overall,2,3.25,3.63,1042,586,297,54,56.24,28.5,5.18
TR,Los Angeles,2010,overall,overall,3,3.63,4.0,1899,1242,458,72,65.4,24.12,3.79
TR,Los Angeles,2010,pell_status,non_pell,1,0.33,3.25,84,48,19,8,57.14,22.62,9.52
TR,Los Angeles,2010,pell_status,non_pell,2,3.25,3.63,497,312,123,21,62.78,24.75,4.23
TR,Los Angeles,2010,pell_status,non_pell,3,3.63,4.0,1042,765,198,24,73.42,19.0,2.3
TR,Los Angeles,2010,pell_status,pell,1,0.33,3.25,206,93,64,22,45.15,31.07,10.68
TR,Los Angeles,2010,pell_status,pell,2,3.25,3.63,545,274,174,33,50.28,31.93,6.06
TR,Los Angeles,2010,pell_status,pell,3,3.63,4.0,857,477,260,48,55.66,30.34,5.6
TR,Los Angeles,2011,ethnicity,aian,1,0.31,3.27,1,1,0,0,100.0,0.0,0.0
TR,Los Angeles,2011,ethnicity,aian,2,3.27,3.63,8,4,3,1,50.0,37.5,12.5
TR,Los Angeles,2011,ethnicity,aian,3,3.63,4.0,11,8,2,0,72.73,18.18,0.0
TR,Los Angeles,2011,ethnicity,asian,1,0.31,3.27,51,29,15,3,56.86,29.41,5.88
TR,Los Angeles,2011,ethnicity,asian,2,3.27,3.63,279,147,97,11,52.69,34.77,3.94
TR,Los Angeles,2011,ethnicity,asian,3,3.63,4.0,584,364,159,24,62.33,27.23,4.11
TR,Los Angeles,2011,ethnicity,black,1,0.31,3.27,22,11,5,3,50.0,22.73,13.64
TR,Los Angeles,2011,ethnicity,black,2,3.27,3.63,45,23,11,3,51.11,24.44,6.67
TR,Los Angeles,2011,ethnicity,black,3,3.63,4.0,29,21,4,2,72.41,13.79,6.9
TR,Los Angeles,2011,ethnicity,hispanic_latino,1,0.31,3.27,74,36,24,6,48.65,32.43,8.11
TR,Los Angeles,2011,ethnicity,hispanic_latino,2,3.27,3.63,184,105,51,12,57.07,27.72,6.52
TR,Los Angeles,2011,ethnicity,hispanic_latino,3,3.63,4.0,253,176,53,11,69.57,20.95,4.35
TR,Los Angeles,2011,ethnicity,international,1,0.31,3.27,18,8,6,1,44.44,33.33,5.56
TR,Los Angeles,2011,ethnicity,international,2,3.27,3.63,89,56,20,4,62.92,22.47,4.49
TR,Los Angeles,2011,ethnicity,international,3,3.63,4.0,315,213,63,17,67.62,20.0,5.4
TR,Los Angeles,2011,ethnicity,white,1,0.31,3.27,87,54,14,6,62.07,16.09,6.9
TR,Los Angeles,2011,ethnicity,white,2,3.27,3.63,320,200,83,8,62.5,25.94,2.5
TR,Los Angeles,2011,ethnicity,white,3,3.63,4.0,652,461,148,14,70.71,22.7,2.15
TR,Los Angeles,2011,first_gen_status,first_gen,1,0.31,3.27,132,68,38,10,51.52,28.79,7.58
TR,Los Angeles,2011,first_gen_status,first_gen,2,3.27,3.63,426,239,125,22,56.1,29.34,5.16
TR,Los Angeles,2011,first_gen_status,first_gen,3,3.63,4.0,798,533,193,29,66.79,24.19,3.63
TR,Los Angeles,2011,first_gen_status,not_first_gen,1,0.31,3.27,123,70,29,8,56.91,23.58,6.5
TR,Los Angeles,2011,first_gen_status,not_first_gen,2,3.27,3.63,490,293,135,16,59.8,27.55,3.27
TR,Los Angeles,2011,first_gen_status,not_first_gen,3,3.63,4.0,1052,724,227,39,68.82,21.58,3.71
TR,Los Angeles,2011,overall,overall,1,0.31,3.27,266,144,67,19,54.14,25.19,7.14
TR,Los Angeles,2011,overall,overall,2,3.27,3.63,957,554,270,42,57.89,28.21,4.39
TR,Los Angeles,2011,overall,overall,3,3.63,4.0,1903,1289,438,68,67.74,23.02,3.57
TR,Los Angeles,2011,pell_status,non_pell,1,0.31,3.27,101,63,20,6,62.38,19.8,5.94
TR,Los Angeles,2011,pell_status,non_pell,2,3.27,3.63,447,284,112,20,63.53,25.06,4.47
TR,Los Angeles,2011,pell_status,non_pell,3,3.63,4.0,991,735,168,29,74.17,16.95,2.93
TR,Los Angeles,2011,pell_status,pell,1,0.31,3.27,165,81,47,13,49.09,28.48,7.88
TR,Los Angeles,2011,pell_status,pell,2,3.27,3.63,510,270,158,22,52.94,30.98,4.31
TR,Los Angeles,2011,pell_status,pell,3,3.63,4.0,912,554,270,39,60.75,29.61,4.28
TR,Los Angeles,2012,ethnicity,aian,1,0.3,3.3,2,0,2,0,0.0,100.0,0.0
TR,Los Angeles,2012,ethnicity,aian,2,3.3,3.65,6,4,0,0,66.67,0.0,0.0
TR,Los Angeles,2012,ethnicity,aian,3,3.65,4.0,11,7,1,1,63.64,9.09,9.09
TR,Los Angeles,2012,ethnicity,asian,1,0.3,3.3,75,38,28,3,50.67,37.33,4.0
TR,Los Angeles,2012,ethnicity,asian,2,3.3,3.65,302,177,81,9,58.61,26.82,2.98
TR,Los Angeles,2012,ethnicity,asian,3,3.65,4.0,551,340,162,13,61.71,29.4,2.36
TR,Los Angeles,2012,ethnicity,black,1,0.3,3.3,35,21,8,1,60.0,22.86,2.86
TR,Los Angeles,2012,ethnicity,black,2,3.3,3.65,36,17,14,1,47.22,38.89,2.78
TR,Los Angeles,2012,ethnicity,black,3,3.65,4.0,38,17,13,1,44.74,34.21,2.63
TR,Los Angeles,2012,ethnicity,hispanic_latino,1,0.3,3.3,86,49,23,6,56.98,26.74,6.98
TR,Los Angeles,2012,ethnicity,hispanic_latino,2,3.3,3.65,214,126,67,5,58.88,31.31,2.34
TR,Los Angeles,2012,ethnicity,hispanic_latino,3,3.65,4.0,228,144,64,5,63.16,28.07,2.19
TR,Los Angeles,2012,ethnicity,international,1,0.3,3.3,25,10,7,0,40.0,28.0,0.0
TR,Los Angeles,2012,ethnicity,international,2,3.3,3.65,110,69,23,5,62.73,20.91,4.55
TR,Los Angeles,2012,ethnicity,international,3,3.65,4.0,336,204,82,9,60.71,24.4,2.68
TR,Los Angeles,2012,ethnicity,white,1,0.3,3.3,74,48,15,4,64.86,20.27,5.41
TR,Los Angeles,2012,ethnicity,white,2,3.3,3.65,326,210,70,16,64.42,21.47,4.91
TR,Los Angeles,2012,ethnicity,white,3,3.65,4.0,612,431,136,13,70.42,22.22,2.12
TR,Los Angeles,2012,first_gen_status,first_gen,1,0.3,3.3,156,88,44,9,56.41,28.21,5.77
TR,Los Angeles,2012,first_gen_status,first_gen,2,3.3,3.65,478,283,140,15,59.21,29.29,3.14
TR,Los Angeles,2012,first_gen_status,first_gen,3,3.65,4.0,808,521,219,15,64.48,27.1,1.86
TR,Los Angeles,2012,first_gen_status,not_first_gen,1,0.3,3.3,137,78,40,3,56.93,29.2,2.19
TR,Los Angeles,2012,first_gen_status,not_first_gen,2,3.3,3.65,518,314,123,21,60.62,23.75,4.05
TR,Los Angeles,2012,first_gen_status,not_first_gen,3,3.65,4.0,988,641,244,26,64.88,24.7,2.63
TR,Los Angeles,2012,overall,overall,1,0.3,3.3,312,173,86,15,55.45,27.56,4.81
TR,Los Angeles,2012,overall,overall,2,3.3,3.65,1032,619,271,38,59.98,26.26,3.68
TR,Los Angeles,2012,overall,overall,3,3.65,4.0,1834,1182,475,42,64.45,25.9,2.29
TR,Los Angeles,2012,pell_status,non_pell,1,0.3,3.3,122,74,27,6,60.66,22.13,4.92
TR,Los Angeles,2012,pell_status,non_pell,2,3.3,3.65,430,287,87,15,66.74,20.23,3.49
TR,Los Angeles,2012,pell_status,non_pell,3,3.65,4.0,951,657,212,18,69.09,22.29,1.89
TR,Los Angeles,2012,pell_status,pell,1,0.3,3.3,190,99,59,9,52.11,31.05,4.74
TR,Los Angeles,2012,pell_status,pell,2,3.3,3.65,602,332,184,23,55.15,30.56,3.82
TR,Los Angeles,2012,pell_status,pell,3,3.65,4.0,883,525,263,24,59.46,29.78,2.72
TR,Los Angeles,2013,ethnicity,aian,1,0.32,3.31,7,3,2,0,42.86,28.57,0.0
TR,Los Angeles,2013,ethnicity,aian,2,3.31,3.66,5,4,1,0,80.0,20.0,0.0
TR,Los Angeles,2013,ethnicity,aian,3,3.66,4.0,5,4,1,0,80.0,20.0,0.0
TR,Los Angeles,2013,ethnicity,asian,1,0.32,3.31,61,38,11,6,62.3,18.03,9.84
TR,Los Angeles,2013,ethnicity,asian,2,3.31,3.66,237,142,59,6,59.92,24.89,2.53
TR,Los Angeles,2013,ethnicity,asian,3,3.66,4.0,421,277,111,9,65.8,26.37,2.14
TR,Los Angeles,2013,ethnicity,black,1,0.32,3.31,23,7,10,0,30.43,43.48,0.0
TR,Los Angeles,2013,ethnicity,black,2,3.31,3.66,30,21,7,0,70.0,23.33,0.0
TR,Los Angeles,2013,ethnicity,black,3,3.66,4.0,34,23,10,0,67.65,29.41,0.0
TR,Los Angeles,2013,ethnicity,hispanic_latino,1,0.32,3.31,96,58,24,3,60.42,25.0,3.12
TR,Los Angeles,2013,ethnicity,hispanic_latino,2,3.31,3.66,226,123,71,9,54.42,31.42,3.98
TR,Los Angeles,2013,ethnicity,hispanic_latino,3,3.66,4.0,239,150,57,8,62.76,23.85,3.35
TR,Los Angeles,2013,ethnicity,international,1,0.32,3.31,21,14,5,0,66.67,23.81,0.0
TR,Los Angeles,2013,ethnicity,international,2,3.31,3.66,84,59,13,5,70.24,15.48,5.95
TR,Los Angeles,2013,ethnicity,international,3,3.66,4.0,358,263,58,7,73.46,16.2,1.96
TR,Los Angeles,2013,ethnicity,white,1,0.32,3.31,70,40,21,2,57.14,30.0,2.86
TR,Los Angeles,2013,ethnicity,white,2,3.31,3.66,281,194,55,7,69.04,19.57,2.49
TR,Los Angeles,2013,ethnicity,white,3,3.66,4.0,539,385,116,12,71.43,21.52,2.23
TR,Los Angeles,2013,first_gen_status,first_gen,1,0.32,3.31,157,92,40,4,58.6,25.48,2.55
TR,Los Angeles,2013,first_gen_status,first_gen,2,3.31,3.66,449,279,111,13,62.14,24.72,2.9
TR,Los Angeles,2013,first_gen_status,first_gen,3,3.66,4.0,703,481,163,11,68.42,23.19,1.56
TR,Los Angeles,2013,first_gen_status,not_first_gen,1,0.32,3.31,124,67,36,7,54.03,29.03,5.65
TR,Los Angeles,2013,first_gen_status,not_first_gen,2,3.31,3.66,412,267,93,14,64.81,22.57,3.4
TR,Los Angeles,2013,first_gen_status,not_first_gen,3,3.66,4.0,903,630,195,23,69.77,21.59,2.55
TR,Los Angeles,2013,overall,overall,1,0.32,3.31,290,166,77,11,57.24,26.55,3.79
TR,Los Angeles,2013,overall,overall,2,3.31,3.66,893,564,211,29,63.16,23.63,3.25
TR,Los Angeles,2013,overall,overall,3,3.66,4.0,1642,1137,363,37,69.24,22.11,2.25
TR,Los Angeles,2013,pell_status,non_pell,1,0.32,3.31,111,68,29,3,61.26,26.13,2.7
TR,Los Angeles,2013,pell_status,non_pell,2,3.31,3.66,388,276,74,8,71.13,19.07,2.06
TR,Los Angeles,2013,pell_status,non_pell,3,3.66,4.0,929,684,173,21,73.63,18.62,2.26
TR,Los Angeles,2013,pell_status,pell,1,0.32,3.31,179,98,48,8,54.75,26.82,4.47
TR,Los Angeles,2013,pell_status,pell,2,3.31,3.66,505,288,137,21,57.03,27.13,4.16
TR,Los Angeles,2013,pell_status,pell,3,3.66,4.0,713,453,190,16,63.53,26.65,2.24
TR,Los Angeles,2014,ethnicity,aian,1,0.82,3.34,4,2,1,0,50.0,25.0,0.0
TR,Los Angeles,2014,ethnicity,aian,2,3.34,3.68,12,8,2,0,66.67,16.67,0.0
TR,Los Angeles,2014,ethnicity,aian,3,3.68,4.0,8,4,2,1,50.0,25.0,12.5
TR,Los Angeles,2014,ethnicity,asian,1,0.82,3.34,82,37,24,6,45.12,29.27,7.32
TR,Los Angeles,2014,ethnicity,asian,2,3.34,3.68,228,137,68,5,60.09,29.82,2.19
TR,Los Angeles,2014,ethnicity,asian,3,3.68,4.0,482,333,113,13,69.09,23.44,2.7
TR,Los Angeles,2014,ethnicity,black,1,0.82,3.34,48,20,20,2,41.67,41.67,4.17
TR,Los Angeles,2014,ethnicity,black,2,3.34,3.68,45,29,11,2,64.44,24.44,4.44
TR,Los Angeles,2014,ethnicity,black,3,3.68,4.0,43,31,9,0,72.09,20.93,0.0
TR,Los Angeles,2014,ethnicity,hispanic_latino,1,0.82,3.34,135,61,58,3,45.19,42.96,2.22
TR,Los Angeles,2014,ethnicity,hispanic_latino,2,3.34,3.68,329,214,83,8,65.05,25.23,2.43
TR,Los Angeles,2014,ethnicity,hispanic_latino,3,3.68,4.0,224,140,59,10,62.5,26.34,4.46
TR,Los Angeles,2014,ethnicity,international,1,0.82,3.34,26,11,9,2,42.31,34.62,7.69
TR,Los Angeles,2014,ethnicity,international,2,3.34,3.68,104,63,21,4,60.58,20.19,3.85
TR,Los Angeles,2014,ethnicity,international,3,3.68,4.0,353,264,50,11,74.79,14.16,3.12
TR,Los Angeles,2014,ethnicity,white,1,0.82,3.34,109,68,23,4,62.39,21.1,3.67
TR,Los Angeles,2014,ethnicity,white,2,3.34,3.68,289,188,71,7,65.05,24.57,2.42
TR,Los Angeles,2014,ethnicity,white,3,3.68,4.0,559,404,119,10,72.27,21.29,1.79
TR,Los Angeles,2014,first_gen_status,first_gen,1,0.82,3.34,243,122,83,9,50.21,34.16,3.7
TR,Los Angeles,2014,first_gen_status,first_gen,2,3.34,3.68,553,350,137,17,63.29,24.77,3.07
TR,Los Angeles,2014,first_gen_status,first_gen,3,3.68,4.0,742,529,144,19,71.29,19.41,2.56
TR,Los Angeles,2014,first_gen_status,not_first_gen,1,0.82,3.34,158,78,48,9,49.37,30.38,5.7
TR,Los Angeles,2014,first_gen_status,not_first_gen,2,3.34,3.68,461,297,120,9,64.43,26.03,1.95
TR,Los Angeles,2014,first_gen_status,not_first_gen,3,3.68,4.0,907,640,202,22,70.56,22.27,2.43
TR,Los Angeles,2014,overall,overall,1,0.82,3.34,416,206,138,18,49.52,33.17,4.33
TR,Los Angeles,2014,overall,overall,2,3.34,3.68,1038,662,263,27,63.78,25.34,2.6
TR,Los Angeles,2014,overall,overall,3,3.68,4.0,1713,1205,364,46,70.34,21.25,2.69
TR,Los Angeles,2014,pell_status,non_pell,1,0.82,3.34,124,67,40,5,54.03,32.26,4.03
TR,Los Angeles,2014,pell_status,non_pell,2,3.34,3.68,438,308,85,9,70.32,19.41,2.05
TR,Los Angeles,2014,pell_status,non_pell,3,3.68,4.0,894,670,157,19,74.94,17.56,2.13
TR,Los Angeles,2014,pell_status,pell,1,0.82,3.34,292,139,98,13,47.6,33.56,4.45
TR,Los Angeles,2014,pell_status,pell,2,3.34,3.68,600,354,178,18,59.0,29.67,3.0
TR,Los Angeles,2014,pell_status,pell,3,3.68,4.0,819,535,207,27,65.32,25.27,3.3
TR,Los Angeles,2015,ethnicity,aian,1,1.4,3.34,5,3,0,1,60.0,0.0,20.0
TR,Los Angeles,2015,ethnicity,aian,2,3.34,3.68,8,5,2,0,62.5,25.0,0.0
TR,Los Angeles,2015,ethnicity,aian,3,3.68,4.0,7,3,4,0,42.86,57.14,0.0
TR,Los Angeles,2015,ethnicity,asian,1,1.4,3.34,56,35,14,3,62.5,25.0,5.36
TR,Los Angeles,2015,ethnicity,asian,2,3.34,3.68,239,159,51,7,66.53,21.34,2.93
TR,Los Angeles,2015,ethnicity,asian,3,3.68,4.0,473,324,118,12,68.5,24.95,2.54
TR,Los Angeles,2015,ethnicity,black,1,1.4,3.34,36,14,8,3,38.89,22.22,8.33
TR,Los Angeles,2015,ethnicity,black,2,3.34,3.68,63,41,13,1,65.08,20.63,1.59
TR,Los Angeles,2015,ethnicity,black,3,3.68,4.0,39,22,10,2,56.41,25.64,5.13
TR,Los Angeles,2015,ethnicity,hispanic_latino,1,1.4,3.34,131,76,25,5,58.02,19.08,3.82
TR,Los Angeles,2015,ethnicity,hispanic_latino,2,3.34,3.68,278,181,62,9,65.11,22.3,3.24
TR,Los Angeles,2015,ethnicity,hispanic_latino,3,3.68,4.0,285,199,61,5,69.82,21.4,1.75
TR,Los Angeles,2015,ethnicity,international,1,1.4,3.34,7,3,1,0,42.86,14.29,0.0
TR,Los Angeles,2015,ethnicity,international,2,3.34,3.68,96,59,22,2,61.46,22.92,2.08
TR,Los Angeles,2015,ethnicity,international,3,3.68,4.0,369,267,56,10,72.36,15.18,2.71
TR,Los Angeles,2015,ethnicity,white,1,1.4,3.34,60,35,14,2,58.33,23.33,3.33
TR,Los Angeles,2015,ethnicity,white,2,3.34,3.68,309,227,53,7,73.46,17.15,2.27
TR,Los Angeles,2015,ethnicity,white,3,3.68,4.0,551,412,105,16,74.77,19.06,2.9
TR,Los Angeles,2015,first_gen_status,first_gen,1,1.4,3.34,170,96,37,7,56.47,21.76,4.12
TR,Los Angeles,2015,first_gen_status,first_gen,2,3.34,3.68,529,356,110,13,67.3,20.79,2.46
TR,Los Angeles,2015,first_gen_status,first_gen,3,3.68,4.0,784,559,154,22,71.3,19.64,2.81
TR,Los Angeles,2015,first_gen_status,not_first_gen,1,1.4,3.34,112,63,21,5,56.25,18.75,4.46
TR,Los Angeles,2015,first_gen_status,not_first_gen,2,3.34,3.68,443,305,88,11,68.85,19.86,2.48
TR,Los Angeles,2015,first_gen_status,not_first_gen,3,3.68,4.0,944,679,190,25,71.93,20.13,2.65
TR,Los Angeles,2015,overall,overall,1,1.4,3.34,299,168,64,14,56.19,21.4,4.68
TR,Los Angeles,2015,overall,overall,2,3.34,3.68,1015,684,211,27,67.39,20.79,2.66
TR,Los Angeles,2015,overall,overall,3,3.68,4.0,1794,1279,363,49,71.29,20.23,2.73
TR,Los Angeles,2015,pell_status,non_pell,1,1.4,3.34,89,59,12,3,66.29,13.48,3.37
TR,Los Angeles,2015,pell_status,non_pell,2,3.34,3.68,449,315,88,10,70.16,19.6,2.23
TR,Los Angeles,2015,pell_status,non_pell,3,3.68,4.0,990,734,172,20,74.14,17.37,2.02
TR,Los Angeles,2015,pell_status,pell,1,1.4,3.34,210,109,52,11,51.9,24.76,5.24
TR,Los Angeles,2015,pell_status,pell,2,3.34,3.68,566,369,123,17,65.19,21.73,3.0
TR,Los Angeles,2015,pell_status,pell,3,3.68,4.0,804,545,191,29,67.79,23.76,3.61
TR,Los Angeles,2016,ethnicity,aian,1,0.36,3.33,3,2,1,0,66.67,33.33,0.0
TR,Los Angeles,2016,ethnicity,aian,2,3.33,3.68,9,7,0,0,77.78,0.0,0.0
TR,Los Angeles,2016,ethnicity,aian,3,3.68,4.0,5,4,1,0,80.0,20.0,0.0
TR,Los Angeles,2016,ethnicity,asian,1,0.36,3.33,49,33,11,2,67.35,22.45,4.08
TR,Los Angeles,2016,ethnicity,asian,2,3.33,3.68,247,158,64,6,63.97,25.91,2.43
TR,Los Angeles,2016,ethnicity,asian,3,3.68,4.0,552,359,147,15,65.04,26.63,2.72
TR,Los Angeles,2016,ethnicity,black,1,0.36,3.33,48,24,17,4,50.0,35.42,8.33
TR,Los Angeles,2016,ethnicity,black,2,3.33,3.68,70,46,14,3,65.71,20.0,4.29
TR,Los Angeles,2016,ethnicity,black,3,3.68,4.0,49,33,13,2,67.35,26.53,4.08
TR,Los Angeles,2016,ethnicity,hispanic_latino,1,0.36,3.33,122,82,23,2,67.21,18.85,1.64
TR,Los Angeles,2016,ethnicity,hispanic_latino,2,3.33,3.68,287,195,60,6,67.94,20.91,2.09
TR,Los Angeles,2016,ethnicity,hispanic_latino,3,3.68,4.0,303,209,65,8,68.98,21.45,2.64
TR,Los Angeles,2016,ethnicity,international,1,0.36,3.33,5,3,0,0,60.0,0.0,0.0
TR,Los Angeles,2016,ethnicity,international,2,3.33,3.68,93,70,13,0,75.27,13.98,0.0
TR,Los Angeles,2016,ethnicity,international,3,3.68,4.0,398,286,73,14,71.86,18.34,3.52
TR,Los Angeles,2016,ethnicity,white,1,0.36,3.33,75,52,15,3,69.33,20.0,4.0
TR,Los Angeles,2016,ethnicity,white,2,3.33,3.68,310,219,60,5,70.65,19.35,1.61
TR,Los Angeles,2016,ethnicity,white,3,3.68,4.0,634,460,129,18,72.56,20.35,2.84
TR,Los Angeles,2016,first_gen_status,first_gen,1,0.36,3.33,160,106,33,4,66.25,20.62,2.5
TR,Los Angeles,2016,first_gen_status,first_gen,2,3.33,3.68,528,361,105,12,68.37,19.89,2.27
TR,Los Angeles,2016,first_gen_status,first_gen,3,3.68,4.0,838,579,188,25,69.09,22.43,2.98
TR,Los Angeles,2016,first_gen_status,not_first_gen,1,0.36,3.33,127,81,28,7,63.78,22.05,5.51
TR,Los Angeles,2016,first_gen_status,not_first_gen,2,3.33,3.68,477,332,99,8,69.6,20.75,1.68
TR,Los Angeles,2016,first_gen_status,not_first_gen,3,3.68,4.0,1085,769,233,28,70.88,21.47,2.58
TR,Los Angeles,2016,overall,overall,1,0.36,3.33,311,202,68,11,64.95,21.86,3.54
TR,Los Angeles,2016,overall,overall,2,3.33,3.68,1043,712,218,22,68.26,20.9,2.11
TR,Los Angeles,2016,overall,overall,3,3.68,4.0,1993,1391,437,58,69.79,21.93,2.91
TR,Los Angeles,2016,pell_status,non_pell,1,0.36,3.33,111,76,22,1,68.47,19.82,0.9
TR,Los Angeles,2016,pell_status,non_pell,2,3.33,3.68,468,333,93,6,71.15,19.87,1.28
TR,Los Angeles,2016,pell_status,non_pell,3,3.68,4.0,1140,850,203,29,74.56,17.81,2.54
TR,Los Angeles,2016,pell_status,pell,1,0.36,3.33,200,126,46,10,63.0,23.0,5.0
TR,Los Angeles,2016,pell_status,pell,2,3.33,3.68,575,379,125,16,65.91,21.74,2.78
TR,Los Angeles,2016,pell_status,pell,3,3.68,4.0,853,541,234,29,63.42,27.43,3.4
TR,Los Angeles,2017,ethnicity,aian,1,0.3,3.33,7,4,3,0,57.14,42.86,0.0
TR,Los Angeles,2017,ethnicity,aian,2,3.33,3.69,4,2,2,0,50.0,50.0,0.0
TR,Los Angeles,2017,ethnicity,aian,3,3.69,4.0,5,4,1,0,80.0,20.0,0.0
TR,Los Angeles,2017,ethnicity,asian,1,0.3,3.33,50,35,10,1,70.0,20.0,2.0
TR,Los Angeles,2017,ethnicity,asian,2,3.33,3.69,214,148,42,4,69.16,19.63,1.87
TR,Los Angeles,2017,ethnicity,asian,3,3.69,4.0,515,354,124,9,68.74,24.08,1.75
TR,Los Angeles,2017,ethnicity,black,1,0.3,3.33,34,20,6,0,58.82,17.65,0.0
TR,Los Angeles,2017,ethnicity,black,2,3.33,3.69,75,42,23,3,56.0,30.67,4.0
TR,Los Angeles,2017,ethnicity,black,3,3.69,4.0,66,47,13,1,71.21,19.7,1.52
TR,Los Angeles,2017,ethnicity,hispanic_latino,1,0.3,3.33,98,56,29,2,57.14,29.59,2.04
TR,Los Angeles,2017,ethnicity,hispanic_latino,2,3.33,3.69,276,186,55,7,67.39,19.93,2.54
TR,Los Angeles,2017,ethnicity,hispanic_latino,3,3.69,4.0,339,254,53,13,74.93,15.63,3.83
TR,Los Angeles,2017,ethnicity,international,1,0.3,3.33,13,7,6,0,53.85,46.15,0.0
TR,Los Angeles,2017,ethnicity,international,2,3.33,3.69,75,56,9,0,74.67,12.0,0.0
TR,Los Angeles,2017,ethnicity,international,3,3.69,4.0,388,291,64,6,75.0,16.49,1.55
TR,Los Angeles,2017,ethnicity,white,1,0.3,3.33,44,34,3,2,77.27,6.82,4.55
TR,Los Angeles,2017,ethnicity,white,2,3.33,3.69,239,165,47,9,69.04,19.67,3.77
TR,Los Angeles,2017,ethnicity,white,3,3.69,4.0,633,492,100,11,77.73,15.8,1.74
TR,Los Angeles,2017,first_gen_status,first_gen,1,0.3,3.33,151,91,41,2,60.26,27.15,1.32
TR,Los Angeles,2017,first_gen_status,first_gen,2,3.33,3.69,471,314,96,10,66.67,20.38,2.12
TR,Los Angeles,2017,first_gen_status,first_gen,3,3.69,4.0,881,640,164,18,72.64,18.62,2.04
TR,Los Angeles,2017,first_gen_status,not_first_gen,1,0.3,3.33,84,58,12,3,69.05,14.29,3.57
TR,Los Angeles,2017,first_gen_status,not_first_gen,2,3.33,3.69,395,277,76,12,70.13,19.24,3.04
TR,Los Angeles,2017,first_gen_status,not_first_gen,3,3.69,4.0,1045,782,191,21,74.83,18.28,2.01
TR,Los Angeles,2017,overall,overall,1,0.3,3.33,256,161,60,5,62.89,23.44,1.95
TR,Los Angeles,2017,overall,overall,2,3.33,3.69,901,611,180,23,67.81,19.98,2.55
TR,Los Angeles,2017,overall,overall,3,3.69,4.0,2011,1486,366,43,73.89,18.2,2.14
TR,Los Angeles,2017,pell_status,non_pell,1,0.3,3.33,88,58,20,2,65.91,22.73,2.27
TR,Los Angeles,2017,pell_status,non_pell,2,3.33,3.69,358,252,61,9,70.39,17.04,2.51
TR,Los Angeles,2017,pell_status,non_pell,3,3.69,4.0,1121,869,171,22,77.52,15.25,1.96
TR,Los Angeles,2017,pell_status,pell,1,0.3,3.33,168,103,40,3,61.31,23.81,1.79
TR,Los Angeles,2017,pell_status,pell,2,3.33,3.69,543,359,119,14,66.11,21.92,2.58
TR,Los Angeles,2017,pell_status,pell,3,3.69,4.0,890,617,195,21,69.33,21.91,2.36
TR,Los Angeles,2018,ethnicity,aian,1,0.32,3.34,1,1,0,0,100.0,0.0,0.0
TR,Los Angeles,2018,ethnicity,aian,2,3.34,3.7,13,7,5,0,53.85,38.46,0.0
TR,Los Angeles,2018,ethnicity,aian,3,3.7,4.0,6,3,0,0,50.0,0.0,0.0
TR,Los Angeles,2018,ethnicity,asian,1,0.32,3.34,25,18,4,1,72.0,16.0,4.0
TR,Los Angeles,2018,ethnicity,asian,2,3.34,3.7,170,119,33,8,70.0,19.41,4.71
TR,Los Angeles,2018,ethnicity,asian,3,3.7,4.0,602,421,144,12,69.93,23.92,1.99
TR,Los Angeles,2018,ethnicity,black,1,0.32,3.34,28,18,8,0,64.29,28.57,0.0
TR,Los Angeles,2018,ethnicity,black,2,3.34,3.7,102,68,25,2,66.67,24.51,1.96
TR,Los Angeles,2018,ethnicity,black,3,3.7,4.0,51,35,8,1,68.63,15.69,1.96
TR,Los Angeles,2018,ethnicity,hispanic_latino,1,0.32,3.34,66,46,12,2,69.7,18.18,3.03
TR,Los Angeles,2018,ethnicity,hispanic_latino,2,3.34,3.7,296,201,63,5,67.91,21.28,1.69
TR,Los Angeles,2018,ethnicity,hispanic_latino,3,3.7,4.0,426,311,73,8,73.0,17.14,1.88
TR,Los Angeles,2018,ethnicity,international,1,0.32,3.34,3,1,0,1,33.33,0.0,33.33
TR,Los Angeles,2018,ethnicity,international,2,3.34,3.7,60,50,2,1,83.33,3.33,1.67
TR,Los Angeles,2018,ethnicity,international,3,3.7,4.0,477,357,80,6,74.84,16.77,1.26
TR,Los Angeles,2018,ethnicity,white,1,0.32,3.34,40,29,6,2,72.5,15.0,5.0
TR,Los Angeles,2018,ethnicity,white,2,3.34,3.7,244,189,35,2,77.46,14.34,0.82
TR,Los Angeles,2018,ethnicity,white,3,3.7,4.0,729,580,111,10,79.56,15.23,1.37
TR,Los Angeles,2018,first_gen_status,first_gen,1,0.32,3.34,101,74,19,1,73.27,18.81,0.99
TR,Los Angeles,2018,first_gen_status,first_gen,2,3.34,3.7,494,342,105,9,69.23,21.26,1.82
TR,Los Angeles,2018,first_gen_status,first_gen,3,3.7,4.0,1002,734,189,17,73.25,18.86,1.7
TR,Los Angeles,2018,first_gen_status,not_first_gen,1,0.32,3.34,54,36,9,4,66.67,16.67,7.41
TR,Los Angeles,2018,first_gen_status,not_first_gen,2,3.34,3.7,379,284,57,10,74.93,15.04,2.64
TR,Los Angeles,2018,first_gen_status,not_first_gen,3,3.7,4.0,1263,955,224,19,75.61,17.74,1.5
TR,Los Angeles,2018,overall,overall,1,0.32,3.34,174,117,35,7,67.24,20.11,4.02
TR,Los Angeles,2018,overall,overall,2,3.34,3.7,903,646,166,21,71.54,18.38,2.33
TR,Los Angeles,2018,overall,overall,3,3.7,4.0,2351,1750,429,40,74.44,18.25,1.7
TR,Los Angeles,2018,pell_status,non_pell,1,0.32,3.34,56,35,11,3,62.5,19.64,5.36
TR,Los Angeles,2018,pell_status,non_pell,2,3.34,3.7,389,308,44,10,79.18,11.31,2.57
TR,Los Angeles,2018,pell_status,non_pell,3,3.7,4.0,1409,1097,224,22,77.86,15.9,1.56
TR,Los Angeles,2018,pell_status,pell,1,0.32,3.34,118,82,24,4,69.49,20.34,3.39
TR,Los Angeles,2018,pell_status,pell,2,3.34,3.7,514,338,122,11,65.76,23.74,2.14
TR,Los Angeles,2018,pell_status,pell,3,3.7,4.0,942,653,205,18,69.32,21.76,1.91
TR,Los Angeles,2019,ethnicity,aian,1,0.32,3.38,2,2,0,0,100.0,0.0,0.0
TR,Los Angeles,2019,ethnicity,aian,2,3.38,3.73,4,2,0,0,50.0,0.0,0.0
TR,Los Angeles,2019,ethnicity,aian,3,3.73,4.0,8,6,2,0,75.0,25.0,0.0
TR,Los Angeles,2019,ethnicity,asian,1,0.32,3.38,13,6,5,1,46.15,38.46,7.69
TR,Los Angeles,2019,ethnicity,asian,2,3.38,3.73,161,117,32,5,72.67,19.88,3.11
TR,Los Angeles,2019,ethnicity,asian,3,3.73,4.0,576,430,110,7,74.65,19.1,1.22
TR,Los Angeles,2019,ethnicity,black,1,0.32,3.38,28,18,3,4,64.29,10.71,14.29
TR,Los Angeles,2019,ethnicity,black,2,3.38,3.73,80,64,10,1,80.0,12.5,1.25
TR,Los Angeles,2019,ethnicity,black,3,3.73,4.0,63,48,7,1,76.19,11.11,1.59
TR,Los Angeles,2019,ethnicity,hispanic_latino,1,0.32,3.38,55,30,16,4,54.55,29.09,7.27
TR,Los Angeles,2019,ethnicity,hispanic_latino,2,3.38,3.73,269,190,44,8,70.63,16.36,2.97
TR,Los Angeles,2019,ethnicity,hispanic_latino,3,3.73,4.0,387,300,53,3,77.52,13.7,0.78
TR,Los Angeles,2019,ethnicity,international,1,0.32,3.38,3,2,1,0,66.67,33.33,0.0
TR,Los Angeles,2019,ethnicity,international,2,3.38,3.73,50,36,6,0,72.0,12.0,0.0
TR,Los Angeles,2019,ethnicity,international,3,3.73,4.0,431,335,59,11,77.73,13.69,2.55
TR,Los Angeles,2019,ethnicity,white,1,0.32,3.38,16,8,6,1,50.0,37.5,6.25
TR,Los Angeles,2019,ethnicity,white,2,3.38,3.73,234,173,36,6,73.93,15.38,2.56
TR,Los Angeles,2019,ethnicity,white,3,3.73,4.0,788,636,110,9,80.71,13.96,1.14
TR,Los Angeles,2019,first_gen_status,first_gen,1,0.32,3.38,80,48,17,8,60.0,21.25,10.0
TR,Los Angeles,2019,first_gen_status,first_gen,2,3.38,3.73,443,331,64,11,74.72,14.45,2.48
TR,Los Angeles,2019,first_gen_status,first_gen,3,3.73,4.0,952,744,136,13,78.15,14.29,1.37
TR,Los Angeles,2019,first_gen_status,not_first_gen,1,0.32,3.38,35,16,13,2,45.71,37.14,5.71
TR,Los Angeles,2019,first_gen_status,not_first_gen,2,3.38,3.73,346,241,65,8,69.65,18.79,2.31
TR,Los Angeles,2019,first_gen_status,not_first_gen,3,3.73,4.0,1285,984,219,19,76.58,17.04,1.48
TR,Los Angeles,2019,overall,overall,1,0.32,3.38,126,70,32,12,55.56,25.4,9.52
TR,Los Angeles,2019,overall,overall,2,3.38,3.73,827,601,133,21,72.67,16.08,2.54
TR,Los Angeles,2019,overall,overall,3,3.73,4.0,2330,1806,360,32,77.51,15.45,1.37
TR,Los Angeles,2019,pell_status,non_pell,1,0.32,3.38,35,21,10,0,60.0,28.57,0.0
TR,Los Angeles,2019,pell_status,non_pell,2,3.38,3.73,356,268,59,8,75.28,16.57,2.25
TR,Los Angeles,2019,pell_status,non_pell,3,3.73,4.0,1404,1098,215,18,78.21,15.31,1.28
TR,Los Angeles,2019,pell_status,pell,1,0.32,3.38,91,49,22,12,53.85,24.18,13.19
TR,Los Angeles,2019,pell_status,pell,2,3.38,3.73,471,333,74,13,70.7,15.71,2.76
TR,Los Angeles,2019,pell_status,pell,3,3.73,4.0,926,708,145,14,76.46,15.66,1.51
TR,Los Angeles,2020,ethnicity,aian,1,1.25,3.39,5,4,1,0,80.0,20.0,0.0
TR,Los Angeles,2020,ethnicity,aian,2,3.39,3.74,6,1,3,0,16.67,50.0,0.0
TR,Los Angeles,2020,ethnicity,aian,3,3.74,4.0,14,9,5,0,64.29,35.71,0.0
TR,Los Angeles,2020,ethnicity,asian,1,1.25,3.39,29,20,3,2,68.97,10.34,6.9
TR,Los Angeles,2020,ethnicity,asian,2,3.39,3.74,251,171,56,6,68.13,22.31,2.39
TR,Los Angeles,2020,ethnicity,asian,3,3.74,4.0,679,496,145,9,73.05,21.35,1.33
TR,Los Angeles,2020,ethnicity,black,1,1.25,3.39,29,12,9,2,41.38,31.03,6.9
TR,Los Angeles,2020,ethnicity,black,2,3.39,3.74,97,64,18,1,65.98,18.56,1.03
TR,Los Angeles,2020,ethnicity,black,3,3.74,4.0,78,62,10,3,79.49,12.82,3.85
TR,Los Angeles,2020,ethnicity,hispanic_latino,1,1.25,3.39,94,58,21,0,61.7,22.34,0.0
TR,Los Angeles,2020,ethnicity,hispanic_latino,2,3.39,3.74,316,225,49,5,71.2,15.51,1.58
TR,Los Angeles,2020,ethnicity,hispanic_latino,3,3.74,4.0,424,331,57,7,78.07,13.44,1.65
TR,Los Angeles,2020,ethnicity,international,1,1.25,3.39,8,4,3,1,50.0,37.5,12.5
TR,Los Angeles,2020,ethnicity,international,2,3.39,3.74,90,57,23,3,63.33,25.56,3.33
TR,Los Angeles,2020,ethnicity,international,3,3.74,4.0,481,358,70,13,74.43,14.55,2.7
TR,Los Angeles,2020,ethnicity,white,1,1.25,3.39,41,32,4,2,78.05,9.76,4.88
TR,Los Angeles,2020,ethnicity,white,2,3.39,3.74,275,215,31,8,78.18,11.27,2.91
TR,Los Angeles,2020,ethnicity,white,3,3.74,4.0,749,597,107,14,79.71,14.29,1.87
TR,Los Angeles,2020,first_gen_status,first_gen,1,1.25,3.39,125,72,28,5,57.6,22.4,4.0
TR,Los Angeles,2020,first_gen_status,first_gen,2,3.39,3.74,557,397,88,13,71.27,15.8,2.33
TR,Los Angeles,2020,first_gen_status,first_gen,3,3.74,4.0,957,746,147,18,77.95,15.36,1.88
TR,Los Angeles,2020,first_gen_status,not_first_gen,1,1.25,3.39,78,55,13,2,70.51,16.67,2.56
TR,Los Angeles,2020,first_gen_status,not_first_gen,2,3.39,3.74,480,340,90,11,70.83,18.75,2.29
TR,Los Angeles,2020,first_gen_status,not_first_gen,3,3.74,4.0,1492,1130,251,27,75.74,16.82,1.81
TR,Los Angeles,2020,overall,overall,1,1.25,3.39,208,132,41,7,63.46,19.71,3.37
TR,Los Angeles,2020,overall,overall,2,3.39,3.74,1071,759,186,24,70.87,17.37,2.24
TR,Los Angeles,2020,overall,overall,3,3.74,4.0,2509,1916,409,48,76.37,16.3,1.91
TR,Los Angeles,2020,pell_status,non_pell,1,1.25,3.39,71,43,14,3,60.56,19.72,4.23
TR,Los Angeles,2020,pell_status,non_pell,2,3.39,3.74,529,392,80,11,74.1,15.12,2.08
TR,Los Angeles,2020,pell_status,non_pell,3,3.74,4.0,1555,1194,239,34,76.78,15.37,2.19
TR,Los Angeles,2020,pell_status,pell,1,1.25,3.39,137,89,27,4,64.96,19.71,2.92
TR,Los Angeles,2020,pell_status,pell,2,3.39,3.74,542,367,106,13,67.71,19.56,2.4
TR,Los Angeles,2020,pell_status,pell,3,3.74,4.0,954,722,170,14,75.68,17.82,1.47
TR,Los Angeles,2021,ethnicity,aian,1,1.0,3.5,2,1,1,0,50.0,50.0,0.0
TR,Los Angeles,2021,ethnicity,aian,2,3.5,3.82,9,5,1,1,55.56,11.11,11.11
TR,Los Angeles,2021,ethnicity,aian,3,3.82,4.0,12,10,1,0,83.33,8.33,0.0
TR,Los Angeles,2021,ethnicity,asian,1,1.0,3.5,13,8,0,0,61.54,0.0,0.0
TR,Los Angeles,2021,ethnicity,asian,2,3.5,3.82,196,135,45,3,68.88,22.96,1.53
TR,Los Angeles,2021,ethnicity,asian,3,3.82,4.0,677,524,101,12,77.4,14.92,1.77
TR,Los Angeles,2021,ethnicity,black,1,1.0,3.5,30,20,4,1,66.67,13.33,3.33
TR,Los Angeles,2021,ethnicity,black,2,3.5,3.82,87,60,16,3,68.97,18.39,3.45
TR,Los Angeles,2021,ethnicity,black,3,3.82,4.0,82,53,22,1,64.63,26.83,1.22
TR,Los Angeles,2021,ethnicity,hispanic_latino,1,1.0,3.5,63,40,10,3,63.49,15.87,4.76
TR,Los Angeles,2021,ethnicity,hispanic_latino,2,3.5,3.82,338,244,58,7,72.19,17.16,2.07
TR,Los Angeles,2021,ethnicity,hispanic_latino,3,3.82,4.0,424,338,49,10,79.72,11.56,2.36
TR,Los Angeles,2021,ethnicity,international,1,1.0,3.5,5,2,1,1,40.0,20.0,20.0
TR,Los Angeles,2021,ethnicity,international,2,3.5,3.82,55,39,8,0,70.91,14.55,0.0
TR,Los Angeles,2021,ethnicity,international,3,3.82,4.0,398,306,53,12,76.88,13.32,3.02
TR,Los Angeles,2021,ethnicity,white,1,1.0,3.5,27,23,4,0,85.19,14.81,0.0
TR,Los Angeles,2021,ethnicity,white,2,3.5,3.82,203,165,26,3,81.28,12.81,1.48
TR,Los Angeles,2021,ethnicity,white,3,3.82,4.0,742,609,97,9,82.08,13.07,1.21
TR,Los Angeles,2021,first_gen_status,first_gen,1,1.0,3.5,86,56,15,4,65.12,17.44,4.65
TR,Los Angeles,2021,first_gen_status,first_gen,2,3.5,3.82,484,345,84,8,71.28,17.36,1.65
TR,Los Angeles,2021,first_gen_status,first_gen,3,3.82,4.0,896,705,123,21,78.68,13.73,2.34
TR,Los Angeles,2021,first_gen_status,not_first_gen,1,1.0,3.5,54,38,5,1,70.37,9.26,1.85
TR,Los Angeles,2021,first_gen_status,not_first_gen,2,3.5,3.82,398,294,72,8,73.87,18.09,2.01
TR,Los Angeles,2021,first_gen_status,not_first_gen,3,3.82,4.0,1413,1112,198,24,78.7,14.01,1.7
TR,Los Angeles,2021,overall,overall,1,1.0,3.5,142,95,20,5,66.9,14.08,3.52
TR,Los Angeles,2021,overall,overall,2,3.5,3.82,906,655,160,17,72.3,17.66,1.88
TR,Los Angeles,2021,overall,overall,3,3.82,4.0,2398,1894,327,47,78.98,13.64,1.96
TR,Los Angeles,2021,pell_status,non_pell,1,1.0,3.5,57,39,8,1,68.42,14.04,1.75
TR,Los Angeles,2021,pell_status,non_pell,2,3.5,3.82,423,318,70,6,75.18,16.55,1.42
TR,Los Angeles,2021,pell_status,non_pell,3,3.82,4.0,1491,1194,187,29,80.08,12.54,1.95
TR,Los Angeles,2021,pell_status,pell,1,1.0,3.5,85,56,12,4,65.88,14.12,4.71
TR,Los Angeles,2021,pell_status,pell,2,3.5,3.82,483,337,90,11,69.77,18.63,2.28
TR,Los Angeles,2021,pell_status,pell,3,3.82,4.0,907,700,140,18,77.18,15.44,1.98
TR,Merced,2010,ethnicity,aian,1,0.33,3.25,1,0,1,0,0.0,100.0,0.0
TR,Merced,2010,ethnicity,aian,2,3.25,3.63,1,1,0,0,100.0,0.0,0.0
TR,Merced,2010,ethnicity,asian,1,0.33,3.25,35,10,18,2,28.57,51.43,5.71
TR,Merced,2010,ethnicity,asian,2,3.25,3.63,4,3,0,0,75.0,0.0,0.0
TR,Merced,2010,ethnicity,asian,3,3.63,4.0,2,1,0,0,50.0,0.0,0.0
TR,Merced,2010,ethnicity,black,1,0.33,3.25,8,3,2,2,37.5,25.0,25.0
TR,Merced,2010,ethnicity,black,2,3.25,3.63,2,0,1,1,0.0,50.0,50.0
TR,Merced,2010,ethnicity,black,3,3.63,4.0,4,2,1,1,50.0,25.0,25.0
TR,Merced,2010,ethnicity,hispanic_latino,1,0.33,3.25,43,6,16,6,13.95,37.21,13.95
TR,Merced,2010,ethnicity,hispanic_latino,2,3.25,3.63,8,4,2,0,50.0,25.0,0.0
TR,Merced,2010,ethnicity,hispanic_latino,3,3.63,4.0,6,2,3,0,33.33,50.0,0.0
TR,Merced,2010,ethnicity,international,1,0.33,3.25,1,0,1,0,0.0,100.0,0.0
TR,Merced,2010,ethnicity,international,3,3.63,4.0,1,1,0,0,100.0,0.0,0.0
TR,Merced,2010,ethnicity,white,1,0.33,3.25,40,12,15,5,30.0,37.5,12.5
TR,Merced,2010,ethnicity,white,2,3.25,3.63,16,8,4,2,50.0,25.0,12.5
TR,Merced,2010,ethnicity,white,3,3.63,4.0,17,2,8,1,11.76,47.06,5.88
TR,Merced,2010,first_gen_status,first_gen,1,0.33,3.25,72,18,29,5,25.0,40.28,6.94
TR,Merced,2010,first_gen_status,first_gen,2,3.25,3.63,15,9,4,0,60.0,26.67,0.0
TR,Merced,2010,first_gen_status,first_gen,3,3.63,4.0,19,6,8,0,31.58,42.11,0.0
TR,Merced,2010,first_gen_status,not_first_gen,1,0.33,3.25,54,15,25,8,27.78,46.3,14.81
TR,Merced,2010,first_gen_status,not_first_gen,2,3.25,3.63,15,5,3,3,33.33,20.0,20.0
TR,Merced,2010,first_gen_status,not_first_gen,3,3.63,4.0,8,1,2,2,12.5,25.0,25.0
TR,Merced,2010,overall,overall,1,0.33,3.25,140,35,58,15,25.0,41.43,10.71
TR,Merced,2010,overall,overall,2,3.25,3.63,33,16,8,3,48.48,24.24,9.09
TR,Merced,2010,overall,overall,3,3.63,4.0,31,8,13,2,25.81,41.94,6.45
TR,Merced,2010,pell_status,non_pell,1,0.33,3.25,44,14,17,4,31.82,38.64,9.09
TR,Merced,2010,pell_status,non_pell,2,3.25,3.63,9,5,1,1,55.56,11.11,11.11
TR,Merced,2010,pell_status,non_pell,3,3.63,4.0,7,1,3,1,14.29,42.86,14.29
TR,Merced,2010,pell_status,pell,1,0.33,3.25,96,21,41,11,21.88,42.71,11.46
TR,Merced,2010,pell_status,pell,2,3.25,3.63,24,11,7,2,45.83,29.17,8.33
TR,Merced,2010,pell_status,pell,3,3.63,4.0,24,7,10,1,29.17,41.67,4.17
TR,Merced,2011,ethnicity,aian,1,0.31,3.27,1,0,1,0,0.0,100.0,0.0
TR,Merced,2011,ethnicity,aian,2,3.27,3.63,1,0,1,0,0.0,100.0,0.0
TR,Merced,2011,ethnicity,asian,1,0.31,3.27,35,14,8,3,40.0,22.86,8.57
TR,Merced,2011,ethnicity,asian,2,3.27,3.63,5,3,1,0,60.0,20.0,0.0
TR,Merced,2011,ethnicity,asian,3,3.63,4.0,2,0,2,0,0.0,100.0,0.0
TR,Merced,2011,ethnicity,black,1,0.31,3.27,13,6,2,3,46.15,15.38,23.08
TR,Merced,2011,ethnicity,black,2,3.27,3.63,2,0,0,1,0.0,0.0,50.0
TR,Merced,2011,ethnicity,hispanic_latino,1,0.31,3.27,47,18,16,0,38.3,34.04,0.0
TR,Merced,2011,ethnicity,hispanic_latino,2,3.27,3.63,4,1,1,0,25.0,25.0,0.0
TR,Merced,2011,ethnicity,hispanic_latino,3,3.63,4.0,3,2,1,0,66.67,33.33,0.0
TR,Merced,2011,ethnicity,international,1,0.31,3.27,3,2,1,0,66.67,33.33,0.0
TR,Merced,2011,ethnicity,international,3,3.63,4.0,1,0,1,0,0.0,100.0,0.0
TR,Merced,2011,ethnicity,white,1,0.31,3.27,28,9,11,0,32.14,39.29,0.0
TR,Merced,2011,ethnicity,white,2,3.27,3.63,12,7,3,1,58.33,25.0,8.33
TR,Merced,2011,ethnicity,white,3,3.63,4.0,10,7,2,0,70.0,20.0,0.0
TR,Merced,2011,first_gen_status,first_gen,1,0.31,3.27,78,32,18,3,41.03,23.08,3.85
TR,Merced,2011,first_gen_status,first_gen,2,3.27,3.63,16,6,5,1,37.5,31.25,6.25
TR,Merced,2011,first_gen_status,first_gen,3,3.63,4.0,9,4,4,0,44.44,44.44,0.0
TR,Merced,2011,first_gen_status,not_first_gen,1,0.31,3.27,45,16,19,3,35.56,42.22,6.67
TR,Merced,2011,first_gen_status,not_first_gen,2,3.27,3.63,6,4,1,0,66.67,16.67,0.0
TR,Merced,2011,first_gen_status,not_first_gen,3,3.63,4.0,7,4,2,1,57.14,28.57,14.29
TR,Merced,2011,overall,overall,1,0.31,3.27,130,51,40,6,39.23,30.77,4.62
TR,Merced,2011,overall,overall,2,3.27,3.63,24,11,6,2,45.83,25.0,8.33
TR,Merced,2011,overall,overall,3,3.63,4.0,17,9,6,1,52.94,35.29,5.88
TR,Merced,2011,pell_status,non_pell,1,0.31,3.27,30,18,8,0,60.0,26.67,0.0
TR,Merced,2011,pell_status,non_pell,2,3.27,3.63,4,2,1,0,50.0,25.0,0.0
TR,Merced,2011,pell_status,non_pell,3,3.63,4.0,1,1,0,0,100.0,0.0,0.0
TR,Merced,2011,pell_status,pell,1,0.31,3.27,100,33,32,6,33.0,32.0,6.0
TR,Merced,2011,pell_status,pell,2,3.27,3.63,20,9,5,2,45.0,25.0,10.0
TR,Merced,2011,pell_status,pell,3,3.63,4.0,16,8,6,1,50.0,37.5,6.25
TR,Merced,2012,ethnicity,aian,1,0.3,3.3,3,0,2,1,0.0,66.67,33.33
TR,Merced,2012,ethnicity,aian,2,3.3,3.65,1,1,0,0,100.0,0.0,0.0
TR,Merced,2012,ethnicity,asian,1,0.3,3.3,24,8,10,2,33.33,41.67,8.33
TR,Merced,2012,ethnicity,asian,2,3.3,3.65,1,0,0,1,0.0,0.0,100.0
TR,Merced,2012,ethnicity,asian,3,3.65,4.0,3,0,3,0,0.0,100.0,0.0
TR,Merced,2012,ethnicity,black,1,0.3,3.3,8,4,2,1,50.0,25.0,12.5
TR,Merced,2012,ethnicity,black,2,3.3,3.65,1,1,0,0,100.0,0.0,0.0
TR,Merced,2012,ethnicity,hispanic_latino,1,0.3,3.3,29,13,10,2,44.83,34.48,6.9
TR,Merced,2012,ethnicity,hispanic_latino,2,3.3,3.65,9,5,3,1,55.56,33.33,11.11
TR,Merced,2012,ethnicity,hispanic_latino,3,3.65,4.0,4,2,2,0,50.0,50.0,0.0
TR,Merced,2012,ethnicity,international,1,0.3,3.3,1,0,1,0,0.0,100.0,0.0
TR,Merced,2012,ethnicity,international,2,3.3,3.65,2,0,2,0,0.0,100.0,0.0
TR,Merced,2012,ethnicity,white,1,0.3,3.3,21,6,5,2,28.57,23.81,9.52
TR,Merced,2012,ethnicity,white,2,3.3,3.65,9,4,3,2,44.44,33.33,22.22
TR,Merced,2012,ethnicity,white,3,3.65,4.0,9,5,3,0,55.56,33.33,0.0
TR,Merced,2012,first_gen_status,first_gen,1,0.3,3.3,55,20,22,4,36.36,40.0,7.27
TR,Merced,2012,first_gen_status,first_gen,2,3.3,3.65,21,9,8,3,42.86,38.1,14.29
TR,Merced,2012,first_gen_status,first_gen,3,3.65,4.0,12,4,8,0,33.33,66.67,0.0
TR,Merced,2012,first_gen_status,not_first_gen,1,0.3,3.3,30,12,7,4,40.0,23.33,13.33
TR,Merced,2012,first_gen_status,not_first_gen,2,3.3,3.65,3,2,0,1,66.67,0.0,33.33
TR,Merced,2012,first_gen_status,not_first_gen,3,3.65,4.0,4,3,0,0,75.0,0.0,0.0
TR,Merced,2012,overall,overall,1,0.3,3.3,88,33,30,8,37.5,34.09,9.09
TR,Merced,2012,overall,overall,2,3.3,3.65,25,11,8,5,44.0,32.0,20.0
TR,Merced,2012,overall,overall,3,3.65,4.0,16,7,8,0,43.75,50.0,0.0
TR,Merced,2012,pell_status,non_pell,1,0.3,3.3,25,9,7,2,36.0,28.0,8.0
TR,Merced,2012,pell_status,non_pell,2,3.3,3.65,4,2,2,0,50.0,50.0,0.0
TR,Merced,2012,pell_status,non_pell,3,3.65,4.0,3,2,1,0,66.67,33.33,0.0
TR,Merced,2012,pell_status,pell,1,0.3,3.3,63,24,23,6,38.1,36.51,9.52
TR,Merced,2012,pell_status,pell,2,3.3,3.65,21,9,6,5,42.86,28.57,23.81
TR,Merced,2012,pell_status,pell,3,3.65,4.0,13,5,7,0,38.46,53.85,0.0
TR,Merced,2013,ethnicity,asian,1,0.32,3.31,16,7,7,0,43.75,43.75,0.0
TR,Merced,2013,ethnicity,asian,2,3.31,3.66,1,1,0,0,100.0,0.0,0.0
TR,Merced,2013,ethnicity,asian,3,3.66,4.0,1,0,1,0,0.0,100.0,0.0
TR,Merced,2013,ethnicity,black,1,0.32,3.31,5,4,1,0,80.0,20.0,0.0
TR,Merced,2013,ethnicity,hispanic_latino,1,0.32,3.31,26,10,10,2,38.46,38.46,7.69
TR,Merced,2013,ethnicity,hispanic_latino,2,3.31,3.66,5,1,1,2,20.0,20.0,40.0
TR,Merced,2013,ethnicity,hispanic_latino,3,3.66,4.0,4,3,0,0,75.0,0.0,0.0
TR,Merced,2013,ethnicity,international,1,0.32,3.31,6,3,2,0,50.0,33.33,0.0
TR,Merced,2013,ethnicity,international,2,3.31,3.66,2,1,0,0,50.0,0.0,0.0
TR,Merced,2013,ethnicity,white,1,0.32,3.31,13,3,8,1,23.08,61.54,7.69
TR,Merced,2013,ethnicity,white,2,3.31,3.66,10,2,7,0,20.0,70.0,0.0
TR,Merced,2013,ethnicity,white,3,3.66,4.0,10,4,5,1,40.0,50.0,10.0
TR,Merced,2013,first_gen_status,first_gen,1,0.32,3.31,44,15,22,2,34.09,50.0,4.55
TR,Merced,2013,first_gen_status,first_gen,2,3.31,3.66,11,2,5,1,18.18,45.45,9.09
TR,Merced,2013,first_gen_status,first_gen,3,3.66,4.0,5,4,1,0,80.0,20.0,0.0
TR,Merced,2013,first_gen_status,not_first_gen,1,0.32,3.31,22,12,6,1,54.55,27.27,4.55
TR,Merced,2013,first_gen_status,not_first_gen,2,3.31,3.66,5,2,2,1,40.0,40.0,20.0
TR,Merced,2013,first_gen_status,not_first_gen,3,3.66,4.0,11,4,5,1,36.36,45.45,9.09
TR,Merced,2013,overall,overall,1,0.32,3.31,67,28,28,3,41.79,41.79,4.48
TR,Merced,2013,overall,overall,2,3.31,3.66,18,5,8,2,27.78,44.44,11.11
TR,Merced,2013,overall,overall,3,3.66,4.0,16,8,6,1,50.0,37.5,6.25
TR,Merced,2013,pell_status,non_pell,1,0.32,3.31,15,9,3,0,60.0,20.0,0.0
TR,Merced,2013,pell_status,non_pell,2,3.31,3.66,4,2,0,0,50.0,0.0,0.0
TR,Merced,2013,pell_status,non_pell,3,3.66,4.0,3,1,1,1,33.33,33.33,33.33
TR,Merced,2013,pell_status,pell,1,0.32,3.31,52,19,25,3,36.54,48.08,5.77
TR,Merced,2013,pell_status,pell,2,3.31,3.66,14,3,8,2,21.43,57.14,14.29
TR,Merced,2013,pell_status,pell,3,3.66,4.0,13,7,5,0,53.85,38.46,0.0
TR,Merced,2014,ethnicity,aian,2,3.34,3.68,1,0,1,0,0.0,100.0,0.0
TR,Merced,2014,ethnicity,aian,3,3.68,4.0,1,1,0,0,100.0,0.0,0.0
TR,Merced,2014,ethnicity,asian,1,0.82,3.34,14,8,3,2,57.14,21.43,14.29
TR,Merced,2014,ethnicity,asian,2,3.34,3.68,2,0,2,0,0.0,100.0,0.0
TR,Merced,2014,ethnicity,asian,3,3.68,4.0,1,1,0,0,100.0,0.0,0.0
TR,Merced,2014,ethnicity,black,1,0.82,3.34,7,2,3,0,28.57,42.86,0.0
TR,Merced,2014,ethnicity,black,2,3.34,3.68,1,0,1,0,0.0,100.0,0.0
TR,Merced,2014,ethnicity,hispanic_latino,1,0.82,3.34,34,14,16,2,41.18,47.06,5.88
TR,Merced,2014,ethnicity,hispanic_latino,2,3.34,3.68,4,2,1,0,50.0,25.0,0.0
TR,Merced,2014,ethnicity,hispanic_latino,3,3.68,4.0,3,1,1,0,33.33,33.33,0.0
TR,Merced,2014,ethnicity,international,1,0.82,3.34,3,1,2,0,33.33,66.67,0.0
TR,Merced,2014,ethnicity,international,3,3.68,4.0,1,0,1,0,0.0,100.0,0.0
TR,Merced,2014,ethnicity,white,1,0.82,3.34,20,8,7,0,40.0,35.0,0.0
TR,Merced,2014,ethnicity,white,2,3.34,3.68,5,4,1,0,80.0,20.0,0.0
TR,Merced,2014,ethnicity,white,3,3.68,4.0,8,1,6,0,12.5,75.0,0.0
TR,Merced,2014,first_gen_status,first_gen,1,0.82,3.34,54,21,23,4,38.89,42.59,7.41
TR,Merced,2014,first_gen_status,first_gen,2,3.34,3.68,10,5,4,0,50.0,40.0,0.0
TR,Merced,2014,first_gen_status,first_gen,3,3.68,4.0,9,2,6,0,22.22,66.67,0.0
TR,Merced,2014,first_gen_status,not_first_gen,1,0.82,3.34,23,9,9,0,39.13,39.13,0.0
TR,Merced,2014,first_gen_status,not_first_gen,2,3.34,3.68,2,1,1,0,50.0,50.0,0.0
TR,Merced,2014,first_gen_status,not_first_gen,3,3.68,4.0,4,1,2,0,25.0,50.0,0.0
TR,Merced,2014,overall,overall,1,0.82,3.34,80,33,32,4,41.25,40.0,5.0
TR,Merced,2014,overall,overall,2,3.34,3.68,13,6,6,0,46.15,46.15,0.0
TR,Merced,2014,overall,overall,3,3.68,4.0,14,4,8,0,28.57,57.14,0.0
TR,Merced,2014,pell_status,non_pell,1,0.82,3.34,18,10,5,1,55.56,27.78,5.56
TR,Merced,2014,pell_status,non_pell,2,3.34,3.68,5,3,2,0,60.0,40.0,0.0
TR,Merced,2014,pell_status,non_pell,3,3.68,4.0,6,2,4,0,33.33,66.67,0.0
TR,Merced,2014,pell_status,pell,1,0.82,3.34,62,23,27,3,37.1,43.55,4.84
TR,Merced,2014,pell_status,pell,2,3.34,3.68,8,3,4,0,37.5,50.0,0.0
TR,Merced,2014,pell_status,pell,3,3.68,4.0,8,2,4,0,25.0,50.0,0.0
TR,Merced,2015,ethnicity,aian,2,3.34,3.68,1,1,0,0,100.0,0.0,0.0
TR,Merced,2015,ethnicity,asian,1,1.4,3.34,13,6,6,1,46.15,46.15,7.69
TR,Merced,2015,ethnicity,asian,2,3.34,3.68,2,1,1,0,50.0,50.0,0.0
TR,Merced,2015,ethnicity,asian,3,3.68,4.0,1,0,1,0,0.0,100.0,0.0
TR,Merced,2015,ethnicity,black,1,1.4,3.34,4,0,1,0,0.0,25.0,0.0
TR,Merced,2015,ethnicity,hispanic_latino,1,1.4,3.34,34,21,6,2,61.76,17.65,5.88
TR,Merced,2015,ethnicity,hispanic_latino,2,3.34,3.68,2,1,0,0,50.0,0.0,0.0
TR,Merced,2015,ethnicity,hispanic_latino,3,3.68,4.0,2,1,0,1,50.0,0.0,50.0
TR,Merced,2015,ethnicity,international,1,1.4,3.34,5,2,1,2,40.0,20.0,40.0
TR,Merced,2015,ethnicity,international,2,3.34,3.68,1,1,0,0,100.0,0.0,0.0
TR,Merced,2015,ethnicity,international,3,3.68,4.0,2,2,0,0,100.0,0.0,0.0
TR,Merced,2015,ethnicity,white,1,1.4,3.34,15,5,9,0,33.33,60.0,0.0
TR,Merced,2015,ethnicity,white,2,3.34,3.68,6,4,2,0,66.67,33.33,0.0
TR,Merced,2015,ethnicity,white,3,3.68,4.0,5,3,2,0,60.0,40.0,0.0
TR,Merced,2015,first_gen_status,first_gen,1,1.4,3.34,48,27,12,3,56.25,25.0,6.25
TR,Merced,2015,first_gen_status,first_gen,2,3.34,3.68,6,4,1,0,66.67,16.67,0.0
TR,Merced,2015,first_gen_status,first_gen,3,3.68,4.0,7,5,1,1,71.43,14.29,14.29
TR,Merced,2015,first_gen_status,not_first_gen,1,1.4,3.34,23,8,11,1,34.78,47.83,4.35
TR,Merced,2015,first_gen_status,not_first_gen,2,3.34,3.68,5,3,2,0,60.0,40.0,0.0
TR,Merced,2015,first_gen_status,not_first_gen,3,3.68,4.0,3,1,2,0,33.33,66.67,0.0
TR,Merced,2015,overall,overall,1,1.4,3.34,73,35,24,5,47.95,32.88,6.85
TR,Merced,2015,overall,overall,2,3.34,3.68,12,8,3,0,66.67,25.0,0.0
TR,Merced,2015,overall,overall,3,3.68,4.0,10,6,3,1,60.0,30.0,10.0
TR,Merced,2015,pell_status,non_pell,1,1.4,3.34,23,10,10,1,43.48,43.48,4.35
TR,Merced,2015,pell_status,non_pell,2,3.34,3.68,2,1,1,0,50.0,50.0,0.0
TR,Merced,2015,pell_status,non_pell,3,3.68,4.0,3,3,0,0,100.0,0.0,0.0
TR,Merced,2015,pell_status,pell,1,1.4,3.34,50,25,14,4,50.0,28.0,8.0
TR,Merced,2015,pell_status,pell,2,3.34,3.68,10,7,2,0,70.0,20.0,0.0
TR,Merced,2015,pell_status,pell,3,3.68,4.0,7,3,3,1,42.86,42.86,14.29
TR,Merced,2016,ethnicity,asian,1,0.36,3.33,27,13,7,2,48.15,25.93,7.41
TR,Merced,2016,ethnicity,asian,2,3.33,3.68,2,0,2,0,0.0,100.0,0.0
TR,Merced,2016,ethnicity,asian,3,3.68,4.0,2,0,1,0,0.0,50.0,0.0
TR,Merced,2016,ethnicity,black,1,0.36,3.33,8,6,2,0,75.0,25.0,0.0
TR,Merced,2016,ethnicity,hispanic_latino,1,0.36,3.33,60,24,23,3,40.0,38.33,5.0
TR,Merced,2016,ethnicity,hispanic_latino,2,3.33,3.68,13,9,3,1,69.23,23.08,7.69
TR,Merced,2016,ethnicity,hispanic_latino,3,3.68,4.0,3,2,0,0,66.67,0.0,0.0
TR,Merced,2016,ethnicity,international,1,0.36,3.33,11,6,5,0,54.55,45.45,0.0
TR,Merced,2016,ethnicity,international,2,3.33,3.68,2,2,0,0,100.0,0.0,0.0
TR,Merced,2016,ethnicity,international,3,3.68,4.0,1,0,1,0,0.0,100.0,0.0
TR,Merced,2016,ethnicity,white,1,0.36,3.33,36,17,14,3,47.22,38.89,8.33
TR,Merced,2016,ethnicity,white,2,3.33,3.68,4,1,3,0,25.0,75.0,0.0
TR,Merced,2016,ethnicity,white,3,3.68,4.0,2,2,0,0,100.0,0.0,0.0
TR,Merced,2016,first_gen_status,first_gen,1,0.36,3.33,97,44,35,5,45.36,36.08,5.15
TR,Merced,2016,first_gen_status,first_gen,2,3.33,3.68,16,9,5,1,56.25,31.25,6.25
TR,Merced,2016,first_gen_status,first_gen,3,3.68,4.0,5,3,1,0,60.0,20.0,0.0
TR,Merced,2016,first_gen_status,not_first_gen,1,0.36,3.33,37,17,14,3,45.95,37.84,8.11
TR,Merced,2016,first_gen_status,not_first_gen,2,3.33,3.68,5,2,3,0,40.0,60.0,0.0
TR,Merced,2016,first_gen_status,not_first_gen,3,3.68,4.0,4,1,1,0,25.0,25.0,0.0
TR,Merced,2016,overall,overall,1,0.36,3.33,142,66,51,8,46.48,35.92,5.63
TR,Merced,2016,overall,overall,2,3.33,3.68,22,12,8,1,54.55,36.36,4.55
TR,Merced,2016,overall,overall,3,3.68,4.0,9,4,2,0,44.44,22.22,0.0
TR,Merced,2016,pell_status,non_pell,1,0.36,3.33,36,21,11,1,58.33,30.56,2.78
TR,Merced,2016,pell_status,non_pell,2,3.33,3.68,9,4,4,0,44.44,44.44,0.0
TR,Merced,2016,pell_status,non_pell,3,3.68,4.0,4,2,2,0,50.0,50.0,0.0
TR,Merced,2016,pell_status,pell,1,0.36,3.33,106,45,40,7,42.45,37.74,6.6
TR,Merced,2016,pell_status,pell,2,3.33,3.68,13,8,4,1,61.54,30.77,7.69
TR,Merced,2016,pell_status,pell,3,3.68,4.0,5,2,0,0,40.0,0.0,0.0
TR,Merced,2017,ethnicity,aian,1,0.3,3.33,1,0,1,0,0.0,100.0,0.0
TR,Merced,2017,ethnicity,asian,1,0.3,3.33,21,12,6,1,57.14,28.57,4.76
TR,Merced,2017,ethnicity,asian,2,3.33,3.69,3,1,1,0,33.33,33.33,0.0
TR,Merced,2017,ethnicity,asian,3,3.69,4.0,4,1,3,0,25.0,75.0,0.0
TR,Merced,2017,ethnicity,black,1,0.3,3.33,8,5,2,1,62.5,25.0,12.5
TR,Merced,2017,ethnicity,black,2,3.33,3.69,1,1,0,0,100.0,0.0,0.0
TR,Merced,2017,ethnicity,hispanic_latino,1,0.3,3.33,50,28,15,2,56.0,30.0,4.0
TR,Merced,2017,ethnicity,hispanic_latino,2,3.33,3.69,9,5,2,0,55.56,22.22,0.0
TR,Merced,2017,ethnicity,hispanic_latino,3,3.69,4.0,7,5,1,0,71.43,14.29,0.0
TR,Merced,2017,ethnicity,international,1,0.3,3.33,9,3,3,1,33.33,33.33,11.11
TR,Merced,2017,ethnicity,international,2,3.33,3.69,2,1,1,0,50.0,50.0,0.0
TR,Merced,2017,ethnicity,international,3,3.69,4.0,1,0,1,0,0.0,100.0,0.0
TR,Merced,2017,ethnicity,white,1,0.3,3.33,20,7,9,0,35.0,45.0,0.0
TR,Merced,2017,ethnicity,white,2,3.33,3.69,8,3,5,0,37.5,62.5,0.0
TR,Merced,2017,ethnicity,white,3,3.69,4.0,7,4,2,1,57.14,28.57,14.29
TR,Merced,2017,first_gen_status,first_gen,1,0.3,3.33,76,44,19,4,57.89,25.0,5.26
TR,Merced,2017,first_gen_status,first_gen,2,3.33,3.69,13,7,4,0,53.85,30.77,0.0
TR,Merced,2017,first_gen_status,first_gen,3,3.69,4.0,11,8,3,0,72.73,27.27,0.0
TR,Merced,2017,first_gen_status,not_first_gen,1,0.3,3.33,29,11,15,0,37.93,51.72,0.0
TR,Merced,2017,first_gen_status,not_first_gen,2,3.33,3.69,8,2,5,0,25.0,62.5,0.0
TR,Merced,2017,first_gen_status,not_first_gen,3,3.69,4.0,6,2,3,1,33.33,50.0,16.67
TR,Merced,2017,overall,overall,1,0.3,3.33,112,57,36,5,50.89,32.14,4.46
TR,Merced,2017,overall,overall,2,3.33,3.69,24,11,10,0,45.83,41.67,0.0
TR,Merced,2017,overall,overall,3,3.69,4.0,19,10,7,1,52.63,36.84,5.26
TR,Merced,2017,pell_status,non_pell,1,0.3,3.33,32,19,10,0,59.38,31.25,0.0
TR,Merced,2017,pell_status,non_pell,2,3.33,3.69,8,3,4,0,37.5,50.0,0.0
TR,Merced,2017,pell_status,non_pell,3,3.69,4.0,7,5,2,0,71.43,28.57,0.0
TR,Merced,2017,pell_status,pell,1,0.3,3.33,80,38,26,5,47.5,32.5,6.25
TR,Merced,2017,pell_status,pell,2,3.33,3.69,16,8,6,0,50.0,37.5,0.0
TR,Merced,2017,pell_status,pell,3,3.69,4.0,12,5,5,1,41.67,41.67,8.33
TR,Merced,2018,ethnicity,aian,1,0.32,3.34,2,1,0,0,50.0,0.0,0.0
TR,Merced,2018,ethnicity,asian,1,0.32,3.34,25,10,11,3,40.0,44.0,12.0
TR,Merced,2018,ethnicity,asian,2,3.34,3.7,3,0,1,1,0.0,33.33,33.33
TR,Merced,2018,ethnicity,asian,3,3.7,4.0,,0,0,0,0.0,0.0,0.0
TR,Merced,2018,ethnicity,black,1,0.32,3.34,10,3,5,0,30.0,50.0,0.0
TR,Merced,2018,ethnicity,black,3,3.7,4.0,1,0,1,0,0.0,100.0,0.0
TR,Merced,2018,ethnicity,hispanic_latino,1,0.32,3.34,72,29,27,2,40.28,37.5,2.78
TR,Merced,2018,ethnicity,hispanic_latino,2,3.34,3.7,11,6,3,0,54.55,27.27,0.0
TR,Merced,2018,ethnicity,hispanic_latino,3,3.7,4.0,5,1,3,0,20.0,60.0,0.0
TR,Merced,2018,ethnicity,international,1,0.32,3.34,10,1,9,0,10.0,90.0,0.0
TR,Merced,2018,ethnicity,international,2,3.34,3.7,1,0,1,0,0.0,100.0,0.0
TR,Merced,2018,ethnicity,international,3,3.7,4.0,5,3,1,1,60.0,20.0,20.0
TR,Merced,2018,ethnicity,white,1,0.32,3.34,17,7,4,0,41.18,23.53,0.0
TR,Merced,2018,ethnicity,white,2,3.34,3.7,10,5,4,0,50.0,40.0,0.0
TR,Merced,2018,ethnicity,white,3,3.7,4.0,13,10,2,0,76.92,15.38,0.0
TR,Merced,2018,first_gen_status,first_gen,1,0.32,3.34,93,32,40,4,34.41,43.01,4.3
TR,Merced,2018,first_gen_status,first_gen,2,3.34,3.7,14,5,5,1,35.71,35.71,7.14
TR,Merced,2018,first_gen_status,first_gen,3,3.7,4.0,12,6,4,0,50.0,33.33,0.0
TR,Merced,2018,first_gen_status,not_first_gen,1,0.32,3.34,42,19,13,2,45.24,30.95,4.76
TR,Merced,2018,first_gen_status,not_first_gen,2,3.34,3.7,10,5,4,0,50.0,40.0,0.0
TR,Merced,2018,first_gen_status,not_first_gen,3,3.7,4.0,12,8,3,0,66.67,25.0,0.0
TR,Merced,2018,overall,overall,1,0.32,3.34,140,52,57,6,37.14,40.71,4.29
TR,Merced,2018,overall,overall,2,3.34,3.7,25,11,9,1,44.0,36.0,4.0
TR,Merced,2018,overall,overall,3,3.7,4.0,26,15,7,1,57.69,26.92,3.85
TR,Merced,2018,pell_status,non_pell,1,0.32,3.34,47,19,19,0,40.43,40.43,0.0
TR,Merced,2018,pell_status,non_pell,2,3.34,3.7,9,6,3,0,66.67,33.33,0.0
TR,Merced,2018,pell_status,non_pell,3,3.7,4.0,14,11,2,1,78.57,14.29,7.14
TR,Merced,2018,pell_status,pell,1,0.32,3.34,93,33,38,6,35.48,40.86,6.45
TR,Merced,2018,pell_status,pell,2,3.34,3.7,16,5,6,1,31.25,37.5,6.25
TR,Merced,2018,pell_status,pell,3,3.7,4.0,12,4,5,0,33.33,41.67,0.0
TR,Merced,2019,ethnicity,aian,1,0.32,3.38,1,1,0,0,100.0,0.0,0.0
TR,Merced,2019,ethnicity,aian,2,3.38,3.73,,0,0,0,0.0,0.0,0.0
TR,Merced,2019,ethnicity,asian,1,0.32,3.38,13,4,6,1,30.77,46.15,7.69
TR,Merced,2019,ethnicity,asian,2,3.38,3.73,3,1,2,0,33.33,66.67,0.0
TR,Merced,2019,ethnicity,asian,3,3.73,4.0,1,1,0,0,100.0,0.0,0.0
TR,Merced,2019,ethnicity,black,1,0.32,3.38,7,3,3,0,42.86,42.86,0.0
TR,Merced,2019,ethnicity,black,2,3.38,3.73,1,1,0,0,100.0,0.0,0.0
TR,Merced,2019,ethnicity,hispanic_latino,1,0.32,3.38,65,27,20,5,41.54,30.77,7.69
TR,Merced,2019,ethnicity,hispanic_latino,2,3.38,3.73,17,7,7,2,41.18,41.18,11.76
TR,Merced,2019,ethnicity,hispanic_latino,3,3.73,4.0,2,1,1,0,50.0,50.0,0.0
TR,Merced,2019,ethnicity,international,1,0.32,3.38,17,7,7,0,41.18,41.18,0.0
TR,Merced,2019,ethnicity,international,2,3.38,3.73,1,1,0,0,100.0,0.0,0.0
TR,Merced,2019,ethnicity,international,3,3.73,4.0,4,3,1,0,75.0,25.0,0.0
TR,Merced,2019,ethnicity,white,1,0.32,3.38,27,13,9,1,48.15,33.33,3.7
TR,Merced,2019,ethnicity,white,2,3.38,3.73,8,4,3,1,50.0,37.5,12.5
TR,Merced,2019,ethnicity,white,3,3.73,4.0,5,3,2,0,60.0,40.0,0.0
TR,Merced,2019,first_gen_status,first_gen,1,0.32,3.38,99,38,36,5,38.38,36.36,5.05
TR,Merced,2019,first_gen_status,first_gen,2,3.38,3.73,20,9,7,2,45.0,35.0,10.0
TR,Merced,2019,first_gen_status,first_gen,3,3.73,4.0,10,6,4,0,60.0,40.0,0.0
TR,Merced,2019,first_gen_status,not_first_gen,1,0.32,3.38,27,13,9,2,48.15,33.33,7.41
TR,Merced,2019,first_gen_status,not_first_gen,2,3.38,3.73,11,5,5,1,45.45,45.45,9.09
TR,Merced,2019,first_gen_status,not_first_gen,3,3.73,4.0,1,1,0,0,100.0,0.0,0.0
TR,Merced,2019,overall,overall,1,0.32,3.38,131,55,45,7,41.98,34.35,5.34
TR,Merced,2019,overall,overall,2,3.38,3.73,31,14,12,3,45.16,38.71,9.68
TR,Merced,2019,overall,overall,3,3.73,4.0,12,8,4,0,66.67,33.33,0.0
TR,Merced,2019,pell_status,non_pell,1,0.32,3.38,35,17,9,0,48.57,25.71,0.0
TR,Merced,2019,pell_status,non_pell,2,3.38,3.73,9,7,1,1,77.78,11.11,11.11
TR,Merced,2019,pell_status,non_pell,3,3.73,4.0,7,6,1,0,85.71,14.29,0.0
TR,Merced,2019,pell_status,pell,1,0.32,3.38,96,38,36,7,39.58,37.5,7.29
TR,Merced,2019,pell_status,pell,2,3.38,3.73,22,7,11,2,31.82,50.0,9.09
TR,Merced,2019,pell_status,pell,3,3.73,4.0,5,2,3,0,40.0,60.0,0.0
TR,Merced,2020,ethnicity,aian,1,1.25,3.39,2,1,0,0,50.0,0.0,0.0
TR,Merced,2020,ethnicity,asian,1,1.25,3.39,20,11,7,1,55.0,35.0,5.0
TR,Merced,2020,ethnicity,asian,2,3.39,3.74,5,3,2,0,60.0,40.0,0.0
TR,Merced,2020,ethnicity,asian,3,3.74,4.0,1,1,0,0,100.0,0.0,0.0
TR,Merced,2020,ethnicity,black,1,1.25,3.39,16,4,5,1,25.0,31.25,6.25
TR,Merced,2020,ethnicity,black,2,3.39,3.74,4,2,2,0,50.0,50.0,0.0
TR,Merced,2020,ethnicity,black,3,3.74,4.0,2,0,1,1,0.0,50.0,50.0
TR,Merced,2020,ethnicity,hispanic_latino,1,1.25,3.39,91,29,26,7,31.87,28.57,7.69
TR,Merced,2020,ethnicity,hispanic_latino,2,3.39,3.74,14,6,5,0,42.86,35.71,0.0
TR,Merced,2020,ethnicity,hispanic_latino,3,3.74,4.0,5,2,2,0,40.0,40.0,0.0
TR,Merced,2020,ethnicity,international,1,1.25,3.39,8,3,1,0,37.5,12.5,0.0
TR,Merced,2020,ethnicity,international,2,3.39,3.74,3,0,3,0,0.0,100.0,0.0
TR,Merced,2020,ethnicity,international,3,3.74,4.0,1,1,0,0,100.0,0.0,0.0
TR,Merced,2020,ethnicity,white,1,1.25,3.39,12,3,4,1,25.0,33.33,8.33
TR,Merced,2020,ethnicity,white,2,3.39,3.74,6,3,0,1,50.0,0.0,16.67
TR,Merced,2020,ethnicity,white,3,3.74,4.0,4,4,0,0,100.0,0.0,0.0
TR,Merced,2020,first_gen_status,first_gen,1,1.25,3.39,125,42,35,9,33.6,28.0,7.2
TR,Merced,2020,first_gen_status,first_gen,2,3.39,3.74,25,11,9,1,44.0,36.0,4.0
TR,Merced,2020,first_gen_status,first_gen,3,3.74,4.0,10,6,2,1,60.0,20.0,10.0
TR,Merced,2020,first_gen_status,not_first_gen,1,1.25,3.39,29,11,9,1,37.93,31.03,3.45
TR,Merced,2020,first_gen_status,not_first_gen,2,3.39,3.74,7,3,3,0,42.86,42.86,0.0
TR,Merced,2020,first_gen_status,not_first_gen,3,3.74,4.0,6,2,4,0,33.33,66.67,0.0
TR,Merced,2020,overall,overall,1,1.25,3.39,154,53,44,10,34.42,28.57,6.49
TR,Merced,2020,overall,overall,2,3.39,3.74,33,14,13,1,42.42,39.39,3.03
TR,Merced,2020,overall,overall,3,3.74,4.0,16,8,6,1,50.0,37.5,6.25
TR,Merced,2020,pell_status,non_pell,1,1.25,3.39,35,11,7,1,31.43,20.0,2.86
TR,Merced,2020,pell_status,non_pell,2,3.39,3.74,17,5,8,1,29.41,47.06,5.88
TR,Merced,2020,pell_status,non_pell,3,3.74,4.0,3,1,2,0,33.33,66.67,0.0
TR,Merced,2020,pell_status,pell,1,1.25,3.39,119,42,37,9,35.29,31.09,7.56
TR,Merced,2020,pell_status,pell,2,3.39,3.74,16,9,5,0,56.25,31.25,0.0
TR,Merced,2020,pell_status,pell,3,3.74,4.0,13,7,4,1,53.85,30.77,7.69
TR,Merced,2021,ethnicity,aian,1,1.0,3.5,2,1,0,0,50.0,0.0,0.0
TR,Merced,2021,ethnicity,aian,3,3.82,4.0,1,1,0,0,100.0,0.0,0.0
TR,Merced,2021,ethnicity,asian,1,1.0,3.5,57,31,16,1,54.39,28.07,1.75
TR,Merced,2021,ethnicity,asian,2,3.5,3.82,8,4,3,0,50.0,37.5,0.0
TR,Merced,2021,ethnicity,asian,3,3.82,4.0,4,3,1,0,75.0,25.0,0.0
TR,Merced,2021,ethnicity,black,1,1.0,3.5,10,5,1,1,50.0,10.0,10.0
TR,Merced,2021,ethnicity,black,2,3.5,3.82,2,1,1,0,50.0,50.0,0.0
TR,Merced,2021,ethnicity,hispanic_latino,1,1.0,3.5,97,53,25,3,54.64,25.77,3.09
TR,Merced,2021,ethnicity,hispanic_latino,2,3.5,3.82,23,11,6,1,47.83,26.09,4.35
TR,Merced,2021,ethnicity,hispanic_latino,3,3.82,4.0,8,6,1,0,75.0,12.5,0.0
TR,Merced,2021,ethnicity,international,1,1.0,3.5,9,4,3,1,44.44,33.33,11.11
TR,Merced,2021,ethnicity,international,2,3.5,3.82,2,1,0,0,50.0,0.0,0.0
TR,Merced,2021,ethnicity,international,3,3.82,4.0,1,1,0,0,100.0,0.0,0.0
TR,Merced,2021,ethnicity,white,1,1.0,3.5,25,14,5,2,56.0,20.0,8.0
TR,Merced,2021,ethnicity,white,2,3.5,3.82,8,3,2,2,37.5,25.0,25.0
TR,Merced,2021,ethnicity,white,3,3.82,4.0,6,4,1,1,66.67,16.67,16.67
TR,Merced,2021,first_gen_status,first_gen,1,1.0,3.5,144,77,36,5,53.47,25.0,3.47
TR,Merced,2021,first_gen_status,first_gen,2,3.5,3.82,30,16,7,2,53.33,23.33,6.67
TR,Merced,2021,first_gen_status,first_gen,3,3.82,4.0,12,9,2,0,75.0,16.67,0.0
TR,Merced,2021,first_gen_status,not_first_gen,1,1.0,3.5,56,30,14,3,53.57,25.0,5.36
TR,Merced,2021,first_gen_status,not_first_gen,2,3.5,3.82,13,4,5,1,30.77,38.46,7.69
TR,Merced,2021,first_gen_status,not_first_gen,3,3.82,4.0,8,6,1,1,75.0,12.5,12.5
TR,Merced,2021,overall,overall,1,1.0,3.5,202,108,51,8,53.47,25.25,3.96
TR,Merced,2021,overall,overall,2,3.5,3.82,43,20,12,3,46.51,27.91,6.98
TR,Merced,2021,overall,overall,3,3.82,4.0,20,15,3,1,75.0,15.0,5.0
TR,Merced,2021,pell_status,non_pell,1,1.0,3.5,51,28,14,1,54.9,27.45,1.96
TR,Merced,2021,pell_status,non_pell,2,3.5,3.82,8,5,0,0,62.5,0.0,0.0
TR,Merced,2021,pell_status,non_pell,3,3.82,4.0,6,5,1,0,83.33,16.67,0.0
TR,Merced,2021,pell_status,pell,1,1.0,3.5,151,80,37,7,52.98,24.5,4.64
TR,Merced,2021,pell_status,pell,2,3.5,3.82,35,15,12,3,42.86,34.29,8.57
TR,Merced,2021,pell_status,pell,3,3.82,4.0,14,10,2,1,71.43,14.29,7.14
TR,Riverside,2010,ethnicity,aian,1,0.33,3.25,6,5,0,0,83.33,0.0,0.0
TR,Riverside,2010,ethnicity,aian,2,3.25,3.63,1,1,0,0,100.0,0.0,0.0
TR,Riverside,2010,ethnicity,aian,3,3.63,4.0,1,0,1,0,0.0,100.0,0.0
TR,Riverside,2010,ethnicity,asian,1,0.33,3.25,251,135,60,7,53.78,23.9,2.79
TR,Riverside,2010,ethnicity,asian,2,3.25,3.63,51,28,13,4,54.9,25.49,7.84
TR,Riverside,2010,ethnicity,asian,3,3.63,4.0,20,15,4,0,75.0,20.0,0.0
TR,Riverside,2010,ethnicity,black,1,0.33,3.25,77,34,19,3,44.16,24.68,3.9
TR,Riverside,2010,ethnicity,black,2,3.25,3.63,16,9,4,0,56.25,25.0,0.0
TR,Riverside,2010,ethnicity,black,3,3.63,4.0,8,3,3,0,37.5,37.5,0.0
TR,Riverside,2010,ethnicity,hispanic_latino,1,0.33,3.25,257,126,68,12,49.03,26.46,4.67
TR,Riverside,2010,ethnicity,hispanic_latino,2,3.25,3.63,59,30,19,5,50.85,32.2,8.47
TR,Riverside,2010,ethnicity,hispanic_latino,3,3.63,4.0,14,6,5,0,42.86,35.71,0.0
TR,Riverside,2010,ethnicity,international,1,0.33,3.25,35,21,7,1,60.0,20.0,2.86
TR,Riverside,2010,ethnicity,international,2,3.25,3.63,12,11,0,0,91.67,0.0,0.0
TR,Riverside,2010,ethnicity,international,3,3.63,4.0,4,3,0,0,75.0,0.0,0.0
TR,Riverside,2010,ethnicity,white,1,0.33,3.25,181,97,38,9,53.59,20.99,4.97
TR,Riverside,2010,ethnicity,white,2,3.25,3.63,63,29,15,7,46.03,23.81,11.11
TR,Riverside,2010,ethnicity,white,3,3.63,4.0,32,21,4,4,65.62,12.5,12.5
TR,Riverside,2010,first_gen_status,first_gen,1,0.33,3.25,493,255,119,16,51.72,24.14,3.25
TR,Riverside,2010,first_gen_status,first_gen,2,3.25,3.63,119,68,31,5,57.14,26.05,4.2
TR,Riverside,2010,first_gen_status,first_gen,3,3.63,4.0,42,27,10,1,64.29,23.81,2.38
TR,Riverside,2010,first_gen_status,not_first_gen,1,0.33,3.25,298,155,70,13,52.01,23.49,4.36
TR,Riverside,2010,first_gen_status,not_first_gen,2,3.25,3.63,70,37,15,8,52.86,21.43,11.43
TR,Riverside,2010,first_gen_status,not_first_gen,3,3.63,4.0,28,15,6,2,53.57,21.43,7.14
TR,Riverside,2010,overall,overall,1,0.33,3.25,865,445,208,35,51.45,24.05,4.05
TR,Riverside,2010,overall,overall,2,3.25,3.63,210,115,51,16,54.76,24.29,7.62
TR,Riverside,2010,overall,overall,3,3.63,4.0,85,51,18,4,60.0,21.18,4.71
TR,Riverside,2010,pell_status,non_pell,1,0.33,3.25,262,143,55,10,54.58,20.99,3.82
TR,Riverside,2010,pell_status,non_pell,2,3.25,3.63,65,44,11,3,67.69,16.92,4.62
TR,Riverside,2010,pell_status,non_pell,3,3.63,4.0,34,22,6,0,64.71,17.65,0.0
TR,Riverside,2010,pell_status,pell,1,0.33,3.25,603,302,153,25,50.08,25.37,4.15
TR,Riverside,2010,pell_status,pell,2,3.25,3.63,145,71,40,13,48.97,27.59,8.97
TR,Riverside,2010,pell_status,pell,3,3.63,4.0,51,29,12,4,56.86,23.53,7.84
TR,Riverside,2011,ethnicity,aian,1,0.31,3.27,6,2,2,0,33.33,33.33,0.0
TR,Riverside,2011,ethnicity,aian,2,3.27,3.63,1,1,0,0,100.0,0.0,0.0
TR,Riverside,2011,ethnicity,aian,3,3.63,4.0,,0,0,0,0.0,0.0,0.0
TR,Riverside,2011,ethnicity,asian,1,0.31,3.27,348,205,68,12,58.91,19.54,3.45
TR,Riverside,2011,ethnicity,asian,2,3.27,3.63,53,27,15,3,50.94,28.3,5.66
TR,Riverside,2011,ethnicity,asian,3,3.63,4.0,26,10,12,2,38.46,46.15,7.69
TR,Riverside,2011,ethnicity,black,1,0.31,3.27,87,34,29,7,39.08,33.33,8.05
TR,Riverside,2011,ethnicity,black,2,3.27,3.63,12,7,4,0,58.33,33.33,0.0
TR,Riverside,2011,ethnicity,black,3,3.63,4.0,4,1,1,0,25.0,25.0,0.0
TR,Riverside,2011,ethnicity,hispanic_latino,1,0.31,3.27,365,206,94,17,56.44,25.75,4.66
TR,Riverside,2011,ethnicity,hispanic_latino,2,3.27,3.63,72,38,19,2,52.78,26.39,2.78
TR,Riverside,2011,ethnicity,hispanic_latino,3,3.63,4.0,25,10,10,2,40.0,40.0,8.0
TR,Riverside,2011,ethnicity,international,1,0.31,3.27,47,30,8,1,63.83,17.02,2.13
TR,Riverside,2011,ethnicity,international,2,3.27,3.63,10,5,3,1,50.0,30.0,10.0
TR,Riverside,2011,ethnicity,international,3,3.63,4.0,6,4,1,1,66.67,16.67,16.67
TR,Riverside,2011,ethnicity,white,1,0.31,3.27,245,140,53,8,57.14,21.63,3.27
TR,Riverside,2011,ethnicity,white,2,3.27,3.63,44,28,9,1,63.64,20.45,2.27
TR,Riverside,2011,ethnicity,white,3,3.63,4.0,52,32,13,4,61.54,25.0,7.69
TR,Riverside,2011,first_gen_status,first_gen,1,0.31,3.27,645,375,147,22,58.14,22.79,3.41
TR,Riverside,2011,first_gen_status,first_gen,2,3.27,3.63,124,68,30,4,54.84,24.19,3.23
TR,Riverside,2011,first_gen_status,first_gen,3,3.63,4.0,62,31,21,5,50.0,33.87,8.06
TR,Riverside,2011,first_gen_status,not_first_gen,1,0.31,3.27,416,226,96,22,54.33,23.08,5.29
TR,Riverside,2011,first_gen_status,not_first_gen,2,3.27,3.63,70,39,20,4,55.71,28.57,5.71
TR,Riverside,2011,first_gen_status,not_first_gen,3,3.63,4.0,47,24,14,3,51.06,29.79,6.38
TR,Riverside,2011,overall,overall,1,0.31,3.27,1113,626,257,46,56.24,23.09,4.13
TR,Riverside,2011,overall,overall,2,3.27,3.63,198,109,52,8,55.05,26.26,4.04
TR,Riverside,2011,overall,overall,3,3.63,4.0,118,60,38,9,50.85,32.2,7.63
TR,Riverside,2011,pell_status,non_pell,1,0.31,3.27,319,193,55,9,60.5,17.24,2.82
TR,Riverside,2011,pell_status,non_pell,2,3.27,3.63,64,41,13,1,64.06,20.31,1.56
TR,Riverside,2011,pell_status,non_pell,3,3.63,4.0,47,27,11,4,57.45,23.4,8.51
TR,Riverside,2011,pell_status,pell,1,0.31,3.27,794,433,202,37,54.53,25.44,4.66
TR,Riverside,2011,pell_status,pell,2,3.27,3.63,134,68,39,7,50.75,29.1,5.22
TR,Riverside,2011,pell_status,pell,3,3.63,4.0,71,33,27,5,46.48,38.03,7.04
TR,Riverside,2012,ethnicity,aian,1,0.3,3.3,7,2,2,0,28.57,28.57,0.0
TR,Riverside,2012,ethnicity,aian,3,3.65,4.0,4,2,2,0,50.0,50.0,0.0
TR,Riverside,2012,ethnicity,asian,1,0.3,3.3,243,137,61,11,56.38,25.1,4.53
TR,Riverside,2012,ethnicity,asian,2,3.3,3.65,51,34,12,2,66.67,23.53,3.92
TR,Riverside,2012,ethnicity,asian,3,3.65,4.0,22,14,6,1,63.64,27.27,4.55
TR,Riverside,2012,ethnicity,black,1,0.3,3.3,64,25,21,4,39.06,32.81,6.25
TR,Riverside,2012,ethnicity,black,2,3.3,3.65,8,4,4,0,50.0,50.0,0.0
TR,Riverside,2012,ethnicity,black,3,3.65,4.0,2,1,0,0,50.0,0.0,0.0
TR,Riverside,2012,ethnicity,hispanic_latino,1,0.3,3.3,323,147,95,12,45.51,29.41,3.72
TR,Riverside,2012,ethnicity,hispanic_latino,2,3.3,3.65,74,33,25,6,44.59,33.78,8.11
TR,Riverside,2012,ethnicity,hispanic_latino,3,3.65,4.0,20,6,9,3,30.0,45.0,15.0
TR,Riverside,2012,ethnicity,international,1,0.3,3.3,73,48,9,2,65.75,12.33,2.74
TR,Riverside,2012,ethnicity,international,2,3.3,3.65,21,14,4,0,66.67,19.05,0.0
TR,Riverside,2012,ethnicity,international,3,3.65,4.0,11,7,2,1,63.64,18.18,9.09
TR,Riverside,2012,ethnicity,white,1,0.3,3.3,161,73,53,11,45.34,32.92,6.83
TR,Riverside,2012,ethnicity,white,2,3.3,3.65,59,31,14,2,52.54,23.73,3.39
TR,Riverside,2012,ethnicity,white,3,3.65,4.0,34,14,15,3,41.18,44.12,8.82
TR,Riverside,2012,first_gen_status,first_gen,1,0.3,3.3,559,277,154,23,49.55,27.55,4.11
TR,Riverside,2012,first_gen_status,first_gen,2,3.3,3.65,131,70,37,8,53.44,28.24,6.11
TR,Riverside,2012,first_gen_status,first_gen,3,3.65,4.0,63,26,24,7,41.27,38.1,11.11
TR,Riverside,2012,first_gen_status,not_first_gen,1,0.3,3.3,295,146,85,18,49.49,28.81,6.1
TR,Riverside,2012,first_gen_status,not_first_gen,2,3.3,3.65,76,43,21,2,56.58,27.63,2.63
TR,Riverside,2012,first_gen_status,not_first_gen,3,3.65,4.0,28,18,9,0,64.29,32.14,0.0
TR,Riverside,2012,overall,overall,1,0.3,3.3,893,446,246,42,49.94,27.55,4.7
TR,Riverside,2012,overall,overall,2,3.3,3.65,217,117,61,10,53.92,28.11,4.61
TR,Riverside,2012,overall,overall,3,3.65,4.0,97,45,37,8,46.39,38.14,8.25
TR,Riverside,2012,pell_status,non_pell,1,0.3,3.3,262,153,57,12,58.4,21.76,4.58
TR,Riverside,2012,pell_status,non_pell,2,3.3,3.65,74,42,22,1,56.76,29.73,1.35
TR,Riverside,2012,pell_status,non_pell,3,3.65,4.0,33,20,11,1,60.61,33.33,3.03
TR,Riverside,2012,pell_status,pell,1,0.3,3.3,631,293,189,30,46.43,29.95,4.75
TR,Riverside,2012,pell_status,pell,2,3.3,3.65,143,75,39,9,52.45,27.27,6.29
TR,Riverside,2012,pell_status,pell,3,3.65,4.0,64,25,26,7,39.06,40.62,10.94
TR,Riverside,2013,ethnicity,aian,1,0.32,3.31,9,5,3,0,55.56,33.33,0.0
TR,Riverside,2013,ethnicity,aian,3,3.66,4.0,1,0,1,0,0.0,100.0,0.0
TR,Riverside,2013,ethnicity,asian,1,0.32,3.31,248,143,52,12,57.66,20.97,4.84
TR,Riverside,2013,ethnicity,asian,2,3.31,3.66,33,20,10,1,60.61,30.3,3.03
TR,Riverside,2013,ethnicity,asian,3,3.66,4.0,29,25,3,0,86.21,10.34,0.0
TR,Riverside,2013,ethnicity,black,1,0.32,3.31,76,37,14,4,48.68,18.42,5.26
TR,Riverside,2013,ethnicity,black,2,3.31,3.66,16,8,4,1,50.0,25.0,6.25
TR,Riverside,2013,ethnicity,black,3,3.66,4.0,2,0,2,0,0.0,100.0,0.0
TR,Riverside,2013,ethnicity,hispanic_latino,1,0.32,3.31,341,189,88,16,55.43,25.81,4.69
TR,Riverside,2013,ethnicity,hispanic_latino,2,3.31,3.66,76,44,21,1,57.89,27.63,1.32
TR,Riverside,2013,ethnicity,hispanic_latino,3,3.66,4.0,33,23,5,3,69.7,15.15,9.09
TR,Riverside,2013,ethnicity,international,1,0.32,3.31,80,56,13,1,70.0,16.25,1.25
TR,Riverside,2013,ethnicity,international,2,3.31,3.66,21,17,4,0,80.95,19.05,0.0
TR,Riverside,2013,ethnicity,international,3,3.66,4.0,5,3,1,0,60.0,20.0,0.0
TR,Riverside,2013,ethnicity,white,1,0.32,3.31,214,127,48,8,59.35,22.43,3.74
TR,Riverside,2013,ethnicity,white,2,3.31,3.66,53,34,12,3,64.15,22.64,5.66
TR,Riverside,2013,ethnicity,white,3,3.66,4.0,45,27,10,4,60.0,22.22,8.89
TR,Riverside,2013,first_gen_status,first_gen,1,0.32,3.31,600,341,137,21,56.83,22.83,3.5
TR,Riverside,2013,first_gen_status,first_gen,2,3.31,3.66,128,75,36,4,58.59,28.12,3.12
TR,Riverside,2013,first_gen_status,first_gen,3,3.66,4.0,72,51,11,4,70.83,15.28,5.56
TR,Riverside,2013,first_gen_status,not_first_gen,1,0.32,3.31,338,197,76,17,58.28,22.49,5.03
TR,Riverside,2013,first_gen_status,not_first_gen,2,3.31,3.66,69,44,19,2,63.77,27.54,2.9
TR,Riverside,2013,first_gen_status,not_first_gen,3,3.66,4.0,47,30,11,3,63.83,23.4,6.38
TR,Riverside,2013,overall,overall,1,0.32,3.31,979,560,223,41,57.2,22.78,4.19
TR,Riverside,2013,overall,overall,2,3.31,3.66,205,125,55,6,60.98,26.83,2.93
TR,Riverside,2013,overall,overall,3,3.66,4.0,121,82,23,7,67.77,19.01,5.79
TR,Riverside,2013,pell_status,non_pell,1,0.32,3.31,292,189,52,3,64.73,17.81,1.03
TR,Riverside,2013,pell_status,non_pell,2,3.31,3.66,81,52,22,2,64.2,27.16,2.47
TR,Riverside,2013,pell_status,non_pell,3,3.66,4.0,38,30,4,1,78.95,10.53,2.63
TR,Riverside,2013,pell_status,pell,1,0.32,3.31,687,371,171,38,54.0,24.89,5.53
TR,Riverside,2013,pell_status,pell,2,3.31,3.66,124,73,33,4,58.87,26.61,3.23
TR,Riverside,2013,pell_status,pell,3,3.66,4.0,83,52,19,6,62.65,22.89,7.23
TR,Riverside,2014,ethnicity,aian,1,0.82,3.34,9,5,2,0,55.56,22.22,0.0
TR,Riverside,2014,ethnicity,aian,3,3.68,4.0,2,1,1,0,50.0,50.0,0.0
TR,Riverside,2014,ethnicity,asian,1,0.82,3.34,248,161,50,10,64.92,20.16,4.03
TR,Riverside,2014,ethnicity,asian,2,3.34,3.68,57,36,14,2,63.16,24.56,3.51
TR,Riverside,2014,ethnicity,asian,3,3.68,4.0,15,8,7,0,53.33,46.67,0.0
TR,Riverside,2014,ethnicity,black,1,0.82,3.34,74,38,15,3,51.35,20.27,4.05
TR,Riverside,2014,ethnicity,black,2,3.34,3.68,12,8,2,0,66.67,16.67,0.0
TR,Riverside,2014,ethnicity,black,3,3.68,4.0,6,4,1,1,66.67,16.67,16.67
TR,Riverside,2014,ethnicity,hispanic_latino,1,0.82,3.34,353,215,81,10,60.91,22.95,2.83
TR,Riverside,2014,ethnicity,hispanic_latino,2,3.34,3.68,62,43,16,1,69.35,25.81,1.61
TR,Riverside,2014,ethnicity,hispanic_latino,3,3.68,4.0,31,17,9,2,54.84,29.03,6.45
TR,Riverside,2014,ethnicity,international,1,0.82,3.34,103,64,24,3,62.14,23.3,2.91
TR,Riverside,2014,ethnicity,international,2,3.34,3.68,27,17,6,1,62.96,22.22,3.7
TR,Riverside,2014,ethnicity,international,3,3.68,4.0,13,9,3,0,69.23,23.08,0.0
TR,Riverside,2014,ethnicity,white,1,0.82,3.34,159,84,36,7,52.83,22.64,4.4
TR,Riverside,2014,ethnicity,white,2,3.34,3.68,53,30,17,1,56.6,32.08,1.89
TR,Riverside,2014,ethnicity,white,3,3.68,4.0,33,26,7,0,78.79,21.21,0.0
TR,Riverside,2014,first_gen_status,first_gen,1,0.82,3.34,606,371,136,23,61.22,22.44,3.8
TR,Riverside,2014,first_gen_status,first_gen,2,3.34,3.68,121,79,29,4,65.29,23.97,3.31
TR,Riverside,2014,first_gen_status,first_gen,3,3.68,4.0,63,39,20,1,61.9,31.75,1.59
TR,Riverside,2014,first_gen_status,not_first_gen,1,0.82,3.34,320,182,69,12,56.88,21.56,3.75
TR,Riverside,2014,first_gen_status,not_first_gen,2,3.34,3.68,81,50,24,1,61.73,29.63,1.23
TR,Riverside,2014,first_gen_status,not_first_gen,3,3.68,4.0,31,25,4,1,80.65,12.9,3.23
TR,Riverside,2014,overall,overall,1,0.82,3.34,965,579,211,35,60.0,21.87,3.63
TR,Riverside,2014,overall,overall,2,3.34,3.68,216,138,56,5,63.89,25.93,2.31
TR,Riverside,2014,overall,overall,3,3.68,4.0,102,67,28,3,65.69,27.45,2.94
TR,Riverside,2014,pell_status,non_pell,1,0.82,3.34,290,180,63,6,62.07,21.72,2.07
TR,Riverside,2014,pell_status,non_pell,2,3.34,3.68,77,53,17,1,68.83,22.08,1.3
TR,Riverside,2014,pell_status,non_pell,3,3.68,4.0,34,23,8,1,67.65,23.53,2.94
TR,Riverside,2014,pell_status,pell,1,0.82,3.34,675,399,148,29,59.11,21.93,4.3
TR,Riverside,2014,pell_status,pell,2,3.34,3.68,139,85,39,4,61.15,28.06,2.88
TR,Riverside,2014,pell_status,pell,3,3.68,4.0,68,44,20,2,64.71,29.41,2.94
TR,Riverside,2015,ethnicity,aian,1,1.4,3.34,5,4,0,0,80.0,0.0,0.0
TR,Riverside,2015,ethnicity,aian,2,3.34,3.68,1,1,0,0,100.0,0.0,0.0
TR,Riverside,2015,ethnicity,asian,1,1.4,3.34,235,130,59,11,55.32,25.11,4.68
TR,Riverside,2015,ethnicity,asian,2,3.34,3.68,53,35,15,1,66.04,28.3,1.89
TR,Riverside,2015,ethnicity,asian,3,3.68,4.0,23,15,6,0,65.22,26.09,0.0
TR,Riverside,2015,ethnicity,black,1,1.4,3.34,61,32,13,4,52.46,21.31,6.56
TR,Riverside,2015,ethnicity,black,2,3.34,3.68,11,4,5,1,36.36,45.45,9.09
TR,Riverside,2015,ethnicity,black,3,3.68,4.0,6,3,3,0,50.0,50.0,0.0
TR,Riverside,2015,ethnicity,hispanic_latino,1,1.4,3.34,380,201,98,15,52.89,25.79,3.95
TR,Riverside,2015,ethnicity,hispanic_latino,2,3.34,3.68,62,34,16,2,54.84,25.81,3.23
TR,Riverside,2015,ethnicity,hispanic_latino,3,3.68,4.0,37,25,8,0,67.57,21.62,0.0
TR,Riverside,2015,ethnicity,international,1,1.4,3.34,91,48,15,5,52.75,16.48,5.49
TR,Riverside,2015,ethnicity,international,2,3.34,3.68,17,13,1,1,76.47,5.88,5.88
TR,Riverside,2015,ethnicity,international,3,3.68,4.0,5,4,0,0,80.0,0.0,0.0
TR,Riverside,2015,ethnicity,white,1,1.4,3.34,182,99,43,6,54.4,23.63,3.3
TR,Riverside,2015,ethnicity,white,2,3.34,3.68,56,33,10,3,58.93,17.86,5.36
TR,Riverside,2015,ethnicity,white,3,3.68,4.0,31,23,6,1,74.19,19.35,3.23
TR,Riverside,2015,first_gen_status,first_gen,1,1.4,3.34,595,330,140,23,55.46,23.53,3.87
TR,Riverside,2015,first_gen_status,first_gen,2,3.34,3.68,125,75,28,4,60.0,22.4,3.2
TR,Riverside,2015,first_gen_status,first_gen,3,3.68,4.0,61,46,10,0,75.41,16.39,0.0
TR,Riverside,2015,first_gen_status,not_first_gen,1,1.4,3.34,317,170,73,15,53.63,23.03,4.73
TR,Riverside,2015,first_gen_status,not_first_gen,2,3.34,3.68,71,44,19,2,61.97,26.76,2.82
TR,Riverside,2015,first_gen_status,not_first_gen,3,3.68,4.0,37,21,12,1,56.76,32.43,2.7
TR,Riverside,2015,overall,overall,1,1.4,3.34,969,525,230,41,54.18,23.74,4.23
TR,Riverside,2015,overall,overall,2,3.34,3.68,203,121,49,8,59.61,24.14,3.94
TR,Riverside,2015,overall,overall,3,3.68,4.0,103,70,23,1,67.96,22.33,0.97
TR,Riverside,2015,pell_status,non_pell,1,1.4,3.34,286,168,56,9,58.74,19.58,3.15
TR,Riverside,2015,pell_status,non_pell,2,3.34,3.68,67,38,18,2,56.72,26.87,2.99
TR,Riverside,2015,pell_status,non_pell,3,3.68,4.0,33,20,7,0,60.61,21.21,0.0
TR,Riverside,2015,pell_status,pell,1,1.4,3.34,683,357,174,32,52.27,25.48,4.69
TR,Riverside,2015,pell_status,pell,2,3.34,3.68,136,83,31,6,61.03,22.79,4.41
TR,Riverside,2015,pell_status,pell,3,3.68,4.0,70,50,16,1,71.43,22.86,1.43
TR,Riverside,2016,ethnicity,aian,1,0.36,3.33,6,2,1,2,33.33,16.67,33.33
TR,Riverside,2016,ethnicity,aian,2,3.33,3.68,3,1,1,0,33.33,33.33,0.0
TR,Riverside,2016,ethnicity,asian,1,0.36,3.33,164,84,38,10,51.22,23.17,6.1
TR,Riverside,2016,ethnicity,asian,2,3.33,3.68,70,45,18,2,64.29,25.71,2.86
TR,Riverside,2016,ethnicity,asian,3,3.68,4.0,20,14,3,1,70.0,15.0,5.0
TR,Riverside,2016,ethnicity,black,1,0.36,3.33,83,46,13,4,55.42,15.66,4.82
TR,Riverside,2016,ethnicity,black,2,3.33,3.68,14,8,3,0,57.14,21.43,0.0
TR,Riverside,2016,ethnicity,black,3,3.68,4.0,3,2,1,0,66.67,33.33,0.0
TR,Riverside,2016,ethnicity,hispanic_latino,1,0.36,3.33,367,215,76,14,58.58,20.71,3.81
TR,Riverside,2016,ethnicity,hispanic_latino,2,3.33,3.68,105,67,19,6,63.81,18.1,5.71
TR,Riverside,2016,ethnicity,hispanic_latino,3,3.68,4.0,55,30,13,4,54.55,23.64,7.27
TR,Riverside,2016,ethnicity,international,1,0.36,3.33,52,35,6,1,67.31,11.54,1.92
TR,Riverside,2016,ethnicity,international,2,3.33,3.68,20,17,1,1,85.0,5.0,5.0
TR,Riverside,2016,ethnicity,international,3,3.68,4.0,6,3,3,0,50.0,50.0,0.0
TR,Riverside,2016,ethnicity,white,1,0.36,3.33,140,80,28,10,57.14,20.0,7.14
TR,Riverside,2016,ethnicity,white,2,3.33,3.68,65,36,15,0,55.38,23.08,0.0
TR,Riverside,2016,ethnicity,white,3,3.68,4.0,36,25,10,0,69.44,27.78,0.0
TR,Riverside,2016,first_gen_status,first_gen,1,0.36,3.33,552,319,107,25,57.79,19.38,4.53
TR,Riverside,2016,first_gen_status,first_gen,2,3.33,3.68,179,116,33,6,64.8,18.44,3.35
TR,Riverside,2016,first_gen_status,first_gen,3,3.68,4.0,76,47,18,4,61.84,23.68,5.26
TR,Riverside,2016,first_gen_status,not_first_gen,1,0.36,3.33,241,132,54,14,54.77,22.41,5.81
TR,Riverside,2016,first_gen_status,not_first_gen,2,3.33,3.68,92,56,21,4,60.87,22.83,4.35
TR,Riverside,2016,first_gen_status,not_first_gen,3,3.68,4.0,40,25,11,0,62.5,27.5,0.0
TR,Riverside,2016,overall,overall,1,0.36,3.33,833,474,170,41,56.9,20.41,4.92
TR,Riverside,2016,overall,overall,2,3.33,3.68,283,177,57,11,62.54,20.14,3.89
TR,Riverside,2016,overall,overall,3,3.68,4.0,121,75,30,5,61.98,24.79,4.13
TR,Riverside,2016,pell_status,non_pell,1,0.36,3.33,245,148,39,8,60.41,15.92,3.27
TR,Riverside,2016,pell_status,non_pell,2,3.33,3.68,91,60,13,4,65.93,14.29,4.4
TR,Riverside,2016,pell_status,non_pell,3,3.68,4.0,42,28,10,1,66.67,23.81,2.38
TR,Riverside,2016,pell_status,pell,1,0.36,3.33,588,326,131,33,55.44,22.28,5.61
TR,Riverside,2016,pell_status,pell,2,3.33,3.68,192,117,44,7,60.94,22.92,3.65
TR,Riverside,2016,pell_status,pell,3,3.68,4.0,79,47,20,4,59.49,25.32,5.06
TR,Riverside,2017,ethnicity,aian,1,0.3,3.33,4,2,1,0,50.0,25.0,0.0
TR,Riverside,2017,ethnicity,aian,2,3.33,3.69,4,4,0,0,100.0,0.0,0.0
TR,Riverside,2017,ethnicity,asian,1,0.3,3.33,224,121,64,10,54.02,28.57,4.46
TR,Riverside,2017,ethnicity,asian,2,3.33,3.69,62,38,14,2,61.29,22.58,3.23
TR,Riverside,2017,ethnicity,asian,3,3.69,4.0,28,19,3,1,67.86,10.71,3.57
TR,Riverside,2017,ethnicity,black,1,0.3,3.33,75,36,14,4,48.0,18.67,5.33
TR,Riverside,2017,ethnicity,black,2,3.33,3.69,20,10,7,0,50.0,35.0,0.0
TR,Riverside,2017,ethnicity,black,3,3.69,4.0,5,3,1,0,60.0,20.0,0.0
TR,Riverside,2017,ethnicity,hispanic_latino,1,0.3,3.33,458,234,125,17,51.09,27.29,3.71
TR,Riverside,2017,ethnicity,hispanic_latino,2,3.33,3.69,98,61,24,1,62.24,24.49,1.02
TR,Riverside,2017,ethnicity,hispanic_latino,3,3.69,4.0,34,24,6,1,70.59,17.65,2.94
TR,Riverside,2017,ethnicity,international,1,0.3,3.33,89,61,9,3,68.54,10.11,3.37
TR,Riverside,2017,ethnicity,international,2,3.33,3.69,26,19,3,0,73.08,11.54,0.0
TR,Riverside,2017,ethnicity,international,3,3.69,4.0,11,8,3,0,72.73,27.27,0.0
TR,Riverside,2017,ethnicity,white,1,0.3,3.33,138,75,37,6,54.35,26.81,4.35
TR,Riverside,2017,ethnicity,white,2,3.33,3.69,54,31,16,1,57.41,29.63,1.85
TR,Riverside,2017,ethnicity,white,3,3.69,4.0,22,11,5,2,50.0,22.73,9.09
TR,Riverside,2017,first_gen_status,first_gen,1,0.3,3.33,641,327,161,23,51.01,25.12,3.59
TR,Riverside,2017,first_gen_status,first_gen,2,3.33,3.69,157,105,34,3,66.88,21.66,1.91
TR,Riverside,2017,first_gen_status,first_gen,3,3.69,4.0,61,37,11,3,60.66,18.03,4.92
TR,Riverside,2017,first_gen_status,not_first_gen,1,0.3,3.33,313,189,75,13,60.38,23.96,4.15
TR,Riverside,2017,first_gen_status,not_first_gen,2,3.33,3.69,95,53,26,0,55.79,27.37,0.0
TR,Riverside,2017,first_gen_status,not_first_gen,3,3.69,4.0,33,24,6,1,72.73,18.18,3.03
TR,Riverside,2017,overall,overall,1,0.3,3.33,997,532,252,40,53.36,25.28,4.01
TR,Riverside,2017,overall,overall,2,3.33,3.69,269,166,65,4,61.71,24.16,1.49
TR,Riverside,2017,overall,overall,3,3.69,4.0,100,65,18,4,65.0,18.0,4.0
TR,Riverside,2017,pell_status,non_pell,1,0.3,3.33,324,199,63,13,61.42,19.44,4.01
TR,Riverside,2017,pell_status,non_pell,2,3.33,3.69,105,71,16,2,67.62,15.24,1.9
TR,Riverside,2017,pell_status,non_pell,3,3.69,4.0,40,27,7,1,67.5,17.5,2.5
TR,Riverside,2017,pell_status,pell,1,0.3,3.33,673,333,189,27,49.48,28.08,4.01
TR,Riverside,2017,pell_status,pell,2,3.33,3.69,164,95,49,2,57.93,29.88,1.22
TR,Riverside,2017,pell_status,pell,3,3.69,4.0,60,38,11,3,63.33,18.33,5.0
TR,Riverside,2018,ethnicity,aian,1,0.32,3.34,4,2,1,0,50.0,25.0,0.0
TR,Riverside,2018,ethnicity,aian,2,3.34,3.7,1,1,0,0,100.0,0.0,0.0
TR,Riverside,2018,ethnicity,aian,3,3.7,4.0,1,1,0,0,100.0,0.0,0.0
TR,Riverside,2018,ethnicity,asian,1,0.32,3.34,304,170,73,13,55.92,24.01,4.28
TR,Riverside,2018,ethnicity,asian,2,3.34,3.7,66,40,17,3,60.61,25.76,4.55
TR,Riverside,2018,ethnicity,asian,3,3.7,4.0,41,26,8,1,63.41,19.51,2.44
TR,Riverside,2018,ethnicity,black,1,0.32,3.34,113,55,26,4,48.67,23.01,3.54
TR,Riverside,2018,ethnicity,black,2,3.34,3.7,17,13,4,0,76.47,23.53,0.0
TR,Riverside,2018,ethnicity,black,3,3.7,4.0,11,9,1,0,81.82,9.09,0.0
TR,Riverside,2018,ethnicity,hispanic_latino,1,0.32,3.34,638,350,157,28,54.86,24.61,4.39
TR,Riverside,2018,ethnicity,hispanic_latino,2,3.34,3.7,133,86,28,3,64.66,21.05,2.26
TR,Riverside,2018,ethnicity,hispanic_latino,3,3.7,4.0,52,40,6,1,76.92,11.54,1.92
TR,Riverside,2018,ethnicity,international,1,0.32,3.34,128,74,25,3,57.81,19.53,2.34
TR,Riverside,2018,ethnicity,international,2,3.34,3.7,55,37,9,0,67.27,16.36,0.0
TR,Riverside,2018,ethnicity,international,3,3.7,4.0,19,16,3,0,84.21,15.79,0.0
TR,Riverside,2018,ethnicity,white,1,0.32,3.34,192,105,51,6,54.69,26.56,3.12
TR,Riverside,2018,ethnicity,white,2,3.34,3.7,68,36,21,4,52.94,30.88,5.88
TR,Riverside,2018,ethnicity,white,3,3.7,4.0,42,29,8,1,69.05,19.05,2.38
TR,Riverside,2018,first_gen_status,first_gen,1,0.32,3.34,853,447,209,38,52.4,24.5,4.45
TR,Riverside,2018,first_gen_status,first_gen,2,3.34,3.7,199,125,45,6,62.81,22.61,3.02
TR,Riverside,2018,first_gen_status,first_gen,3,3.7,4.0,86,61,13,3,70.93,15.12,3.49
TR,Riverside,2018,first_gen_status,not_first_gen,1,0.32,3.34,460,269,108,16,58.48,23.48,3.48
TR,Riverside,2018,first_gen_status,not_first_gen,2,3.34,3.7,129,79,30,4,61.24,23.26,3.1
TR,Riverside,2018,first_gen_status,not_first_gen,3,3.7,4.0,75,55,13,0,73.33,17.33,0.0
TR,Riverside,2018,overall,overall,1,0.32,3.34,1402,767,338,56,54.71,24.11,3.99
TR,Riverside,2018,overall,overall,2,3.34,3.7,342,213,79,10,62.28,23.1,2.92
TR,Riverside,2018,overall,overall,3,3.7,4.0,171,125,27,3,73.1,15.79,1.75
TR,Riverside,2018,pell_status,non_pell,1,0.32,3.34,477,287,85,13,60.17,17.82,2.73
TR,Riverside,2018,pell_status,non_pell,2,3.34,3.7,142,95,23,4,66.9,16.2,2.82
TR,Riverside,2018,pell_status,non_pell,3,3.7,4.0,69,52,12,0,75.36,17.39,0.0
TR,Riverside,2018,pell_status,pell,1,0.32,3.34,925,480,253,43,51.89,27.35,4.65
TR,Riverside,2018,pell_status,pell,2,3.34,3.7,200,118,56,6,59.0,28.0,3.0
TR,Riverside,2018,pell_status,pell,3,3.7,4.0,102,73,15,3,71.57,14.71,2.94
TR,Riverside,2019,ethnicity,asian,1,0.32,3.38,280,161,78,10,57.5,27.86,3.57
TR,Riverside,2019,ethnicity,asian,2,3.38,3.73,77,53,15,1,68.83,19.48,1.3
TR,Riverside,2019,ethnicity,asian,3,3.73,4.0,23,15,4,1,65.22,17.39,4.35
TR,Riverside,2019,ethnicity,black,1,0.32,3.38,106,55,25,7,51.89,23.58,6.6
TR,Riverside,2019,ethnicity,black,2,3.38,3.73,25,13,5,3,52.0,20.0,12.0
TR,Riverside,2019,ethnicity,black,3,3.73,4.0,9,8,1,0,88.89,11.11,0.0
TR,Riverside,2019,ethnicity,hispanic_latino,1,0.32,3.38,656,372,154,30,56.71,23.48,4.57
TR,Riverside,2019,ethnicity,hispanic_latino,2,3.38,3.73,154,99,34,7,64.29,22.08,4.55
TR,Riverside,2019,ethnicity,hispanic_latino,3,3.73,4.0,59,41,14,0,69.49,23.73,0.0
TR,Riverside,2019,ethnicity,international,1,0.32,3.38,144,94,19,4,65.28,13.19,2.78
TR,Riverside,2019,ethnicity,international,2,3.38,3.73,28,16,8,1,57.14,28.57,3.57
TR,Riverside,2019,ethnicity,international,3,3.73,4.0,15,10,3,0,66.67,20.0,0.0
TR,Riverside,2019,ethnicity,white,1,0.32,3.38,209,117,43,9,55.98,20.57,4.31
TR,Riverside,2019,ethnicity,white,2,3.38,3.73,78,49,13,2,62.82,16.67,2.56
TR,Riverside,2019,ethnicity,white,3,3.73,4.0,47,30,9,0,63.83,19.15,0.0
TR,Riverside,2019,first_gen_status,first_gen,1,0.32,3.38,930,531,207,41,57.1,22.26,4.41
TR,Riverside,2019,first_gen_status,first_gen,2,3.38,3.73,219,137,49,8,62.56,22.37,3.65
TR,Riverside,2019,first_gen_status,first_gen,3,3.73,4.0,91,68,17,0,74.73,18.68,0.0
TR,Riverside,2019,first_gen_status,not_first_gen,1,0.32,3.38,426,245,109,16,57.51,25.59,3.76
TR,Riverside,2019,first_gen_status,not_first_gen,2,3.38,3.73,126,87,23,2,69.05,18.25,1.59
TR,Riverside,2019,first_gen_status,not_first_gen,3,3.73,4.0,63,38,15,1,60.32,23.81,1.59
TR,Riverside,2019,overall,overall,1,0.32,3.38,1424,810,329,62,56.88,23.1,4.35
TR,Riverside,2019,overall,overall,2,3.38,3.73,363,230,75,15,63.36,20.66,4.13
TR,Riverside,2019,overall,overall,3,3.73,4.0,159,109,32,1,68.55,20.13,0.63
TR,Riverside,2019,pell_status,non_pell,1,0.32,3.38,537,321,107,18,59.78,19.93,3.35
TR,Riverside,2019,pell_status,non_pell,2,3.38,3.73,144,94,26,3,65.28,18.06,2.08
TR,Riverside,2019,pell_status,non_pell,3,3.73,4.0,71,48,12,1,67.61,16.9,1.41
TR,Riverside,2019,pell_status,pell,1,0.32,3.38,887,489,222,44,55.13,25.03,4.96
TR,Riverside,2019,pell_status,pell,2,3.38,3.73,219,136,49,12,62.1,22.37,5.48
TR,Riverside,2019,pell_status,pell,3,3.73,4.0,88,61,20,0,69.32,22.73,0.0
TR,Riverside,2020,ethnicity,asian,1,1.25,3.39,332,190,71,20,57.23,21.39,6.02
TR,Riverside,2020,ethnicity,asian,2,3.39,3.74,85,53,24,2,62.35,28.24,2.35
TR,Riverside,2020,ethnicity,asian,3,3.74,4.0,56,32,14,2,57.14,25.0,3.57
TR,Riverside,2020,ethnicity,black,1,1.25,3.39,142,67,32,6,47.18,22.54,4.23
TR,Riverside,2020,ethnicity,black,2,3.39,3.74,24,11,6,2,45.83,25.0,8.33
TR,Riverside,2020,ethnicity,black,3,3.74,4.0,11,7,2,0,63.64,18.18,0.0
TR,Riverside,2020,ethnicity,hispanic_latino,1,1.25,3.39,716,365,167,40,50.98,23.32,5.59
TR,Riverside,2020,ethnicity,hispanic_latino,2,3.39,3.74,142,81,32,6,57.04,22.54,4.23
TR,Riverside,2020,ethnicity,hispanic_latino,3,3.74,4.0,59,32,13,4,54.24,22.03,6.78
TR,Riverside,2020,ethnicity,international,1,1.25,3.39,112,58,20,4,51.79,17.86,3.57
TR,Riverside,2020,ethnicity,international,2,3.39,3.74,16,8,3,0,50.0,18.75,0.0
TR,Riverside,2020,ethnicity,international,3,3.74,4.0,6,1,2,0,16.67,33.33,0.0
TR,Riverside,2020,ethnicity,white,1,1.25,3.39,215,106,53,11,49.3,24.65,5.12
TR,Riverside,2020,ethnicity,white,2,3.39,3.74,68,37,17,4,54.41,25.0,5.88
TR,Riverside,2020,ethnicity,white,3,3.74,4.0,41,27,9,1,65.85,21.95,2.44
TR,Riverside,2020,first_gen_status,first_gen,1,1.25,3.39,1015,523,216,53,51.53,21.28,5.22
TR,Riverside,2020,first_gen_status,first_gen,2,3.39,3.74,229,130,53,8,56.77,23.14,3.49
TR,Riverside,2020,first_gen_status,first_gen,3,3.74,4.0,92,53,18,5,57.61,19.57,5.43
TR,Riverside,2020,first_gen_status,not_first_gen,1,1.25,3.39,496,257,126,28,51.81,25.4,5.65
TR,Riverside,2020,first_gen_status,not_first_gen,2,3.39,3.74,106,55,33,5,51.89,31.13,4.72
TR,Riverside,2020,first_gen_status,not_first_gen,3,3.74,4.0,88,51,22,3,57.95,25.0,3.41
TR,Riverside,2020,overall,overall,1,1.25,3.39,1557,807,352,83,51.83,22.61,5.33
TR,Riverside,2020,overall,overall,2,3.39,3.74,347,194,87,14,55.91,25.07,4.03
TR,Riverside,2020,overall,overall,3,3.74,4.0,182,105,41,8,57.69,22.53,4.4
TR,Riverside,2020,pell_status,non_pell,1,1.25,3.39,551,303,117,18,54.99,21.23,3.27
TR,Riverside,2020,pell_status,non_pell,2,3.39,3.74,130,69,34,5,53.08,26.15,3.85
TR,Riverside,2020,pell_status,non_pell,3,3.74,4.0,74,42,20,2,56.76,27.03,2.7
TR,Riverside,2020,pell_status,pell,1,1.25,3.39,1006,504,235,65,50.1,23.36,6.46
TR,Riverside,2020,pell_status,pell,2,3.39,3.74,217,125,53,9,57.6,24.42,4.15
TR,Riverside,2020,pell_status,pell,3,3.74,4.0,108,63,21,6,58.33,19.44,5.56
TR,Riverside,2021,ethnicity,aian,1,1.0,3.5,5,2,2,0,40.0,40.0,0.0
TR,Riverside,2021,ethnicity,asian,1,1.0,3.5,415,256,82,17,61.69,19.76,4.1
TR,Riverside,2021,ethnicity,asian,2,3.5,3.82,116,71,30,2,61.21,25.86,1.72
TR,Riverside,2021,ethnicity,asian,3,3.82,4.0,44,33,10,0,75.0,22.73,0.0
TR,Riverside,2021,ethnicity,black,1,1.0,3.5,101,57,22,4,56.44,21.78,3.96
TR,Riverside,2021,ethnicity,black,2,3.5,3.82,17,7,5,2,41.18,29.41,11.76
TR,Riverside,2021,ethnicity,black,3,3.82,4.0,12,6,4,0,50.0,33.33,0.0
TR,Riverside,2021,ethnicity,hispanic_latino,1,1.0,3.5,663,367,148,28,55.35,22.32,4.22
TR,Riverside,2021,ethnicity,hispanic_latino,2,3.5,3.82,124,78,26,6,62.9,20.97,4.84
TR,Riverside,2021,ethnicity,hispanic_latino,3,3.82,4.0,70,49,12,1,70.0,17.14,1.43
TR,Riverside,2021,ethnicity,international,1,1.0,3.5,83,54,14,4,65.06,16.87,4.82
TR,Riverside,2021,ethnicity,international,2,3.5,3.82,18,11,5,0,61.11,27.78,0.0
TR,Riverside,2021,ethnicity,international,3,3.82,4.0,8,3,4,0,37.5,50.0,0.0
TR,Riverside,2021,ethnicity,white,1,1.0,3.5,230,128,56,7,55.65,24.35,3.04
TR,Riverside,2021,ethnicity,white,2,3.5,3.82,83,53,18,4,63.86,21.69,4.82
TR,Riverside,2021,ethnicity,white,3,3.82,4.0,41,26,10,3,63.41,24.39,7.32
TR,Riverside,2021,first_gen_status,first_gen,1,1.0,3.5,1017,571,217,40,56.15,21.34,3.93
TR,Riverside,2021,first_gen_status,first_gen,2,3.5,3.82,211,136,41,9,64.45,19.43,4.27
TR,Riverside,2021,first_gen_status,first_gen,3,3.82,4.0,103,68,23,4,66.02,22.33,3.88
TR,Riverside,2021,first_gen_status,not_first_gen,1,1.0,3.5,459,271,109,20,59.04,23.75,4.36
TR,Riverside,2021,first_gen_status,not_first_gen,2,3.5,3.82,144,83,42,4,57.64,29.17,2.78
TR,Riverside,2021,first_gen_status,not_first_gen,3,3.82,4.0,73,51,15,0,69.86,20.55,0.0
TR,Riverside,2021,overall,overall,1,1.0,3.5,1516,872,329,61,57.52,21.7,4.02
TR,Riverside,2021,overall,overall,2,3.5,3.82,360,220,85,14,61.11,23.61,3.89
TR,Riverside,2021,overall,overall,3,3.82,4.0,178,119,40,4,66.85,22.47,2.25
TR,Riverside,2021,pell_status,non_pell,1,1.0,3.5,542,329,102,13,60.7,18.82,2.4
TR,Riverside,2021,pell_status,non_pell,2,3.5,3.82,141,93,30,2,65.96,21.28,1.42
TR,Riverside,2021,pell_status,non_pell,3,3.82,4.0,72,50,15,0,69.44,20.83,0.0
TR,Riverside,2021,pell_status,pell,1,1.0,3.5,974,543,227,48,55.75,23.31,4.93
TR,Riverside,2021,pell_status,pell,2,3.5,3.82,219,127,55,12,57.99,25.11,5.48
TR,Riverside,2021,pell_status,pell,3,3.82,4.0,106,69,25,4,65.09,23.58,3.77
TR,San Diego,2010,ethnicity,aian,1,0.33,3.25,5,1,2,1,20.0,40.0,20.0
TR,San Diego,2010,ethnicity,aian,2,3.25,3.63,11,2,5,2,18.18,45.45,18.18
TR,San Diego,2010,ethnicity,aian,3,3.63,4.0,10,5,4,0,50.0,40.0,0.0
TR,San Diego,2010,ethnicity,asian,1,0.33,3.25,242,87,85,22,35.95,35.12,9.09
TR,San Diego,2010,ethnicity,asian,2,3.25,3.63,357,153,133,29,42.86,37.25,8.12
TR,San Diego,2010,ethnicity,asian,3,3.63,4.0,204,87,77,23,42.65,37.75,11.27
TR,San Diego,2010,ethnicity,black,1,0.33,3.25,25,7,11,2,28.0,44.0,8.0
TR,San Diego,2010,ethnicity,black,2,3.25,3.63,30,12,11,3,40.0,36.67,10.0
TR,San Diego,2010,ethnicity,black,3,3.63,4.0,16,4,8,2,25.0,50.0,12.5
TR,San Diego,2010,ethnicity,hispanic_latino,1,0.33,3.25,118,31,46,14,26.27,38.98,11.86
TR,San Diego,2010,ethnicity,hispanic_latino,2,3.25,3.63,142,54,51,11,38.03,35.92,7.75
TR,San Diego,2010,ethnicity,hispanic_latino,3,3.63,4.0,77,24,29,10,31.17,37.66,12.99
TR,San Diego,2010,ethnicity,international,1,0.33,3.25,33,14,13,3,42.42,39.39,9.09
TR,San Diego,2010,ethnicity,international,2,3.25,3.63,144,93,29,5,64.58,20.14,3.47
TR,San Diego,2010,ethnicity,international,3,3.63,4.0,128,94,21,5,73.44,16.41,3.91
TR,San Diego,2010,ethnicity,white,1,0.33,3.25,232,97,74,23,41.81,31.9,9.91
TR,San Diego,2010,ethnicity,white,2,3.25,3.63,366,125,139,46,34.15,37.98,12.57
TR,San Diego,2010,ethnicity,white,3,3.63,4.0,235,98,89,19,41.7,37.87,8.09
TR,San Diego,2010,first_gen_status,first_gen,1,0.33,3.25,302,113,99,29,37.42,32.78,9.6
TR,San Diego,2010,first_gen_status,first_gen,2,3.25,3.63,438,175,154,46,39.95,35.16,10.5
TR,San Diego,2010,first_gen_status,first_gen,3,3.63,4.0,259,114,93,20,44.02,35.91,7.72
TR,San Diego,2010,first_gen_status,not_first_gen,1,0.33,3.25,352,126,128,35,35.8,36.36,9.94
TR,San Diego,2010,first_gen_status,not_first_gen,2,3.25,3.63,596,245,216,53,41.11,36.24,8.89
TR,San Diego,2010,first_gen_status,not_first_gen,3,3.63,4.0,384,177,134,35,46.09,34.9,9.11
TR,San Diego,2010,overall,overall,1,0.33,3.25,711,260,248,69,36.57,34.88,9.7
TR,San Diego,2010,overall,overall,2,3.25,3.63,1125,462,394,110,41.07,35.02,9.78
TR,San Diego,2010,overall,overall,3,3.63,4.0,714,324,247,61,45.38,34.59,8.54
TR,San Diego,2010,pell_status,non_pell,1,0.33,3.25,280,118,100,21,42.14,35.71,7.5
TR,San Diego,2010,pell_status,non_pell,2,3.25,3.63,521,257,161,41,49.33,30.9,7.87
TR,San Diego,2010,pell_status,non_pell,3,3.63,4.0,394,220,109,27,55.84,27.66,6.85
TR,San Diego,2010,pell_status,pell,1,0.33,3.25,431,142,148,48,32.95,34.34,11.14
TR,San Diego,2010,pell_status,pell,2,3.25,3.63,604,205,233,69,33.94,38.58,11.42
TR,San Diego,2010,pell_status,pell,3,3.63,4.0,320,104,138,34,32.5,43.12,10.62
TR,San Diego,2011,ethnicity,aian,1,0.31,3.27,5,2,2,1,40.0,40.0,20.0
TR,San Diego,2011,ethnicity,aian,2,3.27,3.63,9,4,0,2,44.44,0.0,22.22
TR,San Diego,2011,ethnicity,aian,3,3.63,4.0,4,0,2,1,0.0,50.0,25.0
TR,San Diego,2011,ethnicity,asian,1,0.31,3.27,323,106,117,40,32.82,36.22,12.38
TR,San Diego,2011,ethnicity,asian,2,3.27,3.63,352,130,127,44,36.93,36.08,12.5
TR,San Diego,2011,ethnicity,asian,3,3.63,4.0,215,90,83,27,41.86,38.6,12.56
TR,San Diego,2011,ethnicity,black,1,0.31,3.27,31,12,6,8,38.71,19.35,25.81
TR,San Diego,2011,ethnicity,black,2,3.27,3.63,19,8,7,0,42.11,36.84,0.0
TR,San Diego,2011,ethnicity,black,3,3.63,4.0,9,3,1,1,33.33,11.11,11.11
TR,San Diego,2011,ethnicity,hispanic_latino,1,0.31,3.27,200,69,69,21,34.5,34.5,10.5
TR,San Diego,2011,ethnicity,hispanic_latino,2,3.27,3.63,161,48,70,14,29.81,43.48,8.7
TR,San Diego,2011,ethnicity,hispanic_latino,3,3.63,4.0,85,34,30,10,40.0,35.29,11.76
TR,San Diego,2011,ethnicity,international,1,0.31,3.27,102,52,28,10,50.98,27.45,9.8
TR,San Diego,2011,ethnicity,international,2,3.27,3.63,160,89,36,7,55.62,22.5,4.38
TR,San Diego,2011,ethnicity,international,3,3.63,4.0,119,74,28,6,62.18,23.53,5.04
TR,San Diego,2011,ethnicity,white,1,0.31,3.27,312,112,101,42,35.9,32.37,13.46
TR,San Diego,2011,ethnicity,white,2,3.27,3.63,320,132,118,24,41.25,36.88,7.5
TR,San Diego,2011,ethnicity,white,3,3.63,4.0,271,113,104,27,41.7,38.38,9.96
TR,San Diego,2011,first_gen_status,first_gen,1,0.31,3.27,460,165,146,51,35.87,31.74,11.09
TR,San Diego,2011,first_gen_status,first_gen,2,3.27,3.63,470,199,165,31,42.34,35.11,6.6
TR,San Diego,2011,first_gen_status,first_gen,3,3.63,4.0,302,131,103,31,43.38,34.11,10.26
TR,San Diego,2011,first_gen_status,not_first_gen,1,0.31,3.27,511,188,175,70,36.79,34.25,13.7
TR,San Diego,2011,first_gen_status,not_first_gen,2,3.27,3.63,549,208,199,58,37.89,36.25,10.56
TR,San Diego,2011,first_gen_status,not_first_gen,3,3.63,4.0,405,180,152,41,44.44,37.53,10.12
TR,San Diego,2011,overall,overall,1,0.31,3.27,1007,363,334,126,36.05,33.17,12.51
TR,San Diego,2011,overall,overall,2,3.27,3.63,1048,422,370,92,40.27,35.31,8.78
TR,San Diego,2011,overall,overall,3,3.63,4.0,732,324,262,74,44.26,35.79,10.11
TR,San Diego,2011,pell_status,non_pell,1,0.31,3.27,400,175,127,44,43.75,31.75,11.0
TR,San Diego,2011,pell_status,non_pell,2,3.27,3.63,519,245,158,38,47.21,30.44,7.32
TR,San Diego,2011,pell_status,non_pell,3,3.63,4.0,390,203,124,35,52.05,31.79,8.97
TR,San Diego,2011,pell_status,pell,1,0.31,3.27,607,188,207,82,30.97,34.1,13.51
TR,San Diego,2011,pell_status,pell,2,3.27,3.63,529,177,212,54,33.46,40.08,10.21
TR,San Diego,2011,pell_status,pell,3,3.63,4.0,342,121,138,39,35.38,40.35,11.4
TR,San Diego,2012,ethnicity,aian,1,0.3,3.3,3,0,2,0,0.0,66.67,0.0
TR,San Diego,2012,ethnicity,aian,2,3.3,3.65,7,2,3,0,28.57,42.86,0.0
TR,San Diego,2012,ethnicity,aian,3,3.65,4.0,4,3,1,0,75.0,25.0,0.0
TR,San Diego,2012,ethnicity,asian,1,0.3,3.3,164,49,59,23,29.88,35.98,14.02
TR,San Diego,2012,ethnicity,asian,2,3.3,3.65,326,131,123,30,40.18,37.73,9.2
TR,San Diego,2012,ethnicity,asian,3,3.65,4.0,250,98,107,20,39.2,42.8,8.0
TR,San Diego,2012,ethnicity,black,1,0.3,3.3,16,5,5,2,31.25,31.25,12.5
TR,San Diego,2012,ethnicity,black,2,3.3,3.65,18,4,6,5,22.22,33.33,27.78
TR,San Diego,2012,ethnicity,black,3,3.65,4.0,10,3,3,2,30.0,30.0,20.0
TR,San Diego,2012,ethnicity,hispanic_latino,1,0.3,3.3,97,28,35,10,28.87,36.08,10.31
TR,San Diego,2012,ethnicity,hispanic_latino,2,3.3,3.65,121,43,46,12,35.54,38.02,9.92
TR,San Diego,2012,ethnicity,hispanic_latino,3,3.65,4.0,83,31,37,5,37.35,44.58,6.02
TR,San Diego,2012,ethnicity,international,1,0.3,3.3,55,32,12,1,58.18,21.82,1.82
TR,San Diego,2012,ethnicity,international,2,3.3,3.65,159,90,38,6,56.6,23.9,3.77
TR,San Diego,2012,ethnicity,international,3,3.65,4.0,157,88,42,4,56.05,26.75,2.55
TR,San Diego,2012,ethnicity,white,1,0.3,3.3,159,55,64,21,34.59,40.25,13.21
TR,San Diego,2012,ethnicity,white,2,3.3,3.65,286,110,105,32,38.46,36.71,11.19
TR,San Diego,2012,ethnicity,white,3,3.65,4.0,221,92,81,18,41.63,36.65,8.14
TR,San Diego,2012,first_gen_status,first_gen,1,0.3,3.3,223,76,80,25,34.08,35.87,11.21
TR,San Diego,2012,first_gen_status,first_gen,2,3.3,3.65,417,177,147,41,42.45,35.25,9.83
TR,San Diego,2012,first_gen_status,first_gen,3,3.65,4.0,324,153,110,21,47.22,33.95,6.48
TR,San Diego,2012,first_gen_status,not_first_gen,1,0.3,3.3,259,89,93,29,34.36,35.91,11.2
TR,San Diego,2012,first_gen_status,not_first_gen,2,3.3,3.65,498,200,172,48,40.16,34.54,9.64
TR,San Diego,2012,first_gen_status,not_first_gen,3,3.65,4.0,400,159,161,31,39.75,40.25,7.75
TR,San Diego,2012,overall,overall,1,0.3,3.3,506,171,182,60,33.79,35.97,11.86
TR,San Diego,2012,overall,overall,2,3.3,3.65,944,388,327,93,41.1,34.64,9.85
TR,San Diego,2012,overall,overall,3,3.65,4.0,749,323,278,53,43.12,37.12,7.08
TR,San Diego,2012,pell_status,non_pell,1,0.3,3.3,211,84,75,19,39.81,35.55,9.0
TR,San Diego,2012,pell_status,non_pell,2,3.3,3.65,477,232,154,32,48.64,32.29,6.71
TR,San Diego,2012,pell_status,non_pell,3,3.65,4.0,383,200,122,18,52.22,31.85,4.7
TR,San Diego,2012,pell_status,pell,1,0.3,3.3,295,87,107,41,29.49,36.27,13.9
TR,San Diego,2012,pell_status,pell,2,3.3,3.65,467,156,173,61,33.4,37.04,13.06
TR,San Diego,2012,pell_status,pell,3,3.65,4.0,366,123,156,35,33.61,42.62,9.56
TR,San Diego,2013,ethnicity,aian,1,0.32,3.31,3,1,1,0,33.33,33.33,0.0
TR,San Diego,2013,ethnicity,aian,2,3.31,3.66,11,2,6,1,18.18,54.55,9.09
TR,San Diego,2013,ethnicity,aian,3,3.66,4.0,7,1,4,0,14.29,57.14,0.0
TR,San Diego,2013,ethnicity,asian,1,0.32,3.31,157,53,58,21,33.76,36.94,13.38
TR,San Diego,2013,ethnicity,asian,2,3.31,3.66,364,116,164,46,31.87,45.05,12.64
TR,San Diego,2013,ethnicity,asian,3,3.66,4.0,261,92,113,29,35.25,43.3,11.11
TR,San Diego,2013,ethnicity,black,1,0.32,3.31,24,7,8,5,29.17,33.33,20.83
TR,San Diego,2013,ethnicity,black,2,3.31,3.66,18,7,5,3,38.89,27.78,16.67
TR,San Diego,2013,ethnicity,black,3,3.66,4.0,28,6,12,3,21.43,42.86,10.71
TR,San Diego,2013,ethnicity,hispanic_latino,1,0.32,3.31,97,28,41,13,28.87,42.27,13.4
TR,San Diego,2013,ethnicity,hispanic_latino,2,3.31,3.66,191,62,68,27,32.46,35.6,14.14
TR,San Diego,2013,ethnicity,hispanic_latino,3,3.66,4.0,101,29,45,12,28.71,44.55,11.88
TR,San Diego,2013,ethnicity,international,1,0.32,3.31,107,49,32,7,45.79,29.91,6.54
TR,San Diego,2013,ethnicity,international,2,3.31,3.66,234,123,63,14,52.56,26.92,5.98
TR,San Diego,2013,ethnicity,international,3,3.66,4.0,190,113,53,7,59.47,27.89,3.68
TR,San Diego,2013,ethnicity,white,1,0.32,3.31,171,60,59,20,35.09,34.5,11.7
TR,San Diego,2013,ethnicity,white,2,3.31,3.66,382,139,160,37,36.39,41.88,9.69
TR,San Diego,2013,ethnicity,white,3,3.66,4.0,276,90,122,28,32.61,44.2,10.14
TR,San Diego,2013,first_gen_status,first_gen,1,0.32,3.31,268,101,88,33,37.69,32.84,12.31
TR,San Diego,2013,first_gen_status,first_gen,2,3.31,3.66,537,187,228,56,34.82,42.46,10.43
TR,San Diego,2013,first_gen_status,first_gen,3,3.66,4.0,388,154,150,35,39.69,38.66,9.02
TR,San Diego,2013,first_gen_status,not_first_gen,1,0.32,3.31,290,97,114,33,33.45,39.31,11.38
TR,San Diego,2013,first_gen_status,not_first_gen,2,3.31,3.66,657,252,242,73,38.36,36.83,11.11
TR,San Diego,2013,first_gen_status,not_first_gen,3,3.66,4.0,482,179,204,45,37.14,42.32,9.34
TR,San Diego,2013,overall,overall,1,0.32,3.31,571,203,204,67,35.55,35.73,11.73
TR,San Diego,2013,overall,overall,2,3.31,3.66,1225,453,477,133,36.98,38.94,10.86
TR,San Diego,2013,overall,overall,3,3.66,4.0,890,339,361,82,38.09,40.56,9.21
TR,San Diego,2013,pell_status,non_pell,1,0.32,3.31,259,114,82,21,44.02,31.66,8.11
TR,San Diego,2013,pell_status,non_pell,2,3.31,3.66,618,286,209,45,46.28,33.82,7.28
TR,San Diego,2013,pell_status,non_pell,3,3.66,4.0,453,223,162,27,49.23,35.76,5.96
TR,San Diego,2013,pell_status,pell,1,0.32,3.31,312,89,122,46,28.53,39.1,14.74
TR,San Diego,2013,pell_status,pell,2,3.31,3.66,607,167,268,88,27.51,44.15,14.5
TR,San Diego,2013,pell_status,pell,3,3.66,4.0,437,116,199,55,26.54,45.54,12.59
TR,San Diego,2014,ethnicity,aian,1,0.82,3.34,1,0,0,1,0.0,0.0,100.0
TR,San Diego,2014,ethnicity,aian,2,3.34,3.68,11,1,1,2,9.09,9.09,18.18
TR,San Diego,2014,ethnicity,aian,3,3.68,4.0,6,3,2,1,50.0,33.33,16.67
TR,San Diego,2014,ethnicity,asian,1,0.82,3.34,95,37,32,13,38.95,33.68,13.68
TR,San Diego,2014,ethnicity,asian,2,3.34,3.68,367,136,160,29,37.06,43.6,7.9
TR,San Diego,2014,ethnicity,asian,3,3.68,4.0,334,104,161,31,31.14,48.2,9.28
TR,San Diego,2014,ethnicity,black,1,0.82,3.34,8,2,1,0,25.0,12.5,0.0
TR,San Diego,2014,ethnicity,black,2,3.34,3.68,23,5,13,3,21.74,56.52,13.04
TR,San Diego,2014,ethnicity,black,3,3.68,4.0,19,5,11,0,26.32,57.89,0.0
TR,San Diego,2014,ethnicity,hispanic_latino,1,0.82,3.34,62,22,27,7,35.48,43.55,11.29
TR,San Diego,2014,ethnicity,hispanic_latino,2,3.34,3.68,166,66,67,14,39.76,40.36,8.43
TR,San Diego,2014,ethnicity,hispanic_latino,3,3.68,4.0,134,39,62,16,29.1,46.27,11.94
TR,San Diego,2014,ethnicity,international,1,0.82,3.34,28,19,3,1,67.86,10.71,3.57
TR,San Diego,2014,ethnicity,international,2,3.34,3.68,142,94,36,5,66.2,25.35,3.52
TR,San Diego,2014,ethnicity,international,3,3.68,4.0,287,186,76,10,64.81,26.48,3.48
TR,San Diego,2014,ethnicity,white,1,0.82,3.34,105,35,38,9,33.33,36.19,8.57
TR,San Diego,2014,ethnicity,white,2,3.34,3.68,295,102,115,32,34.58,38.98,10.85
TR,San Diego,2014,ethnicity,white,3,3.68,4.0,295,110,124,25,37.29,42.03,8.47
TR,San Diego,2014,first_gen_status,first_gen,1,0.82,3.34,144,54,47,16,37.5,32.64,11.11
TR,San Diego,2014,first_gen_status,first_gen,2,3.34,3.68,472,190,187,39,40.25,39.62,8.26
TR,San Diego,2014,first_gen_status,first_gen,3,3.68,4.0,516,233,200,41,45.16,38.76,7.95
TR,San Diego,2014,first_gen_status,not_first_gen,1,0.82,3.34,155,59,55,16,38.06,35.48,10.32
TR,San Diego,2014,first_gen_status,not_first_gen,2,3.34,3.68,529,213,207,44,40.26,39.13,8.32
TR,San Diego,2014,first_gen_status,not_first_gen,3,3.68,4.0,552,205,236,43,37.14,42.75,7.79
TR,San Diego,2014,overall,overall,1,0.82,3.34,310,117,107,32,37.74,34.52,10.32
TR,San Diego,2014,overall,overall,2,3.34,3.68,1031,411,406,89,39.86,39.38,8.63
TR,San Diego,2014,overall,overall,3,3.68,4.0,1099,454,445,87,41.31,40.49,7.92
TR,San Diego,2014,pell_status,non_pell,1,0.82,3.34,127,55,43,9,43.31,33.86,7.09
TR,San Diego,2014,pell_status,non_pell,2,3.34,3.68,492,248,162,31,50.41,32.93,6.3
TR,San Diego,2014,pell_status,non_pell,3,3.68,4.0,600,314,209,32,52.33,34.83,5.33
TR,San Diego,2014,pell_status,pell,1,0.82,3.34,183,62,64,23,33.88,34.97,12.57
TR,San Diego,2014,pell_status,pell,2,3.34,3.68,539,163,244,58,30.24,45.27,10.76
TR,San Diego,2014,pell_status,pell,3,3.68,4.0,499,140,236,55,28.06,47.29,11.02
TR,San Diego,2015,ethnicity,aian,1,1.4,3.34,3,2,1,0,66.67,33.33,0.0
TR,San Diego,2015,ethnicity,aian,2,3.34,3.68,4,1,2,1,25.0,50.0,25.0
TR,San Diego,2015,ethnicity,aian,3,3.68,4.0,6,3,2,1,50.0,33.33,16.67
TR,San Diego,2015,ethnicity,asian,1,1.4,3.34,241,100,76,16,41.49,31.54,6.64
TR,San Diego,2015,ethnicity,asian,2,3.34,3.68,317,125,128,28,39.43,40.38,8.83
TR,San Diego,2015,ethnicity,asian,3,3.68,4.0,290,111,125,22,38.28,43.1,7.59
TR,San Diego,2015,ethnicity,black,1,1.4,3.34,28,6,10,6,21.43,35.71,21.43
TR,San Diego,2015,ethnicity,black,2,3.34,3.68,25,12,5,3,48.0,20.0,12.0
TR,San Diego,2015,ethnicity,black,3,3.68,4.0,24,3,10,3,12.5,41.67,12.5
TR,San Diego,2015,ethnicity,hispanic_latino,1,1.4,3.34,138,49,48,17,35.51,34.78,12.32
TR,San Diego,2015,ethnicity,hispanic_latino,2,3.34,3.68,160,69,47,13,43.12,29.38,8.12
TR,San Diego,2015,ethnicity,hispanic_latino,3,3.68,4.0,118,51,47,11,43.22,39.83,9.32
TR,San Diego,2015,ethnicity,international,1,1.4,3.34,52,28,11,2,53.85,21.15,3.85
TR,San Diego,2015,ethnicity,international,2,3.34,3.68,181,100,55,6,55.25,30.39,3.31
TR,San Diego,2015,ethnicity,international,3,3.68,4.0,295,200,67,9,67.8,22.71,3.05
TR,San Diego,2015,ethnicity,white,1,1.4,3.34,196,88,58,17,44.9,29.59,8.67
TR,San Diego,2015,ethnicity,white,2,3.34,3.68,269,104,102,20,38.66,37.92,7.43
TR,San Diego,2015,ethnicity,white,3,3.68,4.0,258,123,97,15,47.67,37.6,5.81
TR,San Diego,2015,first_gen_status,first_gen,1,1.4,3.34,335,133,104,32,39.7,31.04,9.55
TR,San Diego,2015,first_gen_status,first_gen,2,3.34,3.68,460,203,156,31,44.13,33.91,6.74
TR,San Diego,2015,first_gen_status,first_gen,3,3.68,4.0,425,213,148,24,50.12,34.82,5.65
TR,San Diego,2015,first_gen_status,not_first_gen,1,1.4,3.34,319,134,101,29,42.01,31.66,9.09
TR,San Diego,2015,first_gen_status,not_first_gen,2,3.34,3.68,483,210,176,35,43.48,36.44,7.25
TR,San Diego,2015,first_gen_status,not_first_gen,3,3.68,4.0,551,272,193,37,49.36,35.03,6.72
TR,San Diego,2015,overall,overall,1,1.4,3.34,678,279,211,61,41.15,31.12,9.0
TR,San Diego,2015,overall,overall,2,3.34,3.68,979,425,345,72,43.41,35.24,7.35
TR,San Diego,2015,overall,overall,3,3.68,4.0,1010,494,357,65,48.91,35.35,6.44
TR,San Diego,2015,pell_status,non_pell,1,1.4,3.34,263,132,69,18,50.19,26.24,6.84
TR,San Diego,2015,pell_status,non_pell,2,3.34,3.68,484,254,149,23,52.48,30.79,4.75
TR,San Diego,2015,pell_status,non_pell,3,3.68,4.0,559,328,168,23,58.68,30.05,4.11
TR,San Diego,2015,pell_status,pell,1,1.4,3.34,415,147,142,43,35.42,34.22,10.36
TR,San Diego,2015,pell_status,pell,2,3.34,3.68,495,171,196,49,34.55,39.6,9.9
TR,San Diego,2015,pell_status,pell,3,3.68,4.0,451,166,189,42,36.81,41.91,9.31
TR,San Diego,2016,ethnicity,aian,1,0.36,3.33,3,3,0,0,100.0,0.0,0.0
TR,San Diego,2016,ethnicity,aian,2,3.33,3.68,7,3,1,1,42.86,14.29,14.29
TR,San Diego,2016,ethnicity,aian,3,3.68,4.0,6,3,2,1,50.0,33.33,16.67
TR,San Diego,2016,ethnicity,asian,1,0.36,3.33,243,80,86,33,32.92,35.39,13.58
TR,San Diego,2016,ethnicity,asian,2,3.33,3.68,384,146,140,36,38.02,36.46,9.38
TR,San Diego,2016,ethnicity,asian,3,3.68,4.0,267,125,106,14,46.82,39.7,5.24
TR,San Diego,2016,ethnicity,black,1,0.36,3.33,43,11,4,11,25.58,9.3,25.58
TR,San Diego,2016,ethnicity,black,2,3.33,3.68,34,16,4,5,47.06,11.76,14.71
TR,San Diego,2016,ethnicity,black,3,3.68,4.0,34,13,13,2,38.24,38.24,5.88
TR,San Diego,2016,ethnicity,hispanic_latino,1,0.36,3.33,170,70,50,19,41.18,29.41,11.18
TR,San Diego,2016,ethnicity,hispanic_latino,2,3.33,3.68,157,66,42,22,42.04,26.75,14.01
TR,San Diego,2016,ethnicity,hispanic_latino,3,3.68,4.0,98,39,35,13,39.8,35.71,13.27
TR,San Diego,2016,ethnicity,international,1,0.36,3.33,97,56,22,8,57.73,22.68,8.25
TR,San Diego,2016,ethnicity,international,2,3.33,3.68,239,134,68,8,56.07,28.45,3.35
TR,San Diego,2016,ethnicity,international,3,3.68,4.0,316,178,92,19,56.33,29.11,6.01
TR,San Diego,2016,ethnicity,white,1,0.36,3.33,198,61,64,23,30.81,32.32,11.62
TR,San Diego,2016,ethnicity,white,2,3.33,3.68,266,105,94,25,39.47,35.34,9.4
TR,San Diego,2016,ethnicity,white,3,3.68,4.0,258,111,99,22,43.02,38.37,8.53
TR,San Diego,2016,first_gen_status,first_gen,1,0.36,3.33,381,147,107,42,38.58,28.08,11.02
TR,San Diego,2016,first_gen_status,first_gen,2,3.33,3.68,541,232,169,47,42.88,31.24,8.69
TR,San Diego,2016,first_gen_status,first_gen,3,3.68,4.0,473,236,163,33,49.89,34.46,6.98
TR,San Diego,2016,first_gen_status,not_first_gen,1,0.36,3.33,353,127,113,49,35.98,32.01,13.88
TR,San Diego,2016,first_gen_status,not_first_gen,2,3.33,3.68,524,229,172,47,43.7,32.82,8.97
TR,San Diego,2016,first_gen_status,not_first_gen,3,3.68,4.0,484,218,182,37,45.04,37.6,7.64
TR,San Diego,2016,overall,overall,1,0.36,3.33,765,286,227,96,37.39,29.67,12.55
TR,San Diego,2016,overall,overall,2,3.33,3.68,1102,475,352,98,43.1,31.94,8.89
TR,San Diego,2016,overall,overall,3,3.68,4.0,996,474,354,74,47.59,35.54,7.43
TR,San Diego,2016,pell_status,non_pell,1,0.36,3.33,295,143,83,30,48.47,28.14,10.17
TR,San Diego,2016,pell_status,non_pell,2,3.33,3.68,562,296,169,28,52.67,30.07,4.98
TR,San Diego,2016,pell_status,non_pell,3,3.68,4.0,578,298,197,34,51.56,34.08,5.88
TR,San Diego,2016,pell_status,pell,1,0.36,3.33,470,143,144,66,30.43,30.64,14.04
TR,San Diego,2016,pell_status,pell,2,3.33,3.68,540,179,183,70,33.15,33.89,12.96
TR,San Diego,2016,pell_status,pell,3,3.68,4.0,418,176,157,40,42.11,37.56,9.57
TR,San Diego,2017,ethnicity,aian,1,0.3,3.33,6,3,1,1,50.0,16.67,16.67
TR,San Diego,2017,ethnicity,aian,2,3.33,3.69,7,4,2,0,57.14,28.57,0.0
TR,San Diego,2017,ethnicity,aian,3,3.69,4.0,5,4,0,0,80.0,0.0,0.0
TR,San Diego,2017,ethnicity,asian,1,0.3,3.33,316,148,96,23,46.84,30.38,7.28
TR,San Diego,2017,ethnicity,asian,2,3.33,3.69,297,147,110,19,49.49,37.04,6.4
TR,San Diego,2017,ethnicity,asian,3,3.69,4.0,227,103,97,14,45.37,42.73,6.17
TR,San Diego,2017,ethnicity,black,1,0.3,3.33,58,27,15,5,46.55,25.86,8.62
TR,San Diego,2017,ethnicity,black,2,3.33,3.69,36,8,14,4,22.22,38.89,11.11
TR,San Diego,2017,ethnicity,black,3,3.69,4.0,11,5,3,2,45.45,27.27,18.18
TR,San Diego,2017,ethnicity,hispanic_latino,1,0.3,3.33,271,114,93,15,42.07,34.32,5.54
TR,San Diego,2017,ethnicity,hispanic_latino,2,3.33,3.69,180,79,65,12,43.89,36.11,6.67
TR,San Diego,2017,ethnicity,hispanic_latino,3,3.69,4.0,115,65,29,7,56.52,25.22,6.09
TR,San Diego,2017,ethnicity,international,1,0.3,3.33,57,37,12,1,64.91,21.05,1.75
TR,San Diego,2017,ethnicity,international,2,3.33,3.69,169,113,36,8,66.86,21.3,4.73
TR,San Diego,2017,ethnicity,international,3,3.69,4.0,263,164,72,6,62.36,27.38,2.28
TR,San Diego,2017,ethnicity,white,1,0.3,3.33,264,134,66,26,50.76,25.0,9.85
TR,San Diego,2017,ethnicity,white,2,3.33,3.69,283,159,73,21,56.18,25.8,7.42
TR,San Diego,2017,ethnicity,white,3,3.69,4.0,219,113,62,15,51.6,28.31,6.85
TR,San Diego,2017,first_gen_status,first_gen,1,0.3,3.33,522,233,156,39,44.64,29.89,7.47
TR,San Diego,2017,first_gen_status,first_gen,2,3.33,3.69,471,246,147,32,52.23,31.21,6.79
TR,San Diego,2017,first_gen_status,first_gen,3,3.69,4.0,383,214,109,25,55.87,28.46,6.53
TR,San Diego,2017,first_gen_status,not_first_gen,1,0.3,3.33,427,221,117,31,51.76,27.4,7.26
TR,San Diego,2017,first_gen_status,not_first_gen,2,3.33,3.69,481,250,155,31,51.98,32.22,6.44
TR,San Diego,2017,first_gen_status,not_first_gen,3,3.69,4.0,448,236,151,17,52.68,33.71,3.79
TR,San Diego,2017,overall,overall,1,0.3,3.33,996,472,288,73,47.39,28.92,7.33
TR,San Diego,2017,overall,overall,2,3.33,3.69,994,520,308,67,52.31,30.99,6.74
TR,San Diego,2017,overall,overall,3,3.69,4.0,856,464,268,44,54.21,31.31,5.14
TR,San Diego,2017,pell_status,non_pell,1,0.3,3.33,360,198,94,16,55.0,26.11,4.44
TR,San Diego,2017,pell_status,non_pell,2,3.33,3.69,493,293,142,20,59.43,28.8,4.06
TR,San Diego,2017,pell_status,non_pell,3,3.69,4.0,516,301,150,16,58.33,29.07,3.1
TR,San Diego,2017,pell_status,pell,1,0.3,3.33,636,274,194,57,43.08,30.5,8.96
TR,San Diego,2017,pell_status,pell,2,3.33,3.69,501,227,166,47,45.31,33.13,9.38
TR,San Diego,2017,pell_status,pell,3,3.69,4.0,340,163,118,28,47.94,34.71,8.24
TR,San Diego,2018,ethnicity,aian,1,0.32,3.34,4,2,2,0,50.0,50.0,0.0
TR,San Diego,2018,ethnicity,aian,2,3.34,3.7,8,2,3,1,25.0,37.5,12.5
TR,San Diego,2018,ethnicity,aian,3,3.7,4.0,4,2,1,1,50.0,25.0,25.0
TR,San Diego,2018,ethnicity,asian,1,0.32,3.34,259,127,78,11,49.03,30.12,4.25
TR,San Diego,2018,ethnicity,asian,2,3.34,3.7,419,201,160,25,47.97,38.19,5.97
TR,San Diego,2018,ethnicity,asian,3,3.7,4.0,233,121,79,16,51.93,33.91,6.87
TR,San Diego,2018,ethnicity,black,1,0.32,3.34,45,22,11,4,48.89,24.44,8.89
TR,San Diego,2018,ethnicity,black,2,3.34,3.7,30,14,9,1,46.67,30.0,3.33
TR,San Diego,2018,ethnicity,black,3,3.7,4.0,28,13,6,4,46.43,21.43,14.29
TR,San Diego,2018,ethnicity,hispanic_latino,1,0.32,3.34,258,114,67,21,44.19,25.97,8.14
TR,San Diego,2018,ethnicity,hispanic_latino,2,3.34,3.7,205,81,70,15,39.51,34.15,7.32
TR,San Diego,2018,ethnicity,hispanic_latino,3,3.7,4.0,98,53,32,4,54.08,32.65,4.08
TR,San Diego,2018,ethnicity,international,1,0.32,3.34,49,33,11,1,67.35,22.45,2.04
TR,San Diego,2018,ethnicity,international,2,3.34,3.7,171,127,28,4,74.27,16.37,2.34
TR,San Diego,2018,ethnicity,international,3,3.7,4.0,320,246,48,3,76.88,15.0,0.94
TR,San Diego,2018,ethnicity,white,1,0.32,3.34,219,94,65,16,42.92,29.68,7.31
TR,San Diego,2018,ethnicity,white,2,3.34,3.7,257,116,95,19,45.14,36.96,7.39
TR,San Diego,2018,ethnicity,white,3,3.7,4.0,227,100,101,14,44.05,44.49,6.17
TR,San Diego,2018,first_gen_status,first_gen,1,0.32,3.34,464,205,136,33,44.18,29.31,7.11
TR,San Diego,2018,first_gen_status,first_gen,2,3.34,3.7,535,238,187,36,44.49,34.95,6.73
TR,San Diego,2018,first_gen_status,first_gen,3,3.7,4.0,379,230,111,15,60.69,29.29,3.96
TR,San Diego,2018,first_gen_status,not_first_gen,1,0.32,3.34,336,169,88,18,50.3,26.19,5.36
TR,San Diego,2018,first_gen_status,not_first_gen,2,3.34,3.7,529,286,169,26,54.06,31.95,4.91
TR,San Diego,2018,first_gen_status,not_first_gen,3,3.7,4.0,522,296,160,25,56.7,30.65,4.79
TR,San Diego,2018,overall,overall,1,0.32,3.34,840,393,234,54,46.79,27.86,6.43
TR,San Diego,2018,overall,overall,2,3.34,3.7,1109,549,371,65,49.5,33.45,5.86
TR,San Diego,2018,overall,overall,3,3.7,4.0,927,541,276,43,58.36,29.77,4.64
TR,San Diego,2018,pell_status,non_pell,1,0.32,3.34,302,176,75,12,58.28,24.83,3.97
TR,San Diego,2018,pell_status,non_pell,2,3.34,3.7,525,311,146,22,59.24,27.81,4.19
TR,San Diego,2018,pell_status,non_pell,3,3.7,4.0,560,374,130,15,66.79,23.21,2.68
TR,San Diego,2018,pell_status,pell,1,0.32,3.34,538,217,159,42,40.33,29.55,7.81
TR,San Diego,2018,pell_status,pell,2,3.34,3.7,584,238,225,43,40.75,38.53,7.36
TR,San Diego,2018,pell_status,pell,3,3.7,4.0,367,167,146,28,45.5,39.78,7.63
TR,San Diego,2019,ethnicity,aian,1,0.32,3.38,3,2,0,0,66.67,0.0,0.0
TR,San Diego,2019,ethnicity,aian,2,3.38,3.73,6,3,2,0,50.0,33.33,0.0
TR,San Diego,2019,ethnicity,aian,3,3.73,4.0,2,1,1,0,50.0,50.0,0.0
TR,San Diego,2019,ethnicity,asian,1,0.32,3.38,258,151,75,7,58.53,29.07,2.71
TR,San Diego,2019,ethnicity,asian,2,3.38,3.73,338,184,112,13,54.44,33.14,3.85
TR,San Diego,2019,ethnicity,asian,3,3.73,4.0,242,144,76,11,59.5,31.4,4.55
TR,San Diego,2019,ethnicity,black,1,0.32,3.38,39,19,7,3,48.72,17.95,7.69
TR,San Diego,2019,ethnicity,black,2,3.38,3.73,40,24,11,2,60.0,27.5,5.0
TR,San Diego,2019,ethnicity,black,3,3.73,4.0,13,7,4,1,53.85,30.77,7.69
TR,San Diego,2019,ethnicity,hispanic_latino,1,0.32,3.38,267,157,53,15,58.8,19.85,5.62
TR,San Diego,2019,ethnicity,hispanic_latino,2,3.38,3.73,221,121,62,7,54.75,28.05,3.17
TR,San Diego,2019,ethnicity,hispanic_latino,3,3.73,4.0,97,61,23,5,62.89,23.71,5.15
TR,San Diego,2019,ethnicity,international,1,0.32,3.38,133,86,28,5,64.66,21.05,3.76
TR,San Diego,2019,ethnicity,international,2,3.38,3.73,234,168,37,12,71.79,15.81,5.13
TR,San Diego,2019,ethnicity,international,3,3.73,4.0,289,199,64,9,68.86,22.15,3.11
TR,San Diego,2019,ethnicity,white,1,0.32,3.38,229,132,52,8,57.64,22.71,3.49
TR,San Diego,2019,ethnicity,white,2,3.38,3.73,291,179,60,8,61.51,20.62,2.75
TR,San Diego,2019,ethnicity,white,3,3.73,4.0,175,110,40,4,62.86,22.86,2.29
TR,San Diego,2019,first_gen_status,first_gen,1,0.32,3.38,458,266,99,22,58.08,21.62,4.8
TR,San Diego,2019,first_gen_status,first_gen,2,3.38,3.73,495,296,135,13,59.8,27.27,2.63
TR,San Diego,2019,first_gen_status,first_gen,3,3.73,4.0,354,218,92,14,61.58,25.99,3.95
TR,San Diego,2019,first_gen_status,not_first_gen,1,0.32,3.38,433,258,105,13,59.58,24.25,3.0
TR,San Diego,2019,first_gen_status,not_first_gen,2,3.38,3.73,610,365,147,29,59.84,24.1,4.75
TR,San Diego,2019,first_gen_status,not_first_gen,3,3.73,4.0,443,290,113,15,65.46,25.51,3.39
TR,San Diego,2019,overall,overall,1,0.32,3.38,942,554,218,39,58.81,23.14,4.14
TR,San Diego,2019,overall,overall,2,3.38,3.73,1145,688,288,42,60.09,25.15,3.67
TR,San Diego,2019,overall,overall,3,3.73,4.0,830,528,213,30,63.61,25.66,3.61
TR,San Diego,2019,pell_status,non_pell,1,0.32,3.38,417,269,91,15,64.51,21.82,3.6
TR,San Diego,2019,pell_status,non_pell,2,3.38,3.73,619,421,125,19,68.01,20.19,3.07
TR,San Diego,2019,pell_status,non_pell,3,3.73,4.0,554,370,126,19,66.79,22.74,3.43
TR,San Diego,2019,pell_status,pell,1,0.32,3.38,525,285,127,24,54.29,24.19,4.57
TR,San Diego,2019,pell_status,pell,2,3.38,3.73,526,267,163,23,50.76,30.99,4.37
TR,San Diego,2019,pell_status,pell,3,3.73,4.0,276,158,87,11,57.25,31.52,3.99
TR,San Diego,2020,ethnicity,aian,1,1.25,3.39,10,4,0,2,40.0,0.0,20.0
TR,San Diego,2020,ethnicity,aian,2,3.39,3.74,7,2,3,0,28.57,42.86,0.0
TR,San Diego,2020,ethnicity,aian,3,3.74,4.0,6,3,2,1,50.0,33.33,16.67
TR,San Diego,2020,ethnicity,asian,1,1.25,3.39,282,147,70,21,52.13,24.82,7.45
TR,San Diego,2020,ethnicity,asian,2,3.39,3.74,426,262,103,22,61.5,24.18,5.16
TR,San Diego,2020,ethnicity,asian,3,3.74,4.0,294,160,90,17,54.42,30.61,5.78
TR,San Diego,2020,ethnicity,black,1,1.25,3.39,57,27,14,1,47.37,24.56,1.75
TR,San Diego,2020,ethnicity,black,2,3.39,3.74,41,20,11,3,48.78,26.83,7.32
TR,San Diego,2020,ethnicity,black,3,3.74,4.0,16,6,4,0,37.5,25.0,0.0
TR,San Diego,2020,ethnicity,hispanic_latino,1,1.25,3.39,274,136,59,21,49.64,21.53,7.66
TR,San Diego,2020,ethnicity,hispanic_latino,2,3.39,3.74,234,124,67,8,52.99,28.63,3.42
TR,San Diego,2020,ethnicity,hispanic_latino,3,3.74,4.0,134,80,30,9,59.7,22.39,6.72
TR,San Diego,2020,ethnicity,international,1,1.25,3.39,190,121,35,6,63.68,18.42,3.16
TR,San Diego,2020,ethnicity,international,2,3.39,3.74,275,181,59,5,65.82,21.45,1.82
TR,San Diego,2020,ethnicity,international,3,3.74,4.0,256,161,59,18,62.89,23.05,7.03
TR,San Diego,2020,ethnicity,white,1,1.25,3.39,246,133,59,19,54.07,23.98,7.72
TR,San Diego,2020,ethnicity,white,2,3.39,3.74,281,152,75,19,54.09,26.69,6.76
TR,San Diego,2020,ethnicity,white,3,3.74,4.0,196,120,52,6,61.22,26.53,3.06
TR,San Diego,2020,first_gen_status,first_gen,1,1.25,3.39,565,294,127,40,52.04,22.48,7.08
TR,San Diego,2020,first_gen_status,first_gen,2,3.39,3.74,601,357,139,27,59.4,23.13,4.49
TR,San Diego,2020,first_gen_status,first_gen,3,3.74,4.0,384,223,91,26,58.07,23.7,6.77
TR,San Diego,2020,first_gen_status,not_first_gen,1,1.25,3.39,478,261,108,29,54.6,22.59,6.07
TR,San Diego,2020,first_gen_status,not_first_gen,2,3.39,3.74,643,366,179,29,56.92,27.84,4.51
TR,San Diego,2020,first_gen_status,not_first_gen,3,3.74,4.0,511,303,144,25,59.3,28.18,4.89
TR,San Diego,2020,overall,overall,1,1.25,3.39,1089,583,245,70,53.54,22.5,6.43
TR,San Diego,2020,overall,overall,2,3.39,3.74,1293,753,326,59,58.24,25.21,4.56
TR,San Diego,2020,overall,overall,3,3.74,4.0,931,547,243,52,58.75,26.1,5.59
TR,San Diego,2020,pell_status,non_pell,1,1.25,3.39,525,298,117,21,56.76,22.29,4.0
TR,San Diego,2020,pell_status,non_pell,2,3.39,3.74,718,447,166,26,62.26,23.12,3.62
TR,San Diego,2020,pell_status,non_pell,3,3.74,4.0,575,353,145,29,61.39,25.22,5.04
TR,San Diego,2020,pell_status,pell,1,1.25,3.39,564,285,128,49,50.53,22.7,8.69
TR,San Diego,2020,pell_status,pell,2,3.39,3.74,575,306,160,33,53.22,27.83,5.74
TR,San Diego,2020,pell_status,pell,3,3.74,4.0,356,194,98,23,54.49,27.53,6.46
TR,San Diego,2021,ethnicity,aian,1,1.0,3.5,6,5,0,0,83.33,0.0,0.0
TR,San Diego,2021,ethnicity,aian,2,3.5,3.82,6,1,1,2,16.67,16.67,33.33
TR,San Diego,2021,ethnicity,aian,3,3.82,4.0,4,2,2,0,50.0,50.0,0.0
TR,San Diego,2021,ethnicity,asian,1,1.0,3.5,367,183,97,30,49.86,26.43,8.17
TR,San Diego,2021,ethnicity,asian,2,3.5,3.82,448,268,112,18,59.82,25.0,4.02
TR,San Diego,2021,ethnicity,asian,3,3.82,4.0,339,208,87,18,61.36,25.66,5.31
TR,San Diego,2021,ethnicity,black,1,1.0,3.5,58,34,9,1,58.62,15.52,1.72
TR,San Diego,2021,ethnicity,black,2,3.5,3.82,35,18,7,4,51.43,20.0,11.43
TR,San Diego,2021,ethnicity,black,3,3.82,4.0,20,10,4,1,50.0,20.0,5.0
TR,San Diego,2021,ethnicity,hispanic_latino,1,1.0,3.5,392,194,98,24,49.49,25.0,6.12
TR,San Diego,2021,ethnicity,hispanic_latino,2,3.5,3.82,233,125,58,16,53.65,24.89,6.87
TR,San Diego,2021,ethnicity,hispanic_latino,3,3.82,4.0,137,83,34,5,60.58,24.82,3.65
TR,San Diego,2021,ethnicity,international,1,1.0,3.5,193,122,34,11,63.21,17.62,5.7
TR,San Diego,2021,ethnicity,international,2,3.5,3.82,240,163,41,8,67.92,17.08,3.33
TR,San Diego,2021,ethnicity,international,3,3.82,4.0,241,161,57,8,66.8,23.65,3.32
TR,San Diego,2021,ethnicity,white,1,1.0,3.5,291,148,80,18,50.86,27.49,6.19
TR,San Diego,2021,ethnicity,white,2,3.5,3.82,298,184,55,17,61.74,18.46,5.7
TR,San Diego,2021,ethnicity,white,3,3.82,4.0,223,141,53,12,63.23,23.77,5.38
TR,San Diego,2021,first_gen_status,first_gen,1,1.0,3.5,687,350,174,42,50.95,25.33,6.11
TR,San Diego,2021,first_gen_status,first_gen,2,3.5,3.82,571,337,129,33,59.02,22.59,5.78
TR,San Diego,2021,first_gen_status,first_gen,3,3.82,4.0,391,248,93,16,63.43,23.79,4.09
TR,San Diego,2021,first_gen_status,not_first_gen,1,1.0,3.5,587,312,138,40,53.15,23.51,6.81
TR,San Diego,2021,first_gen_status,not_first_gen,2,3.5,3.82,668,411,144,32,61.53,21.56,4.79
TR,San Diego,2021,first_gen_status,not_first_gen,3,3.82,4.0,553,341,142,27,61.66,25.68,4.88
TR,San Diego,2021,overall,overall,1,1.0,3.5,1319,692,321,84,52.46,24.34,6.37
TR,San Diego,2021,overall,overall,2,3.5,3.82,1280,770,278,68,60.16,21.72,5.31
TR,San Diego,2021,overall,overall,3,3.82,4.0,981,615,243,44,62.69,24.77,4.49
TR,San Diego,2021,pell_status,non_pell,1,1.0,3.5,607,355,126,27,58.48,20.76,4.45
TR,San Diego,2021,pell_status,non_pell,2,3.5,3.82,689,436,138,28,63.28,20.03,4.06
TR,San Diego,2021,pell_status,non_pell,3,3.82,4.0,596,389,136,27,65.27,22.82,4.53
TR,San Diego,2021,pell_status,pell,1,1.0,3.5,712,337,195,57,47.33,27.39,8.01
TR,San Diego,2021,pell_status,pell,2,3.5,3.82,591,334,140,40,56.51,23.69,6.77
TR,San Diego,2021,pell_status,pell,3,3.82,4.0,385,226,107,17,58.7,27.79,4.42
TR,Santa Barbara,2010,ethnicity,aian,1,0.33,3.25,8,5,2,0,62.5,25.0,0.0
TR,Santa Barbara,2010,ethnicity,aian,2,3.25,3.63,6,5,1,0,83.33,16.67,0.0
TR,Santa Barbara,2010,ethnicity,aian,3,3.63,4.0,7,6,1,0,85.71,14.29,0.0
TR,Santa Barbara,2010,ethnicity,asian,1,0.33,3.25,87,48,22,3,55.17,25.29,3.45
TR,Santa Barbara,2010,ethnicity,asian,2,3.25,3.63,85,59,16,1,69.41,18.82,1.18
TR,Santa Barbara,2010,ethnicity,asian,3,3.63,4.0,40,28,6,1,70.0,15.0,2.5
TR,Santa Barbara,2010,ethnicity,black,1,0.33,3.25,27,12,9,0,44.44,33.33,0.0
TR,Santa Barbara,2010,ethnicity,black,2,3.25,3.63,10,5,3,0,50.0,30.0,0.0
TR,Santa Barbara,2010,ethnicity,black,3,3.63,4.0,9,1,4,0,11.11,44.44,0.0
TR,Santa Barbara,2010,ethnicity,hispanic_latino,1,0.33,3.25,142,94,27,3,66.2,19.01,2.11
TR,Santa Barbara,2010,ethnicity,hispanic_latino,2,3.25,3.63,110,74,24,2,67.27,21.82,1.82
TR,Santa Barbara,2010,ethnicity,hispanic_latino,3,3.63,4.0,53,39,9,1,73.58,16.98,1.89
TR,Santa Barbara,2010,ethnicity,international,1,0.33,3.25,23,16,6,0,69.57,26.09,0.0
TR,Santa Barbara,2010,ethnicity,international,2,3.25,3.63,23,15,6,0,65.22,26.09,0.0
TR,Santa Barbara,2010,ethnicity,international,3,3.63,4.0,24,20,1,2,83.33,4.17,8.33
TR,Santa Barbara,2010,ethnicity,white,1,0.33,3.25,325,228,48,16,70.15,14.77,4.92
TR,Santa Barbara,2010,ethnicity,white,2,3.25,3.63,279,211,50,2,75.63,17.92,0.72
TR,Santa Barbara,2010,ethnicity,white,3,3.63,4.0,170,134,22,4,78.82,12.94,2.35
TR,Santa Barbara,2010,first_gen_status,first_gen,1,0.33,3.25,272,172,49,5,63.24,18.01,1.84
TR,Santa Barbara,2010,first_gen_status,first_gen,2,3.25,3.63,209,151,41,2,72.25,19.62,0.96
TR,Santa Barbara,2010,first_gen_status,first_gen,3,3.63,4.0,137,100,22,3,72.99,16.06,2.19
TR,Santa Barbara,2010,first_gen_status,not_first_gen,1,0.33,3.25,368,249,68,17,67.66,18.48,4.62
TR,Santa Barbara,2010,first_gen_status,not_first_gen,2,3.25,3.63,306,228,53,4,74.51,17.32,1.31
TR,Santa Barbara,2010,first_gen_status,not_first_gen,3,3.63,4.0,164,124,23,5,75.61,14.02,3.05
TR,Santa Barbara,2010,overall,overall,1,0.33,3.25,698,460,126,25,65.9,18.05,3.58
TR,Santa Barbara,2010,overall,overall,2,3.25,3.63,557,409,102,6,73.43,18.31,1.08
TR,Santa Barbara,2010,overall,overall,3,3.63,4.0,326,243,48,9,74.54,14.72,2.76
TR,Santa Barbara,2010,pell_status,non_pell,1,0.33,3.25,362,257,60,12,70.99,16.57,3.31
TR,Santa Barbara,2010,pell_status,non_pell,2,3.25,3.63,319,257,43,1,80.56,13.48,0.31
TR,Santa Barbara,2010,pell_status,non_pell,3,3.63,4.0,189,147,21,5,77.78,11.11,2.65
TR,Santa Barbara,2010,pell_status,pell,1,0.33,3.25,336,203,66,13,60.42,19.64,3.87
TR,Santa Barbara,2010,pell_status,pell,2,3.25,3.63,238,152,59,5,63.87,24.79,2.1
TR,Santa Barbara,2010,pell_status,pell,3,3.63,4.0,137,96,27,4,70.07,19.71,2.92
TR,Santa Barbara,2011,ethnicity,aian,1,0.31,3.27,6,5,1,0,83.33,16.67,0.0
TR,Santa Barbara,2011,ethnicity,aian,2,3.27,3.63,6,5,0,0,83.33,0.0,0.0
TR,Santa Barbara,2011,ethnicity,aian,3,3.63,4.0,3,2,0,0,66.67,0.0,0.0
TR,Santa Barbara,2011,ethnicity,asian,1,0.31,3.27,60,39,10,2,65.0,16.67,3.33
TR,Santa Barbara,2011,ethnicity,asian,2,3.27,3.63,92,55,23,1,59.78,25.0,1.09
TR,Santa Barbara,2011,ethnicity,asian,3,3.63,4.0,53,39,10,2,73.58,18.87,3.77
TR,Santa Barbara,2011,ethnicity,black,1,0.31,3.27,15,10,2,0,66.67,13.33,0.0
TR,Santa Barbara,2011,ethnicity,black,2,3.27,3.63,11,7,3,0,63.64,27.27,0.0
TR,Santa Barbara,2011,ethnicity,black,3,3.63,4.0,4,4,0,0,100.0,0.0,0.0
TR,Santa Barbara,2011,ethnicity,hispanic_latino,1,0.31,3.27,113,79,14,2,69.91,12.39,1.77
TR,Santa Barbara,2011,ethnicity,hispanic_latino,2,3.27,3.63,109,68,15,2,62.39,13.76,1.83
TR,Santa Barbara,2011,ethnicity,hispanic_latino,3,3.63,4.0,54,38,15,1,70.37,27.78,1.85
TR,Santa Barbara,2011,ethnicity,international,1,0.31,3.27,24,19,2,1,79.17,8.33,4.17
TR,Santa Barbara,2011,ethnicity,international,2,3.27,3.63,30,22,5,0,73.33,16.67,0.0
TR,Santa Barbara,2011,ethnicity,international,3,3.63,4.0,22,18,4,0,81.82,18.18,0.0
TR,Santa Barbara,2011,ethnicity,white,1,0.31,3.27,256,183,43,4,71.48,16.8,1.56
TR,Santa Barbara,2011,ethnicity,white,2,3.27,3.63,310,222,56,4,71.61,18.06,1.29
TR,Santa Barbara,2011,ethnicity,white,3,3.63,4.0,179,131,18,3,73.18,10.06,1.68
TR,Santa Barbara,2011,first_gen_status,first_gen,1,0.31,3.27,211,148,34,4,70.14,16.11,1.9
TR,Santa Barbara,2011,first_gen_status,first_gen,2,3.27,3.63,225,142,45,4,63.11,20.0,1.78
TR,Santa Barbara,2011,first_gen_status,first_gen,3,3.63,4.0,125,93,22,2,74.4,17.6,1.6
TR,Santa Barbara,2011,first_gen_status,not_first_gen,1,0.31,3.27,273,196,38,4,71.79,13.92,1.47
TR,Santa Barbara,2011,first_gen_status,not_first_gen,2,3.27,3.63,338,244,55,3,72.19,16.27,0.89
TR,Santa Barbara,2011,first_gen_status,not_first_gen,3,3.63,4.0,200,146,26,5,73.0,13.0,2.5
TR,Santa Barbara,2011,overall,overall,1,0.31,3.27,496,349,76,9,70.36,15.32,1.81
TR,Santa Barbara,2011,overall,overall,2,3.27,3.63,583,397,104,8,68.1,17.84,1.37
TR,Santa Barbara,2011,overall,overall,3,3.63,4.0,333,246,48,7,73.87,14.41,2.1
TR,Santa Barbara,2011,pell_status,non_pell,1,0.31,3.27,284,208,37,5,73.24,13.03,1.76
TR,Santa Barbara,2011,pell_status,non_pell,2,3.27,3.63,334,238,57,4,71.26,17.07,1.2
TR,Santa Barbara,2011,pell_status,non_pell,3,3.63,4.0,199,147,27,5,73.87,13.57,2.51
TR,Santa Barbara,2011,pell_status,pell,1,0.31,3.27,212,141,39,4,66.51,18.4,1.89
TR,Santa Barbara,2011,pell_status,pell,2,3.27,3.63,249,159,47,4,63.86,18.88,1.61
TR,Santa Barbara,2011,pell_status,pell,3,3.63,4.0,134,99,21,2,73.88,15.67,1.49
TR,Santa Barbara,2012,ethnicity,aian,1,0.3,3.3,5,3,0,1,60.0,0.0,20.0
TR,Santa Barbara,2012,ethnicity,aian,2,3.3,3.65,5,2,2,0,40.0,40.0,0.0
TR,Santa Barbara,2012,ethnicity,aian,3,3.65,4.0,4,2,0,0,50.0,0.0,0.0
TR,Santa Barbara,2012,ethnicity,asian,1,0.3,3.3,142,90,34,4,63.38,23.94,2.82
TR,Santa Barbara,2012,ethnicity,asian,2,3.3,3.65,115,74,19,3,64.35,16.52,2.61
TR,Santa Barbara,2012,ethnicity,asian,3,3.65,4.0,49,34,12,0,69.39,24.49,0.0
TR,Santa Barbara,2012,ethnicity,black,1,0.3,3.3,15,7,6,1,46.67,40.0,6.67
TR,Santa Barbara,2012,ethnicity,black,2,3.3,3.65,15,6,5,1,40.0,33.33,6.67
TR,Santa Barbara,2012,ethnicity,black,3,3.65,4.0,5,4,0,0,80.0,0.0,0.0
TR,Santa Barbara,2012,ethnicity,hispanic_latino,1,0.3,3.3,194,119,36,9,61.34,18.56,4.64
TR,Santa Barbara,2012,ethnicity,hispanic_latino,2,3.3,3.65,129,93,21,3,72.09,16.28,2.33
TR,Santa Barbara,2012,ethnicity,hispanic_latino,3,3.65,4.0,37,29,4,0,78.38,10.81,0.0
TR,Santa Barbara,2012,ethnicity,international,1,0.3,3.3,36,22,7,2,61.11,19.44,5.56
TR,Santa Barbara,2012,ethnicity,international,2,3.3,3.65,25,20,2,1,80.0,8.0,4.0
TR,Santa Barbara,2012,ethnicity,international,3,3.65,4.0,18,12,5,0,66.67,27.78,0.0
TR,Santa Barbara,2012,ethnicity,white,1,0.3,3.3,364,268,53,10,73.63,14.56,2.75
TR,Santa Barbara,2012,ethnicity,white,2,3.3,3.65,266,186,47,9,69.92,17.67,3.38
TR,Santa Barbara,2012,ethnicity,white,3,3.65,4.0,135,98,22,3,72.59,16.3,2.22
TR,Santa Barbara,2012,first_gen_status,first_gen,1,0.3,3.3,342,220,59,18,64.33,17.25,5.26
TR,Santa Barbara,2012,first_gen_status,first_gen,2,3.3,3.65,237,164,40,5,69.2,16.88,2.11
TR,Santa Barbara,2012,first_gen_status,first_gen,3,3.65,4.0,82,58,15,0,70.73,18.29,0.0
TR,Santa Barbara,2012,first_gen_status,not_first_gen,1,0.3,3.3,424,297,79,10,70.05,18.63,2.36
TR,Santa Barbara,2012,first_gen_status,not_first_gen,2,3.3,3.65,323,227,55,10,70.28,17.03,3.1
TR,Santa Barbara,2012,first_gen_status,not_first_gen,3,3.65,4.0,173,127,29,4,73.41,16.76,2.31
TR,Santa Barbara,2012,overall,overall,1,0.3,3.3,788,532,140,29,67.51,17.77,3.68
TR,Santa Barbara,2012,overall,overall,2,3.3,3.65,578,401,98,17,69.38,16.96,2.94
TR,Santa Barbara,2012,overall,overall,3,3.65,4.0,261,188,45,4,72.03,17.24,1.53
TR,Santa Barbara,2012,pell_status,non_pell,1,0.3,3.3,398,290,58,6,72.86,14.57,1.51
TR,Santa Barbara,2012,pell_status,non_pell,2,3.3,3.65,308,227,47,7,73.7,15.26,2.27
TR,Santa Barbara,2012,pell_status,non_pell,3,3.65,4.0,171,126,29,3,73.68,16.96,1.75
TR,Santa Barbara,2012,pell_status,pell,1,0.3,3.3,390,242,82,23,62.05,21.03,5.9
TR,Santa Barbara,2012,pell_status,pell,2,3.3,3.65,270,174,51,10,64.44,18.89,3.7
TR,Santa Barbara,2012,pell_status,pell,3,3.65,4.0,90,62,16,1,68.89,17.78,1.11
TR,Santa Barbara,2013,ethnicity,aian,1,0.32,3.31,6,5,1,0,83.33,16.67,0.0
TR,Santa Barbara,2013,ethnicity,aian,2,3.31,3.66,4,2,0,1,50.0,0.0,25.0
TR,Santa Barbara,2013,ethnicity,aian,3,3.66,4.0,3,2,1,0,66.67,33.33,0.0
TR,Santa Barbara,2013,ethnicity,asian,1,0.32,3.31,137,87,25,5,63.5,18.25,3.65
TR,Santa Barbara,2013,ethnicity,asian,2,3.31,3.66,98,62,23,1,63.27,23.47,1.02
TR,Santa Barbara,2013,ethnicity,asian,3,3.66,4.0,62,44,9,2,70.97,14.52,3.23
TR,Santa Barbara,2013,ethnicity,black,1,0.32,3.31,29,19,3,4,65.52,10.34,13.79
TR,Santa Barbara,2013,ethnicity,black,2,3.31,3.66,16,7,4,1,43.75,25.0,6.25
TR,Santa Barbara,2013,ethnicity,black,3,3.66,4.0,5,4,1,0,80.0,20.0,0.0
TR,Santa Barbara,2013,ethnicity,hispanic_latino,1,0.32,3.31,188,123,36,6,65.43,19.15,3.19
TR,Santa Barbara,2013,ethnicity,hispanic_latino,2,3.31,3.66,137,101,15,3,73.72,10.95,2.19
TR,Santa Barbara,2013,ethnicity,hispanic_latino,3,3.66,4.0,42,30,6,2,71.43,14.29,4.76
TR,Santa Barbara,2013,ethnicity,international,1,0.32,3.31,39,28,6,0,71.79,15.38,0.0
TR,Santa Barbara,2013,ethnicity,international,2,3.31,3.66,43,33,6,1,76.74,13.95,2.33
TR,Santa Barbara,2013,ethnicity,international,3,3.66,4.0,22,16,5,0,72.73,22.73,0.0
TR,Santa Barbara,2013,ethnicity,white,1,0.32,3.31,252,174,36,7,69.05,14.29,2.78
TR,Santa Barbara,2013,ethnicity,white,2,3.31,3.66,227,156,43,7,68.72,18.94,3.08
TR,Santa Barbara,2013,ethnicity,white,3,3.66,4.0,135,97,32,1,71.85,23.7,0.74
TR,Santa Barbara,2013,first_gen_status,first_gen,1,0.32,3.31,309,200,55,10,64.72,17.8,3.24
TR,Santa Barbara,2013,first_gen_status,first_gen,2,3.31,3.66,251,179,32,7,71.31,12.75,2.79
TR,Santa Barbara,2013,first_gen_status,first_gen,3,3.66,4.0,105,77,16,3,73.33,15.24,2.86
TR,Santa Barbara,2013,first_gen_status,not_first_gen,1,0.32,3.31,333,229,51,12,68.77,15.32,3.6
TR,Santa Barbara,2013,first_gen_status,not_first_gen,2,3.31,3.66,285,190,64,7,66.67,22.46,2.46
TR,Santa Barbara,2013,first_gen_status,not_first_gen,3,3.66,4.0,163,114,38,2,69.94,23.31,1.23
TR,Santa Barbara,2013,overall,overall,1,0.32,3.31,663,442,111,22,66.67,16.74,3.32
TR,Santa Barbara,2013,overall,overall,2,3.31,3.66,544,374,96,14,68.75,17.65,2.57
TR,Santa Barbara,2013,overall,overall,3,3.66,4.0,276,198,55,5,71.74,19.93,1.81
TR,Santa Barbara,2013,pell_status,non_pell,1,0.32,3.31,322,231,42,9,71.74,13.04,2.8
TR,Santa Barbara,2013,pell_status,non_pell,2,3.31,3.66,300,213,50,6,71.0,16.67,2.0
TR,Santa Barbara,2013,pell_status,non_pell,3,3.66,4.0,156,118,28,2,75.64,17.95,1.28
TR,Santa Barbara,2013,pell_status,pell,1,0.32,3.31,341,211,69,13,61.88,20.23,3.81
TR,Santa Barbara,2013,pell_status,pell,2,3.31,3.66,244,161,46,8,65.98,18.85,3.28
TR,Santa Barbara,2013,pell_status,pell,3,3.66,4.0,120,80,27,3,66.67,22.5,2.5
TR,Santa Barbara,2014,ethnicity,aian,1,0.82,3.34,9,8,1,0,88.89,11.11,0.0
TR,Santa Barbara,2014,ethnicity,aian,2,3.34,3.68,5,3,0,0,60.0,0.0,0.0
TR,Santa Barbara,2014,ethnicity,aian,3,3.68,4.0,5,2,2,0,40.0,40.0,0.0
TR,Santa Barbara,2014,ethnicity,asian,1,0.82,3.34,141,72,43,6,51.06,30.5,4.26
TR,Santa Barbara,2014,ethnicity,asian,2,3.34,3.68,115,68,26,4,59.13,22.61,3.48
TR,Santa Barbara,2014,ethnicity,asian,3,3.68,4.0,50,41,5,0,82.0,10.0,0.0
TR,Santa Barbara,2014,ethnicity,black,1,0.82,3.34,34,20,8,1,58.82,23.53,2.94
TR,Santa Barbara,2014,ethnicity,black,2,3.34,3.68,13,8,2,0,61.54,15.38,0.0
TR,Santa Barbara,2014,ethnicity,black,3,3.68,4.0,4,1,1,0,25.0,25.0,0.0
TR,Santa Barbara,2014,ethnicity,hispanic_latino,1,0.82,3.34,210,128,50,3,60.95,23.81,1.43
TR,Santa Barbara,2014,ethnicity,hispanic_latino,2,3.34,3.68,116,66,29,4,56.9,25.0,3.45
TR,Santa Barbara,2014,ethnicity,hispanic_latino,3,3.68,4.0,50,36,7,1,72.0,14.0,2.0
TR,Santa Barbara,2014,ethnicity,international,1,0.82,3.34,67,43,14,1,64.18,20.9,1.49
TR,Santa Barbara,2014,ethnicity,international,2,3.34,3.68,77,63,8,0,81.82,10.39,0.0
TR,Santa Barbara,2014,ethnicity,international,3,3.68,4.0,38,33,4,0,86.84,10.53,0.0
TR,Santa Barbara,2014,ethnicity,white,1,0.82,3.34,251,175,38,8,69.72,15.14,3.19
TR,Santa Barbara,2014,ethnicity,white,2,3.34,3.68,220,150,42,4,68.18,19.09,1.82
TR,Santa Barbara,2014,ethnicity,white,3,3.68,4.0,115,76,20,5,66.09,17.39,4.35
TR,Santa Barbara,2014,first_gen_status,first_gen,1,0.82,3.34,370,223,92,6,60.27,24.86,1.62
TR,Santa Barbara,2014,first_gen_status,first_gen,2,3.34,3.68,240,159,36,5,66.25,15.0,2.08
TR,Santa Barbara,2014,first_gen_status,first_gen,3,3.68,4.0,104,78,11,5,75.0,10.58,4.81
TR,Santa Barbara,2014,first_gen_status,not_first_gen,1,0.82,3.34,342,223,63,11,65.2,18.42,3.22
TR,Santa Barbara,2014,first_gen_status,not_first_gen,2,3.34,3.68,297,194,69,7,65.32,23.23,2.36
TR,Santa Barbara,2014,first_gen_status,not_first_gen,3,3.68,4.0,160,108,31,2,67.5,19.38,1.25
TR,Santa Barbara,2014,overall,overall,1,0.82,3.34,733,458,159,19,62.48,21.69,2.59
TR,Santa Barbara,2014,overall,overall,2,3.34,3.68,558,365,109,12,65.41,19.53,2.15
TR,Santa Barbara,2014,overall,overall,3,3.68,4.0,273,194,43,7,71.06,15.75,2.56
TR,Santa Barbara,2014,pell_status,non_pell,1,0.82,3.34,347,241,50,11,69.45,14.41,3.17
TR,Santa Barbara,2014,pell_status,non_pell,2,3.34,3.68,328,229,58,4,69.82,17.68,1.22
TR,Santa Barbara,2014,pell_status,non_pell,3,3.68,4.0,172,121,30,3,70.35,17.44,1.74
TR,Santa Barbara,2014,pell_status,pell,1,0.82,3.34,386,217,109,8,56.22,28.24,2.07
TR,Santa Barbara,2014,pell_status,pell,2,3.34,3.68,230,136,51,8,59.13,22.17,3.48
TR,Santa Barbara,2014,pell_status,pell,3,3.68,4.0,101,73,13,4,72.28,12.87,3.96
TR,Santa Barbara,2015,ethnicity,aian,1,1.4,3.34,7,5,1,0,71.43,14.29,0.0
TR,Santa Barbara,2015,ethnicity,aian,2,3.34,3.68,4,4,0,0,100.0,0.0,0.0
TR,Santa Barbara,2015,ethnicity,aian,3,3.68,4.0,3,0,2,0,0.0,66.67,0.0
TR,Santa Barbara,2015,ethnicity,asian,1,1.4,3.34,121,79,24,1,65.29,19.83,0.83
TR,Santa Barbara,2015,ethnicity,asian,2,3.34,3.68,102,76,12,4,74.51,11.76,3.92
TR,Santa Barbara,2015,ethnicity,asian,3,3.68,4.0,64,41,11,4,64.06,17.19,6.25
TR,Santa Barbara,2015,ethnicity,black,1,1.4,3.34,55,34,6,5,61.82,10.91,9.09
TR,Santa Barbara,2015,ethnicity,black,2,3.34,3.68,14,6,5,0,42.86,35.71,0.0
TR,Santa Barbara,2015,ethnicity,black,3,3.68,4.0,2,2,0,0,100.0,0.0,0.0
TR,Santa Barbara,2015,ethnicity,hispanic_latino,1,1.4,3.34,173,101,34,9,58.38,19.65,5.2
TR,Santa Barbara,2015,ethnicity,hispanic_latino,2,3.34,3.68,121,78,25,2,64.46,20.66,1.65
TR,Santa Barbara,2015,ethnicity,hispanic_latino,3,3.68,4.0,50,30,14,1,60.0,28.0,2.0
TR,Santa Barbara,2015,ethnicity,international,1,1.4,3.34,60,47,8,2,78.33,13.33,3.33
TR,Santa Barbara,2015,ethnicity,international,2,3.34,3.68,97,68,19,3,70.1,19.59,3.09
TR,Santa Barbara,2015,ethnicity,international,3,3.68,4.0,41,30,9,1,73.17,21.95,2.44
TR,Santa Barbara,2015,ethnicity,white,1,1.4,3.34,225,152,38,11,67.56,16.89,4.89
TR,Santa Barbara,2015,ethnicity,white,2,3.34,3.68,222,148,44,6,66.67,19.82,2.7
TR,Santa Barbara,2015,ethnicity,white,3,3.68,4.0,121,86,19,3,71.07,15.7,2.48
TR,Santa Barbara,2015,first_gen_status,first_gen,1,1.4,3.34,317,201,57,14,63.41,17.98,4.42
TR,Santa Barbara,2015,first_gen_status,first_gen,2,3.34,3.68,266,181,50,7,68.05,18.8,2.63
TR,Santa Barbara,2015,first_gen_status,first_gen,3,3.68,4.0,113,78,24,3,69.03,21.24,2.65
TR,Santa Barbara,2015,first_gen_status,not_first_gen,1,1.4,3.34,324,224,51,11,69.14,15.74,3.4
TR,Santa Barbara,2015,first_gen_status,not_first_gen,2,3.34,3.68,293,201,53,8,68.6,18.09,2.73
TR,Santa Barbara,2015,first_gen_status,not_first_gen,3,3.68,4.0,159,107,28,5,67.3,17.61,3.14
TR,Santa Barbara,2015,overall,overall,1,1.4,3.34,662,433,114,28,65.41,17.22,4.23
TR,Santa Barbara,2015,overall,overall,2,3.34,3.68,574,390,108,15,67.94,18.82,2.61
TR,Santa Barbara,2015,overall,overall,3,3.68,4.0,288,193,57,9,67.01,19.79,3.12
TR,Santa Barbara,2015,pell_status,non_pell,1,1.4,3.34,333,239,53,7,71.77,15.92,2.1
TR,Santa Barbara,2015,pell_status,non_pell,2,3.34,3.68,341,240,59,6,70.38,17.3,1.76
TR,Santa Barbara,2015,pell_status,non_pell,3,3.68,4.0,175,126,31,6,72.0,17.71,3.43
TR,Santa Barbara,2015,pell_status,pell,1,1.4,3.34,329,194,61,21,58.97,18.54,6.38
TR,Santa Barbara,2015,pell_status,pell,2,3.34,3.68,233,150,49,9,64.38,21.03,3.86
TR,Santa Barbara,2015,pell_status,pell,3,3.68,4.0,113,67,26,3,59.29,23.01,2.65
TR,Santa Barbara,2016,ethnicity,aian,1,0.36,3.33,8,5,2,1,62.5,25.0,12.5
TR,Santa Barbara,2016,ethnicity,aian,2,3.33,3.68,6,1,2,0,16.67,33.33,0.0
TR,Santa Barbara,2016,ethnicity,aian,3,3.68,4.0,3,2,1,0,66.67,33.33,0.0
TR,Santa Barbara,2016,ethnicity,asian,1,0.36,3.33,152,87,38,8,57.24,25.0,5.26
TR,Santa Barbara,2016,ethnicity,asian,2,3.33,3.68,141,70,47,7,49.65,33.33,4.96
TR,Santa Barbara,2016,ethnicity,asian,3,3.68,4.0,60,35,21,1,58.33,35.0,1.67
TR,Santa Barbara,2016,ethnicity,black,1,0.36,3.33,61,25,15,6,40.98,24.59,9.84
TR,Santa Barbara,2016,ethnicity,black,2,3.33,3.68,23,18,1,3,78.26,4.35,13.04
TR,Santa Barbara,2016,ethnicity,black,3,3.68,4.0,9,6,1,0,66.67,11.11,0.0
TR,Santa Barbara,2016,ethnicity,hispanic_latino,1,0.36,3.33,271,152,64,11,56.09,23.62,4.06
TR,Santa Barbara,2016,ethnicity,hispanic_latino,2,3.33,3.68,176,117,29,7,66.48,16.48,3.98
TR,Santa Barbara,2016,ethnicity,hispanic_latino,3,3.68,4.0,74,42,22,1,56.76,29.73,1.35
TR,Santa Barbara,2016,ethnicity,international,1,0.36,3.33,92,57,21,2,61.96,22.83,2.17
TR,Santa Barbara,2016,ethnicity,international,2,3.33,3.68,88,65,19,1,73.86,21.59,1.14
TR,Santa Barbara,2016,ethnicity,international,3,3.68,4.0,67,49,12,1,73.13,17.91,1.49
TR,Santa Barbara,2016,ethnicity,white,1,0.36,3.33,333,200,70,14,60.06,21.02,4.2
TR,Santa Barbara,2016,ethnicity,white,2,3.33,3.68,263,170,50,10,64.64,19.01,3.8
TR,Santa Barbara,2016,ethnicity,white,3,3.68,4.0,135,87,30,9,64.44,22.22,6.67
TR,Santa Barbara,2016,first_gen_status,first_gen,1,0.36,3.33,477,269,116,23,56.39,24.32,4.82
TR,Santa Barbara,2016,first_gen_status,first_gen,2,3.33,3.68,346,215,78,11,62.14,22.54,3.18
TR,Santa Barbara,2016,first_gen_status,first_gen,3,3.68,4.0,148,89,41,3,60.14,27.7,2.03
TR,Santa Barbara,2016,first_gen_status,not_first_gen,1,0.36,3.33,458,268,98,20,58.52,21.4,4.37
TR,Santa Barbara,2016,first_gen_status,not_first_gen,2,3.33,3.68,352,223,69,20,63.35,19.6,5.68
TR,Santa Barbara,2016,first_gen_status,not_first_gen,3,3.68,4.0,202,134,48,9,66.34,23.76,4.46
TR,Santa Barbara,2016,overall,overall,1,0.36,3.33,961,550,219,46,57.23,22.79,4.79
TR,Santa Barbara,2016,overall,overall,2,3.33,3.68,721,452,156,31,62.69,21.64,4.3
TR,Santa Barbara,2016,overall,overall,3,3.68,4.0,359,227,92,12,63.23,25.63,3.34
TR,Santa Barbara,2016,pell_status,non_pell,1,0.36,3.33,492,329,82,15,66.87,16.67,3.05
TR,Santa Barbara,2016,pell_status,non_pell,2,3.33,3.68,421,292,81,11,69.36,19.24,2.61
TR,Santa Barbara,2016,pell_status,non_pell,3,3.68,4.0,224,149,53,8,66.52,23.66,3.57
TR,Santa Barbara,2016,pell_status,pell,1,0.36,3.33,469,221,137,31,47.12,29.21,6.61
TR,Santa Barbara,2016,pell_status,pell,2,3.33,3.68,300,160,75,20,53.33,25.0,6.67
TR,Santa Barbara,2016,pell_status,pell,3,3.68,4.0,135,78,39,4,57.78,28.89,2.96
TR,Santa Barbara,2017,ethnicity,aian,1,0.3,3.33,13,8,1,0,61.54,7.69,0.0
TR,Santa Barbara,2017,ethnicity,aian,2,3.33,3.69,4,3,0,0,75.0,0.0,0.0
TR,Santa Barbara,2017,ethnicity,aian,3,3.69,4.0,3,2,1,0,66.67,33.33,0.0
TR,Santa Barbara,2017,ethnicity,asian,1,0.3,3.33,149,87,37,4,58.39,24.83,2.68
TR,Santa Barbara,2017,ethnicity,asian,2,3.33,3.69,167,108,36,5,64.67,21.56,2.99
TR,Santa Barbara,2017,ethnicity,asian,3,3.69,4.0,76,45,14,7,59.21,18.42,9.21
TR,Santa Barbara,2017,ethnicity,black,1,0.3,3.33,68,36,14,2,52.94,20.59,2.94
TR,Santa Barbara,2017,ethnicity,black,2,3.33,3.69,26,18,3,3,69.23,11.54,11.54
TR,Santa Barbara,2017,ethnicity,black,3,3.69,4.0,15,7,3,4,46.67,20.0,26.67
TR,Santa Barbara,2017,ethnicity,hispanic_latino,1,0.3,3.33,289,161,62,20,55.71,21.45,6.92
TR,Santa Barbara,2017,ethnicity,hispanic_latino,2,3.33,3.69,185,113,41,6,61.08,22.16,3.24
TR,Santa Barbara,2017,ethnicity,hispanic_latino,3,3.69,4.0,94,64,16,4,68.09,17.02,4.26
TR,Santa Barbara,2017,ethnicity,international,1,0.3,3.33,111,61,32,6,54.95,28.83,5.41
TR,Santa Barbara,2017,ethnicity,international,2,3.33,3.69,118,80,25,3,67.8,21.19,2.54
TR,Santa Barbara,2017,ethnicity,international,3,3.69,4.0,67,49,14,2,73.13,20.9,2.99
TR,Santa Barbara,2017,ethnicity,white,1,0.3,3.33,307,196,58,15,63.84,18.89,4.89
TR,Santa Barbara,2017,ethnicity,white,2,3.33,3.69,298,188,62,9,63.09,20.81,3.02
TR,Santa Barbara,2017,ethnicity,white,3,3.69,4.0,153,105,34,5,68.63,22.22,3.27
TR,Santa Barbara,2017,first_gen_status,first_gen,1,0.3,3.33,451,265,95,23,58.76,21.06,5.1
TR,Santa Barbara,2017,first_gen_status,first_gen,2,3.33,3.69,359,227,65,16,63.23,18.11,4.46
TR,Santa Barbara,2017,first_gen_status,first_gen,3,3.69,4.0,159,105,33,5,66.04,20.75,3.14
TR,Santa Barbara,2017,first_gen_status,not_first_gen,1,0.3,3.33,478,283,106,22,59.21,22.18,4.6
TR,Santa Barbara,2017,first_gen_status,not_first_gen,2,3.33,3.69,434,279,98,11,64.29,22.58,2.53
TR,Santa Barbara,2017,first_gen_status,not_first_gen,3,3.69,4.0,243,164,47,15,67.49,19.34,6.17
TR,Santa Barbara,2017,overall,overall,1,0.3,3.33,960,562,211,48,58.54,21.98,5.0
TR,Santa Barbara,2017,overall,overall,2,3.33,3.69,828,527,172,27,63.65,20.77,3.26
TR,Santa Barbara,2017,overall,overall,3,3.69,4.0,417,279,82,22,66.91,19.66,5.28
TR,Santa Barbara,2017,pell_status,non_pell,1,0.3,3.33,484,303,97,18,62.6,20.04,3.72
TR,Santa Barbara,2017,pell_status,non_pell,2,3.33,3.69,466,308,98,10,66.09,21.03,2.15
TR,Santa Barbara,2017,pell_status,non_pell,3,3.69,4.0,257,183,43,14,71.21,16.73,5.45
TR,Santa Barbara,2017,pell_status,pell,1,0.3,3.33,476,259,114,30,54.41,23.95,6.3
TR,Santa Barbara,2017,pell_status,pell,2,3.33,3.69,362,219,74,17,60.5,20.44,4.7
TR,Santa Barbara,2017,pell_status,pell,3,3.69,4.0,160,96,39,8,60.0,24.38,5.0
TR,Santa Barbara,2018,ethnicity,aian,1,0.32,3.34,8,5,0,1,62.5,0.0,12.5
TR,Santa Barbara,2018,ethnicity,aian,2,3.34,3.7,3,2,0,0,66.67,0.0,0.0
TR,Santa Barbara,2018,ethnicity,aian,3,3.7,4.0,4,3,1,0,75.0,25.0,0.0
TR,Santa Barbara,2018,ethnicity,asian,1,0.32,3.34,143,79,35,7,55.24,24.48,4.9
TR,Santa Barbara,2018,ethnicity,asian,2,3.34,3.7,159,100,46,1,62.89,28.93,0.63
TR,Santa Barbara,2018,ethnicity,asian,3,3.7,4.0,82,59,15,2,71.95,18.29,2.44
TR,Santa Barbara,2018,ethnicity,black,1,0.32,3.34,65,34,14,7,52.31,21.54,10.77
TR,Santa Barbara,2018,ethnicity,black,2,3.34,3.7,28,12,9,2,42.86,32.14,7.14
TR,Santa Barbara,2018,ethnicity,black,3,3.7,4.0,9,2,6,0,22.22,66.67,0.0
TR,Santa Barbara,2018,ethnicity,hispanic_latino,1,0.32,3.34,305,166,78,12,54.43,25.57,3.93
TR,Santa Barbara,2018,ethnicity,hispanic_latino,2,3.34,3.7,182,108,40,3,59.34,21.98,1.65
TR,Santa Barbara,2018,ethnicity,hispanic_latino,3,3.7,4.0,107,73,18,3,68.22,16.82,2.8
TR,Santa Barbara,2018,ethnicity,international,1,0.32,3.34,184,135,26,6,73.37,14.13,3.26
TR,Santa Barbara,2018,ethnicity,international,2,3.34,3.7,208,158,32,2,75.96,15.38,0.96
TR,Santa Barbara,2018,ethnicity,international,3,3.7,4.0,97,69,14,6,71.13,14.43,6.19
TR,Santa Barbara,2018,ethnicity,white,1,0.32,3.34,337,213,70,12,63.2,20.77,3.56
TR,Santa Barbara,2018,ethnicity,white,2,3.34,3.7,309,217,66,8,70.23,21.36,2.59
TR,Santa Barbara,2018,ethnicity,white,3,3.7,4.0,187,123,43,5,65.78,22.99,2.67
TR,Santa Barbara,2018,first_gen_status,first_gen,1,0.32,3.34,494,304,93,21,61.54,18.83,4.25
TR,Santa Barbara,2018,first_gen_status,first_gen,2,3.34,3.7,366,237,82,8,64.75,22.4,2.19
TR,Santa Barbara,2018,first_gen_status,first_gen,3,3.7,4.0,189,126,45,5,66.67,23.81,2.65
TR,Santa Barbara,2018,first_gen_status,not_first_gen,1,0.32,3.34,522,311,124,22,59.58,23.75,4.21
TR,Santa Barbara,2018,first_gen_status,not_first_gen,2,3.34,3.7,502,344,111,8,68.53,22.11,1.59
TR,Santa Barbara,2018,first_gen_status,not_first_gen,3,3.7,4.0,295,202,53,11,68.47,17.97,3.73
TR,Santa Barbara,2018,overall,overall,1,0.32,3.34,1064,638,231,46,59.96,21.71,4.32
TR,Santa Barbara,2018,overall,overall,2,3.34,3.7,907,605,198,16,66.7,21.83,1.76
TR,Santa Barbara,2018,overall,overall,3,3.7,4.0,502,341,100,17,67.93,19.92,3.39
TR,Santa Barbara,2018,pell_status,non_pell,1,0.32,3.34,546,358,112,18,65.57,20.51,3.3
TR,Santa Barbara,2018,pell_status,non_pell,2,3.34,3.7,579,427,98,6,73.75,16.93,1.04
TR,Santa Barbara,2018,pell_status,non_pell,3,3.7,4.0,319,232,50,10,72.73,15.67,3.13
TR,Santa Barbara,2018,pell_status,pell,1,0.32,3.34,518,280,119,28,54.05,22.97,5.41
TR,Santa Barbara,2018,pell_status,pell,2,3.34,3.7,328,178,100,10,54.27,30.49,3.05
TR,Santa Barbara,2018,pell_status,pell,3,3.7,4.0,183,109,50,7,59.56,27.32,3.83
TR,Santa Barbara,2019,ethnicity,aian,1,0.32,3.38,12,8,3,0,66.67,25.0,0.0
TR,Santa Barbara,2019,ethnicity,aian,2,3.38,3.73,10,6,2,0,60.0,20.0,0.0
TR,Santa Barbara,2019,ethnicity,aian,3,3.73,4.0,3,2,1,0,66.67,33.33,0.0
TR,Santa Barbara,2019,ethnicity,asian,1,0.32,3.38,151,81,38,9,53.64,25.17,5.96
TR,Santa Barbara,2019,ethnicity,asian,2,3.38,3.73,158,107,35,3,67.72,22.15,1.9
TR,Santa Barbara,2019,ethnicity,asian,3,3.73,4.0,90,57,15,6,63.33,16.67,6.67
TR,Santa Barbara,2019,ethnicity,black,1,0.32,3.38,43,20,8,2,46.51,18.6,4.65
TR,Santa Barbara,2019,ethnicity,black,2,3.38,3.73,24,17,6,0,70.83,25.0,0.0
TR,Santa Barbara,2019,ethnicity,black,3,3.73,4.0,16,10,3,1,62.5,18.75,6.25
TR,Santa Barbara,2019,ethnicity,hispanic_latino,1,0.32,3.38,235,130,59,15,55.32,25.11,6.38
TR,Santa Barbara,2019,ethnicity,hispanic_latino,2,3.38,3.73,179,99,51,4,55.31,28.49,2.23
TR,Santa Barbara,2019,ethnicity,hispanic_latino,3,3.73,4.0,90,58,18,2,64.44,20.0,2.22
TR,Santa Barbara,2019,ethnicity,international,1,0.32,3.38,109,72,17,5,66.06,15.6,4.59
TR,Santa Barbara,2019,ethnicity,international,2,3.38,3.73,114,80,13,6,70.18,11.4,5.26
TR,Santa Barbara,2019,ethnicity,international,3,3.73,4.0,63,48,9,1,76.19,14.29,1.59
TR,Santa Barbara,2019,ethnicity,white,1,0.32,3.38,269,171,56,12,63.57,20.82,4.46
TR,Santa Barbara,2019,ethnicity,white,2,3.38,3.73,304,186,76,16,61.18,25.0,5.26
TR,Santa Barbara,2019,ethnicity,white,3,3.73,4.0,197,137,43,4,69.54,21.83,2.03
TR,Santa Barbara,2019,first_gen_status,first_gen,1,0.32,3.38,368,212,76,21,57.61,20.65,5.71
TR,Santa Barbara,2019,first_gen_status,first_gen,2,3.38,3.73,324,203,68,8,62.65,20.99,2.47
TR,Santa Barbara,2019,first_gen_status,first_gen,3,3.73,4.0,176,124,26,4,70.45,14.77,2.27
TR,Santa Barbara,2019,first_gen_status,not_first_gen,1,0.32,3.38,437,262,105,20,59.95,24.03,4.58
TR,Santa Barbara,2019,first_gen_status,not_first_gen,2,3.38,3.73,467,295,114,20,63.17,24.41,4.28
TR,Santa Barbara,2019,first_gen_status,not_first_gen,3,3.73,4.0,282,187,63,10,66.31,22.34,3.55
TR,Santa Barbara,2019,overall,overall,1,0.32,3.38,835,488,186,45,58.44,22.28,5.39
TR,Santa Barbara,2019,overall,overall,2,3.38,3.73,812,511,187,30,62.93,23.03,3.69
TR,Santa Barbara,2019,overall,overall,3,3.73,4.0,468,318,90,14,67.95,19.23,2.99
TR,Santa Barbara,2019,pell_status,non_pell,1,0.32,3.38,439,279,86,15,63.55,19.59,3.42
TR,Santa Barbara,2019,pell_status,non_pell,2,3.38,3.73,494,330,92,18,66.8,18.62,3.64
TR,Santa Barbara,2019,pell_status,non_pell,3,3.73,4.0,304,218,55,8,71.71,18.09,2.63
TR,Santa Barbara,2019,pell_status,pell,1,0.32,3.38,396,209,100,30,52.78,25.25,7.58
TR,Santa Barbara,2019,pell_status,pell,2,3.38,3.73,318,181,95,12,56.92,29.87,3.77
TR,Santa Barbara,2019,pell_status,pell,3,3.73,4.0,164,100,35,6,60.98,21.34,3.66
TR,Santa Barbara,2020,ethnicity,aian,1,1.25,3.39,9,2,4,0,22.22,44.44,0.0
TR,Santa Barbara,2020,ethnicity,aian,2,3.39,3.74,,0,0,0,0.0,0.0,0.0
TR,Santa Barbara,2020,ethnicity,aian,3,3.74,4.0,7,4,1,2,57.14,14.29,28.57
TR,Santa Barbara,2020,ethnicity,asian,1,1.25,3.39,237,118,74,12,49.79,31.22,5.06
TR,Santa Barbara,2020,ethnicity,asian,2,3.39,3.74,212,119,49,11,56.13,23.11,5.19
TR,Santa Barbara,2020,ethnicity,asian,3,3.74,4.0,92,61,19,2,66.3,20.65,2.17
TR,Santa Barbara,2020,ethnicity,black,1,1.25,3.39,60,22,18,4,36.67,30.0,6.67
TR,Santa Barbara,2020,ethnicity,black,2,3.39,3.74,23,12,6,1,52.17,26.09,4.35
TR,Santa Barbara,2020,ethnicity,black,3,3.74,4.0,9,7,1,0,77.78,11.11,0.0
TR,Santa Barbara,2020,ethnicity,hispanic_latino,1,1.25,3.39,302,151,76,14,50.0,25.17,4.64
TR,Santa Barbara,2020,ethnicity,hispanic_latino,2,3.39,3.74,194,97,47,10,50.0,24.23,5.15
TR,Santa Barbara,2020,ethnicity,hispanic_latino,3,3.74,4.0,96,69,17,1,71.88,17.71,1.04
TR,Santa Barbara,2020,ethnicity,international,1,1.25,3.39,124,66,29,8,53.23,23.39,6.45
TR,Santa Barbara,2020,ethnicity,international,2,3.39,3.74,76,45,23,0,59.21,30.26,0.0
TR,Santa Barbara,2020,ethnicity,international,3,3.74,4.0,42,23,12,1,54.76,28.57,2.38
TR,Santa Barbara,2020,ethnicity,white,1,1.25,3.39,340,182,83,18,53.53,24.41,5.29
TR,Santa Barbara,2020,ethnicity,white,2,3.39,3.74,335,194,87,18,57.91,25.97,5.37
TR,Santa Barbara,2020,ethnicity,white,3,3.74,4.0,195,114,57,11,58.46,29.23,5.64
TR,Santa Barbara,2020,first_gen_status,first_gen,1,1.25,3.39,464,228,112,28,49.14,24.14,6.03
TR,Santa Barbara,2020,first_gen_status,first_gen,2,3.39,3.74,341,183,75,18,53.67,21.99,5.28
TR,Santa Barbara,2020,first_gen_status,first_gen,3,3.74,4.0,155,103,30,3,66.45,19.35,1.94
TR,Santa Barbara,2020,first_gen_status,not_first_gen,1,1.25,3.39,612,313,175,29,51.14,28.59,4.74
TR,Santa Barbara,2020,first_gen_status,not_first_gen,2,3.39,3.74,508,291,135,22,57.28,26.57,4.33
TR,Santa Barbara,2020,first_gen_status,not_first_gen,3,3.74,4.0,289,170,81,15,58.82,28.03,5.19
TR,Santa Barbara,2020,overall,overall,1,1.25,3.39,1120,560,302,59,50.0,26.96,5.27
TR,Santa Barbara,2020,overall,overall,2,3.39,3.74,877,489,217,40,55.76,24.74,4.56
TR,Santa Barbara,2020,overall,overall,3,3.74,4.0,461,286,114,18,62.04,24.73,3.9
TR,Santa Barbara,2020,pell_status,non_pell,1,1.25,3.39,612,338,147,27,55.23,24.02,4.41
TR,Santa Barbara,2020,pell_status,non_pell,2,3.39,3.74,526,313,125,18,59.51,23.76,3.42
TR,Santa Barbara,2020,pell_status,non_pell,3,3.74,4.0,294,179,71,11,60.88,24.15,3.74
TR,Santa Barbara,2020,pell_status,pell,1,1.25,3.39,508,222,155,32,43.7,30.51,6.3
TR,Santa Barbara,2020,pell_status,pell,2,3.39,3.74,351,176,92,22,50.14,26.21,6.27
TR,Santa Barbara,2020,pell_status,pell,3,3.74,4.0,167,107,43,7,64.07,25.75,4.19
TR,Santa Barbara,2021,ethnicity,aian,1,1.0,3.5,6,2,3,0,33.33,50.0,0.0
TR,Santa Barbara,2021,ethnicity,aian,2,3.5,3.82,1,1,0,0,100.0,0.0,0.0
TR,Santa Barbara,2021,ethnicity,aian,3,3.82,4.0,3,3,0,0,100.0,0.0,0.0
TR,Santa Barbara,2021,ethnicity,asian,1,1.0,3.5,132,78,34,6,59.09,25.76,4.55
TR,Santa Barbara,2021,ethnicity,asian,2,3.5,3.82,213,140,45,5,65.73,21.13,2.35
TR,Santa Barbara,2021,ethnicity,asian,3,3.82,4.0,103,71,24,1,68.93,23.3,0.97
TR,Santa Barbara,2021,ethnicity,black,1,1.0,3.5,29,17,3,0,58.62,10.34,0.0
TR,Santa Barbara,2021,ethnicity,black,2,3.5,3.82,33,20,7,3,60.61,21.21,9.09
TR,Santa Barbara,2021,ethnicity,black,3,3.82,4.0,15,8,3,1,53.33,20.0,6.67
TR,Santa Barbara,2021,ethnicity,hispanic_latino,1,1.0,3.5,137,77,29,6,56.2,21.17,4.38
TR,Santa Barbara,2021,ethnicity,hispanic_latino,2,3.5,3.82,244,154,51,10,63.11,20.9,4.1
TR,Santa Barbara,2021,ethnicity,hispanic_latino,3,3.82,4.0,114,79,25,3,69.3,21.93,2.63
TR,Santa Barbara,2021,ethnicity,international,1,1.0,3.5,86,58,15,4,67.44,17.44,4.65
TR,Santa Barbara,2021,ethnicity,international,2,3.5,3.82,75,49,17,2,65.33,22.67,2.67
TR,Santa Barbara,2021,ethnicity,international,3,3.82,4.0,46,34,8,1,73.91,17.39,2.17
TR,Santa Barbara,2021,ethnicity,white,1,1.0,3.5,197,127,39,5,64.47,19.8,2.54
TR,Santa Barbara,2021,ethnicity,white,2,3.5,3.82,380,265,75,10,69.74,19.74,2.63
TR,Santa Barbara,2021,ethnicity,white,3,3.82,4.0,252,178,43,11,70.63,17.06,4.37
TR,Santa Barbara,2021,first_gen_status,first_gen,1,1.0,3.5,252,155,44,10,61.51,17.46,3.97
TR,Santa Barbara,2021,first_gen_status,first_gen,2,3.5,3.82,330,213,65,10,64.55,19.7,3.03
TR,Santa Barbara,2021,first_gen_status,first_gen,3,3.82,4.0,164,120,30,4,73.17,18.29,2.44
TR,Santa Barbara,2021,first_gen_status,not_first_gen,1,1.0,3.5,323,196,77,11,60.68,23.84,3.41
TR,Santa Barbara,2021,first_gen_status,not_first_gen,2,3.5,3.82,599,404,129,17,67.45,21.54,2.84
TR,Santa Barbara,2021,first_gen_status,not_first_gen,3,3.82,4.0,376,257,76,13,68.35,20.21,3.46
TR,Santa Barbara,2021,overall,overall,1,1.0,3.5,596,366,124,22,61.41,20.81,3.69
TR,Santa Barbara,2021,overall,overall,2,3.5,3.82,956,635,198,30,66.42,20.71,3.14
TR,Santa Barbara,2021,overall,overall,3,3.82,4.0,545,380,108,17,69.72,19.82,3.12
TR,Santa Barbara,2021,pell_status,non_pell,1,1.0,3.5,371,244,74,13,65.77,19.95,3.5
TR,Santa Barbara,2021,pell_status,non_pell,2,3.5,3.82,612,420,120,15,68.63,19.61,2.45
TR,Santa Barbara,2021,pell_status,non_pell,3,3.82,4.0,384,276,75,7,71.88,19.53,1.82
TR,Santa Barbara,2021,pell_status,pell,1,1.0,3.5,225,122,50,9,54.22,22.22,4.0
TR,Santa Barbara,2021,pell_status,pell,2,3.5,3.82,344,215,78,15,62.5,22.67,4.36
TR,Santa Barbara,2021,pell_status,pell,3,3.82,4.0,161,104,33,10,64.6,20.5,6.21
TR,Santa Cruz,2010,ethnicity,aian,1,0.33,3.25,15,8,6,0,53.33,40.0,0.0
TR,Santa Cruz,2010,ethnicity,aian,2,3.25,3.63,6,5,0,0,83.33,0.0,0.0
TR,Santa Cruz,2010,ethnicity,aian,3,3.63,4.0,7,4,2,0,57.14,28.57,0.0
TR,Santa Cruz,2010,ethnicity,asian,1,0.33,3.25,129,56,40,10,43.41,31.01,7.75
TR,Santa Cruz,2010,ethnicity,asian,2,3.25,3.63,27,13,10,1,48.15,37.04,3.7
TR,Santa Cruz,2010,ethnicity,asian,3,3.63,4.0,17,7,7,1,41.18,41.18,5.88
TR,Santa Cruz,2010,ethnicity,black,1,0.33,3.25,26,12,7,1,46.15,26.92,3.85
TR,Santa Cruz,2010,ethnicity,black,2,3.25,3.63,5,0,1,1,0.0,20.0,20.0
TR,Santa Cruz,2010,ethnicity,black,3,3.63,4.0,4,2,0,0,50.0,0.0,0.0
TR,Santa Cruz,2010,ethnicity,hispanic_latino,1,0.33,3.25,185,69,67,7,37.3,36.22,3.78
TR,Santa Cruz,2010,ethnicity,hispanic_latino,2,3.25,3.63,54,27,19,3,50.0,35.19,5.56
TR,Santa Cruz,2010,ethnicity,hispanic_latino,3,3.63,4.0,20,11,3,2,55.0,15.0,10.0
TR,Santa Cruz,2010,ethnicity,international,1,0.33,3.25,5,3,1,0,60.0,20.0,0.0
TR,Santa Cruz,2010,ethnicity,international,2,3.25,3.63,3,2,1,0,66.67,33.33,0.0
TR,Santa Cruz,2010,ethnicity,international,3,3.63,4.0,1,1,0,0,100.0,0.0,0.0
TR,Santa Cruz,2010,ethnicity,white,1,0.33,3.25,321,171,71,19,53.27,22.12,5.92
TR,Santa Cruz,2010,ethnicity,white,2,3.25,3.63,149,75,46,8,50.34,30.87,5.37
TR,Santa Cruz,2010,ethnicity,white,3,3.63,4.0,111,66,29,3,59.46,26.13,2.7
TR,Santa Cruz,2010,first_gen_status,first_gen,1,0.33,3.25,342,151,111,16,44.15,32.46,4.68
TR,Santa Cruz,2010,first_gen_status,first_gen,2,3.25,3.63,101,47,31,6,46.53,30.69,5.94
TR,Santa Cruz,2010,first_gen_status,first_gen,3,3.63,4.0,65,34,19,3,52.31,29.23,4.62
TR,Santa Cruz,2010,first_gen_status,not_first_gen,1,0.33,3.25,326,159,79,23,48.77,24.23,7.06
TR,Santa Cruz,2010,first_gen_status,not_first_gen,2,3.25,3.63,140,79,44,7,56.43,31.43,5.0
TR,Santa Cruz,2010,first_gen_status,not_first_gen,3,3.63,4.0,100,61,23,3,61.0,23.0,3.0
TR,Santa Cruz,2010,overall,overall,1,0.33,3.25,732,342,207,43,46.72,28.28,5.87
TR,Santa Cruz,2010,overall,overall,2,3.25,3.63,271,140,82,14,51.66,30.26,5.17
TR,Santa Cruz,2010,overall,overall,3,3.63,4.0,181,103,47,6,56.91,25.97,3.31
TR,Santa Cruz,2010,pell_status,non_pell,1,0.33,3.25,277,166,53,10,59.93,19.13,3.61
TR,Santa Cruz,2010,pell_status,non_pell,2,3.25,3.63,135,78,39,4,57.78,28.89,2.96
TR,Santa Cruz,2010,pell_status,non_pell,3,3.63,4.0,83,57,14,4,68.67,16.87,4.82
TR,Santa Cruz,2010,pell_status,pell,1,0.33,3.25,455,176,154,33,38.68,33.85,7.25
TR,Santa Cruz,2010,pell_status,pell,2,3.25,3.63,136,62,43,10,45.59,31.62,7.35
TR,Santa Cruz,2010,pell_status,pell,3,3.63,4.0,98,46,33,2,46.94,33.67,2.04
TR,Santa Cruz,2011,ethnicity,aian,1,0.31,3.27,12,9,2,0,75.0,16.67,0.0
TR,Santa Cruz,2011,ethnicity,aian,2,3.27,3.63,8,5,2,0,62.5,25.0,0.0
TR,Santa Cruz,2011,ethnicity,aian,3,3.63,4.0,5,3,1,0,60.0,20.0,0.0
TR,Santa Cruz,2011,ethnicity,asian,1,0.31,3.27,108,61,24,2,56.48,22.22,1.85
TR,Santa Cruz,2011,ethnicity,asian,2,3.27,3.63,32,17,9,1,53.12,28.12,3.12
TR,Santa Cruz,2011,ethnicity,asian,3,3.63,4.0,13,9,2,0,69.23,15.38,0.0
TR,Santa Cruz,2011,ethnicity,black,1,0.31,3.27,17,9,5,1,52.94,29.41,5.88
TR,Santa Cruz,2011,ethnicity,black,2,3.27,3.63,6,3,3,0,50.0,50.0,0.0
TR,Santa Cruz,2011,ethnicity,black,3,3.63,4.0,2,2,0,0,100.0,0.0,0.0
TR,Santa Cruz,2011,ethnicity,hispanic_latino,1,0.31,3.27,199,93,56,15,46.73,28.14,7.54
TR,Santa Cruz,2011,ethnicity,hispanic_latino,2,3.27,3.63,71,41,19,4,57.75,26.76,5.63
TR,Santa Cruz,2011,ethnicity,hispanic_latino,3,3.63,4.0,26,11,7,0,42.31,26.92,0.0
TR,Santa Cruz,2011,ethnicity,international,1,0.31,3.27,3,1,2,0,33.33,66.67,0.0
TR,Santa Cruz,2011,ethnicity,international,3,3.63,4.0,2,1,1,0,50.0,50.0,0.0
TR,Santa Cruz,2011,ethnicity,white,1,0.31,3.27,332,184,80,14,55.42,24.1,4.22
TR,Santa Cruz,2011,ethnicity,white,2,3.27,3.63,185,104,49,5,56.22,26.49,2.7
TR,Santa Cruz,2011,ethnicity,white,3,3.63,4.0,120,73,29,5,60.83,24.17,4.17
TR,Santa Cruz,2011,first_gen_status,first_gen,1,0.31,3.27,322,160,88,16,49.69,27.33,4.97
TR,Santa Cruz,2011,first_gen_status,first_gen,2,3.27,3.63,137,68,45,3,49.64,32.85,2.19
TR,Santa Cruz,2011,first_gen_status,first_gen,3,3.63,4.0,62,36,13,1,58.06,20.97,1.61
TR,Santa Cruz,2011,first_gen_status,not_first_gen,1,0.31,3.27,343,191,79,15,55.69,23.03,4.37
TR,Santa Cruz,2011,first_gen_status,not_first_gen,2,3.27,3.63,162,102,34,7,62.96,20.99,4.32
TR,Santa Cruz,2011,first_gen_status,not_first_gen,3,3.63,4.0,114,70,27,4,61.4,23.68,3.51
TR,Santa Cruz,2011,overall,overall,1,0.31,3.27,691,363,173,33,52.53,25.04,4.78
TR,Santa Cruz,2011,overall,overall,2,3.27,3.63,312,175,85,11,56.09,27.24,3.53
TR,Santa Cruz,2011,overall,overall,3,3.63,4.0,179,106,42,5,59.22,23.46,2.79
TR,Santa Cruz,2011,pell_status,non_pell,1,0.31,3.27,276,168,54,11,60.87,19.57,3.99
TR,Santa Cruz,2011,pell_status,non_pell,2,3.27,3.63,133,86,28,2,64.66,21.05,1.5
TR,Santa Cruz,2011,pell_status,non_pell,3,3.63,4.0,92,63,17,2,68.48,18.48,2.17
TR,Santa Cruz,2011,pell_status,pell,1,0.31,3.27,415,195,119,22,46.99,28.67,5.3
TR,Santa Cruz,2011,pell_status,pell,2,3.27,3.63,179,89,57,9,49.72,31.84,5.03
TR,Santa Cruz,2011,pell_status,pell,3,3.63,4.0,87,43,25,3,49.43,28.74,3.45
TR,Santa Cruz,2012,ethnicity,aian,1,0.3,3.3,16,9,5,0,56.25,31.25,0.0
TR,Santa Cruz,2012,ethnicity,aian,2,3.3,3.65,4,3,1,0,75.0,25.0,0.0
TR,Santa Cruz,2012,ethnicity,aian,3,3.65,4.0,4,4,0,0,100.0,0.0,0.0
TR,Santa Cruz,2012,ethnicity,asian,1,0.3,3.3,177,80,56,10,45.2,31.64,5.65
TR,Santa Cruz,2012,ethnicity,asian,2,3.3,3.65,26,14,6,4,53.85,23.08,15.38
TR,Santa Cruz,2012,ethnicity,asian,3,3.65,4.0,16,10,3,0,62.5,18.75,0.0
TR,Santa Cruz,2012,ethnicity,black,1,0.3,3.3,30,16,7,3,53.33,23.33,10.0
TR,Santa Cruz,2012,ethnicity,black,2,3.3,3.65,8,5,1,1,62.5,12.5,12.5
TR,Santa Cruz,2012,ethnicity,black,3,3.65,4.0,5,3,0,0,60.0,0.0,0.0
TR,Santa Cruz,2012,ethnicity,hispanic_latino,1,0.3,3.3,208,96,73,11,46.15,35.1,5.29
TR,Santa Cruz,2012,ethnicity,hispanic_latino,2,3.3,3.65,82,45,22,4,54.88,26.83,4.88
TR,Santa Cruz,2012,ethnicity,hispanic_latino,3,3.65,4.0,14,9,5,0,64.29,35.71,0.0
TR,Santa Cruz,2012,ethnicity,international,1,0.3,3.3,3,2,0,0,66.67,0.0,0.0
TR,Santa Cruz,2012,ethnicity,international,2,3.3,3.65,1,0,1,0,0.0,100.0,0.0
TR,Santa Cruz,2012,ethnicity,white,1,0.3,3.3,330,176,93,15,53.33,28.18,4.55
TR,Santa Cruz,2012,ethnicity,white,2,3.3,3.65,151,80,48,4,52.98,31.79,2.65
TR,Santa Cruz,2012,ethnicity,white,3,3.65,4.0,89,60,20,3,67.42,22.47,3.37
TR,Santa Cruz,2012,first_gen_status,first_gen,1,0.3,3.3,395,181,139,19,45.82,35.19,4.81
TR,Santa Cruz,2012,first_gen_status,first_gen,2,3.3,3.65,132,71,39,6,53.79,29.55,4.55
TR,Santa Cruz,2012,first_gen_status,first_gen,3,3.65,4.0,66,46,11,3,69.7,16.67,4.55
TR,Santa Cruz,2012,first_gen_status,not_first_gen,1,0.3,3.3,358,194,94,19,54.19,26.26,5.31
TR,Santa Cruz,2012,first_gen_status,not_first_gen,2,3.3,3.65,141,78,43,5,55.32,30.5,3.55
TR,Santa Cruz,2012,first_gen_status,not_first_gen,3,3.65,4.0,68,42,18,2,61.76,26.47,2.94
TR,Santa Cruz,2012,overall,overall,1,0.3,3.3,782,389,241,40,49.74,30.82,5.12
TR,Santa Cruz,2012,overall,overall,2,3.3,3.65,283,153,83,14,54.06,29.33,4.95
TR,Santa Cruz,2012,overall,overall,3,3.65,4.0,136,89,30,5,65.44,22.06,3.68
TR,Santa Cruz,2012,pell_status,non_pell,1,0.3,3.3,305,178,80,13,58.36,26.23,4.26
TR,Santa Cruz,2012,pell_status,non_pell,2,3.3,3.65,107,71,25,1,66.36,23.36,0.93
TR,Santa Cruz,2012,pell_status,non_pell,3,3.65,4.0,66,46,13,4,69.7,19.7,6.06
TR,Santa Cruz,2012,pell_status,pell,1,0.3,3.3,477,211,161,27,44.23,33.75,5.66
TR,Santa Cruz,2012,pell_status,pell,2,3.3,3.65,176,82,58,13,46.59,32.95,7.39
TR,Santa Cruz,2012,pell_status,pell,3,3.65,4.0,70,43,17,1,61.43,24.29,1.43
TR,Santa Cruz,2013,ethnicity,aian,1,0.32,3.31,14,10,2,0,71.43,14.29,0.0
TR,Santa Cruz,2013,ethnicity,aian,2,3.31,3.66,7,6,1,0,85.71,14.29,0.0
TR,Santa Cruz,2013,ethnicity,aian,3,3.66,4.0,2,1,1,0,50.0,50.0,0.0
TR,Santa Cruz,2013,ethnicity,asian,1,0.32,3.31,110,53,33,7,48.18,30.0,6.36
TR,Santa Cruz,2013,ethnicity,asian,2,3.31,3.66,28,17,5,1,60.71,17.86,3.57
TR,Santa Cruz,2013,ethnicity,asian,3,3.66,4.0,16,12,1,0,75.0,6.25,0.0
TR,Santa Cruz,2013,ethnicity,black,1,0.32,3.31,26,12,9,2,46.15,34.62,7.69
TR,Santa Cruz,2013,ethnicity,black,2,3.31,3.66,7,4,2,0,57.14,28.57,0.0
TR,Santa Cruz,2013,ethnicity,black,3,3.66,4.0,4,3,1,0,75.0,25.0,0.0
TR,Santa Cruz,2013,ethnicity,hispanic_latino,1,0.32,3.31,195,70,71,15,35.9,36.41,7.69
TR,Santa Cruz,2013,ethnicity,hispanic_latino,2,3.31,3.66,55,26,16,4,47.27,29.09,7.27
TR,Santa Cruz,2013,ethnicity,hispanic_latino,3,3.66,4.0,20,12,6,1,60.0,30.0,5.0
TR,Santa Cruz,2013,ethnicity,international,1,0.32,3.31,11,5,4,1,45.45,36.36,9.09
TR,Santa Cruz,2013,ethnicity,international,2,3.31,3.66,3,2,0,1,66.67,0.0,33.33
TR,Santa Cruz,2013,ethnicity,international,3,3.66,4.0,2,1,1,0,50.0,50.0,0.0
TR,Santa Cruz,2013,ethnicity,white,1,0.32,3.31,266,134,79,11,50.38,29.7,4.14
TR,Santa Cruz,2013,ethnicity,white,2,3.31,3.66,128,77,29,8,60.16,22.66,6.25
TR,Santa Cruz,2013,ethnicity,white,3,3.66,4.0,84,56,24,2,66.67,28.57,2.38
TR,Santa Cruz,2013,first_gen_status,first_gen,1,0.32,3.31,317,130,106,20,41.01,33.44,6.31
TR,Santa Cruz,2013,first_gen_status,first_gen,2,3.31,3.66,114,69,21,7,60.53,18.42,6.14
TR,Santa Cruz,2013,first_gen_status,first_gen,3,3.66,4.0,58,37,15,2,63.79,25.86,3.45
TR,Santa Cruz,2013,first_gen_status,not_first_gen,1,0.32,3.31,291,145,87,16,49.83,29.9,5.5
TR,Santa Cruz,2013,first_gen_status,not_first_gen,2,3.31,3.66,108,62,30,5,57.41,27.78,4.63
TR,Santa Cruz,2013,first_gen_status,not_first_gen,3,3.66,4.0,67,45,19,1,67.16,28.36,1.49
TR,Santa Cruz,2013,overall,overall,1,0.32,3.31,634,288,201,37,45.43,31.7,5.84
TR,Santa Cruz,2013,overall,overall,2,3.31,3.66,235,137,54,14,58.3,22.98,5.96
TR,Santa Cruz,2013,overall,overall,3,3.66,4.0,128,85,34,3,66.41,26.56,2.34
TR,Santa Cruz,2013,pell_status,non_pell,1,0.32,3.31,202,120,47,7,59.41,23.27,3.47
TR,Santa Cruz,2013,pell_status,non_pell,2,3.31,3.66,91,61,18,3,67.03,19.78,3.3
TR,Santa Cruz,2013,pell_status,non_pell,3,3.66,4.0,54,42,10,0,77.78,18.52,0.0
TR,Santa Cruz,2013,pell_status,pell,1,0.32,3.31,432,168,154,30,38.89,35.65,6.94
TR,Santa Cruz,2013,pell_status,pell,2,3.31,3.66,144,76,36,11,52.78,25.0,7.64
TR,Santa Cruz,2013,pell_status,pell,3,3.66,4.0,74,43,24,3,58.11,32.43,4.05
TR,Santa Cruz,2014,ethnicity,aian,1,0.82,3.34,22,11,5,1,50.0,22.73,4.55
TR,Santa Cruz,2014,ethnicity,aian,2,3.34,3.68,7,4,2,0,57.14,28.57,0.0
TR,Santa Cruz,2014,ethnicity,asian,1,0.82,3.34,118,65,31,5,55.08,26.27,4.24
TR,Santa Cruz,2014,ethnicity,asian,2,3.34,3.68,34,17,9,1,50.0,26.47,2.94
TR,Santa Cruz,2014,ethnicity,asian,3,3.68,4.0,10,8,0,1,80.0,0.0,10.0
TR,Santa Cruz,2014,ethnicity,black,1,0.82,3.34,33,7,9,8,21.21,27.27,24.24
TR,Santa Cruz,2014,ethnicity,black,2,3.34,3.68,6,1,3,1,16.67,50.0,16.67
TR,Santa Cruz,2014,ethnicity,black,3,3.68,4.0,3,2,0,0,66.67,0.0,0.0
TR,Santa Cruz,2014,ethnicity,hispanic_latino,1,0.82,3.34,196,102,52,13,52.04,26.53,6.63
TR,Santa Cruz,2014,ethnicity,hispanic_latino,2,3.34,3.68,51,29,15,1,56.86,29.41,1.96
TR,Santa Cruz,2014,ethnicity,hispanic_latino,3,3.68,4.0,22,13,4,2,59.09,18.18,9.09
TR,Santa Cruz,2014,ethnicity,international,1,0.82,3.34,10,7,2,1,70.0,20.0,10.0
TR,Santa Cruz,2014,ethnicity,international,2,3.34,3.68,4,3,1,0,75.0,25.0,0.0
TR,Santa Cruz,2014,ethnicity,international,3,3.68,4.0,,0,0,0,0.0,0.0,0.0
TR,Santa Cruz,2014,ethnicity,white,1,0.82,3.34,322,189,81,10,58.7,25.16,3.11
TR,Santa Cruz,2014,ethnicity,white,2,3.34,3.68,118,77,24,7,65.25,20.34,5.93
TR,Santa Cruz,2014,ethnicity,white,3,3.68,4.0,68,45,13,4,66.18,19.12,5.88
TR,Santa Cruz,2014,first_gen_status,first_gen,1,0.82,3.34,344,181,90,17,52.62,26.16,4.94
TR,Santa Cruz,2014,first_gen_status,first_gen,2,3.34,3.68,92,59,20,2,64.13,21.74,2.17
TR,Santa Cruz,2014,first_gen_status,first_gen,3,3.68,4.0,46,29,7,5,63.04,15.22,10.87
TR,Santa Cruz,2014,first_gen_status,not_first_gen,1,0.82,3.34,352,195,92,20,55.4,26.14,5.68
TR,Santa Cruz,2014,first_gen_status,not_first_gen,2,3.34,3.68,127,72,33,8,56.69,25.98,6.3
TR,Santa Cruz,2014,first_gen_status,not_first_gen,3,3.68,4.0,57,37,11,2,64.91,19.3,3.51
TR,Santa Cruz,2014,overall,overall,1,0.82,3.34,717,388,186,38,54.11,25.94,5.3
TR,Santa Cruz,2014,overall,overall,2,3.34,3.68,224,134,55,10,59.82,24.55,4.46
TR,Santa Cruz,2014,overall,overall,3,3.68,4.0,109,70,19,7,64.22,17.43,6.42
TR,Santa Cruz,2014,pell_status,non_pell,1,0.82,3.34,259,162,56,10,62.55,21.62,3.86
TR,Santa Cruz,2014,pell_status,non_pell,2,3.34,3.68,97,66,19,3,68.04,19.59,3.09
TR,Santa Cruz,2014,pell_status,non_pell,3,3.68,4.0,43,32,4,3,74.42,9.3,6.98
TR,Santa Cruz,2014,pell_status,pell,1,0.82,3.34,458,226,130,28,49.34,28.38,6.11
TR,Santa Cruz,2014,pell_status,pell,2,3.34,3.68,127,68,36,7,53.54,28.35,5.51
TR,Santa Cruz,2014,pell_status,pell,3,3.68,4.0,66,38,15,4,57.58,22.73,6.06
TR,Santa Cruz,2015,ethnicity,aian,1,1.4,3.34,6,1,4,0,16.67,66.67,0.0
TR,Santa Cruz,2015,ethnicity,aian,2,3.34,3.68,3,1,0,1,33.33,0.0,33.33
TR,Santa Cruz,2015,ethnicity,aian,3,3.68,4.0,1,1,0,0,100.0,0.0,0.0
TR,Santa Cruz,2015,ethnicity,asian,1,1.4,3.34,157,83,51,3,52.87,32.48,1.91
TR,Santa Cruz,2015,ethnicity,asian,2,3.34,3.68,28,14,10,0,50.0,35.71,0.0
TR,Santa Cruz,2015,ethnicity,asian,3,3.68,4.0,21,14,5,1,66.67,23.81,4.76
TR,Santa Cruz,2015,ethnicity,black,1,1.4,3.34,34,13,5,6,38.24,14.71,17.65
TR,Santa Cruz,2015,ethnicity,black,2,3.34,3.68,9,7,1,0,77.78,11.11,0.0
TR,Santa Cruz,2015,ethnicity,black,3,3.68,4.0,1,0,1,0,0.0,100.0,0.0
TR,Santa Cruz,2015,ethnicity,hispanic_latino,1,1.4,3.34,235,127,66,16,54.04,28.09,6.81
TR,Santa Cruz,2015,ethnicity,hispanic_latino,2,3.34,3.68,61,29,24,1,47.54,39.34,1.64
TR,Santa Cruz,2015,ethnicity,hispanic_latino,3,3.68,4.0,21,9,9,0,42.86,42.86,0.0
TR,Santa Cruz,2015,ethnicity,international,1,1.4,3.34,11,8,1,0,72.73,9.09,0.0
TR,Santa Cruz,2015,ethnicity,international,2,3.34,3.68,6,3,1,0,50.0,16.67,0.0
TR,Santa Cruz,2015,ethnicity,international,3,3.68,4.0,5,3,2,0,60.0,40.0,0.0
TR,Santa Cruz,2015,ethnicity,white,1,1.4,3.34,312,189,70,9,60.58,22.44,2.88
TR,Santa Cruz,2015,ethnicity,white,2,3.34,3.68,123,73,27,3,59.35,21.95,2.44
TR,Santa Cruz,2015,ethnicity,white,3,3.68,4.0,78,47,22,1,60.26,28.21,1.28
TR,Santa Cruz,2015,first_gen_status,first_gen,1,1.4,3.34,383,197,110,21,51.44,28.72,5.48
TR,Santa Cruz,2015,first_gen_status,first_gen,2,3.34,3.68,99,55,27,1,55.56,27.27,1.01
TR,Santa Cruz,2015,first_gen_status,first_gen,3,3.68,4.0,40,21,13,0,52.5,32.5,0.0
TR,Santa Cruz,2015,first_gen_status,not_first_gen,1,1.4,3.34,366,218,84,13,59.56,22.95,3.55
TR,Santa Cruz,2015,first_gen_status,not_first_gen,2,3.34,3.68,129,72,33,5,55.81,25.58,3.88
TR,Santa Cruz,2015,first_gen_status,not_first_gen,3,3.68,4.0,85,53,25,2,62.35,29.41,2.35
TR,Santa Cruz,2015,overall,overall,1,1.4,3.34,772,430,200,34,55.7,25.91,4.4
TR,Santa Cruz,2015,overall,overall,2,3.34,3.68,235,129,63,6,54.89,26.81,2.55
TR,Santa Cruz,2015,overall,overall,3,3.68,4.0,130,76,40,2,58.46,30.77,1.54
TR,Santa Cruz,2015,pell_status,non_pell,1,1.4,3.34,310,194,78,7,62.58,25.16,2.26
TR,Santa Cruz,2015,pell_status,non_pell,2,3.34,3.68,105,61,28,3,58.1,26.67,2.86
TR,Santa Cruz,2015,pell_status,non_pell,3,3.68,4.0,77,45,23,1,58.44,29.87,1.3
TR,Santa Cruz,2015,pell_status,pell,1,1.4,3.34,462,236,122,27,51.08,26.41,5.84
TR,Santa Cruz,2015,pell_status,pell,2,3.34,3.68,130,68,35,3,52.31,26.92,2.31
TR,Santa Cruz,2015,pell_status,pell,3,3.68,4.0,53,31,17,1,58.49,32.08,1.89
TR,Santa Cruz,2016,ethnicity,aian,1,0.36,3.33,8,3,4,0,37.5,50.0,0.0
TR,Santa Cruz,2016,ethnicity,aian,2,3.33,3.68,6,1,2,2,16.67,33.33,33.33
TR,Santa Cruz,2016,ethnicity,aian,3,3.68,4.0,4,3,1,0,75.0,25.0,0.0
TR,Santa Cruz,2016,ethnicity,asian,1,0.36,3.33,121,67,28,14,55.37,23.14,11.57
TR,Santa Cruz,2016,ethnicity,asian,2,3.33,3.68,45,29,11,2,64.44,24.44,4.44
TR,Santa Cruz,2016,ethnicity,asian,3,3.68,4.0,22,11,8,1,50.0,36.36,4.55
TR,Santa Cruz,2016,ethnicity,black,1,0.36,3.33,33,15,10,0,45.45,30.3,0.0
TR,Santa Cruz,2016,ethnicity,black,2,3.33,3.68,7,4,3,0,57.14,42.86,0.0
TR,Santa Cruz,2016,ethnicity,black,3,3.68,4.0,10,5,3,0,50.0,30.0,0.0
TR,Santa Cruz,2016,ethnicity,hispanic_latino,1,0.36,3.33,244,119,76,16,48.77,31.15,6.56
TR,Santa Cruz,2016,ethnicity,hispanic_latino,2,3.33,3.68,68,37,19,0,54.41,27.94,0.0
TR,Santa Cruz,2016,ethnicity,hispanic_latino,3,3.68,4.0,26,15,6,2,57.69,23.08,7.69
TR,Santa Cruz,2016,ethnicity,international,1,0.36,3.33,15,12,1,0,80.0,6.67,0.0
TR,Santa Cruz,2016,ethnicity,international,2,3.33,3.68,10,6,2,0,60.0,20.0,0.0
TR,Santa Cruz,2016,ethnicity,international,3,3.68,4.0,5,4,1,0,80.0,20.0,0.0
TR,Santa Cruz,2016,ethnicity,white,1,0.36,3.33,268,164,61,9,61.19,22.76,3.36
TR,Santa Cruz,2016,ethnicity,white,2,3.33,3.68,134,83,33,1,61.94,24.63,0.75
TR,Santa Cruz,2016,ethnicity,white,3,3.68,4.0,77,46,23,0,59.74,29.87,0.0
TR,Santa Cruz,2016,first_gen_status,first_gen,1,0.36,3.33,345,173,103,22,50.14,29.86,6.38
TR,Santa Cruz,2016,first_gen_status,first_gen,2,3.33,3.68,121,75,34,1,61.98,28.1,0.83
TR,Santa Cruz,2016,first_gen_status,first_gen,3,3.68,4.0,47,27,14,1,57.45,29.79,2.13
TR,Santa Cruz,2016,first_gen_status,not_first_gen,1,0.36,3.33,319,193,70,16,60.5,21.94,5.02
TR,Santa Cruz,2016,first_gen_status,not_first_gen,2,3.33,3.68,142,85,34,3,59.86,23.94,2.11
TR,Santa Cruz,2016,first_gen_status,not_first_gen,3,3.68,4.0,91,53,27,1,58.24,29.67,1.1
TR,Santa Cruz,2016,overall,overall,1,0.36,3.33,702,385,184,40,54.84,26.21,5.7
TR,Santa Cruz,2016,overall,overall,2,3.33,3.68,275,164,71,5,59.64,25.82,1.82
TR,Santa Cruz,2016,overall,overall,3,3.68,4.0,145,85,42,3,58.62,28.97,2.07
TR,Santa Cruz,2016,pell_status,non_pell,1,0.36,3.33,281,177,63,12,62.99,22.42,4.27
TR,Santa Cruz,2016,pell_status,non_pell,2,3.33,3.68,130,86,30,1,66.15,23.08,0.77
TR,Santa Cruz,2016,pell_status,non_pell,3,3.68,4.0,75,50,17,1,66.67,22.67,1.33
TR,Santa Cruz,2016,pell_status,pell,1,0.36,3.33,421,208,121,28,49.41,28.74,6.65
TR,Santa Cruz,2016,pell_status,pell,2,3.33,3.68,145,78,41,4,53.79,28.28,2.76
TR,Santa Cruz,2016,pell_status,pell,3,3.68,4.0,70,35,25,2,50.0,35.71,2.86
TR,Santa Cruz,2017,ethnicity,aian,1,0.3,3.33,10,5,3,1,50.0,30.0,10.0
TR,Santa Cruz,2017,ethnicity,aian,2,3.33,3.69,3,2,1,0,66.67,33.33,0.0
TR,Santa Cruz,2017,ethnicity,asian,1,0.3,3.33,162,96,38,4,59.26,23.46,2.47
TR,Santa Cruz,2017,ethnicity,asian,2,3.33,3.69,64,32,20,4,50.0,31.25,6.25
TR,Santa Cruz,2017,ethnicity,asian,3,3.69,4.0,9,4,3,0,44.44,33.33,0.0
TR,Santa Cruz,2017,ethnicity,black,1,0.3,3.33,37,14,12,5,37.84,32.43,13.51
TR,Santa Cruz,2017,ethnicity,black,2,3.33,3.69,13,8,2,1,61.54,15.38,7.69
TR,Santa Cruz,2017,ethnicity,black,3,3.69,4.0,7,5,2,0,71.43,28.57,0.0
TR,Santa Cruz,2017,ethnicity,hispanic_latino,1,0.3,3.33,264,135,76,17,51.14,28.79,6.44
TR,Santa Cruz,2017,ethnicity,hispanic_latino,2,3.33,3.69,76,53,16,5,69.74,21.05,6.58
TR,Santa Cruz,2017,ethnicity,hispanic_latino,3,3.69,4.0,28,18,6,0,64.29,21.43,0.0
TR,Santa Cruz,2017,ethnicity,international,1,0.3,3.33,27,17,7,1,62.96,25.93,3.7
TR,Santa Cruz,2017,ethnicity,international,2,3.33,3.69,22,12,6,1,54.55,27.27,4.55
TR,Santa Cruz,2017,ethnicity,international,3,3.69,4.0,4,3,1,0,75.0,25.0,0.0
TR,Santa Cruz,2017,ethnicity,white,1,0.3,3.33,258,160,60,9,62.02,23.26,3.49
TR,Santa Cruz,2017,ethnicity,white,2,3.33,3.69,151,103,26,6,68.21,17.22,3.97
TR,Santa Cruz,2017,ethnicity,white,3,3.69,4.0,73,50,13,5,68.49,17.81,6.85
TR,Santa Cruz,2017,first_gen_status,first_gen,1,0.3,3.33,395,212,100,25,53.67,25.32,6.33
TR,Santa Cruz,2017,first_gen_status,first_gen,2,3.33,3.69,140,86,33,10,61.43,23.57,7.14
TR,Santa Cruz,2017,first_gen_status,first_gen,3,3.69,4.0,44,35,4,0,79.55,9.09,0.0
TR,Santa Cruz,2017,first_gen_status,not_first_gen,1,0.3,3.33,346,207,88,11,59.83,25.43,3.18
TR,Santa Cruz,2017,first_gen_status,not_first_gen,2,3.33,3.69,179,115,38,7,64.25,21.23,3.91
TR,Santa Cruz,2017,first_gen_status,not_first_gen,3,3.69,4.0,74,44,22,4,59.46,29.73,5.41
TR,Santa Cruz,2017,overall,overall,1,0.3,3.33,772,434,198,39,56.22,25.65,5.05
TR,Santa Cruz,2017,overall,overall,2,3.33,3.69,334,213,73,17,63.77,21.86,5.09
TR,Santa Cruz,2017,overall,overall,3,3.69,4.0,123,81,26,5,65.85,21.14,4.07
TR,Santa Cruz,2017,pell_status,non_pell,1,0.3,3.33,311,188,76,8,60.45,24.44,2.57
TR,Santa Cruz,2017,pell_status,non_pell,2,3.33,3.69,162,112,33,4,69.14,20.37,2.47
TR,Santa Cruz,2017,pell_status,non_pell,3,3.69,4.0,67,46,17,0,68.66,25.37,0.0
TR,Santa Cruz,2017,pell_status,pell,1,0.3,3.33,461,246,122,31,53.36,26.46,6.72
TR,Santa Cruz,2017,pell_status,pell,2,3.33,3.69,172,101,40,13,58.72,23.26,7.56
TR,Santa Cruz,2017,pell_status,pell,3,3.69,4.0,56,35,9,5,62.5,16.07,8.93
TR,Santa Cruz,2018,ethnicity,aian,1,0.32,3.34,11,5,2,1,45.45,18.18,9.09
TR,Santa Cruz,2018,ethnicity,aian,2,3.34,3.7,7,4,2,0,57.14,28.57,0.0
TR,Santa Cruz,2018,ethnicity,aian,3,3.7,4.0,2,1,0,0,50.0,0.0,0.0
TR,Santa Cruz,2018,ethnicity,asian,1,0.32,3.34,251,135,66,11,53.78,26.29,4.38
TR,Santa Cruz,2018,ethnicity,asian,2,3.34,3.7,75,51,12,1,68.0,16.0,1.33
TR,Santa Cruz,2018,ethnicity,asian,3,3.7,4.0,36,23,9,1,63.89,25.0,2.78
TR,Santa Cruz,2018,ethnicity,black,1,0.32,3.34,72,25,25,2,34.72,34.72,2.78
TR,Santa Cruz,2018,ethnicity,black,2,3.34,3.7,11,6,1,1,54.55,9.09,9.09
TR,Santa Cruz,2018,ethnicity,black,3,3.7,4.0,6,4,2,0,66.67,33.33,0.0
TR,Santa Cruz,2018,ethnicity,hispanic_latino,1,0.32,3.34,458,278,99,12,60.7,21.62,2.62
TR,Santa Cruz,2018,ethnicity,hispanic_latino,2,3.34,3.7,94,56,19,4,59.57,20.21,4.26
TR,Santa Cruz,2018,ethnicity,hispanic_latino,3,3.7,4.0,43,25,12,1,58.14,27.91,2.33
TR,Santa Cruz,2018,ethnicity,international,1,0.32,3.34,61,40,12,1,65.57,19.67,1.64
TR,Santa Cruz,2018,ethnicity,international,2,3.34,3.7,23,11,6,1,47.83,26.09,4.35
TR,Santa Cruz,2018,ethnicity,international,3,3.7,4.0,11,10,1,0,90.91,9.09,0.0
TR,Santa Cruz,2018,ethnicity,white,1,0.32,3.34,345,202,67,17,58.55,19.42,4.93
TR,Santa Cruz,2018,ethnicity,white,2,3.34,3.7,163,107,33,5,65.64,20.25,3.07
TR,Santa Cruz,2018,ethnicity,white,3,3.7,4.0,93,74,13,0,79.57,13.98,0.0
TR,Santa Cruz,2018,first_gen_status,first_gen,1,0.32,3.34,596,346,134,18,58.05,22.48,3.02
TR,Santa Cruz,2018,first_gen_status,first_gen,2,3.34,3.7,153,97,31,3,63.4,20.26,1.96
TR,Santa Cruz,2018,first_gen_status,first_gen,3,3.7,4.0,71,48,16,2,67.61,22.54,2.82
TR,Santa Cruz,2018,first_gen_status,not_first_gen,1,0.32,3.34,570,324,131,23,56.84,22.98,4.04
TR,Santa Cruz,2018,first_gen_status,not_first_gen,2,3.34,3.7,215,132,43,8,61.4,20.0,3.72
TR,Santa Cruz,2018,first_gen_status,not_first_gen,3,3.7,4.0,114,83,20,0,72.81,17.54,0.0
TR,Santa Cruz,2018,overall,overall,1,0.32,3.34,1220,699,274,45,57.3,22.46,3.69
TR,Santa Cruz,2018,overall,overall,2,3.34,3.7,385,240,77,12,62.34,20.0,3.12
TR,Santa Cruz,2018,overall,overall,3,3.7,4.0,195,139,38,2,71.28,19.49,1.03
TR,Santa Cruz,2018,pell_status,non_pell,1,0.32,3.34,533,324,109,16,60.79,20.45,3.0
TR,Santa Cruz,2018,pell_status,non_pell,2,3.34,3.7,210,135,39,5,64.29,18.57,2.38
TR,Santa Cruz,2018,pell_status,non_pell,3,3.7,4.0,113,85,14,1,75.22,12.39,0.88
TR,Santa Cruz,2018,pell_status,pell,1,0.32,3.34,687,375,165,29,54.59,24.02,4.22
TR,Santa Cruz,2018,pell_status,pell,2,3.34,3.7,175,105,38,7,60.0,21.71,4.0
TR,Santa Cruz,2018,pell_status,pell,3,3.7,4.0,82,54,24,1,65.85,29.27,1.22
TR,Santa Cruz,2019,ethnicity,aian,1,0.32,3.38,11,9,1,0,81.82,9.09,0.0
TR,Santa Cruz,2019,ethnicity,aian,2,3.38,3.73,6,4,2,0,66.67,33.33,0.0
TR,Santa Cruz,2019,ethnicity,aian,3,3.73,4.0,1,1,0,0,100.0,0.0,0.0
TR,Santa Cruz,2019,ethnicity,asian,1,0.32,3.38,224,125,60,13,55.8,26.79,5.8
TR,Santa Cruz,2019,ethnicity,asian,2,3.38,3.73,49,26,12,2,53.06,24.49,4.08
TR,Santa Cruz,2019,ethnicity,asian,3,3.73,4.0,36,31,3,1,86.11,8.33,2.78
TR,Santa Cruz,2019,ethnicity,black,1,0.32,3.38,54,32,6,4,59.26,11.11,7.41
TR,Santa Cruz,2019,ethnicity,black,2,3.38,3.73,10,5,3,1,50.0,30.0,10.0
TR,Santa Cruz,2019,ethnicity,black,3,3.73,4.0,6,4,2,0,66.67,33.33,0.0
TR,Santa Cruz,2019,ethnicity,hispanic_latino,1,0.32,3.38,322,169,82,13,52.48,25.47,4.04
TR,Santa Cruz,2019,ethnicity,hispanic_latino,2,3.38,3.73,83,48,19,4,57.83,22.89,4.82
TR,Santa Cruz,2019,ethnicity,hispanic_latino,3,3.73,4.0,28,20,6,0,71.43,21.43,0.0
TR,Santa Cruz,2019,ethnicity,international,1,0.32,3.38,39,21,12,0,53.85,30.77,0.0
TR,Santa Cruz,2019,ethnicity,international,2,3.38,3.73,26,15,3,2,57.69,11.54,7.69
TR,Santa Cruz,2019,ethnicity,international,3,3.73,4.0,5,5,0,0,100.0,0.0,0.0
TR,Santa Cruz,2019,ethnicity,white,1,0.32,3.38,337,197,84,19,58.46,24.93,5.64
TR,Santa Cruz,2019,ethnicity,white,2,3.38,3.73,114,73,19,5,64.04,16.67,4.39
TR,Santa Cruz,2019,ethnicity,white,3,3.73,4.0,75,45,22,5,60.0,29.33,6.67
TR,Santa Cruz,2019,first_gen_status,first_gen,1,0.32,3.38,485,268,114,27,55.26,23.51,5.57
TR,Santa Cruz,2019,first_gen_status,first_gen,2,3.38,3.73,123,69,25,6,56.1,20.33,4.88
TR,Santa Cruz,2019,first_gen_status,first_gen,3,3.73,4.0,52,37,12,0,71.15,23.08,0.0
TR,Santa Cruz,2019,first_gen_status,not_first_gen,1,0.32,3.38,469,272,116,20,58.0,24.73,4.26
TR,Santa Cruz,2019,first_gen_status,not_first_gen,2,3.38,3.73,157,98,30,8,62.42,19.11,5.1
TR,Santa Cruz,2019,first_gen_status,not_first_gen,3,3.73,4.0,95,67,18,6,70.53,18.95,6.32
TR,Santa Cruz,2019,overall,overall,1,0.32,3.38,999,559,247,50,55.96,24.72,5.01
TR,Santa Cruz,2019,overall,overall,2,3.38,3.73,290,173,58,14,59.66,20.0,4.83
TR,Santa Cruz,2019,overall,overall,3,3.73,4.0,152,106,33,6,69.74,21.71,3.95
TR,Santa Cruz,2019,pell_status,non_pell,1,0.32,3.38,450,278,104,9,61.78,23.11,2.0
TR,Santa Cruz,2019,pell_status,non_pell,2,3.38,3.73,154,98,25,6,63.64,16.23,3.9
TR,Santa Cruz,2019,pell_status,non_pell,3,3.73,4.0,92,66,17,4,71.74,18.48,4.35
TR,Santa Cruz,2019,pell_status,pell,1,0.32,3.38,549,281,143,41,51.18,26.05,7.47
TR,Santa Cruz,2019,pell_status,pell,2,3.38,3.73,136,75,33,8,55.15,24.26,5.88
TR,Santa Cruz,2019,pell_status,pell,3,3.73,4.0,60,40,16,2,66.67,26.67,3.33
TR,Santa Cruz,2020,ethnicity,aian,1,1.25,3.39,13,3,3,1,23.08,23.08,7.69
TR,Santa Cruz,2020,ethnicity,aian,2,3.39,3.74,2,0,2,0,0.0,100.0,0.0
TR,Santa Cruz,2020,ethnicity,asian,1,1.25,3.39,247,127,61,14,51.42,24.7,5.67
TR,Santa Cruz,2020,ethnicity,asian,2,3.39,3.74,93,56,27,2,60.22,29.03,2.15
TR,Santa Cruz,2020,ethnicity,asian,3,3.74,4.0,42,33,6,0,78.57,14.29,0.0
TR,Santa Cruz,2020,ethnicity,black,1,1.25,3.39,65,26,16,2,40.0,24.62,3.08
TR,Santa Cruz,2020,ethnicity,black,2,3.39,3.74,17,7,5,0,41.18,29.41,0.0
TR,Santa Cruz,2020,ethnicity,black,3,3.74,4.0,3,3,0,0,100.0,0.0,0.0
TR,Santa Cruz,2020,ethnicity,hispanic_latino,1,1.25,3.39,376,190,74,17,50.53,19.68,4.52
TR,Santa Cruz,2020,ethnicity,hispanic_latino,2,3.39,3.74,87,53,24,1,60.92,27.59,1.15
TR,Santa Cruz,2020,ethnicity,hispanic_latino,3,3.74,4.0,42,29,8,0,69.05,19.05,0.0
TR,Santa Cruz,2020,ethnicity,international,1,1.25,3.39,43,16,11,4,37.21,25.58,9.3
TR,Santa Cruz,2020,ethnicity,international,2,3.39,3.74,14,8,2,0,57.14,14.29,0.0
TR,Santa Cruz,2020,ethnicity,international,3,3.74,4.0,4,3,1,0,75.0,25.0,0.0
TR,Santa Cruz,2020,ethnicity,white,1,1.25,3.39,326,164,90,10,50.31,27.61,3.07
TR,Santa Cruz,2020,ethnicity,white,2,3.39,3.74,133,70,35,2,52.63,26.32,1.5
TR,Santa Cruz,2020,ethnicity,white,3,3.74,4.0,89,53,24,7,59.55,26.97,7.87
TR,Santa Cruz,2020,first_gen_status,first_gen,1,1.25,3.39,581,284,119,25,48.88,20.48,4.3
TR,Santa Cruz,2020,first_gen_status,first_gen,2,3.39,3.74,145,90,32,2,62.07,22.07,1.38
TR,Santa Cruz,2020,first_gen_status,first_gen,3,3.74,4.0,58,39,11,3,67.24,18.97,5.17
TR,Santa Cruz,2020,first_gen_status,not_first_gen,1,1.25,3.39,499,247,138,23,49.5,27.66,4.61
TR,Santa Cruz,2020,first_gen_status,not_first_gen,2,3.39,3.74,192,98,61,3,51.04,31.77,1.56
TR,Santa Cruz,2020,first_gen_status,not_first_gen,3,3.74,4.0,120,84,25,3,70.0,20.83,2.5
TR,Santa Cruz,2020,overall,overall,1,1.25,3.39,1098,540,260,49,49.18,23.68,4.46
TR,Santa Cruz,2020,overall,overall,2,3.39,3.74,352,198,95,5,56.25,26.99,1.42
TR,Santa Cruz,2020,overall,overall,3,3.74,4.0,186,126,40,7,67.74,21.51,3.76
TR,Santa Cruz,2020,pell_status,non_pell,1,1.25,3.39,498,270,95,14,54.22,19.08,2.81
TR,Santa Cruz,2020,pell_status,non_pell,2,3.39,3.74,194,114,51,3,58.76,26.29,1.55
TR,Santa Cruz,2020,pell_status,non_pell,3,3.74,4.0,112,83,18,4,74.11,16.07,3.57
TR,Santa Cruz,2020,pell_status,pell,1,1.25,3.39,600,270,165,35,45.0,27.5,5.83
TR,Santa Cruz,2020,pell_status,pell,2,3.39,3.74,158,84,44,2,53.16,27.85,1.27
TR,Santa Cruz,2020,pell_status,pell,3,3.74,4.0,74,43,22,3,58.11,29.73,4.05
TR,Santa Cruz,2021,ethnicity,aian,1,1.0,3.5,6,3,1,0,50.0,16.67,0.0
TR,Santa Cruz,2021,ethnicity,aian,2,3.5,3.82,2,1,0,1,50.0,0.0,50.0
TR,Santa Cruz,2021,ethnicity,aian,3,3.82,4.0,1,1,0,0,100.0,0.0,0.0
TR,Santa Cruz,2021,ethnicity,asian,1,1.0,3.5,271,143,78,10,52.77,28.78,3.69
TR,Santa Cruz,2021,ethnicity,asian,2,3.5,3.82,74,47,14,2,63.51,18.92,2.7
TR,Santa Cruz,2021,ethnicity,asian,3,3.82,4.0,41,29,7,1,70.73,17.07,2.44
TR,Santa Cruz,2021,ethnicity,black,1,1.0,3.5,65,38,8,3,58.46,12.31,4.62
TR,Santa Cruz,2021,ethnicity,black,2,3.5,3.82,15,10,4,0,66.67,26.67,0.0
TR,Santa Cruz,2021,ethnicity,black,3,3.82,4.0,4,3,1,0,75.0,25.0,0.0
TR,Santa Cruz,2021,ethnicity,hispanic_latino,1,1.0,3.5,415,230,73,12,55.42,17.59,2.89
TR,Santa Cruz,2021,ethnicity,hispanic_latino,2,3.5,3.82,64,47,10,0,73.44,15.62,0.0
TR,Santa Cruz,2021,ethnicity,hispanic_latino,3,3.82,4.0,34,26,5,1,76.47,14.71,2.94
TR,Santa Cruz,2021,ethnicity,international,1,1.0,3.5,37,21,7,1,56.76,18.92,2.7
TR,Santa Cruz,2021,ethnicity,international,2,3.5,3.82,13,7,4,1,53.85,30.77,7.69
TR,Santa Cruz,2021,ethnicity,international,3,3.82,4.0,10,7,2,0,70.0,20.0,0.0
TR,Santa Cruz,2021,ethnicity,white,1,1.0,3.5,398,249,81,10,62.56,20.35,2.51
TR,Santa Cruz,2021,ethnicity,white,2,3.5,3.82,155,104,29,2,67.1,18.71,1.29
TR,Santa Cruz,2021,ethnicity,white,3,3.82,4.0,80,56,16,2,70.0,20.0,2.5
TR,Santa Cruz,2021,first_gen_status,first_gen,1,1.0,3.5,583,308,123,14,52.83,21.1,2.4
TR,Santa Cruz,2021,first_gen_status,first_gen,2,3.5,3.82,120,74,30,0,61.67,25.0,0.0
TR,Santa Cruz,2021,first_gen_status,first_gen,3,3.82,4.0,66,45,13,2,68.18,19.7,3.03
TR,Santa Cruz,2021,first_gen_status,not_first_gen,1,1.0,3.5,604,372,130,20,61.59,21.52,3.31
TR,Santa Cruz,2021,first_gen_status,not_first_gen,2,3.5,3.82,197,138,30,5,70.05,15.23,2.54
TR,Santa Cruz,2021,first_gen_status,not_first_gen,3,3.82,4.0,104,76,19,2,73.08,18.27,1.92
TR,Santa Cruz,2021,overall,overall,1,1.0,3.5,1215,695,257,37,57.2,21.15,3.05
TR,Santa Cruz,2021,overall,overall,2,3.5,3.82,327,219,62,6,66.97,18.96,1.83
TR,Santa Cruz,2021,overall,overall,3,3.82,4.0,175,126,32,4,72.0,18.29,2.29
TR,Santa Cruz,2021,pell_status,non_pell,1,1.0,3.5,600,373,113,19,62.17,18.83,3.17
TR,Santa Cruz,2021,pell_status,non_pell,2,3.5,3.82,206,143,35,4,69.42,16.99,1.94
TR,Santa Cruz,2021,pell_status,non_pell,3,3.82,4.0,107,79,17,3,73.83,15.89,2.8
TR,Santa Cruz,2021,pell_status,pell,1,1.0,3.5,615,322,144,18,52.36,23.41,2.93
TR,Santa Cruz,2021,pell_status,pell,2,3.5,3.82,121,76,27,2,62.81,22.31,1.65
TR,Santa Cruz,2021,pell_status,pell,3,3.82,4.0,68,47,15,1,69.12,22.06,1.47
