entry,campus,cohort,group_type,subgroup,band,band_lo,band_hi,c_first,c_second,c_third,r_first_pct,r_second_pct,r_third_pct
FR,All,2010,ethnicity,aian,1,1.75,3.47,43,19,4,,,
FR,All,2010,ethnicity,aian,2,3.47,3.79,47,15,1,,,
FR,All,2010,ethnicity,aian,3,3.79,4.0,60,13,2,,,
FR,All,2010,ethnicity,asian,1,1.75,3.47,2417,973,172,,,
FR,All,2010,ethnicity,asian,2,3.47,3.79,3104,935,123,,,
FR,All,2010,ethnicity,asian,3,3.79,4.0,3575,716,59,,,
FR,All,2010,ethnicity,black,1,1.75,3.47,274,172,27,,,
FR,All,2010,ethnicity,black,2,3.47,3.79,196,67,11,,,
FR,All,2010,ethnicity,black,3,3.79,4.0,145,55,4,,,
FR,All,2010,ethnicity,hispanic_latino,1,1.75,3.47,1233,822,139,,,
FR,All,2010,ethnicity,hispanic_latino,2,3.47,3.79,1249,585,79,,,
FR,All,2010,ethnicity,hispanic_latino,3,3.79,4.0,987,418,40,,,
FR,All,2010,ethnicity,international,1,1.75,3.47,107,27,9,,,
FR,All,2010,ethnicity,international,2,3.47,3.79,191,49,18,,,
FR,All,2010,ethnicity,international,3,3.79,4.0,396,69,23,,,
FR,All,2010,ethnicity,white,1,1.75,3.47,1306,507,97,,,
FR,All,2010,ethnicity,white,2,3.47,3.79,2051,471,70,,,
FR,All,2010,ethnicity,white,3,3.79,4.0,2900,493,37,,,
FR,All,2010,first_gen_status,first_gen,1,1.75,3.47,2485,1337,250,,,
FR,All,2010,first_gen_status,first_gen,2,3.47,3.79,2572,1029,141,,,
FR,All,2010,first_gen_status,first_gen,3,3.79,4.0,2327,775,61,,,
FR,All,2010,first_gen_status,not_first_gen,1,1.75,3.47,2826,1158,195,,,
FR,All,2010,first_gen_status,not_first_gen,2,3.47,3.79,4241,1083,156,,,
FR,All,2010,first_gen_status,not_first_gen,3,3.79,4.0,5617,979,106,,,
FR,All,2010,pell_status,non_pell,1,1.75,3.47,2703,1041,191,,,
FR,All,2010,pell_status,non_pell,2,3.47,3.79,4095,953,117,,,
FR,All,2010,pell_status,non_pell,3,3.79,4.0,5540,890,100,,,
FR,All,2010,pell_status,pell,1,1.75,3.47,2895,1582,282,,,
FR,All,2010,pell_status,pell,2,3.47,3.79,3128,1276,196,,,
FR,All,2010,pell_status,pell,3,3.79,4.0,2972,952,73,,,
FR,All,2011,ethnicity,aian,1,0.87,3.5,37,16,2,,,
FR,All,2011,ethnicity,aian,2,3.5,3.8,35,14,2,,,
FR,All,2011,ethnicity,aian,3,3.8,4.0,61,12,3,,,
FR,All,2011,ethnicity,asian,1,0.87,3.5,2463,846,136,,,
FR,All,2011,ethnicity,asian,2,3.5,3.8,3443,867,126,,,
FR,All,2011,ethnicity,asian,3,3.8,4.0,3958,650,84,,,
FR,All,2011,ethnicity,black,1,0.87,3.5,276,165,29,,,
FR,All,2011,ethnicity,black,2,3.5,3.8,218,93,16,,,
FR,All,2011,ethnicity,black,3,3.8,4.0,148,46,7,,,
FR,All,2011,ethnicity,hispanic_latino,1,0.87,3.5,1572,819,141,,,
FR,All,2011,ethnicity,hispanic_latino,2,3.5,3.8,1456,662,97,,,
FR,All,2011,ethnicity,hispanic_latino,3,3.8,4.0,1154,443,56,,,
FR,All,2011,ethnicity,international,1,0.87,3.5,223,60,23,,,
FR,All,2011,ethnicity,international,2,3.5,3.8,373,85,32,,,
FR,All,2011,ethnicity,international,3,3.8,4.0,553,113,41,,,
FR,All,2011,ethnicity,white,1,0.87,3.5,1289,466,72,,,
FR,All,2011,ethnicity,white,2,3.5,3.8,2037,443,66,,,
FR,All,2011,ethnicity,white,3,3.8,4.0,3085,488,58,,,
FR,All,2011,first_gen_status,first_gen,1,0.87,3.5,2859,1312,230,,,
FR,All,2011,first_gen_status,first_gen,2,3.5,3.8,3032,1093,171,,,
FR,All,2011,first_gen_status,first_gen,3,3.8,4.0,2621,756,103,,,
FR,All,2011,first_gen_status,not_first_gen,1,0.87,3.5,2990,1046,168,,,
FR,All,2011,first_gen_status,not_first_gen,2,3.5,3.8,4556,1075,166,,,
FR,All,2011,first_gen_status,not_first_gen,3,3.8,4.0,6423,1003,146,,,
FR,All,2011,pell_status,non_pell,1,0.87,3.5,2775,893,149,,,
FR,All,2011,pell_status,non_pell,2,3.5,3.8,4241,928,152,,,
FR,All,2011,pell_status,non_pell,3,3.8,4.0,6033,896,127,,,
FR,All,2011,pell_status,pell,1,0.87,3.5,3176,1517,262,,,
FR,All,2011,pell_status,pell,2,3.5,3.8,3463,1276,193,,,
FR,All,2011,pell_status,pell,3,3.8,4.0,3139,894,125,,,
FR,All,2012,ethnicity,aian,1,1.02,3.52,41,15,2,,,
FR,All,2012,ethnicity,aian,2,3.52,3.81,42,9,0,,,
FR,All,2012,ethnicity,aian,3,3.81,4.0,58,11,1,,,
FR,All,2012,ethnicity,asian,1,1.02,3.52,2646,857,134,,,
FR,All,2012,ethnicity,asian,2,3.52,3.81,3587,857,121,,,
FR,All,2012,ethnicity,asian,3,3.81,4.0,4096,722,89,,,
FR,All,2012,ethnicity,black,1,1.02,3.52,347,155,34,,,
FR,All,2012,ethnicity,black,2,3.52,3.81,249,95,13,,,
FR,All,2012,ethnicity,black,3,3.81,4.0,159,53,8,,,
FR,All,2012,ethnicity,hispanic_latino,1,1.02,3.52,1682,892,154,,,
FR,All,2012,ethnicity,hispanic_latino,2,3.52,3.81,1510,582,108,,,
FR,All,2012,ethnicity,hispanic_latino,3,3.81,4.0,1362,393,61,,,
FR,All,2012,ethnicity,international,1,1.02,3.52,388,87,23,,,
FR,All,2012,ethnicity,international,2,3.52,3.81,576,129,41,,,
FR,All,2012,ethnicity,international,3,3.81,4.0,836,160,43,,,
FR,All,2012,ethnicity,white,1,1.02,3.52,1323,433,75,,,
FR,All,2012,ethnicity,white,2,3.52,3.81,1944,433,66,,,
FR,All,2012,ethnicity,white,3,3.81,4.0,2887,475,47,,,
FR,All,2012,first_gen_status,first_gen,1,1.02,3.52,3122,1376,233,,,
FR,All,2012,first_gen_status,first_gen,2,3.52,3.81,3074,1034,160,,,
FR,All,2012,first_gen_status,first_gen,3,3.81,4.0,2844,758,101,,,
FR,All,2012,first_gen_status,not_first_gen,1,1.02,3.52,3289,1078,186,,,
FR,All,2012,first_gen_status,not_first_gen,2,3.52,3.81,4911,1102,188,,,
FR,All,2012,first_gen_status,not_first_gen,3,3.81,4.0,6681,1090,151,,,
FR,All,2012,pell_status,non_pell,1,1.02,3.52,3079,949,155,,,
FR,All,2012,pell_status,non_pell,2,3.52,3.81,4604,981,154,,,
FR,All,2012,pell_status,non_pell,3,3.81,4.0,6241,938,126,,,
FR,All,2012,pell_status,pell,1,1.02,3.52,3455,1537,276,,,
FR,All,2012,pell_status,pell,2,3.52,3.81,3493,1189,201,,,
FR,All,2012,pell_status,pell,3,3.81,4.0,3427,937,130,,,
FR,All,2013,ethnicity,aian,1,1.21,3.57,38,12,2,,,
FR,All,2013,ethnicity,aian,2,3.57,3.84,30,9,1,,,
FR,All,2013,ethnicity,aian,3,3.84,4.0,48,11,1,,,
FR,All,2013,ethnicity,asian,1,1.21,3.57,2777,796,143,,,
FR,All,2013,ethnicity,asian,2,3.57,3.84,3483,761,96,,,
FR,All,2013,ethnicity,asian,3,3.84,4.0,4088,579,87,,,
FR,All,2013,ethnicity,black,1,1.21,3.57,322,161,27,,,
FR,All,2013,ethnicity,black,2,3.57,3.84,221,91,22,,,
FR,All,2013,ethnicity,black,3,3.84,4.0,185,59,9,,,
FR,All,2013,ethnicity,hispanic_latino,1,1.21,3.57,2000,827,156,,,
FR,All,2013,ethnicity,hispanic_latino,2,3.57,3.84,1658,627,92,,,
FR,All,2013,ethnicity,hispanic_latino,3,3.84,4.0,1388,422,60,,,
FR,All,2013,ethnicity,international,1,1.21,3.57,429,136,23,,,
FR,All,2013,ethnicity,international,2,3.57,3.84,693,150,45,,,
FR,All,2013,ethnicity,international,3,3.84,4.0,950,184,47,,,
FR,All,2013,ethnicity,white,1,1.21,3.57,1341,407,83,,,
FR,All,2013,ethnicity,white,2,3.57,3.84,2072,430,58,,,
FR,All,2013,ethnicity,white,3,3.84,4.0,3021,464,48,,,
FR,All,2013,first_gen_status,first_gen,1,1.21,3.57,3549,1248,220,,,
FR,All,2013,first_gen_status,first_gen,2,3.57,3.84,3290,1074,153,,,
FR,All,2013,first_gen_status,first_gen,3,3.84,4.0,2849,753,108,,,
FR,All,2013,first_gen_status,not_first_gen,1,1.21,3.57,3385,1095,212,,,
FR,All,2013,first_gen_status,not_first_gen,2,3.57,3.84,4968,1031,163,,,
FR,All,2013,first_gen_status,not_first_gen,3,3.84,4.0,7018,996,147,,,
FR,All,2013,pell_status,non_pell,1,1.21,3.57,3344,1016,181,,,
FR,All,2013,pell_status,non_pell,2,3.57,3.84,4848,962,145,,,
FR,All,2013,pell_status,non_pell,3,3.84,4.0,6666,909,135,,,
FR,All,2013,pell_status,pell,1,1.21,3.57,3718,1371,259,,,
FR,All,2013,pell_status,pell,2,3.57,3.84,3537,1172,177,,,
FR,All,2013,pell_status,pell,3,3.84,4.0,3332,864,124,,,
FR,All,2014,ethnicity,aian,1,0.25,3.59,50,19,1,,,
FR,All,2014,ethnicity,aian,2,3.59,3.86,45,22,2,,,
FR,All,2014,ethnicity,aian,3,3.86,4.0,50,9,2,,,
FR,All,2014,ethnicity,asian,1,0.25,3.59,2861,731,104,,,
FR,All,2014,ethnicity,asian,2,3.59,3.86,3727,675,106,,,
FR,All,2014,ethnicity,asian,3,3.86,4.0,4110,582,78,,,
FR,All,2014,ethnicity,black,1,0.25,3.59,382,159,17,,,
FR,All,2014,ethnicity,black,2,3.59,3.86,258,61,17,,,
FR,All,2014,ethnicity,black,3,3.86,4.0,206,50,10,,,
FR,All,2014,ethnicity,hispanic_latino,1,0.25,3.59,2020,855,157,,,
FR,All,2014,ethnicity,hispanic_latino,2,3.59,3.86,1908,692,117,,,
FR,All,2014,ethnicity,hispanic_latino,3,3.86,4.0,1377,418,56,,,
FR,All,2014,ethnicity,international,1,0.25,3.59,446,125,34,,,
FR,All,2014,ethnicity,international,2,3.59,3.86,724,160,26,,,
FR,All,2014,ethnicity,international,3,3.86,4.0,1057,179,44,,,
FR,All,2014,ethnicity,white,1,0.25,3.59,1392,372,71,,,
FR,All,2014,ethnicity,white,2,3.59,3.86,2142,352,61,,,
FR,All,2014,ethnicity,white,3,3.86,4.0,2956,365,49,,,
FR,All,2014,first_gen_status,first_gen,1,0.25,3.59,3494,1309,215,,,
FR,All,2014,first_gen_status,first_gen,2,3.59,3.86,3525,1045,180,,,
FR,All,2014,first_gen_status,first_gen,3,3.86,4.0,2906,669,111,,,
FR,All,2014,first_gen_status,not_first_gen,1,0.25,3.59,3692,948,173,,,
FR,All,2014,first_gen_status,not_first_gen,2,3.59,3.86,5362,932,149,,,
FR,All,2014,first_gen_status,not_first_gen,3,3.86,4.0,7025,949,130,,,
FR,All,2014,pell_status,non_pell,1,0.25,3.59,3616,909,169,,,
FR,All,2014,pell_status,non_pell,2,3.59,3.86,5333,892,135,,,
FR,All,2014,pell_status,non_pell,3,3.86,4.0,6870,891,114,,,
FR,All,2014,pell_status,pell,1,0.25,3.59,3683,1392,227,,,
FR,All,2014,pell_status,pell,2,3.59,3.86,3716,1122,196,,,
FR,All,2014,pell_status,pell,3,3.86,4.0,3208,757,131,,,
FR,All,2015,ethnicity,aian,1,1.0,3.61,37,12,5,,,
FR,All,2015,ethnicity,aian,2,3.61,3.87,45,11,3,,,
FR,All,2015,ethnicity,aian,3,3.87,4.0,56,7,3,,,
FR,All,2015,ethnicity,asian,1,1.0,3.61,2962,720,111,,,
FR,All,2015,ethnicity,asian,2,3.61,3.87,3741,627,98,,,
FR,All,2015,ethnicity,asian,3,3.87,4.0,4284,526,61,,,
FR,All,2015,ethnicity,black,1,1.0,3.61,338,133,25,,,
FR,All,2015,ethnicity,black,2,3.61,3.87,248,70,16,,,
FR,All,2015,ethnicity,black,3,3.87,4.0,207,64,6,,,
FR,All,2015,ethnicity,hispanic_latino,1,1.0,3.61,2175,834,158,,,
FR,All,2015,ethnicity,hispanic_latino,2,3.61,3.87,1816,574,98,,,
FR,All,2015,ethnicity,hispanic_latino,3,3.87,4.0,1556,407,52,,,
FR,All,2015,ethnicity,international,1,1.0,3.61,611,139,33,,,
FR,All,2015,ethnicity,international,2,3.61,3.87,952,184,29,,,
FR,All,2015,ethnicity,international,3,3.87,4.0,1063,170,40,,,
FR,All,2015,ethnicity,white,1,1.0,3.61,1262,390,65,,,
FR,All,2015,ethnicity,white,2,3.61,3.87,2030,384,50,,,
FR,All,2015,ethnicity,white,3,3.87,4.0,3050,351,36,,,
FR,All,2015,first_gen_status,first_gen,1,1.0,3.61,3663,1260,222,,,
FR,All,2015,first_gen_status,first_gen,2,3.61,3.87,3412,914,147,,,
FR,All,2015,first_gen_status,first_gen,3,3.87,4.0,2886,616,76,,,
FR,All,2015,first_gen_status,not_first_gen,1,1.0,3.61,3778,981,170,,,
FR,All,2015,first_gen_status,not_first_gen,2,3.61,3.87,5553,956,151,,,
FR,All,2015,first_gen_status,not_first_gen,3,3.87,4.0,7616,927,126,,,
FR,All,2015,pell_status,non_pell,1,1.0,3.61,3892,979,170,,,
FR,All,2015,pell_status,non_pell,2,3.61,3.87,5542,926,126,,,
FR,All,2015,pell_status,non_pell,3,3.87,4.0,7438,818,107,,,
FR,All,2015,pell_status,pell,1,1.0,3.61,3668,1302,232,,,
FR,All,2015,pell_status,pell,2,3.61,3.87,3557,969,175,,,
FR,All,2015,pell_status,pell,3,3.87,4.0,3219,745,98,,,
FR,All,2016,ethnicity,aian,1,0.85,3.59,46,11,2,,,
FR,All,2016,ethnicity,aian,2,3.59,3.86,46,11,1,,,
FR,All,2016,ethnicity,aian,3,3.86,4.0,54,6,2,,,
FR,All,2016,ethnicity,asian,1,0.85,3.59,3211,691,107,,,
FR,All,2016,ethnicity,asian,2,3.59,3.86,4193,641,79,,,
FR,All,2016,ethnicity,asian,3,3.86,4.0,4858,510,45,,,
FR,All,2016,ethnicity,black,1,0.85,3.59,468,165,37,,,
FR,All,2016,ethnicity,black,2,3.59,3.86,385,83,11,,,
FR,All,2016,ethnicity,black,3,3.86,4.0,285,44,4,,,
FR,All,2016,ethnicity,hispanic_latino,1,0.85,3.59,2887,901,160,,,
FR,All,2016,ethnicity,hispanic_latino,2,3.59,3.86,2564,670,85,,,
FR,All,2016,ethnicity,hispanic_latino,3,3.86,4.0,2009,437,46,,,
FR,All,2016,ethnicity,international,1,0.85,3.59,629,127,25,,,
FR,All,2016,ethnicity,international,2,3.59,3.86,1008,149,31,,,
FR,All,2016,ethnicity,international,3,3.86,4.0,1361,163,41,,,
FR,All,2016,ethnicity,white,1,0.85,3.59,1505,370,65,,,
FR,All,2016,ethnicity,white,2,3.59,3.86,2355,369,49,,,
FR,All,2016,ethnicity,white,3,3.86,4.0,3449,373,30,,,
FR,All,2016,first_gen_status,first_gen,1,0.85,3.59,4415,1220,215,,,
FR,All,2016,first_gen_status,first_gen,2,3.59,3.86,4161,967,120,,,
FR,All,2016,first_gen_status,first_gen,3,3.86,4.0,3417,633,64,,,
FR,All,2016,first_gen_status,not_first_gen,1,0.85,3.59,4320,1045,176,,,
FR,All,2016,first_gen_status,not_first_gen,2,3.59,3.86,6501,978,136,,,
FR,All,2016,first_gen_status,not_first_gen,3,3.86,4.0,8890,935,105,,,
FR,All,2016,pell_status,non_pell,1,0.85,3.59,4484,1011,149,,,
FR,All,2016,pell_status,non_pell,2,3.59,3.86,6612,924,123,,,
FR,All,2016,pell_status,non_pell,3,3.86,4.0,8864,905,93,,,
FR,All,2016,pell_status,pell,1,0.85,3.59,4424,1301,253,,,
FR,All,2016,pell_status,pell,2,3.59,3.86,4237,1055,137,,,
FR,All,2016,pell_status,pell,3,3.86,4.0,3630,685,78,,,
FR,All,2017,ethnicity,aian,1,0.0,3.63,40,16,2,,,
FR,All,2017,ethnicity,aian,2,3.63,3.88,44,6,4,,,
FR,All,2017,ethnicity,aian,3,3.88,4.0,45,3,1,,,
FR,All,2017,ethnicity,asian,1,0.0,3.63,3310,529,104,,,
FR,All,2017,ethnicity,asian,2,3.63,3.88,4134,516,86,,,
FR,All,2017,ethnicity,asian,3,3.88,4.0,4892,428,66,,,
FR,All,2017,ethnicity,black,1,0.0,3.63,486,147,33,,,
FR,All,2017,ethnicity,black,2,3.63,3.88,405,87,13,,,
FR,All,2017,ethnicity,black,3,3.88,4.0,256,36,7,,,
FR,All,2017,ethnicity,hispanic_latino,1,0.0,3.63,2711,724,145,,,
FR,All,2017,ethnicity,hispanic_latino,2,3.63,3.88,2550,533,83,,,
FR,All,2017,ethnicity,hispanic_latino,3,3.88,4.0,2028,330,39,,,
FR,All,2017,ethnicity,international,1,0.0,3.63,761,172,38,,,
FR,All,2017,ethnicity,international,2,3.63,3.88,1003,143,30,,,
FR,All,2017,ethnicity,international,3,3.88,4.0,1239,131,34,,,
FR,All,2017,ethnicity,white,1,0.0,3.63,1384,348,69,,,
FR,All,2017,ethnicity,white,2,3.63,3.88,2158,322,50,,,
FR,All,2017,ethnicity,white,3,3.88,4.0,3371,305,41,,,
FR,All,2017,first_gen_status,first_gen,1,0.0,3.63,4137,988,198,,,
FR,All,2017,first_gen_status,first_gen,2,3.63,3.88,4089,784,127,,,
FR,All,2017,first_gen_status,first_gen,3,3.88,4.0,3352,463,75,,,
FR,All,2017,first_gen_status,not_first_gen,1,0.0,3.63,4543,933,197,,,
FR,All,2017,first_gen_status,not_first_gen,2,3.63,3.88,6292,818,138,,,
FR,All,2017,first_gen_status,not_first_gen,3,3.88,4.0,8684,787,116,,,
FR,All,2017,pell_status,non_pell,1,0.0,3.63,4543,902,192,,,
FR,All,2017,pell_status,non_pell,2,3.63,3.88,6300,808,134,,,
FR,All,2017,pell_status,non_pell,3,3.88,4.0,8659,755,112,,,
FR,All,2017,pell_status,pell,1,0.0,3.63,4314,1072,208,,,
FR,All,2017,pell_status,pell,2,3.63,3.88,4288,828,133,,,
FR,All,2017,pell_status,pell,3,3.88,4.0,3598,513,82,,,
FR,All,2018,ethnicity,aian,1,0.0,3.68,47,14,1,,,
FR,All,2018,ethnicity,aian,2,3.68,3.9,41,6,1,,,
FR,All,2018,ethnicity,aian,3,3.9,4.0,46,8,0,,,
FR,All,2018,ethnicity,asian,1,0.0,3.68,3433,513,117,,,
FR,All,2018,ethnicity,asian,2,3.68,3.9,4314,482,85,,,
FR,All,2018,ethnicity,asian,3,3.9,4.0,5401,473,66,,,
FR,All,2018,ethnicity,black,1,0.0,3.68,490,126,37,,,
FR,All,2018,ethnicity,black,2,3.68,3.9,323,67,27,,,
FR,All,2018,ethnicity,black,3,3.9,4.0,318,42,12,,,
FR,All,2018,ethnicity,hispanic_latino,1,0.0,3.68,2622,677,161,,,
FR,All,2018,ethnicity,hispanic_latino,2,3.68,3.9,2250,495,94,,,
FR,All,2018,ethnicity,hispanic_latino,3,3.9,4.0,2130,317,63,,,
FR,All,2018,ethnicity,international,1,0.0,3.68,982,173,47,,,
FR,All,2018,ethnicity,international,2,3.68,3.9,1069,168,44,,,
FR,All,2018,ethnicity,international,3,3.9,4.0,1453,173,50,,,
FR,All,2018,ethnicity,white,1,0.0,3.68,1296,343,64,,,
FR,All,2018,ethnicity,white,2,3.68,3.9,1941,268,41,,,
FR,All,2018,ethnicity,white,3,3.9,4.0,3381,358,49,,,
FR,All,2018,first_gen_status,first_gen,1,0.0,3.68,4145,964,219,,,
FR,All,2018,first_gen_status,first_gen,2,3.68,3.9,3809,718,127,,,
FR,All,2018,first_gen_status,first_gen,3,3.9,4.0,3586,494,93,,,
FR,All,2018,first_gen_status,not_first_gen,1,0.0,3.68,4718,904,207,,,
FR,All,2018,first_gen_status,not_first_gen,2,3.68,3.9,6243,785,160,,,
FR,All,2018,first_gen_status,not_first_gen,3,3.9,4.0,9435,899,146,,,
FR,All,2018,pell_status,non_pell,1,0.0,3.68,4787,930,195,,,
FR,All,2018,pell_status,non_pell,2,3.68,3.9,6292,808,147,,,
FR,All,2018,pell_status,non_pell,3,3.9,4.0,9326,882,127,,,
FR,All,2018,pell_status,pell,1,0.0,3.68,4264,976,243,,,
FR,All,2018,pell_status,pell,2,3.68,3.9,3938,726,148,,,
FR,All,2018,pell_status,pell,3,3.9,4.0,3918,538,119,,,
FR,All,2019,ethnicity,aian,1,1.38,3.69,33,9,1,,,
FR,All,2019,ethnicity,aian,2,3.69,3.91,43,6,2,,,
FR,All,2019,ethnicity,aian,3,3.91,4.0,43,7,1,,,
FR,All,2019,ethnicity,asian,1,1.38,3.69,3448,561,129,,,
FR,All,2019,ethnicity,asian,2,3.69,3.91,4363,487,96,,,
FR,All,2019,ethnicity,asian,3,3.91,4.0,5329,433,53,,,
FR,All,2019,ethnicity,black,1,1.38,3.69,437,126,22,,,
FR,All,2019,ethnicity,black,2,3.69,3.91,346,73,10,,,
FR,All,2019,ethnicity,black,3,3.91,4.0,288,39,7,,,
FR,All,2019,ethnicity,hispanic_latino,1,1.38,3.69,2748,715,146,,,
FR,All,2019,ethnicity,hispanic_latino,2,3.69,3.91,2417,491,83,,,
FR,All,2019,ethnicity,hispanic_latino,3,3.91,4.0,2109,310,50,,,
FR,All,2019,ethnicity,international,1,1.38,3.69,817,160,43,,,
FR,All,2019,ethnicity,international,2,3.69,3.91,1107,146,39,,,
FR,All,2019,ethnicity,international,3,3.91,4.0,1310,165,39,,,
FR,All,2019,ethnicity,white,1,1.38,3.69,1411,297,45,,,
FR,All,2019,ethnicity,white,2,3.69,3.91,2067,298,37,,,
FR,All,2019,ethnicity,white,3,3.91,4.0,3282,308,39,,,
FR,All,2019,first_gen_status,first_gen,1,1.38,3.69,4122,947,193,,,
FR,All,2019,first_gen_status,first_gen,2,3.69,3.91,3883,661,114,,,
FR,All,2019,first_gen_status,first_gen,3,3.91,4.0,3261,428,63,,,
FR,All,2019,first_gen_status,not_first_gen,1,1.38,3.69,4767,923,191,,,
FR,All,2019,first_gen_status,not_first_gen,2,3.69,3.91,6491,843,155,,,
FR,All,2019,first_gen_status,not_first_gen,3,3.91,4.0,9303,849,127,,,
FR,All,2019,pell_status,non_pell,1,1.38,3.69,4813,937,185,,,
FR,All,2019,pell_status,non_pell,2,3.69,3.91,6559,834,144,,,
FR,All,2019,pell_status,non_pell,3,3.91,4.0,9208,822,116,,,
FR,All,2019,pell_status,pell,1,1.38,3.69,4235,980,210,,,
FR,All,2019,pell_status,pell,2,3.69,3.91,4021,702,129,,,
FR,All,2019,pell_status,pell,3,3.91,4.0,3583,481,78,,,
FR,All,2020,ethnicity,aian,1,1.1,3.67,24,8,0,,,
FR,All,2020,ethnicity,aian,2,3.67,3.91,43,7,0,,,
FR,All,2020,ethnicity,aian,3,3.91,4.0,47,4,0,,,
FR,All,2020,ethnicity,asian,1,1.1,3.67,3576,688,0,,,
FR,All,2020,ethnicity,asian,2,3.67,3.91,4744,582,0,,,
FR,All,2020,ethnicity,asian,3,3.91,4.0,5521,359,0,,,
FR,All,2020,ethnicity,black,1,1.1,3.67,491,149,0,,,
FR,All,2020,ethnicity,black,2,3.67,3.91,375,68,0,,,
FR,All,2020,ethnicity,black,3,3.91,4.0,298,45,0,,,
FR,All,2020,ethnicity,hispanic_latino,1,1.1,3.67,2542,633,0,,,
FR,All,2020,ethnicity,hispanic_latino,2,3.67,3.91,2529,443,0,,,
FR,All,2020,ethnicity,hispanic_latino,3,3.91,4.0,2161,267,0,,,
FR,All,2020,ethnicity,international,1,1.1,3.67,847,210,0,,,
FR,All,2020,ethnicity,international,2,3.67,3.91,1027,153,0,,,
FR,All,2020,ethnicity,international,3,3.91,4.0,1170,138,0,,,
FR,All,2020,ethnicity,white,1,1.1,3.67,1393,314,0,,,
FR,All,2020,ethnicity,white,2,3.67,3.91,2172,262,0,,,
FR,All,2020,ethnicity,white,3,3.91,4.0,3177,272,0,,,
FR,All,2020,first_gen_status,first_gen,1,1.1,3.67,3842,892,0,,,
FR,All,2020,first_gen_status,first_gen,2,3.67,3.91,3951,657,0,,,
FR,All,2020,first_gen_status,first_gen,3,3.91,4.0,3318,342,0,,,
FR,All,2020,first_gen_status,not_first_gen,1,1.1,3.67,5024,1079,0,,,
FR,All,2020,first_gen_status,not_first_gen,2,3.67,3.91,7010,861,0,,,
FR,All,2020,first_gen_status,not_first_gen,3,3.91,4.0,9223,753,0,,,
FR,All,2020,pell_status,non_pell,1,1.1,3.67,5118,1039,0,,,
FR,All,2020,pell_status,non_pell,2,3.67,3.91,7113,866,0,,,
FR,All,2020,pell_status,non_pell,3,3.91,4.0,9227,717,0,,,
FR,All,2020,pell_status,pell,1,1.1,3.67,3948,991,0,,,
FR,All,2020,pell_status,pell,2,3.67,3.91,4098,688,0,,,
FR,All,2020,pell_status,pell,3,3.91,4.0,3648,403,0,,,
FR,All,2021,ethnicity,aian,1,0.0,3.71,41,0,0,,,
FR,All,2021,ethnicity,aian,2,3.71,3.92,48,0,0,,,
FR,All,2021,ethnicity,aian,3,3.92,4.0,51,0,0,,,
FR,All,2021,ethnicity,asian,1,0.0,3.71,3463,0,0,,,
FR,All,2021,ethnicity,asian,2,3.71,3.92,4919,0,0,,,
FR,All,2021,ethnicity,asian,3,3.92,4.0,6276,0,0,,,
FR,All,2021,ethnicity,black,1,0.0,3.71,630,0,0,,,
FR,All,2021,ethnicity,black,2,3.71,3.92,442,0,0,,,
FR,All,2021,ethnicity,black,3,3.92,4.0,357,0,0,,,
FR,All,2021,ethnicity,hispanic_latino,1,0.0,3.71,3206,0,0,,,
FR,All,2021,ethnicity,hispanic_latino,2,3.71,3.92,2857,0,0,,,
FR,All,2021,ethnicity,hispanic_latino,3,3.92,4.0,2437,0,0,,,
FR,All,2021,ethnicity,international,1,0.0,3.71,1046,0,0,,,
FR,All,2021,ethnicity,international,2,3.71,3.92,1044,0,0,,,
FR,All,2021,ethnicity,international,3,3.92,4.0,1474,0,0,,,
FR,All,2021,ethnicity,white,1,0.0,3.71,1436,0,0,,,
FR,All,2021,ethnicity,white,2,3.71,3.92,2435,0,0,,,
FR,All,2021,ethnicity,white,3,3.92,4.0,4042,0,0,,,
FR,All,2021,first_gen_status,first_gen,1,0.0,3.71,4267,0,0,,,
FR,All,2021,first_gen_status,first_gen,2,3.71,3.92,3941,0,0,,,
FR,All,2021,first_gen_status,first_gen,3,3.92,4.0,3466,0,0,,,
FR,All,2021,first_gen_status,not_first_gen,1,0.0,3.71,5527,0,0,,,
FR,All,2021,first_gen_status,not_first_gen,2,3.71,3.92,7834,0,0,,,
FR,All,2021,first_gen_status,not_first_gen,3,3.92,4.0,11369,0,0,,,
FR,All,2021,pell_status,non_pell,1,0.0,3.71,5445,0,0,,,
FR,All,2021,pell_status,non_pell,2,3.71,3.92,7673,0,0,,,
FR,All,2021,pell_status,non_pell,3,3.92,4.0,10952,0,0,,,
FR,All,2021,pell_status,pell,1,0.0,3.71,4557,0,0,,,
FR,All,2021,pell_status,pell,2,3.71,3.92,4395,0,0,,,
FR,All,2021,pell_status,pell,3,3.92,4.0,4241,0,0,,,
FR,Berkeley,2010,ethnicity,aian,1,1.75,3.47,1,0,0,,,
FR,Berkeley,2010,ethnicity,aian,2,3.47,3.79,7,3,0,,,
FR,Berkeley,2010,ethnicity,aian,3,3.79,4.0,10,2,0,,,
FR,Berkeley,2010,ethnicity,asian,1,1.75,3.47,25,8,3,,,
FR,Berkeley,2010,ethnicity,asian,2,3.47,3.79,208,29,9,,,
FR,Berkeley,2010,ethnicity,asian,3,3.79,4.0,1135,129,16,,,
FR,Berkeley,2010,ethnicity,black,1,1.75,3.47,14,7,3,,,
FR,Berkeley,2010,ethnicity,black,2,3.47,3.79,18,8,1,,,
FR,Berkeley,2010,ethnicity,black,3,3.79,4.0,33,9,0,,,
FR,Berkeley,2010,ethnicity,hispanic_latino,1,1.75,3.47,6,12,3,,,
FR,Berkeley,2010,ethnicity,hispanic_latino,2,3.47,3.79,60,40,6,,,
FR,Berkeley,2010,ethnicity,hispanic_latino,3,3.79,4.0,165,69,10,,,
FR,Berkeley,2010,ethnicity,international,1,1.75,3.47,25,3,0,,,
FR,Berkeley,2010,ethnicity,international,2,3.47,3.79,60,11,4,,,
FR,Berkeley,2010,ethnicity,international,3,3.79,4.0,195,30,11,,,
FR,Berkeley,2010,ethnicity,white,1,1.75,3.47,47,26,7,,,
FR,Berkeley,2010,ethnicity,white,2,3.47,3.79,147,24,4,,,
FR,Berkeley,2010,ethnicity,white,3,3.79,4.0,688,93,7,,,
FR,Berkeley,2010,first_gen_status,first_gen,1,1.75,3.47,30,22,6,,,
FR,Berkeley,2010,first_gen_status,first_gen,2,3.47,3.79,137,60,7,,,
FR,Berkeley,2010,first_gen_status,first_gen,3,3.79,4.0,427,121,11,,,
FR,Berkeley,2010,first_gen_status,not_first_gen,1,1.75,3.47,83,35,11,,,
FR,Berkeley,2010,first_gen_status,not_first_gen,2,3.47,3.79,351,57,15,,,
FR,Berkeley,2010,first_gen_status,not_first_gen,3,3.79,4.0,1770,214,35,,,
FR,Berkeley,2010,pell_status,non_pell,1,1.75,3.47,92,38,9,,,
FR,Berkeley,2010,pell_status,non_pell,2,3.47,3.79,341,47,11,,,
FR,Berkeley,2010,pell_status,non_pell,3,3.79,4.0,1711,187,31,,,
FR,Berkeley,2010,pell_status,pell,1,1.75,3.47,35,23,8,,,
FR,Berkeley,2010,pell_status,pell,2,3.47,3.79,191,76,14,,,
FR,Berkeley,2010,pell_status,pell,3,3.79,4.0,660,165,16,,,
FR,Berkeley,2011,ethnicity,aian,1,0.87,3.5,3,1,0,,,
FR,Berkeley,2011,ethnicity,aian,2,3.5,3.8,6,3,0,,,
FR,Berkeley,2011,ethnicity,aian,3,3.8,4.0,16,2,2,,,
FR,Berkeley,2011,ethnicity,asian,1,0.87,3.5,52,12,4,,,
FR,Berkeley,2011,ethnicity,asian,2,3.5,3.8,292,54,17,,,
FR,Berkeley,2011,ethnicity,asian,3,3.8,4.0,1161,125,20,,,
FR,Berkeley,2011,ethnicity,black,1,0.87,3.5,11,10,2,,,
FR,Berkeley,2011,ethnicity,black,2,3.5,3.8,23,8,4,,,
FR,Berkeley,2011,ethnicity,black,3,3.8,4.0,37,11,1,,,
FR,Berkeley,2011,ethnicity,hispanic_latino,1,0.87,3.5,17,19,0,,,
FR,Berkeley,2011,ethnicity,hispanic_latino,2,3.5,3.8,80,38,3,,,
FR,Berkeley,2011,ethnicity,hispanic_latino,3,3.8,4.0,187,63,9,,,
FR,Berkeley,2011,ethnicity,international,1,0.87,3.5,34,4,1,,,
FR,Berkeley,2011,ethnicity,international,2,3.5,3.8,79,15,9,,,
FR,Berkeley,2011,ethnicity,international,3,3.8,4.0,231,36,21,,,
FR,Berkeley,2011,ethnicity,white,1,0.87,3.5,64,31,3,,,
FR,Berkeley,2011,ethnicity,white,2,3.5,3.8,163,29,9,,,
FR,Berkeley,2011,ethnicity,white,3,3.8,4.0,678,80,14,,,
FR,Berkeley,2011,first_gen_status,first_gen,1,0.87,3.5,27,24,1,,,
FR,Berkeley,2011,first_gen_status,first_gen,2,3.5,3.8,144,62,12,,,
FR,Berkeley,2011,first_gen_status,first_gen,3,3.8,4.0,432,101,22,,,
FR,Berkeley,2011,first_gen_status,not_first_gen,1,0.87,3.5,156,53,10,,,
FR,Berkeley,2011,first_gen_status,not_first_gen,2,3.5,3.8,503,85,28,,,
FR,Berkeley,2011,first_gen_status,not_first_gen,3,3.8,4.0,1907,217,46,,,
FR,Berkeley,2011,pell_status,non_pell,1,0.87,3.5,131,44,9,,,
FR,Berkeley,2011,pell_status,non_pell,2,3.5,3.8,444,76,28,,,
FR,Berkeley,2011,pell_status,non_pell,3,3.8,4.0,1761,179,43,,,
FR,Berkeley,2011,pell_status,pell,1,0.87,3.5,55,34,2,,,
FR,Berkeley,2011,pell_status,pell,2,3.5,3.8,210,73,14,,,
FR,Berkeley,2011,pell_status,pell,3,3.8,4.0,616,145,25,,,
FR,Berkeley,2012,ethnicity,aian,1,1.02,3.52,2,0,0,,,
FR,Berkeley,2012,ethnicity,aian,2,3.52,3.81,5,1,0,,,
FR,Berkeley,2012,ethnicity,aian,3,3.81,4.0,14,2,1,,,
FR,Berkeley,2012,ethnicity,asian,1,1.02,3.52,46,13,2,,,
FR,Berkeley,2012,ethnicity,asian,2,3.52,3.81,254,54,2,,,
FR,Berkeley,2012,ethnicity,asian,3,3.81,4.0,1183,124,22,,,
FR,Berkeley,2012,ethnicity,black,1,1.02,3.52,26,11,5,,,
FR,Berkeley,2012,ethnicity,black,2,3.52,3.81,16,9,4,,,
FR,Berkeley,2012,ethnicity,black,3,3.81,4.0,25,12,0,,,
FR,Berkeley,2012,ethnicity,hispanic_latino,1,1.02,3.52,26,21,2,,,
FR,Berkeley,2012,ethnicity,hispanic_latino,2,3.52,3.81,80,39,10,,,
FR,Berkeley,2012,ethnicity,hispanic_latino,3,3.81,4.0,165,69,10,,,
FR,Berkeley,2012,ethnicity,international,1,1.02,3.52,29,9,3,,,
FR,Berkeley,2012,ethnicity,international,2,3.52,3.81,57,18,6,,,
FR,Berkeley,2012,ethnicity,international,3,3.81,4.0,189,36,16,,,
FR,Berkeley,2012,ethnicity,white,1,1.02,3.52,51,24,3,,,
FR,Berkeley,2012,ethnicity,white,2,3.52,3.81,124,32,7,,,
FR,Berkeley,2012,ethnicity,white,3,3.81,4.0,560,95,10,,,
FR,Berkeley,2012,first_gen_status,first_gen,1,1.02,3.52,45,33,4,,,
FR,Berkeley,2012,first_gen_status,first_gen,2,3.52,3.81,145,62,14,,,
FR,Berkeley,2012,first_gen_status,first_gen,3,3.81,4.0,433,127,21,,,
FR,Berkeley,2012,first_gen_status,not_first_gen,1,1.02,3.52,141,49,12,,,
FR,Berkeley,2012,first_gen_status,not_first_gen,2,3.52,3.81,401,90,13,,,
FR,Berkeley,2012,first_gen_status,not_first_gen,3,3.81,4.0,1766,216,35,,,
FR,Berkeley,2012,pell_status,non_pell,1,1.02,3.52,123,44,8,,,
FR,Berkeley,2012,pell_status,non_pell,2,3.52,3.81,364,78,14,,,
FR,Berkeley,2012,pell_status,non_pell,3,3.81,4.0,1656,185,30,,,
FR,Berkeley,2012,pell_status,pell,1,1.02,3.52,63,39,9,,,
FR,Berkeley,2012,pell_status,pell,2,3.52,3.81,192,77,15,,,
FR,Berkeley,2012,pell_status,pell,3,3.81,4.0,571,164,29,,,
FR,Berkeley,2013,ethnicity,aian,1,1.21,3.57,2,1,0,,,
FR,Berkeley,2013,ethnicity,aian,2,3.57,3.84,1,1,1,,,
FR,Berkeley,2013,ethnicity,aian,3,3.84,4.0,8,2,1,,,
FR,Berkeley,2013,ethnicity,asian,1,1.21,3.57,58,16,7,,,
FR,Berkeley,2013,ethnicity,asian,2,3.57,3.84,295,53,10,,,
FR,Berkeley,2013,ethnicity,asian,3,3.84,4.0,1153,142,29,,,
FR,Berkeley,2013,ethnicity,black,1,1.21,3.57,18,10,4,,,
FR,Berkeley,2013,ethnicity,black,2,3.57,3.84,14,7,2,,,
FR,Berkeley,2013,ethnicity,black,3,3.84,4.0,34,9,1,,,
FR,Berkeley,2013,ethnicity,hispanic_latino,1,1.21,3.57,29,21,6,,,
FR,Berkeley,2013,ethnicity,hispanic_latino,2,3.57,3.84,76,42,13,,,
FR,Berkeley,2013,ethnicity,hispanic_latino,3,3.84,4.0,185,64,15,,,
FR,Berkeley,2013,ethnicity,international,1,1.21,3.57,29,7,3,,,
FR,Berkeley,2013,ethnicity,international,2,3.57,3.84,107,22,12,,,
FR,Berkeley,2013,ethnicity,international,3,3.84,4.0,311,44,18,,,
FR,Berkeley,2013,ethnicity,white,1,1.21,3.57,67,25,6,,,
FR,Berkeley,2013,ethnicity,white,2,3.57,3.84,146,26,3,,,
FR,Berkeley,2013,ethnicity,white,3,3.84,4.0,665,102,9,,,
FR,Berkeley,2013,first_gen_status,first_gen,1,1.21,3.57,75,29,12,,,
FR,Berkeley,2013,first_gen_status,first_gen,2,3.57,3.84,179,65,18,,,
FR,Berkeley,2013,first_gen_status,first_gen,3,3.84,4.0,487,120,32,,,
FR,Berkeley,2013,first_gen_status,not_first_gen,1,1.21,3.57,134,53,14,,,
FR,Berkeley,2013,first_gen_status,not_first_gen,2,3.57,3.84,478,91,22,,,
FR,Berkeley,2013,first_gen_status,not_first_gen,3,3.84,4.0,1925,249,42,,,
FR,Berkeley,2013,pell_status,non_pell,1,1.21,3.57,129,48,16,,,
FR,Berkeley,2013,pell_status,non_pell,2,3.57,3.84,459,79,24,,,
FR,Berkeley,2013,pell_status,non_pell,3,3.84,4.0,1852,231,44,,,
FR,Berkeley,2013,pell_status,pell,1,1.21,3.57,81,34,10,,,
FR,Berkeley,2013,pell_status,pell,2,3.57,3.84,211,80,17,,,
FR,Berkeley,2013,pell_status,pell,3,3.84,4.0,591,144,30,,,
FR,Berkeley,2014,ethnicity,aian,1,0.25,3.59,2,1,0,,,
FR,Berkeley,2014,ethnicity,aian,2,3.59,3.86,5,4,1,,,
FR,Berkeley,2014,ethnicity,aian,3,3.86,4.0,14,0,1,,,
FR,Berkeley,2014,ethnicity,asian,1,0.25,3.59,67,13,2,,,
FR,Berkeley,2014,ethnicity,asian,2,3.59,3.86,311,51,11,,,
FR,Berkeley,2014,ethnicity,asian,3,3.86,4.0,1098,148,24,,,
FR,Berkeley,2014,ethnicity,black,1,0.25,3.59,27,14,0,,,
FR,Berkeley,2014,ethnicity,black,2,3.59,3.86,14,5,3,,,
FR,Berkeley,2014,ethnicity,black,3,3.86,4.0,36,13,0,,,
FR,Berkeley,2014,ethnicity,hispanic_latino,1,0.25,3.59,43,27,9,,,
FR,Berkeley,2014,ethnicity,hispanic_latino,2,3.59,3.86,104,51,5,,,
FR,Berkeley,2014,ethnicity,hispanic_latino,3,3.86,4.0,210,77,7,,,
FR,Berkeley,2014,ethnicity,international,1,0.25,3.59,21,10,0,,,
FR,Berkeley,2014,ethnicity,international,2,3.59,3.86,93,14,4,,,
FR,Berkeley,2014,ethnicity,international,3,3.86,4.0,239,38,12,,,
FR,Berkeley,2014,ethnicity,white,1,0.25,3.59,87,26,5,,,
FR,Berkeley,2014,ethnicity,white,2,3.59,3.86,200,33,7,,,
FR,Berkeley,2014,ethnicity,white,3,3.86,4.0,622,84,9,,,
FR,Berkeley,2014,first_gen_status,first_gen,1,0.25,3.59,75,47,11,,,
FR,Berkeley,2014,first_gen_status,first_gen,2,3.59,3.86,171,65,8,,,
FR,Berkeley,2014,first_gen_status,first_gen,3,3.86,4.0,454,120,16,,,
FR,Berkeley,2014,first_gen_status,not_first_gen,1,0.25,3.59,174,48,6,,,
FR,Berkeley,2014,first_gen_status,not_first_gen,2,3.59,3.86,574,99,23,,,
FR,Berkeley,2014,first_gen_status,not_first_gen,3,3.86,4.0,1827,244,38,,,
FR,Berkeley,2014,pell_status,non_pell,1,0.25,3.59,164,47,7,,,
FR,Berkeley,2014,pell_status,non_pell,2,3.59,3.86,546,82,16,,,
FR,Berkeley,2014,pell_status,non_pell,3,3.86,4.0,1733,214,29,,,
FR,Berkeley,2014,pell_status,pell,1,0.25,3.59,92,49,10,,,
FR,Berkeley,2014,pell_status,pell,2,3.59,3.86,213,85,15,,,
FR,Berkeley,2014,pell_status,pell,3,3.86,4.0,590,159,25,,,
FR,Berkeley,2015,ethnicity,aian,1,1.0,3.61,2,1,1,,,
FR,Berkeley,2015,ethnicity,aian,2,3.61,3.87,4,1,1,,,
FR,Berkeley,2015,ethnicity,aian,3,3.87,4.0,9,2,2,,,
FR,Berkeley,2015,ethnicity,asian,1,1.0,3.61,79,18,2,,,
FR,Berkeley,2015,ethnicity,asian,2,3.61,3.87,500,67,15,,,
FR,Berkeley,2015,ethnicity,asian,3,3.87,4.0,1399,134,19,,,
FR,Berkeley,2015,ethnicity,black,1,1.0,3.61,21,12,4,,,
FR,Berkeley,2015,ethnicity,black,2,3.61,3.87,20,8,0,,,
FR,Berkeley,2015,ethnicity,black,3,3.87,4.0,42,15,1,,,
FR,Berkeley,2015,ethnicity,hispanic_latino,1,1.0,3.61,43,16,7,,,
FR,Berkeley,2015,ethnicity,hispanic_latino,2,3.61,3.87,105,39,12,,,
FR,Berkeley,2015,ethnicity,hispanic_latino,3,3.87,4.0,272,85,10,,,
FR,Berkeley,2015,ethnicity,international,1,1.0,3.61,30,7,2,,,
FR,Berkeley,2015,ethnicity,international,2,3.61,3.87,90,22,3,,,
FR,Berkeley,2015,ethnicity,international,3,3.87,4.0,188,41,8,,,
FR,Berkeley,2015,ethnicity,white,1,1.0,3.61,73,26,5,,,
FR,Berkeley,2015,ethnicity,white,2,3.61,3.87,205,35,4,,,
FR,Berkeley,2015,ethnicity,white,3,3.87,4.0,796,77,9,,,
FR,Berkeley,2015,first_gen_status,first_gen,1,1.0,3.61,67,27,7,,,
FR,Berkeley,2015,first_gen_status,first_gen,2,3.61,3.87,220,66,13,,,
FR,Berkeley,2015,first_gen_status,first_gen,3,3.87,4.0,494,112,16,,,
FR,Berkeley,2015,first_gen_status,not_first_gen,1,1.0,3.61,188,59,12,,,
FR,Berkeley,2015,first_gen_status,not_first_gen,2,3.61,3.87,748,112,21,,,
FR,Berkeley,2015,first_gen_status,not_first_gen,3,3.87,4.0,2349,244,35,,,
FR,Berkeley,2015,pell_status,non_pell,1,1.0,3.61,184,58,8,,,
FR,Berkeley,2015,pell_status,non_pell,2,3.61,3.87,715,91,16,,,
FR,Berkeley,2015,pell_status,non_pell,3,3.87,4.0,2197,206,31,,,
FR,Berkeley,2015,pell_status,pell,1,1.0,3.61,76,28,13,,,
FR,Berkeley,2015,pell_status,pell,2,3.61,3.87,264,89,19,,,
FR,Berkeley,2015,pell_status,pell,3,3.87,4.0,675,156,20,,,
FR,Berkeley,2016,ethnicity,aian,1,0.85,3.59,1,0,0,,,
FR,Berkeley,2016,ethnicity,aian,2,3.59,3.86,4,1,0,,,
FR,Berkeley,2016,ethnicity,aian,3,3.86,4.0,12,2,1,,,
FR,Berkeley,2016,ethnicity,asian,1,0.85,3.59,106,25,3,,,
FR,Berkeley,2016,ethnicity,asian,2,3.59,3.86,659,75,12,,,
FR,Berkeley,2016,ethnicity,asian,3,3.86,4.0,1530,143,10,,,
FR,Berkeley,2016,ethnicity,black,1,0.85,3.59,25,11,0,,,
FR,Berkeley,2016,ethnicity,black,2,3.59,3.86,34,12,3,,,
FR,Berkeley,2016,ethnicity,black,3,3.86,4.0,45,7,0,,,
FR,Berkeley,2016,ethnicity,hispanic_latino,1,0.85,3.59,35,20,7,,,
FR,Berkeley,2016,ethnicity,hispanic_latino,2,3.59,3.86,183,55,7,,,
FR,Berkeley,2016,ethnicity,hispanic_latino,3,3.86,4.0,339,75,20,,,
FR,Berkeley,2016,ethnicity,international,1,0.85,3.59,12,5,3,,,
FR,Berkeley,2016,ethnicity,international,2,3.59,3.86,80,10,1,,,
FR,Berkeley,2016,ethnicity,international,3,3.86,4.0,224,31,10,,,
FR,Berkeley,2016,ethnicity,white,1,0.85,3.59,87,16,2,,,
FR,Berkeley,2016,ethnicity,white,2,3.59,3.86,329,45,5,,,
FR,Berkeley,2016,ethnicity,white,3,3.86,4.0,909,97,14,,,
FR,Berkeley,2016,first_gen_status,first_gen,1,0.85,3.59,51,32,6,,,
FR,Berkeley,2016,first_gen_status,first_gen,2,3.59,3.86,261,69,13,,,
FR,Berkeley,2016,first_gen_status,first_gen,3,3.86,4.0,498,111,23,,,
FR,Berkeley,2016,first_gen_status,not_first_gen,1,0.85,3.59,217,47,9,,,
FR,Berkeley,2016,first_gen_status,not_first_gen,2,3.59,3.86,1082,135,14,,,
FR,Berkeley,2016,first_gen_status,not_first_gen,3,3.86,4.0,2689,259,33,,,
FR,Berkeley,2016,pell_status,non_pell,1,0.85,3.59,212,50,10,,,
FR,Berkeley,2016,pell_status,non_pell,2,3.59,3.86,1053,112,18,,,
FR,Berkeley,2016,pell_status,non_pell,3,3.86,4.0,2597,238,28,,,
FR,Berkeley,2016,pell_status,pell,1,0.85,3.59,63,30,5,,,
FR,Berkeley,2016,pell_status,pell,2,3.59,3.86,310,94,11,,,
FR,Berkeley,2016,pell_status,pell,3,3.86,4.0,658,134,28,,,
FR,Berkeley,2017,ethnicity,aian,1,0.0,3.63,4,1,0,,,
FR,Berkeley,2017,ethnicity,aian,2,3.63,3.88,2,0,1,,,
FR,Berkeley,2017,ethnicity,aian,3,3.88,4.0,8,1,1,,,
FR,Berkeley,2017,ethnicity,asian,1,0.0,3.63,99,14,3,,,
FR,Berkeley,2017,ethnicity,asian,2,3.63,3.88,603,78,15,,,
FR,Berkeley,2017,ethnicity,asian,3,3.88,4.0,1577,132,20,,,
FR,Berkeley,2017,ethnicity,black,1,0.0,3.63,27,9,2,,,
FR,Berkeley,2017,ethnicity,black,2,3.63,3.88,42,9,2,,,
FR,Berkeley,2017,ethnicity,black,3,3.88,4.0,55,9,2,,,
FR,Berkeley,2017,ethnicity,hispanic_latino,1,0.0,3.63,50,15,4,,,
FR,Berkeley,2017,ethnicity,hispanic_latino,2,3.63,3.88,217,49,6,,,
FR,Berkeley,2017,ethnicity,hispanic_latino,3,3.88,4.0,360,82,15,,,
FR,Berkeley,2017,ethnicity,international,1,0.0,3.63,17,11,2,,,
FR,Berkeley,2017,ethnicity,international,2,3.63,3.88,56,13,4,,,
FR,Berkeley,2017,ethnicity,international,3,3.88,4.0,248,36,11,,,
FR,Berkeley,2017,ethnicity,white,1,0.0,3.63,94,24,0,,,
FR,Berkeley,2017,ethnicity,white,2,3.63,3.88,321,41,10,,,
FR,Berkeley,2017,ethnicity,white,3,3.88,4.0,851,85,9,,,
FR,Berkeley,2017,first_gen_status,first_gen,1,0.0,3.63,69,17,5,,,
FR,Berkeley,2017,first_gen_status,first_gen,2,3.63,3.88,305,63,15,,,
FR,Berkeley,2017,first_gen_status,first_gen,3,3.88,4.0,555,103,18,,,
FR,Berkeley,2017,first_gen_status,not_first_gen,1,0.0,3.63,229,59,6,,,
FR,Berkeley,2017,first_gen_status,not_first_gen,2,3.63,3.88,979,128,24,,,
FR,Berkeley,2017,first_gen_status,not_first_gen,3,3.88,4.0,2660,256,41,,,
FR,Berkeley,2017,pell_status,non_pell,1,0.0,3.63,213,53,9,,,
FR,Berkeley,2017,pell_status,non_pell,2,3.63,3.88,951,124,25,,,
FR,Berkeley,2017,pell_status,non_pell,3,3.88,4.0,2587,247,33,,,
FR,Berkeley,2017,pell_status,pell,1,0.0,3.63,87,25,2,,,
FR,Berkeley,2017,pell_status,pell,2,3.63,3.88,357,71,14,,,
FR,Berkeley,2017,pell_status,pell,3,3.88,4.0,686,114,27,,,
FR,Berkeley,2018,ethnicity,aian,1,0.0,3.68,3,0,0,,,
FR,Berkeley,2018,ethnicity,aian,2,3.68,3.9,2,1,0,,,
FR,Berkeley,2018,ethnicity,aian,3,3.9,4.0,5,4,0,,,
FR,Berkeley,2018,ethnicity,asian,1,0.0,3.68,95,11,4,,,
FR,Berkeley,2018,ethnicity,asian,2,3.68,3.9,583,62,13,,,
FR,Berkeley,2018,ethnicity,asian,3,3.9,4.0,1450,129,17,,,
FR,Berkeley,2018,ethnicity,black,1,0.0,3.68,25,5,1,,,
FR,Berkeley,2018,ethnicity,black,2,3.68,3.9,43,10,2,,,
FR,Berkeley,2018,ethnicity,black,3,3.9,4.0,57,8,1,,,
FR,Berkeley,2018,ethnicity,hispanic_latino,1,0.0,3.68,59,18,3,,,
FR,Berkeley,2018,ethnicity,hispanic_latino,2,3.68,3.9,191,48,7,,,
FR,Berkeley,2018,ethnicity,hispanic_latino,3,3.9,4.0,332,80,15,,,
FR,Berkeley,2018,ethnicity,international,1,0.0,3.68,35,8,4,,,
FR,Berkeley,2018,ethnicity,international,2,3.68,3.9,89,20,6,,,
FR,Berkeley,2018,ethnicity,international,3,3.9,4.0,332,62,9,,,
FR,Berkeley,2018,ethnicity,white,1,0.0,3.68,74,18,2,,,
FR,Berkeley,2018,ethnicity,white,2,3.68,3.9,228,33,5,,,
FR,Berkeley,2018,ethnicity,white,3,3.9,4.0,710,92,10,,,
FR,Berkeley,2018,first_gen_status,first_gen,1,0.0,3.68,83,21,7,,,
FR,Berkeley,2018,first_gen_status,first_gen,2,3.68,3.9,271,67,8,,,
FR,Berkeley,2018,first_gen_status,first_gen,3,3.9,4.0,573,106,17,,,
FR,Berkeley,2018,first_gen_status,not_first_gen,1,0.0,3.68,205,42,6,,,
FR,Berkeley,2018,first_gen_status,not_first_gen,2,3.68,3.9,904,110,26,,,
FR,Berkeley,2018,first_gen_status,not_first_gen,3,3.9,4.0,2433,277,36,,,
FR,Berkeley,2018,pell_status,non_pell,1,0.0,3.68,208,41,9,,,
FR,Berkeley,2018,pell_status,non_pell,2,3.68,3.9,822,102,22,,,
FR,Berkeley,2018,pell_status,non_pell,3,3.9,4.0,2345,266,28,,,
FR,Berkeley,2018,pell_status,pell,1,0.0,3.68,90,22,6,,,
FR,Berkeley,2018,pell_status,pell,2,3.68,3.9,372,80,12,,,
FR,Berkeley,2018,pell_status,pell,3,3.9,4.0,717,124,25,,,
FR,Berkeley,2019,ethnicity,aian,1,1.38,3.69,1,1,0,,,
FR,Berkeley,2019,ethnicity,aian,2,3.69,3.91,3,1,1,,,
FR,Berkeley,2019,ethnicity,aian,3,3.91,4.0,8,3,1,,,
FR,Berkeley,2019,ethnicity,asian,1,1.38,3.69,147,25,4,,,
FR,Berkeley,2019,ethnicity,asian,2,3.69,3.91,684,81,15,,,
FR,Berkeley,2019,ethnicity,asian,3,3.91,4.0,1527,146,15,,,
FR,Berkeley,2019,ethnicity,black,1,1.38,3.69,30,5,2,,,
FR,Berkeley,2019,ethnicity,black,2,3.69,3.91,42,10,1,,,
FR,Berkeley,2019,ethnicity,black,3,3.91,4.0,44,9,1,,,
FR,Berkeley,2019,ethnicity,hispanic_latino,1,1.38,3.69,96,24,6,,,
FR,Berkeley,2019,ethnicity,hispanic_latino,2,3.69,3.91,241,63,15,,,
FR,Berkeley,2019,ethnicity,hispanic_latino,3,3.91,4.0,329,67,17,,,
FR,Berkeley,2019,ethnicity,international,1,1.38,3.69,27,4,1,,,
FR,Berkeley,2019,ethnicity,international,2,3.69,3.91,87,15,10,,,
FR,Berkeley,2019,ethnicity,international,3,3.91,4.0,317,48,14,,,
FR,Berkeley,2019,ethnicity,white,1,1.38,3.69,83,13,1,,,
FR,Berkeley,2019,ethnicity,white,2,3.69,3.91,293,35,6,,,
FR,Berkeley,2019,ethnicity,white,3,3.91,4.0,757,66,9,,,
FR,Berkeley,2019,first_gen_status,first_gen,1,1.38,3.69,119,31,8,,,
FR,Berkeley,2019,first_gen_status,first_gen,2,3.69,3.91,334,80,17,,,
FR,Berkeley,2019,first_gen_status,first_gen,3,3.91,4.0,548,87,17,,,
FR,Berkeley,2019,first_gen_status,not_first_gen,1,1.38,3.69,276,39,8,,,
FR,Berkeley,2019,first_gen_status,not_first_gen,2,3.69,3.91,1055,128,33,,,
FR,Berkeley,2019,first_gen_status,not_first_gen,3,3.91,4.0,2554,257,39,,,
FR,Berkeley,2019,pell_status,non_pell,1,1.38,3.69,255,43,7,,,
FR,Berkeley,2019,pell_status,non_pell,2,3.69,3.91,1011,118,29,,,
FR,Berkeley,2019,pell_status,non_pell,3,3.91,4.0,2514,238,35,,,
FR,Berkeley,2019,pell_status,pell,1,1.38,3.69,142,31,9,,,
FR,Berkeley,2019,pell_status,pell,2,3.69,3.91,406,95,21,,,
FR,Berkeley,2019,pell_status,pell,3,3.91,4.0,640,114,23,,,
FR,Berkeley,2020,ethnicity,aian,1,1.1,3.67,4,0,0,,,
FR,Berkeley,2020,ethnicity,aian,2,3.67,3.91,6,0,0,,,
FR,Berkeley,2020,ethnicity,aian,3,3.91,4.0,4,0,0,,,
FR,Berkeley,2020,ethnicity,asian,1,1.1,3.67,167,18,0,,,
FR,Berkeley,2020,ethnicity,asian,2,3.67,3.91,700,114,0,,,
FR,Berkeley,2020,ethnicity,asian,3,3.91,4.0,1263,83,0,,,
FR,Berkeley,2020,ethnicity,black,1,1.1,3.67,42,9,0,,,
FR,Berkeley,2020,ethnicity,black,2,3.67,3.91,49,12,0,,,
FR,Berkeley,2020,ethnicity,black,3,3.91,4.0,63,12,0,,,
FR,Berkeley,2020,ethnicity,hispanic_latino,1,1.1,3.67,114,37,0,,,
FR,Berkeley,2020,ethnicity,hispanic_latino,2,3.67,3.91,347,76,0,,,
FR,Berkeley,2020,ethnicity,hispanic_latino,3,3.91,4.0,400,64,0,,,
FR,Berkeley,2020,ethnicity,international,1,1.1,3.67,33,11,0,,,
FR,Berkeley,2020,ethnicity,international,2,3.67,3.91,104,25,0,,,
FR,Berkeley,2020,ethnicity,international,3,3.91,4.0,298,41,0,,,
FR,Berkeley,2020,ethnicity,white,1,1.1,3.67,82,19,0,,,
FR,Berkeley,2020,ethnicity,white,2,3.67,3.91,257,33,0,,,
FR,Berkeley,2020,ethnicity,white,3,3.91,4.0,494,59,0,,,
FR,Berkeley,2020,first_gen_status,first_gen,1,1.1,3.67,154,48,0,,,
FR,Berkeley,2020,first_gen_status,first_gen,2,3.67,3.91,446,98,0,,,
FR,Berkeley,2020,first_gen_status,first_gen,3,3.91,4.0,577,68,0,,,
FR,Berkeley,2020,first_gen_status,not_first_gen,1,1.1,3.67,298,47,0,,,
FR,Berkeley,2020,first_gen_status,not_first_gen,2,3.67,3.91,1048,166,0,,,
FR,Berkeley,2020,first_gen_status,not_first_gen,3,3.91,4.0,1997,199,0,,,
FR,Berkeley,2020,pell_status,non_pell,1,1.1,3.67,285,53,0,,,
FR,Berkeley,2020,pell_status,non_pell,2,3.67,3.91,1015,168,0,,,
FR,Berkeley,2020,pell_status,non_pell,3,3.91,4.0,1986,185,0,,,
FR,Berkeley,2020,pell_status,pell,1,1.1,3.67,175,42,0,,,
FR,Berkeley,2020,pell_status,pell,2,3.67,3.91,520,102,0,,,
FR,Berkeley,2020,pell_status,pell,3,3.91,4.0,664,86,0,,,
FR,Berkeley,2021,ethnicity,aian,1,0.0,3.71,5,0,0,,,
FR,Berkeley,2021,ethnicity,aian,2,3.71,3.92,4,0,0,,,
FR,Berkeley,2021,ethnicity,aian,3,3.92,4.0,8,0,0,,,
FR,Berkeley,2021,ethnicity,asian,1,0.0,3.71,189,0,0,,,
FR,Berkeley,2021,ethnicity,asian,2,3.71,3.92,831,0,0,,,
FR,Berkeley,2021,ethnicity,asian,3,3.92,4.0,1357,0,0,,,
FR,Berkeley,2021,ethnicity,black,1,0.0,3.71,62,0,0,,,
FR,Berkeley,2021,ethnicity,black,2,3.71,3.92,61,0,0,,,
FR,Berkeley,2021,ethnicity,black,3,3.92,4.0,52,0,0,,,
FR,Berkeley,2021,ethnicity,hispanic_latino,1,0.0,3.71,167,0,0,,,
FR,Berkeley,2021,ethnicity,hispanic_latino,2,3.71,3.92,365,0,0,,,
FR,Berkeley,2021,ethnicity,hispanic_latino,3,3.92,4.0,347,0,0,,,
FR,Berkeley,2021,ethnicity,international,1,0.0,3.71,53,0,0,,,
FR,Berkeley,2021,ethnicity,international,2,3.71,3.92,160,0,0,,,
FR,Berkeley,2021,ethnicity,international,3,3.92,4.0,335,0,0,,,
FR,Berkeley,2021,ethnicity,white,1,0.0,3.71,123,0,0,,,
FR,Berkeley,2021,ethnicity,white,2,3.71,3.92,345,0,0,,,
FR,Berkeley,2021,ethnicity,white,3,3.92,4.0,647,0,0,,,
FR,Berkeley,2021,first_gen_status,first_gen,1,0.0,3.71,203,0,0,,,
FR,Berkeley,2021,first_gen_status,first_gen,2,3.71,3.92,455,0,0,,,
FR,Berkeley,2021,first_gen_status,first_gen,3,3.92,4.0,504,0,0,,,
FR,Berkeley,2021,first_gen_status,not_first_gen,1,0.0,3.71,396,0,0,,,
FR,Berkeley,2021,first_gen_status,not_first_gen,2,3.71,3.92,1325,0,0,,,
FR,Berkeley,2021,first_gen_status,not_first_gen,3,3.92,4.0,2300,0,0,,,
FR,Berkeley,2021,pell_status,non_pell,1,0.0,3.71,397,0,0,,,
FR,Berkeley,2021,pell_status,non_pell,2,3.71,3.92,1261,0,0,,,
FR,Berkeley,2021,pell_status,non_pell,3,3.92,4.0,2207,0,0,,,
FR,Berkeley,2021,pell_status,pell,1,0.0,3.71,220,0,0,,,
FR,Berkeley,2021,pell_status,pell,2,3.71,3.92,573,0,0,,,
FR,Berkeley,2021,pell_status,pell,3,3.92,4.0,679,0,0,,,
FR,Davis,2010,ethnicity,aian,1,1.75,3.47,8,7,1,,,
FR,Davis,2010,ethnicity,aian,2,3.47,3.79,3,1,0,,,
FR,Davis,2010,ethnicity,aian,3,3.79,4.0,12,3,0,,,
FR,Davis,2010,ethnicity,asian,1,1.75,3.47,294,162,30,,,
FR,Davis,2010,ethnicity,asian,2,3.47,3.79,438,195,29,,,
FR,Davis,2010,ethnicity,asian,3,3.79,4.0,324,130,9,,,
FR,Davis,2010,ethnicity,black,1,1.75,3.47,21,25,4,,,
FR,Davis,2010,ethnicity,black,2,3.47,3.79,17,13,4,,,
FR,Davis,2010,ethnicity,black,3,3.79,4.0,10,12,0,,,
FR,Davis,2010,ethnicity,hispanic_latino,1,1.75,3.47,98,106,19,,,
FR,Davis,2010,ethnicity,hispanic_latino,2,3.47,3.79,113,92,11,,,
FR,Davis,2010,ethnicity,hispanic_latino,3,3.79,4.0,102,72,9,,,
FR,Davis,2010,ethnicity,international,1,1.75,3.47,8,5,3,,,
FR,Davis,2010,ethnicity,international,2,3.47,3.79,22,6,1,,,
FR,Davis,2010,ethnicity,international,3,3.79,4.0,12,3,1,,,
FR,Davis,2010,ethnicity,white,1,1.75,3.47,159,89,15,,,
FR,Davis,2010,ethnicity,white,2,3.47,3.79,297,104,16,,,
FR,Davis,2010,ethnicity,white,3,3.79,4.0,393,100,3,,,
FR,Davis,2010,first_gen_status,first_gen,1,1.75,3.47,262,186,34,,,
FR,Davis,2010,first_gen_status,first_gen,2,3.47,3.79,303,205,25,,,
FR,Davis,2010,first_gen_status,first_gen,3,3.79,4.0,303,175,15,,,
FR,Davis,2010,first_gen_status,not_first_gen,1,1.75,3.47,318,212,35,,,
FR,Davis,2010,first_gen_status,not_first_gen,2,3.47,3.79,595,204,35,,,
FR,Davis,2010,first_gen_status,not_first_gen,3,3.79,4.0,555,147,8,,,
FR,Davis,2010,pell_status,non_pell,1,1.75,3.47,343,186,36,,,
FR,Davis,2010,pell_status,non_pell,2,3.47,3.79,589,188,30,,,
FR,Davis,2010,pell_status,non_pell,3,3.79,4.0,560,130,11,,,
FR,Davis,2010,pell_status,pell,1,1.75,3.47,272,225,41,,,
FR,Davis,2010,pell_status,pell,2,3.47,3.79,358,244,32,,,
FR,Davis,2010,pell_status,pell,3,3.79,4.0,347,205,13,,,
FR,Davis,2011,ethnicity,aian,1,0.87,3.5,1,1,0,,,
FR,Davis,2011,ethnicity,aian,2,3.5,3.8,6,5,1,,,
FR,Davis,2011,ethnicity,aian,3,3.8,4.0,7,4,1,,,
FR,Davis,2011,ethnicity,asian,1,0.87,3.5,360,159,26,,,
FR,Davis,2011,ethnicity,asian,2,3.5,3.8,574,209,21,,,
FR,Davis,2011,ethnicity,asian,3,3.8,4.0,379,117,11,,,
FR,Davis,2011,ethnicity,black,1,0.87,3.5,13,18,7,,,
FR,Davis,2011,ethnicity,black,2,3.5,3.8,19,23,2,,,
FR,Davis,2011,ethnicity,black,3,3.8,4.0,9,7,0,,,
FR,Davis,2011,ethnicity,hispanic_latino,1,0.87,3.5,82,92,18,,,
FR,Davis,2011,ethnicity,hispanic_latino,2,3.5,3.8,126,112,12,,,
FR,Davis,2011,ethnicity,hispanic_latino,3,3.8,4.0,113,76,11,,,
FR,Davis,2011,ethnicity,international,1,0.87,3.5,31,16,5,,,
FR,Davis,2011,ethnicity,international,2,3.5,3.8,48,8,0,,,
FR,Davis,2011,ethnicity,international,3,3.8,4.0,21,4,2,,,
FR,Davis,2011,ethnicity,white,1,0.87,3.5,137,64,8,,,
FR,Davis,2011,ethnicity,white,2,3.5,3.8,333,103,11,,,
FR,Davis,2011,ethnicity,white,3,3.8,4.0,390,104,7,,,
FR,Davis,2011,first_gen_status,first_gen,1,0.87,3.5,275,181,38,,,
FR,Davis,2011,first_gen_status,first_gen,2,3.5,3.8,430,224,29,,,
FR,Davis,2011,first_gen_status,first_gen,3,3.8,4.0,332,173,17,,,
FR,Davis,2011,first_gen_status,not_first_gen,1,0.87,3.5,354,168,27,,,
FR,Davis,2011,first_gen_status,not_first_gen,2,3.5,3.8,684,233,17,,,
FR,Davis,2011,first_gen_status,not_first_gen,3,3.8,4.0,598,145,14,,,
FR,Davis,2011,pell_status,non_pell,1,0.87,3.5,316,143,17,,,
FR,Davis,2011,pell_status,non_pell,2,3.5,3.8,643,194,17,,,
FR,Davis,2011,pell_status,non_pell,3,3.8,4.0,575,129,12,,,
FR,Davis,2011,pell_status,pell,1,0.87,3.5,322,212,48,,,
FR,Davis,2011,pell_status,pell,2,3.5,3.8,490,272,30,,,
FR,Davis,2011,pell_status,pell,3,3.8,4.0,362,190,20,,,
FR,Davis,2012,ethnicity,aian,1,1.02,3.52,2,0,0,,,
FR,Davis,2012,ethnicity,aian,2,3.52,3.81,8,4,0,,,
FR,Davis,2012,ethnicity,aian,3,3.81,4.0,12,2,0,,,
FR,Davis,2012,ethnicity,asian,1,1.02,3.52,233,95,11,,,
FR,Davis,2012,ethnicity,asian,2,3.52,3.81,726,226,32,,,
FR,Davis,2012,ethnicity,asian,3,3.81,4.0,439,158,22,,,
FR,Davis,2012,ethnicity,black,1,1.02,3.52,10,22,3,,,
FR,Davis,2012,ethnicity,black,2,3.52,3.81,31,21,3,,,
FR,Davis,2012,ethnicity,black,3,3.81,4.0,22,9,4,,,
FR,Davis,2012,ethnicity,hispanic_latino,1,1.02,3.52,67,66,12,,,
FR,Davis,2012,ethnicity,hispanic_latino,2,3.52,3.81,184,103,18,,,
FR,Davis,2012,ethnicity,hispanic_latino,3,3.81,4.0,171,81,12,,,
FR,Davis,2012,ethnicity,international,1,1.02,3.52,49,12,4,,,
FR,Davis,2012,ethnicity,international,2,3.52,3.81,50,15,3,,,
FR,Davis,2012,ethnicity,international,3,3.81,4.0,52,15,4,,,
FR,Davis,2012,ethnicity,white,1,1.02,3.52,128,59,9,,,
FR,Davis,2012,ethnicity,white,2,3.52,3.81,407,113,17,,,
FR,Davis,2012,ethnicity,white,3,3.81,4.0,468,124,6,,,
FR,Davis,2012,first_gen_status,first_gen,1,1.02,3.52,174,111,19,,,
FR,Davis,2012,first_gen_status,first_gen,2,3.52,3.81,474,232,34,,,
FR,Davis,2012,first_gen_status,first_gen,3,3.81,4.0,396,179,26,,,
FR,Davis,2012,first_gen_status,not_first_gen,1,1.02,3.52,315,144,19,,,
FR,Davis,2012,first_gen_status,not_first_gen,2,3.52,3.81,943,267,42,,,
FR,Davis,2012,first_gen_status,not_first_gen,3,3.81,4.0,776,214,25,,,
FR,Davis,2012,pell_status,non_pell,1,1.02,3.52,308,137,14,,,
FR,Davis,2012,pell_status,non_pell,2,3.52,3.81,887,242,36,,,
FR,Davis,2012,pell_status,non_pell,3,3.81,4.0,726,190,21,,,
FR,Davis,2012,pell_status,pell,1,1.02,3.52,191,123,25,,,
FR,Davis,2012,pell_status,pell,2,3.52,3.81,552,264,40,,,
FR,Davis,2012,pell_status,pell,3,3.81,4.0,468,210,30,,,
FR,Davis,2013,ethnicity,aian,1,1.21,3.57,5,2,1,,,
FR,Davis,2013,ethnicity,aian,2,3.57,3.84,5,6,0,,,
FR,Davis,2013,ethnicity,aian,3,3.84,4.0,9,3,0,,,
FR,Davis,2013,ethnicity,asian,1,1.21,3.57,194,72,14,,,
FR,Davis,2013,ethnicity,asian,2,3.57,3.84,663,171,23,,,
FR,Davis,2013,ethnicity,asian,3,3.84,4.0,412,119,10,,,
FR,Davis,2013,ethnicity,black,1,1.21,3.57,17,18,1,,,
FR,Davis,2013,ethnicity,black,2,3.57,3.84,35,17,6,,,
FR,Davis,2013,ethnicity,black,3,3.84,4.0,19,11,0,,,
FR,Davis,2013,ethnicity,hispanic_latino,1,1.21,3.57,88,46,6,,,
FR,Davis,2013,ethnicity,hispanic_latino,2,3.57,3.84,228,112,22,,,
FR,Davis,2013,ethnicity,hispanic_latino,3,3.84,4.0,149,77,6,,,
FR,Davis,2013,ethnicity,international,1,1.21,3.57,41,17,2,,,
FR,Davis,2013,ethnicity,international,2,3.57,3.84,100,23,12,,,
FR,Davis,2013,ethnicity,international,3,3.84,4.0,109,36,4,,,
FR,Davis,2013,ethnicity,white,1,1.21,3.57,115,57,11,,,
FR,Davis,2013,ethnicity,white,2,3.57,3.84,390,121,12,,,
FR,Davis,2013,ethnicity,white,3,3.84,4.0,442,104,7,,,
FR,Davis,2013,first_gen_status,first_gen,1,1.21,3.57,187,91,15,,,
FR,Davis,2013,first_gen_status,first_gen,2,3.57,3.84,513,208,40,,,
FR,Davis,2013,first_gen_status,first_gen,3,3.84,4.0,359,183,14,,,
FR,Davis,2013,first_gen_status,not_first_gen,1,1.21,3.57,287,116,20,,,
FR,Davis,2013,first_gen_status,not_first_gen,2,3.57,3.84,929,254,34,,,
FR,Davis,2013,first_gen_status,not_first_gen,3,3.84,4.0,791,176,14,,,
FR,Davis,2013,pell_status,non_pell,1,1.21,3.57,275,106,13,,,
FR,Davis,2013,pell_status,non_pell,2,3.57,3.84,876,227,28,,,
FR,Davis,2013,pell_status,non_pell,3,3.84,4.0,747,165,11,,,
FR,Davis,2013,pell_status,pell,1,1.21,3.57,204,108,22,,,
FR,Davis,2013,pell_status,pell,2,3.57,3.84,584,241,49,,,
FR,Davis,2013,pell_status,pell,3,3.84,4.0,421,199,17,,,
FR,Davis,2014,ethnicity,aian,1,0.25,3.59,4,4,1,,,
FR,Davis,2014,ethnicity,aian,2,3.59,3.86,9,4,0,,,
FR,Davis,2014,ethnicity,aian,3,3.86,4.0,5,5,1,,,
FR,Davis,2014,ethnicity,asian,1,0.25,3.59,256,75,10,,,
FR,Davis,2014,ethnicity,asian,2,3.59,3.86,657,156,23,,,
FR,Davis,2014,ethnicity,asian,3,3.86,4.0,445,119,16,,,
FR,Davis,2014,ethnicity,black,1,0.25,3.59,25,16,1,,,
FR,Davis,2014,ethnicity,black,2,3.59,3.86,29,12,3,,,
FR,Davis,2014,ethnicity,black,3,3.86,4.0,26,9,4,,,
FR,Davis,2014,ethnicity,hispanic_latino,1,0.25,3.59,93,61,20,,,
FR,Davis,2014,ethnicity,hispanic_latino,2,3.59,3.86,264,158,26,,,
FR,Davis,2014,ethnicity,hispanic_latino,3,3.86,4.0,151,77,13,,,
FR,Davis,2014,ethnicity,international,1,0.25,3.59,47,19,5,,,
FR,Davis,2014,ethnicity,international,2,3.59,3.86,101,39,7,,,
FR,Davis,2014,ethnicity,international,3,3.86,4.0,138,38,6,,,
FR,Davis,2014,ethnicity,white,1,0.25,3.59,122,35,8,,,
FR,Davis,2014,ethnicity,white,2,3.59,3.86,412,86,14,,,
FR,Davis,2014,ethnicity,white,3,3.86,4.0,423,87,10,,,
FR,Davis,2014,first_gen_status,first_gen,1,0.25,3.59,206,111,27,,,
FR,Davis,2014,first_gen_status,first_gen,2,3.59,3.86,536,264,45,,,
FR,Davis,2014,first_gen_status,first_gen,3,3.86,4.0,446,151,29,,,
FR,Davis,2014,first_gen_status,not_first_gen,1,0.25,3.59,349,99,18,,,
FR,Davis,2014,first_gen_status,not_first_gen,2,3.59,3.86,956,199,29,,,
FR,Davis,2014,first_gen_status,not_first_gen,3,3.86,4.0,752,192,23,,,
FR,Davis,2014,pell_status,non_pell,1,0.25,3.59,320,105,17,,,
FR,Davis,2014,pell_status,non_pell,2,3.59,3.86,943,210,25,,,
FR,Davis,2014,pell_status,non_pell,3,3.86,4.0,774,189,22,,,
FR,Davis,2014,pell_status,pell,1,0.25,3.59,246,110,29,,,
FR,Davis,2014,pell_status,pell,2,3.59,3.86,576,260,49,,,
FR,Davis,2014,pell_status,pell,3,3.86,4.0,443,156,30,,,
FR,Davis,2015,ethnicity,aian,1,1.0,3.61,2,1,1,,,
FR,Davis,2015,ethnicity,aian,2,3.61,3.87,11,2,0,,,
FR,Davis,2015,ethnicity,aian,3,3.87,4.0,8,1,0,,,
FR,Davis,2015,ethnicity,asian,1,1.0,3.61,211,80,10,,,
FR,Davis,2015,ethnicity,asian,2,3.61,3.87,584,157,24,,,
FR,Davis,2015,ethnicity,asian,3,3.87,4.0,391,109,12,,,
FR,Davis,2015,ethnicity,black,1,1.0,3.61,19,26,6,,,
FR,Davis,2015,ethnicity,black,2,3.61,3.87,27,17,4,,,
FR,Davis,2015,ethnicity,black,3,3.87,4.0,20,13,3,,,
FR,Davis,2015,ethnicity,hispanic_latino,1,1.0,3.61,94,86,14,,,
FR,Davis,2015,ethnicity,hispanic_latino,2,3.61,3.87,227,138,27,,,
FR,Davis,2015,ethnicity,hispanic_latino,3,3.87,4.0,182,94,12,,,
FR,Davis,2015,ethnicity,international,1,1.0,3.61,99,36,11,,,
FR,Davis,2015,ethnicity,international,2,3.61,3.87,152,42,5,,,
FR,Davis,2015,ethnicity,international,3,3.87,4.0,158,54,5,,,
FR,Davis,2015,ethnicity,white,1,1.0,3.61,86,62,4,,,
FR,Davis,2015,ethnicity,white,2,3.61,3.87,337,107,12,,,
FR,Davis,2015,ethnicity,white,3,3.87,4.0,388,93,6,,,
FR,Davis,2015,first_gen_status,first_gen,1,1.0,3.61,196,144,23,,,
FR,Davis,2015,first_gen_status,first_gen,2,3.61,3.87,502,234,46,,,
FR,Davis,2015,first_gen_status,first_gen,3,3.87,4.0,389,164,20,,,
FR,Davis,2015,first_gen_status,not_first_gen,1,1.0,3.61,319,154,21,,,
FR,Davis,2015,first_gen_status,not_first_gen,2,3.61,3.87,860,233,28,,,
FR,Davis,2015,first_gen_status,not_first_gen,3,3.87,4.0,766,205,18,,,
FR,Davis,2015,pell_status,non_pell,1,1.0,3.61,336,146,24,,,
FR,Davis,2015,pell_status,non_pell,2,3.61,3.87,864,219,21,,,
FR,Davis,2015,pell_status,non_pell,3,3.87,4.0,789,175,14,,,
FR,Davis,2015,pell_status,pell,1,1.0,3.61,192,155,22,,,
FR,Davis,2015,pell_status,pell,2,3.61,3.87,515,254,53,,,
FR,Davis,2015,pell_status,pell,3,3.87,4.0,391,198,26,,,
FR,Davis,2016,ethnicity,aian,1,0.85,3.59,1,2,0,,,
FR,Davis,2016,ethnicity,aian,2,3.59,3.86,8,3,0,,,
FR,Davis,2016,ethnicity,aian,3,3.86,4.0,5,0,0,,,
FR,Davis,2016,ethnicity,asian,1,0.85,3.59,224,68,10,,,
FR,Davis,2016,ethnicity,asian,2,3.59,3.86,578,127,17,,,
FR,Davis,2016,ethnicity,asian,3,3.86,4.0,497,99,13,,,
FR,Davis,2016,ethnicity,black,1,0.85,3.59,22,20,6,,,
FR,Davis,2016,ethnicity,black,2,3.59,3.86,41,12,3,,,
FR,Davis,2016,ethnicity,black,3,3.86,4.0,24,8,2,,,
FR,Davis,2016,ethnicity,hispanic_latino,1,0.85,3.59,149,83,14,,,
FR,Davis,2016,ethnicity,hispanic_latino,2,3.59,3.86,308,144,23,,,
FR,Davis,2016,ethnicity,hispanic_latino,3,3.86,4.0,219,106,9,,,
FR,Davis,2016,ethnicity,international,1,0.85,3.59,165,33,9,,,
FR,Davis,2016,ethnicity,international,2,3.59,3.86,146,41,7,,,
FR,Davis,2016,ethnicity,international,3,3.86,4.0,139,30,3,,,
FR,Davis,2016,ethnicity,white,1,0.85,3.59,127,37,11,,,
FR,Davis,2016,ethnicity,white,2,3.59,3.86,365,75,14,,,
FR,Davis,2016,ethnicity,white,3,3.86,4.0,473,86,5,,,
FR,Davis,2016,first_gen_status,first_gen,1,0.85,3.59,260,117,24,,,
FR,Davis,2016,first_gen_status,first_gen,2,3.59,3.86,532,217,38,,,
FR,Davis,2016,first_gen_status,first_gen,3,3.86,4.0,488,162,15,,,
FR,Davis,2016,first_gen_status,not_first_gen,1,0.85,3.59,420,125,26,,,
FR,Davis,2016,first_gen_status,not_first_gen,2,3.59,3.86,924,194,24,,,
FR,Davis,2016,first_gen_status,not_first_gen,3,3.86,4.0,893,169,17,,,
FR,Davis,2016,pell_status,non_pell,1,0.85,3.59,447,118,16,,,
FR,Davis,2016,pell_status,non_pell,2,3.59,3.86,939,199,22,,,
FR,Davis,2016,pell_status,non_pell,3,3.86,4.0,932,173,14,,,
FR,Davis,2016,pell_status,pell,1,0.85,3.59,253,129,34,,,
FR,Davis,2016,pell_status,pell,2,3.59,3.86,545,217,42,,,
FR,Davis,2016,pell_status,pell,3,3.86,4.0,468,162,18,,,
FR,Davis,2017,ethnicity,aian,1,0.0,3.63,5,0,0,,,
FR,Davis,2017,ethnicity,aian,2,3.63,3.88,8,0,0,,,
FR,Davis,2017,ethnicity,aian,3,3.88,4.0,7,0,0,,,
FR,Davis,2017,ethnicity,asian,1,0.0,3.63,224,53,7,,,
FR,Davis,2017,ethnicity,asian,2,3.63,3.88,568,99,17,,,
FR,Davis,2017,ethnicity,asian,3,3.88,4.0,456,63,7,,,
FR,Davis,2017,ethnicity,black,1,0.0,3.63,23,14,5,,,
FR,Davis,2017,ethnicity,black,2,3.63,3.88,42,23,2,,,
FR,Davis,2017,ethnicity,black,3,3.88,4.0,19,5,0,,,
FR,Davis,2017,ethnicity,hispanic_latino,1,0.0,3.63,181,91,19,,,
FR,Davis,2017,ethnicity,hispanic_latino,2,3.63,3.88,341,102,22,,,
FR,Davis,2017,ethnicity,hispanic_latino,3,3.88,4.0,240,65,6,,,
FR,Davis,2017,ethnicity,international,1,0.0,3.63,216,39,11,,,
FR,Davis,2017,ethnicity,international,2,3.63,3.88,257,46,8,,,
FR,Davis,2017,ethnicity,international,3,3.88,4.0,172,20,8,,,
FR,Davis,2017,ethnicity,white,1,0.0,3.63,113,36,1,,,
FR,Davis,2017,ethnicity,white,2,3.63,3.88,346,56,12,,,
FR,Davis,2017,ethnicity,white,3,3.88,4.0,389,53,7,,,
FR,Davis,2017,first_gen_status,first_gen,1,0.0,3.63,329,125,23,,,
FR,Davis,2017,first_gen_status,first_gen,2,3.63,3.88,587,182,31,,,
FR,Davis,2017,first_gen_status,first_gen,3,3.88,4.0,444,92,15,,,
FR,Davis,2017,first_gen_status,not_first_gen,1,0.0,3.63,434,107,19,,,
FR,Davis,2017,first_gen_status,not_first_gen,2,3.63,3.88,982,141,30,,,
FR,Davis,2017,first_gen_status,not_first_gen,3,3.88,4.0,844,116,15,,,
FR,Davis,2017,pell_status,non_pell,1,0.0,3.63,465,106,19,,,
FR,Davis,2017,pell_status,non_pell,2,3.63,3.88,1006,162,28,,,
FR,Davis,2017,pell_status,non_pell,3,3.88,4.0,870,114,16,,,
FR,Davis,2017,pell_status,pell,1,0.0,3.63,312,130,24,,,
FR,Davis,2017,pell_status,pell,2,3.63,3.88,596,169,33,,,
FR,Davis,2017,pell_status,pell,3,3.88,4.0,447,96,14,,,
FR,Davis,2018,ethnicity,aian,1,0.0,3.68,1,2,0,,,
FR,Davis,2018,ethnicity,aian,2,3.68,3.9,11,1,1,,,
FR,Davis,2018,ethnicity,aian,3,3.9,4.0,4,2,0,,,
FR,Davis,2018,ethnicity,asian,1,0.0,3.68,209,54,15,,,
FR,Davis,2018,ethnicity,asian,2,3.68,3.9,713,105,15,,,
FR,Davis,2018,ethnicity,asian,3,3.9,4.0,615,75,7,,,
FR,Davis,2018,ethnicity,black,1,0.0,3.68,33,19,3,,,
FR,Davis,2018,ethnicity,black,2,3.68,3.9,46,16,6,,,
FR,Davis,2018,ethnicity,black,3,3.9,4.0,32,11,1,,,
FR,Davis,2018,ethnicity,hispanic_latino,1,0.0,3.68,232,73,19,,,
FR,Davis,2018,ethnicity,hispanic_latino,2,3.68,3.9,395,103,20,,,
FR,Davis,2018,ethnicity,hispanic_latino,3,3.9,4.0,272,56,4,,,
FR,Davis,2018,ethnicity,international,1,0.0,3.68,282,39,18,,,
FR,Davis,2018,ethnicity,international,2,3.68,3.9,238,36,12,,,
FR,Davis,2018,ethnicity,international,3,3.9,4.0,163,24,5,,,
FR,Davis,2018,ethnicity,white,1,0.0,3.68,117,41,5,,,
FR,Davis,2018,ethnicity,white,2,3.68,3.9,340,53,4,,,
FR,Davis,2018,ethnicity,white,3,3.9,4.0,452,67,8,,,
FR,Davis,2018,first_gen_status,first_gen,1,0.0,3.68,378,122,24,,,
FR,Davis,2018,first_gen_status,first_gen,2,3.68,3.9,670,161,28,,,
FR,Davis,2018,first_gen_status,first_gen,3,3.9,4.0,528,97,9,,,
FR,Davis,2018,first_gen_status,not_first_gen,1,0.0,3.68,506,111,33,,,
FR,Davis,2018,first_gen_status,not_first_gen,2,3.68,3.9,1071,152,25,,,
FR,Davis,2018,first_gen_status,not_first_gen,3,3.9,4.0,1012,137,19,,,
FR,Davis,2018,pell_status,non_pell,1,0.0,3.68,559,130,37,,,
FR,Davis,2018,pell_status,non_pell,2,3.68,3.9,1106,167,27,,,
FR,Davis,2018,pell_status,non_pell,3,3.9,4.0,1051,134,16,,,
FR,Davis,2018,pell_status,pell,1,0.0,3.68,342,110,24,,,
FR,Davis,2018,pell_status,pell,2,3.68,3.9,666,155,31,,,
FR,Davis,2018,pell_status,pell,3,3.9,4.0,525,105,13,,,
FR,Davis,2019,ethnicity,aian,1,1.38,3.69,0,2,0,,,
FR,Davis,2019,ethnicity,aian,2,3.69,3.91,6,1,1,,,
FR,Davis,2019,ethnicity,aian,3,3.91,4.0,2,2,0,,,
FR,Davis,2019,ethnicity,asian,1,1.38,3.69,292,62,12,,,
FR,Davis,2019,ethnicity,asian,2,3.69,3.91,764,91,26,,,
FR,Davis,2019,ethnicity,asian,3,3.91,4.0,599,69,7,,,
FR,Davis,2019,ethnicity,black,1,1.38,3.69,35,15,3,,,
FR,Davis,2019,ethnicity,black,2,3.69,3.91,43,20,3,,,
FR,Davis,2019,ethnicity,black,3,3.91,4.0,29,11,2,,,
FR,Davis,2019,ethnicity,hispanic_latino,1,1.38,3.69,219,82,17,,,
FR,Davis,2019,ethnicity,hispanic_latino,2,3.69,3.91,364,112,9,,,
FR,Davis,2019,ethnicity,hispanic_latino,3,3.91,4.0,242,75,3,,,
FR,Davis,2019,ethnicity,international,1,1.38,3.69,151,32,14,,,
FR,Davis,2019,ethnicity,international,2,3.69,3.91,186,37,8,,,
FR,Davis,2019,ethnicity,international,3,3.91,4.0,130,26,5,,,
FR,Davis,2019,ethnicity,white,1,1.38,3.69,131,33,7,,,
FR,Davis,2019,ethnicity,white,2,3.69,3.91,359,76,4,,,
FR,Davis,2019,ethnicity,white,3,3.91,4.0,403,68,7,,,
FR,Davis,2019,first_gen_status,first_gen,1,1.38,3.69,333,103,22,,,
FR,Davis,2019,first_gen_status,first_gen,2,3.69,3.91,642,164,17,,,
FR,Davis,2019,first_gen_status,first_gen,3,3.91,4.0,445,113,8,,,
FR,Davis,2019,first_gen_status,not_first_gen,1,1.38,3.69,498,121,29,,,
FR,Davis,2019,first_gen_status,not_first_gen,2,3.69,3.91,1069,171,32,,,
FR,Davis,2019,first_gen_status,not_first_gen,3,3.91,4.0,965,139,18,,,
FR,Davis,2019,pell_status,non_pell,1,1.38,3.69,514,124,30,,,
FR,Davis,2019,pell_status,non_pell,2,3.69,3.91,1087,180,25,,,
FR,Davis,2019,pell_status,non_pell,3,3.91,4.0,960,146,20,,,
FR,Davis,2019,pell_status,pell,1,1.38,3.69,335,109,24,,,
FR,Davis,2019,pell_status,pell,2,3.69,3.91,668,166,26,,,
FR,Davis,2019,pell_status,pell,3,3.91,4.0,474,111,6,,,
FR,Davis,2020,ethnicity,aian,1,1.1,3.67,3,3,0,,,
FR,Davis,2020,ethnicity,aian,2,3.67,3.91,4,0,0,,,
FR,Davis,2020,ethnicity,aian,3,3.91,4.0,4,2,0,,,
FR,Davis,2020,ethnicity,asian,1,1.1,3.67,300,67,0,,,
FR,Davis,2020,ethnicity,asian,2,3.67,3.91,742,119,0,,,
FR,Davis,2020,ethnicity,asian,3,3.91,4.0,536,61,0,,,
FR,Davis,2020,ethnicity,black,1,1.1,3.67,36,18,0,,,
FR,Davis,2020,ethnicity,black,2,3.67,3.91,53,7,0,,,
FR,Davis,2020,ethnicity,black,3,3.91,4.0,30,9,0,,,
FR,Davis,2020,ethnicity,hispanic_latino,1,1.1,3.67,199,83,0,,,
FR,Davis,2020,ethnicity,hispanic_latino,2,3.67,3.91,344,104,0,,,
FR,Davis,2020,ethnicity,hispanic_latino,3,3.91,4.0,257,59,0,,,
FR,Davis,2020,ethnicity,international,1,1.1,3.67,310,90,0,,,
FR,Davis,2020,ethnicity,international,2,3.67,3.91,190,25,0,,,
FR,Davis,2020,ethnicity,international,3,3.91,4.0,101,21,0,,,
FR,Davis,2020,ethnicity,white,1,1.1,3.67,119,45,0,,,
FR,Davis,2020,ethnicity,white,2,3.67,3.91,327,61,0,,,
FR,Davis,2020,ethnicity,white,3,3.91,4.0,360,62,0,,,
FR,Davis,2020,first_gen_status,first_gen,1,1.1,3.67,339,116,0,,,
FR,Davis,2020,first_gen_status,first_gen,2,3.67,3.91,564,142,0,,,
FR,Davis,2020,first_gen_status,first_gen,3,3.91,4.0,424,76,0,,,
FR,Davis,2020,first_gen_status,not_first_gen,1,1.1,3.67,615,180,0,,,
FR,Davis,2020,first_gen_status,not_first_gen,2,3.67,3.91,1099,176,0,,,
FR,Davis,2020,first_gen_status,not_first_gen,3,3.91,4.0,882,142,0,,,
FR,Davis,2020,pell_status,non_pell,1,1.1,3.67,689,185,0,,,
FR,Davis,2020,pell_status,non_pell,2,3.67,3.91,1130,174,0,,,
FR,Davis,2020,pell_status,non_pell,3,3.91,4.0,878,127,0,,,
FR,Davis,2020,pell_status,pell,1,1.1,3.67,290,123,0,,,
FR,Davis,2020,pell_status,pell,2,3.67,3.91,572,150,0,,,
FR,Davis,2020,pell_status,pell,3,3.91,4.0,459,93,0,,,
FR,Davis,2021,ethnicity,aian,1,0.0,3.71,3,0,0,,,
FR,Davis,2021,ethnicity,aian,2,3.71,3.92,1,0,0,,,
FR,Davis,2021,ethnicity,aian,3,3.92,4.0,4,0,0,,,
FR,Davis,2021,ethnicity,asian,1,0.0,3.71,477,0,0,,,
FR,Davis,2021,ethnicity,asian,2,3.71,3.92,886,0,0,,,
FR,Davis,2021,ethnicity,asian,3,3.92,4.0,675,0,0,,,
FR,Davis,2021,ethnicity,black,1,0.0,3.71,50,0,0,,,
FR,Davis,2021,ethnicity,black,2,3.71,3.92,49,0,0,,,
FR,Davis,2021,ethnicity,black,3,3.92,4.0,28,0,0,,,
FR,Davis,2021,ethnicity,hispanic_latino,1,0.0,3.71,296,0,0,,,
FR,Davis,2021,ethnicity,hispanic_latino,2,3.71,3.92,385,0,0,,,
FR,Davis,2021,ethnicity,hispanic_latino,3,3.92,4.0,305,0,0,,,
FR,Davis,2021,ethnicity,international,1,0.0,3.71,551,0,0,,,
FR,Davis,2021,ethnicity,international,2,3.71,3.92,194,0,0,,,
FR,Davis,2021,ethnicity,international,3,3.92,4.0,108,0,0,,,
FR,Davis,2021,ethnicity,white,1,0.0,3.71,203,0,0,,,
FR,Davis,2021,ethnicity,white,2,3.71,3.92,422,0,0,,,
FR,Davis,2021,ethnicity,white,3,3.92,4.0,434,0,0,,,
FR,Davis,2021,first_gen_status,first_gen,1,0.0,3.71,520,0,0,,,
FR,Davis,2021,first_gen_status,first_gen,2,3.71,3.92,626,0,0,,,
FR,Davis,2021,first_gen_status,first_gen,3,3.92,4.0,496,0,0,,,
FR,Davis,2021,first_gen_status,not_first_gen,1,0.0,3.71,1042,0,0,,,
FR,Davis,2021,first_gen_status,not_first_gen,2,3.71,3.92,1310,0,0,,,
FR,Davis,2021,first_gen_status,not_first_gen,3,3.92,4.0,1068,0,0,,,
FR,Davis,2021,pell_status,non_pell,1,0.0,3.71,1121,0,0,,,
FR,Davis,2021,pell_status,non_pell,2,3.71,3.92,1322,0,0,,,
FR,Davis,2021,pell_status,non_pell,3,3.92,4.0,1065,0,0,,,
FR,Davis,2021,pell_status,pell,1,0.0,3.71,487,0,0,,,
FR,Davis,2021,pell_status,pell,2,3.71,3.92,670,0,0,,,
FR,Davis,2021,pell_status,pell,3,3.92,4.0,539,0,0,,,
FR,Irvine,2010,ethnicity,aian,1,1.75,3.47,2,1,0,,,
FR,Irvine,2010,ethnicity,aian,2,3.47,3.79,10,1,0,,,
FR,Irvine,2010,ethnicity,aian,3,3.79,4.0,3,2,0,,,
FR,Irvine,2010,ethnicity,asian,1,1.75,3.47,430,83,12,,,
FR,Irvine,2010,ethnicity,asian,2,3.47,3.79,969,168,17,,,
FR,Irvine,2010,ethnicity,asian,3,3.79,4.0,395,69,3,,,
FR,Irvine,2010,ethnicity,black,1,1.75,3.47,19,4,1,,,
FR,Irvine,2010,ethnicity,black,2,3.47,3.79,32,6,0,,,
FR,Irvine,2010,ethnicity,black,3,3.79,4.0,16,5,0,,,
FR,Irvine,2010,ethnicity,hispanic_latino,1,1.75,3.47,99,40,8,,,
FR,Irvine,2010,ethnicity,hispanic_latino,2,3.47,3.79,237,77,8,,,
FR,Irvine,2010,ethnicity,hispanic_latino,3,3.79,4.0,124,33,2,,,
FR,Irvine,2010,ethnicity,international,1,1.75,3.47,20,1,0,,,
FR,Irvine,2010,ethnicity,international,2,3.47,3.79,27,7,1,,,
FR,Irvine,2010,ethnicity,international,3,3.79,4.0,28,2,1,,,
FR,Irvine,2010,ethnicity,white,1,1.75,3.47,124,34,4,,,
FR,Irvine,2010,ethnicity,white,2,3.47,3.79,278,56,4,,,
FR,Irvine,2010,ethnicity,white,3,3.79,4.0,193,32,6,,,
FR,Irvine,2010,first_gen_status,first_gen,1,1.75,3.47,245,66,10,,,
FR,Irvine,2010,first_gen_status,first_gen,2,3.47,3.79,570,134,14,,,
FR,Irvine,2010,first_gen_status,first_gen,3,3.79,4.0,310,67,2,,,
FR,Irvine,2010,first_gen_status,not_first_gen,1,1.75,3.47,442,88,12,,,
FR,Irvine,2010,first_gen_status,not_first_gen,2,3.47,3.79,974,172,18,,,
FR,Irvine,2010,first_gen_status,not_first_gen,3,3.79,4.0,424,75,11,,,
FR,Irvine,2010,pell_status,non_pell,1,1.75,3.47,429,80,12,,,
FR,Irvine,2010,pell_status,non_pell,2,3.47,3.79,926,155,13,,,
FR,Irvine,2010,pell_status,non_pell,3,3.79,4.0,442,66,12,,,
FR,Irvine,2010,pell_status,pell,1,1.75,3.47,302,87,13,,,
FR,Irvine,2010,pell_status,pell,2,3.47,3.79,711,172,19,,,
FR,Irvine,2010,pell_status,pell,3,3.79,4.0,343,82,1,,,
FR,Irvine,2011,ethnicity,aian,1,0.87,3.5,4,1,0,,,
FR,Irvine,2011,ethnicity,aian,2,3.5,3.8,6,1,0,,,
FR,Irvine,2011,ethnicity,aian,3,3.8,4.0,7,0,0,,,
FR,Irvine,2011,ethnicity,asian,1,0.87,3.5,417,76,9,,,
FR,Irvine,2011,ethnicity,asian,2,3.5,3.8,1047,147,13,,,
FR,Irvine,2011,ethnicity,asian,3,3.8,4.0,576,44,6,,,
FR,Irvine,2011,ethnicity,black,1,0.87,3.5,36,14,0,,,
FR,Irvine,2011,ethnicity,black,2,3.5,3.8,33,10,1,,,
FR,Irvine,2011,ethnicity,black,3,3.8,4.0,12,2,0,,,
FR,Irvine,2011,ethnicity,hispanic_latino,1,0.87,3.5,231,85,8,,,
FR,Irvine,2011,ethnicity,hispanic_latino,2,3.5,3.8,309,107,13,,,
FR,Irvine,2011,ethnicity,hispanic_latino,3,3.8,4.0,152,50,4,,,
FR,Irvine,2011,ethnicity,international,1,0.87,3.5,29,13,8,,,
FR,Irvine,2011,ethnicity,international,2,3.5,3.8,63,10,5,,,
FR,Irvine,2011,ethnicity,international,3,3.8,4.0,40,8,0,,,
FR,Irvine,2011,ethnicity,white,1,0.87,3.5,112,30,6,,,
FR,Irvine,2011,ethnicity,white,2,3.5,3.8,254,32,4,,,
FR,Irvine,2011,ethnicity,white,3,3.8,4.0,203,25,2,,,
FR,Irvine,2011,first_gen_status,first_gen,1,0.87,3.5,440,113,12,,,
FR,Irvine,2011,first_gen_status,first_gen,2,3.5,3.8,754,152,19,,,
FR,Irvine,2011,first_gen_status,first_gen,3,3.8,4.0,401,62,6,,,
FR,Irvine,2011,first_gen_status,not_first_gen,1,0.87,3.5,381,103,18,,,
FR,Irvine,2011,first_gen_status,not_first_gen,2,3.5,3.8,959,161,19,,,
FR,Irvine,2011,first_gen_status,not_first_gen,3,3.8,4.0,593,65,6,,,
FR,Irvine,2011,pell_status,non_pell,1,0.87,3.5,343,75,17,,,
FR,Irvine,2011,pell_status,non_pell,2,3.5,3.8,926,141,17,,,
FR,Irvine,2011,pell_status,non_pell,3,3.8,4.0,551,62,4,,,
FR,Irvine,2011,pell_status,pell,1,0.87,3.5,496,146,15,,,
FR,Irvine,2011,pell_status,pell,2,3.5,3.8,813,177,22,,,
FR,Irvine,2011,pell_status,pell,3,3.8,4.0,454,68,8,,,
FR,Irvine,2012,ethnicity,aian,1,1.02,3.52,1,0,1,,,
FR,Irvine,2012,ethnicity,aian,2,3.52,3.81,1,0,0,,,
FR,Irvine,2012,ethnicity,aian,3,3.81,4.0,3,1,0,,,
FR,Irvine,2012,ethnicity,asian,1,1.02,3.52,374,84,12,,,
FR,Irvine,2012,ethnicity,asian,2,3.52,3.81,938,144,12,,,
FR,Irvine,2012,ethnicity,asian,3,3.81,4.0,498,81,4,,,
FR,Irvine,2012,ethnicity,black,1,1.02,3.52,37,12,3,,,
FR,Irvine,2012,ethnicity,black,2,3.52,3.81,31,6,0,,,
FR,Irvine,2012,ethnicity,black,3,3.81,4.0,22,3,0,,,
FR,Irvine,2012,ethnicity,hispanic_latino,1,1.02,3.52,180,79,11,,,
FR,Irvine,2012,ethnicity,hispanic_latino,2,3.52,3.81,318,85,13,,,
FR,Irvine,2012,ethnicity,hispanic_latino,3,3.81,4.0,202,37,5,,,
FR,Irvine,2012,ethnicity,international,1,1.02,3.52,63,11,1,,,
FR,Irvine,2012,ethnicity,international,2,3.52,3.81,136,38,5,,,
FR,Irvine,2012,ethnicity,international,3,3.81,4.0,88,33,1,,,
FR,Irvine,2012,ethnicity,white,1,1.02,3.52,66,24,5,,,
FR,Irvine,2012,ethnicity,white,2,3.52,3.81,182,33,6,,,
FR,Irvine,2012,ethnicity,white,3,3.81,4.0,168,24,2,,,
FR,Irvine,2012,first_gen_status,first_gen,1,1.02,3.52,390,141,24,,,
FR,Irvine,2012,first_gen_status,first_gen,2,3.52,3.81,782,168,18,,,
FR,Irvine,2012,first_gen_status,first_gen,3,3.81,4.0,473,93,2,,,
FR,Irvine,2012,first_gen_status,not_first_gen,1,1.02,3.52,320,77,8,,,
FR,Irvine,2012,first_gen_status,not_first_gen,2,3.52,3.81,821,135,18,,,
FR,Irvine,2012,first_gen_status,not_first_gen,3,3.81,4.0,516,88,10,,,
FR,Irvine,2012,pell_status,non_pell,1,1.02,3.52,330,64,9,,,
FR,Irvine,2012,pell_status,non_pell,2,3.52,3.81,766,121,13,,,
FR,Irvine,2012,pell_status,non_pell,3,3.81,4.0,512,85,6,,,
FR,Irvine,2012,pell_status,pell,1,1.02,3.52,399,154,24,,,
FR,Irvine,2012,pell_status,pell,2,3.52,3.81,861,189,24,,,
FR,Irvine,2012,pell_status,pell,3,3.81,4.0,493,99,6,,,
FR,Irvine,2013,ethnicity,aian,1,1.21,3.57,2,1,0,,,
FR,Irvine,2013,ethnicity,aian,2,3.57,3.84,4,0,0,,,
FR,Irvine,2013,ethnicity,aian,3,3.84,4.0,2,0,0,,,
FR,Irvine,2013,ethnicity,asian,1,1.21,3.57,482,100,10,,,
FR,Irvine,2013,ethnicity,asian,2,3.57,3.84,863,134,8,,,
FR,Irvine,2013,ethnicity,asian,3,3.84,4.0,412,36,8,,,
FR,Irvine,2013,ethnicity,black,1,1.21,3.57,31,11,0,,,
FR,Irvine,2013,ethnicity,black,2,3.57,3.84,26,8,2,,,
FR,Irvine,2013,ethnicity,black,3,3.84,4.0,14,3,2,,,
FR,Irvine,2013,ethnicity,hispanic_latino,1,1.21,3.57,294,80,9,,,
FR,Irvine,2013,ethnicity,hispanic_latino,2,3.57,3.84,343,107,10,,,
FR,Irvine,2013,ethnicity,hispanic_latino,3,3.84,4.0,158,43,6,,,
FR,Irvine,2013,ethnicity,international,1,1.21,3.57,113,30,5,,,
FR,Irvine,2013,ethnicity,international,2,3.57,3.84,179,33,10,,,
FR,Irvine,2013,ethnicity,international,3,3.84,4.0,100,23,6,,,
FR,Irvine,2013,ethnicity,white,1,1.21,3.57,103,28,7,,,
FR,Irvine,2013,ethnicity,white,2,3.57,3.84,194,30,8,,,
FR,Irvine,2013,ethnicity,white,3,3.84,4.0,186,20,2,,,
FR,Irvine,2013,first_gen_status,first_gen,1,1.21,3.57,773,175,18,,,
FR,Irvine,2013,first_gen_status,first_gen,2,3.57,3.84,912,205,18,,,
FR,Irvine,2013,first_gen_status,first_gen,3,3.84,4.0,363,78,12,,,
FR,Irvine,2013,first_gen_status,not_first_gen,1,1.21,3.57,241,73,13,,,
FR,Irvine,2013,first_gen_status,not_first_gen,2,3.57,3.84,690,106,19,,,
FR,Irvine,2013,first_gen_status,not_first_gen,3,3.84,4.0,514,48,13,,,
FR,Irvine,2013,pell_status,non_pell,1,1.21,3.57,400,91,11,,,
FR,Irvine,2013,pell_status,non_pell,2,3.57,3.84,771,123,21,,,
FR,Irvine,2013,pell_status,non_pell,3,3.84,4.0,517,55,14,,,
FR,Irvine,2013,pell_status,pell,1,1.21,3.57,650,165,21,,,
FR,Irvine,2013,pell_status,pell,2,3.57,3.84,869,197,18,,,
FR,Irvine,2013,pell_status,pell,3,3.84,4.0,379,73,11,,,
FR,Irvine,2014,ethnicity,aian,1,0.25,3.59,3,1,0,,,
FR,Irvine,2014,ethnicity,aian,2,3.59,3.86,0,3,1,,,
FR,Irvine,2014,ethnicity,aian,3,3.86,4.0,2,1,0,,,
FR,Irvine,2014,ethnicity,asian,1,0.25,3.59,273,69,6,,,
FR,Irvine,2014,ethnicity,asian,2,3.59,3.86,868,120,18,,,
FR,Irvine,2014,ethnicity,asian,3,3.86,4.0,490,63,8,,,
FR,Irvine,2014,ethnicity,black,1,0.25,3.59,36,14,2,,,
FR,Irvine,2014,ethnicity,black,2,3.59,3.86,30,2,1,,,
FR,Irvine,2014,ethnicity,black,3,3.86,4.0,22,4,2,,,
FR,Irvine,2014,ethnicity,hispanic_latino,1,0.25,3.59,298,132,13,,,
FR,Irvine,2014,ethnicity,hispanic_latino,2,3.59,3.86,368,108,14,,,
FR,Irvine,2014,ethnicity,hispanic_latino,3,3.86,4.0,166,47,8,,,
FR,Irvine,2014,ethnicity,international,1,0.25,3.59,97,29,2,,,
FR,Irvine,2014,ethnicity,international,2,3.59,3.86,178,39,6,,,
FR,Irvine,2014,ethnicity,international,3,3.86,4.0,140,19,6,,,
FR,Irvine,2014,ethnicity,white,1,0.25,3.59,66,34,3,,,
FR,Irvine,2014,ethnicity,white,2,3.59,3.86,223,32,2,,,
FR,Irvine,2014,ethnicity,white,3,3.86,4.0,176,32,1,,,
FR,Irvine,2014,first_gen_status,first_gen,1,0.25,3.59,464,193,15,,,
FR,Irvine,2014,first_gen_status,first_gen,2,3.59,3.86,746,171,21,,,
FR,Irvine,2014,first_gen_status,first_gen,3,3.86,4.0,418,79,15,,,
FR,Irvine,2014,first_gen_status,not_first_gen,1,0.25,3.59,298,84,11,,,
FR,Irvine,2014,first_gen_status,not_first_gen,2,3.59,3.86,917,127,21,,,
FR,Irvine,2014,first_gen_status,not_first_gen,3,3.86,4.0,580,80,11,,,
FR,Irvine,2014,pell_status,non_pell,1,0.25,3.59,323,92,11,,,
FR,Irvine,2014,pell_status,non_pell,2,3.59,3.86,942,121,22,,,
FR,Irvine,2014,pell_status,non_pell,3,3.86,4.0,620,76,13,,,
FR,Irvine,2014,pell_status,pell,1,0.25,3.59,466,189,15,,,
FR,Irvine,2014,pell_status,pell,2,3.59,3.86,758,186,20,,,
FR,Irvine,2014,pell_status,pell,3,3.86,4.0,397,92,13,,,
FR,Irvine,2015,ethnicity,aian,1,1.0,3.61,1,0,0,,,
FR,Irvine,2015,ethnicity,aian,2,3.61,3.87,4,0,0,,,
FR,Irvine,2015,ethnicity,aian,3,3.87,4.0,7,0,0,,,
FR,Irvine,2015,ethnicity,asian,1,1.0,3.61,329,81,7,,,
FR,Irvine,2015,ethnicity,asian,2,3.61,3.87,748,98,10,,,
FR,Irvine,2015,ethnicity,asian,3,3.87,4.0,417,43,5,,,
FR,Irvine,2015,ethnicity,black,1,1.0,3.61,41,13,2,,,
FR,Irvine,2015,ethnicity,black,2,3.61,3.87,42,9,2,,,
FR,Irvine,2015,ethnicity,black,3,3.87,4.0,15,5,0,,,
FR,Irvine,2015,ethnicity,hispanic_latino,1,1.0,3.61,326,134,11,,,
FR,Irvine,2015,ethnicity,hispanic_latino,2,3.61,3.87,367,103,9,,,
FR,Irvine,2015,ethnicity,hispanic_latino,3,3.87,4.0,164,49,4,,,
FR,Irvine,2015,ethnicity,international,1,1.0,3.61,152,34,5,,,
FR,Irvine,2015,ethnicity,international,2,3.61,3.87,305,55,6,,,
FR,Irvine,2015,ethnicity,international,3,3.87,4.0,177,27,7,,,
FR,Irvine,2015,ethnicity,white,1,1.0,3.61,98,32,3,,,
FR,Irvine,2015,ethnicity,white,2,3.61,3.87,194,37,2,,,
FR,Irvine,2015,ethnicity,white,3,3.87,4.0,180,21,1,,,
FR,Irvine,2015,first_gen_status,first_gen,1,1.0,3.61,601,201,15,,,
FR,Irvine,2015,first_gen_status,first_gen,2,3.61,3.87,837,184,16,,,
FR,Irvine,2015,first_gen_status,first_gen,3,3.87,4.0,397,74,8,,,
FR,Irvine,2015,first_gen_status,not_first_gen,1,1.0,3.61,339,92,14,,,
FR,Irvine,2015,first_gen_status,not_first_gen,2,3.61,3.87,811,117,13,,,
FR,Irvine,2015,first_gen_status,not_first_gen,3,3.87,4.0,559,74,10,,,
FR,Irvine,2015,pell_status,non_pell,1,1.0,3.61,426,106,13,,,
FR,Irvine,2015,pell_status,non_pell,2,3.61,3.87,931,135,13,,,
FR,Irvine,2015,pell_status,non_pell,3,3.87,4.0,597,78,10,,,
FR,Irvine,2015,pell_status,pell,1,1.0,3.61,536,192,17,,,
FR,Irvine,2015,pell_status,pell,2,3.61,3.87,758,171,16,,,
FR,Irvine,2015,pell_status,pell,3,3.87,4.0,385,71,8,,,
FR,Irvine,2016,ethnicity,aian,1,0.85,3.59,1,1,0,,,
FR,Irvine,2016,ethnicity,aian,2,3.59,3.86,5,1,0,,,
FR,Irvine,2016,ethnicity,aian,3,3.86,4.0,2,1,0,,,
FR,Irvine,2016,ethnicity,asian,1,0.85,3.59,369,68,10,,,
FR,Irvine,2016,ethnicity,asian,2,3.59,3.86,961,157,16,,,
FR,Irvine,2016,ethnicity,asian,3,3.86,4.0,525,63,1,,,
FR,Irvine,2016,ethnicity,black,1,0.85,3.59,39,15,3,,,
FR,Irvine,2016,ethnicity,black,2,3.59,3.86,44,10,1,,,
FR,Irvine,2016,ethnicity,black,3,3.86,4.0,30,2,0,,,
FR,Irvine,2016,ethnicity,hispanic_latino,1,0.85,3.59,316,102,10,,,
FR,Irvine,2016,ethnicity,hispanic_latino,2,3.59,3.86,507,139,8,,,
FR,Irvine,2016,ethnicity,hispanic_latino,3,3.86,4.0,226,54,3,,,
FR,Irvine,2016,ethnicity,international,1,0.85,3.59,74,20,1,,,
FR,Irvine,2016,ethnicity,international,2,3.59,3.86,364,50,7,,,
FR,Irvine,2016,ethnicity,international,3,3.86,4.0,246,34,7,,,
FR,Irvine,2016,ethnicity,white,1,0.85,3.59,100,23,1,,,
FR,Irvine,2016,ethnicity,white,2,3.59,3.86,269,35,1,,,
FR,Irvine,2016,ethnicity,white,3,3.86,4.0,188,21,0,,,
FR,Irvine,2016,first_gen_status,first_gen,1,0.85,3.59,475,127,14,,,
FR,Irvine,2016,first_gen_status,first_gen,2,3.59,3.86,986,199,14,,,
FR,Irvine,2016,first_gen_status,first_gen,3,3.86,4.0,504,81,5,,,
FR,Irvine,2016,first_gen_status,not_first_gen,1,0.85,3.59,419,102,10,,,
FR,Irvine,2016,first_gen_status,not_first_gen,2,3.59,3.86,1171,190,19,,,
FR,Irvine,2016,first_gen_status,not_first_gen,3,3.86,4.0,722,92,7,,,
FR,Irvine,2016,pell_status,non_pell,1,0.85,3.59,438,92,8,,,
FR,Irvine,2016,pell_status,non_pell,2,3.59,3.86,1230,189,14,,,
FR,Irvine,2016,pell_status,non_pell,3,3.86,4.0,772,93,7,,,
FR,Irvine,2016,pell_status,pell,1,0.85,3.59,473,141,17,,,
FR,Irvine,2016,pell_status,pell,2,3.59,3.86,970,213,19,,,
FR,Irvine,2016,pell_status,pell,3,3.86,4.0,471,85,5,,,
FR,Irvine,2017,ethnicity,aian,1,0.0,3.63,1,1,0,,,
FR,Irvine,2017,ethnicity,aian,2,3.63,3.88,3,0,0,,,
FR,Irvine,2017,ethnicity,aian,3,3.88,4.0,4,0,0,,,
FR,Irvine,2017,ethnicity,asian,1,0.0,3.63,454,85,15,,,
FR,Irvine,2017,ethnicity,asian,2,3.63,3.88,1071,117,14,,,
FR,Irvine,2017,ethnicity,asian,3,3.88,4.0,595,66,4,,,
FR,Irvine,2017,ethnicity,black,1,0.0,3.63,66,10,2,,,
FR,Irvine,2017,ethnicity,black,2,3.63,3.88,50,12,2,,,
FR,Irvine,2017,ethnicity,black,3,3.88,4.0,22,2,0,,,
FR,Irvine,2017,ethnicity,hispanic_latino,1,0.0,3.63,301,73,14,,,
FR,Irvine,2017,ethnicity,hispanic_latino,2,3.63,3.88,533,105,15,,,
FR,Irvine,2017,ethnicity,hispanic_latino,3,3.88,4.0,245,52,4,,,
FR,Irvine,2017,ethnicity,international,1,0.0,3.63,148,29,4,,,
FR,Irvine,2017,ethnicity,international,2,3.63,3.88,246,28,6,,,
FR,Irvine,2017,ethnicity,international,3,3.88,4.0,183,27,4,,,
FR,Irvine,2017,ethnicity,white,1,0.0,3.63,94,33,4,,,
FR,Irvine,2017,ethnicity,white,2,3.63,3.88,190,46,6,,,
FR,Irvine,2017,ethnicity,white,3,3.88,4.0,210,24,1,,,
FR,Irvine,2017,first_gen_status,first_gen,1,0.0,3.63,462,99,20,,,
FR,Irvine,2017,first_gen_status,first_gen,2,3.63,3.88,1088,176,23,,,
FR,Irvine,2017,first_gen_status,first_gen,3,3.88,4.0,525,83,8,,,
FR,Irvine,2017,first_gen_status,not_first_gen,1,0.0,3.63,597,127,21,,,
FR,Irvine,2017,first_gen_status,not_first_gen,2,3.63,3.88,999,125,20,,,
FR,Irvine,2017,first_gen_status,not_first_gen,3,3.88,4.0,739,85,5,,,
FR,Irvine,2017,pell_status,non_pell,1,0.0,3.63,630,123,25,,,
FR,Irvine,2017,pell_status,non_pell,2,3.63,3.88,1127,129,22,,,
FR,Irvine,2017,pell_status,non_pell,3,3.88,4.0,788,89,8,,,
FR,Irvine,2017,pell_status,pell,1,0.0,3.63,453,110,16,,,
FR,Irvine,2017,pell_status,pell,2,3.63,3.88,1010,182,21,,,
FR,Irvine,2017,pell_status,pell,3,3.88,4.0,504,84,5,,,
FR,Irvine,2018,ethnicity,aian,1,0.0,3.68,1,4,0,,,
FR,Irvine,2018,ethnicity,aian,2,3.68,3.9,4,1,0,,,
FR,Irvine,2018,ethnicity,aian,3,3.9,4.0,4,0,0,,,
FR,Irvine,2018,ethnicity,asian,1,0.0,3.68,346,56,13,,,
FR,Irvine,2018,ethnicity,asian,2,3.68,3.9,899,102,17,,,
FR,Irvine,2018,ethnicity,asian,3,3.9,4.0,670,74,8,,,
FR,Irvine,2018,ethnicity,black,1,0.0,3.68,92,29,6,,,
FR,Irvine,2018,ethnicity,black,2,3.68,3.9,36,11,3,,,
FR,Irvine,2018,ethnicity,black,3,3.9,4.0,26,2,1,,,
FR,Irvine,2018,ethnicity,hispanic_latino,1,0.0,3.68,219,55,11,,,
FR,Irvine,2018,ethnicity,hispanic_latino,2,3.68,3.9,366,90,10,,,
FR,Irvine,2018,ethnicity,hispanic_latino,3,3.9,4.0,273,45,9,,,
FR,Irvine,2018,ethnicity,international,1,0.0,3.68,171,22,8,,,
FR,Irvine,2018,ethnicity,international,2,3.68,3.9,242,37,8,,,
FR,Irvine,2018,ethnicity,international,3,3.9,4.0,159,12,9,,,
FR,Irvine,2018,ethnicity,white,1,0.0,3.68,66,20,6,,,
FR,Irvine,2018,ethnicity,white,2,3.68,3.9,162,17,3,,,
FR,Irvine,2018,ethnicity,white,3,3.9,4.0,201,28,7,,,
FR,Irvine,2018,first_gen_status,first_gen,1,0.0,3.68,387,97,19,,,
FR,Irvine,2018,first_gen_status,first_gen,2,3.68,3.9,778,143,16,,,
FR,Irvine,2018,first_gen_status,first_gen,3,3.9,4.0,522,80,16,,,
FR,Irvine,2018,first_gen_status,not_first_gen,1,0.0,3.68,497,90,26,,,
FR,Irvine,2018,first_gen_status,not_first_gen,2,3.68,3.9,940,112,25,,,
FR,Irvine,2018,first_gen_status,not_first_gen,3,3.9,4.0,827,83,16,,,
FR,Irvine,2018,pell_status,non_pell,1,0.0,3.68,549,95,23,,,
FR,Irvine,2018,pell_status,non_pell,2,3.68,3.9,1064,150,23,,,
FR,Irvine,2018,pell_status,non_pell,3,3.9,4.0,862,93,21,,,
FR,Irvine,2018,pell_status,pell,1,0.0,3.68,358,97,22,,,
FR,Irvine,2018,pell_status,pell,2,3.68,3.9,696,112,18,,,
FR,Irvine,2018,pell_status,pell,3,3.9,4.0,513,72,13,,,
FR,Irvine,2019,ethnicity,aian,1,1.38,3.69,4,0,0,,,
FR,Irvine,2019,ethnicity,aian,2,3.69,3.91,4,0,0,,,
FR,Irvine,2019,ethnicity,aian,3,3.91,4.0,3,0,0,,,
FR,Irvine,2019,ethnicity,asian,1,1.38,3.69,472,67,15,,,
FR,Irvine,2019,ethnicity,asian,2,3.69,3.91,996,107,16,,,
FR,Irvine,2019,ethnicity,asian,3,3.91,4.0,492,45,9,,,
FR,Irvine,2019,ethnicity,black,1,1.38,3.69,49,14,1,,,
FR,Irvine,2019,ethnicity,black,2,3.69,3.91,40,9,3,,,
FR,Irvine,2019,ethnicity,black,3,3.91,4.0,21,3,0,,,
FR,Irvine,2019,ethnicity,hispanic_latino,1,1.38,3.69,370,92,13,,,
FR,Irvine,2019,ethnicity,hispanic_latino,2,3.69,3.91,470,74,9,,,
FR,Irvine,2019,ethnicity,hispanic_latino,3,3.91,4.0,214,36,7,,,
FR,Irvine,2019,ethnicity,international,1,1.38,3.69,164,24,3,,,
FR,Irvine,2019,ethnicity,international,2,3.69,3.91,299,37,8,,,
FR,Irvine,2019,ethnicity,international,3,3.91,4.0,197,26,2,,,
FR,Irvine,2019,ethnicity,white,1,1.38,3.69,101,24,2,,,
FR,Irvine,2019,ethnicity,white,2,3.69,3.91,216,38,2,,,
FR,Irvine,2019,ethnicity,white,3,3.91,4.0,166,11,1,,,
FR,Irvine,2019,first_gen_status,first_gen,1,1.38,3.69,672,139,22,,,
FR,Irvine,2019,first_gen_status,first_gen,2,3.69,3.91,871,115,18,,,
FR,Irvine,2019,first_gen_status,first_gen,3,3.91,4.0,449,53,9,,,
FR,Irvine,2019,first_gen_status,not_first_gen,1,1.38,3.69,488,85,12,,,
FR,Irvine,2019,first_gen_status,not_first_gen,2,3.69,3.91,1146,145,20,,,
FR,Irvine,2019,first_gen_status,not_first_gen,3,3.91,4.0,639,71,9,,,
FR,Irvine,2019,pell_status,non_pell,1,1.38,3.69,584,91,17,,,
FR,Irvine,2019,pell_status,non_pell,2,3.69,3.91,1201,140,22,,,
FR,Irvine,2019,pell_status,non_pell,3,3.91,4.0,685,69,6,,,
FR,Irvine,2019,pell_status,pell,1,1.38,3.69,597,137,19,,,
FR,Irvine,2019,pell_status,pell,2,3.69,3.91,858,126,17,,,
FR,Irvine,2019,pell_status,pell,3,3.91,4.0,427,57,13,,,
FR,Irvine,2020,ethnicity,aian,1,1.1,3.67,2,1,0,,,
FR,Irvine,2020,ethnicity,aian,2,3.67,3.91,3,0,0,,,
FR,Irvine,2020,ethnicity,aian,3,3.91,4.0,6,0,0,,,
FR,Irvine,2020,ethnicity,asian,1,1.1,3.67,589,113,0,,,
FR,Irvine,2020,ethnicity,asian,2,3.67,3.91,874,92,0,,,
FR,Irvine,2020,ethnicity,asian,3,3.91,4.0,669,49,0,,,
FR,Irvine,2020,ethnicity,black,1,1.1,3.67,40,7,0,,,
FR,Irvine,2020,ethnicity,black,2,3.67,3.91,36,4,0,,,
FR,Irvine,2020,ethnicity,black,3,3.91,4.0,24,3,0,,,
FR,Irvine,2020,ethnicity,hispanic_latino,1,1.1,3.67,262,59,0,,,
FR,Irvine,2020,ethnicity,hispanic_latino,2,3.67,3.91,330,50,0,,,
FR,Irvine,2020,ethnicity,hispanic_latino,3,3.91,4.0,230,29,0,,,
FR,Irvine,2020,ethnicity,international,1,1.1,3.67,130,35,0,,,
FR,Irvine,2020,ethnicity,international,2,3.67,3.91,269,35,0,,,
FR,Irvine,2020,ethnicity,international,3,3.91,4.0,162,18,0,,,
FR,Irvine,2020,ethnicity,white,1,1.1,3.67,134,21,0,,,
FR,Irvine,2020,ethnicity,white,2,3.67,3.91,190,16,0,,,
FR,Irvine,2020,ethnicity,white,3,3.91,4.0,174,15,0,,,
FR,Irvine,2020,first_gen_status,first_gen,1,1.1,3.67,635,126,0,,,
FR,Irvine,2020,first_gen_status,first_gen,2,3.67,3.91,977,111,0,,,
FR,Irvine,2020,first_gen_status,first_gen,3,3.91,4.0,602,62,0,,,
FR,Irvine,2020,first_gen_status,not_first_gen,1,1.1,3.67,529,109,0,,,
FR,Irvine,2020,first_gen_status,not_first_gen,2,3.67,3.91,720,84,0,,,
FR,Irvine,2020,first_gen_status,not_first_gen,3,3.91,4.0,661,51,0,,,
FR,Irvine,2020,pell_status,non_pell,1,1.1,3.67,590,113,0,,,
FR,Irvine,2020,pell_status,non_pell,2,3.67,3.91,891,91,0,,,
FR,Irvine,2020,pell_status,non_pell,3,3.91,4.0,750,54,0,,,
FR,Irvine,2020,pell_status,pell,1,1.1,3.67,596,129,0,,,
FR,Irvine,2020,pell_status,pell,2,3.67,3.91,839,111,0,,,
FR,Irvine,2020,pell_status,pell,3,3.91,4.0,542,62,0,,,
FR,Irvine,2021,ethnicity,aian,1,0.0,3.71,18,0,0,,,
FR,Irvine,2021,ethnicity,aian,2,3.71,3.92,13,0,0,,,
FR,Irvine,2021,ethnicity,aian,3,3.92,4.0,7,0,0,,,
FR,Irvine,2021,ethnicity,asian,1,0.0,3.71,383,0,0,,,
FR,Irvine,2021,ethnicity,asian,2,3.71,3.92,722,0,0,,,
FR,Irvine,2021,ethnicity,asian,3,3.92,4.0,864,0,0,,,
FR,Irvine,2021,ethnicity,black,1,0.0,3.71,118,0,0,,,
FR,Irvine,2021,ethnicity,black,2,3.71,3.92,58,0,0,,,
FR,Irvine,2021,ethnicity,black,3,3.92,4.0,30,0,0,,,
FR,Irvine,2021,ethnicity,hispanic_latino,1,0.0,3.71,464,0,0,,,
FR,Irvine,2021,ethnicity,hispanic_latino,2,3.71,3.92,435,0,0,,,
FR,Irvine,2021,ethnicity,hispanic_latino,3,3.92,4.0,348,0,0,,,
FR,Irvine,2021,ethnicity,international,1,0.0,3.71,166,0,0,,,
FR,Irvine,2021,ethnicity,international,2,3.71,3.92,227,0,0,,,
FR,Irvine,2021,ethnicity,international,3,3.92,4.0,133,0,0,,,
FR,Irvine,2021,ethnicity,white,1,0.0,3.71,142,0,0,,,
FR,Irvine,2021,ethnicity,white,2,3.71,3.92,167,0,0,,,
FR,Irvine,2021,ethnicity,white,3,3.92,4.0,238,0,0,,,
FR,Irvine,2021,first_gen_status,first_gen,1,0.0,3.71,591,0,0,,,
FR,Irvine,2021,first_gen_status,first_gen,2,3.71,3.92,613,0,0,,,
FR,Irvine,2021,first_gen_status,first_gen,3,3.92,4.0,550,0,0,,,
FR,Irvine,2021,first_gen_status,not_first_gen,1,0.0,3.71,686,0,0,,,
FR,Irvine,2021,first_gen_status,not_first_gen,2,3.71,3.92,990,0,0,,,
FR,Irvine,2021,first_gen_status,not_first_gen,3,3.92,4.0,1085,0,0,,,
FR,Irvine,2021,pell_status,non_pell,1,0.0,3.71,714,0,0,,,
FR,Irvine,2021,pell_status,non_pell,2,3.71,3.92,967,0,0,,,
FR,Irvine,2021,pell_status,non_pell,3,3.92,4.0,1032,0,0,,,
FR,Irvine,2021,pell_status,pell,1,0.0,3.71,590,0,0,,,
FR,Irvine,2021,pell_status,pell,2,3.71,3.92,678,0,0,,,
FR,Irvine,2021,pell_status,pell,3,3.92,4.0,634,0,0,,,
FR,Los Angeles,2010,ethnicity,aian,1,1.75,3.47,1,1,0,,,
FR,Los Angeles,2010,ethnicity,aian,2,3.47,3.79,3,1,0,,,
FR,Los Angeles,2010,ethnicity,aian,3,3.79,4.0,17,1,0,,,
FR,Los Angeles,2010,ethnicity,asian,1,1.75,3.47,45,20,6,,,
FR,Los Angeles,2010,ethnicity,asian,2,3.47,3.79,274,69,8,,,
FR,Los Angeles,2010,ethnicity,asian,3,3.79,4.0,1058,180,11,,,
FR,Los Angeles,2010,ethnicity,black,1,1.75,3.47,32,15,2,,,
FR,Los Angeles,2010,ethnicity,black,2,3.47,3.79,30,9,2,,,
FR,Los Angeles,2010,ethnicity,black,3,3.79,4.0,46,18,4,,,
FR,Los Angeles,2010,ethnicity,hispanic_latino,1,1.75,3.47,38,20,2,,,
FR,Los Angeles,2010,ethnicity,hispanic_latino,2,3.47,3.79,142,51,8,,,
FR,Los Angeles,2010,ethnicity,hispanic_latino,3,3.79,4.0,296,91,6,,,
FR,Los Angeles,2010,ethnicity,international,1,1.75,3.47,15,5,0,,,
FR,Los Angeles,2010,ethnicity,international,2,3.47,3.79,37,11,4,,,
FR,Los Angeles,2010,ethnicity,international,3,3.79,4.0,119,22,7,,,
FR,Los Angeles,2010,ethnicity,white,1,1.75,3.47,72,25,3,,,
FR,Los Angeles,2010,ethnicity,white,2,3.47,3.79,155,43,4,,,
FR,Los Angeles,2010,ethnicity,white,3,3.79,4.0,825,108,7,,,
FR,Los Angeles,2010,first_gen_status,first_gen,1,1.75,3.47,68,41,6,,,
FR,Los Angeles,2010,first_gen_status,first_gen,2,3.47,3.79,247,81,12,,,
FR,Los Angeles,2010,first_gen_status,first_gen,3,3.79,4.0,623,160,8,,,
FR,Los Angeles,2010,first_gen_status,not_first_gen,1,1.75,3.47,131,47,8,,,
FR,Los Angeles,2010,first_gen_status,not_first_gen,2,3.47,3.79,395,101,11,,,
FR,Los Angeles,2010,first_gen_status,not_first_gen,3,3.79,4.0,1694,254,28,,,
FR,Los Angeles,2010,pell_status,non_pell,1,1.75,3.47,133,51,8,,,
FR,Los Angeles,2010,pell_status,non_pell,2,3.47,3.79,363,89,9,,,
FR,Los Angeles,2010,pell_status,non_pell,3,3.79,4.0,1672,241,26,,,
FR,Los Angeles,2010,pell_status,pell,1,1.75,3.47,81,41,7,,,
FR,Los Angeles,2010,pell_status,pell,2,3.47,3.79,311,102,17,,,
FR,Los Angeles,2010,pell_status,pell,3,3.79,4.0,820,199,10,,,
FR,Los Angeles,2011,ethnicity,aian,1,0.87,3.5,3,1,0,,,
FR,Los Angeles,2011,ethnicity,aian,2,3.5,3.8,5,1,0,,,
FR,Los Angeles,2011,ethnicity,aian,3,3.8,4.0,16,2,0,,,
FR,Los Angeles,2011,ethnicity,asian,1,0.87,3.5,73,14,2,,,
FR,Los Angeles,2011,ethnicity,asian,2,3.5,3.8,385,77,12,,,
FR,Los Angeles,2011,ethnicity,asian,3,3.8,4.0,1227,198,19,,,
FR,Los Angeles,2011,ethnicity,black,1,0.87,3.5,20,13,1,,,
FR,Los Angeles,2011,ethnicity,black,2,3.5,3.8,38,17,0,,,
FR,Los Angeles,2011,ethnicity,black,3,3.8,4.0,59,13,4,,,
FR,Los Angeles,2011,ethnicity,hispanic_latino,1,0.87,3.5,56,20,1,,,
FR,Los Angeles,2011,ethnicity,hispanic_latino,2,3.5,3.8,208,71,10,,,
FR,Los Angeles,2011,ethnicity,hispanic_latino,3,3.8,4.0,369,104,13,,,
FR,Los Angeles,2011,ethnicity,international,1,0.87,3.5,53,6,2,,,
FR,Los Angeles,2011,ethnicity,international,2,3.5,3.8,93,22,7,,,
FR,Los Angeles,2011,ethnicity,international,3,3.8,4.0,185,41,10,,,
FR,Los Angeles,2011,ethnicity,white,1,0.87,3.5,95,16,2,,,
FR,Los Angeles,2011,ethnicity,white,2,3.5,3.8,228,45,4,,,
FR,Los Angeles,2011,ethnicity,white,3,3.8,4.0,992,142,12,,,
FR,Los Angeles,2011,first_gen_status,first_gen,1,0.87,3.5,94,34,1,,,
FR,Los Angeles,2011,first_gen_status,first_gen,2,3.5,3.8,363,106,13,,,
FR,Los Angeles,2011,first_gen_status,first_gen,3,3.8,4.0,795,172,20,,,
FR,Los Angeles,2011,first_gen_status,not_first_gen,1,0.87,3.5,206,38,6,,,
FR,Los Angeles,2011,first_gen_status,not_first_gen,2,3.5,3.8,612,122,21,,,
FR,Los Angeles,2011,first_gen_status,not_first_gen,3,3.8,4.0,2088,331,39,,,
FR,Los Angeles,2011,pell_status,non_pell,1,0.87,3.5,209,33,5,,,
FR,Los Angeles,2011,pell_status,non_pell,2,3.5,3.8,560,114,18,,,
FR,Los Angeles,2011,pell_status,non_pell,3,3.8,4.0,1949,303,28,,,
FR,Los Angeles,2011,pell_status,pell,1,0.87,3.5,94,40,3,,,
FR,Los Angeles,2011,pell_status,pell,2,3.5,3.8,427,120,16,,,
FR,Los Angeles,2011,pell_status,pell,3,3.8,4.0,971,211,32,,,
FR,Los Angeles,2012,ethnicity,aian,1,1.02,3.52,3,0,0,,,
FR,Los Angeles,2012,ethnicity,aian,2,3.52,3.81,4,0,0,,,
FR,Los Angeles,2012,ethnicity,aian,3,3.81,4.0,13,4,0,,,
FR,Los Angeles,2012,ethnicity,asian,1,1.02,3.52,80,10,2,,,
FR,Los Angeles,2012,ethnicity,asian,2,3.52,3.81,319,57,8,,,
FR,Los Angeles,2012,ethnicity,asian,3,3.81,4.0,1127,144,11,,,
FR,Los Angeles,2012,ethnicity,black,1,1.02,3.52,23,16,3,,,
FR,Los Angeles,2012,ethnicity,black,2,3.52,3.81,48,7,3,,,
FR,Los Angeles,2012,ethnicity,black,3,3.81,4.0,40,11,1,,,
FR,Los Angeles,2012,ethnicity,hispanic_latino,1,1.02,3.52,59,33,6,,,
FR,Los Angeles,2012,ethnicity,hispanic_latino,2,3.52,3.81,208,60,12,,,
FR,Los Angeles,2012,ethnicity,hispanic_latino,3,3.81,4.0,404,86,6,,,
FR,Los Angeles,2012,ethnicity,international,1,1.02,3.52,88,10,2,,,
FR,Los Angeles,2012,ethnicity,international,2,3.52,3.81,149,17,8,,,
FR,Los Angeles,2012,ethnicity,international,3,3.81,4.0,360,48,14,,,
FR,Los Angeles,2012,ethnicity,white,1,1.02,3.52,75,25,1,,,
FR,Los Angeles,2012,ethnicity,white,2,3.52,3.81,184,25,2,,,
FR,Los Angeles,2012,ethnicity,white,3,3.81,4.0,799,75,6,,,
FR,Los Angeles,2012,first_gen_status,first_gen,1,1.02,3.52,104,40,9,,,
FR,Los Angeles,2012,first_gen_status,first_gen,2,3.52,3.81,346,82,17,,,
FR,Los Angeles,2012,first_gen_status,first_gen,3,3.81,4.0,782,143,11,,,
FR,Los Angeles,2012,first_gen_status,not_first_gen,1,1.02,3.52,228,55,5,,,
FR,Los Angeles,2012,first_gen_status,not_first_gen,2,3.52,3.81,583,90,16,,,
FR,Los Angeles,2012,first_gen_status,not_first_gen,3,3.81,4.0,1989,233,27,,,
FR,Los Angeles,2012,pell_status,non_pell,1,1.02,3.52,233,52,8,,,
FR,Los Angeles,2012,pell_status,non_pell,2,3.52,3.81,564,81,13,,,
FR,Los Angeles,2012,pell_status,non_pell,3,3.81,4.0,1894,206,24,,,
FR,Los Angeles,2012,pell_status,pell,1,1.02,3.52,107,44,6,,,
FR,Los Angeles,2012,pell_status,pell,2,3.52,3.81,376,93,20,,,
FR,Los Angeles,2012,pell_status,pell,3,3.81,4.0,914,175,14,,,
FR,Los Angeles,2013,ethnicity,aian,1,1.21,3.57,4,1,0,,,
FR,Los Angeles,2013,ethnicity,aian,2,3.57,3.84,4,1,0,,,
FR,Los Angeles,2013,ethnicity,aian,3,3.84,4.0,12,1,0,,,
FR,Los Angeles,2013,ethnicity,asian,1,1.21,3.57,76,14,3,,,
FR,Los Angeles,2013,ethnicity,asian,2,3.57,3.84,350,51,9,,,
FR,Los Angeles,2013,ethnicity,asian,3,3.84,4.0,1175,114,17,,,
FR,Los Angeles,2013,ethnicity,black,1,1.21,3.57,33,14,2,,,
FR,Los Angeles,2013,ethnicity,black,2,3.57,3.84,45,17,1,,,
FR,Los Angeles,2013,ethnicity,black,3,3.84,4.0,64,18,4,,,
FR,Los Angeles,2013,ethnicity,hispanic_latino,1,1.21,3.57,85,26,4,,,
FR,Los Angeles,2013,ethnicity,hispanic_latino,2,3.57,3.84,234,54,8,,,
FR,Los Angeles,2013,ethnicity,hispanic_latino,3,3.84,4.0,446,81,6,,,
FR,Los Angeles,2013,ethnicity,international,1,1.21,3.57,36,7,1,,,
FR,Los Angeles,2013,ethnicity,international,2,3.57,3.84,90,13,1,,,
FR,Los Angeles,2013,ethnicity,international,3,3.84,4.0,210,35,9,,,
FR,Los Angeles,2013,ethnicity,white,1,1.21,3.57,96,16,5,,,
FR,Los Angeles,2013,ethnicity,white,2,3.57,3.84,284,24,4,,,
FR,Los Angeles,2013,ethnicity,white,3,3.84,4.0,891,66,9,,,
FR,Los Angeles,2013,first_gen_status,first_gen,1,1.21,3.57,117,39,5,,,
FR,Los Angeles,2013,first_gen_status,first_gen,2,3.57,3.84,350,87,13,,,
FR,Los Angeles,2013,first_gen_status,first_gen,3,3.84,4.0,779,122,12,,,
FR,Los Angeles,2013,first_gen_status,not_first_gen,1,1.21,3.57,218,43,10,,,
FR,Los Angeles,2013,first_gen_status,not_first_gen,2,3.57,3.84,678,72,11,,,
FR,Los Angeles,2013,first_gen_status,not_first_gen,3,3.84,4.0,2096,204,33,,,
FR,Los Angeles,2013,pell_status,non_pell,1,1.21,3.57,209,48,7,,,
FR,Los Angeles,2013,pell_status,non_pell,2,3.57,3.84,637,78,11,,,
FR,Los Angeles,2013,pell_status,non_pell,3,3.84,4.0,1923,167,23,,,
FR,Los Angeles,2013,pell_status,pell,1,1.21,3.57,131,35,8,,,
FR,Los Angeles,2013,pell_status,pell,2,3.57,3.84,408,84,13,,,
FR,Los Angeles,2013,pell_status,pell,3,3.84,4.0,983,160,23,,,
FR,Los Angeles,2014,ethnicity,aian,1,0.25,3.59,2,1,0,,,
FR,Los Angeles,2014,ethnicity,aian,2,3.59,3.86,8,1,0,,,
FR,Los Angeles,2014,ethnicity,aian,3,3.86,4.0,13,1,0,,,
FR,Los Angeles,2014,ethnicity,asian,1,0.25,3.59,84,12,2,,,
FR,Los Angeles,2014,ethnicity,asian,2,3.59,3.86,382,40,5,,,
FR,Los Angeles,2014,ethnicity,asian,3,3.86,4.0,1177,94,11,,,
FR,Los Angeles,2014,ethnicity,black,1,0.25,3.59,30,15,1,,,
FR,Los Angeles,2014,ethnicity,black,2,3.59,3.86,61,8,5,,,
FR,Los Angeles,2014,ethnicity,black,3,3.86,4.0,78,11,3,,,
FR,Los Angeles,2014,ethnicity,hispanic_latino,1,0.25,3.59,99,14,2,,,
FR,Los Angeles,2014,ethnicity,hispanic_latino,2,3.59,3.86,280,59,7,,,
FR,Los Angeles,2014,ethnicity,hispanic_latino,3,3.86,4.0,439,90,6,,,
FR,Los Angeles,2014,ethnicity,international,1,0.25,3.59,35,2,1,,,
FR,Los Angeles,2014,ethnicity,international,2,3.59,3.86,95,11,3,,,
FR,Los Angeles,2014,ethnicity,international,3,3.86,4.0,221,33,8,,,
FR,Los Angeles,2014,ethnicity,white,1,0.25,3.59,112,17,5,,,
FR,Los Angeles,2014,ethnicity,white,2,3.59,3.86,284,28,3,,,
FR,Los Angeles,2014,ethnicity,white,3,3.86,4.0,886,55,10,,,
FR,Los Angeles,2014,first_gen_status,first_gen,1,0.25,3.59,128,25,3,,,
FR,Los Angeles,2014,first_gen_status,first_gen,2,3.59,3.86,415,64,9,,,
FR,Los Angeles,2014,first_gen_status,first_gen,3,3.86,4.0,747,110,14,,,
FR,Los Angeles,2014,first_gen_status,not_first_gen,1,0.25,3.59,239,34,9,,,
FR,Los Angeles,2014,first_gen_status,not_first_gen,2,3.59,3.86,711,81,15,,,
FR,Los Angeles,2014,first_gen_status,not_first_gen,3,3.86,4.0,2119,182,25,,,
FR,Los Angeles,2014,pell_status,non_pell,1,0.25,3.59,232,29,9,,,
FR,Los Angeles,2014,pell_status,non_pell,2,3.59,3.86,692,75,9,,,
FR,Los Angeles,2014,pell_status,non_pell,3,3.86,4.0,2015,171,24,,,
FR,Los Angeles,2014,pell_status,pell,1,0.25,3.59,139,32,3,,,
FR,Los Angeles,2014,pell_status,pell,2,3.59,3.86,455,76,15,,,
FR,Los Angeles,2014,pell_status,pell,3,3.86,4.0,891,124,15,,,
FR,Los Angeles,2015,ethnicity,aian,1,1.0,3.61,2,0,0,,,
FR,Los Angeles,2015,ethnicity,aian,2,3.61,3.87,9,0,0,,,
FR,Los Angeles,2015,ethnicity,aian,3,3.87,4.0,13,2,0,,,
FR,Los Angeles,2015,ethnicity,asian,1,1.0,3.61,101,12,0,,,
FR,Los Angeles,2015,ethnicity,asian,2,3.61,3.87,372,46,6,,,
FR,Los Angeles,2015,ethnicity,asian,3,3.87,4.0,1171,95,10,,,
FR,Los Angeles,2015,ethnicity,black,1,1.0,3.61,51,12,2,,,
FR,Los Angeles,2015,ethnicity,black,2,3.61,3.87,45,5,3,,,
FR,Los Angeles,2015,ethnicity,black,3,3.87,4.0,83,17,2,,,
FR,Los Angeles,2015,ethnicity,hispanic_latino,1,1.0,3.61,95,36,4,,,
FR,Los Angeles,2015,ethnicity,hispanic_latino,2,3.61,3.87,268,45,8,,,
FR,Los Angeles,2015,ethnicity,hispanic_latino,3,3.87,4.0,460,70,13,,,
FR,Los Angeles,2015,ethnicity,international,1,1.0,3.61,30,2,1,,,
FR,Los Angeles,2015,ethnicity,international,2,3.61,3.87,77,10,2,,,
FR,Los Angeles,2015,ethnicity,international,3,3.87,4.0,191,11,7,,,
FR,Los Angeles,2015,ethnicity,white,1,1.0,3.61,98,15,1,,,
FR,Los Angeles,2015,ethnicity,white,2,3.61,3.87,274,14,5,,,
FR,Los Angeles,2015,ethnicity,white,3,3.87,4.0,895,42,6,,,
FR,Los Angeles,2015,first_gen_status,first_gen,1,1.0,3.61,138,38,4,,,
FR,Los Angeles,2015,first_gen_status,first_gen,2,3.61,3.87,377,60,11,,,
FR,Los Angeles,2015,first_gen_status,first_gen,3,3.87,4.0,753,90,12,,,
FR,Los Angeles,2015,first_gen_status,not_first_gen,1,1.0,3.61,244,44,4,,,
FR,Los Angeles,2015,first_gen_status,not_first_gen,2,3.61,3.87,698,63,14,,,
FR,Los Angeles,2015,first_gen_status,not_first_gen,3,3.87,4.0,2152,148,28,,,
FR,Los Angeles,2015,pell_status,non_pell,1,1.0,3.61,225,36,2,,,
FR,Los Angeles,2015,pell_status,non_pell,2,3.61,3.87,672,66,13,,,
FR,Los Angeles,2015,pell_status,non_pell,3,3.87,4.0,2083,136,24,,,
FR,Los Angeles,2015,pell_status,pell,1,1.0,3.61,166,48,6,,,
FR,Los Angeles,2015,pell_status,pell,2,3.61,3.87,411,57,12,,,
FR,Los Angeles,2015,pell_status,pell,3,3.87,4.0,854,106,16,,,
FR,Los Angeles,2016,ethnicity,aian,1,0.85,3.59,7,0,1,,,
FR,Los Angeles,2016,ethnicity,aian,2,3.59,3.86,5,1,0,,,
FR,Los Angeles,2016,ethnicity,aian,3,3.86,4.0,18,1,1,,,
FR,Los Angeles,2016,ethnicity,asian,1,0.85,3.59,76,15,1,,,
FR,Los Angeles,2016,ethnicity,asian,2,3.59,3.86,402,36,4,,,
FR,Los Angeles,2016,ethnicity,asian,3,3.86,4.0,1353,87,6,,,
FR,Los Angeles,2016,ethnicity,black,1,0.85,3.59,45,14,2,,,
FR,Los Angeles,2016,ethnicity,black,2,3.59,3.86,107,12,2,,,
FR,Los Angeles,2016,ethnicity,black,3,3.86,4.0,132,13,0,,,
FR,Los Angeles,2016,ethnicity,hispanic_latino,1,0.85,3.59,130,29,3,,,
FR,Los Angeles,2016,ethnicity,hispanic_latino,2,3.59,3.86,391,42,7,,,
FR,Los Angeles,2016,ethnicity,hispanic_latino,3,3.86,4.0,635,75,4,,,
FR,Los Angeles,2016,ethnicity,international,1,0.85,3.59,30,0,0,,,
FR,Los Angeles,2016,ethnicity,international,2,3.59,3.86,68,6,5,,,
FR,Los Angeles,2016,ethnicity,international,3,3.86,4.0,272,14,6,,,
FR,Los Angeles,2016,ethnicity,white,1,0.85,3.59,88,13,3,,,
FR,Los Angeles,2016,ethnicity,white,2,3.59,3.86,271,21,1,,,
FR,Los Angeles,2016,ethnicity,white,3,3.86,4.0,1000,56,5,,,
FR,Los Angeles,2016,first_gen_status,first_gen,1,0.85,3.59,172,36,8,,,
FR,Los Angeles,2016,first_gen_status,first_gen,2,3.59,3.86,523,55,8,,,
FR,Los Angeles,2016,first_gen_status,first_gen,3,3.86,4.0,925,87,5,,,
FR,Los Angeles,2016,first_gen_status,not_first_gen,1,0.85,3.59,211,36,3,,,
FR,Los Angeles,2016,first_gen_status,not_first_gen,2,3.59,3.86,730,64,12,,,
FR,Los Angeles,2016,first_gen_status,not_first_gen,3,3.86,4.0,2578,164,17,,,
FR,Los Angeles,2016,pell_status,non_pell,1,0.85,3.59,209,32,1,,,
FR,Los Angeles,2016,pell_status,non_pell,2,3.59,3.86,725,58,11,,,
FR,Los Angeles,2016,pell_status,non_pell,3,3.86,4.0,2495,156,14,,,
FR,Los Angeles,2016,pell_status,pell,1,0.85,3.59,183,41,10,,,
FR,Los Angeles,2016,pell_status,pell,2,3.59,3.86,551,63,9,,,
FR,Los Angeles,2016,pell_status,pell,3,3.86,4.0,1046,100,9,,,
FR,Los Angeles,2017,ethnicity,aian,1,0.0,3.63,1,1,0,,,
FR,Los Angeles,2017,ethnicity,aian,2,3.63,3.88,6,1,0,,,
FR,Los Angeles,2017,ethnicity,aian,3,3.88,4.0,15,0,0,,,
FR,Los Angeles,2017,ethnicity,asian,1,0.0,3.63,90,6,3,,,
FR,Los Angeles,2017,ethnicity,asian,2,3.63,3.88,318,28,3,,,
FR,Los Angeles,2017,ethnicity,asian,3,3.88,4.0,1288,61,11,,,
FR,Los Angeles,2017,ethnicity,black,1,0.0,3.63,56,6,1,,,
FR,Los Angeles,2017,ethnicity,black,2,3.63,3.88,89,10,0,,,
FR,Los Angeles,2017,ethnicity,black,3,3.88,4.0,103,7,0,,,
FR,Los Angeles,2017,ethnicity,hispanic_latino,1,0.0,3.63,132,17,3,,,
FR,Los Angeles,2017,ethnicity,hispanic_latino,2,3.63,3.88,353,39,6,,,
FR,Los Angeles,2017,ethnicity,hispanic_latino,3,3.88,4.0,563,45,6,,,
FR,Los Angeles,2017,ethnicity,international,1,0.0,3.63,38,5,0,,,
FR,Los Angeles,2017,ethnicity,international,2,3.63,3.88,71,4,2,,,
FR,Los Angeles,2017,ethnicity,international,3,3.88,4.0,209,16,2,,,
FR,Los Angeles,2017,ethnicity,white,1,0.0,3.63,96,17,8,,,
FR,Los Angeles,2017,ethnicity,white,2,3.63,3.88,284,19,0,,,
FR,Los Angeles,2017,ethnicity,white,3,3.88,4.0,971,46,15,,,
FR,Los Angeles,2017,first_gen_status,first_gen,1,0.0,3.63,173,23,5,,,
FR,Los Angeles,2017,first_gen_status,first_gen,2,3.63,3.88,435,48,6,,,
FR,Los Angeles,2017,first_gen_status,first_gen,3,3.88,4.0,825,50,10,,,
FR,Los Angeles,2017,first_gen_status,not_first_gen,1,0.0,3.63,245,30,8,,,
FR,Los Angeles,2017,first_gen_status,not_first_gen,2,3.63,3.88,709,55,5,,,
FR,Los Angeles,2017,first_gen_status,not_first_gen,3,3.88,4.0,2392,130,23,,,
FR,Los Angeles,2017,pell_status,non_pell,1,0.0,3.63,233,33,7,,,
FR,Los Angeles,2017,pell_status,non_pell,2,3.63,3.88,672,48,4,,,
FR,Los Angeles,2017,pell_status,non_pell,3,3.88,4.0,2346,119,25,,,
FR,Los Angeles,2017,pell_status,pell,1,0.0,3.63,193,22,8,,,
FR,Los Angeles,2017,pell_status,pell,2,3.63,3.88,497,57,7,,,
FR,Los Angeles,2017,pell_status,pell,3,3.88,4.0,917,64,9,,,
FR,Los Angeles,2018,ethnicity,aian,1,0.0,3.68,9,2,1,,,
FR,Los Angeles,2018,ethnicity,aian,2,3.68,3.9,6,1,0,,,
FR,Los Angeles,2018,ethnicity,aian,3,3.9,4.0,20,1,0,,,
FR,Los Angeles,2018,ethnicity,asian,1,0.0,3.68,91,10,4,,,
FR,Los Angeles,2018,ethnicity,asian,2,3.68,3.9,339,23,2,,,
FR,Los Angeles,2018,ethnicity,asian,3,3.9,4.0,1474,71,10,,,
FR,Los Angeles,2018,ethnicity,black,1,0.0,3.68,57,11,3,,,
FR,Los Angeles,2018,ethnicity,black,2,3.68,3.9,77,6,3,,,
FR,Los Angeles,2018,ethnicity,black,3,3.9,4.0,120,9,2,,,
FR,Los Angeles,2018,ethnicity,hispanic_latino,1,0.0,3.68,125,18,2,,,
FR,Los Angeles,2018,ethnicity,hispanic_latino,2,3.68,3.9,246,24,9,,,
FR,Los Angeles,2018,ethnicity,hispanic_latino,3,3.9,4.0,567,40,4,,,
FR,Los Angeles,2018,ethnicity,international,1,0.0,3.68,39,4,0,,,
FR,Los Angeles,2018,ethnicity,international,2,3.68,3.9,64,9,4,,,
FR,Los Angeles,2018,ethnicity,international,3,3.9,4.0,230,11,4,,,
FR,Los Angeles,2018,ethnicity,white,1,0.0,3.68,95,19,3,,,
FR,Los Angeles,2018,ethnicity,white,2,3.68,3.9,245,15,3,,,
FR,Los Angeles,2018,ethnicity,white,3,3.9,4.0,1021,63,10,,,
FR,Los Angeles,2018,first_gen_status,first_gen,1,0.0,3.68,164,25,4,,,
FR,Los Angeles,2018,first_gen_status,first_gen,2,3.68,3.9,325,36,8,,,
FR,Los Angeles,2018,first_gen_status,first_gen,3,3.9,4.0,785,53,10,,,
FR,Los Angeles,2018,first_gen_status,not_first_gen,1,0.0,3.68,252,36,10,,,
FR,Los Angeles,2018,first_gen_status,not_first_gen,2,3.68,3.9,672,41,13,,,
FR,Los Angeles,2018,first_gen_status,not_first_gen,3,3.9,4.0,2753,153,20,,,
FR,Los Angeles,2018,pell_status,non_pell,1,0.0,3.68,255,40,5,,,
FR,Los Angeles,2018,pell_status,non_pell,2,3.68,3.9,654,39,12,,,
FR,Los Angeles,2018,pell_status,non_pell,3,3.9,4.0,2636,144,16,,,
FR,Los Angeles,2018,pell_status,pell,1,0.0,3.68,174,26,9,,,
FR,Los Angeles,2018,pell_status,pell,2,3.68,3.9,363,41,10,,,
FR,Los Angeles,2018,pell_status,pell,3,3.9,4.0,949,67,15,,,
FR,Los Angeles,2019,ethnicity,aian,1,1.38,3.69,8,0,1,,,
FR,Los Angeles,2019,ethnicity,aian,2,3.69,3.91,8,1,0,,,
FR,Los Angeles,2019,ethnicity,aian,3,3.91,4.0,15,0,0,,,
FR,Los Angeles,2019,ethnicity,asian,1,1.38,3.69,76,7,1,,,
FR,Los Angeles,2019,ethnicity,asian,2,3.69,3.91,347,27,2,,,
FR,Los Angeles,2019,ethnicity,asian,3,3.91,4.0,1480,63,7,,,
FR,Los Angeles,2019,ethnicity,black,1,1.38,3.69,54,8,3,,,
FR,Los Angeles,2019,ethnicity,black,2,3.69,3.91,72,10,2,,,
FR,Los Angeles,2019,ethnicity,black,3,3.91,4.0,127,8,3,,,
FR,Los Angeles,2019,ethnicity,hispanic_latino,1,1.38,3.69,108,20,2,,,
FR,Los Angeles,2019,ethnicity,hispanic_latino,2,3.69,3.91,280,25,2,,,
FR,Los Angeles,2019,ethnicity,hispanic_latino,3,3.91,4.0,596,37,11,,,
FR,Los Angeles,2019,ethnicity,international,1,1.38,3.69,23,3,0,,,
FR,Los Angeles,2019,ethnicity,international,2,3.69,3.91,41,2,1,,,
FR,Los Angeles,2019,ethnicity,international,3,3.91,4.0,209,10,9,,,
FR,Los Angeles,2019,ethnicity,white,1,1.38,3.69,80,11,1,,,
FR,Los Angeles,2019,ethnicity,white,2,3.69,3.91,226,20,1,,,
FR,Los Angeles,2019,ethnicity,white,3,3.91,4.0,951,57,6,,,
FR,Los Angeles,2019,first_gen_status,first_gen,1,1.38,3.69,131,24,3,,,
FR,Los Angeles,2019,first_gen_status,first_gen,2,3.69,3.91,350,29,3,,,
FR,Los Angeles,2019,first_gen_status,first_gen,3,3.91,4.0,773,39,11,,,
FR,Los Angeles,2019,first_gen_status,not_first_gen,1,1.38,3.69,218,26,5,,,
FR,Los Angeles,2019,first_gen_status,not_first_gen,2,3.69,3.91,637,55,5,,,
FR,Los Angeles,2019,first_gen_status,not_first_gen,3,3.91,4.0,2666,147,25,,,
FR,Los Angeles,2019,pell_status,non_pell,1,1.38,3.69,202,22,6,,,
FR,Los Angeles,2019,pell_status,non_pell,2,3.69,3.91,595,52,5,,,
FR,Los Angeles,2019,pell_status,non_pell,3,3.91,4.0,2575,139,24,,,
FR,Los Angeles,2019,pell_status,pell,1,1.38,3.69,154,29,2,,,
FR,Los Angeles,2019,pell_status,pell,2,3.69,3.91,407,34,3,,,
FR,Los Angeles,2019,pell_status,pell,3,3.91,4.0,931,49,13,,,
FR,Los Angeles,2020,ethnicity,aian,1,1.1,3.67,1,2,0,,,
FR,Los Angeles,2020,ethnicity,aian,2,3.67,3.91,10,1,0,,,
FR,Los Angeles,2020,ethnicity,aian,3,3.91,4.0,11,0,0,,,
FR,Los Angeles,2020,ethnicity,asian,1,1.1,3.67,81,10,0,,,
FR,Los Angeles,2020,ethnicity,asian,2,3.67,3.91,464,16,0,,,
FR,Los Angeles,2020,ethnicity,asian,3,3.91,4.0,1710,67,0,,,
FR,Los Angeles,2020,ethnicity,black,1,1.1,3.67,50,12,0,,,
FR,Los Angeles,2020,ethnicity,black,2,3.67,3.91,85,9,0,,,
FR,Los Angeles,2020,ethnicity,black,3,3.91,4.0,106,7,0,,,
FR,Los Angeles,2020,ethnicity,hispanic_latino,1,1.1,3.67,88,8,0,,,
FR,Los Angeles,2020,ethnicity,hispanic_latino,2,3.67,3.91,313,19,0,,,
FR,Los Angeles,2020,ethnicity,hispanic_latino,3,3.91,4.0,608,35,0,,,
FR,Los Angeles,2020,ethnicity,international,1,1.1,3.67,16,0,0,,,
FR,Los Angeles,2020,ethnicity,international,2,3.67,3.91,54,7,0,,,
FR,Los Angeles,2020,ethnicity,international,3,3.91,4.0,214,16,0,,,
FR,Los Angeles,2020,ethnicity,white,1,1.1,3.67,67,13,0,,,
FR,Los Angeles,2020,ethnicity,white,2,3.67,3.91,245,12,0,,,
FR,Los Angeles,2020,ethnicity,white,3,3.91,4.0,1094,38,0,,,
FR,Los Angeles,2020,first_gen_status,first_gen,1,1.1,3.67,102,16,0,,,
FR,Los Angeles,2020,first_gen_status,first_gen,2,3.67,3.91,369,29,0,,,
FR,Los Angeles,2020,first_gen_status,first_gen,3,3.91,4.0,748,37,0,,,
FR,Los Angeles,2020,first_gen_status,not_first_gen,1,1.1,3.67,201,29,0,,,
FR,Los Angeles,2020,first_gen_status,not_first_gen,2,3.67,3.91,814,32,0,,,
FR,Los Angeles,2020,first_gen_status,not_first_gen,3,3.91,4.0,3068,125,0,,,
FR,Los Angeles,2020,pell_status,non_pell,1,1.1,3.67,191,21,0,,,
FR,Los Angeles,2020,pell_status,non_pell,2,3.67,3.91,793,34,0,,,
FR,Los Angeles,2020,pell_status,non_pell,3,3.91,4.0,2997,126,0,,,
FR,Los Angeles,2020,pell_status,pell,1,1.1,3.67,122,24,0,,,
FR,Los Angeles,2020,pell_status,pell,2,3.67,3.91,414,30,0,,,
FR,Los Angeles,2020,pell_status,pell,3,3.91,4.0,919,42,0,,,
FR,Los Angeles,2021,ethnicity,aian,1,0.0,3.71,2,0,0,,,
FR,Los Angeles,2021,ethnicity,aian,2,3.71,3.92,14,0,0,,,
FR,Los Angeles,2021,ethnicity,aian,3,3.92,4.0,15,0,0,,,
FR,Los Angeles,2021,ethnicity,asian,1,0.0,3.71,70,0,0,,,
FR,Los Angeles,2021,ethnicity,asian,2,3.71,3.92,316,0,0,,,
FR,Los Angeles,2021,ethnicity,asian,3,3.92,4.0,1666,0,0,,,
FR,Los Angeles,2021,ethnicity,black,1,0.0,3.71,49,0,0,,,
FR,Los Angeles,2021,ethnicity,black,2,3.71,3.92,106,0,0,,,
FR,Los Angeles,2021,ethnicity,black,3,3.92,4.0,163,0,0,,,
FR,Los Angeles,2021,ethnicity,hispanic_latino,1,0.0,3.71,101,0,0,,,
FR,Los Angeles,2021,ethnicity,hispanic_latino,2,3.71,3.92,291,0,0,,,
FR,Los Angeles,2021,ethnicity,hispanic_latino,3,3.92,4.0,642,0,0,,,
FR,Los Angeles,2021,ethnicity,international,1,0.0,3.71,28,0,0,,,
FR,Los Angeles,2021,ethnicity,international,2,3.71,3.92,55,0,0,,,
FR,Los Angeles,2021,ethnicity,international,3,3.92,4.0,329,0,0,,,
FR,Los Angeles,2021,ethnicity,white,1,0.0,3.71,55,0,0,,,
FR,Los Angeles,2021,ethnicity,white,2,3.71,3.92,202,0,0,,,
FR,Los Angeles,2021,ethnicity,white,3,3.92,4.0,1228,0,0,,,
FR,Los Angeles,2021,first_gen_status,first_gen,1,0.0,3.71,128,0,0,,,
FR,Los Angeles,2021,first_gen_status,first_gen,2,3.71,3.92,345,0,0,,,
FR,Los Angeles,2021,first_gen_status,first_gen,3,3.92,4.0,787,0,0,,,
FR,Los Angeles,2021,first_gen_status,not_first_gen,1,0.0,3.71,176,0,0,,,
FR,Los Angeles,2021,first_gen_status,not_first_gen,2,3.71,3.92,659,0,0,,,
FR,Los Angeles,2021,first_gen_status,not_first_gen,3,3.92,4.0,3310,0,0,,,
FR,Los Angeles,2021,pell_status,non_pell,1,0.0,3.71,165,0,0,,,
FR,Los Angeles,2021,pell_status,non_pell,2,3.71,3.92,631,0,0,,,
FR,Los Angeles,2021,pell_status,non_pell,3,3.92,4.0,3181,0,0,,,
FR,Los Angeles,2021,pell_status,pell,1,0.0,3.71,150,0,0,,,
FR,Los Angeles,2021,pell_status,pell,2,3.71,3.92,388,0,0,,,
FR,Los Angeles,2021,pell_status,pell,3,3.92,4.0,1010,0,0,,,
FR,Merced,2010,ethnicity,aian,1,1.75,3.47,1,2,2,,,
FR,Merced,2010,ethnicity,aian,2,3.79,4.0,0,1,0,,,
FR,Merced,2010,ethnicity,asian,1,1.75,3.47,138,71,16,,,
FR,Merced,2010,ethnicity,asian,2,3.47,3.79,24,33,2,,,
FR,Merced,2010,ethnicity,asian,3,3.79,4.0,22,9,0,,,
FR,Merced,2010,ethnicity,black,1,1.75,3.47,27,29,4,,,
FR,Merced,2010,ethnicity,black,2,3.47,3.79,5,6,0,,,
FR,Merced,2010,ethnicity,black,3,3.79,4.0,3,1,0,,,
FR,Merced,2010,ethnicity,hispanic_latino,1,1.75,3.47,129,101,11,,,
FR,Merced,2010,ethnicity,hispanic_latino,2,3.47,3.79,45,25,2,,,
FR,Merced,2010,ethnicity,hispanic_latino,3,3.79,4.0,9,10,1,,,
FR,Merced,2010,ethnicity,international,1,1.75,3.47,1,1,1,,,
FR,Merced,2010,ethnicity,international,2,3.47,3.79,1,1,0,,,
FR,Merced,2010,ethnicity,international,3,3.79,4.0,0,0,0,,,
FR,Merced,2010,ethnicity,white,1,1.75,3.47,58,35,11,,,
FR,Merced,2010,ethnicity,white,2,3.47,3.79,21,12,3,,,
FR,Merced,2010,ethnicity,white,3,3.79,4.0,11,7,1,,,
FR,Merced,2010,first_gen_status,first_gen,1,1.75,3.47,181,143,30,,,
FR,Merced,2010,first_gen_status,first_gen,2,3.47,3.79,59,39,6,,,
FR,Merced,2010,first_gen_status,first_gen,3,3.79,4.0,31,19,1,,,
FR,Merced,2010,first_gen_status,not_first_gen,1,1.75,3.47,174,91,14,,,
FR,Merced,2010,first_gen_status,not_first_gen,2,3.47,3.79,39,36,2,,,
FR,Merced,2010,first_gen_status,not_first_gen,3,3.79,4.0,13,9,1,,,
FR,Merced,2010,pell_status,non_pell,1,1.75,3.47,145,76,17,,,
FR,Merced,2010,pell_status,non_pell,2,3.47,3.79,27,30,1,,,
FR,Merced,2010,pell_status,non_pell,3,3.79,4.0,12,7,0,,,
FR,Merced,2010,pell_status,pell,1,1.75,3.47,227,170,30,,,
FR,Merced,2010,pell_status,pell,2,3.47,3.79,73,49,8,,,
FR,Merced,2010,pell_status,pell,3,3.79,4.0,34,21,2,,,
FR,Merced,2011,ethnicity,aian,1,0.87,3.5,3,0,0,,,
FR,Merced,2011,ethnicity,aian,2,3.5,3.8,0,0,1,,,
FR,Merced,2011,ethnicity,aian,3,3.8,4.0,0,1,0,,,
FR,Merced,2011,ethnicity,asian,1,0.87,3.5,136,107,21,,,
FR,Merced,2011,ethnicity,asian,2,3.5,3.8,26,29,4,,,
FR,Merced,2011,ethnicity,asian,3,3.8,4.0,11,6,1,,,
FR,Merced,2011,ethnicity,black,1,0.87,3.5,32,28,6,,,
FR,Merced,2011,ethnicity,black,2,3.5,3.8,9,6,0,,,
FR,Merced,2011,ethnicity,black,3,3.8,4.0,2,2,0,,,
FR,Merced,2011,ethnicity,hispanic_latino,1,0.87,3.5,126,108,18,,,
FR,Merced,2011,ethnicity,hispanic_latino,2,3.5,3.8,41,39,5,,,
FR,Merced,2011,ethnicity,hispanic_latino,3,3.8,4.0,13,13,1,,,
FR,Merced,2011,ethnicity,international,1,0.87,3.5,2,2,0,,,
FR,Merced,2011,ethnicity,international,2,3.5,3.8,1,0,0,,,
FR,Merced,2011,ethnicity,white,1,0.87,3.5,56,44,9,,,
FR,Merced,2011,ethnicity,white,2,3.5,3.8,19,11,1,,,
FR,Merced,2011,ethnicity,white,3,3.8,4.0,11,2,2,,,
FR,Merced,2011,first_gen_status,first_gen,1,0.87,3.5,198,162,28,,,
FR,Merced,2011,first_gen_status,first_gen,2,3.5,3.8,59,51,8,,,
FR,Merced,2011,first_gen_status,first_gen,3,3.8,4.0,24,17,1,,,
FR,Merced,2011,first_gen_status,not_first_gen,1,0.87,3.5,158,123,23,,,
FR,Merced,2011,first_gen_status,not_first_gen,2,3.5,3.8,36,33,2,,,
FR,Merced,2011,first_gen_status,not_first_gen,3,3.8,4.0,13,7,2,,,
FR,Merced,2011,pell_status,non_pell,1,0.87,3.5,150,106,20,,,
FR,Merced,2011,pell_status,non_pell,2,3.5,3.8,31,30,2,,,
FR,Merced,2011,pell_status,non_pell,3,3.8,4.0,14,5,1,,,
FR,Merced,2011,pell_status,pell,1,0.87,3.5,213,187,34,,,
FR,Merced,2011,pell_status,pell,2,3.5,3.8,65,55,9,,,
FR,Merced,2011,pell_status,pell,3,3.8,4.0,23,20,3,,,
FR,Merced,2012,ethnicity,aian,1,1.02,3.52,2,2,0,,,
FR,Merced,2012,ethnicity,aian,2,3.52,3.81,1,1,0,,,
FR,Merced,2012,ethnicity,aian,3,3.81,4.0,1,1,0,,,
FR,Merced,2012,ethnicity,asian,1,1.02,3.52,122,93,15,,,
FR,Merced,2012,ethnicity,asian,2,3.52,3.81,27,24,5,,,
FR,Merced,2012,ethnicity,asian,3,3.81,4.0,9,10,1,,,
FR,Merced,2012,ethnicity,black,1,1.02,3.52,45,22,3,,,
FR,Merced,2012,ethnicity,black,2,3.52,3.81,11,7,0,,,
FR,Merced,2012,ethnicity,black,3,3.81,4.0,0,0,0,,,
FR,Merced,2012,ethnicity,hispanic_latino,1,1.02,3.52,197,113,20,,,
FR,Merced,2012,ethnicity,hispanic_latino,2,3.52,3.81,36,31,5,,,
FR,Merced,2012,ethnicity,hispanic_latino,3,3.81,4.0,16,11,2,,,
FR,Merced,2012,ethnicity,international,1,1.02,3.52,16,7,2,,,
FR,Merced,2012,ethnicity,international,2,3.52,3.81,1,1,0,,,
FR,Merced,2012,ethnicity,international,3,3.81,4.0,1,3,0,,,
FR,Merced,2012,ethnicity,white,1,1.02,3.52,61,30,6,,,
FR,Merced,2012,ethnicity,white,2,3.52,3.81,19,9,3,,,
FR,Merced,2012,ethnicity,white,3,3.81,4.0,10,3,0,,,
FR,Merced,2012,first_gen_status,first_gen,1,1.02,3.52,276,167,28,,,
FR,Merced,2012,first_gen_status,first_gen,2,3.52,3.81,61,50,7,,,
FR,Merced,2012,first_gen_status,first_gen,3,3.81,4.0,30,18,2,,,
FR,Merced,2012,first_gen_status,not_first_gen,1,1.02,3.52,168,101,18,,,
FR,Merced,2012,first_gen_status,not_first_gen,2,3.52,3.81,37,26,5,,,
FR,Merced,2012,first_gen_status,not_first_gen,3,3.81,4.0,9,8,1,,,
FR,Merced,2012,pell_status,non_pell,1,1.02,3.52,153,87,10,,,
FR,Merced,2012,pell_status,non_pell,2,3.52,3.81,33,21,3,,,
FR,Merced,2012,pell_status,non_pell,3,3.81,4.0,5,5,0,,,
FR,Merced,2012,pell_status,pell,1,1.02,3.52,300,183,37,,,
FR,Merced,2012,pell_status,pell,2,3.52,3.81,65,57,11,,,
FR,Merced,2012,pell_status,pell,3,3.81,4.0,34,23,3,,,
FR,Merced,2013,ethnicity,aian,1,1.21,3.57,2,2,1,,,
FR,Merced,2013,ethnicity,aian,2,3.57,3.84,1,0,0,,,
FR,Merced,2013,ethnicity,asian,1,1.21,3.57,147,74,13,,,
FR,Merced,2013,ethnicity,asian,2,3.57,3.84,33,15,1,,,
FR,Merced,2013,ethnicity,asian,3,3.84,4.0,10,4,0,,,
FR,Merced,2013,ethnicity,black,1,1.21,3.57,34,22,1,,,
FR,Merced,2013,ethnicity,black,2,3.57,3.84,5,3,0,,,
FR,Merced,2013,ethnicity,black,3,3.84,4.0,4,0,0,,,
FR,Merced,2013,ethnicity,hispanic_latino,1,1.21,3.57,283,136,28,,,
FR,Merced,2013,ethnicity,hispanic_latino,2,3.57,3.84,54,25,1,,,
FR,Merced,2013,ethnicity,hispanic_latino,3,3.84,4.0,27,12,3,,,
FR,Merced,2013,ethnicity,international,1,1.21,3.57,24,23,2,,,
FR,Merced,2013,ethnicity,international,2,3.57,3.84,8,3,0,,,
FR,Merced,2013,ethnicity,international,3,3.84,4.0,3,2,0,,,
FR,Merced,2013,ethnicity,white,1,1.21,3.57,62,31,7,,,
FR,Merced,2013,ethnicity,white,2,3.57,3.84,21,8,1,,,
FR,Merced,2013,ethnicity,white,3,3.84,4.0,11,4,0,,,
FR,Merced,2013,first_gen_status,first_gen,1,1.21,3.57,383,178,35,,,
FR,Merced,2013,first_gen_status,first_gen,2,3.57,3.84,83,41,2,,,
FR,Merced,2013,first_gen_status,first_gen,3,3.84,4.0,46,17,3,,,
FR,Merced,2013,first_gen_status,not_first_gen,1,1.21,3.57,169,106,17,,,
FR,Merced,2013,first_gen_status,not_first_gen,2,3.57,3.84,42,15,1,,,
FR,Merced,2013,first_gen_status,not_first_gen,3,3.84,4.0,11,5,0,,,
FR,Merced,2013,pell_status,non_pell,1,1.21,3.57,183,110,14,,,
FR,Merced,2013,pell_status,non_pell,2,3.57,3.84,37,11,0,,,
FR,Merced,2013,pell_status,non_pell,3,3.84,4.0,12,8,0,,,
FR,Merced,2013,pell_status,pell,1,1.21,3.57,379,183,39,,,
FR,Merced,2013,pell_status,pell,2,3.57,3.84,89,45,3,,,
FR,Merced,2013,pell_status,pell,3,3.84,4.0,45,14,3,,,
FR,Merced,2014,ethnicity,aian,1,0.25,3.59,4,1,0,,,
FR,Merced,2014,ethnicity,aian,2,3.59,3.86,2,0,0,,,
FR,Merced,2014,ethnicity,aian,3,3.86,4.0,1,0,0,,,
FR,Merced,2014,ethnicity,asian,1,0.25,3.59,136,86,10,,,
FR,Merced,2014,ethnicity,asian,2,3.59,3.86,52,14,3,,,
FR,Merced,2014,ethnicity,asian,3,3.86,4.0,15,3,1,,,
FR,Merced,2014,ethnicity,black,1,0.25,3.59,38,14,2,,,
FR,Merced,2014,ethnicity,black,2,3.59,3.86,7,7,0,,,
FR,Merced,2014,ethnicity,hispanic_latino,1,0.25,3.59,242,125,20,,,
FR,Merced,2014,ethnicity,hispanic_latino,2,3.59,3.86,63,30,6,,,
FR,Merced,2014,ethnicity,hispanic_latino,3,3.86,4.0,18,5,1,,,
FR,Merced,2014,ethnicity,international,1,0.25,3.59,27,14,2,,,
FR,Merced,2014,ethnicity,international,2,3.59,3.86,15,3,0,,,
FR,Merced,2014,ethnicity,international,3,3.86,4.0,2,1,0,,,
FR,Merced,2014,ethnicity,white,1,0.25,3.59,50,22,7,,,
FR,Merced,2014,ethnicity,white,2,3.59,3.86,16,12,2,,,
FR,Merced,2014,ethnicity,white,3,3.86,4.0,7,3,0,,,
FR,Merced,2014,first_gen_status,first_gen,1,0.25,3.59,342,172,31,,,
FR,Merced,2014,first_gen_status,first_gen,2,3.59,3.86,98,46,7,,,
FR,Merced,2014,first_gen_status,first_gen,3,3.86,4.0,31,12,0,,,
FR,Merced,2014,first_gen_status,not_first_gen,1,0.25,3.59,162,84,9,,,
FR,Merced,2014,first_gen_status,not_first_gen,2,3.59,3.86,53,23,2,,,
FR,Merced,2014,first_gen_status,not_first_gen,3,3.86,4.0,11,1,1,,,
FR,Merced,2014,pell_status,non_pell,1,0.25,3.59,173,91,13,,,
FR,Merced,2014,pell_status,non_pell,2,3.59,3.86,64,19,2,,,
FR,Merced,2014,pell_status,non_pell,3,3.86,4.0,9,3,0,,,
FR,Merced,2014,pell_status,pell,1,0.25,3.59,336,173,29,,,
FR,Merced,2014,pell_status,pell,2,3.59,3.86,91,50,9,,,
FR,Merced,2014,pell_status,pell,3,3.86,4.0,34,10,2,,,
FR,Merced,2015,ethnicity,aian,1,1.0,3.61,2,0,0,,,
FR,Merced,2015,ethnicity,aian,2,3.61,3.87,0,0,1,,,
FR,Merced,2015,ethnicity,aian,3,3.87,4.0,1,0,0,,,
FR,Merced,2015,ethnicity,asian,1,1.0,3.61,186,76,8,,,
FR,Merced,2015,ethnicity,asian,2,3.61,3.87,27,12,0,,,
FR,Merced,2015,ethnicity,asian,3,3.87,4.0,16,7,3,,,
FR,Merced,2015,ethnicity,black,1,1.0,3.61,38,9,3,,,
FR,Merced,2015,ethnicity,black,2,3.61,3.87,6,4,0,,,
FR,Merced,2015,ethnicity,black,3,3.87,4.0,1,2,0,,,
FR,Merced,2015,ethnicity,hispanic_latino,1,1.0,3.61,323,167,35,,,
FR,Merced,2015,ethnicity,hispanic_latino,2,3.61,3.87,66,34,6,,,
FR,Merced,2015,ethnicity,hispanic_latino,3,3.87,4.0,27,3,0,,,
FR,Merced,2015,ethnicity,international,1,1.0,3.61,45,15,4,,,
FR,Merced,2015,ethnicity,international,2,3.61,3.87,19,8,0,,,
FR,Merced,2015,ethnicity,international,3,3.87,4.0,4,1,1,,,
FR,Merced,2015,ethnicity,white,1,1.0,3.61,70,29,6,,,
FR,Merced,2015,ethnicity,white,2,3.61,3.87,17,8,2,,,
FR,Merced,2015,ethnicity,white,3,3.87,4.0,5,4,0,,,
FR,Merced,2015,first_gen_status,first_gen,1,1.0,3.61,461,214,42,,,
FR,Merced,2015,first_gen_status,first_gen,2,3.61,3.87,100,47,7,,,
FR,Merced,2015,first_gen_status,first_gen,3,3.87,4.0,42,10,2,,,
FR,Merced,2015,first_gen_status,not_first_gen,1,1.0,3.61,201,82,13,,,
FR,Merced,2015,first_gen_status,not_first_gen,2,3.61,3.87,34,17,3,,,
FR,Merced,2015,first_gen_status,not_first_gen,3,3.87,4.0,12,8,2,,,
FR,Merced,2015,pell_status,non_pell,1,1.0,3.61,235,89,16,,,
FR,Merced,2015,pell_status,non_pell,2,3.61,3.87,49,19,3,,,
FR,Merced,2015,pell_status,non_pell,3,3.87,4.0,12,7,1,,,
FR,Merced,2015,pell_status,pell,1,1.0,3.61,435,210,40,,,
FR,Merced,2015,pell_status,pell,2,3.61,3.87,88,47,7,,,
FR,Merced,2015,pell_status,pell,3,3.87,4.0,43,11,3,,,
FR,Merced,2016,ethnicity,aian,1,0.85,3.59,1,0,0,,,
FR,Merced,2016,ethnicity,aian,2,3.59,3.86,1,0,0,,,
FR,Merced,2016,ethnicity,asian,1,0.85,3.59,163,85,14,,,
FR,Merced,2016,ethnicity,asian,2,3.59,3.86,44,12,1,,,
FR,Merced,2016,ethnicity,asian,3,3.86,4.0,14,3,0,,,
FR,Merced,2016,ethnicity,black,1,0.85,3.59,61,29,7,,,
FR,Merced,2016,ethnicity,black,2,3.59,3.86,11,4,0,,,
FR,Merced,2016,ethnicity,black,3,3.86,4.0,2,0,0,,,
FR,Merced,2016,ethnicity,hispanic_latino,1,0.85,3.59,369,174,33,,,
FR,Merced,2016,ethnicity,hispanic_latino,2,3.59,3.86,62,35,2,,,
FR,Merced,2016,ethnicity,hispanic_latino,3,3.86,4.0,28,4,0,,,
FR,Merced,2016,ethnicity,international,1,0.85,3.59,56,24,3,,,
FR,Merced,2016,ethnicity,international,2,3.59,3.86,12,3,0,,,
FR,Merced,2016,ethnicity,international,3,3.86,4.0,7,0,2,,,
FR,Merced,2016,ethnicity,white,1,0.85,3.59,48,31,7,,,
FR,Merced,2016,ethnicity,white,2,3.59,3.86,13,14,0,,,
FR,Merced,2016,ethnicity,white,3,3.86,4.0,15,1,0,,,
FR,Merced,2016,first_gen_status,first_gen,1,0.85,3.59,541,249,42,,,
FR,Merced,2016,first_gen_status,first_gen,2,3.59,3.86,99,48,3,,,
FR,Merced,2016,first_gen_status,first_gen,3,3.86,4.0,58,4,1,,,
FR,Merced,2016,first_gen_status,not_first_gen,1,0.85,3.59,147,82,19,,,
FR,Merced,2016,first_gen_status,not_first_gen,2,3.59,3.86,42,17,0,,,
FR,Merced,2016,first_gen_status,not_first_gen,3,3.86,4.0,8,5,1,,,
FR,Merced,2016,pell_status,non_pell,1,0.85,3.59,194,100,22,,,
FR,Merced,2016,pell_status,non_pell,2,3.59,3.86,42,20,0,,,
FR,Merced,2016,pell_status,non_pell,3,3.86,4.0,18,2,2,,,
FR,Merced,2016,pell_status,pell,1,0.85,3.59,514,249,42,,,
FR,Merced,2016,pell_status,pell,2,3.59,3.86,103,48,3,,,
FR,Merced,2016,pell_status,pell,3,3.86,4.0,49,7,0,,,
FR,Merced,2017,ethnicity,aian,1,0.0,3.63,2,3,0,,,
FR,Merced,2017,ethnicity,aian,2,3.63,3.88,1,0,0,,,
FR,Merced,2017,ethnicity,aian,3,3.88,4.0,0,1,0,,,
FR,Merced,2017,ethnicity,asian,1,0.0,3.63,186,77,10,,,
FR,Merced,2017,ethnicity,asian,2,3.63,3.88,41,7,2,,,
FR,Merced,2017,ethnicity,asian,3,3.88,4.0,24,7,1,,,
FR,Merced,2017,ethnicity,black,1,0.0,3.63,62,27,6,,,
FR,Merced,2017,ethnicity,black,2,3.63,3.88,8,2,0,,,
FR,Merced,2017,ethnicity,black,3,3.88,4.0,0,2,0,,,
FR,Merced,2017,ethnicity,hispanic_latino,1,0.0,3.63,474,189,29,,,
FR,Merced,2017,ethnicity,hispanic_latino,2,3.63,3.88,87,26,5,,,
FR,Merced,2017,ethnicity,hispanic_latino,3,3.88,4.0,43,8,1,,,
FR,Merced,2017,ethnicity,international,1,0.0,3.63,68,34,5,,,
FR,Merced,2017,ethnicity,international,2,3.63,3.88,12,2,1,,,
FR,Merced,2017,ethnicity,international,3,3.88,4.0,10,2,0,,,
FR,Merced,2017,ethnicity,white,1,0.0,3.63,70,27,8,,,
FR,Merced,2017,ethnicity,white,2,3.63,3.88,21,2,1,,,
FR,Merced,2017,ethnicity,white,3,3.88,4.0,13,0,0,,,
FR,Merced,2017,first_gen_status,first_gen,1,0.0,3.63,659,264,43,,,
FR,Merced,2017,first_gen_status,first_gen,2,3.63,3.88,125,29,5,,,
FR,Merced,2017,first_gen_status,first_gen,3,3.88,4.0,65,14,1,,,
FR,Merced,2017,first_gen_status,not_first_gen,1,0.0,3.63,198,89,14,,,
FR,Merced,2017,first_gen_status,not_first_gen,2,3.63,3.88,45,10,3,,,
FR,Merced,2017,first_gen_status,not_first_gen,3,3.88,4.0,25,7,1,,,
FR,Merced,2017,pell_status,non_pell,1,0.0,3.63,248,107,21,,,
FR,Merced,2017,pell_status,non_pell,2,3.63,3.88,48,12,3,,,
FR,Merced,2017,pell_status,non_pell,3,3.88,4.0,32,5,0,,,
FR,Merced,2017,pell_status,pell,1,0.0,3.63,625,256,37,,,
FR,Merced,2017,pell_status,pell,2,3.63,3.88,125,29,6,,,
FR,Merced,2017,pell_status,pell,3,3.88,4.0,59,16,2,,,
FR,Merced,2018,ethnicity,aian,1,0.0,3.68,3,1,0,,,
FR,Merced,2018,ethnicity,aian,2,3.68,3.9,1,0,0,,,
FR,Merced,2018,ethnicity,asian,1,0.0,3.68,223,49,12,,,
FR,Merced,2018,ethnicity,asian,2,3.68,3.9,52,11,3,,,
FR,Merced,2018,ethnicity,asian,3,3.9,4.0,19,3,0,,,
FR,Merced,2018,ethnicity,black,1,0.0,3.68,58,19,5,,,
FR,Merced,2018,ethnicity,black,2,3.68,3.9,4,3,1,,,
FR,Merced,2018,ethnicity,black,3,3.9,4.0,6,2,0,,,
FR,Merced,2018,ethnicity,hispanic_latino,1,0.0,3.68,479,165,27,,,
FR,Merced,2018,ethnicity,hispanic_latino,2,3.68,3.9,76,31,1,,,
FR,Merced,2018,ethnicity,hispanic_latino,3,3.9,4.0,45,9,1,,,
FR,Merced,2018,ethnicity,international,1,0.0,3.68,66,32,1,,,
FR,Merced,2018,ethnicity,international,2,3.68,3.9,9,6,2,,,
FR,Merced,2018,ethnicity,international,3,3.9,4.0,1,1,1,,,
FR,Merced,2018,ethnicity,white,1,0.0,3.68,62,20,6,,,
FR,Merced,2018,ethnicity,white,2,3.68,3.9,19,1,0,,,
FR,Merced,2018,ethnicity,white,3,3.9,4.0,15,3,0,,,
FR,Merced,2018,first_gen_status,first_gen,1,0.0,3.68,657,227,37,,,
FR,Merced,2018,first_gen_status,first_gen,2,3.68,3.9,109,43,6,,,
FR,Merced,2018,first_gen_status,first_gen,3,3.9,4.0,59,14,2,,,
FR,Merced,2018,first_gen_status,not_first_gen,1,0.0,3.68,235,62,14,,,
FR,Merced,2018,first_gen_status,not_first_gen,2,3.68,3.9,54,9,1,,,
FR,Merced,2018,first_gen_status,not_first_gen,3,3.9,4.0,25,4,0,,,
FR,Merced,2018,pell_status,non_pell,1,0.0,3.68,284,88,9,,,
FR,Merced,2018,pell_status,non_pell,2,3.68,3.9,49,16,2,,,
FR,Merced,2018,pell_status,non_pell,3,3.9,4.0,27,5,1,,,
FR,Merced,2018,pell_status,pell,1,0.0,3.68,624,206,44,,,
FR,Merced,2018,pell_status,pell,2,3.68,3.9,116,36,5,,,
FR,Merced,2018,pell_status,pell,3,3.9,4.0,60,13,1,,,
FR,Merced,2019,ethnicity,aian,1,1.38,3.69,2,1,0,,,
FR,Merced,2019,ethnicity,aian,2,3.91,4.0,1,0,0,,,
FR,Merced,2019,ethnicity,asian,1,1.38,3.69,224,46,20,,,
FR,Merced,2019,ethnicity,asian,2,3.69,3.91,39,7,2,,,
FR,Merced,2019,ethnicity,asian,3,3.91,4.0,15,2,0,,,
FR,Merced,2019,ethnicity,black,1,1.38,3.69,54,14,3,,,
FR,Merced,2019,ethnicity,black,2,3.69,3.91,5,0,0,,,
FR,Merced,2019,ethnicity,black,3,3.91,4.0,3,0,0,,,
FR,Merced,2019,ethnicity,hispanic_latino,1,1.38,3.69,489,149,32,,,
FR,Merced,2019,ethnicity,hispanic_latino,2,3.69,3.91,85,12,6,,,
FR,Merced,2019,ethnicity,hispanic_latino,3,3.91,4.0,31,10,0,,,
FR,Merced,2019,ethnicity,international,1,1.38,3.69,55,20,6,,,
FR,Merced,2019,ethnicity,international,2,3.69,3.91,12,6,0,,,
FR,Merced,2019,ethnicity,international,3,3.91,4.0,1,2,0,,,
FR,Merced,2019,ethnicity,white,1,1.38,3.69,58,17,4,,,
FR,Merced,2019,ethnicity,white,2,3.69,3.91,15,0,1,,,
FR,Merced,2019,ethnicity,white,3,3.91,4.0,13,2,0,,,
FR,Merced,2019,first_gen_status,first_gen,1,1.38,3.69,651,201,47,,,
FR,Merced,2019,first_gen_status,first_gen,2,3.69,3.91,107,22,9,,,
FR,Merced,2019,first_gen_status,first_gen,3,3.91,4.0,40,11,0,,,
FR,Merced,2019,first_gen_status,not_first_gen,1,1.38,3.69,226,55,18,,,
FR,Merced,2019,first_gen_status,not_first_gen,2,3.69,3.91,44,2,1,,,
FR,Merced,2019,first_gen_status,not_first_gen,3,3.91,4.0,21,4,0,,,
FR,Merced,2019,pell_status,non_pell,1,1.38,3.69,279,81,18,,,
FR,Merced,2019,pell_status,non_pell,2,3.69,3.91,49,6,2,,,
FR,Merced,2019,pell_status,non_pell,3,3.91,4.0,19,3,0,,,
FR,Merced,2019,pell_status,pell,1,1.38,3.69,612,178,48,,,
FR,Merced,2019,pell_status,pell,2,3.69,3.91,109,19,8,,,
FR,Merced,2019,pell_status,pell,3,3.91,4.0,45,13,0,,,
FR,Merced,2020,ethnicity,aian,1,1.1,3.67,4,0,0,,,
FR,Merced,2020,ethnicity,aian,2,3.67,3.91,1,0,0,,,
FR,Merced,2020,ethnicity,aian,3,3.91,4.0,1,0,0,,,
FR,Merced,2020,ethnicity,asian,1,1.1,3.67,123,45,0,,,
FR,Merced,2020,ethnicity,asian,2,3.67,3.91,32,12,0,,,
FR,Merced,2020,ethnicity,asian,3,3.91,4.0,9,1,0,,,
FR,Merced,2020,ethnicity,black,1,1.1,3.67,50,22,0,,,
FR,Merced,2020,ethnicity,black,2,3.67,3.91,9,0,0,,,
FR,Merced,2020,ethnicity,black,3,3.91,4.0,3,0,0,,,
FR,Merced,2020,ethnicity,hispanic_latino,1,1.1,3.67,410,120,0,,,
FR,Merced,2020,ethnicity,hispanic_latino,2,3.67,3.91,109,14,0,,,
FR,Merced,2020,ethnicity,hispanic_latino,3,3.91,4.0,43,5,0,,,
FR,Merced,2020,ethnicity,international,1,1.1,3.67,42,12,0,,,
FR,Merced,2020,ethnicity,international,2,3.67,3.91,6,5,0,,,
FR,Merced,2020,ethnicity,international,3,3.91,4.0,4,0,0,,,
FR,Merced,2020,ethnicity,white,1,1.1,3.67,41,13,0,,,
FR,Merced,2020,ethnicity,white,2,3.67,3.91,14,3,0,,,
FR,Merced,2020,ethnicity,white,3,3.91,4.0,6,1,0,,,
FR,Merced,2020,first_gen_status,first_gen,1,1.1,3.67,525,150,0,,,
FR,Merced,2020,first_gen_status,first_gen,2,3.67,3.91,122,26,0,,,
FR,Merced,2020,first_gen_status,first_gen,3,3.91,4.0,56,7,0,,,
FR,Merced,2020,first_gen_status,not_first_gen,1,1.1,3.67,149,59,0,,,
FR,Merced,2020,first_gen_status,not_first_gen,2,3.67,3.91,52,8,0,,,
FR,Merced,2020,first_gen_status,not_first_gen,3,3.91,4.0,11,0,0,,,
FR,Merced,2020,pell_status,non_pell,1,1.1,3.67,196,62,0,,,
FR,Merced,2020,pell_status,non_pell,2,3.67,3.91,51,11,0,,,
FR,Merced,2020,pell_status,non_pell,3,3.91,4.0,19,1,0,,,
FR,Merced,2020,pell_status,pell,1,1.1,3.67,488,152,0,,,
FR,Merced,2020,pell_status,pell,2,3.67,3.91,125,23,0,,,
FR,Merced,2020,pell_status,pell,3,3.91,4.0,48,6,0,,,
FR,Merced,2021,ethnicity,aian,1,0.0,3.71,1,0,0,,,
FR,Merced,2021,ethnicity,aian,2,3.71,3.92,1,0,0,,,
FR,Merced,2021,ethnicity,asian,1,0.0,3.71,285,0,0,,,
FR,Merced,2021,ethnicity,asian,2,3.71,3.92,43,0,0,,,
FR,Merced,2021,ethnicity,asian,3,3.92,4.0,25,0,0,,,
FR,Merced,2021,ethnicity,black,1,0.0,3.71,82,0,0,,,
FR,Merced,2021,ethnicity,black,2,3.71,3.92,4,0,0,,,
FR,Merced,2021,ethnicity,black,3,3.92,4.0,3,0,0,,,
FR,Merced,2021,ethnicity,hispanic_latino,1,0.0,3.71,450,0,0,,,
FR,Merced,2021,ethnicity,hispanic_latino,2,3.71,3.92,88,0,0,,,
FR,Merced,2021,ethnicity,hispanic_latino,3,3.92,4.0,51,0,0,,,
FR,Merced,2021,ethnicity,international,1,0.0,3.71,27,0,0,,,
FR,Merced,2021,ethnicity,international,2,3.71,3.92,5,0,0,,,
FR,Merced,2021,ethnicity,international,3,3.92,4.0,1,0,0,,,
FR,Merced,2021,ethnicity,white,1,0.0,3.71,82,0,0,,,
FR,Merced,2021,ethnicity,white,2,3.71,3.92,14,0,0,,,
FR,Merced,2021,ethnicity,white,3,3.92,4.0,14,0,0,,,
FR,Merced,2021,first_gen_status,first_gen,1,0.0,3.71,562,0,0,,,
FR,Merced,2021,first_gen_status,first_gen,2,3.71,3.92,106,0,0,,,
FR,Merced,2021,first_gen_status,first_gen,3,3.92,4.0,58,0,0,,,
FR,Merced,2021,first_gen_status,not_first_gen,1,0.0,3.71,367,0,0,,,
FR,Merced,2021,first_gen_status,not_first_gen,2,3.71,3.92,52,0,0,,,
FR,Merced,2021,first_gen_status,not_first_gen,3,3.92,4.0,37,0,0,,,
FR,Merced,2021,pell_status,non_pell,1,0.0,3.71,357,0,0,,,
FR,Merced,2021,pell_status,non_pell,2,3.71,3.92,48,0,0,,,
FR,Merced,2021,pell_status,non_pell,3,3.92,4.0,27,0,0,,,
FR,Merced,2021,pell_status,pell,1,0.0,3.71,587,0,0,,,
FR,Merced,2021,pell_status,pell,2,3.71,3.92,111,0,0,,,
FR,Merced,2021,pell_status,pell,3,3.92,4.0,69,0,0,,,
FR,Riverside,2010,ethnicity,aian,1,1.75,3.47,6,3,1,,,
FR,Riverside,2010,ethnicity,aian,2,3.47,3.79,2,3,0,,,
FR,Riverside,2010,ethnicity,aian,3,3.79,4.0,1,0,1,,,
FR,Riverside,2010,ethnicity,asian,1,1.75,3.47,759,346,44,,,
FR,Riverside,2010,ethnicity,asian,2,3.47,3.79,168,59,9,,,
FR,Riverside,2010,ethnicity,asian,3,3.79,4.0,46,12,1,,,
FR,Riverside,2010,ethnicity,black,1,1.75,3.47,85,62,7,,,
FR,Riverside,2010,ethnicity,black,2,3.47,3.79,27,7,1,,,
FR,Riverside,2010,ethnicity,black,3,3.79,4.0,8,1,0,,,
FR,Riverside,2010,ethnicity,hispanic_latino,1,1.75,3.47,467,282,45,,,
FR,Riverside,2010,ethnicity,hispanic_latino,2,3.47,3.79,136,101,9,,,
FR,Riverside,2010,ethnicity,hispanic_latino,3,3.79,4.0,53,27,0,,,
FR,Riverside,2010,ethnicity,international,1,1.75,3.47,14,4,1,,,
FR,Riverside,2010,ethnicity,international,2,3.47,3.79,5,2,0,,,
FR,Riverside,2010,ethnicity,international,3,3.79,4.0,0,1,0,,,
FR,Riverside,2010,ethnicity,white,1,1.75,3.47,195,89,19,,,
FR,Riverside,2010,ethnicity,white,2,3.47,3.79,62,24,5,,,
FR,Riverside,2010,ethnicity,white,3,3.79,4.0,39,11,0,,,
FR,Riverside,2010,first_gen_status,first_gen,1,1.75,3.47,817,456,67,,,
FR,Riverside,2010,first_gen_status,first_gen,2,3.47,3.79,212,125,16,,,
FR,Riverside,2010,first_gen_status,first_gen,3,3.79,4.0,87,34,1,,,
FR,Riverside,2010,first_gen_status,not_first_gen,1,1.75,3.47,680,326,54,,,
FR,Riverside,2010,first_gen_status,not_first_gen,2,3.47,3.79,179,71,7,,,
FR,Riverside,2010,first_gen_status,not_first_gen,3,3.79,4.0,58,18,1,,,
FR,Riverside,2010,pell_status,non_pell,1,1.75,3.47,572,265,47,,,
FR,Riverside,2010,pell_status,non_pell,2,3.47,3.79,155,63,7,,,
FR,Riverside,2010,pell_status,non_pell,3,3.79,4.0,51,20,1,,,
FR,Riverside,2010,pell_status,pell,1,1.75,3.47,1001,555,78,,,
FR,Riverside,2010,pell_status,pell,2,3.47,3.79,261,141,18,,,
FR,Riverside,2010,pell_status,pell,3,3.79,4.0,100,35,2,,,
FR,Riverside,2011,ethnicity,aian,1,0.87,3.5,2,3,0,,,
FR,Riverside,2011,ethnicity,aian,2,3.5,3.8,0,0,0,,,
FR,Riverside,2011,ethnicity,aian,3,3.8,4.0,2,0,0,,,
FR,Riverside,2011,ethnicity,asian,1,0.87,3.5,638,205,26,,,
FR,Riverside,2011,ethnicity,asian,2,3.5,3.8,179,43,4,,,
FR,Riverside,2011,ethnicity,asian,3,3.8,4.0,46,11,1,,,
FR,Riverside,2011,ethnicity,black,1,0.87,3.5,75,39,9,,,
FR,Riverside,2011,ethnicity,black,2,3.5,3.8,28,9,2,,,
FR,Riverside,2011,ethnicity,black,3,3.8,4.0,6,3,0,,,
FR,Riverside,2011,ethnicity,hispanic_latino,1,0.87,3.5,498,205,33,,,
FR,Riverside,2011,ethnicity,hispanic_latino,2,3.5,3.8,158,69,5,,,
FR,Riverside,2011,ethnicity,hispanic_latino,3,3.8,4.0,59,22,2,,,
FR,Riverside,2011,ethnicity,international,1,0.87,3.5,16,6,2,,,
FR,Riverside,2011,ethnicity,international,2,3.5,3.8,5,1,0,,,
FR,Riverside,2011,ethnicity,international,3,3.8,4.0,1,3,0,,,
FR,Riverside,2011,ethnicity,white,1,0.87,3.5,145,63,5,,,
FR,Riverside,2011,ethnicity,white,2,3.5,3.8,64,28,4,,,
FR,Riverside,2011,ethnicity,white,3,3.8,4.0,42,11,0,,,
FR,Riverside,2011,first_gen_status,first_gen,1,0.87,3.5,780,319,52,,,
FR,Riverside,2011,first_gen_status,first_gen,2,3.5,3.8,244,104,11,,,
FR,Riverside,2011,first_gen_status,first_gen,3,3.8,4.0,83,31,2,,,
FR,Riverside,2011,first_gen_status,not_first_gen,1,0.87,3.5,591,194,22,,,
FR,Riverside,2011,first_gen_status,not_first_gen,2,3.5,3.8,189,48,4,,,
FR,Riverside,2011,first_gen_status,not_first_gen,3,3.8,4.0,71,18,1,,,
FR,Riverside,2011,pell_status,non_pell,1,0.87,3.5,508,148,20,,,
FR,Riverside,2011,pell_status,non_pell,2,3.5,3.8,155,45,2,,,
FR,Riverside,2011,pell_status,non_pell,3,3.8,4.0,69,20,0,,,
FR,Riverside,2011,pell_status,pell,1,0.87,3.5,885,382,57,,,
FR,Riverside,2011,pell_status,pell,2,3.5,3.8,283,109,13,,,
FR,Riverside,2011,pell_status,pell,3,3.8,4.0,89,31,3,,,
FR,Riverside,2012,ethnicity,aian,1,1.02,3.52,1,0,0,,,
FR,Riverside,2012,ethnicity,aian,2,3.52,3.81,1,0,0,,,
FR,Riverside,2012,ethnicity,aian,3,3.81,4.0,2,0,0,,,
FR,Riverside,2012,ethnicity,asian,1,1.02,3.52,794,244,37,,,
FR,Riverside,2012,ethnicity,asian,2,3.52,3.81,173,37,8,,,
FR,Riverside,2012,ethnicity,asian,3,3.81,4.0,36,9,1,,,
FR,Riverside,2012,ethnicity,black,1,1.02,3.52,99,35,9,,,
FR,Riverside,2012,ethnicity,black,2,3.52,3.81,28,12,0,,,
FR,Riverside,2012,ethnicity,black,3,3.81,4.0,6,5,0,,,
FR,Riverside,2012,ethnicity,hispanic_latino,1,1.02,3.52,519,193,27,,,
FR,Riverside,2012,ethnicity,hispanic_latino,2,3.52,3.81,192,50,15,,,
FR,Riverside,2012,ethnicity,hispanic_latino,3,3.81,4.0,59,17,2,,,
FR,Riverside,2012,ethnicity,international,1,1.02,3.52,39,5,5,,,
FR,Riverside,2012,ethnicity,international,2,3.52,3.81,10,3,1,,,
FR,Riverside,2012,ethnicity,international,3,3.81,4.0,9,0,0,,,
FR,Riverside,2012,ethnicity,white,1,1.02,3.52,197,52,12,,,
FR,Riverside,2012,ethnicity,white,2,3.52,3.81,52,15,2,,,
FR,Riverside,2012,ethnicity,white,3,3.81,4.0,38,6,2,,,
FR,Riverside,2012,first_gen_status,first_gen,1,1.02,3.52,884,312,43,,,
FR,Riverside,2012,first_gen_status,first_gen,2,3.52,3.81,272,75,19,,,
FR,Riverside,2012,first_gen_status,first_gen,3,3.81,4.0,76,24,0,,,
FR,Riverside,2012,first_gen_status,not_first_gen,1,1.02,3.52,743,219,45,,,
FR,Riverside,2012,first_gen_status,not_first_gen,2,3.52,3.81,180,45,7,,,
FR,Riverside,2012,first_gen_status,not_first_gen,3,3.81,4.0,71,13,5,,,
FR,Riverside,2012,pell_status,non_pell,1,1.02,3.52,642,161,36,,,
FR,Riverside,2012,pell_status,non_pell,2,3.52,3.81,172,35,7,,,
FR,Riverside,2012,pell_status,non_pell,3,3.81,4.0,58,7,3,,,
FR,Riverside,2012,pell_status,pell,1,1.02,3.52,1024,378,58,,,
FR,Riverside,2012,pell_status,pell,2,3.52,3.81,293,85,19,,,
FR,Riverside,2012,pell_status,pell,3,3.81,4.0,95,30,2,,,
FR,Riverside,2013,ethnicity,aian,1,1.21,3.57,3,2,0,,,
FR,Riverside,2013,ethnicity,aian,2,3.57,3.84,2,0,0,,,
FR,Riverside,2013,ethnicity,aian,3,3.84,4.0,2,0,0,,,
FR,Riverside,2013,ethnicity,asian,1,1.21,3.57,942,248,41,,,
FR,Riverside,2013,ethnicity,asian,2,3.57,3.84,142,43,3,,,
FR,Riverside,2013,ethnicity,asian,3,3.84,4.0,38,5,2,,,
FR,Riverside,2013,ethnicity,black,1,1.21,3.57,85,39,9,,,
FR,Riverside,2013,ethnicity,black,2,3.57,3.84,16,11,2,,,
FR,Riverside,2013,ethnicity,black,3,3.84,4.0,5,0,0,,,
FR,Riverside,2013,ethnicity,hispanic_latino,1,1.21,3.57,571,207,40,,,
FR,Riverside,2013,ethnicity,hispanic_latino,2,3.57,3.84,128,59,10,,,
FR,Riverside,2013,ethnicity,hispanic_latino,3,3.84,4.0,57,16,2,,,
FR,Riverside,2013,ethnicity,international,1,1.21,3.57,56,17,0,,,
FR,Riverside,2013,ethnicity,international,2,3.57,3.84,13,4,0,,,
FR,Riverside,2013,ethnicity,international,3,3.84,4.0,17,0,1,,,
FR,Riverside,2013,ethnicity,white,1,1.21,3.57,179,54,17,,,
FR,Riverside,2013,ethnicity,white,2,3.57,3.84,61,10,4,,,
FR,Riverside,2013,ethnicity,white,3,3.84,4.0,20,5,1,,,
FR,Riverside,2013,first_gen_status,first_gen,1,1.21,3.57,1005,312,57,,,
FR,Riverside,2013,first_gen_status,first_gen,2,3.57,3.84,183,80,11,,,
FR,Riverside,2013,first_gen_status,first_gen,3,3.84,4.0,76,20,5,,,
FR,Riverside,2013,first_gen_status,not_first_gen,1,1.21,3.57,835,257,47,,,
FR,Riverside,2013,first_gen_status,not_first_gen,2,3.57,3.84,175,49,9,,,
FR,Riverside,2013,first_gen_status,not_first_gen,3,3.84,4.0,64,6,1,,,
FR,Riverside,2013,pell_status,non_pell,1,1.21,3.57,712,215,37,,,
FR,Riverside,2013,pell_status,non_pell,2,3.57,3.84,165,38,6,,,
FR,Riverside,2013,pell_status,non_pell,3,3.84,4.0,54,4,2,,,
FR,Riverside,2013,pell_status,pell,1,1.21,3.57,1159,362,71,,,
FR,Riverside,2013,pell_status,pell,2,3.57,3.84,201,92,14,,,
FR,Riverside,2013,pell_status,pell,3,3.84,4.0,90,23,4,,,
FR,Riverside,2014,ethnicity,aian,1,0.25,3.59,3,5,0,,,
FR,Riverside,2014,ethnicity,aian,2,3.59,3.86,3,1,0,,,
FR,Riverside,2014,ethnicity,aian,3,3.86,4.0,1,0,0,,,
FR,Riverside,2014,ethnicity,asian,1,0.25,3.59,990,197,25,,,
FR,Riverside,2014,ethnicity,asian,2,3.59,3.86,228,36,5,,,
FR,Riverside,2014,ethnicity,asian,3,3.86,4.0,48,7,1,,,
FR,Riverside,2014,ethnicity,black,1,0.25,3.59,96,28,5,,,
FR,Riverside,2014,ethnicity,black,2,3.59,3.86,27,7,1,,,
FR,Riverside,2014,ethnicity,black,3,3.86,4.0,7,3,0,,,
FR,Riverside,2014,ethnicity,hispanic_latino,1,0.25,3.59,557,155,26,,,
FR,Riverside,2014,ethnicity,hispanic_latino,2,3.59,3.86,187,34,8,,,
FR,Riverside,2014,ethnicity,hispanic_latino,3,3.86,4.0,64,7,2,,,
FR,Riverside,2014,ethnicity,international,1,0.25,3.59,72,13,7,,,
FR,Riverside,2014,ethnicity,international,2,3.59,3.86,25,7,1,,,
FR,Riverside,2014,ethnicity,international,3,3.86,4.0,7,3,0,,,
FR,Riverside,2014,ethnicity,white,1,0.25,3.59,225,45,11,,,
FR,Riverside,2014,ethnicity,white,2,3.59,3.86,89,11,1,,,
FR,Riverside,2014,ethnicity,white,3,3.86,4.0,49,3,0,,,
FR,Riverside,2014,first_gen_status,first_gen,1,0.25,3.59,1043,267,41,,,
FR,Riverside,2014,first_gen_status,first_gen,2,3.59,3.86,294,55,11,,,
FR,Riverside,2014,first_gen_status,first_gen,3,3.86,4.0,92,15,2,,,
FR,Riverside,2014,first_gen_status,not_first_gen,1,0.25,3.59,909,178,33,,,
FR,Riverside,2014,first_gen_status,not_first_gen,2,3.59,3.86,262,40,5,,,
FR,Riverside,2014,first_gen_status,not_first_gen,3,3.86,4.0,88,8,1,,,
FR,Riverside,2014,pell_status,non_pell,1,0.25,3.59,828,161,26,,,
FR,Riverside,2014,pell_status,non_pell,2,3.59,3.86,250,38,6,,,
FR,Riverside,2014,pell_status,non_pell,3,3.86,4.0,88,6,1,,,
FR,Riverside,2014,pell_status,pell,1,0.25,3.59,1146,292,51,,,
FR,Riverside,2014,pell_status,pell,2,3.59,3.86,317,59,10,,,
FR,Riverside,2014,pell_status,pell,3,3.86,4.0,93,17,2,,,
FR,Riverside,2015,ethnicity,aian,1,1.0,3.61,6,2,0,,,
FR,Riverside,2015,ethnicity,aian,2,3.61,3.87,1,0,0,,,
FR,Riverside,2015,ethnicity,aian,3,3.87,4.0,1,0,0,,,
FR,Riverside,2015,ethnicity,asian,1,1.0,3.61,975,189,33,,,
FR,Riverside,2015,ethnicity,asian,2,3.61,3.87,183,20,10,,,
FR,Riverside,2015,ethnicity,asian,3,3.87,4.0,34,4,1,,,
FR,Riverside,2015,ethnicity,black,1,1.0,3.61,75,31,3,,,
FR,Riverside,2015,ethnicity,black,2,3.61,3.87,21,8,0,,,
FR,Riverside,2015,ethnicity,black,3,3.87,4.0,5,3,0,,,
FR,Riverside,2015,ethnicity,hispanic_latino,1,1.0,3.61,620,153,43,,,
FR,Riverside,2015,ethnicity,hispanic_latino,2,3.61,3.87,174,31,8,,,
FR,Riverside,2015,ethnicity,hispanic_latino,3,3.87,4.0,62,12,2,,,
FR,Riverside,2015,ethnicity,international,1,1.0,3.61,35,6,0,,,
FR,Riverside,2015,ethnicity,international,2,3.61,3.87,8,1,0,,,
FR,Riverside,2015,ethnicity,international,3,3.87,4.0,8,2,0,,,
FR,Riverside,2015,ethnicity,white,1,1.0,3.61,178,45,10,,,
FR,Riverside,2015,ethnicity,white,2,3.61,3.87,57,16,2,,,
FR,Riverside,2015,ethnicity,white,3,3.87,4.0,32,5,1,,,
FR,Riverside,2015,first_gen_status,first_gen,1,1.0,3.61,961,236,54,,,
FR,Riverside,2015,first_gen_status,first_gen,2,3.61,3.87,228,44,9,,,
FR,Riverside,2015,first_gen_status,first_gen,3,3.87,4.0,80,18,2,,,
FR,Riverside,2015,first_gen_status,not_first_gen,1,1.0,3.61,941,189,34,,,
FR,Riverside,2015,first_gen_status,not_first_gen,2,3.61,3.87,219,30,11,,,
FR,Riverside,2015,first_gen_status,not_first_gen,3,3.87,4.0,66,8,2,,,
FR,Riverside,2015,pell_status,non_pell,1,1.0,3.61,862,155,32,,,
FR,Riverside,2015,pell_status,non_pell,2,3.61,3.87,194,23,8,,,
FR,Riverside,2015,pell_status,non_pell,3,3.87,4.0,56,7,1,,,
FR,Riverside,2015,pell_status,pell,1,1.0,3.61,1069,278,58,,,
FR,Riverside,2015,pell_status,pell,2,3.61,3.87,262,53,12,,,
FR,Riverside,2015,pell_status,pell,3,3.87,4.0,90,19,3,,,
FR,Riverside,2016,ethnicity,aian,1,0.85,3.59,4,2,0,,,
FR,Riverside,2016,ethnicity,aian,2,3.59,3.86,1,0,0,,,
FR,Riverside,2016,ethnicity,aian,3,3.86,4.0,1,0,0,,,
FR,Riverside,2016,ethnicity,asian,1,0.85,3.59,1044,177,24,,,
FR,Riverside,2016,ethnicity,asian,2,3.59,3.86,184,26,4,,,
FR,Riverside,2016,ethnicity,asian,3,3.86,4.0,46,2,0,,,
FR,Riverside,2016,ethnicity,black,1,0.85,3.59,133,36,10,,,
FR,Riverside,2016,ethnicity,black,2,3.59,3.86,35,7,0,,,
FR,Riverside,2016,ethnicity,black,3,3.86,4.0,5,0,0,,,
FR,Riverside,2016,ethnicity,hispanic_latino,1,0.85,3.59,1076,244,49,,,
FR,Riverside,2016,ethnicity,hispanic_latino,2,3.59,3.86,299,52,6,,,
FR,Riverside,2016,ethnicity,hispanic_latino,3,3.86,4.0,88,9,2,,,
FR,Riverside,2016,ethnicity,international,1,0.85,3.59,53,8,0,,,
FR,Riverside,2016,ethnicity,international,2,3.59,3.86,9,1,1,,,
FR,Riverside,2016,ethnicity,international,3,3.86,4.0,6,2,0,,,
FR,Riverside,2016,ethnicity,white,1,0.85,3.59,223,56,8,,,
FR,Riverside,2016,ethnicity,white,2,3.59,3.86,82,20,2,,,
FR,Riverside,2016,ethnicity,white,3,3.86,4.0,30,3,0,,,
FR,Riverside,2016,first_gen_status,first_gen,1,0.85,3.59,1573,321,55,,,
FR,Riverside,2016,first_gen_status,first_gen,2,3.59,3.86,379,66,8,,,
FR,Riverside,2016,first_gen_status,first_gen,3,3.86,4.0,109,15,1,,,
FR,Riverside,2016,first_gen_status,not_first_gen,1,0.85,3.59,956,202,36,,,
FR,Riverside,2016,first_gen_status,not_first_gen,2,3.59,3.86,232,39,6,,,
FR,Riverside,2016,first_gen_status,not_first_gen,3,3.86,4.0,69,1,1,,,
FR,Riverside,2016,pell_status,non_pell,1,0.85,3.59,993,210,28,,,
FR,Riverside,2016,pell_status,non_pell,2,3.59,3.86,226,34,4,,,
FR,Riverside,2016,pell_status,non_pell,3,3.86,4.0,80,3,0,,,
FR,Riverside,2016,pell_status,pell,1,0.85,3.59,1580,323,66,,,
FR,Riverside,2016,pell_status,pell,2,3.59,3.86,394,74,10,,,
FR,Riverside,2016,pell_status,pell,3,3.86,4.0,99,13,2,,,
FR,Riverside,2017,ethnicity,aian,1,0.0,3.63,3,4,0,,,
FR,Riverside,2017,ethnicity,aian,2,3.63,3.88,2,0,0,,,
FR,Riverside,2017,ethnicity,asian,1,0.0,3.63,1135,127,32,,,
FR,Riverside,2017,ethnicity,asian,2,3.63,3.88,211,18,3,,,
FR,Riverside,2017,ethnicity,asian,3,3.88,4.0,43,2,1,,,
FR,Riverside,2017,ethnicity,black,1,0.0,3.63,100,31,5,,,
FR,Riverside,2017,ethnicity,black,2,3.63,3.88,35,8,1,,,
FR,Riverside,2017,ethnicity,black,3,3.88,4.0,8,1,1,,,
FR,Riverside,2017,ethnicity,hispanic_latino,1,0.0,3.63,771,138,34,,,
FR,Riverside,2017,ethnicity,hispanic_latino,2,3.63,3.88,252,41,4,,,
FR,Riverside,2017,ethnicity,hispanic_latino,3,3.88,4.0,75,6,1,,,
FR,Riverside,2017,ethnicity,international,1,0.0,3.63,41,8,3,,,
FR,Riverside,2017,ethnicity,international,2,3.63,3.88,13,0,0,,,
FR,Riverside,2017,ethnicity,international,3,3.88,4.0,4,0,0,,,
FR,Riverside,2017,ethnicity,white,1,0.0,3.63,208,49,12,,,
FR,Riverside,2017,ethnicity,white,2,3.63,3.88,59,10,1,,,
FR,Riverside,2017,ethnicity,white,3,3.88,4.0,36,1,0,,,
FR,Riverside,2017,first_gen_status,first_gen,1,0.0,3.63,1198,190,45,,,
FR,Riverside,2017,first_gen_status,first_gen,2,3.63,3.88,301,45,4,,,
FR,Riverside,2017,first_gen_status,first_gen,3,3.88,4.0,77,4,2,,,
FR,Riverside,2017,first_gen_status,not_first_gen,1,0.0,3.63,1058,162,42,,,
FR,Riverside,2017,first_gen_status,not_first_gen,2,3.63,3.88,263,32,5,,,
FR,Riverside,2017,first_gen_status,not_first_gen,3,3.88,4.0,89,6,1,,,
FR,Riverside,2017,pell_status,non_pell,1,0.0,3.63,977,143,33,,,
FR,Riverside,2017,pell_status,non_pell,2,3.63,3.88,257,31,3,,,
FR,Riverside,2017,pell_status,non_pell,3,3.88,4.0,89,1,1,,,
FR,Riverside,2017,pell_status,pell,1,0.0,3.63,1322,219,54,,,
FR,Riverside,2017,pell_status,pell,2,3.63,3.88,319,47,6,,,
FR,Riverside,2017,pell_status,pell,3,3.88,4.0,81,9,2,,,
FR,Riverside,2018,ethnicity,asian,1,0.0,3.68,1170,146,24,,,
FR,Riverside,2018,ethnicity,asian,2,3.68,3.9,225,23,2,,,
FR,Riverside,2018,ethnicity,asian,3,3.9,4.0,62,5,3,,,
FR,Riverside,2018,ethnicity,black,1,0.0,3.68,86,12,8,,,
FR,Riverside,2018,ethnicity,black,2,3.68,3.9,21,6,0,,,
FR,Riverside,2018,ethnicity,black,3,3.9,4.0,13,0,1,,,
FR,Riverside,2018,ethnicity,hispanic_latino,1,0.0,3.68,726,129,32,,,
FR,Riverside,2018,ethnicity,hispanic_latino,2,3.68,3.9,211,33,5,,,
FR,Riverside,2018,ethnicity,hispanic_latino,3,3.9,4.0,89,9,4,,,
FR,Riverside,2018,ethnicity,international,1,0.0,3.68,54,5,1,,,
FR,Riverside,2018,ethnicity,international,2,3.68,3.9,8,1,0,,,
FR,Riverside,2018,ethnicity,international,3,3.9,4.0,8,0,1,,,
FR,Riverside,2018,ethnicity,white,1,0.0,3.68,197,44,6,,,
FR,Riverside,2018,ethnicity,white,2,3.68,3.9,68,9,2,,,
FR,Riverside,2018,ethnicity,white,3,3.9,4.0,33,4,2,,,
FR,Riverside,2018,first_gen_status,first_gen,1,0.0,3.68,1168,182,42,,,
FR,Riverside,2018,first_gen_status,first_gen,2,3.68,3.9,286,45,6,,,
FR,Riverside,2018,first_gen_status,first_gen,3,3.9,4.0,124,12,5,,,
FR,Riverside,2018,first_gen_status,not_first_gen,1,0.0,3.68,1060,161,31,,,
FR,Riverside,2018,first_gen_status,not_first_gen,2,3.68,3.9,249,31,3,,,
FR,Riverside,2018,first_gen_status,not_first_gen,3,3.9,4.0,83,6,6,,,
FR,Riverside,2018,pell_status,non_pell,1,0.0,3.68,988,143,27,,,
FR,Riverside,2018,pell_status,non_pell,2,3.68,3.9,239,22,4,,,
FR,Riverside,2018,pell_status,non_pell,3,3.9,4.0,86,8,3,,,
FR,Riverside,2018,pell_status,pell,1,0.0,3.68,1286,204,46,,,
FR,Riverside,2018,pell_status,pell,2,3.68,3.9,304,55,5,,,
FR,Riverside,2018,pell_status,pell,3,3.9,4.0,127,10,8,,,
FR,Riverside,2019,ethnicity,asian,1,1.38,3.69,1236,173,37,,,
FR,Riverside,2019,ethnicity,asian,2,3.69,3.91,264,31,2,,,
FR,Riverside,2019,ethnicity,asian,3,3.91,4.0,89,6,1,,,
FR,Riverside,2019,ethnicity,black,1,1.38,3.69,96,18,4,,,
FR,Riverside,2019,ethnicity,black,2,3.69,3.91,28,4,0,,,
FR,Riverside,2019,ethnicity,black,3,3.91,4.0,2,0,0,,,
FR,Riverside,2019,ethnicity,hispanic_latino,1,1.38,3.69,680,145,26,,,
FR,Riverside,2019,ethnicity,hispanic_latino,2,3.69,3.91,229,43,9,,,
FR,Riverside,2019,ethnicity,hispanic_latino,3,3.91,4.0,122,13,0,,,
FR,Riverside,2019,ethnicity,international,1,1.38,3.69,39,2,5,,,
FR,Riverside,2019,ethnicity,international,2,3.69,3.91,10,6,0,,,
FR,Riverside,2019,ethnicity,international,3,3.91,4.0,4,1,0,,,
FR,Riverside,2019,ethnicity,white,1,1.38,3.69,212,36,6,,,
FR,Riverside,2019,ethnicity,white,2,3.69,3.91,85,7,1,,,
FR,Riverside,2019,ethnicity,white,3,3.91,4.0,38,2,1,,,
FR,Riverside,2019,first_gen_status,first_gen,1,1.38,3.69,1095,182,28,,,
FR,Riverside,2019,first_gen_status,first_gen,2,3.69,3.91,324,42,5,,,
FR,Riverside,2019,first_gen_status,first_gen,3,3.91,4.0,147,11,1,,,
FR,Riverside,2019,first_gen_status,not_first_gen,1,1.38,3.69,1171,190,47,,,
FR,Riverside,2019,first_gen_status,not_first_gen,2,3.69,3.91,290,50,7,,,
FR,Riverside,2019,first_gen_status,not_first_gen,3,3.91,4.0,106,11,1,,,
FR,Riverside,2019,pell_status,non_pell,1,1.38,3.69,1092,166,44,,,
FR,Riverside,2019,pell_status,non_pell,2,3.69,3.91,298,43,5,,,
FR,Riverside,2019,pell_status,non_pell,3,3.91,4.0,120,9,0,,,
FR,Riverside,2019,pell_status,pell,1,1.38,3.69,1217,213,34,,,
FR,Riverside,2019,pell_status,pell,2,3.69,3.91,324,50,7,,,
FR,Riverside,2019,pell_status,pell,3,3.91,4.0,139,13,2,,,
FR,Riverside,2020,ethnicity,aian,1,1.1,3.67,0,0,,,,
FR,Riverside,2020,ethnicity,asian,1,1.1,3.67,1001,209,0,,,
FR,Riverside,2020,ethnicity,asian,2,3.67,3.91,231,33,0,,,
FR,Riverside,2020,ethnicity,asian,3,3.91,4.0,69,6,0,,,
FR,Riverside,2020,ethnicity,black,1,1.1,3.67,109,32,0,,,
FR,Riverside,2020,ethnicity,black,2,3.67,3.91,29,12,0,,,
FR,Riverside,2020,ethnicity,black,3,3.91,4.0,12,2,0,,,
FR,Riverside,2020,ethnicity,hispanic_latino,1,1.1,3.67,693,138,0,,,
FR,Riverside,2020,ethnicity,hispanic_latino,2,3.67,3.91,287,56,0,,,
FR,Riverside,2020,ethnicity,hispanic_latino,3,3.91,4.0,112,15,0,,,
FR,Riverside,2020,ethnicity,international,1,1.1,3.67,35,16,0,,,
FR,Riverside,2020,ethnicity,international,2,3.67,3.91,12,3,0,,,
FR,Riverside,2020,ethnicity,international,3,3.91,4.0,3,0,0,,,
FR,Riverside,2020,ethnicity,white,1,1.1,3.67,175,42,0,,,
FR,Riverside,2020,ethnicity,white,2,3.67,3.91,79,6,0,,,
FR,Riverside,2020,ethnicity,white,3,3.91,4.0,40,0,0,,,
FR,Riverside,2020,first_gen_status,first_gen,1,1.1,3.67,1021,212,0,,,
FR,Riverside,2020,first_gen_status,first_gen,2,3.67,3.91,344,73,0,,,
FR,Riverside,2020,first_gen_status,first_gen,3,3.91,4.0,135,14,0,,,
FR,Riverside,2020,first_gen_status,not_first_gen,1,1.1,3.67,993,214,0,,,
FR,Riverside,2020,first_gen_status,not_first_gen,2,3.67,3.91,294,38,0,,,
FR,Riverside,2020,first_gen_status,not_first_gen,3,3.91,4.0,102,10,0,,,
FR,Riverside,2020,pell_status,non_pell,1,1.1,3.67,926,205,0,,,
FR,Riverside,2020,pell_status,non_pell,2,3.67,3.91,286,37,0,,,
FR,Riverside,2020,pell_status,non_pell,3,3.91,4.0,112,7,0,,,
FR,Riverside,2020,pell_status,pell,1,1.1,3.67,1122,236,0,,,
FR,Riverside,2020,pell_status,pell,2,3.67,3.91,363,74,0,,,
FR,Riverside,2020,pell_status,pell,3,3.91,4.0,131,17,0,,,
FR,Riverside,2021,ethnicity,aian,1,0.0,3.71,3,0,0,,,
FR,Riverside,2021,ethnicity,aian,2,3.92,4.0,1,0,0,,,
FR,Riverside,2021,ethnicity,asian,1,0.0,3.71,1149,0,0,,,
FR,Riverside,2021,ethnicity,asian,2,3.71,3.92,344,0,0,,,
FR,Riverside,2021,ethnicity,asian,3,3.92,4.0,100,0,0,,,
FR,Riverside,2021,ethnicity,black,1,0.0,3.71,102,0,0,,,
FR,Riverside,2021,ethnicity,black,2,3.71,3.92,26,0,0,,,
FR,Riverside,2021,ethnicity,black,3,3.92,4.0,12,0,0,,,
FR,Riverside,2021,ethnicity,hispanic_latino,1,0.0,3.71,768,0,0,,,
FR,Riverside,2021,ethnicity,hispanic_latino,2,3.71,3.92,243,0,0,,,
FR,Riverside,2021,ethnicity,hispanic_latino,3,3.92,4.0,116,0,0,,,
FR,Riverside,2021,ethnicity,international,1,0.0,3.71,46,0,0,,,
FR,Riverside,2021,ethnicity,international,2,3.71,3.92,10,0,0,,,
FR,Riverside,2021,ethnicity,international,3,3.92,4.0,6,0,0,,,
FR,Riverside,2021,ethnicity,white,1,0.0,3.71,202,0,0,,,
FR,Riverside,2021,ethnicity,white,2,3.71,3.92,94,0,0,,,
FR,Riverside,2021,ethnicity,white,3,3.92,4.0,41,0,0,,,
FR,Riverside,2021,first_gen_status,first_gen,1,0.0,3.71,1093,0,0,,,
FR,Riverside,2021,first_gen_status,first_gen,2,3.71,3.92,332,0,0,,,
FR,Riverside,2021,first_gen_status,first_gen,3,3.92,4.0,143,0,0,,,
FR,Riverside,2021,first_gen_status,not_first_gen,1,0.0,3.71,1176,0,0,,,
FR,Riverside,2021,first_gen_status,not_first_gen,2,3.71,3.92,390,0,0,,,
FR,Riverside,2021,first_gen_status,not_first_gen,3,3.92,4.0,133,0,0,,,
FR,Riverside,2021,pell_status,non_pell,1,0.0,3.71,1120,0,0,,,
FR,Riverside,2021,pell_status,non_pell,2,3.71,3.92,375,0,0,,,
FR,Riverside,2021,pell_status,non_pell,3,3.92,4.0,123,0,0,,,
FR,Riverside,2021,pell_status,pell,1,0.0,3.71,1186,0,0,,,
FR,Riverside,2021,pell_status,pell,2,3.71,3.92,354,0,0,,,
FR,Riverside,2021,pell_status,pell,3,3.92,4.0,157,0,0,,,
FR,San Diego,2010,ethnicity,aian,1,1.75,3.47,2,1,0,,,
FR,San Diego,2010,ethnicity,aian,2,3.47,3.79,6,2,1,,,
FR,San Diego,2010,ethnicity,aian,3,3.79,4.0,5,2,0,,,
FR,San Diego,2010,ethnicity,asian,1,1.75,3.47,204,98,22,,,
FR,San Diego,2010,ethnicity,asian,2,3.47,3.79,618,284,39,,,
FR,San Diego,2010,ethnicity,asian,3,3.79,4.0,471,155,17,,,
FR,San Diego,2010,ethnicity,black,1,1.75,3.47,9,4,2,,,
FR,San Diego,2010,ethnicity,black,2,3.47,3.79,21,6,1,,,
FR,San Diego,2010,ethnicity,black,3,3.79,4.0,10,3,0,,,
FR,San Diego,2010,ethnicity,hispanic_latino,1,1.75,3.47,45,41,6,,,
FR,San Diego,2010,ethnicity,hispanic_latino,2,3.47,3.79,129,82,19,,,
FR,San Diego,2010,ethnicity,hispanic_latino,3,3.79,4.0,80,78,5,,,
FR,San Diego,2010,ethnicity,international,1,1.75,3.47,15,8,3,,,
FR,San Diego,2010,ethnicity,international,2,3.47,3.79,34,10,8,,,
FR,San Diego,2010,ethnicity,international,3,3.79,4.0,37,10,3,,,
FR,San Diego,2010,ethnicity,white,1,1.75,3.47,28,20,6,,,
FR,San Diego,2010,ethnicity,white,2,3.47,3.79,213,62,7,,,
FR,San Diego,2010,ethnicity,white,3,3.79,4.0,270,74,4,,,
FR,San Diego,2010,first_gen_status,first_gen,1,1.75,3.47,172,107,23,,,
FR,San Diego,2010,first_gen_status,first_gen,2,3.47,3.79,427,215,41,,,
FR,San Diego,2010,first_gen_status,first_gen,3,3.79,4.0,300,146,14,,,
FR,San Diego,2010,first_gen_status,not_first_gen,1,1.75,3.47,131,60,16,,,
FR,San Diego,2010,first_gen_status,not_first_gen,2,3.47,3.79,601,233,35,,,
FR,San Diego,2010,first_gen_status,not_first_gen,3,3.79,4.0,564,171,14,,,
FR,San Diego,2010,pell_status,non_pell,1,1.75,3.47,99,48,12,,,
FR,San Diego,2010,pell_status,non_pell,2,3.47,3.79,548,189,20,,,
FR,San Diego,2010,pell_status,non_pell,3,3.79,4.0,541,160,12,,,
FR,San Diego,2010,pell_status,pell,1,1.75,3.47,216,132,27,,,
FR,San Diego,2010,pell_status,pell,2,3.47,3.79,539,279,59,,,
FR,San Diego,2010,pell_status,pell,3,3.79,4.0,378,170,17,,,
FR,San Diego,2011,ethnicity,aian,1,3.5,3.8,0,1,0,,,
FR,San Diego,2011,ethnicity,aian,2,3.8,4.0,4,2,0,,,
FR,San Diego,2011,ethnicity,asian,1,0.87,3.5,148,71,16,,,
FR,San Diego,2011,ethnicity,asian,2,3.5,3.8,421,188,32,,,
FR,San Diego,2011,ethnicity,asian,3,3.8,4.0,392,128,22,,,
FR,San Diego,2011,ethnicity,black,1,0.87,3.5,6,8,1,,,
FR,San Diego,2011,ethnicity,black,2,3.5,3.8,12,6,3,,,
FR,San Diego,2011,ethnicity,black,3,3.8,4.0,5,1,2,,,
FR,San Diego,2011,ethnicity,hispanic_latino,1,0.87,3.5,65,54,14,,,
FR,San Diego,2011,ethnicity,hispanic_latino,2,3.5,3.8,118,91,21,,,
FR,San Diego,2011,ethnicity,hispanic_latino,3,3.8,4.0,98,67,12,,,
FR,San Diego,2011,ethnicity,international,1,0.87,3.5,29,8,5,,,
FR,San Diego,2011,ethnicity,international,2,3.5,3.8,63,26,9,,,
FR,San Diego,2011,ethnicity,international,3,3.8,4.0,62,18,7,,,
FR,San Diego,2011,ethnicity,white,1,0.87,3.5,46,27,5,,,
FR,San Diego,2011,ethnicity,white,2,3.5,3.8,136,47,9,,,
FR,San Diego,2011,ethnicity,white,3,3.8,4.0,242,69,11,,,
FR,San Diego,2011,first_gen_status,first_gen,1,0.87,3.5,156,109,23,,,
FR,San Diego,2011,first_gen_status,first_gen,2,3.5,3.8,353,193,40,,,
FR,San Diego,2011,first_gen_status,first_gen,3,3.8,4.0,276,133,29,,,
FR,San Diego,2011,first_gen_status,not_first_gen,1,0.87,3.5,138,57,18,,,
FR,San Diego,2011,first_gen_status,not_first_gen,2,3.5,3.8,392,170,33,,,
FR,San Diego,2011,first_gen_status,not_first_gen,3,3.8,4.0,526,155,25,,,
FR,San Diego,2011,pell_status,non_pell,1,0.87,3.5,124,44,13,,,
FR,San Diego,2011,pell_status,non_pell,2,3.5,3.8,353,122,29,,,
FR,San Diego,2011,pell_status,non_pell,3,3.8,4.0,514,138,26,,,
FR,San Diego,2011,pell_status,pell,1,0.87,3.5,172,127,28,,,
FR,San Diego,2011,pell_status,pell,2,3.5,3.8,403,244,46,,,
FR,San Diego,2011,pell_status,pell,3,3.8,4.0,301,154,28,,,
FR,San Diego,2012,ethnicity,aian,1,1.02,3.52,1,2,0,,,
FR,San Diego,2012,ethnicity,aian,2,3.52,3.81,2,1,0,,,
FR,San Diego,2012,ethnicity,aian,3,3.81,4.0,6,0,0,,,
FR,San Diego,2012,ethnicity,asian,1,1.02,3.52,151,68,12,,,
FR,San Diego,2012,ethnicity,asian,2,3.52,3.81,622,203,37,,,
FR,San Diego,2012,ethnicity,asian,3,3.81,4.0,646,171,24,,,
FR,San Diego,2012,ethnicity,black,1,1.02,3.52,5,5,2,,,
FR,San Diego,2012,ethnicity,black,2,3.52,3.81,18,14,0,,,
FR,San Diego,2012,ethnicity,black,3,3.81,4.0,20,12,3,,,
FR,San Diego,2012,ethnicity,hispanic_latino,1,1.02,3.52,36,21,4,,,
FR,San Diego,2012,ethnicity,hispanic_latino,2,3.52,3.81,119,73,12,,,
FR,San Diego,2012,ethnicity,hispanic_latino,3,3.81,4.0,140,49,13,,,
FR,San Diego,2012,ethnicity,international,1,1.02,3.52,70,27,6,,,
FR,San Diego,2012,ethnicity,international,2,3.52,3.81,121,32,17,,,
FR,San Diego,2012,ethnicity,international,3,3.81,4.0,91,21,8,,,
FR,San Diego,2012,ethnicity,white,1,1.02,3.52,78,22,11,,,
FR,San Diego,2012,ethnicity,white,2,3.52,3.81,198,63,13,,,
FR,San Diego,2012,ethnicity,white,3,3.81,4.0,324,87,16,,,
FR,San Diego,2012,first_gen_status,first_gen,1,1.02,3.52,82,40,6,,,
FR,San Diego,2012,first_gen_status,first_gen,2,3.52,3.81,322,153,21,,,
FR,San Diego,2012,first_gen_status,first_gen,3,3.81,4.0,343,119,26,,,
FR,San Diego,2012,first_gen_status,not_first_gen,1,1.02,3.52,261,105,27,,,
FR,San Diego,2012,first_gen_status,not_first_gen,2,3.52,3.81,778,238,58,,,
FR,San Diego,2012,first_gen_status,not_first_gen,3,3.81,4.0,904,234,38,,,
FR,San Diego,2012,pell_status,non_pell,1,1.02,3.52,235,95,25,,,
FR,San Diego,2012,pell_status,non_pell,2,3.52,3.81,718,208,47,,,
FR,San Diego,2012,pell_status,non_pell,3,3.81,4.0,797,193,33,,,
FR,San Diego,2012,pell_status,pell,1,1.02,3.52,112,54,10,,,
FR,San Diego,2012,pell_status,pell,2,3.52,3.81,391,190,33,,,
FR,San Diego,2012,pell_status,pell,3,3.81,4.0,464,163,32,,,
FR,San Diego,2013,ethnicity,aian,1,1.21,3.57,0,0,0,,,
FR,San Diego,2013,ethnicity,aian,2,3.57,3.84,4,0,0,,,
FR,San Diego,2013,ethnicity,aian,3,3.84,4.0,6,5,0,,,
FR,San Diego,2013,ethnicity,asian,1,1.21,3.57,152,53,10,,,
FR,San Diego,2013,ethnicity,asian,2,3.57,3.84,735,215,32,,,
FR,San Diego,2013,ethnicity,asian,3,3.84,4.0,716,140,17,,,
FR,San Diego,2013,ethnicity,black,1,1.21,3.57,7,6,1,,,
FR,San Diego,2013,ethnicity,black,2,3.57,3.84,28,7,3,,,
FR,San Diego,2013,ethnicity,black,3,3.84,4.0,26,10,1,,,
FR,San Diego,2013,ethnicity,hispanic_latino,1,1.21,3.57,47,26,5,,,
FR,San Diego,2013,ethnicity,hispanic_latino,2,3.57,3.84,182,95,7,,,
FR,San Diego,2013,ethnicity,hispanic_latino,3,3.84,4.0,189,79,13,,,
FR,San Diego,2013,ethnicity,international,1,1.21,3.57,78,16,9,,,
FR,San Diego,2013,ethnicity,international,2,3.57,3.84,146,42,10,,,
FR,San Diego,2013,ethnicity,international,3,3.84,4.0,145,36,8,,,
FR,San Diego,2013,ethnicity,white,1,1.21,3.57,64,25,3,,,
FR,San Diego,2013,ethnicity,white,2,3.57,3.84,242,82,8,,,
FR,San Diego,2013,ethnicity,white,3,3.84,4.0,363,94,10,,,
FR,San Diego,2013,first_gen_status,first_gen,1,1.21,3.57,108,46,10,,,
FR,San Diego,2013,first_gen_status,first_gen,2,3.57,3.84,490,206,28,,,
FR,San Diego,2013,first_gen_status,first_gen,3,3.84,4.0,448,147,18,,,
FR,San Diego,2013,first_gen_status,not_first_gen,1,1.21,3.57,240,80,18,,,
FR,San Diego,2013,first_gen_status,not_first_gen,2,3.57,3.84,877,245,35,,,
FR,San Diego,2013,first_gen_status,not_first_gen,3,3.84,4.0,1013,217,30,,,
FR,San Diego,2013,pell_status,non_pell,1,1.21,3.57,227,68,14,,,
FR,San Diego,2013,pell_status,non_pell,2,3.57,3.84,829,223,31,,,
FR,San Diego,2013,pell_status,non_pell,3,3.84,4.0,959,189,28,,,
FR,San Diego,2013,pell_status,pell,1,1.21,3.57,126,61,14,,,
FR,San Diego,2013,pell_status,pell,2,3.57,3.84,550,233,32,,,
FR,San Diego,2013,pell_status,pell,3,3.84,4.0,521,182,23,,,
FR,San Diego,2014,ethnicity,aian,1,0.25,3.59,2,0,0,,,
FR,San Diego,2014,ethnicity,aian,2,3.59,3.86,3,2,0,,,
FR,San Diego,2014,ethnicity,aian,3,3.86,4.0,6,1,0,,,
FR,San Diego,2014,ethnicity,asian,1,0.25,3.59,150,48,12,,,
FR,San Diego,2014,ethnicity,asian,2,3.59,3.86,662,154,20,,,
FR,San Diego,2014,ethnicity,asian,3,3.86,4.0,674,112,15,,,
FR,San Diego,2014,ethnicity,black,1,0.25,3.59,5,3,0,,,
FR,San Diego,2014,ethnicity,black,2,3.59,3.86,22,8,2,,,
FR,San Diego,2014,ethnicity,black,3,3.86,4.0,16,9,1,,,
FR,San Diego,2014,ethnicity,hispanic_latino,1,0.25,3.59,59,23,8,,,
FR,San Diego,2014,ethnicity,hispanic_latino,2,3.59,3.86,204,92,18,,,
FR,San Diego,2014,ethnicity,hispanic_latino,3,3.86,4.0,170,70,12,,,
FR,San Diego,2014,ethnicity,international,1,0.25,3.59,54,15,8,,,
FR,San Diego,2014,ethnicity,international,2,3.59,3.86,152,37,4,,,
FR,San Diego,2014,ethnicity,international,3,3.86,4.0,214,33,10,,,
FR,San Diego,2014,ethnicity,white,1,0.25,3.59,52,19,4,,,
FR,San Diego,2014,ethnicity,white,2,3.59,3.86,157,44,11,,,
FR,San Diego,2014,ethnicity,white,3,3.86,4.0,338,55,12,,,
FR,San Diego,2014,first_gen_status,first_gen,1,0.25,3.59,174,50,17,,,
FR,San Diego,2014,first_gen_status,first_gen,2,3.59,3.86,544,176,37,,,
FR,San Diego,2014,first_gen_status,first_gen,3,3.86,4.0,447,115,25,,,
FR,San Diego,2014,first_gen_status,not_first_gen,1,0.25,3.59,152,59,15,,,
FR,San Diego,2014,first_gen_status,not_first_gen,2,3.59,3.86,670,165,18,,,
FR,San Diego,2014,first_gen_status,not_first_gen,3,3.86,4.0,1000,166,23,,,
FR,San Diego,2014,pell_status,non_pell,1,0.25,3.59,183,57,17,,,
FR,San Diego,2014,pell_status,non_pell,2,3.59,3.86,742,167,17,,,
FR,San Diego,2014,pell_status,non_pell,3,3.86,4.0,978,150,19,,,
FR,San Diego,2014,pell_status,pell,1,0.25,3.59,148,53,15,,,
FR,San Diego,2014,pell_status,pell,2,3.59,3.86,496,178,38,,,
FR,San Diego,2014,pell_status,pell,3,3.86,4.0,484,136,32,,,
FR,San Diego,2015,ethnicity,aian,1,1.0,3.61,0,0,1,,,
FR,San Diego,2015,ethnicity,aian,2,3.61,3.87,3,3,1,,,
FR,San Diego,2015,ethnicity,aian,3,3.87,4.0,8,1,0,,,
FR,San Diego,2015,ethnicity,asian,1,1.0,3.61,178,51,10,,,
FR,San Diego,2015,ethnicity,asian,2,3.61,3.87,790,128,19,,,
FR,San Diego,2015,ethnicity,asian,3,3.87,4.0,669,103,10,,,
FR,San Diego,2015,ethnicity,black,1,1.0,3.61,5,4,0,,,
FR,San Diego,2015,ethnicity,black,2,3.61,3.87,19,6,4,,,
FR,San Diego,2015,ethnicity,black,3,3.87,4.0,22,7,0,,,
FR,San Diego,2015,ethnicity,hispanic_latino,1,1.0,3.61,45,19,3,,,
FR,San Diego,2015,ethnicity,hispanic_latino,2,3.61,3.87,167,66,15,,,
FR,San Diego,2015,ethnicity,hispanic_latino,3,3.87,4.0,193,62,6,,,
FR,San Diego,2015,ethnicity,international,1,1.0,3.61,85,11,7,,,
FR,San Diego,2015,ethnicity,international,2,3.61,3.87,240,39,12,,,
FR,San Diego,2015,ethnicity,international,3,3.87,4.0,286,30,12,,,
FR,San Diego,2015,ethnicity,white,1,1.0,3.61,74,23,6,,,
FR,San Diego,2015,ethnicity,white,2,3.61,3.87,248,55,7,,,
FR,San Diego,2015,ethnicity,white,3,3.87,4.0,330,60,6,,,
FR,San Diego,2015,first_gen_status,first_gen,1,1.0,3.61,119,34,7,,,
FR,San Diego,2015,first_gen_status,first_gen,2,3.61,3.87,445,115,24,,,
FR,San Diego,2015,first_gen_status,first_gen,3,3.87,4.0,430,99,10,,,
FR,San Diego,2015,first_gen_status,not_first_gen,1,1.0,3.61,282,75,19,,,
FR,San Diego,2015,first_gen_status,not_first_gen,2,3.61,3.87,1043,189,34,,,
FR,San Diego,2015,first_gen_status,not_first_gen,3,3.87,4.0,1119,166,23,,,
FR,San Diego,2015,pell_status,non_pell,1,1.0,3.61,275,71,18,,,
FR,San Diego,2015,pell_status,non_pell,2,3.61,3.87,1000,185,33,,,
FR,San Diego,2015,pell_status,non_pell,3,3.87,4.0,1099,145,20,,,
FR,San Diego,2015,pell_status,pell,1,1.0,3.61,128,40,10,,,
FR,San Diego,2015,pell_status,pell,2,3.61,3.87,512,124,27,,,
FR,San Diego,2015,pell_status,pell,3,3.87,4.0,473,125,14,,,
FR,San Diego,2016,ethnicity,aian,1,0.85,3.59,2,0,0,,,
FR,San Diego,2016,ethnicity,aian,2,3.59,3.86,4,1,0,,,
FR,San Diego,2016,ethnicity,aian,3,3.86,4.0,9,1,0,,,
FR,San Diego,2016,ethnicity,asian,1,0.85,3.59,218,58,8,,,
FR,San Diego,2016,ethnicity,asian,2,3.59,3.86,743,129,16,,,
FR,San Diego,2016,ethnicity,asian,3,3.86,4.0,698,87,11,,,
FR,San Diego,2016,ethnicity,black,1,0.85,3.59,13,7,3,,,
FR,San Diego,2016,ethnicity,black,2,3.59,3.86,39,11,0,,,
FR,San Diego,2016,ethnicity,black,3,3.86,4.0,31,8,2,,,
FR,San Diego,2016,ethnicity,hispanic_latino,1,0.85,3.59,127,55,11,,,
FR,San Diego,2016,ethnicity,hispanic_latino,2,3.59,3.86,278,105,11,,,
FR,San Diego,2016,ethnicity,hispanic_latino,3,3.86,4.0,265,70,6,,,
FR,San Diego,2016,ethnicity,international,1,0.85,3.59,96,16,4,,,
FR,San Diego,2016,ethnicity,international,2,3.59,3.86,216,28,9,,,
FR,San Diego,2016,ethnicity,international,3,3.86,4.0,311,40,9,,,
FR,San Diego,2016,ethnicity,white,1,0.85,3.59,89,19,4,,,
FR,San Diego,2016,ethnicity,white,2,3.59,3.86,245,55,5,,,
FR,San Diego,2016,ethnicity,white,3,3.86,4.0,319,51,2,,,
FR,San Diego,2016,first_gen_status,first_gen,1,0.85,3.59,235,72,18,,,
FR,San Diego,2016,first_gen_status,first_gen,2,3.59,3.86,581,169,17,,,
FR,San Diego,2016,first_gen_status,first_gen,3,3.86,4.0,510,108,10,,,
FR,San Diego,2016,first_gen_status,not_first_gen,1,0.85,3.59,309,85,10,,,
FR,San Diego,2016,first_gen_status,not_first_gen,2,3.59,3.86,953,170,25,,,
FR,San Diego,2016,first_gen_status,not_first_gen,3,3.86,4.0,1146,158,20,,,
FR,San Diego,2016,pell_status,non_pell,1,0.85,3.59,344,86,10,,,
FR,San Diego,2016,pell_status,non_pell,2,3.59,3.86,969,157,22,,,
FR,San Diego,2016,pell_status,non_pell,3,3.86,4.0,1155,154,19,,,
FR,San Diego,2016,pell_status,pell,1,0.85,3.59,210,72,21,,,
FR,San Diego,2016,pell_status,pell,2,3.59,3.86,592,185,20,,,
FR,San Diego,2016,pell_status,pell,3,3.86,4.0,527,115,11,,,
FR,San Diego,2017,ethnicity,aian,1,0.0,3.63,5,0,0,,,
FR,San Diego,2017,ethnicity,aian,2,3.63,3.88,3,1,2,,,
FR,San Diego,2017,ethnicity,aian,3,3.88,4.0,4,0,0,,,
FR,San Diego,2017,ethnicity,asian,1,0.0,3.63,229,33,9,,,
FR,San Diego,2017,ethnicity,asian,2,3.63,3.88,750,105,15,,,
FR,San Diego,2017,ethnicity,asian,3,3.88,4.0,708,68,16,,,
FR,San Diego,2017,ethnicity,black,1,0.0,3.63,16,5,2,,,
FR,San Diego,2017,ethnicity,black,2,3.63,3.88,44,8,2,,,
FR,San Diego,2017,ethnicity,black,3,3.88,4.0,23,5,3,,,
FR,San Diego,2017,ethnicity,hispanic_latino,1,0.0,3.63,158,45,11,,,
FR,San Diego,2017,ethnicity,hispanic_latino,2,3.63,3.88,350,71,12,,,
FR,San Diego,2017,ethnicity,hispanic_latino,3,3.88,4.0,294,42,5,,,
FR,San Diego,2017,ethnicity,international,1,0.0,3.63,62,17,3,,,
FR,San Diego,2017,ethnicity,international,2,3.63,3.88,200,31,4,,,
FR,San Diego,2017,ethnicity,international,3,3.88,4.0,302,26,7,,,
FR,San Diego,2017,ethnicity,white,1,0.0,3.63,109,26,3,,,
FR,San Diego,2017,ethnicity,white,2,3.63,3.88,252,52,7,,,
FR,San Diego,2017,ethnicity,white,3,3.88,4.0,397,46,6,,,
FR,San Diego,2017,first_gen_status,first_gen,1,0.0,3.63,267,63,15,,,
FR,San Diego,2017,first_gen_status,first_gen,2,3.63,3.88,623,122,20,,,
FR,San Diego,2017,first_gen_status,first_gen,3,3.88,4.0,570,81,13,,,
FR,San Diego,2017,first_gen_status,not_first_gen,1,0.0,3.63,315,64,14,,,
FR,San Diego,2017,first_gen_status,not_first_gen,2,3.63,3.88,984,147,22,,,
FR,San Diego,2017,first_gen_status,not_first_gen,3,3.88,4.0,1165,106,24,,,
FR,San Diego,2017,pell_status,non_pell,1,0.0,3.63,282,57,8,,,
FR,San Diego,2017,pell_status,non_pell,2,3.63,3.88,922,135,22,,,
FR,San Diego,2017,pell_status,non_pell,3,3.88,4.0,1167,104,20,,,
FR,San Diego,2017,pell_status,pell,1,0.0,3.63,311,73,21,,,
FR,San Diego,2017,pell_status,pell,2,3.63,3.88,713,137,20,,,
FR,San Diego,2017,pell_status,pell,3,3.88,4.0,602,86,17,,,
FR,San Diego,2018,ethnicity,aian,1,0.0,3.68,6,0,0,,,
FR,San Diego,2018,ethnicity,aian,2,3.68,3.9,6,1,0,,,
FR,San Diego,2018,ethnicity,aian,3,3.9,4.0,3,1,0,,,
FR,San Diego,2018,ethnicity,asian,1,0.0,3.68,438,73,18,,,
FR,San Diego,2018,ethnicity,asian,2,3.68,3.9,832,75,19,,,
FR,San Diego,2018,ethnicity,asian,3,3.9,4.0,773,68,11,,,
FR,San Diego,2018,ethnicity,black,1,0.0,3.68,27,4,3,,,
FR,San Diego,2018,ethnicity,black,2,3.68,3.9,33,7,8,,,
FR,San Diego,2018,ethnicity,black,3,3.9,4.0,31,6,5,,,
FR,San Diego,2018,ethnicity,hispanic_latino,1,0.0,3.68,254,52,20,,,
FR,San Diego,2018,ethnicity,hispanic_latino,2,3.68,3.9,352,84,26,,,
FR,San Diego,2018,ethnicity,hispanic_latino,3,3.9,4.0,310,48,15,,,
FR,San Diego,2018,ethnicity,international,1,0.0,3.68,48,8,5,,,
FR,San Diego,2018,ethnicity,international,2,3.68,3.9,232,29,9,,,
FR,San Diego,2018,ethnicity,international,3,3.9,4.0,398,46,12,,,
FR,San Diego,2018,ethnicity,white,1,0.0,3.68,182,33,12,,,
FR,San Diego,2018,ethnicity,white,2,3.68,3.9,305,44,6,,,
FR,San Diego,2018,ethnicity,white,3,3.9,4.0,391,46,8,,,
FR,San Diego,2018,first_gen_status,first_gen,1,0.0,3.68,413,67,28,,,
FR,San Diego,2018,first_gen_status,first_gen,2,3.68,3.9,696,110,35,,,
FR,San Diego,2018,first_gen_status,first_gen,3,3.9,4.0,608,84,20,,,
FR,San Diego,2018,first_gen_status,not_first_gen,1,0.0,3.68,548,110,30,,,
FR,San Diego,2018,first_gen_status,not_first_gen,2,3.68,3.9,1086,137,33,,,
FR,San Diego,2018,first_gen_status,not_first_gen,3,3.9,4.0,1326,133,30,,,
FR,San Diego,2018,pell_status,non_pell,1,0.0,3.68,525,105,32,,,
FR,San Diego,2018,pell_status,non_pell,2,3.68,3.9,1064,132,27,,,
FR,San Diego,2018,pell_status,non_pell,3,3.9,4.0,1345,134,22,,,
FR,San Diego,2018,pell_status,pell,1,0.0,3.68,454,73,27,,,
FR,San Diego,2018,pell_status,pell,2,3.68,3.9,747,119,42,,,
FR,San Diego,2018,pell_status,pell,3,3.9,4.0,621,89,29,,,
FR,San Diego,2019,ethnicity,aian,1,1.38,3.69,4,0,0,,,
FR,San Diego,2019,ethnicity,aian,2,3.69,3.91,8,2,0,,,
FR,San Diego,2019,ethnicity,aian,3,3.91,4.0,5,1,0,,,
FR,San Diego,2019,ethnicity,asian,1,1.38,3.69,337,55,15,,,
FR,San Diego,2019,ethnicity,asian,2,3.69,3.91,683,66,17,,,
FR,San Diego,2019,ethnicity,asian,3,3.91,4.0,755,62,9,,,
FR,San Diego,2019,ethnicity,black,1,1.38,3.69,36,11,2,,,
FR,San Diego,2019,ethnicity,black,2,3.69,3.91,38,11,1,,,
FR,San Diego,2019,ethnicity,black,3,3.91,4.0,30,3,0,,,
FR,San Diego,2019,ethnicity,hispanic_latino,1,1.38,3.69,274,52,19,,,
FR,San Diego,2019,ethnicity,hispanic_latino,2,3.69,3.91,333,75,20,,,
FR,San Diego,2019,ethnicity,hispanic_latino,3,3.91,4.0,308,38,6,,,
FR,San Diego,2019,ethnicity,international,1,1.38,3.69,84,18,4,,,
FR,San Diego,2019,ethnicity,international,2,3.69,3.91,219,18,6,,,
FR,San Diego,2019,ethnicity,international,3,3.91,4.0,261,28,4,,,
FR,San Diego,2019,ethnicity,white,1,1.38,3.69,163,28,5,,,
FR,San Diego,2019,ethnicity,white,2,3.69,3.91,255,35,8,,,
FR,San Diego,2019,ethnicity,white,3,3.91,4.0,377,34,6,,,
FR,San Diego,2019,first_gen_status,first_gen,1,1.38,3.69,352,72,22,,,
FR,San Diego,2019,first_gen_status,first_gen,2,3.69,3.91,576,93,26,,,
FR,San Diego,2019,first_gen_status,first_gen,3,3.91,4.0,490,59,8,,,
FR,San Diego,2019,first_gen_status,not_first_gen,1,1.38,3.69,548,92,24,,,
FR,San Diego,2019,first_gen_status,not_first_gen,2,3.69,3.91,962,117,26,,,
FR,San Diego,2019,first_gen_status,not_first_gen,3,3.91,4.0,1260,105,17,,,
FR,San Diego,2019,pell_status,non_pell,1,1.38,3.69,507,93,19,,,
FR,San Diego,2019,pell_status,non_pell,2,3.69,3.91,995,111,24,,,
FR,San Diego,2019,pell_status,non_pell,3,3.91,4.0,1268,107,14,,,
FR,San Diego,2019,pell_status,pell,1,1.38,3.69,408,77,27,,,
FR,San Diego,2019,pell_status,pell,2,3.69,3.91,571,103,29,,,
FR,San Diego,2019,pell_status,pell,3,3.91,4.0,516,61,11,,,
FR,San Diego,2020,ethnicity,aian,1,1.1,3.67,6,0,0,,,
FR,San Diego,2020,ethnicity,aian,2,3.67,3.91,8,1,0,,,
FR,San Diego,2020,ethnicity,aian,3,3.91,4.0,5,1,0,,,
FR,San Diego,2020,ethnicity,asian,1,1.1,3.67,343,58,0,,,
FR,San Diego,2020,ethnicity,asian,2,3.67,3.91,973,119,0,,,
FR,San Diego,2020,ethnicity,asian,3,3.91,4.0,893,56,0,,,
FR,San Diego,2020,ethnicity,black,1,1.1,3.67,40,5,0,,,
FR,San Diego,2020,ethnicity,black,2,3.67,3.91,49,9,0,,,
FR,San Diego,2020,ethnicity,black,3,3.91,4.0,40,7,0,,,
FR,San Diego,2020,ethnicity,hispanic_latino,1,1.1,3.67,139,35,0,,,
FR,San Diego,2020,ethnicity,hispanic_latino,2,3.67,3.91,337,51,0,,,
FR,San Diego,2020,ethnicity,hispanic_latino,3,3.91,4.0,274,27,0,,,
FR,San Diego,2020,ethnicity,international,1,1.1,3.67,174,27,0,,,
FR,San Diego,2020,ethnicity,international,2,3.67,3.91,290,34,0,,,
FR,San Diego,2020,ethnicity,international,3,3.91,4.0,267,32,0,,,
FR,San Diego,2020,ethnicity,white,1,1.1,3.67,107,20,0,,,
FR,San Diego,2020,ethnicity,white,2,3.67,3.91,322,40,0,,,
FR,San Diego,2020,ethnicity,white,3,3.91,4.0,415,42,0,,,
FR,San Diego,2020,first_gen_status,first_gen,1,1.1,3.67,254,47,0,,,
FR,San Diego,2020,first_gen_status,first_gen,2,3.67,3.91,520,79,0,,,
FR,San Diego,2020,first_gen_status,first_gen,3,3.91,4.0,452,42,0,,,
FR,San Diego,2020,first_gen_status,not_first_gen,1,1.1,3.67,551,98,0,,,
FR,San Diego,2020,first_gen_status,not_first_gen,2,3.67,3.91,1472,178,0,,,
FR,San Diego,2020,first_gen_status,not_first_gen,3,3.91,4.0,1459,119,0,,,
FR,San Diego,2020,pell_status,non_pell,1,1.1,3.67,569,93,0,,,
FR,San Diego,2020,pell_status,non_pell,2,3.67,3.91,1450,182,0,,,
FR,San Diego,2020,pell_status,non_pell,3,3.91,4.0,1446,111,0,,,
FR,San Diego,2020,pell_status,pell,1,1.1,3.67,255,54,0,,,
FR,San Diego,2020,pell_status,pell,2,3.67,3.91,593,79,0,,,
FR,San Diego,2020,pell_status,pell,3,3.91,4.0,521,58,0,,,
FR,San Diego,2021,ethnicity,aian,1,0.0,3.71,4,0,0,,,
FR,San Diego,2021,ethnicity,aian,2,3.71,3.92,8,0,0,,,
FR,San Diego,2021,ethnicity,aian,3,3.92,4.0,12,0,0,,,
FR,San Diego,2021,ethnicity,asian,1,0.0,3.71,282,0,0,,,
FR,San Diego,2021,ethnicity,asian,2,3.71,3.92,976,0,0,,,
FR,San Diego,2021,ethnicity,asian,3,3.92,4.0,1166,0,0,,,
FR,San Diego,2021,ethnicity,black,1,0.0,3.71,30,0,0,,,
FR,San Diego,2021,ethnicity,black,2,3.71,3.92,62,0,0,,,
FR,San Diego,2021,ethnicity,black,3,3.92,4.0,38,0,0,,,
FR,San Diego,2021,ethnicity,hispanic_latino,1,0.0,3.71,257,0,0,,,
FR,San Diego,2021,ethnicity,hispanic_latino,2,3.71,3.92,500,0,0,,,
FR,San Diego,2021,ethnicity,hispanic_latino,3,3.92,4.0,309,0,0,,,
FR,San Diego,2021,ethnicity,international,1,0.0,3.71,89,0,0,,,
FR,San Diego,2021,ethnicity,international,2,3.71,3.92,245,0,0,,,
FR,San Diego,2021,ethnicity,international,3,3.92,4.0,393,0,0,,,
FR,San Diego,2021,ethnicity,white,1,0.0,3.71,141,0,0,,,
FR,San Diego,2021,ethnicity,white,2,3.71,3.92,398,0,0,,,
FR,San Diego,2021,ethnicity,white,3,3.92,4.0,617,0,0,,,
FR,San Diego,2021,first_gen_status,first_gen,1,0.0,3.71,315,0,0,,,
FR,San Diego,2021,first_gen_status,first_gen,2,3.71,3.92,756,0,0,,,
FR,San Diego,2021,first_gen_status,first_gen,3,3.92,4.0,579,0,0,,,
FR,San Diego,2021,first_gen_status,not_first_gen,1,0.0,3.71,487,0,0,,,
FR,San Diego,2021,first_gen_status,not_first_gen,2,3.71,3.92,1431,0,0,,,
FR,San Diego,2021,first_gen_status,not_first_gen,3,3.92,4.0,1989,0,0,,,
FR,San Diego,2021,pell_status,non_pell,1,0.0,3.71,446,0,0,,,
FR,San Diego,2021,pell_status,non_pell,2,3.71,3.92,1404,0,0,,,
FR,San Diego,2021,pell_status,non_pell,3,3.92,4.0,1915,0,0,,,
FR,San Diego,2021,pell_status,pell,1,0.0,3.71,371,0,0,,,
FR,San Diego,2021,pell_status,pell,2,3.71,3.92,845,0,0,,,
FR,San Diego,2021,pell_status,pell,3,3.92,4.0,713,0,0,,,
FR,Santa Barbara,2010,ethnicity,aian,1,1.75,3.47,11,0,0,,,
FR,Santa Barbara,2010,ethnicity,aian,2,3.47,3.79,7,0,0,,,
FR,Santa Barbara,2010,ethnicity,aian,3,3.79,4.0,9,2,0,,,
FR,Santa Barbara,2010,ethnicity,asian,1,1.75,3.47,202,36,9,,,
FR,Santa Barbara,2010,ethnicity,asian,2,3.47,3.79,258,41,7,,,
FR,Santa Barbara,2010,ethnicity,asian,3,3.79,4.0,83,18,0,,,
FR,Santa Barbara,2010,ethnicity,black,1,1.75,3.47,35,14,1,,,
FR,Santa Barbara,2010,ethnicity,black,2,3.47,3.79,33,9,2,,,
FR,Santa Barbara,2010,ethnicity,black,3,3.79,4.0,16,4,0,,,
FR,Santa Barbara,2010,ethnicity,hispanic_latino,1,1.75,3.47,149,46,16,,,
FR,Santa Barbara,2010,ethnicity,hispanic_latino,2,3.47,3.79,296,56,7,,,
FR,Santa Barbara,2010,ethnicity,hispanic_latino,3,3.79,4.0,119,19,5,,,
FR,Santa Barbara,2010,ethnicity,international,1,1.75,3.47,5,0,1,,,
FR,Santa Barbara,2010,ethnicity,international,2,3.47,3.79,4,1,0,,,
FR,Santa Barbara,2010,ethnicity,international,3,3.79,4.0,5,1,0,,,
FR,Santa Barbara,2010,ethnicity,white,1,1.75,3.47,249,50,11,,,
FR,Santa Barbara,2010,ethnicity,white,2,3.47,3.79,594,63,15,,,
FR,Santa Barbara,2010,ethnicity,white,3,3.79,4.0,379,37,7,,,
FR,Santa Barbara,2010,first_gen_status,first_gen,1,1.75,3.47,280,57,23,,,
FR,Santa Barbara,2010,first_gen_status,first_gen,2,3.47,3.79,431,81,10,,,
FR,Santa Barbara,2010,first_gen_status,first_gen,3,3.79,4.0,175,32,5,,,
FR,Santa Barbara,2010,first_gen_status,not_first_gen,1,1.75,3.47,367,91,15,,,
FR,Santa Barbara,2010,first_gen_status,not_first_gen,2,3.47,3.79,752,92,19,,,
FR,Santa Barbara,2010,first_gen_status,not_first_gen,3,3.79,4.0,421,49,6,,,
FR,Santa Barbara,2010,pell_status,non_pell,1,1.75,3.47,377,82,17,,,
FR,Santa Barbara,2010,pell_status,non_pell,2,3.47,3.79,791,89,17,,,
FR,Santa Barbara,2010,pell_status,non_pell,3,3.79,4.0,440,50,5,,,
FR,Santa Barbara,2010,pell_status,pell,1,1.75,3.47,305,74,22,,,
FR,Santa Barbara,2010,pell_status,pell,2,3.47,3.79,467,99,14,,,
FR,Santa Barbara,2010,pell_status,pell,3,3.79,4.0,203,37,7,,,
FR,Santa Barbara,2011,ethnicity,aian,1,0.87,3.5,11,1,2,,,
FR,Santa Barbara,2011,ethnicity,aian,2,3.5,3.8,5,2,0,,,
FR,Santa Barbara,2011,ethnicity,aian,3,3.8,4.0,7,0,0,,,
FR,Santa Barbara,2011,ethnicity,asian,1,0.87,3.5,258,61,16,,,
FR,Santa Barbara,2011,ethnicity,asian,2,3.5,3.8,359,46,13,,,
FR,Santa Barbara,2011,ethnicity,asian,3,3.8,4.0,129,12,4,,,
FR,Santa Barbara,2011,ethnicity,black,1,0.87,3.5,39,12,2,,,
FR,Santa Barbara,2011,ethnicity,black,2,3.5,3.8,41,9,2,,,
FR,Santa Barbara,2011,ethnicity,black,3,3.8,4.0,14,5,0,,,
FR,Santa Barbara,2011,ethnicity,hispanic_latino,1,0.87,3.5,205,52,8,,,
FR,Santa Barbara,2011,ethnicity,hispanic_latino,2,3.5,3.8,292,59,17,,,
FR,Santa Barbara,2011,ethnicity,hispanic_latino,3,3.8,4.0,123,29,3,,,
FR,Santa Barbara,2011,ethnicity,international,1,0.87,3.5,22,5,0,,,
FR,Santa Barbara,2011,ethnicity,international,2,3.5,3.8,20,3,1,,,
FR,Santa Barbara,2011,ethnicity,international,3,3.8,4.0,11,3,0,,,
FR,Santa Barbara,2011,ethnicity,white,1,0.87,3.5,234,58,9,,,
FR,Santa Barbara,2011,ethnicity,white,2,3.5,3.8,538,62,12,,,
FR,Santa Barbara,2011,ethnicity,white,3,3.8,4.0,414,28,5,,,
FR,Santa Barbara,2011,first_gen_status,first_gen,1,0.87,3.5,378,94,23,,,
FR,Santa Barbara,2011,first_gen_status,first_gen,2,3.5,3.8,471,89,25,,,
FR,Santa Barbara,2011,first_gen_status,first_gen,3,3.8,4.0,212,42,4,,,
FR,Santa Barbara,2011,first_gen_status,not_first_gen,1,0.87,3.5,397,96,15,,,
FR,Santa Barbara,2011,first_gen_status,not_first_gen,2,3.5,3.8,792,95,21,,,
FR,Santa Barbara,2011,first_gen_status,not_first_gen,3,3.8,4.0,497,33,8,,,
FR,Santa Barbara,2011,pell_status,non_pell,1,0.87,3.5,347,87,16,,,
FR,Santa Barbara,2011,pell_status,non_pell,2,3.5,3.8,776,90,24,,,
FR,Santa Barbara,2011,pell_status,non_pell,3,3.8,4.0,487,37,8,,,
FR,Santa Barbara,2011,pell_status,pell,1,0.87,3.5,439,107,23,,,
FR,Santa Barbara,2011,pell_status,pell,2,3.5,3.8,510,97,22,,,
FR,Santa Barbara,2011,pell_status,pell,3,3.8,4.0,236,40,4,,,
FR,Santa Barbara,2012,ethnicity,aian,1,1.02,3.52,15,4,0,,,
FR,Santa Barbara,2012,ethnicity,aian,2,3.52,3.81,17,1,0,,,
FR,Santa Barbara,2012,ethnicity,aian,3,3.81,4.0,6,1,0,,,
FR,Santa Barbara,2012,ethnicity,asian,1,1.02,3.52,438,82,12,,,
FR,Santa Barbara,2012,ethnicity,asian,2,3.52,3.81,366,54,8,,,
FR,Santa Barbara,2012,ethnicity,asian,3,3.81,4.0,127,11,3,,,
FR,Santa Barbara,2012,ethnicity,black,1,1.02,3.52,66,14,3,,,
FR,Santa Barbara,2012,ethnicity,black,2,3.52,3.81,48,13,1,,,
FR,Santa Barbara,2012,ethnicity,black,3,3.81,4.0,19,1,0,,,
FR,Santa Barbara,2012,ethnicity,hispanic_latino,1,1.02,3.52,263,100,32,,,
FR,Santa Barbara,2012,ethnicity,hispanic_latino,2,3.52,3.81,231,66,12,,,
FR,Santa Barbara,2012,ethnicity,hispanic_latino,3,3.81,4.0,162,27,6,,,
FR,Santa Barbara,2012,ethnicity,international,1,1.02,3.52,33,3,0,,,
FR,Santa Barbara,2012,ethnicity,international,2,3.52,3.81,50,4,1,,,
FR,Santa Barbara,2012,ethnicity,international,3,3.81,4.0,45,4,0,,,
FR,Santa Barbara,2012,ethnicity,white,1,1.02,3.52,319,60,12,,,
FR,Santa Barbara,2012,ethnicity,white,2,3.52,3.81,526,70,9,,,
FR,Santa Barbara,2012,ethnicity,white,3,3.81,4.0,413,37,5,,,
FR,Santa Barbara,2012,first_gen_status,first_gen,1,1.02,3.52,547,166,35,,,
FR,Santa Barbara,2012,first_gen_status,first_gen,2,3.52,3.81,449,103,17,,,
FR,Santa Barbara,2012,first_gen_status,first_gen,3,3.81,4.0,244,30,7,,,
FR,Santa Barbara,2012,first_gen_status,not_first_gen,1,1.02,3.52,600,99,24,,,
FR,Santa Barbara,2012,first_gen_status,not_first_gen,2,3.52,3.81,808,106,14,,,
FR,Santa Barbara,2012,first_gen_status,not_first_gen,3,3.81,4.0,525,55,9,,,
FR,Santa Barbara,2012,pell_status,non_pell,1,1.02,3.52,562,91,18,,,
FR,Santa Barbara,2012,pell_status,non_pell,2,3.52,3.81,753,98,9,,,
FR,Santa Barbara,2012,pell_status,non_pell,3,3.81,4.0,490,45,9,,,
FR,Santa Barbara,2012,pell_status,pell,1,1.02,3.52,602,177,41,,,
FR,Santa Barbara,2012,pell_status,pell,2,3.52,3.81,520,116,22,,,
FR,Santa Barbara,2012,pell_status,pell,3,3.81,4.0,297,40,7,,,
FR,Santa Barbara,2013,ethnicity,aian,1,1.21,3.57,14,3,0,,,
FR,Santa Barbara,2013,ethnicity,aian,2,3.57,3.84,8,0,0,,,
FR,Santa Barbara,2013,ethnicity,aian,3,3.84,4.0,6,0,0,,,
FR,Santa Barbara,2013,ethnicity,asian,1,1.21,3.57,390,86,23,,,
FR,Santa Barbara,2013,ethnicity,asian,2,3.57,3.84,293,50,6,,,
FR,Santa Barbara,2013,ethnicity,asian,3,3.84,4.0,133,13,3,,,
FR,Santa Barbara,2013,ethnicity,black,1,1.21,3.57,54,15,5,,,
FR,Santa Barbara,2013,ethnicity,black,2,3.57,3.84,35,15,3,,,
FR,Santa Barbara,2013,ethnicity,black,3,3.84,4.0,13,4,1,,,
FR,Santa Barbara,2013,ethnicity,hispanic_latino,1,1.21,3.57,279,110,22,,,
FR,Santa Barbara,2013,ethnicity,hispanic_latino,2,3.57,3.84,277,83,9,,,
FR,Santa Barbara,2013,ethnicity,hispanic_latino,3,3.84,4.0,129,30,3,,,
FR,Santa Barbara,2013,ethnicity,international,1,1.21,3.57,16,5,0,,,
FR,Santa Barbara,2013,ethnicity,international,2,3.57,3.84,41,9,0,,,
FR,Santa Barbara,2013,ethnicity,international,3,3.84,4.0,53,6,1,,,
FR,Santa Barbara,2013,ethnicity,white,1,1.21,3.57,330,61,14,,,
FR,Santa Barbara,2013,ethnicity,white,2,3.57,3.84,555,74,12,,,
FR,Santa Barbara,2013,ethnicity,white,3,3.84,4.0,356,44,9,,,
FR,Santa Barbara,2013,first_gen_status,first_gen,1,1.21,3.57,480,152,26,,,
FR,Santa Barbara,2013,first_gen_status,first_gen,2,3.57,3.84,394,116,12,,,
FR,Santa Barbara,2013,first_gen_status,first_gen,3,3.84,4.0,211,36,5,,,
FR,Santa Barbara,2013,first_gen_status,not_first_gen,1,1.21,3.57,613,136,38,,,
FR,Santa Barbara,2013,first_gen_status,not_first_gen,2,3.57,3.84,831,119,18,,,
FR,Santa Barbara,2013,first_gen_status,not_first_gen,3,3.84,4.0,496,64,13,,,
FR,Santa Barbara,2013,pell_status,non_pell,1,1.21,3.57,607,114,30,,,
FR,Santa Barbara,2013,pell_status,non_pell,2,3.57,3.84,815,116,13,,,
FR,Santa Barbara,2013,pell_status,non_pell,3,3.84,4.0,498,63,13,,,
FR,Santa Barbara,2013,pell_status,pell,1,1.21,3.57,504,176,35,,,
FR,Santa Barbara,2013,pell_status,pell,2,3.57,3.84,425,121,17,,,
FR,Santa Barbara,2013,pell_status,pell,3,3.84,4.0,218,38,5,,,
FR,Santa Barbara,2014,ethnicity,aian,1,0.25,3.59,18,4,0,,,
FR,Santa Barbara,2014,ethnicity,aian,2,3.59,3.86,11,5,0,,,
FR,Santa Barbara,2014,ethnicity,aian,3,3.86,4.0,8,0,0,,,
FR,Santa Barbara,2014,ethnicity,asian,1,0.25,3.59,448,92,12,,,
FR,Santa Barbara,2014,ethnicity,asian,2,3.59,3.86,360,57,13,,,
FR,Santa Barbara,2014,ethnicity,asian,3,3.86,4.0,119,23,1,,,
FR,Santa Barbara,2014,ethnicity,black,1,0.25,3.59,62,20,0,,,
FR,Santa Barbara,2014,ethnicity,black,2,3.59,3.86,47,10,0,,,
FR,Santa Barbara,2014,ethnicity,black,3,3.86,4.0,12,0,0,,,
FR,Santa Barbara,2014,ethnicity,hispanic_latino,1,0.25,3.59,285,107,25,,,
FR,Santa Barbara,2014,ethnicity,hispanic_latino,2,3.59,3.86,288,93,17,,,
FR,Santa Barbara,2014,ethnicity,hispanic_latino,3,3.86,4.0,112,32,5,,,
FR,Santa Barbara,2014,ethnicity,international,1,0.25,3.59,33,4,4,,,
FR,Santa Barbara,2014,ethnicity,international,2,3.59,3.86,52,6,1,,,
FR,Santa Barbara,2014,ethnicity,international,3,3.86,4.0,86,9,2,,,
FR,Santa Barbara,2014,ethnicity,white,1,0.25,3.59,286,58,8,,,
FR,Santa Barbara,2014,ethnicity,white,2,3.59,3.86,524,57,12,,,
FR,Santa Barbara,2014,ethnicity,white,3,3.86,4.0,357,33,3,,,
FR,Santa Barbara,2014,first_gen_status,first_gen,1,0.25,3.59,585,176,30,,,
FR,Santa Barbara,2014,first_gen_status,first_gen,2,3.59,3.86,462,117,23,,,
FR,Santa Barbara,2014,first_gen_status,first_gen,3,3.86,4.0,201,48,6,,,
FR,Santa Barbara,2014,first_gen_status,not_first_gen,1,0.25,3.59,558,112,21,,,
FR,Santa Barbara,2014,first_gen_status,not_first_gen,2,3.59,3.86,842,115,20,,,
FR,Santa Barbara,2014,first_gen_status,not_first_gen,3,3.86,4.0,510,49,5,,,
FR,Santa Barbara,2014,pell_status,non_pell,1,0.25,3.59,581,108,25,,,
FR,Santa Barbara,2014,pell_status,non_pell,2,3.59,3.86,785,105,21,,,
FR,Santa Barbara,2014,pell_status,non_pell,3,3.86,4.0,527,57,3,,,
FR,Santa Barbara,2014,pell_status,pell,1,0.25,3.59,576,184,26,,,
FR,Santa Barbara,2014,pell_status,pell,2,3.59,3.86,534,129,22,,,
FR,Santa Barbara,2014,pell_status,pell,3,3.86,4.0,191,41,8,,,
FR,Santa Barbara,2015,ethnicity,aian,1,1.0,3.61,12,4,0,,,
FR,Santa Barbara,2015,ethnicity,aian,2,3.61,3.87,9,5,0,,,
FR,Santa Barbara,2015,ethnicity,aian,3,3.87,4.0,6,1,1,,,
FR,Santa Barbara,2015,ethnicity,asian,1,1.0,3.61,373,80,22,,,
FR,Santa Barbara,2015,ethnicity,asian,2,3.61,3.87,346,54,11,,,
FR,Santa Barbara,2015,ethnicity,asian,3,3.87,4.0,147,19,1,,,
FR,Santa Barbara,2015,ethnicity,black,1,1.0,3.61,55,10,2,,,
FR,Santa Barbara,2015,ethnicity,black,2,3.61,3.87,55,9,3,,,
FR,Santa Barbara,2015,ethnicity,black,3,3.87,4.0,13,1,0,,,
FR,Santa Barbara,2015,ethnicity,hispanic_latino,1,1.0,3.61,296,104,19,,,
FR,Santa Barbara,2015,ethnicity,hispanic_latino,2,3.61,3.87,296,73,7,,,
FR,Santa Barbara,2015,ethnicity,hispanic_latino,3,3.87,4.0,147,30,4,,,
FR,Santa Barbara,2015,ethnicity,international,1,1.0,3.61,36,4,1,,,
FR,Santa Barbara,2015,ethnicity,international,2,3.61,3.87,49,4,0,,,
FR,Santa Barbara,2015,ethnicity,international,3,3.87,4.0,47,4,0,,,
FR,Santa Barbara,2015,ethnicity,white,1,1.0,3.61,236,74,12,,,
FR,Santa Barbara,2015,ethnicity,white,2,3.61,3.87,450,48,7,,,
FR,Santa Barbara,2015,ethnicity,white,3,3.87,4.0,330,32,4,,,
FR,Santa Barbara,2015,first_gen_status,first_gen,1,1.0,3.61,528,177,31,,,
FR,Santa Barbara,2015,first_gen_status,first_gen,2,3.61,3.87,473,99,12,,,
FR,Santa Barbara,2015,first_gen_status,first_gen,3,3.87,4.0,234,40,5,,,
FR,Santa Barbara,2015,first_gen_status,not_first_gen,1,1.0,3.61,496,99,25,,,
FR,Santa Barbara,2015,first_gen_status,not_first_gen,2,3.61,3.87,749,97,17,,,
FR,Santa Barbara,2015,first_gen_status,not_first_gen,3,3.87,4.0,465,50,5,,,
FR,Santa Barbara,2015,pell_status,non_pell,1,1.0,3.61,505,114,24,,,
FR,Santa Barbara,2015,pell_status,non_pell,2,3.61,3.87,726,91,11,,,
FR,Santa Barbara,2015,pell_status,non_pell,3,3.87,4.0,490,50,4,,,
FR,Santa Barbara,2015,pell_status,pell,1,1.0,3.61,533,170,32,,,
FR,Santa Barbara,2015,pell_status,pell,2,3.61,3.87,510,107,18,,,
FR,Santa Barbara,2015,pell_status,pell,3,3.87,4.0,224,40,6,,,
FR,Santa Barbara,2016,ethnicity,aian,1,0.85,3.59,9,0,1,,,
FR,Santa Barbara,2016,ethnicity,aian,2,3.59,3.86,14,3,0,,,
FR,Santa Barbara,2016,ethnicity,aian,3,3.86,4.0,5,1,0,,,
FR,Santa Barbara,2016,ethnicity,asian,1,0.85,3.59,391,66,11,,,
FR,Santa Barbara,2016,ethnicity,asian,2,3.59,3.86,411,49,6,,,
FR,Santa Barbara,2016,ethnicity,asian,3,3.86,4.0,147,18,4,,,
FR,Santa Barbara,2016,ethnicity,black,1,0.85,3.59,64,15,3,,,
FR,Santa Barbara,2016,ethnicity,black,2,3.59,3.86,50,12,1,,,
FR,Santa Barbara,2016,ethnicity,black,3,3.86,4.0,11,2,0,,,
FR,Santa Barbara,2016,ethnicity,hispanic_latino,1,0.85,3.59,272,79,16,,,
FR,Santa Barbara,2016,ethnicity,hispanic_latino,2,3.59,3.86,367,69,10,,,
FR,Santa Barbara,2016,ethnicity,hispanic_latino,3,3.86,4.0,164,32,1,,,
FR,Santa Barbara,2016,ethnicity,international,1,0.85,3.59,37,5,2,,,
FR,Santa Barbara,2016,ethnicity,international,2,3.59,3.86,101,8,1,,,
FR,Santa Barbara,2016,ethnicity,international,3,3.86,4.0,142,10,4,,,
FR,Santa Barbara,2016,ethnicity,white,1,0.85,3.59,286,48,9,,,
FR,Santa Barbara,2016,ethnicity,white,2,3.59,3.86,521,61,9,,,
FR,Santa Barbara,2016,ethnicity,white,3,3.86,4.0,404,44,1,,,
FR,Santa Barbara,2016,first_gen_status,first_gen,1,0.85,3.59,499,109,19,,,
FR,Santa Barbara,2016,first_gen_status,first_gen,2,3.59,3.86,568,96,10,,,
FR,Santa Barbara,2016,first_gen_status,first_gen,3,3.86,4.0,259,48,4,,,
FR,Santa Barbara,2016,first_gen_status,not_first_gen,1,0.85,3.59,574,111,23,,,
FR,Santa Barbara,2016,first_gen_status,not_first_gen,2,3.59,3.86,916,107,17,,,
FR,Santa Barbara,2016,first_gen_status,not_first_gen,3,3.86,4.0,625,65,6,,,
FR,Santa Barbara,2016,pell_status,non_pell,1,0.85,3.59,574,88,21,,,
FR,Santa Barbara,2016,pell_status,non_pell,2,3.59,3.86,963,94,20,,,
FR,Santa Barbara,2016,pell_status,non_pell,3,3.86,4.0,669,64,6,,,
FR,Santa Barbara,2016,pell_status,pell,1,0.85,3.59,508,133,21,,,
FR,Santa Barbara,2016,pell_status,pell,2,3.59,3.86,541,111,7,,,
FR,Santa Barbara,2016,pell_status,pell,3,3.86,4.0,228,49,4,,,
FR,Santa Barbara,2017,ethnicity,aian,1,0.0,3.63,13,4,2,,,
FR,Santa Barbara,2017,ethnicity,aian,2,3.63,3.88,14,3,1,,,
FR,Santa Barbara,2017,ethnicity,aian,3,3.88,4.0,4,1,0,,,
FR,Santa Barbara,2017,ethnicity,asian,1,0.0,3.63,345,35,9,,,
FR,Santa Barbara,2017,ethnicity,asian,2,3.63,3.88,375,41,11,,,
FR,Santa Barbara,2017,ethnicity,asian,3,3.88,4.0,158,22,4,,,
FR,Santa Barbara,2017,ethnicity,black,1,0.0,3.63,72,16,6,,,
FR,Santa Barbara,2017,ethnicity,black,2,3.63,3.88,75,11,2,,,
FR,Santa Barbara,2017,ethnicity,black,3,3.88,4.0,14,5,1,,,
FR,Santa Barbara,2017,ethnicity,hispanic_latino,1,0.0,3.63,250,67,14,,,
FR,Santa Barbara,2017,ethnicity,hispanic_latino,2,3.63,3.88,274,64,10,,,
FR,Santa Barbara,2017,ethnicity,hispanic_latino,3,3.88,4.0,152,20,1,,,
FR,Santa Barbara,2017,ethnicity,international,1,0.0,3.63,30,4,2,,,
FR,Santa Barbara,2017,ethnicity,international,2,3.63,3.88,119,13,4,,,
FR,Santa Barbara,2017,ethnicity,international,3,3.88,4.0,107,2,2,,,
FR,Santa Barbara,2017,ethnicity,white,1,0.0,3.63,211,47,8,,,
FR,Santa Barbara,2017,ethnicity,white,2,3.63,3.88,437,49,9,,,
FR,Santa Barbara,2017,ethnicity,white,3,3.88,4.0,404,38,1,,,
FR,Santa Barbara,2017,first_gen_status,first_gen,1,0.0,3.63,442,93,20,,,
FR,Santa Barbara,2017,first_gen_status,first_gen,2,3.63,3.88,450,85,19,,,
FR,Santa Barbara,2017,first_gen_status,first_gen,3,3.88,4.0,220,27,6,,,
FR,Santa Barbara,2017,first_gen_status,not_first_gen,1,0.0,3.63,483,78,22,,,
FR,Santa Barbara,2017,first_gen_status,not_first_gen,2,3.63,3.88,864,96,17,,,
FR,Santa Barbara,2017,first_gen_status,not_first_gen,3,3.88,4.0,623,59,4,,,
FR,Santa Barbara,2017,pell_status,non_pell,1,0.0,3.63,493,76,22,,,
FR,Santa Barbara,2017,pell_status,non_pell,2,3.63,3.88,884,84,18,,,
FR,Santa Barbara,2017,pell_status,non_pell,3,3.88,4.0,644,57,6,,,
FR,Santa Barbara,2017,pell_status,pell,1,0.0,3.63,448,101,20,,,
FR,Santa Barbara,2017,pell_status,pell,2,3.63,3.88,451,101,19,,,
FR,Santa Barbara,2017,pell_status,pell,3,3.88,4.0,217,32,4,,,
FR,Santa Barbara,2018,ethnicity,aian,1,0.0,3.68,15,3,0,,,
FR,Santa Barbara,2018,ethnicity,aian,2,3.68,3.9,11,1,0,,,
FR,Santa Barbara,2018,ethnicity,aian,3,3.9,4.0,10,0,0,,,
FR,Santa Barbara,2018,ethnicity,asian,1,0.0,3.68,319,47,12,,,
FR,Santa Barbara,2018,ethnicity,asian,2,3.68,3.9,457,55,8,,,
FR,Santa Barbara,2018,ethnicity,asian,3,3.9,4.0,284,33,10,,,
FR,Santa Barbara,2018,ethnicity,black,1,0.0,3.68,40,8,3,,,
FR,Santa Barbara,2018,ethnicity,black,2,3.68,3.9,51,4,2,,,
FR,Santa Barbara,2018,ethnicity,black,3,3.9,4.0,26,3,1,,,
FR,Santa Barbara,2018,ethnicity,hispanic_latino,1,0.0,3.68,269,94,28,,,
FR,Santa Barbara,2018,ethnicity,hispanic_latino,2,3.68,3.9,281,60,11,,,
FR,Santa Barbara,2018,ethnicity,hispanic_latino,3,3.9,4.0,193,21,9,,,
FR,Santa Barbara,2018,ethnicity,international,1,0.0,3.68,87,14,2,,,
FR,Santa Barbara,2018,ethnicity,international,2,3.68,3.9,151,25,3,,,
FR,Santa Barbara,2018,ethnicity,international,3,3.9,4.0,156,14,7,,,
FR,Santa Barbara,2018,ethnicity,white,1,0.0,3.68,192,48,4,,,
FR,Santa Barbara,2018,ethnicity,white,2,3.68,3.9,367,55,10,,,
FR,Santa Barbara,2018,ethnicity,white,3,3.9,4.0,430,40,4,,,
FR,Santa Barbara,2018,first_gen_status,first_gen,1,0.0,3.68,487,124,35,,,
FR,Santa Barbara,2018,first_gen_status,first_gen,2,3.68,3.9,507,89,16,,,
FR,Santa Barbara,2018,first_gen_status,first_gen,3,3.9,4.0,316,39,13,,,
FR,Santa Barbara,2018,first_gen_status,not_first_gen,1,0.0,3.68,440,93,14,,,
FR,Santa Barbara,2018,first_gen_status,not_first_gen,2,3.68,3.9,829,115,17,,,
FR,Santa Barbara,2018,first_gen_status,not_first_gen,3,3.9,4.0,796,72,16,,,
FR,Santa Barbara,2018,pell_status,non_pell,1,0.0,3.68,448,85,12,,,
FR,Santa Barbara,2018,pell_status,non_pell,2,3.68,3.9,874,113,14,,,
FR,Santa Barbara,2018,pell_status,non_pell,3,3.9,4.0,821,76,17,,,
FR,Santa Barbara,2018,pell_status,pell,1,0.0,3.68,494,133,38,,,
FR,Santa Barbara,2018,pell_status,pell,2,3.68,3.9,479,93,20,,,
FR,Santa Barbara,2018,pell_status,pell,3,3.9,4.0,308,37,14,,,
FR,Santa Barbara,2019,ethnicity,aian,1,1.38,3.69,4,2,0,,,
FR,Santa Barbara,2019,ethnicity,aian,2,3.69,3.91,11,1,0,,,
FR,Santa Barbara,2019,ethnicity,aian,3,3.91,4.0,6,1,0,,,
FR,Santa Barbara,2019,ethnicity,asian,1,1.38,3.69,185,33,4,,,
FR,Santa Barbara,2019,ethnicity,asian,2,3.69,3.91,415,51,13,,,
FR,Santa Barbara,2019,ethnicity,asian,3,3.91,4.0,323,30,4,,,
FR,Santa Barbara,2019,ethnicity,black,1,1.38,3.69,34,21,2,,,
FR,Santa Barbara,2019,ethnicity,black,2,3.69,3.91,61,4,0,,,
FR,Santa Barbara,2019,ethnicity,black,3,3.91,4.0,25,3,1,,,
FR,Santa Barbara,2019,ethnicity,hispanic_latino,1,1.38,3.69,238,79,18,,,
FR,Santa Barbara,2019,ethnicity,hispanic_latino,2,3.69,3.91,275,59,10,,,
FR,Santa Barbara,2019,ethnicity,hispanic_latino,3,3.91,4.0,206,24,3,,,
FR,Santa Barbara,2019,ethnicity,international,1,1.38,3.69,97,19,2,,,
FR,Santa Barbara,2019,ethnicity,international,2,3.69,3.91,225,24,5,,,
FR,Santa Barbara,2019,ethnicity,international,3,3.91,4.0,182,22,4,,,
FR,Santa Barbara,2019,ethnicity,white,1,1.38,3.69,150,38,7,,,
FR,Santa Barbara,2019,ethnicity,white,2,3.69,3.91,386,41,9,,,
FR,Santa Barbara,2019,ethnicity,white,3,3.91,4.0,470,52,6,,,
FR,Santa Barbara,2019,first_gen_status,first_gen,1,1.38,3.69,372,105,20,,,
FR,Santa Barbara,2019,first_gen_status,first_gen,2,3.69,3.91,500,80,16,,,
FR,Santa Barbara,2019,first_gen_status,first_gen,3,3.91,4.0,307,40,7,,,
FR,Santa Barbara,2019,first_gen_status,not_first_gen,1,1.38,3.69,334,84,13,,,
FR,Santa Barbara,2019,first_gen_status,not_first_gen,2,3.69,3.91,873,103,22,,,
FR,Santa Barbara,2019,first_gen_status,not_first_gen,3,3.91,4.0,920,91,12,,,
FR,Santa Barbara,2019,pell_status,non_pell,1,1.38,3.69,395,89,11,,,
FR,Santa Barbara,2019,pell_status,non_pell,2,3.69,3.91,923,110,23,,,
FR,Santa Barbara,2019,pell_status,non_pell,3,3.91,4.0,924,88,12,,,
FR,Santa Barbara,2019,pell_status,pell,1,1.38,3.69,324,104,22,,,
FR,Santa Barbara,2019,pell_status,pell,2,3.69,3.91,476,75,15,,,
FR,Santa Barbara,2019,pell_status,pell,3,3.91,4.0,315,45,7,,,
FR,Santa Barbara,2020,ethnicity,aian,1,1.1,3.67,2,1,0,,,
FR,Santa Barbara,2020,ethnicity,aian,2,3.67,3.91,5,2,0,,,
FR,Santa Barbara,2020,ethnicity,aian,3,3.91,4.0,12,1,0,,,
FR,Santa Barbara,2020,ethnicity,asian,1,1.1,3.67,276,42,0,,,
FR,Santa Barbara,2020,ethnicity,asian,2,3.67,3.91,510,46,0,,,
FR,Santa Barbara,2020,ethnicity,asian,3,3.91,4.0,306,23,0,,,
FR,Santa Barbara,2020,ethnicity,black,1,1.1,3.67,40,14,0,,,
FR,Santa Barbara,2020,ethnicity,black,2,3.67,3.91,48,9,0,,,
FR,Santa Barbara,2020,ethnicity,black,3,3.91,4.0,14,3,0,,,
FR,Santa Barbara,2020,ethnicity,hispanic_latino,1,1.1,3.67,193,59,0,,,
FR,Santa Barbara,2020,ethnicity,hispanic_latino,2,3.67,3.91,293,56,0,,,
FR,Santa Barbara,2020,ethnicity,hispanic_latino,3,3.91,4.0,178,27,0,,,
FR,Santa Barbara,2020,ethnicity,international,1,1.1,3.67,49,10,0,,,
FR,Santa Barbara,2020,ethnicity,international,2,3.67,3.91,89,16,0,,,
FR,Santa Barbara,2020,ethnicity,international,3,3.91,4.0,118,10,0,,,
FR,Santa Barbara,2020,ethnicity,white,1,1.1,3.67,214,35,0,,,
FR,Santa Barbara,2020,ethnicity,white,2,3.67,3.91,527,56,0,,,
FR,Santa Barbara,2020,ethnicity,white,3,3.91,4.0,475,47,0,,,
FR,Santa Barbara,2020,first_gen_status,first_gen,1,1.1,3.67,281,70,0,,,
FR,Santa Barbara,2020,first_gen_status,first_gen,2,3.67,3.91,423,77,0,,,
FR,Santa Barbara,2020,first_gen_status,first_gen,3,3.91,4.0,254,27,0,,,
FR,Santa Barbara,2020,first_gen_status,not_first_gen,1,1.1,3.67,498,93,0,,,
FR,Santa Barbara,2020,first_gen_status,not_first_gen,2,3.67,3.91,1069,106,0,,,
FR,Santa Barbara,2020,first_gen_status,not_first_gen,3,3.91,4.0,862,86,0,,,
FR,Santa Barbara,2020,pell_status,non_pell,1,1.1,3.67,508,88,0,,,
FR,Santa Barbara,2020,pell_status,non_pell,2,3.67,3.91,1075,104,0,,,
FR,Santa Barbara,2020,pell_status,non_pell,3,3.91,4.0,867,86,0,,,
FR,Santa Barbara,2020,pell_status,pell,1,1.1,3.67,295,80,0,,,
FR,Santa Barbara,2020,pell_status,pell,2,3.67,3.91,448,86,0,,,
FR,Santa Barbara,2020,pell_status,pell,3,3.91,4.0,275,28,0,,,
FR,Santa Barbara,2021,ethnicity,aian,1,0.0,3.71,0,,,,,
FR,Santa Barbara,2021,ethnicity,aian,2,3.71,3.92,4,0,0,,,
FR,Santa Barbara,2021,ethnicity,aian,3,3.92,4.0,4,0,0,,,
FR,Santa Barbara,2021,ethnicity,asian,1,0.0,3.71,139,0,0,,,
FR,Santa Barbara,2021,ethnicity,asian,2,3.71,3.92,506,0,0,,,
FR,Santa Barbara,2021,ethnicity,asian,3,3.92,4.0,342,0,0,,,
FR,Santa Barbara,2021,ethnicity,black,1,0.0,3.71,39,0,0,,,
FR,Santa Barbara,2021,ethnicity,black,2,3.71,3.92,53,0,0,,,
FR,Santa Barbara,2021,ethnicity,black,3,3.92,4.0,24,0,0,,,
FR,Santa Barbara,2021,ethnicity,hispanic_latino,1,0.0,3.71,210,0,0,,,
FR,Santa Barbara,2021,ethnicity,hispanic_latino,2,3.71,3.92,364,0,0,,,
FR,Santa Barbara,2021,ethnicity,hispanic_latino,3,3.92,4.0,241,0,0,,,
FR,Santa Barbara,2021,ethnicity,international,1,0.0,3.71,29,0,0,,,
FR,Santa Barbara,2021,ethnicity,international,2,3.71,3.92,137,0,0,,,
FR,Santa Barbara,2021,ethnicity,international,3,3.92,4.0,167,0,0,,,
FR,Santa Barbara,2021,ethnicity,white,1,0.0,3.71,101,0,0,,,
FR,Santa Barbara,2021,ethnicity,white,2,3.71,3.92,529,0,0,,,
FR,Santa Barbara,2021,ethnicity,white,3,3.92,4.0,629,0,0,,,
FR,Santa Barbara,2021,first_gen_status,first_gen,1,0.0,3.71,263,0,0,,,
FR,Santa Barbara,2021,first_gen_status,first_gen,2,3.71,3.92,466,0,0,,,
FR,Santa Barbara,2021,first_gen_status,first_gen,3,3.92,4.0,283,0,0,,,
FR,Santa Barbara,2021,first_gen_status,not_first_gen,1,0.0,3.71,255,0,0,,,
FR,Santa Barbara,2021,first_gen_status,not_first_gen,2,3.71,3.92,1134,0,0,,,
FR,Santa Barbara,2021,first_gen_status,not_first_gen,3,3.92,4.0,1153,0,0,,,
FR,Santa Barbara,2021,pell_status,non_pell,1,0.0,3.71,238,0,0,,,
FR,Santa Barbara,2021,pell_status,non_pell,2,3.71,3.92,1136,0,0,,,
FR,Santa Barbara,2021,pell_status,non_pell,3,3.92,4.0,1140,0,0,,,
FR,Santa Barbara,2021,pell_status,pell,1,0.0,3.71,286,0,0,,,
FR,Santa Barbara,2021,pell_status,pell,2,3.71,3.92,504,0,0,,,
FR,Santa Barbara,2021,pell_status,pell,3,3.92,4.0,332,0,0,,,
FR,Santa Cruz,2010,ethnicity,aian,1,1.75,3.47,11,4,0,,,
FR,Santa Cruz,2010,ethnicity,aian,2,3.47,3.79,9,4,0,,,
FR,Santa Cruz,2010,ethnicity,aian,3,3.79,4.0,3,0,1,,,
FR,Santa Cruz,2010,ethnicity,asian,1,1.75,3.47,320,149,30,,,
FR,Santa Cruz,2010,ethnicity,asian,2,3.47,3.79,147,57,3,,,
FR,Santa Cruz,2010,ethnicity,asian,3,3.79,4.0,41,14,2,,,
FR,Santa Cruz,2010,ethnicity,black,1,1.75,3.47,32,12,3,,,
FR,Santa Cruz,2010,ethnicity,black,2,3.47,3.79,13,3,0,,,
FR,Santa Cruz,2010,ethnicity,black,3,3.79,4.0,3,2,0,,,
FR,Santa Cruz,2010,ethnicity,hispanic_latino,1,1.75,3.47,202,174,29,,,
FR,Santa Cruz,2010,ethnicity,hispanic_latino,2,3.47,3.79,91,61,9,,,
FR,Santa Cruz,2010,ethnicity,hispanic_latino,3,3.79,4.0,39,19,2,,,
FR,Santa Cruz,2010,ethnicity,international,1,1.75,3.47,4,0,0,,,
FR,Santa Cruz,2010,ethnicity,international,2,3.47,3.79,1,0,0,,,
FR,Santa Cruz,2010,ethnicity,international,3,3.79,4.0,0,0,0,,,
FR,Santa Cruz,2010,ethnicity,white,1,1.75,3.47,374,139,21,,,
FR,Santa Cruz,2010,ethnicity,white,2,3.47,3.79,284,83,12,,,
FR,Santa Cruz,2010,ethnicity,white,3,3.79,4.0,102,31,2,,,
FR,Santa Cruz,2010,first_gen_status,first_gen,1,1.75,3.47,430,259,51,,,
FR,Santa Cruz,2010,first_gen_status,first_gen,2,3.47,3.79,186,89,10,,,
FR,Santa Cruz,2010,first_gen_status,first_gen,3,3.79,4.0,71,21,4,,,
FR,Santa Cruz,2010,first_gen_status,not_first_gen,1,1.75,3.47,500,208,30,,,
FR,Santa Cruz,2010,first_gen_status,not_first_gen,2,3.47,3.79,355,117,14,,,
FR,Santa Cruz,2010,first_gen_status,not_first_gen,3,3.79,4.0,118,42,2,,,
FR,Santa Cruz,2010,pell_status,non_pell,1,1.75,3.47,513,215,33,,,
FR,Santa Cruz,2010,pell_status,non_pell,2,3.47,3.79,355,103,9,,,
FR,Santa Cruz,2010,pell_status,non_pell,3,3.79,4.0,111,29,2,,,
FR,Santa Cruz,2010,pell_status,pell,1,1.75,3.47,456,275,56,,,
FR,Santa Cruz,2010,pell_status,pell,2,3.47,3.79,217,114,15,,,
FR,Santa Cruz,2010,pell_status,pell,3,3.79,4.0,87,38,5,,,
FR,Santa Cruz,2011,ethnicity,aian,1,0.87,3.5,10,8,0,,,
FR,Santa Cruz,2011,ethnicity,aian,2,3.5,3.8,7,1,0,,,
FR,Santa Cruz,2011,ethnicity,aian,3,3.8,4.0,2,1,0,,,
FR,Santa Cruz,2011,ethnicity,asian,1,0.87,3.5,381,141,16,,,
FR,Santa Cruz,2011,ethnicity,asian,2,3.5,3.8,160,74,10,,,
FR,Santa Cruz,2011,ethnicity,asian,3,3.8,4.0,37,9,0,,,
FR,Santa Cruz,2011,ethnicity,black,1,0.87,3.5,44,23,1,,,
FR,Santa Cruz,2011,ethnicity,black,2,3.5,3.8,15,5,2,,,
FR,Santa Cruz,2011,ethnicity,black,3,3.8,4.0,4,2,0,,,
FR,Santa Cruz,2011,ethnicity,hispanic_latino,1,0.87,3.5,292,184,41,,,
FR,Santa Cruz,2011,ethnicity,hispanic_latino,2,3.5,3.8,124,76,11,,,
FR,Santa Cruz,2011,ethnicity,hispanic_latino,3,3.8,4.0,40,19,1,,,
FR,Santa Cruz,2011,ethnicity,international,1,0.87,3.5,7,0,0,,,
FR,Santa Cruz,2011,ethnicity,international,2,3.5,3.8,1,0,1,,,
FR,Santa Cruz,2011,ethnicity,international,3,3.8,4.0,2,0,1,,,
FR,Santa Cruz,2011,ethnicity,white,1,0.87,3.5,400,133,25,,,
FR,Santa Cruz,2011,ethnicity,white,2,3.5,3.8,302,86,12,,,
FR,Santa Cruz,2011,ethnicity,white,3,3.8,4.0,113,27,5,,,
FR,Santa Cruz,2011,first_gen_status,first_gen,1,0.87,3.5,511,276,52,,,
FR,Santa Cruz,2011,first_gen_status,first_gen,2,3.5,3.8,214,112,14,,,
FR,Santa Cruz,2011,first_gen_status,first_gen,3,3.8,4.0,66,25,2,,,
FR,Santa Cruz,2011,first_gen_status,not_first_gen,1,0.87,3.5,609,214,29,,,
FR,Santa Cruz,2011,first_gen_status,not_first_gen,2,3.5,3.8,389,128,21,,,
FR,Santa Cruz,2011,first_gen_status,not_first_gen,3,3.8,4.0,130,32,5,,,
FR,Santa Cruz,2011,pell_status,non_pell,1,0.87,3.5,647,213,32,,,
FR,Santa Cruz,2011,pell_status,non_pell,2,3.5,3.8,353,116,15,,,
FR,Santa Cruz,2011,pell_status,non_pell,3,3.8,4.0,113,23,5,,,
FR,Santa Cruz,2011,pell_status,pell,1,0.87,3.5,500,282,52,,,
FR,Santa Cruz,2011,pell_status,pell,2,3.5,3.8,262,129,21,,,
FR,Santa Cruz,2011,pell_status,pell,3,3.8,4.0,87,35,2,,,
FR,Santa Cruz,2012,ethnicity,aian,1,1.02,3.52,14,7,1,,,
FR,Santa Cruz,2012,ethnicity,aian,2,3.52,3.81,3,1,0,,,
FR,Santa Cruz,2012,ethnicity,aian,3,3.81,4.0,1,0,0,,,
FR,Santa Cruz,2012,ethnicity,asian,1,1.02,3.52,408,168,31,,,
FR,Santa Cruz,2012,ethnicity,asian,2,3.52,3.81,162,58,9,,,
FR,Santa Cruz,2012,ethnicity,asian,3,3.81,4.0,31,14,1,,,
FR,Santa Cruz,2012,ethnicity,black,1,1.02,3.52,36,18,3,,,
FR,Santa Cruz,2012,ethnicity,black,2,3.52,3.81,18,6,2,,,
FR,Santa Cruz,2012,ethnicity,black,3,3.81,4.0,5,0,0,,,
FR,Santa Cruz,2012,ethnicity,hispanic_latino,1,1.02,3.52,335,266,40,,,
FR,Santa Cruz,2012,ethnicity,hispanic_latino,2,3.52,3.81,142,75,11,,,
FR,Santa Cruz,2012,ethnicity,hispanic_latino,3,3.81,4.0,43,16,5,,,
FR,Santa Cruz,2012,ethnicity,international,1,1.02,3.52,1,3,0,,,
FR,Santa Cruz,2012,ethnicity,international,2,3.52,3.81,2,1,0,,,
FR,Santa Cruz,2012,ethnicity,international,3,3.81,4.0,1,0,0,,,
FR,Santa Cruz,2012,ethnicity,white,1,1.02,3.52,348,137,16,,,
FR,Santa Cruz,2012,ethnicity,white,2,3.52,3.81,252,73,7,,,
FR,Santa Cruz,2012,ethnicity,white,3,3.81,4.0,107,24,0,,,
FR,Santa Cruz,2012,first_gen_status,first_gen,1,1.02,3.52,620,366,65,,,
FR,Santa Cruz,2012,first_gen_status,first_gen,2,3.52,3.81,223,109,13,,,
FR,Santa Cruz,2012,first_gen_status,first_gen,3,3.81,4.0,67,25,6,,,
FR,Santa Cruz,2012,first_gen_status,not_first_gen,1,1.02,3.52,513,229,28,,,
FR,Santa Cruz,2012,first_gen_status,not_first_gen,2,3.52,3.81,360,105,15,,,
FR,Santa Cruz,2012,first_gen_status,not_first_gen,3,3.81,4.0,125,29,1,,,
FR,Santa Cruz,2012,pell_status,non_pell,1,1.02,3.52,493,218,27,,,
FR,Santa Cruz,2012,pell_status,non_pell,2,3.52,3.81,347,97,12,,,
FR,Santa Cruz,2012,pell_status,non_pell,3,3.81,4.0,103,22,0,,,
FR,Santa Cruz,2012,pell_status,pell,1,1.02,3.52,657,385,66,,,
FR,Santa Cruz,2012,pell_status,pell,2,3.52,3.81,243,118,17,,,
FR,Santa Cruz,2012,pell_status,pell,3,3.81,4.0,91,33,7,,,
FR,Santa Cruz,2013,ethnicity,aian,1,1.21,3.57,6,0,0,,,
FR,Santa Cruz,2013,ethnicity,aian,2,3.57,3.84,1,1,0,,,
FR,Santa Cruz,2013,ethnicity,aian,3,3.84,4.0,3,0,0,,,
FR,Santa Cruz,2013,ethnicity,asian,1,1.21,3.57,336,133,22,,,
FR,Santa Cruz,2013,ethnicity,asian,2,3.57,3.84,109,29,4,,,
FR,Santa Cruz,2013,ethnicity,asian,3,3.84,4.0,39,6,1,,,
FR,Santa Cruz,2013,ethnicity,black,1,1.21,3.57,43,26,4,,,
FR,Santa Cruz,2013,ethnicity,black,2,3.57,3.84,17,6,3,,,
FR,Santa Cruz,2013,ethnicity,black,3,3.84,4.0,6,4,0,,,
FR,Santa Cruz,2013,ethnicity,hispanic_latino,1,1.21,3.57,324,175,36,,,
FR,Santa Cruz,2013,ethnicity,hispanic_latino,2,3.57,3.84,136,50,12,,,
FR,Santa Cruz,2013,ethnicity,hispanic_latino,3,3.84,4.0,48,20,6,,,
FR,Santa Cruz,2013,ethnicity,international,1,1.21,3.57,36,14,1,,,
FR,Santa Cruz,2013,ethnicity,international,2,3.57,3.84,9,1,0,,,
FR,Santa Cruz,2013,ethnicity,international,3,3.84,4.0,2,2,0,,,
FR,Santa Cruz,2013,ethnicity,white,1,1.21,3.57,325,110,13,,,
FR,Santa Cruz,2013,ethnicity,white,2,3.57,3.84,179,55,6,,,
FR,Santa Cruz,2013,ethnicity,white,3,3.84,4.0,87,25,1,,,
FR,Santa Cruz,2013,first_gen_status,first_gen,1,1.21,3.57,421,226,42,,,
FR,Santa Cruz,2013,first_gen_status,first_gen,2,3.57,3.84,186,66,11,,,
FR,Santa Cruz,2013,first_gen_status,first_gen,3,3.84,4.0,80,30,7,,,
FR,Santa Cruz,2013,first_gen_status,not_first_gen,1,1.21,3.57,648,231,35,,,
FR,Santa Cruz,2013,first_gen_status,not_first_gen,2,3.57,3.84,268,80,14,,,
FR,Santa Cruz,2013,first_gen_status,not_first_gen,3,3.84,4.0,108,27,1,,,
FR,Santa Cruz,2013,pell_status,non_pell,1,1.21,3.57,602,216,39,,,
FR,Santa Cruz,2013,pell_status,non_pell,2,3.57,3.84,259,67,11,,,
FR,Santa Cruz,2013,pell_status,non_pell,3,3.84,4.0,104,27,0,,,
FR,Santa Cruz,2013,pell_status,pell,1,1.21,3.57,484,247,39,,,
FR,Santa Cruz,2013,pell_status,pell,2,3.57,3.84,200,79,14,,,
FR,Santa Cruz,2013,pell_status,pell,3,3.84,4.0,84,31,8,,,
FR,Santa Cruz,2014,ethnicity,aian,1,0.25,3.59,12,2,0,,,
FR,Santa Cruz,2014,ethnicity,aian,2,3.59,3.86,4,2,0,,,
FR,Santa Cruz,2014,ethnicity,aian,3,3.86,4.0,0,1,0,,,
FR,Santa Cruz,2014,ethnicity,asian,1,0.25,3.59,457,139,25,,,
FR,Santa Cruz,2014,ethnicity,asian,2,3.59,3.86,207,47,8,,,
FR,Santa Cruz,2014,ethnicity,asian,3,3.86,4.0,44,13,1,,,
FR,Santa Cruz,2014,ethnicity,black,1,0.25,3.59,63,35,6,,,
FR,Santa Cruz,2014,ethnicity,black,2,3.59,3.86,21,2,2,,,
FR,Santa Cruz,2014,ethnicity,black,3,3.86,4.0,9,1,0,,,
FR,Santa Cruz,2014,ethnicity,hispanic_latino,1,0.25,3.59,344,211,34,,,
FR,Santa Cruz,2014,ethnicity,hispanic_latino,2,3.59,3.86,150,67,16,,,
FR,Santa Cruz,2014,ethnicity,hispanic_latino,3,3.86,4.0,47,13,2,,,
FR,Santa Cruz,2014,ethnicity,international,1,0.25,3.59,60,19,5,,,
FR,Santa Cruz,2014,ethnicity,international,2,3.59,3.86,13,4,0,,,
FR,Santa Cruz,2014,ethnicity,international,3,3.86,4.0,10,5,0,,,
FR,Santa Cruz,2014,ethnicity,white,1,0.25,3.59,392,116,20,,,
FR,Santa Cruz,2014,ethnicity,white,2,3.59,3.86,237,49,9,,,
FR,Santa Cruz,2014,ethnicity,white,3,3.86,4.0,98,13,4,,,
FR,Santa Cruz,2014,first_gen_status,first_gen,1,0.25,3.59,477,268,40,,,
FR,Santa Cruz,2014,first_gen_status,first_gen,2,3.59,3.86,259,87,19,,,
FR,Santa Cruz,2014,first_gen_status,first_gen,3,3.86,4.0,70,19,4,,,
FR,Santa Cruz,2014,first_gen_status,not_first_gen,1,0.25,3.59,851,250,51,,,
FR,Santa Cruz,2014,first_gen_status,not_first_gen,2,3.59,3.86,377,83,16,,,
FR,Santa Cruz,2014,first_gen_status,not_first_gen,3,3.86,4.0,138,27,3,,,
FR,Santa Cruz,2014,pell_status,non_pell,1,0.25,3.59,812,219,44,,,
FR,Santa Cruz,2014,pell_status,non_pell,2,3.59,3.86,369,75,17,,,
FR,Santa Cruz,2014,pell_status,non_pell,3,3.86,4.0,126,25,3,,,
FR,Santa Cruz,2014,pell_status,pell,1,0.25,3.59,534,310,49,,,
FR,Santa Cruz,2014,pell_status,pell,2,3.59,3.86,276,99,18,,,
FR,Santa Cruz,2014,pell_status,pell,3,3.86,4.0,85,22,4,,,
FR,Santa Cruz,2015,ethnicity,aian,1,1.0,3.61,10,4,2,,,
FR,Santa Cruz,2015,ethnicity,aian,2,3.61,3.87,4,0,0,,,
FR,Santa Cruz,2015,ethnicity,aian,3,3.87,4.0,3,0,0,,,
FR,Santa Cruz,2015,ethnicity,asian,1,1.0,3.61,530,133,19,,,
FR,Santa Cruz,2015,ethnicity,asian,2,3.61,3.87,191,45,3,,,
FR,Santa Cruz,2015,ethnicity,asian,3,3.87,4.0,40,12,0,,,
FR,Santa Cruz,2015,ethnicity,black,1,1.0,3.61,33,16,3,,,
FR,Santa Cruz,2015,ethnicity,black,2,3.61,3.87,13,4,0,,,
FR,Santa Cruz,2015,ethnicity,black,3,3.87,4.0,6,1,0,,,
FR,Santa Cruz,2015,ethnicity,hispanic_latino,1,1.0,3.61,333,119,22,,,
FR,Santa Cruz,2015,ethnicity,hispanic_latino,2,3.61,3.87,146,45,6,,,
FR,Santa Cruz,2015,ethnicity,hispanic_latino,3,3.87,4.0,49,2,1,,,
FR,Santa Cruz,2015,ethnicity,international,1,1.0,3.61,99,24,2,,,
FR,Santa Cruz,2015,ethnicity,international,2,3.61,3.87,12,3,1,,,
FR,Santa Cruz,2015,ethnicity,international,3,3.87,4.0,4,0,0,,,
FR,Santa Cruz,2015,ethnicity,white,1,1.0,3.61,349,84,18,,,
FR,Santa Cruz,2015,ethnicity,white,2,3.61,3.87,248,64,9,,,
FR,Santa Cruz,2015,ethnicity,white,3,3.87,4.0,94,17,3,,,
FR,Santa Cruz,2015,first_gen_status,first_gen,1,1.0,3.61,592,189,39,,,
FR,Santa Cruz,2015,first_gen_status,first_gen,2,3.61,3.87,230,65,9,,,
FR,Santa Cruz,2015,first_gen_status,first_gen,3,3.87,4.0,67,9,1,,,
FR,Santa Cruz,2015,first_gen_status,not_first_gen,1,1.0,3.61,768,187,28,,,
FR,Santa Cruz,2015,first_gen_status,not_first_gen,2,3.61,3.87,391,98,10,,,
FR,Santa Cruz,2015,first_gen_status,not_first_gen,3,3.87,4.0,128,24,3,,,
FR,Santa Cruz,2015,pell_status,non_pell,1,1.0,3.61,844,204,33,,,
FR,Santa Cruz,2015,pell_status,non_pell,2,3.61,3.87,391,97,8,,,
FR,Santa Cruz,2015,pell_status,non_pell,3,3.87,4.0,115,14,2,,,
FR,Santa Cruz,2015,pell_status,pell,1,1.0,3.61,533,181,34,,,
FR,Santa Cruz,2015,pell_status,pell,2,3.61,3.87,237,67,11,,,
FR,Santa Cruz,2015,pell_status,pell,3,3.87,4.0,84,19,2,,,
FR,Santa Cruz,2016,ethnicity,aian,1,0.85,3.59,20,6,0,,,
FR,Santa Cruz,2016,ethnicity,aian,2,3.59,3.86,4,1,1,,,
FR,Santa Cruz,2016,ethnicity,aian,3,3.86,4.0,2,0,0,,,
FR,Santa Cruz,2016,ethnicity,asian,1,0.85,3.59,620,129,26,,,
FR,Santa Cruz,2016,ethnicity,asian,2,3.59,3.86,211,30,3,,,
FR,Santa Cruz,2016,ethnicity,asian,3,3.86,4.0,48,8,0,,,
FR,Santa Cruz,2016,ethnicity,black,1,0.85,3.59,66,18,3,,,
FR,Santa Cruz,2016,ethnicity,black,2,3.59,3.86,24,3,1,,,
FR,Santa Cruz,2016,ethnicity,black,3,3.86,4.0,5,4,0,,,
FR,Santa Cruz,2016,ethnicity,hispanic_latino,1,0.85,3.59,413,115,17,,,
FR,Santa Cruz,2016,ethnicity,hispanic_latino,2,3.59,3.86,169,29,11,,,
FR,Santa Cruz,2016,ethnicity,hispanic_latino,3,3.86,4.0,45,12,1,,,
FR,Santa Cruz,2016,ethnicity,international,1,0.85,3.59,106,16,3,,,
FR,Santa Cruz,2016,ethnicity,international,2,3.59,3.86,12,2,0,,,
FR,Santa Cruz,2016,ethnicity,international,3,3.86,4.0,14,2,0,,,
FR,Santa Cruz,2016,ethnicity,white,1,0.85,3.59,457,127,20,,,
FR,Santa Cruz,2016,ethnicity,white,2,3.59,3.86,260,43,12,,,
FR,Santa Cruz,2016,ethnicity,white,3,3.86,4.0,111,14,3,,,
FR,Santa Cruz,2016,first_gen_status,first_gen,1,0.85,3.59,609,157,29,,,
FR,Santa Cruz,2016,first_gen_status,first_gen,2,3.59,3.86,232,48,9,,,
FR,Santa Cruz,2016,first_gen_status,first_gen,3,3.86,4.0,66,17,0,,,
FR,Santa Cruz,2016,first_gen_status,not_first_gen,1,0.85,3.59,1067,255,40,,,
FR,Santa Cruz,2016,first_gen_status,not_first_gen,2,3.59,3.86,451,62,19,,,
FR,Santa Cruz,2016,first_gen_status,not_first_gen,3,3.86,4.0,160,22,3,,,
FR,Santa Cruz,2016,pell_status,non_pell,1,0.85,3.59,1073,235,33,,,
FR,Santa Cruz,2016,pell_status,non_pell,2,3.59,3.86,465,61,12,,,
FR,Santa Cruz,2016,pell_status,non_pell,3,3.86,4.0,146,22,3,,,
FR,Santa Cruz,2016,pell_status,pell,1,0.85,3.59,640,183,37,,,
FR,Santa Cruz,2016,pell_status,pell,2,3.59,3.86,231,50,16,,,
FR,Santa Cruz,2016,pell_status,pell,3,3.86,4.0,84,20,1,,,
FR,Santa Cruz,2017,ethnicity,aian,1,0.0,3.63,6,2,0,,,
FR,Santa Cruz,2017,ethnicity,aian,2,3.63,3.88,5,1,0,,,
FR,Santa Cruz,2017,ethnicity,aian,3,3.88,4.0,3,0,0,,,
FR,Santa Cruz,2017,ethnicity,asian,1,0.0,3.63,548,99,16,,,
FR,Santa Cruz,2017,ethnicity,asian,2,3.63,3.88,197,23,6,,,
FR,Santa Cruz,2017,ethnicity,asian,3,3.88,4.0,43,7,2,,,
FR,Santa Cruz,2017,ethnicity,black,1,0.0,3.63,64,29,4,,,
FR,Santa Cruz,2017,ethnicity,black,2,3.63,3.88,20,4,2,,,
FR,Santa Cruz,2017,ethnicity,black,3,3.88,4.0,12,0,0,,,
FR,Santa Cruz,2017,ethnicity,hispanic_latino,1,0.0,3.63,394,89,17,,,
FR,Santa Cruz,2017,ethnicity,hispanic_latino,2,3.63,3.88,143,36,3,,,
FR,Santa Cruz,2017,ethnicity,hispanic_latino,3,3.88,4.0,56,10,0,,,
FR,Santa Cruz,2017,ethnicity,international,1,0.0,3.63,141,25,8,,,
FR,Santa Cruz,2017,ethnicity,international,2,3.63,3.88,29,6,1,,,
FR,Santa Cruz,2017,ethnicity,international,3,3.88,4.0,4,2,0,,,
FR,Santa Cruz,2017,ethnicity,white,1,0.0,3.63,389,89,25,,,
FR,Santa Cruz,2017,ethnicity,white,2,3.63,3.88,248,47,4,,,
FR,Santa Cruz,2017,ethnicity,white,3,3.88,4.0,100,12,2,,,
FR,Santa Cruz,2017,first_gen_status,first_gen,1,0.0,3.63,538,114,22,,,
FR,Santa Cruz,2017,first_gen_status,first_gen,2,3.63,3.88,175,34,4,,,
FR,Santa Cruz,2017,first_gen_status,first_gen,3,3.88,4.0,71,9,2,,,
FR,Santa Cruz,2017,first_gen_status,not_first_gen,1,0.0,3.63,984,217,51,,,
FR,Santa Cruz,2017,first_gen_status,not_first_gen,2,3.63,3.88,467,84,12,,,
FR,Santa Cruz,2017,first_gen_status,not_first_gen,3,3.88,4.0,147,22,2,,,
FR,Santa Cruz,2017,pell_status,non_pell,1,0.0,3.63,1002,204,48,,,
FR,Santa Cruz,2017,pell_status,non_pell,2,3.63,3.88,433,83,9,,,
FR,Santa Cruz,2017,pell_status,non_pell,3,3.88,4.0,136,19,3,,,
FR,Santa Cruz,2017,pell_status,pell,1,0.0,3.63,563,136,26,,,
FR,Santa Cruz,2017,pell_status,pell,2,3.63,3.88,220,35,7,,,
FR,Santa Cruz,2017,pell_status,pell,3,3.88,4.0,85,12,2,,,
FR,Santa Cruz,2018,ethnicity,aian,1,0.0,3.68,9,2,0,,,
FR,Santa Cruz,2018,ethnicity,aian,2,3.68,3.9,0,0,0,,,
FR,Santa Cruz,2018,ethnicity,asian,1,0.0,3.68,542,67,15,,,
FR,Santa Cruz,2018,ethnicity,asian,2,3.68,3.9,214,26,6,,,
FR,Santa Cruz,2018,ethnicity,asian,3,3.9,4.0,54,15,0,,,
FR,Santa Cruz,2018,ethnicity,black,1,0.0,3.68,72,19,5,,,
FR,Santa Cruz,2018,ethnicity,black,2,3.68,3.9,12,4,2,,,
FR,Santa Cruz,2018,ethnicity,black,3,3.9,4.0,7,1,0,,,
FR,Santa Cruz,2018,ethnicity,hispanic_latino,1,0.0,3.68,259,73,19,,,
FR,Santa Cruz,2018,ethnicity,hispanic_latino,2,3.68,3.9,132,22,5,,,
FR,Santa Cruz,2018,ethnicity,hispanic_latino,3,3.9,4.0,49,9,2,,,
FR,Santa Cruz,2018,ethnicity,international,1,0.0,3.68,200,41,8,,,
FR,Santa Cruz,2018,ethnicity,international,2,3.68,3.9,36,5,0,,,
FR,Santa Cruz,2018,ethnicity,international,3,3.9,4.0,6,3,2,,,
FR,Santa Cruz,2018,ethnicity,white,1,0.0,3.68,311,100,20,,,
FR,Santa Cruz,2018,ethnicity,white,2,3.68,3.9,207,41,8,,,
FR,Santa Cruz,2018,ethnicity,white,3,3.9,4.0,128,15,0,,,
FR,Santa Cruz,2018,first_gen_status,first_gen,1,0.0,3.68,408,99,23,,,
FR,Santa Cruz,2018,first_gen_status,first_gen,2,3.68,3.9,167,24,4,,,
FR,Santa Cruz,2018,first_gen_status,first_gen,3,3.9,4.0,71,9,1,,,
FR,Santa Cruz,2018,first_gen_status,not_first_gen,1,0.0,3.68,975,199,43,,,
FR,Santa Cruz,2018,first_gen_status,not_first_gen,2,3.68,3.9,438,78,17,,,
FR,Santa Cruz,2018,first_gen_status,not_first_gen,3,3.9,4.0,180,34,3,,,
FR,Santa Cruz,2018,pell_status,non_pell,1,0.0,3.68,971,203,41,,,
FR,Santa Cruz,2018,pell_status,non_pell,2,3.68,3.9,420,67,16,,,
FR,Santa Cruz,2018,pell_status,non_pell,3,3.9,4.0,153,22,3,,,
FR,Santa Cruz,2018,pell_status,pell,1,0.0,3.68,442,105,27,,,
FR,Santa Cruz,2018,pell_status,pell,2,3.68,3.9,195,35,5,,,
FR,Santa Cruz,2018,pell_status,pell,3,3.9,4.0,98,21,1,,,
FR,Santa Cruz,2019,ethnicity,aian,1,1.38,3.69,10,3,0,,,
FR,Santa Cruz,2019,ethnicity,aian,2,3.69,3.91,3,0,0,,,
FR,Santa Cruz,2019,ethnicity,aian,3,3.91,4.0,3,0,0,,,
FR,Santa Cruz,2019,ethnicity,asian,1,1.38,3.69,479,93,21,,,
FR,Santa Cruz,2019,ethnicity,asian,2,3.69,3.91,171,26,3,,,
FR,Santa Cruz,2019,ethnicity,asian,3,3.91,4.0,49,10,1,,,
FR,Santa Cruz,2019,ethnicity,black,1,1.38,3.69,49,20,2,,,
FR,Santa Cruz,2019,ethnicity,black,2,3.69,3.91,17,5,0,,,
FR,Santa Cruz,2019,ethnicity,black,3,3.91,4.0,7,2,0,,,
FR,Santa Cruz,2019,ethnicity,hispanic_latino,1,1.38,3.69,274,72,13,,,
FR,Santa Cruz,2019,ethnicity,hispanic_latino,2,3.69,3.91,140,28,3,,,
FR,Santa Cruz,2019,ethnicity,hispanic_latino,3,3.91,4.0,61,10,3,,,
FR,Santa Cruz,2019,ethnicity,international,1,1.38,3.69,177,38,8,,,
FR,Santa Cruz,2019,ethnicity,international,2,3.69,3.91,28,1,1,,,
FR,Santa Cruz,2019,ethnicity,international,3,3.91,4.0,9,2,1,,,
FR,Santa Cruz,2019,ethnicity,white,1,1.38,3.69,433,97,12,,,
FR,Santa Cruz,2019,ethnicity,white,2,3.69,3.91,232,46,5,,,
FR,Santa Cruz,2019,ethnicity,white,3,3.91,4.0,107,16,3,,,
FR,Santa Cruz,2019,first_gen_status,first_gen,1,1.38,3.69,397,90,21,,,
FR,Santa Cruz,2019,first_gen_status,first_gen,2,3.69,3.91,179,36,3,,,
FR,Santa Cruz,2019,first_gen_status,first_gen,3,3.91,4.0,62,15,2,,,
FR,Santa Cruz,2019,first_gen_status,not_first_gen,1,1.38,3.69,1008,231,35,,,
FR,Santa Cruz,2019,first_gen_status,not_first_gen,2,3.69,3.91,415,72,9,,,
FR,Santa Cruz,2019,first_gen_status,not_first_gen,3,3.91,4.0,172,24,6,,,
FR,Santa Cruz,2019,pell_status,non_pell,1,1.38,3.69,985,228,33,,,
FR,Santa Cruz,2019,pell_status,non_pell,2,3.69,3.91,400,74,9,,,
FR,Santa Cruz,2019,pell_status,non_pell,3,3.91,4.0,143,23,5,,,
FR,Santa Cruz,2019,pell_status,pell,1,1.38,3.69,446,102,25,,,
FR,Santa Cruz,2019,pell_status,pell,2,3.69,3.91,202,34,3,,,
FR,Santa Cruz,2019,pell_status,pell,3,3.91,4.0,96,18,3,,,
FR,Santa Cruz,2020,ethnicity,aian,1,1.1,3.67,2,1,0,,,
FR,Santa Cruz,2020,ethnicity,aian,2,3.67,3.91,6,3,0,,,
FR,Santa Cruz,2020,ethnicity,aian,3,3.91,4.0,4,0,0,,,
FR,Santa Cruz,2020,ethnicity,asian,1,1.1,3.67,696,126,0,,,
FR,Santa Cruz,2020,ethnicity,asian,2,3.67,3.91,218,31,0,,,
FR,Santa Cruz,2020,ethnicity,asian,3,3.91,4.0,66,13,0,,,
FR,Santa Cruz,2020,ethnicity,black,1,1.1,3.67,84,30,0,,,
FR,Santa Cruz,2020,ethnicity,black,2,3.67,3.91,17,6,0,,,
FR,Santa Cruz,2020,ethnicity,black,3,3.91,4.0,6,2,0,,,
FR,Santa Cruz,2020,ethnicity,hispanic_latino,1,1.1,3.67,444,94,0,,,
FR,Santa Cruz,2020,ethnicity,hispanic_latino,2,3.67,3.91,169,17,0,,,
FR,Santa Cruz,2020,ethnicity,hispanic_latino,3,3.91,4.0,59,6,0,,,
FR,Santa Cruz,2020,ethnicity,international,1,1.1,3.67,58,9,0,,,
FR,Santa Cruz,2020,ethnicity,international,2,3.67,3.91,13,3,0,,,
FR,Santa Cruz,2020,ethnicity,international,3,3.91,4.0,3,0,0,,,
FR,Santa Cruz,2020,ethnicity,white,1,1.1,3.67,454,106,0,,,
FR,Santa Cruz,2020,ethnicity,white,2,3.67,3.91,211,35,0,,,
FR,Santa Cruz,2020,ethnicity,white,3,3.91,4.0,119,8,0,,,
FR,Santa Cruz,2020,first_gen_status,first_gen,1,1.1,3.67,531,107,0,,,
FR,Santa Cruz,2020,first_gen_status,first_gen,2,3.67,3.91,186,22,0,,,
FR,Santa Cruz,2020,first_gen_status,first_gen,3,3.91,4.0,70,9,0,,,
FR,Santa Cruz,2020,first_gen_status,not_first_gen,1,1.1,3.67,1190,250,0,,,
FR,Santa Cruz,2020,first_gen_status,not_first_gen,2,3.67,3.91,442,73,0,,,
FR,Santa Cruz,2020,first_gen_status,not_first_gen,3,3.91,4.0,181,21,0,,,
FR,Santa Cruz,2020,pell_status,non_pell,1,1.1,3.67,1164,219,0,,,
FR,Santa Cruz,2020,pell_status,non_pell,2,3.67,3.91,422,65,0,,,
FR,Santa Cruz,2020,pell_status,non_pell,3,3.91,4.0,172,20,0,,,
FR,Santa Cruz,2020,pell_status,pell,1,1.1,3.67,605,151,0,,,
FR,Santa Cruz,2020,pell_status,pell,2,3.67,3.91,224,33,0,,,
FR,Santa Cruz,2020,pell_status,pell,3,3.91,4.0,89,11,0,,,
FR,Santa Cruz,2021,ethnicity,aian,1,0.0,3.71,5,0,0,,,
FR,Santa Cruz,2021,ethnicity,aian,2,3.71,3.92,3,0,0,,,
FR,Santa Cruz,2021,ethnicity,asian,1,0.0,3.71,489,0,0,,,
FR,Santa Cruz,2021,ethnicity,asian,2,3.71,3.92,295,0,0,,,
FR,Santa Cruz,2021,ethnicity,asian,3,3.92,4.0,81,0,0,,,
FR,Santa Cruz,2021,ethnicity,black,1,0.0,3.71,98,0,0,,,
FR,Santa Cruz,2021,ethnicity,black,2,3.71,3.92,23,0,0,,,
FR,Santa Cruz,2021,ethnicity,black,3,3.92,4.0,7,0,0,,,
FR,Santa Cruz,2021,ethnicity,hispanic_latino,1,0.0,3.71,493,0,0,,,
FR,Santa Cruz,2021,ethnicity,hispanic_latino,2,3.71,3.92,186,0,0,,,
FR,Santa Cruz,2021,ethnicity,hispanic_latino,3,3.92,4.0,78,0,0,,,
FR,Santa Cruz,2021,ethnicity,international,1,0.0,3.71,57,0,0,,,
FR,Santa Cruz,2021,ethnicity,international,2,3.71,3.92,11,0,0,,,
FR,Santa Cruz,2021,ethnicity,international,3,3.92,4.0,2,0,0,,,
FR,Santa Cruz,2021,ethnicity,white,1,0.0,3.71,387,0,0,,,
FR,Santa Cruz,2021,ethnicity,white,2,3.71,3.92,264,0,0,,,
FR,Santa Cruz,2021,ethnicity,white,3,3.92,4.0,194,0,0,,,
FR,Santa Cruz,2021,first_gen_status,first_gen,1,0.0,3.71,592,0,0,,,
FR,Santa Cruz,2021,first_gen_status,first_gen,2,3.71,3.92,242,0,0,,,
FR,Santa Cruz,2021,first_gen_status,first_gen,3,3.92,4.0,66,0,0,,,
FR,Santa Cruz,2021,first_gen_status,not_first_gen,1,0.0,3.71,942,0,0,,,
FR,Santa Cruz,2021,first_gen_status,not_first_gen,2,3.71,3.92,543,0,0,,,
FR,Santa Cruz,2021,first_gen_status,not_first_gen,3,3.92,4.0,294,0,0,,,
FR,Santa Cruz,2021,pell_status,non_pell,1,0.0,3.71,887,0,0,,,
FR,Santa Cruz,2021,pell_status,non_pell,2,3.71,3.92,529,0,0,,,
FR,Santa Cruz,2021,pell_status,non_pell,3,3.92,4.0,262,0,0,,,
FR,Santa Cruz,2021,pell_status,pell,1,0.0,3.71,680,0,0,,,
FR,Santa Cruz,2021,pell_status,pell,2,3.71,3.92,272,0,0,,,
FR,Santa Cruz,2021,pell_status,pell,3,3.92,4.0,108,0,0,,,
TR,All,2010,ethnicity,aian,1,0.33,3.25,29,16,2,50,28,3
TR,All,2010,ethnicity,aian,2,3.25,3.63,33,14,3,57,24,5
TR,All,2010,ethnicity,aian,3,3.63,4.0,33,19,0,57,33,0
TR,All,2010,ethnicity,asian,1,0.33,3.25,710,491,88,45,31,6
TR,All,2010,ethnicity,asian,2,3.25,3.63,835,470,94,54,30,6
TR,All,2010,ethnicity,asian,3,3.63,4.0,880,459,73,59,31,5
TR,All,2010,ethnicity,black,1,0.33,3.25,99,90,24,36,33,9
TR,All,2010,ethnicity,black,2,3.25,3.63,72,73,12,39,40,7
TR,All,2010,ethnicity,black,3,3.63,4.0,62,59,8,39,37,5
TR,All,2010,ethnicity,hispanic_latino,1,0.33,3.25,531,376,72,43,31,6
TR,All,2010,ethnicity,hispanic_latino,2,3.25,3.63,459,279,46,51,31,5
TR,All,2010,ethnicity,hispanic_latino,3,3.63,4.0,361,183,32,56,28,5
TR,All,2010,ethnicity,international,1,0.33,3.25,127,62,7,54,26,3
TR,All,2010,ethnicity,international,2,3.25,3.63,279,114,17,61,25,4
TR,All,2010,ethnicity,international,3,3.63,4.0,614,138,30,73,16,4
TR,All,2010,ethnicity,white,1,0.33,3.25,909,453,105,52,26,6
TR,All,2010,ethnicity,white,2,3.25,3.63,1125,543,109,57,27,5
TR,All,2010,ethnicity,white,3,3.63,4.0,1278,529,84,63,26,4
TR,All,2010,first_gen_status,first_gen,1,0.33,3.25,1224,786,140,46,30,5
TR,All,2010,first_gen_status,first_gen,2,3.25,3.63,1280,700,126,54,30,5
TR,All,2010,first_gen_status,first_gen,3,3.63,4.0,1328,629,78,60,28,4
TR,All,2010,first_gen_status,not_first_gen,1,0.33,3.25,1160,685,160,48,28,7
TR,All,2010,first_gen_status,not_first_gen,2,3.25,3.63,1484,763,151,55,28,6
TR,All,2010,first_gen_status,not_first_gen,3,3.63,4.0,1775,701,144,63,25,5
TR,All,2010,pell_status,non_pell,1,0.33,3.25,1184,533,100,54,24,5
TR,All,2010,pell_status,non_pell,2,3.25,3.63,1585,612,103,62,24,4
TR,All,2010,pell_status,non_pell,3,3.63,4.0,2072,593,96,70,20,3
TR,All,2010,pell_status,pell,1,0.33,3.25,1419,1060,226,42,32,7
TR,All,2010,pell_status,pell,2,3.25,3.63,1426,983,205,48,33,7
TR,All,2010,pell_status,pell,3,3.63,4.0,1389,899,145,52,34,5
TR,All,2011,ethnicity,aian,1,0.31,3.27,26,12,2,54,25,4
TR,All,2011,ethnicity,aian,2,3.27,3.63,30,13,4,58,25,8
TR,All,2011,ethnicity,aian,3,3.63,4.0,23,14,1,49,30,2
TR,All,2011,ethnicity,asian,1,0.31,3.27,757,485,113,47,30,7
TR,All,2011,ethnicity,asian,2,3.27,3.63,827,498,88,52,31,6
TR,All,2011,ethnicity,asian,3,3.63,4.0,909,501,70,58,32,4
TR,All,2011,ethnicity,black,1,0.31,3.27,114,81,27,41,29,10
TR,All,2011,ethnicity,black,2,3.27,3.63,85,59,11,48,33,6
TR,All,2011,ethnicity,black,3,3.63,4.0,61,30,6,54,27,5
TR,All,2011,ethnicity,hispanic_latino,1,0.31,3.27,638,393,79,48,30,6
TR,All,2011,ethnicity,hispanic_latino,2,3.27,3.63,512,323,53,50,32,5
TR,All,2011,ethnicity,hispanic_latino,3,3.63,4.0,439,212,39,58,28,5
TR,All,2011,ethnicity,international,1,0.31,3.27,190,91,21,54,26,6
TR,All,2011,ethnicity,international,2,3.27,3.63,308,117,18,61,23,4
TR,All,2011,ethnicity,international,3,3.63,4.0,571,186,40,66,21,5
TR,All,2011,ethnicity,white,1,0.31,3.27,951,496,107,52,27,6
TR,All,2011,ethnicity,white,2,3.27,3.63,1127,548,72,57,28,4
TR,All,2011,ethnicity,white,3,3.63,4.0,1404,576,78,63,26,4
TR,All,2011,first_gen_status,first_gen,1,0.31,3.27,1362,808,169,48,29,6
TR,All,2011,first_gen_status,first_gen,2,3.27,3.63,1352,770,109,53,30,4
TR,All,2011,first_gen_status,first_gen,3,3.63,4.0,1451,674,101,60,28,4
TR,All,2011,first_gen_status,not_first_gen,1,0.31,3.27,1292,732,176,50,28,7
TR,All,2011,first_gen_status,not_first_gen,2,3.27,3.63,1540,785,136,56,28,5
TR,All,2011,first_gen_status,not_first_gen,3,3.63,4.0,1975,848,134,62,27,4
TR,All,2011,pell_status,non_pell,1,0.31,3.27,1215,526,113,56,24,5
TR,All,2011,pell_status,non_pell,2,3.27,3.63,1525,627,97,61,25,4
TR,All,2011,pell_status,non_pell,3,3.63,4.0,2026,641,111,68,21,4
TR,All,2011,pell_status,pell,1,0.31,3.27,1529,1074,246,44,31,7
TR,All,2011,pell_status,pell,2,3.27,3.63,1467,974,163,49,32,5
TR,All,2011,pell_status,pell,3,3.63,4.0,1508,934,129,54,33,5
TR,All,2012,ethnicity,aian,1,0.3,3.3,19,21,3,35,39,6
TR,All,2012,ethnicity,aian,2,3.3,3.65,30,14,1,58,27,2
TR,All,2012,ethnicity,aian,3,3.65,4.0,32,13,2,59,24,4
TR,All,2012,ethnicity,asian,1,0.3,3.3,753,477,106,48,30,7
TR,All,2012,ethnicity,asian,2,3.3,3.65,856,477,76,54,30,5
TR,All,2012,ethnicity,asian,3,3.65,4.0,927,501,53,59,32,3
TR,All,2012,ethnicity,black,1,0.3,3.3,107,76,22,42,30,9
TR,All,2012,ethnicity,black,2,3.3,3.65,66,55,15,41,34,9
TR,All,2012,ethnicity,black,3,3.65,4.0,55,38,3,48,33,3
TR,All,2012,ethnicity,hispanic_latino,1,0.3,3.3,619,390,71,47,30,5
TR,All,2012,ethnicity,hispanic_latino,2,3.3,3.65,555,311,46,54,30,4
TR,All,2012,ethnicity,hispanic_latino,3,3.65,4.0,400,231,26,56,32,4
TR,All,2012,ethnicity,international,1,0.3,3.3,220,87,15,56,22,4
TR,All,2012,ethnicity,international,2,3.3,3.65,336,128,19,61,23,3
TR,All,2012,ethnicity,international,3,3.65,4.0,610,211,26,64,22,3
TR,All,2012,ethnicity,white,1,0.3,3.3,883,444,92,54,27,6
TR,All,2012,ethnicity,white,2,3.3,3.65,1034,518,90,56,28,5
TR,All,2012,ethnicity,white,3,3.65,4.0,1169,523,70,61,27,4
TR,All,2012,first_gen_status,first_gen,1,0.3,3.3,1345,824,169,49,30,6
TR,All,2012,first_gen_status,first_gen,2,3.3,3.65,1424,775,122,55,30,5
TR,All,2012,first_gen_status,first_gen,3,3.65,4.0,1462,674,82,60,28,3
TR,All,2012,first_gen_status,not_first_gen,1,0.3,3.3,1237,660,137,52,28,6
TR,All,2012,first_gen_status,not_first_gen,2,3.3,3.65,1458,728,126,56,28,5
TR,All,2012,first_gen_status,not_first_gen,3,3.65,4.0,1778,846,99,60,28,3
TR,All,2012,pell_status,non_pell,1,0.3,3.3,1207,521,92,57,25,4
TR,All,2012,pell_status,non_pell,2,3.3,3.65,1484,566,84,62,24,4
TR,All,2012,pell_status,non_pell,3,3.65,4.0,1846,661,74,66,24,3
TR,All,2012,pell_status,pell,1,0.3,3.3,1469,1012,229,45,31,7
TR,All,2012,pell_status,pell,2,3.3,3.65,1488,983,180,50,33,6
TR,All,2012,pell_status,pell,3,3.65,4.0,1467,916,114,53,33,4
TR,All,2013,ethnicity,aian,1,0.32,3.31,33,12,1,60,22,2
TR,All,2013,ethnicity,aian,2,3.31,3.66,23,13,3,51,29,7
TR,All,2013,ethnicity,aian,3,3.66,4.0,21,14,2,51,34,5
TR,All,2013,ethnicity,asian,1,0.32,3.31,758,416,104,51,28,7
TR,All,2013,ethnicity,asian,2,3.31,3.66,765,509,79,50,34,5
TR,All,2013,ethnicity,asian,3,3.66,4.0,857,482,59,57,32,4
TR,All,2013,ethnicity,black,1,0.32,3.31,129,75,28,45,26,10
TR,All,2013,ethnicity,black,2,3.31,3.66,86,55,13,49,31,7
TR,All,2013,ethnicity,black,3,3.66,4.0,65,50,9,45,35,6
TR,All,2013,ethnicity,hispanic_latino,1,0.32,3.31,711,435,85,48,30,6
TR,All,2013,ethnicity,hispanic_latino,2,3.31,3.66,598,351,67,52,31,6
TR,All,2013,ethnicity,hispanic_latino,3,3.66,4.0,442,215,42,58,28,5
TR,All,2013,ethnicity,international,1,0.32,3.31,274,131,21,56,27,4
TR,All,2013,ethnicity,international,2,3.31,3.66,420,155,29,61,23,4
TR,All,2013,ethnicity,international,3,3.66,4.0,751,224,28,69,21,3
TR,All,2013,ethnicity,white,1,0.32,3.31,840,430,81,53,27,5
TR,All,2013,ethnicity,white,2,3.31,3.66,1032,539,87,56,29,5
TR,All,2013,ethnicity,white,3,3.66,4.0,1191,567,76,61,29,4
TR,All,2013,first_gen_status,first_gen,1,0.32,3.31,1456,824,165,50,28,6
TR,All,2013,first_gen_status,first_gen,2,3.31,3.66,1454,835,135,53,31,5
TR,All,2013,first_gen_status,first_gen,3,3.66,4.0,1534,731,101,60,28,4
TR,All,2013,first_gen_status,not_first_gen,1,0.32,3.31,1245,657,148,52,28,6
TR,All,2013,first_gen_status,not_first_gen,2,3.31,3.66,1468,794,142,55,30,5
TR,All,2013,first_gen_status,not_first_gen,3,3.66,4.0,1808,836,111,61,28,4
TR,All,2013,pell_status,non_pell,1,0.32,3.31,1224,488,93,58,23,4
TR,All,2013,pell_status,non_pell,2,3.31,3.66,1549,639,95,61,25,4
TR,All,2013,pell_status,non_pell,3,3.66,4.0,1993,680,83,68,23,3
TR,All,2013,pell_status,pell,1,0.32,3.31,1566,1044,231,46,31,7
TR,All,2013,pell_status,pell,2,3.31,3.66,1458,1037,195,48,34,6
TR,All,2013,pell_status,pell,3,3.66,4.0,1426,924,139,52,34,5
TR,All,2014,ethnicity,aian,1,0.82,3.34,34,20,3,49,29,4
TR,All,2014,ethnicity,aian,2,3.34,3.68,32,10,4,52,16,7
TR,All,2014,ethnicity,aian,3,3.68,4.0,21,12,4,53,30,10
TR,All,2014,ethnicity,asian,1,0.82,3.34,707,399,89,51,29,6
TR,All,2014,ethnicity,asian,2,3.34,3.68,818,544,65,51,34,4
TR,All,2014,ethnicity,asian,3,3.68,4.0,930,520,72,57,32,4
TR,All,2014,ethnicity,black,1,0.82,3.34,125,95,31,40,30,10
TR,All,2014,ethnicity,black,2,3.34,3.68,92,73,12,46,37,6
TR,All,2014,ethnicity,black,3,3.68,4.0,78,45,5,55,32,4
TR,All,2014,ethnicity,hispanic_latino,1,0.82,3.34,768,472,69,50,31,4
TR,All,2014,ethnicity,hispanic_latino,2,3.34,3.68,672,376,62,54,30,5
TR,All,2014,ethnicity,hispanic_latino,3,3.68,4.0,402,250,46,52,33,6
TR,All,2014,ethnicity,international,1,0.82,3.34,276,122,15,58,25,3
TR,All,2014,ethnicity,international,2,3.34,3.68,450,151,23,65,22,3
TR,All,2014,ethnicity,international,3,3.68,4.0,844,231,42,70,19,4
TR,All,2014,ethnicity,white,1,0.82,3.34,877,425,67,55,27,4
TR,All,2014,ethnicity,white,2,3.34,3.68,966,490,84,56,28,5
TR,All,2014,ethnicity,white,3,3.68,4.0,1148,497,71,62,27,4
TR,All,2014,first_gen_status,first_gen,1,0.82,3.34,1506,860,145,51,29,5
TR,All,2014,first_gen_status,first_gen,2,3.34,3.68,1531,809,127,55,29,5
TR,All,2014,first_gen_status,first_gen,3,3.68,4.0,1580,727,112,61,28,4
TR,All,2014,first_gen_status,not_first_gen,1,0.82,3.34,1241,660,122,52,28,5
TR,All,2014,first_gen_status,not_first_gen,2,3.34,3.68,1480,818,122,55,30,5
TR,All,2014,first_gen_status,not_first_gen,3,3.68,4.0,1815,826,126,61,28,4
TR,All,2014,pell_status,non_pell,1,0.82,3.34,1226,523,78,58,25,4
TR,All,2014,pell_status,non_pell,2,3.34,3.68,1582,623,78,63,25,3
TR,All,2014,pell_status,non_pell,3,3.68,4.0,2001,693,106,67,23,4
TR,All,2014,pell_status,pell,1,0.82,3.34,1619,1048,201,47,31,6
TR,All,2014,pell_status,pell,2,3.34,3.68,1511,1064,180,48,34,6
TR,All,2014,pell_status,pell,3,3.68,4.0,1509,912,144,54,33,5
TR,All,2015,ethnicity,aian,1,1.4,3.34,23,13,3,51,29,7
TR,All,2015,ethnicity,aian,2,3.34,3.68,22,14,2,54,34,5
TR,All,2015,ethnicity,aian,3,3.68,4.0,20,13,1,50,33,3
TR,All,2015,ethnicity,asian,1,1.4,3.34,756,417,60,52,29,4
TR,All,2015,ethnicity,asian,2,3.34,3.68,826,455,66,55,30,4
TR,All,2015,ethnicity,asian,3,3.68,4.0,910,469,64,59,30,4
TR,All,2015,ethnicity,black,1,1.4,3.34,132,73,33,42,23,11
TR,All,2015,ethnicity,black,2,3.34,3.68,124,60,8,56,27,4
TR,All,2015,ethnicity,black,3,3.68,4.0,56,51,6,43,39,5
TR,All,2015,ethnicity,hispanic_latino,1,1.4,3.34,804,419,99,51,27,6
TR,All,2015,ethnicity,hispanic_latino,2,3.34,3.68,618,334,42,55,30,4
TR,All,2015,ethnicity,hispanic_latino,3,3.68,4.0,500,229,34,60,28,4
TR,All,2015,ethnicity,international,1,1.4,3.34,291,112,19,58,22,4
TR,All,2015,ethnicity,international,2,3.34,3.68,499,184,24,63,23,3
TR,All,2015,ethnicity,international,3,3.68,4.0,875,237,37,70,19,3
TR,All,2015,ethnicity,white,1,1.4,3.34,847,401,79,55,26,5
TR,All,2015,ethnicity,white,2,3.34,3.68,1007,459,64,59,27,4
TR,All,2015,ethnicity,white,3,3.68,4.0,1176,481,63,64,26,3
TR,All,2015,first_gen_status,first_gen,1,1.4,3.34,1559,788,155,52,26,5
TR,All,2015,first_gen_status,first_gen,2,3.34,3.68,1588,767,101,58,28,4
TR,All,2015,first_gen_status,first_gen,3,3.68,4.0,1561,636,89,63,26,4
TR,All,2015,first_gen_status,not_first_gen,1,1.4,3.34,1266,614,128,54,26,5
TR,All,2015,first_gen_status,not_first_gen,2,3.34,3.68,1471,715,99,58,28,4
TR,All,2015,first_gen_status,not_first_gen,3,3.68,4.0,1976,814,119,63,26,4
TR,All,2015,pell_status,non_pell,1,1.4,3.34,1265,515,82,59,24,4
TR,All,2015,pell_status,non_pell,2,3.34,3.68,1634,621,76,63,24,3
TR,All,2015,pell_status,non_pell,3,3.68,4.0,2151,677,84,69,22,3
TR,All,2015,pell_status,pell,1,1.4,3.34,1654,954,216,49,28,6
TR,All,2015,pell_status,pell,2,3.34,3.68,1531,920,138,52,31,5
TR,All,2015,pell_status,pell,3,3.68,4.0,1491,841,133,56,31,5
TR,All,2016,ethnicity,aian,1,0.36,3.33,27,16,3,48,29,5
TR,All,2016,ethnicity,aian,2,3.33,3.68,28,12,4,47,20,7
TR,All,2016,ethnicity,aian,3,3.68,4.0,18,8,2,60,27,7
TR,All,2016,ethnicity,asian,1,0.36,3.33,778,434,122,49,28,8
TR,All,2016,ethnicity,asian,2,3.33,3.68,950,577,103,52,32,6
TR,All,2016,ethnicity,asian,3,3.68,4.0,1032,544,62,59,31,4
TR,All,2016,ethnicity,black,1,0.36,3.33,194,112,39,45,26,9
TR,All,2016,ethnicity,black,2,3.33,3.68,136,69,17,53,27,7
TR,All,2016,ethnicity,black,3,3.68,4.0,110,58,8,56,30,4
TR,All,2016,ethnicity,hispanic_latino,1,0.36,3.33,998,524,100,51,27,5
TR,All,2016,ethnicity,hispanic_latino,2,3.33,3.68,826,369,63,58,26,4
TR,All,2016,ethnicity,hispanic_latino,3,3.68,4.0,595,269,43,60,27,4
TR,All,2016,ethnicity,international,1,0.36,3.33,333,113,18,61,21,3
TR,All,2016,ethnicity,international,2,3.33,3.68,582,194,21,66,22,2
TR,All,2016,ethnicity,international,3,3.68,4.0,933,277,50,69,20,4
TR,All,2016,ethnicity,white,1,0.36,3.33,912,408,114,54,24,7
TR,All,2016,ethnicity,white,2,3.33,3.68,1061,470,84,58,26,5
TR,All,2016,ethnicity,white,3,3.68,4.0,1299,521,82,64,25,4
TR,All,2016,first_gen_status,first_gen,1,0.36,3.33,1767,885,211,51,26,6
TR,All,2016,first_gen_status,first_gen,2,3.33,3.68,1866,890,146,57,27,4
TR,All,2016,first_gen_status,first_gen,3,3.68,4.0,1753,792,112,61,28,4
TR,All,2016,first_gen_status,not_first_gen,1,0.36,3.33,1416,687,179,53,26,7
TR,All,2016,first_gen_status,not_first_gen,2,3.33,3.68,1681,768,144,58,27,5
TR,All,2016,first_gen_status,not_first_gen,3,3.68,4.0,2202,886,122,64,26,4
TR,All,2016,pell_status,non_pell,1,0.36,3.33,1554,562,111,60,22,4
TR,All,2016,pell_status,non_pell,2,3.33,3.68,1954,720,96,64,23,3
TR,All,2016,pell_status,non_pell,3,3.68,4.0,2509,807,120,68,22,3
TR,All,2016,pell_status,pell,1,0.36,3.33,1763,1081,296,47,29,8
TR,All,2016,pell_status,pell,2,3.33,3.68,1701,1015,207,51,30,6
TR,All,2016,pell_status,pell,3,3.68,4.0,1587,923,131,55,32,5
TR,All,2017,ethnicity,aian,1,0.3,3.33,34,12,5,58,20,8
TR,All,2017,ethnicity,aian,2,3.33,3.69,29,12,5,57,24,10
TR,All,2017,ethnicity,aian,3,3.69,4.0,16,5,0,67,21,0
TR,All,2017,ethnicity,asian,1,0.3,3.33,876,454,82,53,27,5
TR,All,2017,ethnicity,asian,2,3.33,3.69,1002,528,89,56,29,5
TR,All,2017,ethnicity,asian,3,3.69,4.0,1160,518,59,63,28,3
TR,All,2017,ethnicity,black,1,0.3,3.33,200,106,28,47,25,7
TR,All,2017,ethnicity,black,2,3.33,3.69,155,82,23,51,27,8
TR,All,2017,ethnicity,black,3,3.69,4.0,115,48,10,60,25,5
TR,All,2017,ethnicity,hispanic_latino,1,0.3,3.33,1075,605,123,50,28,6
TR,All,2017,ethnicity,hispanic_latino,2,3.33,3.69,883,433,70,56,28,4
TR,All,2017,ethnicity,hispanic_latino,3,3.69,4.0,692,252,48,64,23,4
TR,All,2017,ethnicity,international,1,0.3,3.33,314,124,24,58,23,4
TR,All,2017,ethnicity,international,2,3.33,3.69,597,153,21,70,18,2
TR,All,2017,ethnicity,international,3,3.69,4.0,998,271,32,72,20,2
TR,All,2017,ethnicity,white,1,0.3,3.33,891,383,100,56,24,6
TR,All,2017,ethnicity,white,2,3.33,3.69,1146,485,95,60,25,5
TR,All,2017,ethnicity,white,3,3.69,4.0,1353,461,81,67,23,4
TR,All,2017,first_gen_status,first_gen,1,0.3,3.33,1851,960,208,51,27,6
TR,All,2017,first_gen_status,first_gen,2,3.33,3.69,1887,826,161,58,26,5
TR,All,2017,first_gen_status,first_gen,3,3.69,4.0,1873,711,99,64,24,3
TR,All,2017,first_gen_status,not_first_gen,1,0.3,3.33,1482,662,142,56,25,5
TR,All,2017,first_gen_status,not_first_gen,2,3.33,3.69,1856,837,137,59,27,4
TR,All,2017,first_gen_status,not_first_gen,3,3.69,4.0,2420,838,122,68,23,3
TR,All,2017,pell_status,non_pell,1,0.3,3.33,1551,588,104,60,23,4
TR,All,2017,pell_status,non_pell,2,3.33,3.69,2023,713,95,65,23,3
TR,All,2017,pell_status,non_pell,3,3.69,4.0,2685,756,102,71,20,3
TR,All,2017,pell_status,pell,1,0.3,3.33,1901,1127,266,48,29,7
TR,All,2017,pell_status,pell,2,3.33,3.69,1871,1020,215,53,29,6
TR,All,2017,pell_status,pell,3,3.69,4.0,1762,840,132,60,28,4
TR,All,2018,ethnicity,aian,1,0.32,3.34,18,11,3,45,28,8
TR,All,2018,ethnicity,aian,2,3.34,3.7,26,18,3,46,32,5
TR,All,2018,ethnicity,aian,3,3.7,4.0,16,3,1,62,12,4
TR,All,2018,ethnicity,asian,1,0.32,3.34,800,434,66,53,28,4
TR,All,2018,ethnicity,asian,2,3.34,3.7,1095,549,75,58,29,4
TR,All,2018,ethnicity,asian,3,3.7,4.0,1219,502,51,65,27,3
TR,All,2018,ethnicity,black,1,0.32,3.34,217,126,33,46,27,7
TR,All,2018,ethnicity,black,2,3.34,3.7,179,82,16,58,27,5
TR,All,2018,ethnicity,black,3,3.7,4.0,106,46,9,59,25,5
TR,All,2018,ethnicity,hispanic_latino,1,0.32,3.34,1247,611,103,54,26,4
TR,All,2018,ethnicity,hispanic_latino,2,3.34,3.7,944,428,59,57,26,4
TR,All,2018,ethnicity,hispanic_latino,3,3.7,4.0,809,255,33,68,21,3
TR,All,2018,ethnicity,international,1,0.32,3.34,379,138,20,61,22,3
TR,All,2018,ethnicity,international,2,3.34,3.7,645,149,14,72,17,2
TR,All,2018,ethnicity,international,3,3.7,4.0,1107,262,34,73,17,2
TR,All,2018,ethnicity,white,1,0.32,3.34,913,378,74,56,23,5
TR,All,2018,ethnicity,white,2,3.34,3.7,1212,429,68,64,23,4
TR,All,2018,ethnicity,white,3,3.7,4.0,1498,487,52,70,23,2
TR,All,2018,first_gen_status,first_gen,1,0.32,3.34,1897,959,181,52,26,5
TR,All,2018,first_gen_status,first_gen,2,3.34,3.7,1958,875,124,59,26,4
TR,All,2018,first_gen_status,first_gen,3,3.7,4.0,2064,710,71,68,23,2
TR,All,2018,first_gen_status,not_first_gen,1,0.32,3.34,1553,688,112,56,25,4
TR,All,2018,first_gen_status,not_first_gen,2,3.34,3.7,2060,757,108,64,23,3
TR,All,2018,first_gen_status,not_first_gen,3,3.7,4.0,2655,832,107,69,22,3
TR,All,2018,pell_status,non_pell,1,0.32,3.34,1651,620,86,60,23,3
TR,All,2018,pell_status,non_pell,2,3.34,3.7,2292,653,79,69,20,2
TR,All,2018,pell_status,non_pell,3,3.7,4.0,3039,752,89,74,18,2
TR,All,2018,pell_status,pell,1,0.32,3.34,1976,1112,221,50,28,6
TR,All,2018,pell_status,pell,2,3.34,3.7,1881,1035,162,54,30,5
TR,All,2018,pell_status,pell,3,3.7,4.0,1845,851,98,61,28,3
TR,All,2019,ethnicity,aian,1,0.32,3.38,29,6,0,66,14,0
TR,All,2019,ethnicity,aian,2,3.38,3.73,19,10,2,49,26,5
TR,All,2019,ethnicity,aian,3,3.73,4.0,21,9,0,68,29,0
TR,All,2019,ethnicity,asian,1,0.32,3.38,904,455,63,56,28,4
TR,All,2019,ethnicity,asian,2,3.38,3.73,1124,463,57,63,26,3
TR,All,2019,ethnicity,asian,3,3.73,4.0,1357,489,56,68,24,3
TR,All,2019,ethnicity,black,1,0.32,3.38,209,93,33,50,22,8
TR,All,2019,ethnicity,black,2,3.38,3.73,201,74,17,61,22,5
TR,All,2019,ethnicity,black,3,3.73,4.0,130,41,7,65,21,4
TR,All,2019,ethnicity,hispanic_latino,1,0.32,3.38,1262,586,118,54,25,5
TR,All,2019,ethnicity,hispanic_latino,2,3.38,3.73,989,393,67,61,24,4
TR,All,2019,ethnicity,hispanic_latino,3,3.73,4.0,809,234,29,69,20,2
TR,All,2019,ethnicity,international,1,0.32,3.38,427,127,21,62,18,3
TR,All,2019,ethnicity,international,2,3.38,3.73,638,150,32,71,17,4
TR,All,2019,ethnicity,international,3,3.73,4.0,983,239,40,72,18,3
TR,All,2019,ethnicity,white,1,0.32,3.38,943,394,80,57,24,5
TR,All,2019,ethnicity,white,2,3.38,3.73,1173,385,84,64,21,5
TR,All,2019,ethnicity,white,3,3.73,4.0,1493,426,57,71,20,3
TR,All,2019,first_gen_status,first_gen,1,0.32,3.38,2047,886,177,56,24,5
TR,All,2019,first_gen_status,first_gen,2,3.38,3.73,2020,731,111,63,23,3
TR,All,2019,first_gen_status,first_gen,3,3.73,4.0,2087,623,77,69,21,3
TR,All,2019,first_gen_status,not_first_gen,1,0.32,3.38,1614,726,125,57,25,4
TR,All,2019,first_gen_status,not_first_gen,2,3.38,3.73,2055,733,140,64,23,4
TR,All,2019,first_gen_status,not_first_gen,3,3.73,4.0,2645,810,114,70,21,3
TR,All,2019,pell_status,non_pell,1,0.32,3.38,1841,645,84,62,22,3
TR,All,2019,pell_status,non_pell,2,3.38,3.73,2363,647,103,69,19,3
TR,All,2019,pell_status,non_pell,3,3.73,4.0,3009,779,100,73,19,2
TR,All,2019,pell_status,pell,1,0.32,3.38,1982,1047,240,51,27,6
TR,All,2019,pell_status,pell,2,3.38,3.73,1864,860,163,57,26,5
TR,All,2019,pell_status,pell,3,3.73,4.0,1903,703,97,65,24,3
TR,All,2020,ethnicity,aian,1,1.25,3.39,18,12,4,35,23,8
TR,All,2020,ethnicity,aian,2,3.39,3.74,12,13,0,38,41,0
TR,All,2020,ethnicity,aian,3,3.74,4.0,20,13,4,53,34,11
TR,All,2020,ethnicity,asian,1,1.25,3.39,903,417,100,55,25,6
TR,All,2020,ethnicity,asian,2,3.39,3.74,1321,523,89,62,25,4
TR,All,2020,ethnicity,asian,3,3.74,4.0,1476,554,58,66,25,3
TR,All,2020,ethnicity,black,1,1.25,3.39,219,126,26,43,25,5
TR,All,2020,ethnicity,black,2,3.39,3.74,185,76,15,56,23,5
TR,All,2020,ethnicity,black,3,3.74,4.0,132,49,6,63,23,3
TR,All,2020,ethnicity,hispanic_latino,1,1.25,3.39,1199,584,132,49,24,5
TR,All,2020,ethnicity,hispanic_latino,2,3.39,3.74,1057,427,48,59,24,3
TR,All,2020,ethnicity,hispanic_latino,3,3.74,4.0,844,248,41,68,20,3
TR,All,2020,ethnicity,international,1,1.25,3.39,367,147,37,53,21,5
TR,All,2020,ethnicity,international,2,3.39,3.74,571,197,26,65,22,3
TR,All,2020,ethnicity,international,3,3.74,4.0,897,242,58,69,19,4
TR,All,2020,ethnicity,white,1,1.25,3.39,855,394,80,53,24,5
TR,All,2020,ethnicity,white,2,3.39,3.74,1161,415,73,62,22,4
TR,All,2020,ethnicity,white,3,3.74,4.0,1450,439,61,69,21,3
TR,All,2020,first_gen_status,first_gen,1,1.25,3.39,1979,907,217,50,23,6
TR,All,2020,first_gen_status,first_gen,2,3.39,3.74,2203,808,126,61,22,4
TR,All,2020,first_gen_status,first_gen,3,3.74,4.0,1990,588,93,68,20,3
TR,All,2020,first_gen_status,not_first_gen,1,1.25,3.39,1560,781,161,52,26,5
TR,All,2020,first_gen_status,not_first_gen,2,3.39,3.74,2070,837,126,61,25,4
TR,All,2020,first_gen_status,not_first_gen,3,3.74,4.0,2842,983,137,67,23,3
TR,All,2020,pell_status,non_pell,1,1.25,3.39,1723,695,123,55,22,4
TR,All,2020,pell_status,non_pell,2,3.39,3.74,2412,826,120,64,22,3
TR,All,2020,pell_status,non_pell,3,3.74,4.0,3066,878,133,70,20,3
TR,All,2020,pell_status,pell,1,1.25,3.39,1937,1041,265,48,26,7
TR,All,2020,pell_status,pell,2,3.39,3.74,2010,865,137,58,25,4
TR,All,2020,pell_status,pell,3,3.74,4.0,1907,740,106,63,25,4
TR,All,2021,ethnicity,aian,1,1.0,3.5,15,9,2,43,26,6
TR,All,2021,ethnicity,aian,2,3.5,3.82,10,3,7,37,11,26
TR,All,2021,ethnicity,aian,3,3.82,4.0,23,6,0,74,19,0
TR,All,2021,ethnicity,asian,1,1.0,3.5,1043,442,85,57,24,5
TR,All,2021,ethnicity,asian,2,3.5,3.82,1417,522,75,64,24,3
TR,All,2021,ethnicity,asian,3,3.82,4.0,1634,498,65,70,21,3
TR,All,2021,ethnicity,black,1,1.0,3.5,235,87,17,54,20,4
TR,All,2021,ethnicity,black,2,3.5,3.82,185,78,21,59,25,7
TR,All,2021,ethnicity,black,3,3.82,4.0,128,55,6,61,26,3
TR,All,2021,ethnicity,hispanic_latino,1,1.0,3.5,1342,549,106,55,22,4
TR,All,2021,ethnicity,hispanic_latino,2,3.5,3.82,1184,397,60,64,22,3
TR,All,2021,ethnicity,hispanic_latino,3,3.82,4.0,880,230,26,72,19,2
TR,All,2021,ethnicity,international,1,1.0,3.5,373,121,32,61,20,5
TR,All,2021,ethnicity,international,2,3.5,3.82,515,137,22,68,18,3
TR,All,2021,ethnicity,international,3,3.82,4.0,866,239,32,70,19,3
TR,All,2021,ethnicity,white,1,1.0,3.5,984,375,61,60,23,4
TR,All,2021,ethnicity,white,2,3.5,3.82,1287,376,61,68,20,3
TR,All,2021,ethnicity,white,3,3.82,4.0,1510,377,64,73,18,3
TR,All,2021,first_gen_status,first_gen,1,1.0,3.5,2189,887,164,55,22,4
TR,All,2021,first_gen_status,first_gen,2,3.5,3.82,2142,710,121,64,21,4
TR,All,2021,first_gen_status,first_gen,3,3.82,4.0,2009,578,74,71,20,3
TR,All,2021,first_gen_status,not_first_gen,1,1.0,3.5,1729,688,134,58,23,5
TR,All,2021,first_gen_status,not_first_gen,2,3.5,3.82,2364,791,118,66,22,3
TR,All,2021,first_gen_status,not_first_gen,3,3.82,4.0,2972,816,116,71,20,3
TR,All,2021,pell_status,non_pell,1,1.0,3.5,1929,632,109,62,20,3
TR,All,2021,pell_status,non_pell,2,3.5,3.82,2575,717,97,69,19,3
TR,All,2021,pell_status,non_pell,3,3.82,4.0,3237,785,100,74,18,2
TR,All,2021,pell_status,pell,1,1.0,3.5,2109,978,197,53,25,5
TR,All,2021,pell_status,pell,2,3.5,3.82,2078,818,153,61,24,5
TR,All,2021,pell_status,pell,3,3.82,4.0,1915,655,99,67,23,3
TR,Berkeley,2010,ethnicity,aian,1,0.33,3.25,0,1,0,0,50,0
TR,Berkeley,2010,ethnicity,aian,2,3.25,3.63,6,2,0,75,25,0
TR,Berkeley,2010,ethnicity,aian,3,3.63,4.0,3,3,0,38,38,0
TR,Berkeley,2010,ethnicity,asian,1,0.33,3.25,17,2,0,81,10,0
TR,Berkeley,2010,ethnicity,asian,2,3.25,3.63,85,36,6,62,26,4
TR,Berkeley,2010,ethnicity,asian,3,3.63,4.0,262,141,13,60,32,3
TR,Berkeley,2010,ethnicity,black,1,0.33,3.25,7,5,4,37,26,21
TR,Berkeley,2010,ethnicity,black,2,3.25,3.63,7,10,2,33,48,10
TR,Berkeley,2010,ethnicity,black,3,3.63,4.0,20,14,3,45,32,7
TR,Berkeley,2010,ethnicity,hispanic_latino,1,0.33,3.25,15,9,1,45,27,3
TR,Berkeley,2010,ethnicity,hispanic_latino,2,3.25,3.63,60,33,8,55,30,7
TR,Berkeley,2010,ethnicity,hispanic_latino,3,3.63,4.0,97,54,5,57,32,3
TR,Berkeley,2010,ethnicity,international,1,0.33,3.25,3,0,0,75,0,0
TR,Berkeley,2010,ethnicity,international,2,3.25,3.63,20,8,1,65,26,3
TR,Berkeley,2010,ethnicity,international,3,3.63,4.0,189,42,12,73,16,5
TR,Berkeley,2010,ethnicity,white,1,0.33,3.25,20,10,2,61,30,6
TR,Berkeley,2010,ethnicity,white,2,3.25,3.63,119,54,8,61,28,4
TR,Berkeley,2010,ethnicity,white,3,3.63,4.0,310,136,16,63,28,3
TR,Berkeley,2010,first_gen_status,first_gen,1,0.33,3.25,36,13,4,55,20,6
TR,Berkeley,2010,first_gen_status,first_gen,2,3.25,3.63,151,80,17,56,30,6
TR,Berkeley,2010,first_gen_status,first_gen,3,3.63,4.0,349,176,17,61,31,3
TR,Berkeley,2010,first_gen_status,not_first_gen,1,0.33,3.25,24,10,4,56,23,9
TR,Berkeley,2010,first_gen_status,not_first_gen,2,3.25,3.63,143,67,11,59,28,5
TR,Berkeley,2010,first_gen_status,not_first_gen,3,3.63,4.0,507,187,33,65,24,4
TR,Berkeley,2010,pell_status,non_pell,1,0.33,3.25,16,11,1,47,32,3
TR,Berkeley,2010,pell_status,non_pell,2,3.25,3.63,141,38,5,70,19,2
TR,Berkeley,2010,pell_status,non_pell,3,3.63,4.0,540,141,22,72,19,3
TR,Berkeley,2010,pell_status,pell,1,0.33,3.25,52,17,7,59,19,8
TR,Berkeley,2010,pell_status,pell,2,3.25,3.63,182,118,26,51,33,7
TR,Berkeley,2010,pell_status,pell,3,3.63,4.0,410,278,29,53,36,4
TR,Berkeley,2011,ethnicity,aian,1,0.31,3.27,1,0,0,100,0,0
TR,Berkeley,2011,ethnicity,aian,2,3.27,3.63,4,0,0,100,0,0
TR,Berkeley,2011,ethnicity,aian,3,3.63,4.0,7,4,0,54,31,0
TR,Berkeley,2011,ethnicity,asian,1,0.31,3.27,15,4,3,63,17,13
TR,Berkeley,2011,ethnicity,asian,2,3.27,3.63,88,27,5,67,20,4
TR,Berkeley,2011,ethnicity,asian,3,3.63,4.0,222,138,7,57,35,2
TR,Berkeley,2011,ethnicity,black,1,0.31,3.27,5,6,2,29,35,12
TR,Berkeley,2011,ethnicity,black,2,3.27,3.63,20,12,2,51,31,5
TR,Berkeley,2011,ethnicity,black,3,3.63,4.0,21,18,2,46,39,4
TR,Berkeley,2011,ethnicity,hispanic_latino,1,0.31,3.27,18,12,0,55,36,0
TR,Berkeley,2011,ethnicity,hispanic_latino,2,3.27,3.63,73,48,4,54,35,3
TR,Berkeley,2011,ethnicity,hispanic_latino,3,3.63,4.0,96,67,13,49,34,7
TR,Berkeley,2011,ethnicity,international,1,0.31,3.27,6,2,3,50,17,25
TR,Berkeley,2011,ethnicity,international,2,3.27,3.63,49,18,4,60,22,5
TR,Berkeley,2011,ethnicity,international,3,3.63,4.0,206,69,15,63,21,5
TR,Berkeley,2011,ethnicity,white,1,0.31,3.27,28,13,2,55,25,4
TR,Berkeley,2011,ethnicity,white,2,3.27,3.63,119,47,10,60,24,5
TR,Berkeley,2011,ethnicity,white,3,3.63,4.0,353,159,12,63,28,2
TR,Berkeley,2011,first_gen_status,first_gen,1,0.31,3.27,32,21,5,47,31,7
TR,Berkeley,2011,first_gen_status,first_gen,2,3.27,3.63,166,85,11,56,29,4
TR,Berkeley,2011,first_gen_status,first_gen,3,3.63,4.0,373,197,25,57,30,4
TR,Berkeley,2011,first_gen_status,not_first_gen,1,0.31,3.27,40,15,5,58,22,7
TR,Berkeley,2011,first_gen_status,not_first_gen,2,3.27,3.63,191,70,15,64,23,5
TR,Berkeley,2011,first_gen_status,not_first_gen,3,3.63,4.0,525,261,23,60,30,3
TR,Berkeley,2011,pell_status,non_pell,1,0.31,3.27,24,8,7,51,17,15
TR,Berkeley,2011,pell_status,non_pell,2,3.27,3.63,173,43,11,70,17,4
TR,Berkeley,2011,pell_status,non_pell,3,3.63,4.0,540,189,24,66,23,3
TR,Berkeley,2011,pell_status,pell,1,0.31,3.27,51,30,3,53,31,3
TR,Berkeley,2011,pell_status,pell,2,3.27,3.63,196,113,16,54,31,4
TR,Berkeley,2011,pell_status,pell,3,3.63,4.0,391,284,25,51,37,3
TR,Berkeley,2012,ethnicity,aian,1,0.3,3.3,1,3,0,25,75,0
TR,Berkeley,2012,ethnicity,aian,2,3.3,3.65,5,3,0,63,38,0
TR,Berkeley,2012,ethnicity,aian,3,3.65,4.0,6,3,0,55,27,0
TR,Berkeley,2012,ethnicity,asian,1,0.3,3.3,10,5,0,56,28,0
TR,Berkeley,2012,ethnicity,asian,2,3.3,3.65,71,27,6,60,23,5
TR,Berkeley,2012,ethnicity,asian,3,3.65,4.0,248,119,15,61,29,4
TR,Berkeley,2012,ethnicity,black,1,0.3,3.3,2,6,0,15,46,0
TR,Berkeley,2012,ethnicity,black,2,3.3,3.65,11,2,2,65,12,12
TR,Berkeley,2012,ethnicity,black,3,3.65,4.0,19,18,0,46,44,0
TR,Berkeley,2012,ethnicity,hispanic_latino,1,0.3,3.3,9,12,2,36,48,8
TR,Berkeley,2012,ethnicity,hispanic_latino,2,3.3,3.65,57,25,5,56,25,5
TR,Berkeley,2012,ethnicity,hispanic_latino,3,3.65,4.0,112,78,10,52,36,5
TR,Berkeley,2012,ethnicity,international,1,0.3,3.3,8,4,0,62,31,0
TR,Berkeley,2012,ethnicity,international,2,3.3,3.65,39,14,3,60,22,5
TR,Berkeley,2012,ethnicity,international,3,3.65,4.0,234,74,11,66,21,3
TR,Berkeley,2012,ethnicity,white,1,0.3,3.3,17,14,1,41,34,2
TR,Berkeley,2012,ethnicity,white,2,3.3,3.65,97,57,6,56,33,3
TR,Berkeley,2012,ethnicity,white,3,3.65,4.0,262,145,13,56,31,3
TR,Berkeley,2012,first_gen_status,first_gen,1,0.3,3.3,26,22,2,44,37,3
TR,Berkeley,2012,first_gen_status,first_gen,2,3.3,3.65,135,69,11,56,28,5
TR,Berkeley,2012,first_gen_status,first_gen,3,3.65,4.0,378,184,24,59,29,4
TR,Berkeley,2012,first_gen_status,not_first_gen,1,0.3,3.3,22,23,1,39,40,2
TR,Berkeley,2012,first_gen_status,not_first_gen,2,3.3,3.65,154,55,12,64,23,5
TR,Berkeley,2012,first_gen_status,not_first_gen,3,3.65,4.0,515,254,25,59,29,3
TR,Berkeley,2012,pell_status,non_pell,1,0.3,3.3,14,11,2,44,34,6
TR,Berkeley,2012,pell_status,non_pell,2,3.3,3.65,139,32,5,69,16,2
TR,Berkeley,2012,pell_status,non_pell,3,3.65,4.0,512,181,18,66,23,2
TR,Berkeley,2012,pell_status,pell,1,0.3,3.3,40,35,1,44,38,1
TR,Berkeley,2012,pell_status,pell,2,3.3,3.65,157,96,19,52,32,6
TR,Berkeley,2012,pell_status,pell,3,3.65,4.0,403,277,32,51,35,4
TR,Berkeley,2013,ethnicity,aian,1,3.31,3.66,4,2,1,57,29,14
TR,Berkeley,2013,ethnicity,aian,2,3.66,4.0,2,3,2,25,38,25
TR,Berkeley,2013,ethnicity,asian,1,0.32,3.31,8,4,0,50,25,0
TR,Berkeley,2013,ethnicity,asian,2,3.31,3.66,57,33,3,52,30,3
TR,Berkeley,2013,ethnicity,asian,3,3.66,4.0,256,133,14,59,31,3
TR,Berkeley,2013,ethnicity,black,1,0.32,3.31,7,3,2,54,23,15
TR,Berkeley,2013,ethnicity,black,2,3.31,3.66,12,12,0,46,46,0
TR,Berkeley,2013,ethnicity,black,3,3.66,4.0,19,19,4,36,36,8
TR,Berkeley,2013,ethnicity,hispanic_latino,1,0.32,3.31,20,7,1,54,19,3
TR,Berkeley,2013,ethnicity,hispanic_latino,2,3.31,3.66,55,42,5,50,38,5
TR,Berkeley,2013,ethnicity,hispanic_latino,3,3.66,4.0,112,53,14,58,27,7
TR,Berkeley,2013,ethnicity,international,1,0.32,3.31,18,6,0,72,24,0
TR,Berkeley,2013,ethnicity,international,2,3.31,3.66,47,15,0,60,19,0
TR,Berkeley,2013,ethnicity,international,3,3.66,4.0,293,79,9,71,19,2
TR,Berkeley,2013,ethnicity,white,1,0.32,3.31,23,4,1,79,14,3
TR,Berkeley,2013,ethnicity,white,2,3.31,3.66,72,50,7,53,37,5
TR,Berkeley,2013,ethnicity,white,3,3.66,4.0,293,127,14,63,27,3
TR,Berkeley,2013,first_gen_status,first_gen,1,0.32,3.31,36,16,2,55,25,3
TR,Berkeley,2013,first_gen_status,first_gen,2,3.31,3.66,130,101,12,49,38,4
TR,Berkeley,2013,first_gen_status,first_gen,3,3.66,4.0,432,211,28,60,29,4
TR,Berkeley,2013,first_gen_status,not_first_gen,1,0.32,3.31,42,9,3,71,15,5
TR,Berkeley,2013,first_gen_status,not_first_gen,2,3.31,3.66,123,59,5,58,28,2
TR,Berkeley,2013,first_gen_status,not_first_gen,3,3.66,4.0,555,207,26,65,24,3
TR,Berkeley,2013,pell_status,non_pell,1,0.32,3.31,31,10,3,66,21,6
TR,Berkeley,2013,pell_status,non_pell,2,3.31,3.66,115,42,3,64,23,2
TR,Berkeley,2013,pell_status,non_pell,3,3.66,4.0,606,171,15,71,20,2
TR,Berkeley,2013,pell_status,pell,1,0.32,3.31,48,16,2,61,20,3
TR,Berkeley,2013,pell_status,pell,2,3.31,3.66,140,123,14,45,40,5
TR,Berkeley,2013,pell_status,pell,3,3.66,4.0,400,262,44,52,34,6
TR,Berkeley,2014,ethnicity,aian,1,0.82,3.34,4,2,0,67,33,0
TR,Berkeley,2014,ethnicity,aian,2,3.34,3.68,5,0,1,71,0,14
TR,Berkeley,2014,ethnicity,aian,3,3.68,4.0,5,4,1,45,36,9
TR,Berkeley,2014,ethnicity,asian,1,0.82,3.34,20,3,0,83,13,0
TR,Berkeley,2014,ethnicity,asian,2,3.34,3.68,63,33,6,58,31,6
TR,Berkeley,2014,ethnicity,asian,3,3.68,4.0,248,137,17,58,32,4
TR,Berkeley,2014,ethnicity,black,1,0.82,3.34,6,3,6,33,17,33
TR,Berkeley,2014,ethnicity,black,2,3.34,3.68,16,13,4,46,37,11
TR,Berkeley,2014,ethnicity,black,3,3.68,4.0,21,13,3,53,33,8
TR,Berkeley,2014,ethnicity,hispanic_latino,1,0.82,3.34,17,12,4,47,33,11
TR,Berkeley,2014,ethnicity,hispanic_latino,2,3.34,3.68,69,43,9,52,32,7
TR,Berkeley,2014,ethnicity,hispanic_latino,3,3.68,4.0,86,61,11,49,34,6
TR,Berkeley,2014,ethnicity,international,1,0.82,3.34,9,4,1,47,21,5
TR,Berkeley,2014,ethnicity,international,2,3.34,3.68,44,18,4,64,26,6
TR,Berkeley,2014,ethnicity,international,3,3.68,4.0,278,71,17,70,18,4
TR,Berkeley,2014,ethnicity,white,1,0.82,3.34,34,12,0,60,21,0
TR,Berkeley,2014,ethnicity,white,2,3.34,3.68,83,33,9,59,23,6
TR,Berkeley,2014,ethnicity,white,3,3.68,4.0,256,118,16,62,29,4
TR,Berkeley,2014,first_gen_status,first_gen,1,0.82,3.34,49,16,8,57,19,9
TR,Berkeley,2014,first_gen_status,first_gen,2,3.34,3.68,142,84,21,52,31,8
TR,Berkeley,2014,first_gen_status,first_gen,3,3.68,4.0,373,195,29,57,30,4
TR,Berkeley,2014,first_gen_status,not_first_gen,1,0.82,3.34,40,19,3,52,25,4
TR,Berkeley,2014,first_gen_status,not_first_gen,2,3.34,3.68,138,53,13,62,24,6
TR,Berkeley,2014,first_gen_status,not_first_gen,3,3.68,4.0,515,210,36,64,26,4
TR,Berkeley,2014,pell_status,non_pell,1,0.82,3.34,37,10,3,59,16,5
TR,Berkeley,2014,pell_status,non_pell,2,3.34,3.68,126,43,7,69,23,4
TR,Berkeley,2014,pell_status,non_pell,3,3.68,4.0,532,175,31,68,22,4
TR,Berkeley,2014,pell_status,pell,1,0.82,3.34,53,27,9,51,26,9
TR,Berkeley,2014,pell_status,pell,2,3.34,3.68,161,101,27,49,31,8
TR,Berkeley,2014,pell_status,pell,3,3.68,4.0,384,244,37,54,34,5
TR,Berkeley,2015,ethnicity,aian,1,1.4,3.34,2,0,2,50,0,50
TR,Berkeley,2015,ethnicity,aian,2,3.34,3.68,1,4,0,17,67,0
TR,Berkeley,2015,ethnicity,aian,3,3.68,4.0,6,3,0,55,27,0
TR,Berkeley,2015,ethnicity,asian,1,1.4,3.34,17,7,3,59,24,10
TR,Berkeley,2015,ethnicity,asian,2,3.34,3.68,77,24,6,65,20,5
TR,Berkeley,2015,ethnicity,asian,3,3.68,4.0,218,113,15,58,30,4
TR,Berkeley,2015,ethnicity,black,1,1.4,3.34,4,7,2,22,39,11
TR,Berkeley,2015,ethnicity,black,2,3.34,3.68,14,9,2,52,33,7
TR,Berkeley,2015,ethnicity,black,3,3.68,4.0,20,19,1,47,44,2
TR,Berkeley,2015,ethnicity,hispanic_latino,1,1.4,3.34,36,13,2,63,23,4
TR,Berkeley,2015,ethnicity,hispanic_latino,2,3.34,3.68,63,31,5,56,27,4
TR,Berkeley,2015,ethnicity,hispanic_latino,3,3.68,4.0,103,46,11,60,27,6
TR,Berkeley,2015,ethnicity,international,1,1.4,3.34,13,6,0,62,29,0
TR,Berkeley,2015,ethnicity,international,2,3.34,3.68,42,11,4,65,17,6
TR,Berkeley,2015,ethnicity,international,3,3.68,4.0,251,71,14,68,19,4
TR,Berkeley,2015,ethnicity,white,1,1.4,3.34,32,14,6,58,25,11
TR,Berkeley,2015,ethnicity,white,2,3.34,3.68,111,49,5,64,28,3
TR,Berkeley,2015,ethnicity,white,3,3.68,4.0,254,129,16,58,30,4
TR,Berkeley,2015,first_gen_status,first_gen,1,1.4,3.34,61,29,8,55,26,7
TR,Berkeley,2015,first_gen_status,first_gen,2,3.34,3.68,155,78,12,57,29,4
TR,Berkeley,2015,first_gen_status,first_gen,3,3.68,4.0,352,156,26,60,27,4
TR,Berkeley,2015,first_gen_status,not_first_gen,1,1.4,3.34,46,20,8,57,25,10
TR,Berkeley,2015,first_gen_status,not_first_gen,2,3.34,3.68,146,50,11,65,22,5
TR,Berkeley,2015,first_gen_status,not_first_gen,3,3.68,4.0,510,219,33,62,27,4
TR,Berkeley,2015,pell_status,non_pell,1,1.4,3.34,38,13,6,61,21,10
TR,Berkeley,2015,pell_status,non_pell,2,3.34,3.68,143,47,7,66,22,3
TR,Berkeley,2015,pell_status,non_pell,3,3.68,4.0,540,162,21,69,21,3
TR,Berkeley,2015,pell_status,pell,1,1.4,3.34,73,37,10,54,27,7
TR,Berkeley,2015,pell_status,pell,2,3.34,3.68,172,83,16,57,28,5
TR,Berkeley,2015,pell_status,pell,3,3.68,4.0,340,230,40,51,35,6
TR,Berkeley,2016,ethnicity,aian,1,0.36,3.33,4,3,0,57,43,0
TR,Berkeley,2016,ethnicity,aian,2,3.33,3.68,4,1,0,67,17,0
TR,Berkeley,2016,ethnicity,aian,3,3.68,4.0,5,1,0,71,14,0
TR,Berkeley,2016,ethnicity,asian,1,0.36,3.33,20,8,1,63,25,3
TR,Berkeley,2016,ethnicity,asian,2,3.33,3.68,80,48,9,53,32,6
TR,Berkeley,2016,ethnicity,asian,3,3.68,4.0,254,139,15,59,32,3
TR,Berkeley,2016,ethnicity,black,1,0.36,3.33,11,2,0,69,13,0
TR,Berkeley,2016,ethnicity,black,2,3.33,3.68,16,17,1,42,45,3
TR,Berkeley,2016,ethnicity,black,3,3.68,4.0,35,17,1,60,29,2
TR,Berkeley,2016,ethnicity,hispanic_latino,1,0.36,3.33,35,16,2,61,28,4
TR,Berkeley,2016,ethnicity,hispanic_latino,2,3.33,3.68,89,42,5,58,27,3
TR,Berkeley,2016,ethnicity,hispanic_latino,3,3.68,4.0,140,79,9,55,31,4
TR,Berkeley,2016,ethnicity,international,1,0.36,3.33,5,1,2,63,13,25
TR,Berkeley,2016,ethnicity,international,2,3.33,3.68,39,14,3,64,23,5
TR,Berkeley,2016,ethnicity,international,3,3.68,4.0,264,65,11,71,17,3
TR,Berkeley,2016,ethnicity,white,1,0.36,3.33,29,14,2,56,27,4
TR,Berkeley,2016,ethnicity,white,2,3.33,3.68,129,36,11,68,19,6
TR,Berkeley,2016,ethnicity,white,3,3.68,4.0,296,129,14,61,26,3
TR,Berkeley,2016,first_gen_status,first_gen,1,0.36,3.33,59,23,5,60,23,5
TR,Berkeley,2016,first_gen_status,first_gen,2,3.33,3.68,172,88,19,56,29,6
TR,Berkeley,2016,first_gen_status,first_gen,3,3.68,4.0,397,219,23,57,31,3
TR,Berkeley,2016,first_gen_status,not_first_gen,1,0.36,3.33,47,22,3,59,28,4
TR,Berkeley,2016,first_gen_status,not_first_gen,2,3.33,3.68,183,68,9,64,24,3
TR,Berkeley,2016,first_gen_status,not_first_gen,3,3.68,4.0,598,219,24,65,24,3
TR,Berkeley,2016,pell_status,non_pell,1,0.36,3.33,44,14,3,63,20,4
TR,Berkeley,2016,pell_status,non_pell,2,3.33,3.68,187,57,8,68,21,3
TR,Berkeley,2016,pell_status,non_pell,3,3.68,4.0,664,173,25,71,19,3
TR,Berkeley,2016,pell_status,pell,1,0.36,3.33,62,31,5,57,28,5
TR,Berkeley,2016,pell_status,pell,2,3.33,3.68,180,106,21,53,31,6
TR,Berkeley,2016,pell_status,pell,3,3.68,4.0,363,275,25,49,37,3
TR,Berkeley,2017,ethnicity,aian,1,3.33,3.69,3,3,1,43,43,14
TR,Berkeley,2017,ethnicity,aian,2,3.69,4.0,5,2,0,71,29,0
TR,Berkeley,2017,ethnicity,asian,1,0.3,3.33,16,6,0,59,22,0
TR,Berkeley,2017,ethnicity,asian,2,3.33,3.69,114,49,9,62,26,5
TR,Berkeley,2017,ethnicity,asian,3,3.69,4.0,310,151,16,61,30,3
TR,Berkeley,2017,ethnicity,black,1,0.3,3.33,6,3,2,46,23,15
TR,Berkeley,2017,ethnicity,black,2,3.33,3.69,28,12,3,57,24,6
TR,Berkeley,2017,ethnicity,black,3,3.69,4.0,28,19,2,50,34,4
TR,Berkeley,2017,ethnicity,hispanic_latino,1,0.3,3.33,30,9,5,65,20,11
TR,Berkeley,2017,ethnicity,hispanic_latino,2,3.33,3.69,103,46,12,54,24,6
TR,Berkeley,2017,ethnicity,hispanic_latino,3,3.69,4.0,160,76,16,59,28,6
TR,Berkeley,2017,ethnicity,international,1,0.3,3.33,6,0,0,100,0,0
TR,Berkeley,2017,ethnicity,international,2,3.33,3.69,38,7,0,75,14,0
TR,Berkeley,2017,ethnicity,international,3,3.69,4.0,313,84,15,72,19,3
TR,Berkeley,2017,ethnicity,white,1,0.3,3.33,22,7,1,65,21,3
TR,Berkeley,2017,ethnicity,white,2,3.33,3.69,129,50,8,62,24,4
TR,Berkeley,2017,ethnicity,white,3,3.69,4.0,297,114,19,65,25,4
TR,Berkeley,2017,first_gen_status,first_gen,1,0.3,3.33,49,17,8,58,20,9
TR,Berkeley,2017,first_gen_status,first_gen,2,3.33,3.69,200,83,21,57,24,6
TR,Berkeley,2017,first_gen_status,first_gen,3,3.69,4.0,425,219,32,58,30,4
TR,Berkeley,2017,first_gen_status,not_first_gen,1,0.3,3.33,30,6,1,68,14,2
TR,Berkeley,2017,first_gen_status,not_first_gen,2,3.33,3.69,204,81,14,63,25,4
TR,Berkeley,2017,first_gen_status,not_first_gen,3,3.69,4.0,684,229,34,69,23,3
TR,Berkeley,2017,pell_status,non_pell,1,0.3,3.33,32,7,2,71,16,4
TR,Berkeley,2017,pell_status,non_pell,2,3.33,3.69,205,52,6,72,18,2
TR,Berkeley,2017,pell_status,non_pell,3,3.69,4.0,710,205,30,71,21,3
TR,Berkeley,2017,pell_status,pell,1,0.3,3.33,49,18,7,56,20,8
TR,Berkeley,2017,pell_status,pell,2,3.33,3.69,215,119,30,51,28,7
TR,Berkeley,2017,pell_status,pell,3,3.69,4.0,430,254,39,55,33,5
TR,Berkeley,2018,ethnicity,aian,1,0.32,3.34,1,0,0,100,0,0
TR,Berkeley,2018,ethnicity,aian,2,3.34,3.7,3,1,1,43,14,14
TR,Berkeley,2018,ethnicity,aian,3,3.7,4.0,3,0,0,75,0,0
TR,Berkeley,2018,ethnicity,asian,1,0.32,3.34,26,8,1,62,19,2
TR,Berkeley,2018,ethnicity,asian,2,3.34,3.7,67,42,7,51,32,5
TR,Berkeley,2018,ethnicity,asian,3,3.7,4.0,272,137,12,62,31,3
TR,Berkeley,2018,ethnicity,black,1,0.32,3.34,9,8,3,36,32,12
TR,Berkeley,2018,ethnicity,black,2,3.34,3.7,21,13,2,53,33,5
TR,Berkeley,2018,ethnicity,black,3,3.7,4.0,24,14,3,52,30,7
TR,Berkeley,2018,ethnicity,hispanic_latino,1,0.32,3.34,43,15,1,65,23,2
TR,Berkeley,2018,ethnicity,hispanic_latino,2,3.34,3.7,73,38,11,51,27,8
TR,Berkeley,2018,ethnicity,hispanic_latino,3,3.7,4.0,144,50,11,66,23,5
TR,Berkeley,2018,ethnicity,international,1,0.32,3.34,7,6,2,37,32,11
TR,Berkeley,2018,ethnicity,international,2,3.34,3.7,33,7,3,73,16,7
TR,Berkeley,2018,ethnicity,international,3,3.7,4.0,234,73,10,67,21,3
TR,Berkeley,2018,ethnicity,white,1,0.32,3.34,26,10,6,53,20,12
TR,Berkeley,2018,ethnicity,white,2,3.34,3.7,136,43,5,67,21,2
TR,Berkeley,2018,ethnicity,white,3,3.7,4.0,281,105,9,68,26,2
TR,Berkeley,2018,first_gen_status,first_gen,1,0.32,3.34,62,24,9,56,22,8
TR,Berkeley,2018,first_gen_status,first_gen,2,3.34,3.7,138,82,18,51,30,7
TR,Berkeley,2018,first_gen_status,first_gen,3,3.7,4.0,385,180,15,62,29,2
TR,Berkeley,2018,first_gen_status,not_first_gen,1,0.32,3.34,48,23,4,53,26,4
TR,Berkeley,2018,first_gen_status,not_first_gen,2,3.34,3.7,197,58,12,67,20,4
TR,Berkeley,2018,first_gen_status,not_first_gen,3,3.7,4.0,578,198,32,68,23,4
TR,Berkeley,2018,pell_status,non_pell,1,0.32,3.34,49,19,4,61,24,5
TR,Berkeley,2018,pell_status,non_pell,2,3.34,3.7,169,36,9,73,16,4
TR,Berkeley,2018,pell_status,non_pell,3,3.7,4.0,624,162,24,73,19,3
TR,Berkeley,2018,pell_status,pell,1,0.32,3.34,65,29,9,52,23,7
TR,Berkeley,2018,pell_status,pell,2,3.34,3.7,177,113,21,49,32,6
TR,Berkeley,2018,pell_status,pell,3,3.7,4.0,370,232,23,56,35,3
TR,Berkeley,2019,ethnicity,aian,1,0.32,3.38,3,1,0,60,20,0
TR,Berkeley,2019,ethnicity,aian,2,3.38,3.73,2,2,1,33,33,17
TR,Berkeley,2019,ethnicity,aian,3,3.73,4.0,4,2,0,67,33,0
TR,Berkeley,2019,ethnicity,asian,1,0.32,3.38,29,18,4,51,32,7
TR,Berkeley,2019,ethnicity,asian,2,3.38,3.73,124,39,6,65,21,3
TR,Berkeley,2019,ethnicity,asian,3,3.73,4.0,320,164,17,61,31,3
TR,Berkeley,2019,ethnicity,black,1,0.32,3.38,12,9,5,43,32,18
TR,Berkeley,2019,ethnicity,black,2,3.38,3.73,19,14,6,38,28,12
TR,Berkeley,2019,ethnicity,black,3,3.73,4.0,32,19,3,53,32,5
TR,Berkeley,2019,ethnicity,hispanic_latino,1,0.32,3.38,44,23,5,52,27,6
TR,Berkeley,2019,ethnicity,hispanic_latino,2,3.38,3.73,98,49,8,55,28,4
TR,Berkeley,2019,ethnicity,hispanic_latino,3,3.73,4.0,152,70,14,60,28,6
TR,Berkeley,2019,ethnicity,international,1,0.32,3.38,5,1,1,63,13,13
TR,Berkeley,2019,ethnicity,international,2,3.38,3.73,28,13,0,68,32,0
TR,Berkeley,2019,ethnicity,international,3,3.73,4.0,206,77,12,64,24,4
TR,Berkeley,2019,ethnicity,white,1,0.32,3.38,39,13,5,58,19,7
TR,Berkeley,2019,ethnicity,white,2,3.38,3.73,111,42,11,61,23,6
TR,Berkeley,2019,ethnicity,white,3,3.73,4.0,242,104,17,62,27,4
TR,Berkeley,2019,first_gen_status,first_gen,1,0.32,3.38,65,38,11,50,29,8
TR,Berkeley,2019,first_gen_status,first_gen,2,3.38,3.73,175,92,18,55,29,6
TR,Berkeley,2019,first_gen_status,first_gen,3,3.73,4.0,424,198,28,61,28,4
TR,Berkeley,2019,first_gen_status,not_first_gen,1,0.32,3.38,63,27,8,55,24,7
TR,Berkeley,2019,first_gen_status,not_first_gen,2,3.38,3.73,209,70,13,63,21,4
TR,Berkeley,2019,first_gen_status,not_first_gen,3,3.73,4.0,530,227,38,62,27,4
TR,Berkeley,2019,pell_status,non_pell,1,0.32,3.38,64,18,3,65,18,3
TR,Berkeley,2019,pell_status,non_pell,2,3.38,3.73,210,62,8,70,21,3
TR,Berkeley,2019,pell_status,non_pell,3,3.73,4.0,579,222,28,66,25,3
TR,Berkeley,2019,pell_status,pell,1,0.32,3.38,69,49,17,44,31,11
TR,Berkeley,2019,pell_status,pell,2,3.38,3.73,184,106,25,50,29,7
TR,Berkeley,2019,pell_status,pell,3,3.73,4.0,405,222,40,56,31,6
TR,Berkeley,2020,ethnicity,aian,1,1.25,3.39,2,2,0,33,33,0
TR,Berkeley,2020,ethnicity,aian,2,3.39,3.74,5,1,0,71,14,0
TR,Berkeley,2020,ethnicity,aian,3,3.74,4.0,2,4,0,33,67,0
TR,Berkeley,2020,ethnicity,asian,1,1.25,3.39,31,16,3,58,30,6
TR,Berkeley,2020,ethnicity,asian,2,3.39,3.74,96,51,10,56,30,6
TR,Berkeley,2020,ethnicity,asian,3,3.74,4.0,277,152,13,58,32,3
TR,Berkeley,2020,ethnicity,black,1,1.25,3.39,11,7,3,42,27,12
TR,Berkeley,2020,ethnicity,black,2,3.39,3.74,23,12,1,56,29,2
TR,Berkeley,2020,ethnicity,black,3,3.74,4.0,24,14,2,51,30,4
TR,Berkeley,2020,ethnicity,hispanic_latino,1,1.25,3.39,51,33,7,42,27,6
TR,Berkeley,2020,ethnicity,hispanic_latino,2,3.39,3.74,114,57,4,56,28,2
TR,Berkeley,2020,ethnicity,hispanic_latino,3,3.74,4.0,138,72,12,56,29,5
TR,Berkeley,2020,ethnicity,international,1,1.25,3.39,3,6,1,23,46,8
TR,Berkeley,2020,ethnicity,international,2,3.39,3.74,37,19,4,57,29,6
TR,Berkeley,2020,ethnicity,international,3,3.74,4.0,171,71,17,61,25,6
TR,Berkeley,2020,ethnicity,white,1,1.25,3.39,40,12,4,57,17,6
TR,Berkeley,2020,ethnicity,white,2,3.39,3.74,99,42,4,61,26,2
TR,Berkeley,2020,ethnicity,white,3,3.74,4.0,237,113,15,60,28,4
TR,Berkeley,2020,first_gen_status,first_gen,1,1.25,3.39,76,47,10,44,27,6
TR,Berkeley,2020,first_gen_status,first_gen,2,3.39,3.74,207,98,16,57,27,4
TR,Berkeley,2020,first_gen_status,first_gen,3,3.74,4.0,358,160,19,61,27,3
TR,Berkeley,2020,first_gen_status,not_first_gen,1,1.25,3.39,63,28,9,53,24,8
TR,Berkeley,2020,first_gen_status,not_first_gen,2,3.39,3.74,170,84,9,59,29,3
TR,Berkeley,2020,first_gen_status,not_first_gen,3,3.74,4.0,488,275,40,56,31,5
TR,Berkeley,2020,pell_status,non_pell,1,1.25,3.39,53,25,3,51,24,3
TR,Berkeley,2020,pell_status,non_pell,2,3.39,3.74,208,90,12,63,27,4
TR,Berkeley,2020,pell_status,non_pell,3,3.74,4.0,543,237,30,63,27,3
TR,Berkeley,2020,pell_status,pell,1,1.25,3.39,91,53,16,46,27,8
TR,Berkeley,2020,pell_status,pell,2,3.39,3.74,178,97,13,52,29,4
TR,Berkeley,2020,pell_status,pell,3,3.74,4.0,327,210,31,51,33,5
TR,Berkeley,2021,ethnicity,aian,1,1.0,3.5,0,1,1,0,25,25
TR,Berkeley,2021,ethnicity,aian,2,3.5,3.82,2,0,3,33,0,50
TR,Berkeley,2021,ethnicity,aian,3,3.82,4.0,3,2,0,50,33,0
TR,Berkeley,2021,ethnicity,asian,1,1.0,3.5,58,17,0,64,19,0
TR,Berkeley,2021,ethnicity,asian,2,3.5,3.82,159,71,12,60,27,5
TR,Berkeley,2021,ethnicity,asian,3,3.82,4.0,289,147,19,60,31,4
TR,Berkeley,2021,ethnicity,black,1,1.0,3.5,21,8,2,55,21,5
TR,Berkeley,2021,ethnicity,black,2,3.5,3.82,24,12,3,59,29,7
TR,Berkeley,2021,ethnicity,black,3,3.82,4.0,24,15,3,53,33,7
TR,Berkeley,2021,ethnicity,hispanic_latino,1,1.0,3.5,78,41,5,55,29,4
TR,Berkeley,2021,ethnicity,hispanic_latino,2,3.5,3.82,156,68,9,60,26,3
TR,Berkeley,2021,ethnicity,hispanic_latino,3,3.82,4.0,120,60,4,60,30,2
TR,Berkeley,2021,ethnicity,international,1,1.0,3.5,10,10,2,42,42,8
TR,Berkeley,2021,ethnicity,international,2,3.5,3.82,62,16,6,66,17,6
TR,Berkeley,2021,ethnicity,international,3,3.82,4.0,188,78,9,60,25,3
TR,Berkeley,2021,ethnicity,white,1,1.0,3.5,57,20,1,64,22,1
TR,Berkeley,2021,ethnicity,white,2,3.5,3.82,114,48,5,60,25,3
TR,Berkeley,2021,ethnicity,white,3,3.82,4.0,177,91,15,59,30,5
TR,Berkeley,2021,first_gen_status,first_gen,1,1.0,3.5,138,70,8,56,28,3
TR,Berkeley,2021,first_gen_status,first_gen,2,3.5,3.82,263,117,26,58,26,6
TR,Berkeley,2021,first_gen_status,first_gen,3,3.82,4.0,322,176,14,58,32,3
TR,Berkeley,2021,first_gen_status,not_first_gen,1,1.0,3.5,87,29,2,61,20,1
TR,Berkeley,2021,first_gen_status,not_first_gen,2,3.5,3.82,243,101,12,62,26,3
TR,Berkeley,2021,first_gen_status,not_first_gen,3,3.82,4.0,470,212,33,61,28,4
TR,Berkeley,2021,pell_status,non_pell,1,1.0,3.5,82,37,3,62,28,2
TR,Berkeley,2021,pell_status,non_pell,2,3.5,3.82,281,98,12,66,23,3
TR,Berkeley,2021,pell_status,non_pell,3,3.82,4.0,507,204,24,64,26,3
TR,Berkeley,2021,pell_status,pell,1,1.0,3.5,146,63,8,55,24,3
TR,Berkeley,2021,pell_status,pell,2,3.5,3.82,242,123,26,55,28,6
TR,Berkeley,2021,pell_status,pell,3,3.82,4.0,310,200,29,53,34,5
TR,Davis,2010,ethnicity,aian,1,0.33,3.25,5,2,1,45,18,9
TR,Davis,2010,ethnicity,aian,2,3.25,3.63,5,4,0,50,40,0
TR,Davis,2010,ethnicity,aian,3,3.63,4.0,3,5,0,33,56,0
TR,Davis,2010,ethnicity,asian,1,0.33,3.25,192,155,27,42,34,6
TR,Davis,2010,ethnicity,asian,2,3.25,3.63,168,97,16,54,31,5
TR,Davis,2010,ethnicity,asian,3,3.63,4.0,88,40,9,61,28,6
TR,Davis,2010,ethnicity,black,1,0.33,3.25,7,19,6,17,45,14
TR,Davis,2010,ethnicity,black,2,3.25,3.63,12,12,2,39,39,6
TR,Davis,2010,ethnicity,black,3,3.63,4.0,9,6,0,50,33,0
TR,Davis,2010,ethnicity,hispanic_latino,1,0.33,3.25,81,66,10,42,34,5
TR,Davis,2010,ethnicity,hispanic_latino,2,3.25,3.63,53,35,6,47,31,5
TR,Davis,2010,ethnicity,hispanic_latino,3,3.63,4.0,29,18,4,50,31,7
TR,Davis,2010,ethnicity,international,1,0.33,3.25,44,17,2,56,22,3
TR,Davis,2010,ethnicity,international,2,3.25,3.63,40,17,4,56,24,6
TR,Davis,2010,ethnicity,international,3,3.63,4.0,34,10,0,69,20,0
TR,Davis,2010,ethnicity,white,1,0.33,3.25,154,130,20,40,34,5
TR,Davis,2010,ethnicity,white,2,3.25,3.63,185,100,20,53,29,6
TR,Davis,2010,ethnicity,white,3,3.63,4.0,144,53,15,62,23,6
TR,Davis,2010,first_gen_status,first_gen,1,0.33,3.25,239,214,31,40,36,5
TR,Davis,2010,first_gen_status,first_gen,2,3.25,3.63,209,129,18,51,31,4
TR,Davis,2010,first_gen_status,first_gen,3,3.63,4.0,118,63,10,56,30,5
TR,Davis,2010,first_gen_status,not_first_gen,1,0.33,3.25,220,175,36,41,33,7
TR,Davis,2010,first_gen_status,not_first_gen,2,3.25,3.63,232,130,29,52,29,7
TR,Davis,2010,first_gen_status,not_first_gen,3,3.63,4.0,170,70,17,61,25,6
TR,Davis,2010,pell_status,non_pell,1,0.33,3.25,262,144,26,49,27,5
TR,Davis,2010,pell_status,non_pell,2,3.25,3.63,250,120,21,56,27,5
TR,Davis,2010,pell_status,non_pell,3,3.63,4.0,201,63,10,69,22,3
TR,Davis,2010,pell_status,pell,1,0.33,3.25,249,268,45,36,38,6
TR,Davis,2010,pell_status,pell,2,3.25,3.63,240,166,29,48,33,6
TR,Davis,2010,pell_status,pell,3,3.63,4.0,132,79,19,51,30,7
TR,Davis,2011,ethnicity,aian,1,0.31,3.27,4,2,1,36,18,9
TR,Davis,2011,ethnicity,aian,2,3.27,3.63,1,4,1,17,67,17
TR,Davis,2011,ethnicity,aian,3,3.63,4.0,1,5,0,13,63,0
TR,Davis,2011,ethnicity,asian,1,0.31,3.27,194,156,36,43,34,8
TR,Davis,2011,ethnicity,asian,2,3.27,3.63,198,98,17,56,28,5
TR,Davis,2011,ethnicity,asian,3,3.63,4.0,90,41,5,62,28,3
TR,Davis,2011,ethnicity,black,1,0.31,3.27,21,16,2,43,33,4
TR,Davis,2011,ethnicity,black,2,3.27,3.63,10,8,3,45,36,14
TR,Davis,2011,ethnicity,black,3,3.63,4.0,3,3,1,43,43,14
TR,Davis,2011,ethnicity,hispanic_latino,1,0.31,3.27,74,67,12,39,35,6
TR,Davis,2011,ethnicity,hispanic_latino,2,3.27,3.63,74,47,11,51,32,8
TR,Davis,2011,ethnicity,hispanic_latino,3,3.63,4.0,34,10,2,68,20,4
TR,Davis,2011,ethnicity,international,1,0.31,3.27,35,27,3,45,35,4
TR,Davis,2011,ethnicity,international,2,3.27,3.63,59,20,2,65,22,2
TR,Davis,2011,ethnicity,international,3,3.63,4.0,23,12,0,61,32,0
TR,Davis,2011,ethnicity,white,1,0.31,3.27,183,134,20,47,34,5
TR,Davis,2011,ethnicity,white,2,3.27,3.63,206,100,14,54,26,4
TR,Davis,2011,ethnicity,white,3,3.63,4.0,158,63,10,64,25,4
TR,Davis,2011,first_gen_status,first_gen,1,0.31,3.27,251,202,37,42,34,6
TR,Davis,2011,first_gen_status,first_gen,2,3.27,3.63,276,126,23,57,26,5
TR,Davis,2011,first_gen_status,first_gen,3,3.63,4.0,142,62,6,62,27,3
TR,Davis,2011,first_gen_status,not_first_gen,1,0.31,3.27,258,199,37,45,35,6
TR,Davis,2011,first_gen_status,not_first_gen,2,3.27,3.63,270,150,25,53,29,5
TR,Davis,2011,first_gen_status,not_first_gen,3,3.63,4.0,176,73,14,63,26,5
TR,Davis,2011,pell_status,non_pell,1,0.31,3.27,245,155,18,51,32,4
TR,Davis,2011,pell_status,non_pell,2,3.27,3.63,276,126,17,59,27,4
TR,Davis,2011,pell_status,non_pell,3,3.63,4.0,182,61,8,69,23,3
TR,Davis,2011,pell_status,pell,1,0.31,3.27,279,259,59,38,35,8
TR,Davis,2011,pell_status,pell,2,3.27,3.63,290,158,34,52,28,6
TR,Davis,2011,pell_status,pell,3,3.63,4.0,142,77,12,56,30,5
TR,Davis,2012,ethnicity,aian,1,0.3,3.3,2,4,1,20,40,10
TR,Davis,2012,ethnicity,aian,2,3.3,3.65,6,3,1,55,27,9
TR,Davis,2012,ethnicity,aian,3,3.65,4.0,4,2,1,57,29,14
TR,Davis,2012,ethnicity,asian,1,0.3,3.3,242,157,45,47,30,9
TR,Davis,2012,ethnicity,asian,2,3.3,3.65,190,116,13,54,33,4
TR,Davis,2012,ethnicity,asian,3,3.65,4.0,87,40,3,64,29,2
TR,Davis,2012,ethnicity,black,1,0.3,3.3,19,17,5,37,33,10
TR,Davis,2012,ethnicity,black,2,3.3,3.65,11,13,2,32,38,6
TR,Davis,2012,ethnicity,black,3,3.65,4.0,6,2,0,67,22,0
TR,Davis,2012,ethnicity,hispanic_latino,1,0.3,3.3,95,69,13,44,32,6
TR,Davis,2012,ethnicity,hispanic_latino,2,3.3,3.65,77,50,7,51,33,5
TR,Davis,2012,ethnicity,hispanic_latino,3,3.65,4.0,35,18,2,55,28,3
TR,Davis,2012,ethnicity,international,1,0.3,3.3,68,26,5,56,21,4
TR,Davis,2012,ethnicity,international,2,3.3,3.65,68,28,1,62,26,1
TR,Davis,2012,ethnicity,international,3,3.65,4.0,41,2,1,87,4,2
TR,Davis,2012,ethnicity,white,1,0.3,3.3,165,102,24,46,29,7
TR,Davis,2012,ethnicity,white,2,3.3,3.65,202,112,15,56,31,4
TR,Davis,2012,ethnicity,white,3,3.65,4.0,139,63,11,59,27,5
TR,Davis,2012,first_gen_status,first_gen,1,0.3,3.3,311,204,53,46,30,8
TR,Davis,2012,first_gen_status,first_gen,2,3.3,3.65,282,165,23,54,32,4
TR,Davis,2012,first_gen_status,first_gen,3,3.65,4.0,163,53,7,67,22,3
TR,Davis,2012,first_gen_status,not_first_gen,1,0.3,3.3,269,168,41,46,29,7
TR,Davis,2012,first_gen_status,not_first_gen,2,3.3,3.65,266,159,17,54,32,3
TR,Davis,2012,first_gen_status,not_first_gen,3,3.65,4.0,154,73,8,60,28,3
TR,Davis,2012,pell_status,non_pell,1,0.3,3.3,273,144,23,52,27,4
TR,Davis,2012,pell_status,non_pell,2,3.3,3.65,286,132,16,59,27,3
TR,Davis,2012,pell_status,non_pell,3,3.65,4.0,159,54,10,65,22,4
TR,Davis,2012,pell_status,pell,1,0.3,3.3,322,240,73,42,31,10
TR,Davis,2012,pell_status,pell,2,3.3,3.65,285,203,26,50,36,5
TR,Davis,2012,pell_status,pell,3,3.65,4.0,168,79,8,60,28,3
TR,Davis,2013,ethnicity,aian,1,0.32,3.31,8,3,0,57,21,0
TR,Davis,2013,ethnicity,aian,2,3.31,3.66,4,2,0,57,29,0
TR,Davis,2013,ethnicity,aian,3,3.66,4.0,9,3,0,69,23,0
TR,Davis,2013,ethnicity,asian,1,0.32,3.31,237,151,43,48,31,9
TR,Davis,2013,ethnicity,asian,2,3.31,3.66,200,106,16,55,29,4
TR,Davis,2013,ethnicity,asian,3,3.66,4.0,91,58,3,57,36,2
TR,Davis,2013,ethnicity,black,1,0.32,3.31,20,18,8,34,31,14
TR,Davis,2013,ethnicity,black,2,3.31,3.66,15,12,6,41,32,16
TR,Davis,2013,ethnicity,black,3,3.66,4.0,3,3,2,33,33,22
TR,Davis,2013,ethnicity,hispanic_latino,1,0.32,3.31,118,88,22,41,30,8
TR,Davis,2013,ethnicity,hispanic_latino,2,3.31,3.66,101,55,12,54,30,6
TR,Davis,2013,ethnicity,hispanic_latino,3,3.66,4.0,50,20,2,68,27,3
TR,Davis,2013,ethnicity,international,1,0.32,3.31,61,33,5,55,30,5
TR,Davis,2013,ethnicity,international,2,3.31,3.66,86,20,6,70,16,5
TR,Davis,2013,ethnicity,international,3,3.66,4.0,40,16,3,63,25,5
TR,Davis,2013,ethnicity,white,1,0.32,3.31,168,109,25,48,31,7
TR,Davis,2013,ethnicity,white,2,3.31,3.66,233,109,13,58,27,3
TR,Davis,2013,ethnicity,white,3,3.66,4.0,155,87,11,56,31,4
TR,Davis,2013,first_gen_status,first_gen,1,0.32,3.31,326,214,61,45,30,8
TR,Davis,2013,first_gen_status,first_gen,2,3.31,3.66,329,154,28,57,27,5
TR,Davis,2013,first_gen_status,first_gen,3,3.66,4.0,189,94,12,60,30,4
TR,Davis,2013,first_gen_status,not_first_gen,1,0.32,3.31,282,179,38,49,31,7
TR,Davis,2013,first_gen_status,not_first_gen,2,3.31,3.66,316,146,22,59,27,4
TR,Davis,2013,first_gen_status,not_first_gen,3,3.66,4.0,159,92,9,56,32,3
TR,Davis,2013,pell_status,non_pell,1,0.32,3.31,285,137,32,54,26,6
TR,Davis,2013,pell_status,non_pell,2,3.31,3.66,337,122,22,63,23,4
TR,Davis,2013,pell_status,non_pell,3,3.66,4.0,183,78,12,63,27,4
TR,Davis,2013,pell_status,pell,1,0.32,3.31,339,272,72,41,33,9
TR,Davis,2013,pell_status,pell,2,3.31,3.66,322,190,32,53,31,5
TR,Davis,2013,pell_status,pell,3,3.66,4.0,171,112,9,54,35,3
TR,Davis,2014,ethnicity,aian,1,0.82,3.34,3,9,0,21,64,0
TR,Davis,2014,ethnicity,aian,2,3.34,3.68,7,3,1,54,23,8
TR,Davis,2014,ethnicity,aian,3,3.68,4.0,5,0,1,83,0,17
TR,Davis,2014,ethnicity,asian,1,0.82,3.34,179,136,33,44,33,8
TR,Davis,2014,ethnicity,asian,2,3.34,3.68,208,124,11,54,32,3
TR,Davis,2014,ethnicity,asian,3,3.68,4.0,108,52,4,64,31,2
TR,Davis,2014,ethnicity,black,1,0.82,3.34,22,24,8,34,37,12
TR,Davis,2014,ethnicity,black,2,3.34,3.68,13,15,1,35,41,3
TR,Davis,2014,ethnicity,black,3,3.68,4.0,9,5,1,53,29,6
TR,Davis,2014,ethnicity,hispanic_latino,1,0.82,3.34,125,102,18,41,33,6
TR,Davis,2014,ethnicity,hispanic_latino,2,3.34,3.68,97,62,18,46,30,9
TR,Davis,2014,ethnicity,hispanic_latino,3,3.68,4.0,37,24,4,55,36,6
TR,Davis,2014,ethnicity,international,1,0.82,3.34,78,41,4,56,29,3
TR,Davis,2014,ethnicity,international,2,3.34,3.68,96,31,6,64,21,4
TR,Davis,2014,ethnicity,international,3,3.68,4.0,44,18,2,67,27,3
TR,Davis,2014,ethnicity,white,1,0.82,3.34,189,111,20,50,29,5
TR,Davis,2014,ethnicity,white,2,3.34,3.68,224,116,13,56,29,3
TR,Davis,2014,ethnicity,white,3,3.68,4.0,164,61,7,67,25,3
TR,Davis,2014,first_gen_status,first_gen,1,0.82,3.34,297,220,40,43,32,6
TR,Davis,2014,first_gen_status,first_gen,2,3.34,3.68,325,164,29,55,28,5
TR,Davis,2014,first_gen_status,first_gen,3,3.68,4.0,194,83,7,65,28,2
TR,Davis,2014,first_gen_status,not_first_gen,1,0.82,3.34,286,197,36,48,33,6
TR,Davis,2014,first_gen_status,not_first_gen,2,3.34,3.68,312,178,21,53,30,4
TR,Davis,2014,first_gen_status,not_first_gen,3,3.68,4.0,175,79,12,63,29,4
TR,Davis,2014,pell_status,non_pell,1,0.82,3.34,306,170,21,55,31,4
TR,Davis,2014,pell_status,non_pell,2,3.34,3.68,341,137,14,63,25,3
TR,Davis,2014,pell_status,non_pell,3,3.68,4.0,199,62,11,69,22,4
TR,Davis,2014,pell_status,pell,1,0.82,3.34,299,260,62,38,33,8
TR,Davis,2014,pell_status,pell,2,3.34,3.68,312,220,36,46,33,5
TR,Davis,2014,pell_status,pell,3,3.68,4.0,181,102,8,60,34,3
TR,Davis,2015,ethnicity,aian,1,1.4,3.34,5,4,0,50,40,0
TR,Davis,2015,ethnicity,aian,2,3.34,3.68,6,5,0,55,45,0
TR,Davis,2015,ethnicity,aian,3,3.68,4.0,5,0,0,71,0,0
TR,Davis,2015,ethnicity,asian,1,1.4,3.34,182,121,16,50,33,4
TR,Davis,2015,ethnicity,asian,2,3.34,3.68,207,114,12,55,31,3
TR,Davis,2015,ethnicity,asian,3,3.68,4.0,107,36,5,69,23,3
TR,Davis,2015,ethnicity,black,1,1.4,3.34,17,13,4,39,30,9
TR,Davis,2015,ethnicity,black,2,3.34,3.68,24,14,0,52,30,0
TR,Davis,2015,ethnicity,black,3,3.68,4.0,3,6,0,30,60,0
TR,Davis,2015,ethnicity,hispanic_latino,1,1.4,3.34,112,79,25,43,30,10
TR,Davis,2015,ethnicity,hispanic_latino,2,3.34,3.68,86,72,7,48,40,4
TR,Davis,2015,ethnicity,hispanic_latino,3,3.68,4.0,39,23,4,53,32,5
TR,Davis,2015,ethnicity,international,1,1.4,3.34,78,32,6,59,24,5
TR,Davis,2015,ethnicity,international,2,3.34,3.68,126,47,8,64,24,4
TR,Davis,2015,ethnicity,international,3,3.68,4.0,67,18,1,74,20,1
TR,Davis,2015,ethnicity,white,1,1.4,3.34,168,118,15,48,34,4
TR,Davis,2015,ethnicity,white,2,3.34,3.68,206,100,15,58,28,4
TR,Davis,2015,ethnicity,white,3,3.68,4.0,148,56,6,64,24,3
TR,Davis,2015,first_gen_status,first_gen,1,1.4,3.34,301,186,31,49,30,5
TR,Davis,2015,first_gen_status,first_gen,2,3.34,3.68,347,182,23,57,30,4
TR,Davis,2015,first_gen_status,first_gen,3,3.68,4.0,173,63,8,67,24,3
TR,Davis,2015,first_gen_status,not_first_gen,1,1.4,3.34,258,174,29,49,33,5
TR,Davis,2015,first_gen_status,not_first_gen,2,3.34,3.68,300,169,20,55,31,4
TR,Davis,2015,first_gen_status,not_first_gen,3,3.68,4.0,190,78,8,63,26,3
TR,Davis,2015,pell_status,non_pell,1,1.4,3.34,245,142,26,51,30,5
TR,Davis,2015,pell_status,non_pell,2,3.34,3.68,356,135,19,63,24,3
TR,Davis,2015,pell_status,non_pell,3,3.68,4.0,208,64,6,71,22,2
TR,Davis,2015,pell_status,pell,1,1.4,3.34,324,231,40,46,33,6
TR,Davis,2015,pell_status,pell,2,3.34,3.68,313,224,25,50,36,4
TR,Davis,2015,pell_status,pell,3,3.68,4.0,170,81,10,59,28,3
TR,Davis,2016,ethnicity,aian,1,0.36,3.33,4,5,0,27,33,0
TR,Davis,2016,ethnicity,aian,2,3.33,3.68,9,4,1,50,22,6
TR,Davis,2016,ethnicity,aian,3,3.68,4.0,1,2,1,20,40,20
TR,Davis,2016,ethnicity,asian,1,0.36,3.33,243,136,39,49,27,8
TR,Davis,2016,ethnicity,asian,2,3.33,3.68,244,101,21,61,25,5
TR,Davis,2016,ethnicity,asian,3,3.68,4.0,110,51,10,59,28,5
TR,Davis,2016,ethnicity,black,1,0.36,3.33,32,36,12,35,40,13
TR,Davis,2016,ethnicity,black,2,3.33,3.68,19,19,2,38,38,4
TR,Davis,2016,ethnicity,black,3,3.68,4.0,6,3,1,50,25,8
TR,Davis,2016,ethnicity,hispanic_latino,1,0.36,3.33,171,117,24,45,30,6
TR,Davis,2016,ethnicity,hispanic_latino,2,3.33,3.68,135,71,9,55,29,4
TR,Davis,2016,ethnicity,hispanic_latino,3,3.68,4.0,68,22,5,67,22,5
TR,Davis,2016,ethnicity,international,1,0.36,3.33,110,42,5,58,22,3
TR,Davis,2016,ethnicity,international,2,3.33,3.68,153,45,1,69,20,0
TR,Davis,2016,ethnicity,international,3,3.68,4.0,75,12,5,76,12,5
TR,Davis,2016,ethnicity,white,1,0.36,3.33,206,110,41,50,27,10
TR,Davis,2016,ethnicity,white,2,3.33,3.68,220,98,24,58,26,6
TR,Davis,2016,ethnicity,white,3,3.68,4.0,170,58,12,67,23,5
TR,Davis,2016,first_gen_status,first_gen,1,0.36,3.33,402,238,65,48,28,8
TR,Davis,2016,first_gen_status,first_gen,2,3.33,3.68,427,178,25,59,25,3
TR,Davis,2016,first_gen_status,first_gen,3,3.68,4.0,215,61,13,70,20,4
TR,Davis,2016,first_gen_status,not_first_gen,1,0.36,3.33,352,201,54,50,28,8
TR,Davis,2016,first_gen_status,not_first_gen,2,3.33,3.68,348,151,33,60,26,6
TR,Davis,2016,first_gen_status,not_first_gen,3,3.68,4.0,212,91,19,61,26,5
TR,Davis,2016,pell_status,non_pell,1,0.36,3.33,403,171,33,57,24,5
TR,Davis,2016,pell_status,non_pell,2,3.33,3.68,427,152,22,65,23,3
TR,Davis,2016,pell_status,non_pell,3,3.68,4.0,248,82,16,67,22,4
TR,Davis,2016,pell_status,pell,1,0.36,3.33,374,287,91,41,32,10
TR,Davis,2016,pell_status,pell,2,3.33,3.68,368,192,39,53,28,6
TR,Davis,2016,pell_status,pell,3,3.68,4.0,191,75,18,62,24,6
TR,Davis,2017,ethnicity,aian,1,0.3,3.33,9,2,2,64,14,14
TR,Davis,2017,ethnicity,aian,2,3.33,3.69,9,2,3,53,12,18
TR,Davis,2017,ethnicity,aian,3,3.69,4.0,1,1,0,25,25,0
TR,Davis,2017,ethnicity,asian,1,0.3,3.33,224,115,23,53,27,5
TR,Davis,2017,ethnicity,asian,2,3.33,3.69,192,93,25,55,27,7
TR,Davis,2017,ethnicity,asian,3,3.69,4.0,126,39,6,71,22,3
TR,Davis,2017,ethnicity,black,1,0.3,3.33,37,26,6,45,32,7
TR,Davis,2017,ethnicity,black,2,3.33,3.69,20,15,8,38,28,15
TR,Davis,2017,ethnicity,black,3,3.69,4.0,11,4,1,61,22,6
TR,Davis,2017,ethnicity,hispanic_latino,1,0.3,3.33,157,109,33,44,31,9
TR,Davis,2017,ethnicity,hispanic_latino,2,3.33,3.69,140,81,15,52,30,6
TR,Davis,2017,ethnicity,hispanic_latino,3,3.69,4.0,60,30,5,58,29,5
TR,Davis,2017,ethnicity,international,1,0.3,3.33,74,36,9,51,25,6
TR,Davis,2017,ethnicity,international,2,3.33,3.69,154,40,6,72,19,3
TR,Davis,2017,ethnicity,international,3,3.69,4.0,55,15,2,76,21,3
TR,Davis,2017,ethnicity,white,1,0.3,3.33,163,88,32,49,26,10
TR,Davis,2017,ethnicity,white,2,3.33,3.69,213,108,31,55,28,8
TR,Davis,2017,ethnicity,white,3,3.69,4.0,167,67,15,63,25,6
TR,Davis,2017,first_gen_status,first_gen,1,0.3,3.33,346,214,65,46,28,9
TR,Davis,2017,first_gen_status,first_gen,2,3.33,3.69,356,167,40,56,26,6
TR,Davis,2017,first_gen_status,first_gen,3,3.69,4.0,192,62,9,68,22,3
TR,Davis,2017,first_gen_status,not_first_gen,1,0.3,3.33,304,148,40,54,26,7
TR,Davis,2017,first_gen_status,not_first_gen,2,3.33,3.69,363,164,47,57,26,7
TR,Davis,2017,first_gen_status,not_first_gen,3,3.69,4.0,227,93,19,64,26,5
TR,Davis,2017,pell_status,non_pell,1,0.3,3.33,337,133,31,59,23,5
TR,Davis,2017,pell_status,non_pell,2,3.33,3.69,412,147,32,64,23,5
TR,Davis,2017,pell_status,non_pell,3,3.69,4.0,249,85,14,69,24,4
TR,Davis,2017,pell_status,pell,1,0.3,3.33,335,247,76,42,31,10
TR,Davis,2017,pell_status,pell,2,3.33,3.69,329,197,56,49,30,8
TR,Davis,2017,pell_status,pell,3,3.69,4.0,180,75,15,62,26,5
TR,Davis,2018,ethnicity,aian,1,0.32,3.34,1,6,0,14,86,0
TR,Davis,2018,ethnicity,aian,2,3.34,3.7,3,4,0,33,44,0
TR,Davis,2018,ethnicity,aian,3,3.7,4.0,2,0,0,67,0,0
TR,Davis,2018,ethnicity,asian,1,0.32,3.34,147,117,15,45,36,5
TR,Davis,2018,ethnicity,asian,2,3.34,3.7,237,97,15,61,25,4
TR,Davis,2018,ethnicity,asian,3,3.7,4.0,132,37,2,73,20,1
TR,Davis,2018,ethnicity,black,1,0.32,3.34,33,20,8,43,26,11
TR,Davis,2018,ethnicity,black,2,3.34,3.7,26,10,4,62,24,10
TR,Davis,2018,ethnicity,black,3,3.7,4.0,10,5,1,59,29,6
TR,Davis,2018,ethnicity,hispanic_latino,1,0.32,3.34,121,78,20,48,31,8
TR,Davis,2018,ethnicity,hispanic_latino,2,3.34,3.7,157,72,9,58,27,3
TR,Davis,2018,ethnicity,hispanic_latino,3,3.7,4.0,77,27,2,66,23,2
TR,Davis,2018,ethnicity,international,1,0.32,3.34,67,41,6,51,31,5
TR,Davis,2018,ethnicity,international,2,3.34,3.7,146,40,1,71,19,0
TR,Davis,2018,ethnicity,international,3,3.7,4.0,71,28,6,66,26,6
TR,Davis,2018,ethnicity,white,1,0.32,3.34,160,80,9,55,28,3
TR,Davis,2018,ethnicity,white,2,3.34,3.7,225,79,18,63,22,5
TR,Davis,2018,ethnicity,white,3,3.7,4.0,176,56,11,68,22,4
TR,Davis,2018,first_gen_status,first_gen,1,0.32,3.34,270,200,40,46,34,7
TR,Davis,2018,first_gen_status,first_gen,2,3.34,3.7,402,173,24,61,26,4
TR,Davis,2018,first_gen_status,first_gen,3,3.7,4.0,230,62,9,73,20,3
TR,Davis,2018,first_gen_status,not_first_gen,1,0.32,3.34,239,134,19,52,29,4
TR,Davis,2018,first_gen_status,not_first_gen,2,3.34,3.7,378,125,24,63,21,4
TR,Davis,2018,first_gen_status,not_first_gen,3,3.7,4.0,245,85,13,67,23,4
TR,Davis,2018,pell_status,non_pell,1,0.32,3.34,259,130,14,56,28,3
TR,Davis,2018,pell_status,non_pell,2,3.34,3.7,438,136,12,67,21,2
TR,Davis,2018,pell_status,non_pell,3,3.7,4.0,281,82,12,71,21,3
TR,Davis,2018,pell_status,pell,1,0.32,3.34,279,220,45,44,35,7
TR,Davis,2018,pell_status,pell,2,3.34,3.7,365,172,36,57,27,6
TR,Davis,2018,pell_status,pell,3,3.7,4.0,204,73,10,66,23,3
TR,Davis,2019,ethnicity,aian,1,0.32,3.38,3,0,0,43,0,0
TR,Davis,2019,ethnicity,aian,2,3.38,3.73,2,1,1,40,20,20
TR,Davis,2019,ethnicity,aian,3,3.73,4.0,4,2,0,57,29,0
TR,Davis,2019,ethnicity,asian,1,0.32,3.38,196,104,12,54,28,3
TR,Davis,2019,ethnicity,asian,2,3.38,3.73,244,77,12,68,21,3
TR,Davis,2019,ethnicity,asian,3,3.73,4.0,122,38,3,70,22,2
TR,Davis,2019,ethnicity,black,1,0.32,3.38,30,18,6,42,25,8
TR,Davis,2019,ethnicity,black,2,3.38,3.73,35,10,3,59,17,5
TR,Davis,2019,ethnicity,black,3,3.73,4.0,12,3,0,63,16,0
TR,Davis,2019,ethnicity,hispanic_latino,1,0.32,3.38,167,88,19,52,27,6
TR,Davis,2019,ethnicity,hispanic_latino,2,3.38,3.73,157,55,14,62,22,6
TR,Davis,2019,ethnicity,hispanic_latino,3,3.73,4.0,84,25,3,67,20,2
TR,Davis,2019,ethnicity,international,1,0.32,3.38,101,32,4,58,18,2
TR,Davis,2019,ethnicity,international,2,3.38,3.73,109,33,9,66,20,5
TR,Davis,2019,ethnicity,international,3,3.73,4.0,53,11,1,72,15,1
TR,Davis,2019,ethnicity,white,1,0.32,3.38,147,81,16,52,28,6
TR,Davis,2019,ethnicity,white,2,3.38,3.73,216,63,20,64,19,6
TR,Davis,2019,ethnicity,white,3,3.73,4.0,154,49,17,65,21,7
TR,Davis,2019,first_gen_status,first_gen,1,0.32,3.38,341,174,26,53,27,4
TR,Davis,2019,first_gen_status,first_gen,2,3.38,3.73,385,123,23,64,21,4
TR,Davis,2019,first_gen_status,first_gen,3,3.73,4.0,204,57,12,68,19,4
TR,Davis,2019,first_gen_status,not_first_gen,1,0.32,3.38,276,136,31,52,26,6
TR,Davis,2019,first_gen_status,not_first_gen,2,3.38,3.73,363,116,36,65,21,6
TR,Davis,2019,first_gen_status,not_first_gen,3,3.73,4.0,222,74,10,66,22,3
TR,Davis,2019,pell_status,non_pell,1,0.32,3.38,357,131,13,61,22,2
TR,Davis,2019,pell_status,non_pell,2,3.38,3.73,442,109,26,71,18,4
TR,Davis,2019,pell_status,non_pell,3,3.73,4.0,248,56,11,72,16,3
TR,Davis,2019,pell_status,pell,1,0.32,3.38,295,195,45,45,30,7
TR,Davis,2019,pell_status,pell,2,3.38,3.73,328,134,34,58,24,6
TR,Davis,2019,pell_status,pell,3,3.73,4.0,187,77,13,61,25,4
TR,Davis,2020,ethnicity,aian,1,1.25,3.39,1,1,1,25,25,25
TR,Davis,2020,ethnicity,aian,2,3.39,3.74,3,1,0,60,20,0
TR,Davis,2020,ethnicity,aian,3,3.74,4.0,2,1,1,40,20,20
TR,Davis,2020,ethnicity,asian,1,1.25,3.39,188,84,21,57,26,6
TR,Davis,2020,ethnicity,asian,2,3.39,3.74,255,113,17,62,27,4
TR,Davis,2020,ethnicity,asian,3,3.74,4.0,173,48,6,71,20,2
TR,Davis,2020,ethnicity,black,1,1.25,3.39,42,13,6,53,16,8
TR,Davis,2020,ethnicity,black,2,3.39,3.74,27,6,4,59,13,9
TR,Davis,2020,ethnicity,black,3,3.74,4.0,11,11,0,46,46,0
TR,Davis,2020,ethnicity,hispanic_latino,1,1.25,3.39,128,76,21,46,27,8
TR,Davis,2020,ethnicity,hispanic_latino,2,3.39,3.74,179,57,6,64,20,2
TR,Davis,2020,ethnicity,hispanic_latino,3,3.74,4.0,72,20,3,71,20,3
TR,Davis,2020,ethnicity,international,1,1.25,3.39,70,37,11,46,25,7
TR,Davis,2020,ethnicity,international,2,3.39,3.74,66,28,9,57,24,8
TR,Davis,2020,ethnicity,international,3,3.74,4.0,42,12,3,69,20,5
TR,Davis,2020,ethnicity,white,1,1.25,3.39,138,66,12,50,24,4
TR,Davis,2020,ethnicity,white,2,3.39,3.74,206,68,9,65,21,3
TR,Davis,2020,ethnicity,white,3,3.74,4.0,163,47,4,68,20,2
TR,Davis,2020,first_gen_status,first_gen,1,1.25,3.39,312,148,37,52,25,6
TR,Davis,2020,first_gen_status,first_gen,2,3.39,3.74,392,139,25,62,22,4
TR,Davis,2020,first_gen_status,first_gen,3,3.74,4.0,188,52,5,69,19,2
TR,Davis,2020,first_gen_status,not_first_gen,1,1.25,3.39,254,135,34,50,26,7
TR,Davis,2020,first_gen_status,not_first_gen,2,3.39,3.74,352,133,21,64,24,4
TR,Davis,2020,first_gen_status,not_first_gen,3,3.74,4.0,274,94,14,67,23,3
TR,Davis,2020,pell_status,non_pell,1,1.25,3.39,292,126,34,54,23,6
TR,Davis,2020,pell_status,non_pell,2,3.39,3.74,376,134,24,64,23,4
TR,Davis,2020,pell_status,non_pell,3,3.74,4.0,289,65,11,73,16,3
TR,Davis,2020,pell_status,pell,1,1.25,3.39,289,161,40,48,27,7
TR,Davis,2020,pell_status,pell,2,3.39,3.74,380,142,22,62,23,4
TR,Davis,2020,pell_status,pell,3,3.74,4.0,186,84,8,61,27,3
TR,Davis,2021,ethnicity,aian,1,1.0,3.5,1,0,1,50,0,50
TR,Davis,2021,ethnicity,aian,2,3.5,3.82,0,1,0,0,50,0
TR,Davis,2021,ethnicity,aian,3,3.82,4.0,2,1,0,67,33,0
TR,Davis,2021,ethnicity,asian,1,1.0,3.5,197,77,17,58,23,5
TR,Davis,2021,ethnicity,asian,2,3.5,3.82,249,82,18,65,21,5
TR,Davis,2021,ethnicity,asian,3,3.82,4.0,193,45,6,74,17,2
TR,Davis,2021,ethnicity,black,1,1.0,3.5,34,24,4,43,30,5
TR,Davis,2021,ethnicity,black,2,3.5,3.82,22,18,4,46,38,8
TR,Davis,2021,ethnicity,black,3,3.82,4.0,11,5,0,65,29,0
TR,Davis,2021,ethnicity,hispanic_latino,1,1.0,3.5,195,83,18,57,24,5
TR,Davis,2021,ethnicity,hispanic_latino,2,3.5,3.82,165,50,7,69,21,3
TR,Davis,2021,ethnicity,hispanic_latino,3,3.82,4.0,80,17,0,75,16,0
TR,Davis,2021,ethnicity,international,1,1.0,3.5,51,25,7,53,26,7
TR,Davis,2021,ethnicity,international,2,3.5,3.82,40,13,3,63,21,5
TR,Davis,2021,ethnicity,international,3,3.82,4.0,40,5,0,85,11,0
TR,Davis,2021,ethnicity,white,1,1.0,3.5,166,71,16,58,25,6
TR,Davis,2021,ethnicity,white,2,3.5,3.82,203,72,11,67,24,4
TR,Davis,2021,ethnicity,white,3,3.82,4.0,148,32,5,75,16,3
TR,Davis,2021,first_gen_status,first_gen,1,1.0,3.5,360,144,31,57,23,5
TR,Davis,2021,first_gen_status,first_gen,2,3.5,3.82,331,106,17,67,21,3
TR,Davis,2021,first_gen_status,first_gen,3,3.82,4.0,210,42,3,78,16,1
TR,Davis,2021,first_gen_status,not_first_gen,1,1.0,3.5,280,131,32,55,26,6
TR,Davis,2021,first_gen_status,not_first_gen,2,3.5,3.82,343,126,27,64,23,5
TR,Davis,2021,first_gen_status,not_first_gen,3,3.82,4.0,273,65,8,73,17,2
TR,Davis,2021,pell_status,non_pell,1,1.0,3.5,312,103,25,62,20,5
TR,Davis,2021,pell_status,non_pell,2,3.5,3.82,364,109,17,69,21,3
TR,Davis,2021,pell_status,non_pell,3,3.82,4.0,298,55,2,79,15,1
TR,Davis,2021,pell_status,pell,1,1.0,3.5,340,181,38,52,28,6
TR,Davis,2021,pell_status,pell,2,3.5,3.82,327,128,27,62,24,5
TR,Davis,2021,pell_status,pell,3,3.82,4.0,188,56,9,68,20,3
TR,Irvine,2010,ethnicity,aian,1,0.33,3.25,2,2,0,40,40,0
TR,Irvine,2010,ethnicity,aian,2,3.25,3.63,5,1,0,56,11,0
TR,Irvine,2010,ethnicity,aian,3,3.63,4.0,2,1,0,67,33,0
TR,Irvine,2010,ethnicity,asian,1,0.33,3.25,125,91,12,45,33,4
TR,Irvine,2010,ethnicity,asian,2,3.25,3.63,171,76,13,61,27,5
TR,Irvine,2010,ethnicity,asian,3,3.63,4.0,73,46,1,59,37,1
TR,Irvine,2010,ethnicity,black,1,0.33,3.25,6,10,1,26,43,4
TR,Irvine,2010,ethnicity,black,2,3.25,3.63,10,8,1,50,40,5
TR,Irvine,2010,ethnicity,black,3,3.63,4.0,2,1,0,33,17,0
TR,Irvine,2010,ethnicity,hispanic_latino,1,0.33,3.25,72,45,8,46,28,5
TR,Irvine,2010,ethnicity,hispanic_latino,2,3.25,3.63,73,42,4,57,33,3
TR,Irvine,2010,ethnicity,hispanic_latino,3,3.63,4.0,22,7,1,67,21,3
TR,Irvine,2010,ethnicity,international,1,0.33,3.25,22,15,1,48,33,2
TR,Irvine,2010,ethnicity,international,2,3.25,3.63,36,15,1,64,27,2
TR,Irvine,2010,ethnicity,international,3,3.63,4.0,25,6,0,81,19,0
TR,Irvine,2010,ethnicity,white,1,0.33,3.25,92,47,7,54,27,4
TR,Irvine,2010,ethnicity,white,2,3.25,3.63,150,64,5,61,26,2
TR,Irvine,2010,ethnicity,white,3,3.63,4.0,68,31,4,61,28,4
TR,Irvine,2010,first_gen_status,first_gen,1,0.33,3.25,171,100,17,48,28,5
TR,Irvine,2010,first_gen_status,first_gen,2,3.25,3.63,223,93,9,62,26,3
TR,Irvine,2010,first_gen_status,first_gen,3,3.63,4.0,87,43,2,61,30,1
TR,Irvine,2010,first_gen_status,not_first_gen,1,0.33,3.25,152,101,12,47,31,4
TR,Irvine,2010,first_gen_status,not_first_gen,2,3.25,3.63,222,102,10,60,28,3
TR,Irvine,2010,first_gen_status,not_first_gen,3,3.63,4.0,101,46,3,64,29,2
TR,Irvine,2010,pell_status,non_pell,1,0.33,3.25,160,74,8,54,25,3
TR,Irvine,2010,pell_status,non_pell,2,3.25,3.63,241,76,6,67,21,2
TR,Irvine,2010,pell_status,non_pell,3,3.63,4.0,119,38,3,70,22,2
TR,Irvine,2010,pell_status,pell,1,0.33,3.25,181,149,22,41,34,5
TR,Irvine,2010,pell_status,pell,2,3.25,3.63,229,143,18,53,33,4
TR,Irvine,2010,pell_status,pell,3,3.63,4.0,88,62,4,52,37,2
TR,Irvine,2011,ethnicity,aian,1,0.31,3.27,2,2,0,40,40,0
TR,Irvine,2011,ethnicity,aian,2,3.27,3.63,6,3,0,67,33,0
TR,Irvine,2011,ethnicity,aian,3,3.63,4.0,2,0,0,100,0,0
TR,Irvine,2011,ethnicity,asian,1,0.31,3.27,94,83,12,44,39,6
TR,Irvine,2011,ethnicity,asian,2,3.27,3.63,162,101,6,55,34,2
TR,Irvine,2011,ethnicity,asian,3,3.63,4.0,85,54,3,56,36,2
TR,Irvine,2011,ethnicity,black,1,0.31,3.27,6,10,1,23,38,4
TR,Irvine,2011,ethnicity,black,2,3.27,3.63,7,11,2,33,52,10
TR,Irvine,2011,ethnicity,black,3,3.63,4.0,6,3,0,55,27,0
TR,Irvine,2011,ethnicity,hispanic_latino,1,0.31,3.27,45,41,6,41,37,5
TR,Irvine,2011,ethnicity,hispanic_latino,2,3.27,3.63,64,53,4,47,39,3
TR,Irvine,2011,ethnicity,hispanic_latino,3,3.63,4.0,38,19,0,61,31,0
TR,Irvine,2011,ethnicity,international,1,0.31,3.27,37,15,2,55,22,3
TR,Irvine,2011,ethnicity,international,2,3.27,3.63,28,15,0,60,32,0
TR,Irvine,2011,ethnicity,international,3,3.63,4.0,32,7,1,76,17,2
TR,Irvine,2011,ethnicity,white,1,0.31,3.27,58,47,11,43,35,8
TR,Irvine,2011,ethnicity,white,2,3.27,3.63,109,83,5,50,38,2
TR,Irvine,2011,ethnicity,white,3,3.63,4.0,76,40,3,60,32,2
TR,Irvine,2011,first_gen_status,first_gen,1,0.31,3.27,131,114,21,42,37,7
TR,Irvine,2011,first_gen_status,first_gen,2,3.27,3.63,188,144,10,49,38,3
TR,Irvine,2011,first_gen_status,first_gen,3,3.63,4.0,108,59,2,60,33,1
TR,Irvine,2011,first_gen_status,not_first_gen,1,0.31,3.27,107,82,12,44,34,5
TR,Irvine,2011,first_gen_status,not_first_gen,2,3.27,3.63,189,121,8,54,35,2
TR,Irvine,2011,first_gen_status,not_first_gen,3,3.63,4.0,126,66,4,60,32,2
TR,Irvine,2011,pell_status,non_pell,1,0.31,3.27,121,62,13,52,27,6
TR,Irvine,2011,pell_status,non_pell,2,3.27,3.63,180,89,4,61,30,1
TR,Irvine,2011,pell_status,non_pell,3,3.63,4.0,128,44,4,68,23,2
TR,Irvine,2011,pell_status,pell,1,0.31,3.27,128,139,20,38,41,6
TR,Irvine,2011,pell_status,pell,2,3.27,3.63,209,185,15,46,41,3
TR,Irvine,2011,pell_status,pell,3,3.63,4.0,117,86,3,53,39,1
TR,Irvine,2012,ethnicity,aian,1,0.3,3.3,2,1,0,50,25,0
TR,Irvine,2012,ethnicity,aian,2,3.3,3.65,7,2,0,70,20,0
TR,Irvine,2012,ethnicity,aian,3,3.65,4.0,4,4,0,44,44,0
TR,Irvine,2012,ethnicity,asian,1,0.3,3.3,99,67,8,47,32,4
TR,Irvine,2012,ethnicity,asian,2,3.3,3.65,165,93,8,58,33,3
TR,Irvine,2012,ethnicity,asian,3,3.65,4.0,96,49,1,65,33,1
TR,Irvine,2012,ethnicity,black,1,0.3,3.3,8,4,5,42,21,26
TR,Irvine,2012,ethnicity,black,2,3.3,3.65,7,10,3,29,42,13
TR,Irvine,2012,ethnicity,black,3,3.65,4.0,2,2,0,40,40,0
TR,Irvine,2012,ethnicity,hispanic_latino,1,0.3,3.3,63,37,6,50,30,5
TR,Irvine,2012,ethnicity,hispanic_latino,2,3.3,3.65,76,52,3,52,36,2
TR,Irvine,2012,ethnicity,hispanic_latino,3,3.65,4.0,32,14,1,63,27,2
TR,Irvine,2012,ethnicity,international,1,0.3,3.3,30,21,5,45,32,8
TR,Irvine,2012,ethnicity,international,2,3.3,3.65,36,16,3,57,25,5
TR,Irvine,2012,ethnicity,international,3,3.65,4.0,24,4,0,80,13,0
TR,Irvine,2012,ethnicity,white,1,0.3,3.3,75,45,4,53,32,3
TR,Irvine,2012,ethnicity,white,2,3.3,3.65,114,62,4,55,30,2
TR,Irvine,2012,ethnicity,white,3,3.65,4.0,68,38,6,55,31,5
TR,Irvine,2012,first_gen_status,first_gen,1,0.3,3.3,146,100,16,48,33,5
TR,Irvine,2012,first_gen_status,first_gen,2,3.3,3.65,233,130,10,57,32,2
TR,Irvine,2012,first_gen_status,first_gen,3,3.65,4.0,113,50,5,65,29,3
TR,Irvine,2012,first_gen_status,not_first_gen,1,0.3,3.3,130,71,12,51,28,5
TR,Irvine,2012,first_gen_status,not_first_gen,2,3.3,3.65,174,100,10,55,31,3
TR,Irvine,2012,first_gen_status,not_first_gen,3,3.65,4.0,119,58,3,61,30,2
TR,Irvine,2012,pell_status,non_pell,1,0.3,3.3,132,62,9,55,26,4
TR,Irvine,2012,pell_status,non_pell,2,3.3,3.65,198,65,7,65,21,2
TR,Irvine,2012,pell_status,non_pell,3,3.65,4.0,124,38,2,73,22,1
TR,Irvine,2012,pell_status,pell,1,0.3,3.3,151,116,19,45,34,6
TR,Irvine,2012,pell_status,pell,2,3.3,3.65,218,173,14,49,39,3
TR,Irvine,2012,pell_status,pell,3,3.65,4.0,113,75,6,54,36,3
TR,Irvine,2013,ethnicity,aian,1,0.32,3.31,1,0,1,50,0,50
TR,Irvine,2013,ethnicity,aian,2,3.31,3.66,1,1,0,25,25,0
TR,Irvine,2013,ethnicity,aian,3,3.66,4.0,2,0,0,100,0,0
TR,Irvine,2013,ethnicity,asian,1,0.32,3.31,132,75,10,53,30,4
TR,Irvine,2013,ethnicity,asian,2,3.31,3.66,150,109,5,53,39,2
TR,Irvine,2013,ethnicity,asian,3,3.66,4.0,60,53,2,46,41,2
TR,Irvine,2013,ethnicity,black,1,0.32,3.31,16,9,3,47,26,9
TR,Irvine,2013,ethnicity,black,2,3.31,3.66,12,9,2,48,36,8
TR,Irvine,2013,ethnicity,black,3,3.66,4.0,7,2,0,78,22,0
TR,Irvine,2013,ethnicity,hispanic_latino,1,0.32,3.31,95,70,7,47,34,3
TR,Irvine,2013,ethnicity,hispanic_latino,2,3.31,3.66,85,62,4,52,38,2
TR,Irvine,2013,ethnicity,hispanic_latino,3,3.66,4.0,33,23,0,56,39,0
TR,Irvine,2013,ethnicity,international,1,0.32,3.31,40,30,7,44,33,8
TR,Irvine,2013,ethnicity,international,2,3.31,3.66,52,34,2,54,35,2
TR,Irvine,2013,ethnicity,international,3,3.66,4.0,22,11,2,59,30,5
TR,Irvine,2013,ethnicity,white,1,0.32,3.31,111,66,6,52,31,3
TR,Irvine,2013,ethnicity,white,2,3.31,3.66,125,74,5,57,34,2
TR,Irvine,2013,ethnicity,white,3,3.66,4.0,84,44,3,61,32,2
TR,Irvine,2013,first_gen_status,first_gen,1,0.32,3.31,215,146,12,49,33,3
TR,Irvine,2013,first_gen_status,first_gen,2,3.31,3.66,204,147,7,53,38,2
TR,Irvine,2013,first_gen_status,first_gen,3,3.66,4.0,109,70,6,56,36,3
TR,Irvine,2013,first_gen_status,not_first_gen,1,0.32,3.31,174,99,21,51,29,6
TR,Irvine,2013,first_gen_status,not_first_gen,2,3.31,3.66,212,139,13,54,35,3
TR,Irvine,2013,first_gen_status,not_first_gen,3,3.66,4.0,92,65,1,53,38,1
TR,Irvine,2013,pell_status,non_pell,1,0.32,3.31,177,86,15,55,27,5
TR,Irvine,2013,pell_status,non_pell,2,3.31,3.66,207,102,6,61,30,2
TR,Irvine,2013,pell_status,non_pell,3,3.66,4.0,106,53,4,61,31,2
TR,Irvine,2013,pell_status,pell,1,0.32,3.31,223,167,19,46,35,4
TR,Irvine,2013,pell_status,pell,2,3.31,3.66,228,196,15,48,41,3
TR,Irvine,2013,pell_status,pell,3,3.66,4.0,104,86,3,50,41,1
TR,Irvine,2014,ethnicity,aian,1,0.82,3.34,1,0,1,25,0,25
TR,Irvine,2014,ethnicity,aian,2,3.34,3.68,4,1,0,80,20,0
TR,Irvine,2014,ethnicity,aian,3,3.68,4.0,0,1,0,0,100,0
TR,Irvine,2014,ethnicity,asian,1,0.82,3.34,128,77,14,49,30,5
TR,Irvine,2014,ethnicity,asian,2,3.34,3.68,153,108,7,51,36,2
TR,Irvine,2014,ethnicity,asian,3,3.68,4.0,79,45,6,58,33,4
TR,Irvine,2014,ethnicity,black,1,0.82,3.34,8,12,3,30,44,11
TR,Irvine,2014,ethnicity,black,2,3.34,3.68,12,13,1,43,46,4
TR,Irvine,2014,ethnicity,black,3,3.68,4.0,5,5,0,50,50,0
TR,Irvine,2014,ethnicity,hispanic_latino,1,0.82,3.34,84,74,9,40,35,4
TR,Irvine,2014,ethnicity,hispanic_latino,2,3.34,3.68,86,60,7,50,35,4
TR,Irvine,2014,ethnicity,hispanic_latino,3,3.68,4.0,33,23,0,57,40,0
TR,Irvine,2014,ethnicity,international,1,0.82,3.34,44,23,2,52,27,2
TR,Irvine,2014,ethnicity,international,2,3.34,3.68,70,30,3,57,25,2
TR,Irvine,2014,ethnicity,international,3,3.68,4.0,30,8,2,70,19,5
TR,Irvine,2014,ethnicity,white,1,0.82,3.34,95,79,9,47,39,4
TR,Irvine,2014,ethnicity,white,2,3.34,3.68,108,71,11,52,34,5
TR,Irvine,2014,ethnicity,white,3,3.68,4.0,66,29,4,61,27,4
TR,Irvine,2014,first_gen_status,first_gen,1,0.82,3.34,188,153,22,44,36,5
TR,Irvine,2014,first_gen_status,first_gen,2,3.34,3.68,222,148,10,51,34,2
TR,Irvine,2014,first_gen_status,first_gen,3,3.68,4.0,103,61,5,57,34,3
TR,Irvine,2014,first_gen_status,not_first_gen,1,0.82,3.34,169,108,15,49,31,4
TR,Irvine,2014,first_gen_status,not_first_gen,2,3.34,3.68,203,133,19,52,34,5
TR,Irvine,2014,first_gen_status,not_first_gen,3,3.68,4.0,109,51,8,62,29,5
TR,Irvine,2014,pell_status,non_pell,1,0.82,3.34,168,86,12,54,28,4
TR,Irvine,2014,pell_status,non_pell,2,3.34,3.68,208,100,9,58,28,3
TR,Irvine,2014,pell_status,non_pell,3,3.68,4.0,108,44,6,66,27,4
TR,Irvine,2014,pell_status,pell,1,0.82,3.34,201,185,26,41,38,5
TR,Irvine,2014,pell_status,pell,2,3.34,3.68,229,191,22,47,39,4
TR,Irvine,2014,pell_status,pell,3,3.68,4.0,112,71,7,55,35,3
TR,Irvine,2015,ethnicity,aian,1,1.4,3.34,1,3,0,20,60,0
TR,Irvine,2015,ethnicity,aian,2,3.34,3.68,2,1,0,67,33,0
TR,Irvine,2015,ethnicity,aian,3,3.68,4.0,2,2,0,40,40,0
TR,Irvine,2015,ethnicity,asian,1,1.4,3.34,124,59,6,56,26,3
TR,Irvine,2015,ethnicity,asian,2,3.34,3.68,132,100,8,51,38,3
TR,Irvine,2015,ethnicity,asian,3,3.68,4.0,80,54,5,54,36,3
TR,Irvine,2015,ethnicity,black,1,1.4,3.34,12,10,3,35,29,9
TR,Irvine,2015,ethnicity,black,2,3.34,3.68,16,8,1,59,30,4
TR,Irvine,2015,ethnicity,black,3,3.68,4.0,3,2,0,60,40,0
TR,Irvine,2015,ethnicity,hispanic_latino,1,1.4,3.34,81,50,8,49,30,5
TR,Irvine,2015,ethnicity,hispanic_latino,2,3.34,3.68,77,57,3,51,38,2
TR,Irvine,2015,ethnicity,hispanic_latino,3,3.68,4.0,43,21,1,61,30,1
TR,Irvine,2015,ethnicity,international,1,1.4,3.34,64,37,2,51,30,2
TR,Irvine,2015,ethnicity,international,2,3.34,3.68,87,28,0,67,22,0
TR,Irvine,2015,ethnicity,international,3,3.68,4.0,51,14,2,75,21,3
TR,Irvine,2015,ethnicity,white,1,1.4,3.34,79,37,13,51,24,8
TR,Irvine,2015,ethnicity,white,2,3.34,3.68,101,72,5,52,37,3
TR,Irvine,2015,ethnicity,white,3,3.68,4.0,80,45,5,58,33,4
TR,Irvine,2015,first_gen_status,first_gen,1,1.4,3.34,213,113,16,52,28,4
TR,Irvine,2015,first_gen_status,first_gen,2,3.34,3.68,212,135,10,54,35,3
TR,Irvine,2015,first_gen_status,first_gen,3,3.68,4.0,114,67,5,56,33,2
TR,Irvine,2015,first_gen_status,not_first_gen,1,1.4,3.34,145,79,17,50,27,6
TR,Irvine,2015,first_gen_status,not_first_gen,2,3.34,3.68,190,125,7,53,35,2
TR,Irvine,2015,first_gen_status,not_first_gen,3,3.68,4.0,143,67,8,64,30,4
TR,Irvine,2015,pell_status,non_pell,1,1.4,3.34,180,82,5,57,26,2
TR,Irvine,2015,pell_status,non_pell,2,3.34,3.68,226,96,6,63,27,2
TR,Irvine,2015,pell_status,non_pell,3,3.68,4.0,147,50,7,68,23,3
TR,Irvine,2015,pell_status,pell,1,1.4,3.34,189,121,28,46,30,7
TR,Irvine,2015,pell_status,pell,2,3.34,3.68,198,177,13,46,41,3
TR,Irvine,2015,pell_status,pell,3,3.68,4.0,119,88,6,53,39,3
TR,Irvine,2016,ethnicity,aian,1,0.36,3.33,4,0,0,67,0,0
TR,Irvine,2016,ethnicity,aian,2,3.33,3.68,2,1,0,50,25,0
TR,Irvine,2016,ethnicity,asian,1,0.36,3.33,151,82,13,52,28,4
TR,Irvine,2016,ethnicity,asian,2,3.33,3.68,178,146,20,47,39,5
TR,Irvine,2016,ethnicity,asian,3,3.68,4.0,124,68,5,59,32,2
TR,Irvine,2016,ethnicity,black,1,0.36,3.33,24,13,2,52,28,4
TR,Irvine,2016,ethnicity,black,2,3.33,3.68,9,8,3,41,36,14
TR,Irvine,2016,ethnicity,black,3,3.68,4.0,10,7,2,48,33,10
TR,Irvine,2016,ethnicity,hispanic_latino,1,0.36,3.33,130,79,9,49,30,3
TR,Irvine,2016,ethnicity,hispanic_latino,2,3.33,3.68,111,84,7,50,38,3
TR,Irvine,2016,ethnicity,hispanic_latino,3,3.68,4.0,50,27,1,60,33,1
TR,Irvine,2016,ethnicity,international,1,0.36,3.33,49,15,0,65,20,0
TR,Irvine,2016,ethnicity,international,2,3.33,3.68,96,32,7,62,21,5
TR,Irvine,2016,ethnicity,international,3,3.68,4.0,74,18,0,78,19,0
TR,Irvine,2016,ethnicity,white,1,0.36,3.33,103,32,9,61,19,5
TR,Irvine,2016,ethnicity,white,2,3.33,3.68,98,81,8,48,40,4
TR,Irvine,2016,ethnicity,white,3,3.68,4.0,102,43,7,63,27,4
TR,Irvine,2016,first_gen_status,first_gen,1,0.36,3.33,248,123,20,51,25,4
TR,Irvine,2016,first_gen_status,first_gen,2,3.33,3.68,259,200,24,48,37,4
TR,Irvine,2016,first_gen_status,first_gen,3,3.68,4.0,160,87,10,59,32,4
TR,Irvine,2016,first_gen_status,not_first_gen,1,0.36,3.33,199,87,13,58,25,4
TR,Irvine,2016,first_gen_status,not_first_gen,2,3.33,3.68,223,151,20,52,35,5
TR,Irvine,2016,first_gen_status,not_first_gen,3,3.68,4.0,192,74,4,67,26,1
TR,Irvine,2016,pell_status,non_pell,1,0.36,3.33,213,77,8,61,22,2
TR,Irvine,2016,pell_status,non_pell,2,3.33,3.68,269,121,16,60,27,4
TR,Irvine,2016,pell_status,non_pell,3,3.68,4.0,220,70,6,70,22,2
TR,Irvine,2016,pell_status,pell,1,0.36,3.33,258,144,25,50,28,5
TR,Irvine,2016,pell_status,pell,2,3.33,3.68,232,245,29,41,44,5
TR,Irvine,2016,pell_status,pell,3,3.68,4.0,154,98,9,56,35,3
TR,Irvine,2017,ethnicity,aian,1,0.3,3.33,3,0,1,75,0,25
TR,Irvine,2017,ethnicity,aian,2,3.33,3.69,2,2,1,40,40,20
TR,Irvine,2017,ethnicity,asian,1,0.3,3.33,137,82,16,49,30,6
TR,Irvine,2017,ethnicity,asian,2,3.33,3.69,222,163,21,49,36,5
TR,Irvine,2017,ethnicity,asian,3,3.69,4.0,198,84,6,65,28,2
TR,Irvine,2017,ethnicity,black,1,0.3,3.33,19,14,3,40,30,6
TR,Irvine,2017,ethnicity,black,2,3.33,3.69,20,6,1,67,20,3
TR,Irvine,2017,ethnicity,black,3,3.69,4.0,9,3,0,69,23,0
TR,Irvine,2017,ethnicity,hispanic_latino,1,0.3,3.33,160,87,12,53,29,4
TR,Irvine,2017,ethnicity,hispanic_latino,2,3.33,3.69,143,103,12,50,36,4
TR,Irvine,2017,ethnicity,hispanic_latino,3,3.69,4.0,42,35,2,48,40,2
TR,Irvine,2017,ethnicity,international,1,0.3,3.33,48,19,3,61,24,4
TR,Irvine,2017,ethnicity,international,2,3.33,3.69,124,26,3,70,15,2
TR,Irvine,2017,ethnicity,international,3,3.69,4.0,115,17,1,83,12,1
TR,Irvine,2017,ethnicity,white,1,0.3,3.33,100,55,9,49,27,4
TR,Irvine,2017,ethnicity,white,2,3.33,3.69,155,98,10,54,34,3
TR,Irvine,2017,ethnicity,white,3,3.69,4.0,114,64,8,58,33,4
TR,Irvine,2017,first_gen_status,first_gen,1,0.3,3.33,284,157,19,52,29,3
TR,Irvine,2017,first_gen_status,first_gen,2,3.33,3.69,346,197,29,54,31,5
TR,Irvine,2017,first_gen_status,first_gen,3,3.69,4.0,217,106,7,61,30,2
TR,Irvine,2017,first_gen_status,not_first_gen,1,0.3,3.33,179,95,21,52,27,6
TR,Irvine,2017,first_gen_status,not_first_gen,2,3.33,3.69,313,194,15,54,34,3
TR,Irvine,2017,first_gen_status,not_first_gen,3,3.69,4.0,257,96,10,68,25,3
TR,Irvine,2017,pell_status,non_pell,1,0.3,3.33,217,88,14,59,24,4
TR,Irvine,2017,pell_status,non_pell,2,3.33,3.69,367,160,12,61,27,2
TR,Irvine,2017,pell_status,non_pell,3,3.69,4.0,295,76,5,74,19,1
TR,Irvine,2017,pell_status,pell,1,0.3,3.33,264,177,30,47,31,5
TR,Irvine,2017,pell_status,pell,2,3.33,3.69,318,250,36,48,37,5
TR,Irvine,2017,pell_status,pell,3,3.69,4.0,198,134,12,54,37,3
TR,Irvine,2018,ethnicity,aian,1,0.32,3.34,0,0,1,0,0,50
TR,Irvine,2018,ethnicity,aian,2,3.34,3.7,4,3,1,44,33,11
TR,Irvine,2018,ethnicity,aian,3,3.7,4.0,1,1,0,50,50,0
TR,Irvine,2018,ethnicity,asian,1,0.32,3.34,88,42,4,59,28,3
TR,Irvine,2018,ethnicity,asian,2,3.34,3.7,280,141,14,59,30,3
TR,Irvine,2018,ethnicity,asian,3,3.7,4.0,165,73,5,64,28,2
TR,Irvine,2018,ethnicity,black,1,0.32,3.34,18,9,5,45,23,13
TR,Irvine,2018,ethnicity,black,2,3.34,3.7,19,11,4,49,28,10
TR,Irvine,2018,ethnicity,black,3,3.7,4.0,9,3,0,75,25,0
TR,Irvine,2018,ethnicity,hispanic_latino,1,0.32,3.34,100,78,5,47,37,2
TR,Irvine,2018,ethnicity,hispanic_latino,2,3.34,3.7,176,95,9,55,30,3
TR,Irvine,2018,ethnicity,hispanic_latino,3,3.7,4.0,85,34,3,63,25,2
TR,Irvine,2018,ethnicity,international,1,0.32,3.34,21,8,0,66,25,0
TR,Irvine,2018,ethnicity,international,2,3.34,3.7,83,24,2,67,20,2
TR,Irvine,2018,ethnicity,international,3,3.7,4.0,101,14,2,82,11,2
TR,Irvine,2018,ethnicity,white,1,0.32,3.34,77,25,6,60,20,5
TR,Irvine,2018,ethnicity,white,2,3.34,3.7,181,53,7,67,19,3
TR,Irvine,2018,ethnicity,white,3,3.7,4.0,125,48,2,68,26,1
TR,Irvine,2018,first_gen_status,first_gen,1,0.32,3.34,157,104,17,48,32,5
TR,Irvine,2018,first_gen_status,first_gen,2,3.34,3.7,374,165,19,59,26,3
TR,Irvine,2018,first_gen_status,first_gen,3,3.7,4.0,244,90,5,67,25,1
TR,Irvine,2018,first_gen_status,not_first_gen,1,0.32,3.34,138,58,4,61,25,2
TR,Irvine,2018,first_gen_status,not_first_gen,2,3.34,3.7,355,160,16,61,28,3
TR,Irvine,2018,first_gen_status,not_first_gen,3,3.7,4.0,233,76,7,70,23,2
TR,Irvine,2018,pell_status,non_pell,1,0.32,3.34,144,60,6,61,26,3
TR,Irvine,2018,pell_status,non_pell,2,3.34,3.7,403,128,11,67,21,2
TR,Irvine,2018,pell_status,non_pell,3,3.7,4.0,283,76,4,74,20,1
TR,Irvine,2018,pell_status,pell,1,0.32,3.34,165,105,15,49,31,4
TR,Irvine,2018,pell_status,pell,2,3.34,3.7,357,203,27,54,31,4
TR,Irvine,2018,pell_status,pell,3,3.7,4.0,211,101,8,61,29,2
TR,Irvine,2019,ethnicity,aian,1,0.32,3.38,1,1,0,33,33,0
TR,Irvine,2019,ethnicity,aian,2,3.38,3.73,0,1,0,0,100,0
TR,Irvine,2019,ethnicity,aian,3,3.73,4.0,3,1,0,75,25,0
TR,Irvine,2019,ethnicity,asian,1,0.32,3.38,151,71,6,59,28,2
TR,Irvine,2019,ethnicity,asian,2,3.38,3.73,268,139,15,59,31,3
TR,Irvine,2019,ethnicity,asian,3,3.73,4.0,237,79,10,70,23,3
TR,Irvine,2019,ethnicity,black,1,0.32,3.38,20,14,2,47,33,5
TR,Irvine,2019,ethnicity,black,2,3.38,3.73,23,15,1,55,36,2
TR,Irvine,2019,ethnicity,black,3,3.73,4.0,9,2,1,69,15,8
TR,Irvine,2019,ethnicity,hispanic_latino,1,0.32,3.38,166,91,12,53,29,4
TR,Irvine,2019,ethnicity,hispanic_latino,2,3.38,3.73,170,72,13,61,26,5
TR,Irvine,2019,ethnicity,hispanic_latino,3,3.73,4.0,92,24,2,73,19,2
TR,Irvine,2019,ethnicity,international,1,0.32,3.38,39,10,2,63,16,3
TR,Irvine,2019,ethnicity,international,2,3.38,3.73,185,37,2,77,15,1
TR,Irvine,2019,ethnicity,international,3,3.73,4.0,124,15,6,81,10,4
TR,Irvine,2019,ethnicity,white,1,0.32,3.38,119,50,9,58,25,4
TR,Irvine,2019,ethnicity,white,2,3.38,3.73,182,73,15,62,25,5
TR,Irvine,2019,ethnicity,white,3,3.73,4.0,136,47,1,69,24,1
TR,Irvine,2019,first_gen_status,first_gen,1,0.32,3.38,278,125,16,58,26,3
TR,Irvine,2019,first_gen_status,first_gen,2,3.38,3.73,415,168,22,63,26,3
TR,Irvine,2019,first_gen_status,first_gen,3,3.73,4.0,262,81,6,70,22,2
TR,Irvine,2019,first_gen_status,not_first_gen,1,0.32,3.38,209,106,13,56,28,3
TR,Irvine,2019,first_gen_status,not_first_gen,2,3.38,3.73,392,163,23,63,26,4
TR,Irvine,2019,first_gen_status,not_first_gen,3,3.73,4.0,326,81,15,74,18,3
TR,Irvine,2019,pell_status,non_pell,1,0.32,3.38,235,89,11,62,23,3
TR,Irvine,2019,pell_status,non_pell,2,3.38,3.73,493,148,14,70,21,2
TR,Irvine,2019,pell_status,non_pell,3,3.73,4.0,376,75,11,78,15,2
TR,Irvine,2019,pell_status,pell,1,0.32,3.38,267,153,20,52,30,4
TR,Irvine,2019,pell_status,pell,2,3.38,3.73,353,195,34,56,31,5
TR,Irvine,2019,pell_status,pell,3,3.73,4.0,242,98,11,65,26,3
TR,Irvine,2020,ethnicity,aian,1,1.25,3.39,1,1,0,33,33,0
TR,Irvine,2020,ethnicity,aian,2,3.39,3.74,1,3,0,25,75,0
TR,Irvine,2020,ethnicity,asian,1,1.25,3.39,71,31,6,62,27,5
TR,Irvine,2020,ethnicity,asian,2,3.39,3.74,306,98,19,66,21,4
TR,Irvine,2020,ethnicity,asian,3,3.74,4.0,243,80,9,69,23,3
TR,Irvine,2020,ethnicity,black,1,1.25,3.39,8,12,1,28,41,3
TR,Irvine,2020,ethnicity,black,2,3.39,3.74,19,10,3,54,29,9
TR,Irvine,2020,ethnicity,black,3,3.74,4.0,12,6,0,60,30,0
TR,Irvine,2020,ethnicity,hispanic_latino,1,1.25,3.39,91,52,5,50,29,3
TR,Irvine,2020,ethnicity,hispanic_latino,2,3.39,3.74,178,89,8,57,28,3
TR,Irvine,2020,ethnicity,hispanic_latino,3,3.74,4.0,91,29,5,65,21,4
TR,Irvine,2020,ethnicity,international,1,1.25,3.39,26,5,2,67,13,5
TR,Irvine,2020,ethnicity,international,2,3.39,3.74,169,37,5,74,16,2
TR,Irvine,2020,ethnicity,international,3,3.74,4.0,137,15,6,80,9,3
TR,Irvine,2020,ethnicity,white,1,1.25,3.39,57,23,3,59,24,3
TR,Irvine,2020,ethnicity,white,2,3.39,3.74,185,60,8,64,21,3
TR,Irvine,2020,ethnicity,white,3,3.74,4.0,135,30,3,75,17,2
TR,Irvine,2020,first_gen_status,first_gen,1,1.25,3.39,148,75,10,53,27,4
TR,Irvine,2020,first_gen_status,first_gen,2,3.39,3.74,436,175,16,62,25,2
TR,Irvine,2020,first_gen_status,first_gen,3,3.74,4.0,274,77,13,71,20,3
TR,Irvine,2020,first_gen_status,not_first_gen,1,1.25,3.39,99,49,6,57,28,3
TR,Irvine,2020,first_gen_status,not_first_gen,2,3.39,3.74,395,119,26,66,20,4
TR,Irvine,2020,first_gen_status,not_first_gen,3,3.74,4.0,340,87,10,72,19,2
TR,Irvine,2020,pell_status,non_pell,1,1.25,3.39,115,47,2,61,25,1
TR,Irvine,2020,pell_status,non_pell,2,3.39,3.74,488,138,20,69,19,3
TR,Irvine,2020,pell_status,non_pell,3,3.74,4.0,382,81,12,75,16,2
TR,Irvine,2020,pell_status,pell,1,1.25,3.39,145,80,15,51,28,5
TR,Irvine,2020,pell_status,pell,2,3.39,3.74,385,166,23,59,26,4
TR,Irvine,2020,pell_status,pell,3,3.74,4.0,258,88,13,66,23,3
TR,Irvine,2021,ethnicity,aian,1,1.0,3.5,0,1,0,0,50,0
TR,Irvine,2021,ethnicity,aian,2,3.5,3.82,0,0,0,0,0,0
TR,Irvine,2021,ethnicity,aian,3,3.82,4.0,1,0,0,100,0,0
TR,Irvine,2021,ethnicity,asian,1,1.0,3.5,89,41,4,57,26,3
TR,Irvine,2021,ethnicity,asian,2,3.5,3.82,344,120,15,66,23,3
TR,Irvine,2021,ethnicity,asian,3,3.82,4.0,284,76,8,74,20,2
TR,Irvine,2021,ethnicity,black,1,1.0,3.5,9,8,1,33,30,4
TR,Irvine,2021,ethnicity,black,2,3.5,3.82,23,8,2,66,23,6
TR,Irvine,2021,ethnicity,black,3,3.82,4.0,13,1,0,87,7,0
TR,Irvine,2021,ethnicity,hispanic_latino,1,1.0,3.5,108,42,7,57,22,4
TR,Irvine,2021,ethnicity,hispanic_latino,2,3.5,3.82,204,70,4,64,22,1
TR,Irvine,2021,ethnicity,hispanic_latino,3,3.82,4.0,99,27,2,74,20,2
TR,Irvine,2021,ethnicity,international,1,1.0,3.5,51,12,1,65,15,1
TR,Irvine,2021,ethnicity,international,2,3.5,3.82,143,33,2,71,16,1
TR,Irvine,2021,ethnicity,international,3,3.82,4.0,126,32,2,72,18,1
TR,Irvine,2021,ethnicity,white,1,1.0,3.5,72,19,2,70,18,2
TR,Irvine,2021,ethnicity,white,2,3.5,3.82,196,51,7,71,18,3
TR,Irvine,2021,ethnicity,white,3,3.82,4.0,171,34,6,77,15,3
TR,Irvine,2021,first_gen_status,first_gen,1,1.0,3.5,174,64,10,56,21,3
TR,Irvine,2021,first_gen_status,first_gen,2,3.5,3.82,427,131,16,66,20,2
TR,Irvine,2021,first_gen_status,first_gen,3,3.82,4.0,282,76,10,73,20,3
TR,Irvine,2021,first_gen_status,not_first_gen,1,1.0,3.5,143,55,5,63,24,2
TR,Irvine,2021,first_gen_status,not_first_gen,2,3.5,3.82,444,142,12,68,22,2
TR,Irvine,2021,first_gen_status,not_first_gen,3,3.82,4.0,386,88,8,76,17,2
TR,Irvine,2021,pell_status,non_pell,1,1.0,3.5,167,55,7,61,20,3
TR,Irvine,2021,pell_status,non_pell,2,3.5,3.82,515,117,13,72,16,2
TR,Irvine,2021,pell_status,non_pell,3,3.82,4.0,439,95,8,76,17,1
TR,Irvine,2021,pell_status,pell,1,1.0,3.5,163,69,8,56,24,3
TR,Irvine,2021,pell_status,pell,2,3.5,3.82,405,165,17,63,26,3
TR,Irvine,2021,pell_status,pell,3,3.82,4.0,261,77,10,72,21,3
TR,Los Angeles,2010,ethnicity,aian,1,0.33,3.25,3,0,0,60,0,0
TR,Los Angeles,2010,ethnicity,aian,2,3.25,3.63,3,1,1,50,17,17
TR,Los Angeles,2010,ethnicity,aian,3,3.63,4.0,10,2,0,77,15,0
TR,Los Angeles,2010,ethnicity,asian,1,0.33,3.25,40,18,5,60,27,7
TR,Los Angeles,2010,ethnicity,asian,2,3.25,3.63,155,89,24,53,30,8
TR,Los Angeles,2010,ethnicity,asian,3,3.63,4.0,319,138,25,62,27,5
TR,Los Angeles,2010,ethnicity,black,1,0.33,3.25,11,8,5,41,30,19
TR,Los Angeles,2010,ethnicity,black,2,3.25,3.63,17,23,2,35,48,4
TR,Los Angeles,2010,ethnicity,black,3,3.63,4.0,19,22,2,39,45,4
TR,Los Angeles,2010,ethnicity,hispanic_latino,1,0.33,3.25,37,32,11,37,32,11
TR,Los Angeles,2010,ethnicity,hispanic_latino,2,3.25,3.63,84,54,7,48,31,4
TR,Los Angeles,2010,ethnicity,hispanic_latino,3,3.63,4.0,131,55,9,61,26,4
TR,Los Angeles,2010,ethnicity,international,1,0.33,3.25,4,2,0,44,22,0
TR,Los Angeles,2010,ethnicity,international,2,3.25,3.63,62,38,6,53,32,5
TR,Los Angeles,2010,ethnicity,international,3,3.63,4.0,247,58,11,72,17,3
TR,Los Angeles,2010,ethnicity,white,1,0.33,3.25,38,20,4,58,30,6
TR,Los Angeles,2010,ethnicity,white,2,3.25,3.63,223,71,11,69,22,3
TR,Los Angeles,2010,ethnicity,white,3,3.63,4.0,435,157,18,67,24,3
TR,Los Angeles,2010,first_gen_status,first_gen,1,0.33,3.25,69,52,17,43,32,11
TR,Los Angeles,2010,first_gen_status,first_gen,2,3.25,3.63,247,137,23,55,30,5
TR,Los Angeles,2010,first_gen_status,first_gen,3,3.63,4.0,493,195,22,64,25,3
TR,Los Angeles,2010,first_gen_status,not_first_gen,1,0.33,3.25,60,29,12,54,26,11
TR,Los Angeles,2010,first_gen_status,not_first_gen,2,3.25,3.63,293,133,26,58,26,5
TR,Los Angeles,2010,first_gen_status,not_first_gen,3,3.63,4.0,619,210,44,66,23,5
TR,Los Angeles,2010,pell_status,non_pell,1,0.33,3.25,48,19,8,57,23,10
TR,Los Angeles,2010,pell_status,non_pell,2,3.25,3.63,312,123,21,63,25,4
TR,Los Angeles,2010,pell_status,non_pell,3,3.63,4.0,765,198,24,73,19,2
TR,Los Angeles,2010,pell_status,pell,1,0.33,3.25,93,64,22,45,31,11
TR,Los Angeles,2010,pell_status,pell,2,3.25,3.63,274,174,33,50,32,6
TR,Los Angeles,2010,pell_status,pell,3,3.63,4.0,477,260,48,56,30,6
TR,Los Angeles,2011,ethnicity,aian,1,0.31,3.27,1,0,0,100,0,0
TR,Los Angeles,2011,ethnicity,aian,2,3.27,3.63,4,3,1,50,38,13
TR,Los Angeles,2011,ethnicity,aian,3,3.63,4.0,8,2,0,73,18,0
TR,Los Angeles,2011,ethnicity,asian,1,0.31,3.27,29,15,3,57,29,6
TR,Los Angeles,2011,ethnicity,asian,2,3.27,3.63,147,97,11,53,35,4
TR,Los Angeles,2011,ethnicity,asian,3,3.63,4.0,364,159,24,62,27,4
TR,Los Angeles,2011,ethnicity,black,1,0.31,3.27,11,5,3,50,23,14
TR,Los Angeles,2011,ethnicity,black,2,3.27,3.63,23,11,3,51,24,7
TR,Los Angeles,2011,ethnicity,black,3,3.63,4.0,21,4,2,72,14,7
TR,Los Angeles,2011,ethnicity,hispanic_latino,1,0.31,3.27,36,24,6,49,32,8
TR,Los Angeles,2011,ethnicity,hispanic_latino,2,3.27,3.63,105,51,12,57,28,7
TR,Los Angeles,2011,ethnicity,hispanic_latino,3,3.63,4.0,176,53,11,70,21,4
TR,Los Angeles,2011,ethnicity,international,1,0.31,3.27,8,6,1,44,33,6
TR,Los Angeles,2011,ethnicity,international,2,3.27,3.63,56,20,4,63,22,4
TR,Los Angeles,2011,ethnicity,international,3,3.63,4.0,213,63,17,68,20,5
TR,Los Angeles,2011,ethnicity,white,1,0.31,3.27,54,14,6,62,16,7
TR,Los Angeles,2011,ethnicity,white,2,3.27,3.63,200,83,8,63,26,3
TR,Los Angeles,2011,ethnicity,white,3,3.63,4.0,461,148,14,71,23,2
TR,Los Angeles,2011,first_gen_status,first_gen,1,0.31,3.27,68,38,10,52,29,8
TR,Los Angeles,2011,first_gen_status,first_gen,2,3.27,3.63,239,125,22,56,29,5
TR,Los Angeles,2011,first_gen_status,first_gen,3,3.63,4.0,533,193,29,67,24,4
TR,Los Angeles,2011,first_gen_status,not_first_gen,1,0.31,3.27,70,29,8,57,24,7
TR,Los Angeles,2011,first_gen_status,not_first_gen,2,3.27,3.63,293,135,16,60,28,3
TR,Los Angeles,2011,first_gen_status,not_first_gen,3,3.63,4.0,724,227,39,69,22,4
TR,Los Angeles,2011,pell_status,non_pell,1,0.31,3.27,63,20,6,62,20,6
TR,Los Angeles,2011,pell_status,non_pell,2,3.27,3.63,284,112,20,64,25,4
TR,Los Angeles,2011,pell_status,non_pell,3,3.63,4.0,735,168,29,74,17,3
TR,Los Angeles,2011,pell_status,pell,1,0.31,3.27,81,47,13,49,28,8
TR,Los Angeles,2011,pell_status,pell,2,3.27,3.63,270,158,22,53,31,4
TR,Los Angeles,2011,pell_status,pell,3,3.63,4.0,554,270,39,61,30,4
TR,Los Angeles,2012,ethnicity,aian,1,0.3,3.3,0,2,0,0,100,0
TR,Los Angeles,2012,ethnicity,aian,2,3.3,3.65,4,0,0,67,0,0
TR,Los Angeles,2012,ethnicity,aian,3,3.65,4.0,7,1,1,64,9,9
TR,Los Angeles,2012,ethnicity,asian,1,0.3,3.3,38,28,3,51,37,4
TR,Los Angeles,2012,ethnicity,asian,2,3.3,3.65,177,81,9,59,27,3
TR,Los Angeles,2012,ethnicity,asian,3,3.65,4.0,340,162,13,62,29,2
TR,Los Angeles,2012,ethnicity,black,1,0.3,3.3,21,8,1,60,23,3
TR,Los Angeles,2012,ethnicity,black,2,3.3,3.65,17,14,1,47,39,3
TR,Los Angeles,2012,ethnicity,black,3,3.65,4.0,17,13,1,45,34,3
TR,Los Angeles,2012,ethnicity,hispanic_latino,1,0.3,3.3,49,23,6,57,27,7
TR,Los Angeles,2012,ethnicity,hispanic_latino,2,3.3,3.65,126,67,5,59,31,2
TR,Los Angeles,2012,ethnicity,hispanic_latino,3,3.65,4.0,144,64,5,63,28,2
TR,Los Angeles,2012,ethnicity,international,1,0.3,3.3,10,7,0,40,28,0
TR,Los Angeles,2012,ethnicity,international,2,3.3,3.65,69,23,5,63,21,5
TR,Los Angeles,2012,ethnicity,international,3,3.65,4.0,204,82,9,61,24,3
TR,Los Angeles,2012,ethnicity,white,1,0.3,3.3,48,15,4,65,20,5
TR,Los Angeles,2012,ethnicity,white,2,3.3,3.65,210,70,16,64,21,5
TR,Los Angeles,2012,ethnicity,white,3,3.65,4.0,431,136,13,70,22,2
TR,Los Angeles,2012,first_gen_status,first_gen,1,0.3,3.3,88,44,9,56,28,6
TR,Los Angeles,2012,first_gen_status,first_gen,2,3.3,3.65,283,140,15,59,29,3
TR,Los Angeles,2012,first_gen_status,first_gen,3,3.65,4.0,521,219,15,64,27,2
TR,Los Angeles,2012,first_gen_status,not_first_gen,1,0.3,3.3,78,40,3,57,29,2
TR,Los Angeles,2012,first_gen_status,not_first_gen,2,3.3,3.65,314,123,21,61,24,4
TR,Los Angeles,2012,first_gen_status,not_first_gen,3,3.65,4.0,641,244,26,65,25,3
TR,Los Angeles,2012,pell_status,non_pell,1,0.3,3.3,74,27,6,61,22,5
TR,Los Angeles,2012,pell_status,non_pell,2,3.3,3.65,287,87,15,67,20,3
TR,Los Angeles,2012,pell_status,non_pell,3,3.65,4.0,657,212,18,69,22,2
TR,Los Angeles,2012,pell_status,pell,1,0.3,3.3,99,59,9,52,31,5
TR,Los Angeles,2012,pell_status,pell,2,3.3,3.65,332,184,23,55,31,4
TR,Los Angeles,2012,pell_status,pell,3,3.65,4.0,525,263,24,59,30,3
TR,Los Angeles,2013,ethnicity,aian,1,0.32,3.31,3,2,0,43,29,0
TR,Los Angeles,2013,ethnicity,aian,2,3.31,3.66,4,1,0,80,20,0
TR,Los Angeles,2013,ethnicity,aian,3,3.66,4.0,4,1,0,80,20,0
TR,Los Angeles,2013,ethnicity,asian,1,0.32,3.31,38,11,6,62,18,10
TR,Los Angeles,2013,ethnicity,asian,2,3.31,3.66,142,59,6,60,25,3
TR,Los Angeles,2013,ethnicity,asian,3,3.66,4.0,277,111,9,66,26,2
TR,Los Angeles,2013,ethnicity,black,1,0.32,3.31,7,10,0,30,43,0
TR,Los Angeles,2013,ethnicity,black,2,3.31,3.66,21,7,0,70,23,0
TR,Los Angeles,2013,ethnicity,black,3,3.66,4.0,23,10,0,68,29,0
TR,Los Angeles,2013,ethnicity,hispanic_latino,1,0.32,3.31,58,24,3,60,25,3
TR,Los Angeles,2013,ethnicity,hispanic_latino,2,3.31,3.66,123,71,9,54,31,4
TR,Los Angeles,2013,ethnicity,hispanic_latino,3,3.66,4.0,150,57,8,63,24,3
TR,Los Angeles,2013,ethnicity,international,1,0.32,3.31,14,5,0,67,24,0
TR,Los Angeles,2013,ethnicity,international,2,3.31,3.66,59,13,5,70,15,6
TR,Los Angeles,2013,ethnicity,international,3,3.66,4.0,263,58,7,73,16,2
TR,Los Angeles,2013,ethnicity,white,1,0.32,3.31,40,21,2,57,30,3
TR,Los Angeles,2013,ethnicity,white,2,3.31,3.66,194,55,7,69,20,2
TR,Los Angeles,2013,ethnicity,white,3,3.66,4.0,385,116,12,71,22,2
TR,Los Angeles,2013,first_gen_status,first_gen,1,0.32,3.31,92,40,4,59,25,3
TR,Los Angeles,2013,first_gen_status,first_gen,2,3.31,3.66,279,111,13,62,25,3
TR,Los Angeles,2013,first_gen_status,first_gen,3,3.66,4.0,481,163,11,68,23,2
TR,Los Angeles,2013,first_gen_status,not_first_gen,1,0.32,3.31,67,36,7,54,29,6
TR,Los Angeles,2013,first_gen_status,not_first_gen,2,3.31,3.66,267,93,14,65,23,3
TR,Los Angeles,2013,first_gen_status,not_first_gen,3,3.66,4.0,630,195,23,70,22,3
TR,Los Angeles,2013,pell_status,non_pell,1,0.32,3.31,68,29,3,61,26,3
TR,Los Angeles,2013,pell_status,non_pell,2,3.31,3.66,276,74,8,71,19,2
TR,Los Angeles,2013,pell_status,non_pell,3,3.66,4.0,684,173,21,74,19,2
TR,Los Angeles,2013,pell_status,pell,1,0.32,3.31,98,48,8,55,27,4
TR,Los Angeles,2013,pell_status,pell,2,3.31,3.66,288,137,21,57,27,4
TR,Los Angeles,2013,pell_status,pell,3,3.66,4.0,453,190,16,64,27,2
TR,Los Angeles,2014,ethnicity,aian,1,0.82,3.34,2,1,0,50,25,0
TR,Los Angeles,2014,ethnicity,aian,2,3.34,3.68,8,2,0,67,17,0
TR,Los Angeles,2014,ethnicity,aian,3,3.68,4.0,4,2,1,50,25,13
TR,Los Angeles,2014,ethnicity,asian,1,0.82,3.34,37,24,6,45,29,7
TR,Los Angeles,2014,ethnicity,asian,2,3.34,3.68,137,68,5,60,30,2
TR,Los Angeles,2014,ethnicity,asian,3,3.68,4.0,333,113,13,69,23,3
TR,Los Angeles,2014,ethnicity,black,1,0.82,3.34,20,20,2,42,42,4
TR,Los Angeles,2014,ethnicity,black,2,3.34,3.68,29,11,2,64,24,4
TR,Los Angeles,2014,ethnicity,black,3,3.68,4.0,31,9,0,72,21,0
TR,Los Angeles,2014,ethnicity,hispanic_latino,1,0.82,3.34,61,58,3,45,43,2
TR,Los Angeles,2014,ethnicity,hispanic_latino,2,3.34,3.68,214,83,8,65,25,2
TR,Los Angeles,2014,ethnicity,hispanic_latino,3,3.68,4.0,140,59,10,63,26,4
TR,Los Angeles,2014,ethnicity,international,1,0.82,3.34,11,9,2,42,35,8
TR,Los Angeles,2014,ethnicity,international,2,3.34,3.68,63,21,4,61,20,4
TR,Los Angeles,2014,ethnicity,international,3,3.68,4.0,264,50,11,75,14,3
TR,Los Angeles,2014,ethnicity,white,1,0.82,3.34,68,23,4,62,21,4
TR,Los Angeles,2014,ethnicity,white,2,3.34,3.68,188,71,7,65,25,2
TR,Los Angeles,2014,ethnicity,white,3,3.68,4.0,404,119,10,72,21,2
TR,Los Angeles,2014,first_gen_status,first_gen,1,0.82,3.34,122,83,9,50,34,4
TR,Los Angeles,2014,first_gen_status,first_gen,2,3.34,3.68,350,137,17,63,25,3
TR,Los Angeles,2014,first_gen_status,first_gen,3,3.68,4.0,529,144,19,71,19,3
TR,Los Angeles,2014,first_gen_status,not_first_gen,1,0.82,3.34,78,48,9,49,30,6
TR,Los Angeles,2014,first_gen_status,not_first_gen,2,3.34,3.68,297,120,9,64,26,2
TR,Los Angeles,2014,first_gen_status,not_first_gen,3,3.68,4.0,640,202,22,71,22,2
TR,Los Angeles,2014,pell_status,non_pell,1,0.82,3.34,67,40,5,54,32,4
TR,Los Angeles,2014,pell_status,non_pell,2,3.34,3.68,308,85,9,70,19,2
TR,Los Angeles,2014,pell_status,non_pell,3,3.68,4.0,670,157,19,75,18,2
TR,Los Angeles,2014,pell_status,pell,1,0.82,3.34,139,98,13,48,34,4
TR,Los Angeles,2014,pell_status,pell,2,3.34,3.68,354,178,18,59,30,3
TR,Los Angeles,2014,pell_status,pell,3,3.68,4.0,535,207,27,65,25,3
TR,Los Angeles,2015,ethnicity,aian,1,1.4,3.34,3,0,1,60,0,20
TR,Los Angeles,2015,ethnicity,aian,2,3.34,3.68,5,2,0,63,25,0
TR,Los Angeles,2015,ethnicity,aian,3,3.68,4.0,3,4,0,43,57,0
TR,Los Angeles,2015,ethnicity,asian,1,1.4,3.34,35,14,3,63,25,5
TR,Los Angeles,2015,ethnicity,asian,2,3.34,3.68,159,51,7,67,21,3
TR,Los Angeles,2015,ethnicity,asian,3,3.68,4.0,324,118,12,68,25,3
TR,Los Angeles,2015,ethnicity,black,1,1.4,3.34,14,8,3,39,22,8
TR,Los Angeles,2015,ethnicity,black,2,3.34,3.68,41,13,1,65,21,2
TR,Los Angeles,2015,ethnicity,black,3,3.68,4.0,22,10,2,56,26,5
TR,Los Angeles,2015,ethnicity,hispanic_latino,1,1.4,3.34,76,25,5,58,19,4
TR,Los Angeles,2015,ethnicity,hispanic_latino,2,3.34,3.68,181,62,9,65,22,3
TR,Los Angeles,2015,ethnicity,hispanic_latino,3,3.68,4.0,199,61,5,70,21,2
TR,Los Angeles,2015,ethnicity,international,1,1.4,3.34,3,1,0,43,14,0
TR,Los Angeles,2015,ethnicity,international,2,3.34,3.68,59,22,2,61,23,2
TR,Los Angeles,2015,ethnicity,international,3,3.68,4.0,267,56,10,72,15,3
TR,Los Angeles,2015,ethnicity,white,1,1.4,3.34,35,14,2,58,23,3
TR,Los Angeles,2015,ethnicity,white,2,3.34,3.68,227,53,7,73,17,2
TR,Los Angeles,2015,ethnicity,white,3,3.68,4.0,412,105,16,75,19,3
TR,Los Angeles,2015,first_gen_status,first_gen,1,1.4,3.34,96,37,7,56,22,4
TR,Los Angeles,2015,first_gen_status,first_gen,2,3.34,3.68,356,110,13,67,21,2
TR,Los Angeles,2015,first_gen_status,first_gen,3,3.68,4.0,559,154,22,71,20,3
TR,Los Angeles,2015,first_gen_status,not_first_gen,1,1.4,3.34,63,21,5,56,19,4
TR,Los Angeles,2015,first_gen_status,not_first_gen,2,3.34,3.68,305,88,11,69,20,2
TR,Los Angeles,2015,first_gen_status,not_first_gen,3,3.68,4.0,679,190,25,72,20,3
TR,Los Angeles,2015,pell_status,non_pell,1,1.4,3.34,59,12,3,66,13,3
TR,Los Angeles,2015,pell_status,non_pell,2,3.34,3.68,315,88,10,70,20,2
TR,Los Angeles,2015,pell_status,non_pell,3,3.68,4.0,734,172,20,74,17,2
TR,Los Angeles,2015,pell_status,pell,1,1.4,3.34,109,52,11,52,25,5
TR,Los Angeles,2015,pell_status,pell,2,3.34,3.68,369,123,17,65,22,3
TR,Los Angeles,2015,pell_status,pell,3,3.68,4.0,545,191,29,68,24,4
TR,Los Angeles,2016,ethnicity,aian,1,0.36,3.33,2,1,0,67,33,0
TR,Los Angeles,2016,ethnicity,aian,2,3.33,3.68,7,0,0,78,0,0
TR,Los Angeles,2016,ethnicity,aian,3,3.68,4.0,4,1,0,80,20,0
TR,Los Angeles,2016,ethnicity,asian,1,0.36,3.33,33,11,2,67,22,4
TR,Los Angeles,2016,ethnicity,asian,2,3.33,3.68,158,64,6,64,26,2
TR,Los Angeles,2016,ethnicity,asian,3,3.68,4.0,359,147,15,65,27,3
TR,Los Angeles,2016,ethnicity,black,1,0.36,3.33,24,17,4,50,35,8
TR,Los Angeles,2016,ethnicity,black,2,3.33,3.68,46,14,3,66,20,4
TR,Los Angeles,2016,ethnicity,black,3,3.68,4.0,33,13,2,67,27,4
TR,Los Angeles,2016,ethnicity,hispanic_latino,1,0.36,3.33,82,23,2,67,19,2
TR,Los Angeles,2016,ethnicity,hispanic_latino,2,3.33,3.68,195,60,6,68,21,2
TR,Los Angeles,2016,ethnicity,hispanic_latino,3,3.68,4.0,209,65,8,69,21,3
TR,Los Angeles,2016,ethnicity,international,1,0.36,3.33,3,0,0,60,0,0
TR,Los Angeles,2016,ethnicity,international,2,3.33,3.68,70,13,0,75,14,0
TR,Los Angeles,2016,ethnicity,international,3,3.68,4.0,286,73,14,72,18,4
TR,Los Angeles,2016,ethnicity,white,1,0.36,3.33,52,15,3,69,20,4
TR,Los Angeles,2016,ethnicity,white,2,3.33,3.68,219,60,5,71,19,2
TR,Los Angeles,2016,ethnicity,white,3,3.68,4.0,460,129,18,73,20,3
TR,Los Angeles,2016,first_gen_status,first_gen,1,0.36,3.33,106,33,4,66,21,3
TR,Los Angeles,2016,first_gen_status,first_gen,2,3.33,3.68,361,105,12,68,20,2
TR,Los Angeles,2016,first_gen_status,first_gen,3,3.68,4.0,579,188,25,69,22,3
TR,Los Angeles,2016,first_gen_status,not_first_gen,1,0.36,3.33,81,28,7,64,22,6
TR,Los Angeles,2016,first_gen_status,not_first_gen,2,3.33,3.68,332,99,8,70,21,2
TR,Los Angeles,2016,first_gen_status,not_first_gen,3,3.68,4.0,769,233,28,71,21,3
TR,Los Angeles,2016,pell_status,non_pell,1,0.36,3.33,76,22,1,68,20,1
TR,Los Angeles,2016,pell_status,non_pell,2,3.33,3.68,333,93,6,71,20,1
TR,Los Angeles,2016,pell_status,non_pell,3,3.68,4.0,850,203,29,75,18,3
TR,Los Angeles,2016,pell_status,pell,1,0.36,3.33,126,46,10,63,23,5
TR,Los Angeles,2016,pell_status,pell,2,3.33,3.68,379,125,16,66,22,3
TR,Los Angeles,2016,pell_status,pell,3,3.68,4.0,541,234,29,63,27,3
TR,Los Angeles,2017,ethnicity,aian,1,0.3,3.33,4,3,0,57,43,0
TR,Los Angeles,2017,ethnicity,aian,2,3.33,3.69,2,2,0,50,50,0
TR,Los Angeles,2017,ethnicity,aian,3,3.69,4.0,4,1,0,80,20,0
TR,Los Angeles,2017,ethnicity,asian,1,0.3,3.33,35,10,1,70,20,2
TR,Los Angeles,2017,ethnicity,asian,2,3.33,3.69,148,42,4,69,20,2
TR,Los Angeles,2017,ethnicity,asian,3,3.69,4.0,354,124,9,69,24,2
TR,Los Angeles,2017,ethnicity,black,1,0.3,3.33,20,6,0,59,18,0
TR,Los Angeles,2017,ethnicity,black,2,3.33,3.69,42,23,3,56,31,4
TR,Los Angeles,2017,ethnicity,black,3,3.69,4.0,47,13,1,71,20,2
TR,Los Angeles,2017,ethnicity,hispanic_latino,1,0.3,3.33,56,29,2,57,30,2
TR,Los Angeles,2017,ethnicity,hispanic_latino,2,3.33,3.69,186,55,7,67,20,3
TR,Los Angeles,2017,ethnicity,hispanic_latino,3,3.69,4.0,254,53,13,75,16,4
TR,Los Angeles,2017,ethnicity,international,1,0.3,3.33,7,6,0,54,46,0
TR,Los Angeles,2017,ethnicity,international,2,3.33,3.69,56,9,0,75,12,0
TR,Los Angeles,2017,ethnicity,international,3,3.69,4.0,291,64,6,75,16,2
TR,Los Angeles,2017,ethnicity,white,1,0.3,3.33,34,3,2,77,7,5
TR,Los Angeles,2017,ethnicity,white,2,3.33,3.69,165,47,9,69,20,4
TR,Los Angeles,2017,ethnicity,white,3,3.69,4.0,492,100,11,78,16,2
TR,Los Angeles,2017,first_gen_status,first_gen,1,0.3,3.33,91,41,2,60,27,1
TR,Los Angeles,2017,first_gen_status,first_gen,2,3.33,3.69,314,96,10,67,20,2
TR,Los Angeles,2017,first_gen_status,first_gen,3,3.69,4.0,640,164,18,73,19,2
TR,Los Angeles,2017,first_gen_status,not_first_gen,1,0.3,3.33,58,12,3,69,14,4
TR,Los Angeles,2017,first_gen_status,not_first_gen,2,3.33,3.69,277,76,12,70,19,3
TR,Los Angeles,2017,first_gen_status,not_first_gen,3,3.69,4.0,782,191,21,75,18,2
TR,Los Angeles,2017,pell_status,non_pell,1,0.3,3.33,58,20,2,66,23,2
TR,Los Angeles,2017,pell_status,non_pell,2,3.33,3.69,252,61,9,70,17,3
TR,Los Angeles,2017,pell_status,non_pell,3,3.69,4.0,869,171,22,78,15,2
TR,Los Angeles,2017,pell_status,pell,1,0.3,3.33,103,40,3,61,24,2
TR,Los Angeles,2017,pell_status,pell,2,3.33,3.69,359,119,14,66,22,3
TR,Los Angeles,2017,pell_status,pell,3,3.69,4.0,617,195,21,69,22,2
TR,Los Angeles,2018,ethnicity,aian,1,0.32,3.34,1,0,0,100,0,0
TR,Los Angeles,2018,ethnicity,aian,2,3.34,3.7,7,5,0,54,38,0
TR,Los Angeles,2018,ethnicity,aian,3,3.7,4.0,3,0,0,50,0,0
TR,Los Angeles,2018,ethnicity,asian,1,0.32,3.34,18,4,1,72,16,4
TR,Los Angeles,2018,ethnicity,asian,2,3.34,3.7,119,33,8,70,19,5
TR,Los Angeles,2018,ethnicity,asian,3,3.7,4.0,421,144,12,70,24,2
TR,Los Angeles,2018,ethnicity,black,1,0.32,3.34,18,8,0,64,29,0
TR,Los Angeles,2018,ethnicity,black,2,3.34,3.7,68,25,2,67,25,2
TR,Los Angeles,2018,ethnicity,black,3,3.7,4.0,35,8,1,69,16,2
TR,Los Angeles,2018,ethnicity,hispanic_latino,1,0.32,3.34,46,12,2,70,18,3
TR,Los Angeles,2018,ethnicity,hispanic_latino,2,3.34,3.7,201,63,5,68,21,2
TR,Los Angeles,2018,ethnicity,hispanic_latino,3,3.7,4.0,311,73,8,73,17,2
TR,Los Angeles,2018,ethnicity,international,1,0.32,3.34,1,0,1,33,0,33
TR,Los Angeles,2018,ethnicity,international,2,3.34,3.7,50,2,1,83,3,2
TR,Los Angeles,2018,ethnicity,international,3,3.7,4.0,357,80,6,75,17,1
TR,Los Angeles,2018,ethnicity,white,1,0.32,3.34,29,6,2,73,15,5
TR,Los Angeles,2018,ethnicity,white,2,3.34,3.7,189,35,2,77,14,1
TR,Los Angeles,2018,ethnicity,white,3,3.7,4.0,580,111,10,80,15,1
TR,Los Angeles,2018,first_gen_status,first_gen,1,0.32,3.34,74,19,1,73,19,1
TR,Los Angeles,2018,first_gen_status,first_gen,2,3.34,3.7,342,105,9,69,21,2
TR,Los Angeles,2018,first_gen_status,first_gen,3,3.7,4.0,734,189,17,73,19,2
TR,Los Angeles,2018,first_gen_status,not_first_gen,1,0.32,3.34,36,9,4,67,17,7
TR,Los Angeles,2018,first_gen_status,not_first_gen,2,3.34,3.7,284,57,10,75,15,3
TR,Los Angeles,2018,first_gen_status,not_first_gen,3,3.7,4.0,955,224,19,76,18,2
TR,Los Angeles,2018,pell_status,non_pell,1,0.32,3.34,35,11,3,63,20,5
TR,Los Angeles,2018,pell_status,non_pell,2,3.34,3.7,308,44,10,79,11,3
TR,Los Angeles,2018,pell_status,non_pell,3,3.7,4.0,1097,224,22,78,16,2
TR,Los Angeles,2018,pell_status,pell,1,0.32,3.34,82,24,4,69,20,3
TR,Los Angeles,2018,pell_status,pell,2,3.34,3.7,338,122,11,66,24,2
TR,Los Angeles,2018,pell_status,pell,3,3.7,4.0,653,205,18,69,22,2
TR,Los Angeles,2019,ethnicity,aian,1,0.32,3.38,2,0,0,100,0,0
TR,Los Angeles,2019,ethnicity,aian,2,3.38,3.73,2,0,0,50,0,0
TR,Los Angeles,2019,ethnicity,aian,3,3.73,4.0,6,2,0,75,25,0
TR,Los Angeles,2019,ethnicity,asian,1,0.32,3.38,6,5,1,46,38,8
TR,Los Angeles,2019,ethnicity,asian,2,3.38,3.73,117,32,5,73,20,3
TR,Los Angeles,2019,ethnicity,asian,3,3.73,4.0,430,110,7,75,19,1
TR,Los Angeles,2019,ethnicity,black,1,0.32,3.38,18,3,4,64,11,14
TR,Los Angeles,2019,ethnicity,black,2,3.38,3.73,64,10,1,80,13,1
TR,Los Angeles,2019,ethnicity,black,3,3.73,4.0,48,7,1,76,11,2
TR,Los Angeles,2019,ethnicity,hispanic_latino,1,0.32,3.38,30,16,4,55,29,7
TR,Los Angeles,2019,ethnicity,hispanic_latino,2,3.38,3.73,190,44,8,71,16,3
TR,Los Angeles,2019,ethnicity,hispanic_latino,3,3.73,4.0,300,53,3,78,14,1
TR,Los Angeles,2019,ethnicity,international,1,0.32,3.38,2,1,0,67,33,0
TR,Los Angeles,2019,ethnicity,international,2,3.38,3.73,36,6,0,72,12,0
TR,Los Angeles,2019,ethnicity,international,3,3.73,4.0,335,59,11,78,14,3
TR,Los Angeles,2019,ethnicity,white,1,0.32,3.38,8,6,1,50,38,6
TR,Los Angeles,2019,ethnicity,white,2,3.38,3.73,173,36,6,74,15,3
TR,Los Angeles,2019,ethnicity,white,3,3.73,4.0,636,110,9,81,14,1
TR,Los Angeles,2019,first_gen_status,first_gen,1,0.32,3.38,48,17,8,60,21,10
TR,Los Angeles,2019,first_gen_status,first_gen,2,3.38,3.73,331,64,11,75,14,2
TR,Los Angeles,2019,first_gen_status,first_gen,3,3.73,4.0,744,136,13,78,14,1
TR,Los Angeles,2019,first_gen_status,not_first_gen,1,0.32,3.38,16,13,2,46,37,6
TR,Los Angeles,2019,first_gen_status,not_first_gen,2,3.38,3.73,241,65,8,70,19,2
TR,Los Angeles,2019,first_gen_status,not_first_gen,3,3.73,4.0,984,219,19,77,17,1
TR,Los Angeles,2019,pell_status,non_pell,1,0.32,3.38,21,10,0,60,29,0
TR,Los Angeles,2019,pell_status,non_pell,2,3.38,3.73,268,59,8,75,17,2
TR,Los Angeles,2019,pell_status,non_pell,3,3.73,4.0,1098,215,18,78,15,1
TR,Los Angeles,2019,pell_status,pell,1,0.32,3.38,49,22,12,54,24,13
TR,Los Angeles,2019,pell_status,pell,2,3.38,3.73,333,74,13,71,16,3
TR,Los Angeles,2019,pell_status,pell,3,3.73,4.0,708,145,14,76,16,2
TR,Los Angeles,2020,ethnicity,aian,1,1.25,3.39,4,1,0,80,20,0
TR,Los Angeles,2020,ethnicity,aian,2,3.39,3.74,1,3,0,17,50,0
TR,Los Angeles,2020,ethnicity,aian,3,3.74,4.0,9,5,0,64,36,0
TR,Los Angeles,2020,ethnicity,asian,1,1.25,3.39,20,3,2,69,10,7
TR,Los Angeles,2020,ethnicity,asian,2,3.39,3.74,171,56,6,68,22,2
TR,Los Angeles,2020,ethnicity,asian,3,3.74,4.0,496,145,9,73,21,1
TR,Los Angeles,2020,ethnicity,black,1,1.25,3.39,12,9,2,41,31,7
TR,Los Angeles,2020,ethnicity,black,2,3.39,3.74,64,18,1,66,19,1
TR,Los Angeles,2020,ethnicity,black,3,3.74,4.0,62,10,3,79,13,4
TR,Los Angeles,2020,ethnicity,hispanic_latino,1,1.25,3.39,58,21,0,62,22,0
TR,Los Angeles,2020,ethnicity,hispanic_latino,2,3.39,3.74,225,49,5,71,16,2
TR,Los Angeles,2020,ethnicity,hispanic_latino,3,3.74,4.0,331,57,7,78,13,2
TR,Los Angeles,2020,ethnicity,international,1,1.25,3.39,4,3,1,50,38,13
TR,Los Angeles,2020,ethnicity,international,2,3.39,3.74,57,23,3,63,26,3
TR,Los Angeles,2020,ethnicity,international,3,3.74,4.0,358,70,13,74,15,3
TR,Los Angeles,2020,ethnicity,white,1,1.25,3.39,32,4,2,78,10,5
TR,Los Angeles,2020,ethnicity,white,2,3.39,3.74,215,31,8,78,11,3
TR,Los Angeles,2020,ethnicity,white,3,3.74,4.0,597,107,14,80,14,2
TR,Los Angeles,2020,first_gen_status,first_gen,1,1.25,3.39,72,28,5,58,22,4
TR,Los Angeles,2020,first_gen_status,first_gen,2,3.39,3.74,397,88,13,71,16,2
TR,Los Angeles,2020,first_gen_status,first_gen,3,3.74,4.0,746,147,18,78,15,2
TR,Los Angeles,2020,first_gen_status,not_first_gen,1,1.25,3.39,55,13,2,71,17,3
TR,Los Angeles,2020,first_gen_status,not_first_gen,2,3.39,3.74,340,90,11,71,19,2
TR,Los Angeles,2020,first_gen_status,not_first_gen,3,3.74,4.0,1130,251,27,76,17,2
TR,Los Angeles,2020,pell_status,non_pell,1,1.25,3.39,43,14,3,61,20,4
TR,Los Angeles,2020,pell_status,non_pell,2,3.39,3.74,392,80,11,74,15,2
TR,Los Angeles,2020,pell_status,non_pell,3,3.74,4.0,1194,239,34,77,15,2
TR,Los Angeles,2020,pell_status,pell,1,1.25,3.39,89,27,4,65,20,3
TR,Los Angeles,2020,pell_status,pell,2,3.39,3.74,367,106,13,68,20,2
TR,Los Angeles,2020,pell_status,pell,3,3.74,4.0,722,170,14,76,18,1
TR,Los Angeles,2021,ethnicity,aian,1,1.0,3.5,1,1,0,50,50,0
TR,Los Angeles,2021,ethnicity,aian,2,3.5,3.82,5,1,1,56,11,11
TR,Los Angeles,2021,ethnicity,aian,3,3.82,4.0,10,1,0,83,8,0
TR,Los Angeles,2021,ethnicity,asian,1,1.0,3.5,8,0,0,62,0,0
TR,Los Angeles,2021,ethnicity,asian,2,3.5,3.82,135,45,3,69,23,2
TR,Los Angeles,2021,ethnicity,asian,3,3.82,4.0,524,101,12,77,15,2
TR,Los Angeles,2021,ethnicity,black,1,1.0,3.5,20,4,1,67,13,3
TR,Los Angeles,2021,ethnicity,black,2,3.5,3.82,60,16,3,69,18,3
TR,Los Angeles,2021,ethnicity,black,3,3.82,4.0,53,22,1,65,27,1
TR,Los Angeles,2021,ethnicity,hispanic_latino,1,1.0,3.5,40,10,3,63,16,5
TR,Los Angeles,2021,ethnicity,hispanic_latino,2,3.5,3.82,244,58,7,72,17,2
TR,Los Angeles,2021,ethnicity,hispanic_latino,3,3.82,4.0,338,49,10,80,12,2
TR,Los Angeles,2021,ethnicity,international,1,1.0,3.5,2,1,1,40,20,20
TR,Los Angeles,2021,ethnicity,international,2,3.5,3.82,39,8,0,71,15,0
TR,Los Angeles,2021,ethnicity,international,3,3.82,4.0,306,53,12,77,13,3
TR,Los Angeles,2021,ethnicity,white,1,1.0,3.5,23,4,0,85,15,0
TR,Los Angeles,2021,ethnicity,white,2,3.5,3.82,165,26,3,81,13,1
TR,Los Angeles,2021,ethnicity,white,3,3.82,4.0,609,97,9,82,13,1
TR,Los Angeles,2021,first_gen_status,first_gen,1,1.0,3.5,56,15,4,65,17,5
TR,Los Angeles,2021,first_gen_status,first_gen,2,3.5,3.82,345,84,8,71,17,2
TR,Los Angeles,2021,first_gen_status,first_gen,3,3.82,4.0,705,123,21,79,14,2
TR,Los Angeles,2021,first_gen_status,not_first_gen,1,1.0,3.5,38,5,1,70,9,2
TR,Los Angeles,2021,first_gen_status,not_first_gen,2,3.5,3.82,294,72,8,74,18,2
TR,Los Angeles,2021,first_gen_status,not_first_gen,3,3.82,4.0,1112,198,24,79,14,2
TR,Los Angeles,2021,pell_status,non_pell,1,1.0,3.5,39,8,1,68,14,2
TR,Los Angeles,2021,pell_status,non_pell,2,3.5,3.82,318,70,6,75,17,1
TR,Los Angeles,2021,pell_status,non_pell,3,3.82,4.0,1194,187,29,80,13,2
TR,Los Angeles,2021,pell_status,pell,1,1.0,3.5,56,12,4,66,14,5
TR,Los Angeles,2021,pell_status,pell,2,3.5,3.82,337,90,11,70,19,2
TR,Los Angeles,2021,pell_status,pell,3,3.82,4.0,700,140,18,77,15,2
TR,Merced,2010,ethnicity,aian,1,0.33,3.25,0,1,0,0,100,0
TR,Merced,2010,ethnicity,aian,2,3.25,3.63,1,0,0,100,0,0
TR,Merced,2010,ethnicity,asian,1,0.33,3.25,10,18,2,29,51,6
TR,Merced,2010,ethnicity,asian,2,3.25,3.63,3,0,0,75,0,0
TR,Merced,2010,ethnicity,asian,3,3.63,4.0,1,0,0,50,0,0
TR,Merced,2010,ethnicity,black,1,0.33,3.25,3,2,2,38,25,25
TR,Merced,2010,ethnicity,black,2,3.25,3.63,0,1,1,0,50,50
TR,Merced,2010,ethnicity,black,3,3.63,4.0,2,1,1,50,25,25
TR,Merced,2010,ethnicity,hispanic_latino,1,0.33,3.25,6,16,6,14,37,14
TR,Merced,2010,ethnicity,hispanic_latino,2,3.25,3.63,4,2,0,50,25,0
TR,Merced,2010,ethnicity,hispanic_latino,3,3.63,4.0,2,3,0,33,50,0
TR,Merced,2010,ethnicity,international,1,0.33,3.25,0,1,0,0,100,0
TR,Merced,2010,ethnicity,international,2,3.63,4.0,1,0,0,100,0,0
TR,Merced,2010,ethnicity,white,1,0.33,3.25,12,15,5,30,38,13
TR,Merced,2010,ethnicity,white,2,3.25,3.63,8,4,2,50,25,13
TR,Merced,2010,ethnicity,white,3,3.63,4.0,2,8,1,12,47,6
TR,Merced,2010,first_gen_status,first_gen,1,0.33,3.25,18,29,5,25,40,7
TR,Merced,2010,first_gen_status,first_gen,2,3.25,3.63,9,4,0,60,27,0
TR,Merced,2010,first_gen_status,first_gen,3,3.63,4.0,6,8,0,32,42,0
TR,Merced,2010,first_gen_status,not_first_gen,1,0.33,3.25,15,25,8,28,46,15
TR,Merced,2010,first_gen_status,not_first_gen,2,3.25,3.63,5,3,3,33,20,20
TR,Merced,2010,first_gen_status,not_first_gen,3,3.63,4.0,1,2,2,13,25,25
TR,Merced,2010,pell_status,non_pell,1,0.33,3.25,14,17,4,32,39,9
TR,Merced,2010,pell_status,non_pell,2,3.25,3.63,5,1,1,56,11,11
TR,Merced,2010,pell_status,non_pell,3,3.63,4.0,1,3,1,14,43,14
TR,Merced,2010,pell_status,pell,1,0.33,3.25,21,41,11,22,43,11
TR,Merced,2010,pell_status,pell,2,3.25,3.63,11,7,2,46,29,8
TR,Merced,2010,pell_status,pell,3,3.63,4.0,7,10,1,29,42,4
TR,Merced,2011,ethnicity,aian,1,0.31,3.27,0,1,0,0,100,0
TR,Merced,2011,ethnicity,aian,2,3.27,3.63,0,1,0,0,100,0
TR,Merced,2011,ethnicity,asian,1,0.31,3.27,14,8,3,40,23,9
TR,Merced,2011,ethnicity,asian,2,3.27,3.63,3,1,0,60,20,0
TR,Merced,2011,ethnicity,asian,3,3.63,4.0,0,2,0,0,100,0
TR,Merced,2011,ethnicity,black,1,0.31,3.27,6,2,3,46,15,23
TR,Merced,2011,ethnicity,black,2,3.27,3.63,0,0,1,0,0,50
TR,Merced,2011,ethnicity,hispanic_latino,1,0.31,3.27,18,16,0,38,34,0
TR,Merced,2011,ethnicity,hispanic_latino,2,3.27,3.63,1,1,0,25,25,0
TR,Merced,2011,ethnicity,hispanic_latino,3,3.63,4.0,2,1,0,67,33,0
TR,Merced,2011,ethnicity,international,1,0.31,3.27,2,1,0,67,33,0
TR,Merced,2011,ethnicity,international,2,3.63,4.0,0,1,0,0,100,0
TR,Merced,2011,ethnicity,white,1,0.31,3.27,9,11,0,32,39,0
TR,Merced,2011,ethnicity,white,2,3.27,3.63,7,3,1,58,25,8
TR,Merced,2011,ethnicity,white,3,3.63,4.0,7,2,0,70,20,0
TR,Merced,2011,first_gen_status,first_gen,1,0.31,3.27,32,18,3,41,23,4
TR,Merced,2011,first_gen_status,first_gen,2,3.27,3.63,6,5,1,38,31,6
TR,Merced,2011,first_gen_status,first_gen,3,3.63,4.0,4,4,0,44,44,0
TR,Merced,2011,first_gen_status,not_first_gen,1,0.31,3.27,16,19,3,36,42,7
TR,Merced,2011,first_gen_status,not_first_gen,2,3.27,3.63,4,1,0,67,17,0
TR,Merced,2011,first_gen_status,not_first_gen,3,3.63,4.0,4,2,1,57,29,14
TR,Merced,2011,pell_status,non_pell,1,0.31,3.27,18,8,0,60,27,0
TR,Merced,2011,pell_status,non_pell,2,3.27,3.63,2,1,0,50,25,0
TR,Merced,2011,pell_status,non_pell,3,3.63,4.0,1,0,0,100,0,0
TR,Merced,2011,pell_status,pell,1,0.31,3.27,33,32,6,33,32,6
TR,Merced,2011,pell_status,pell,2,3.27,3.63,9,5,2,45,25,10
TR,Merced,2011,pell_status,pell,3,3.63,4.0,8,6,1,50,38,6
TR,Merced,2012,ethnicity,aian,1,0.3,3.3,0,2,1,0,67,33
TR,Merced,2012,ethnicity,aian,2,3.3,3.65,1,0,0,100,0,0
TR,Merced,2012,ethnicity,asian,1,0.3,3.3,8,10,2,33,42,8
TR,Merced,2012,ethnicity,asian,2,3.3,3.65,0,0,1,0,0,100
TR,Merced,2012,ethnicity,asian,3,3.65,4.0,0,3,0,0,100,0
TR,Merced,2012,ethnicity,black,1,0.3,3.3,4,2,1,50,25,13
TR,Merced,2012,ethnicity,black,2,3.3,3.65,1,0,0,100,0,0
TR,Merced,2012,ethnicity,hispanic_latino,1,0.3,3.3,13,10,2,45,34,7
TR,Merced,2012,ethnicity,hispanic_latino,2,3.3,3.65,5,3,1,56,33,11
TR,Merced,2012,ethnicity,hispanic_latino,3,3.65,4.0,2,2,0,50,50,0
TR,Merced,2012,ethnicity,international,1,0.3,3.3,0,1,0,0,100,0
TR,Merced,2012,ethnicity,international,2,3.3,3.65,0,2,0,0,100,0
TR,Merced,2012,ethnicity,white,1,0.3,3.3,6,5,2,29,24,10
TR,Merced,2012,ethnicity,white,2,3.3,3.65,4,3,2,44,33,22
TR,Merced,2012,ethnicity,white,3,3.65,4.0,5,3,0,56,33,0
TR,Merced,2012,first_gen_status,first_gen,1,0.3,3.3,20,22,4,36,40,7
TR,Merced,2012,first_gen_status,first_gen,2,3.3,3.65,9,8,3,43,38,14
TR,Merced,2012,first_gen_status,first_gen,3,3.65,4.0,4,8,0,33,67,0
TR,Merced,2012,first_gen_status,not_first_gen,1,0.3,3.3,12,7,4,40,23,13
TR,Merced,2012,first_gen_status,not_first_gen,2,3.3,3.65,2,0,1,67,0,33
TR,Merced,2012,first_gen_status,not_first_gen,3,3.65,4.0,3,0,0,75,0,0
TR,Merced,2012,pell_status,non_pell,1,0.3,3.3,9,7,2,36,28,8
TR,Merced,2012,pell_status,non_pell,2,3.3,3.65,2,2,0,50,50,0
TR,Merced,2012,pell_status,non_pell,3,3.65,4.0,2,1,0,67,33,0
TR,Merced,2012,pell_status,pell,1,0.3,3.3,24,23,6,38,37,10
TR,Merced,2012,pell_status,pell,2,3.3,3.65,9,6,5,43,29,24
TR,Merced,2012,pell_status,pell,3,3.65,4.0,5,7,0,38,54,0
TR,Merced,2013,ethnicity,asian,1,0.32,3.31,7,7,0,44,44,0
TR,Merced,2013,ethnicity,asian,2,3.31,3.66,1,0,0,100,0,0
TR,Merced,2013,ethnicity,asian,3,3.66,4.0,0,1,0,0,100,0
TR,Merced,2013,ethnicity,black,1,0.32,3.31,4,1,0,80,20,0
TR,Merced,2013,ethnicity,hispanic_latino,1,0.32,3.31,10,10,2,38,38,8
TR,Merced,2013,ethnicity,hispanic_latino,2,3.31,3.66,1,1,2,20,20,40
TR,Merced,2013,ethnicity,hispanic_latino,3,3.66,4.0,3,0,0,75,0,0
TR,Merced,2013,ethnicity,international,1,0.32,3.31,3,2,0,50,33,0
TR,Merced,2013,ethnicity,international,2,3.31,3.66,1,0,0,50,0,0
TR,Merced,2013,ethnicity,white,1,0.32,3.31,3,8,1,23,62,8
TR,Merced,2013,ethnicity,white,2,3.31,3.66,2,7,0,20,70,0
TR,Merced,2013,ethnicity,white,3,3.66,4.0,4,5,1,40,50,10
TR,Merced,2013,first_gen_status,first_gen,1,0.32,3.31,15,22,2,34,50,5
TR,Merced,2013,first_gen_status,first_gen,2,3.31,3.66,2,5,1,18,45,9
TR,Merced,2013,first_gen_status,first_gen,3,3.66,4.0,4,1,0,80,20,0
TR,Merced,2013,first_gen_status,not_first_gen,1,0.32,3.31,12,6,1,55,27,5
TR,Merced,2013,first_gen_status,not_first_gen,2,3.31,3.66,2,2,1,40,40,20
TR,Merced,2013,first_gen_status,not_first_gen,3,3.66,4.0,4,5,1,36,45,9
TR,Merced,2013,pell_status,non_pell,1,0.32,3.31,9,3,0,60,20,0
TR,Merced,2013,pell_status,non_pell,2,3.31,3.66,2,0,0,50,0,0
TR,Merced,2013,pell_status,non_pell,3,3.66,4.0,1,1,1,33,33,33
TR,Merced,2013,pell_status,pell,1,0.32,3.31,19,25,3,37,48,6
TR,Merced,2013,pell_status,pell,2,3.31,3.66,3,8,2,21,57,14
TR,Merced,2013,pell_status,pell,3,3.66,4.0,7,5,0,54,38,0
TR,Merced,2014,ethnicity,aian,1,3.34,3.68,0,1,0,0,100,0
TR,Merced,2014,ethnicity,aian,2,3.68,4.0,1,0,0,100,0,0
TR,Merced,2014,ethnicity,asian,1,0.82,3.34,8,3,2,57,21,14
TR,Merced,2014,ethnicity,asian,2,3.34,3.68,0,2,0,0,100,0
TR,Merced,2014,ethnicity,asian,3,3.68,4.0,1,0,0,100,0,0
TR,Merced,2014,ethnicity,black,1,0.82,3.34,2,3,0,29,43,0
TR,Merced,2014,ethnicity,black,2,3.34,3.68,0,1,0,0,100,0
TR,Merced,2014,ethnicity,hispanic_latino,1,0.82,3.34,14,16,2,41,47,6
TR,Merced,2014,ethnicity,hispanic_latino,2,3.34,3.68,2,1,0,50,25,0
TR,Merced,2014,ethnicity,hispanic_latino,3,3.68,4.0,1,1,0,33,33,0
TR,Merced,2014,ethnicity,international,1,0.82,3.34,1,2,0,33,67,0
TR,Merced,2014,ethnicity,international,2,3.68,4.0,0,1,0,0,100,0
TR,Merced,2014,ethnicity,white,1,0.82,3.34,8,7,0,40,35,0
TR,Merced,2014,ethnicity,white,2,3.34,3.68,4,1,0,80,20,0
TR,Merced,2014,ethnicity,white,3,3.68,4.0,1,6,0,13,75,0
TR,Merced,2014,first_gen_status,first_gen,1,0.82,3.34,21,23,4,39,43,7
TR,Merced,2014,first_gen_status,first_gen,2,3.34,3.68,5,4,0,50,40,0
TR,Merced,2014,first_gen_status,first_gen,3,3.68,4.0,2,6,0,22,67,0
TR,Merced,2014,first_gen_status,not_first_gen,1,0.82,3.34,9,9,0,39,39,0
TR,Merced,2014,first_gen_status,not_first_gen,2,3.34,3.68,1,1,0,50,50,0
TR,Merced,2014,first_gen_status,not_first_gen,3,3.68,4.0,1,2,0,25,50,0
TR,Merced,2014,pell_status,non_pell,1,0.82,3.34,10,5,1,56,28,6
TR,Merced,2014,pell_status,non_pell,2,3.34,3.68,3,2,0,60,40,0
TR,Merced,2014,pell_status,non_pell,3,3.68,4.0,2,4,0,33,67,0
TR,Merced,2014,pell_status,pell,1,0.82,3.34,23,27,3,37,44,5
TR,Merced,2014,pell_status,pell,2,3.34,3.68,3,4,0,38,50,0
TR,Merced,2014,pell_status,pell,3,3.68,4.0,2,4,0,25,50,0
TR,Merced,2015,ethnicity,aian,1,3.34,3.68,1,0,0,100,0,0
TR,Merced,2015,ethnicity,asian,1,1.4,3.34,6,6,1,46,46,8
TR,Merced,2015,ethnicity,asian,2,3.34,3.68,1,1,0,50,50,0
TR,Merced,2015,ethnicity,asian,3,3.68,4.0,0,1,0,0,100,0
TR,Merced,2015,ethnicity,black,1,1.4,3.34,0,1,0,0,25,0
TR,Merced,2015,ethnicity,hispanic_latino,1,1.4,3.34,21,6,2,62,18,6
TR,Merced,2015,ethnicity,hispanic_latino,2,3.34,3.68,1,0,0,50,0,0
TR,Merced,2015,ethnicity,hispanic_latino,3,3.68,4.0,1,0,1,50,0,50
TR,Merced,2015,ethnicity,international,1,1.4,3.34,2,1,2,40,20,40
TR,Merced,2015,ethnicity,international,2,3.34,3.68,1,0,0,100,0,0
TR,Merced,2015,ethnicity,international,3,3.68,4.0,2,0,0,100,0,0
TR,Merced,2015,ethnicity,white,1,1.4,3.34,5,9,0,33,60,0
TR,Merced,2015,ethnicity,white,2,3.34,3.68,4,2,0,67,33,0
TR,Merced,2015,ethnicity,white,3,3.68,4.0,3,2,0,60,40,0
TR,Merced,2015,first_gen_status,first_gen,1,1.4,3.34,27,12,3,56,25,6
TR,Merced,2015,first_gen_status,first_gen,2,3.34,3.68,4,1,0,67,17,0
TR,Merced,2015,first_gen_status,first_gen,3,3.68,4.0,5,1,1,71,14,14
TR,Merced,2015,first_gen_status,not_first_gen,1,1.4,3.34,8,11,1,35,48,4
TR,Merced,2015,first_gen_status,not_first_gen,2,3.34,3.68,3,2,0,60,40,0
TR,Merced,2015,first_gen_status,not_first_gen,3,3.68,4.0,1,2,0,33,67,0
TR,Merced,2015,pell_status,non_pell,1,1.4,3.34,10,10,1,43,43,4
TR,Merced,2015,pell_status,non_pell,2,3.34,3.68,1,1,0,50,50,0
TR,Merced,2015,pell_status,non_pell,3,3.68,4.0,3,0,0,100,0,0
TR,Merced,2015,pell_status,pell,1,1.4,3.34,25,14,4,50,28,8
TR,Merced,2015,pell_status,pell,2,3.34,3.68,7,2,0,70,20,0
TR,Merced,2015,pell_status,pell,3,3.68,4.0,3,3,1,43,43,14
TR,Merced,2016,ethnicity,asian,1,0.36,3.33,13,7,2,48,26,7
TR,Merced,2016,ethnicity,asian,2,3.33,3.68,0,2,0,0,100,0
TR,Merced,2016,ethnicity,asian,3,3.68,4.0,0,1,0,0,50,0
TR,Merced,2016,ethnicity,black,1,0.36,3.33,6,2,0,75,25,0
TR,Merced,2016,ethnicity,hispanic_latino,1,0.36,3.33,24,23,3,40,38,5
TR,Merced,2016,ethnicity,hispanic_latino,2,3.33,3.68,9,3,1,69,23,8
TR,Merced,2016,ethnicity,hispanic_latino,3,3.68,4.0,2,0,0,67,0,0
TR,Merced,2016,ethnicity,international,1,0.36,3.33,6,5,0,55,45,0
TR,Merced,2016,ethnicity,international,2,3.33,3.68,2,0,0,100,0,0
TR,Merced,2016,ethnicity,international,3,3.68,4.0,0,1,0,0,100,0
TR,Merced,2016,ethnicity,white,1,0.36,3.33,17,14,3,47,39,8
TR,Merced,2016,ethnicity,white,2,3.33,3.68,1,3,0,25,75,0
TR,Merced,2016,ethnicity,white,3,3.68,4.0,2,0,0,100,0,0
TR,Merced,2016,first_gen_status,first_gen,1,0.36,3.33,44,35,5,45,36,5
TR,Merced,2016,first_gen_status,first_gen,2,3.33,3.68,9,5,1,56,31,6
TR,Merced,2016,first_gen_status,first_gen,3,3.68,4.0,3,1,0,60,20,0
TR,Merced,2016,first_gen_status,not_first_gen,1,0.36,3.33,17,14,3,46,38,8
TR,Merced,2016,first_gen_status,not_first_gen,2,3.33,3.68,2,3,0,40,60,0
TR,Merced,2016,first_gen_status,not_first_gen,3,3.68,4.0,1,1,0,25,25,0
TR,Merced,2016,pell_status,non_pell,1,0.36,3.33,21,11,1,58,31,3
TR,Merced,2016,pell_status,non_pell,2,3.33,3.68,4,4,0,44,44,0
TR,Merced,2016,pell_status,non_pell,3,3.68,4.0,2,2,0,50,50,0
TR,Merced,2016,pell_status,pell,1,0.36,3.33,45,40,7,42,38,7
TR,Merced,2016,pell_status,pell,2,3.33,3.68,8,4,1,62,31,8
TR,Merced,2016,pell_status,pell,3,3.68,4.0,2,0,0,40,0,0
TR,Merced,2017,ethnicity,aian,1,0.3,3.33,0,1,0,0,100,0
TR,Merced,2017,ethnicity,asian,1,0.3,3.33,12,6,1,57,29,5
TR,Merced,2017,ethnicity,asian,2,3.33,3.69,1,1,0,33,33,0
TR,Merced,2017,ethnicity,asian,3,3.69,4.0,1,3,0,25,75,0
TR,Merced,2017,ethnicity,black,1,0.3,3.33,5,2,1,63,25,13
TR,Merced,2017,ethnicity,black,2,3.33,3.69,1,0,0,100,0,0
TR,Merced,2017,ethnicity,hispanic_latino,1,0.3,3.33,28,15,2,56,30,4
TR,Merced,2017,ethnicity,hispanic_latino,2,3.33,3.69,5,2,0,56,22,0
TR,Merced,2017,ethnicity,hispanic_latino,3,3.69,4.0,5,1,0,71,14,0
TR,Merced,2017,ethnicity,international,1,0.3,3.33,3,3,1,33,33,11
TR,Merced,2017,ethnicity,international,2,3.33,3.69,1,1,0,50,50,0
TR,Merced,2017,ethnicity,international,3,3.69,4.0,0,1,0,0,100,0
TR,Merced,2017,ethnicity,white,1,0.3,3.33,7,9,0,35,45,0
TR,Merced,2017,ethnicity,white,2,3.33,3.69,3,5,0,38,63,0
TR,Merced,2017,ethnicity,white,3,3.69,4.0,4,2,1,57,29,14
TR,Merced,2017,first_gen_status,first_gen,1,0.3,3.33,44,19,4,58,25,5
TR,Merced,2017,first_gen_status,first_gen,2,3.33,3.69,7,4,0,54,31,0
TR,Merced,2017,first_gen_status,first_gen,3,3.69,4.0,8,3,0,73,27,0
TR,Merced,2017,first_gen_status,not_first_gen,1,0.3,3.33,11,15,0,38,52,0
TR,Merced,2017,first_gen_status,not_first_gen,2,3.33,3.69,2,5,0,25,63,0
TR,Merced,2017,first_gen_status,not_first_gen,3,3.69,4.0,2,3,1,33,50,17
TR,Merced,2017,pell_status,non_pell,1,0.3,3.33,19,10,0,59,31,0
TR,Merced,2017,pell_status,non_pell,2,3.33,3.69,3,4,0,38,50,0
TR,Merced,2017,pell_status,non_pell,3,3.69,4.0,5,2,0,71,29,0
TR,Merced,2017,pell_status,pell,1,0.3,3.33,38,26,5,48,33,6
TR,Merced,2017,pell_status,pell,2,3.33,3.69,8,6,0,50,38,0
TR,Merced,2017,pell_status,pell,3,3.69,4.0,5,5,1,42,42,8
TR,Merced,2018,ethnicity,aian,1,0.32,3.34,1,0,0,50,0,0
TR,Merced,2018,ethnicity,asian,1,0.32,3.34,10,11,3,40,44,12
TR,Merced,2018,ethnicity,asian,2,3.34,3.7,0,1,1,0,33,33
TR,Merced,2018,ethnicity,asian,3,3.7,4.0,0,0,0,0,0,0
TR,Merced,2018,ethnicity,black,1,0.32,3.34,3,5,0,30,50,0
TR,Merced,2018,ethnicity,black,2,3.7,4.0,0,1,0,0,100,0
TR,Merced,2018,ethnicity,hispanic_latino,1,0.32,3.34,29,27,2,40,38,3
TR,Merced,2018,ethnicity,hispanic_latino,2,3.34,3.7,6,3,0,55,27,0
TR,Merced,2018,ethnicity,hispanic_latino,3,3.7,4.0,1,3,0,20,60,0
TR,Merced,2018,ethnicity,international,1,0.32,3.34,1,9,0,10,90,0
TR,Merced,2018,ethnicity,international,2,3.34,3.7,0,1,0,0,100,0
TR,Merced,2018,ethnicity,international,3,3.7,4.0,3,1,1,60,20,20
TR,Merced,2018,ethnicity,white,1,0.32,3.34,7,4,0,41,24,0
TR,Merced,2018,ethnicity,white,2,3.34,3.7,5,4,0,50,40,0
TR,Merced,2018,ethnicity,white,3,3.7,4.0,10,2,0,77,15,0
TR,Merced,2018,first_gen_status,first_gen,1,0.32,3.34,32,40,4,34,43,4
TR,Merced,2018,first_gen_status,first_gen,2,3.34,3.7,5,5,1,36,36,7
TR,Merced,2018,first_gen_status,first_gen,3,3.7,4.0,6,4,0,50,33,0
TR,Merced,2018,first_gen_status,not_first_gen,1,0.32,3.34,19,13,2,45,31,5
TR,Merced,2018,first_gen_status,not_first_gen,2,3.34,3.7,5,4,0,50,40,0
TR,Merced,2018,first_gen_status,not_first_gen,3,3.7,4.0,8,3,0,67,25,0
TR,Merced,2018,pell_status,non_pell,1,0.32,3.34,19,19,0,40,40,0
TR,Merced,2018,pell_status,non_pell,2,3.34,3.7,6,3,0,67,33,0
TR,Merced,2018,pell_status,non_pell,3,3.7,4.0,11,2,1,79,14,7
TR,Merced,2018,pell_status,pell,1,0.32,3.34,33,38,6,35,41,6
TR,Merced,2018,pell_status,pell,2,3.34,3.7,5,6,1,31,38,6
TR,Merced,2018,pell_status,pell,3,3.7,4.0,4,5,0,33,42,0
TR,Merced,2019,ethnicity,aian,1,0.32,3.38,1,0,0,100,0,0
TR,Merced,2019,ethnicity,aian,2,3.38,3.73,0,0,0,0,0,0
TR,Merced,2019,ethnicity,asian,1,0.32,3.38,4,6,1,31,46,8
TR,Merced,2019,ethnicity,asian,2,3.38,3.73,1,2,0,33,67,0
TR,Merced,2019,ethnicity,asian,3,3.73,4.0,1,0,0,100,0,0
TR,Merced,2019,ethnicity,black,1,0.32,3.38,3,3,0,43,43,0
TR,Merced,2019,ethnicity,black,2,3.38,3.73,1,0,0,100,0,0
TR,Merced,2019,ethnicity,hispanic_latino,1,0.32,3.38,27,20,5,42,31,8
TR,Merced,2019,ethnicity,hispanic_latino,2,3.38,3.73,7,7,2,41,41,12
TR,Merced,2019,ethnicity,hispanic_latino,3,3.73,4.0,1,1,0,50,50,0
TR,Merced,2019,ethnicity,international,1,0.32,3.38,7,7,0,41,41,0
TR,Merced,2019,ethnicity,international,2,3.38,3.73,1,0,0,100,0,0
TR,Merced,2019,ethnicity,international,3,3.73,4.0,3,1,0,75,25,0
TR,Merced,2019,ethnicity,white,1,0.32,3.38,13,9,1,48,33,4
TR,Merced,2019,ethnicity,white,2,3.38,3.73,4,3,1,50,38,13
TR,Merced,2019,ethnicity,white,3,3.73,4.0,3,2,0,60,40,0
TR,Merced,2019,first_gen_status,first_gen,1,0.32,3.38,38,36,5,38,36,5
TR,Merced,2019,first_gen_status,first_gen,2,3.38,3.73,9,7,2,45,35,10
TR,Merced,2019,first_gen_status,first_gen,3,3.73,4.0,6,4,0,60,40,0
TR,Merced,2019,first_gen_status,not_first_gen,1,0.32,3.38,13,9,2,48,33,7
TR,Merced,2019,first_gen_status,not_first_gen,2,3.38,3.73,5,5,1,45,45,9
TR,Merced,2019,first_gen_status,not_first_gen,3,3.73,4.0,1,0,0,100,0,0
TR,Merced,2019,pell_status,non_pell,1,0.32,3.38,17,9,0,49,26,0
TR,Merced,2019,pell_status,non_pell,2,3.38,3.73,7,1,1,78,11,11
TR,Merced,2019,pell_status,non_pell,3,3.73,4.0,6,1,0,86,14,0
TR,Merced,2019,pell_status,pell,1,0.32,3.38,38,36,7,40,38,7
TR,Merced,2019,pell_status,pell,2,3.38,3.73,7,11,2,32,50,9
TR,Merced,2019,pell_status,pell,3,3.73,4.0,2,3,0,40,60,0
TR,Merced,2020,ethnicity,aian,1,1.25,3.39,1,0,0,50,0,0
TR,Merced,2020,ethnicity,asian,1,1.25,3.39,11,7,1,55,35,5
TR,Merced,2020,ethnicity,asian,2,3.39,3.74,3,2,0,60,40,0
TR,Merced,2020,ethnicity,asian,3,3.74,4.0,1,0,0,100,0,0
TR,Merced,2020,ethnicity,black,1,1.25,3.39,4,5,1,25,31,6
TR,Merced,2020,ethnicity,black,2,3.39,3.74,2,2,0,50,50,0
TR,Merced,2020,ethnicity,black,3,3.74,4.0,0,1,1,0,50,50
TR,Merced,2020,ethnicity,hispanic_latino,1,1.25,3.39,29,26,7,32,29,8
TR,Merced,2020,ethnicity,hispanic_latino,2,3.39,3.74,6,5,0,43,36,0
TR,Merced,2020,ethnicity,hispanic_latino,3,3.74,4.0,2,2,0,40,40,0
TR,Merced,2020,ethnicity,international,1,1.25,3.39,3,1,0,38,13,0
TR,Merced,2020,ethnicity,international,2,3.39,3.74,0,3,0,0,100,0
TR,Merced,2020,ethnicity,international,3,3.74,4.0,1,0,0,100,0,0
TR,Merced,2020,ethnicity,white,1,1.25,3.39,3,4,1,25,33,8
TR,Merced,2020,ethnicity,white,2,3.39,3.74,3,0,1,50,0,17
TR,Merced,2020,ethnicity,white,3,3.74,4.0,4,0,0,100,0,0
TR,Merced,2020,first_gen_status,first_gen,1,1.25,3.39,42,35,9,34,28,7
TR,Merced,2020,first_gen_status,first_gen,2,3.39,3.74,11,9,1,44,36,4
TR,Merced,2020,first_gen_status,first_gen,3,3.74,4.0,6,2,1,60,20,10
TR,Merced,2020,first_gen_status,not_first_gen,1,1.25,3.39,11,9,1,38,31,3
TR,Merced,2020,first_gen_status,not_first_gen,2,3.39,3.74,3,3,0,43,43,0
TR,Merced,2020,first_gen_status,not_first_gen,3,3.74,4.0,2,4,0,33,67,0
TR,Merced,2020,pell_status,non_pell,1,1.25,3.39,11,7,1,31,20,3
TR,Merced,2020,pell_status,non_pell,2,3.39,3.74,5,8,1,29,47,6
TR,Merced,2020,pell_status,non_pell,3,3.74,4.0,1,2,0,33,67,0
TR,Merced,2020,pell_status,pell,1,1.25,3.39,42,37,9,35,31,8
TR,Merced,2020,pell_status,pell,2,3.39,3.74,9,5,0,56,31,0
TR,Merced,2020,pell_status,pell,3,3.74,4.0,7,4,1,54,31,8
TR,Merced,2021,ethnicity,aian,1,1.0,3.5,1,0,0,50,0,0
TR,Merced,2021,ethnicity,aian,2,3.82,4.0,1,0,0,100,0,0
TR,Merced,2021,ethnicity,asian,1,1.0,3.5,31,16,1,54,28,2
TR,Merced,2021,ethnicity,asian,2,3.5,3.82,4,3,0,50,38,0
TR,Merced,2021,ethnicity,asian,3,3.82,4.0,3,1,0,75,25,0
TR,Merced,2021,ethnicity,black,1,1.0,3.5,5,1,1,50,10,10
TR,Merced,2021,ethnicity,black,2,3.5,3.82,1,1,0,50,50,0
TR,Merced,2021,ethnicity,hispanic_latino,1,1.0,3.5,53,25,3,55,26,3
TR,Merced,2021,ethnicity,hispanic_latino,2,3.5,3.82,11,6,1,48,26,4
TR,Merced,2021,ethnicity,hispanic_latino,3,3.82,4.0,6,1,0,75,13,0
TR,Merced,2021,ethnicity,international,1,1.0,3.5,4,3,1,44,33,11
TR,Merced,2021,ethnicity,international,2,3.5,3.82,1,0,0,50,0,0
TR,Merced,2021,ethnicity,international,3,3.82,4.0,1,0,0,100,0,0
TR,Merced,2021,ethnicity,white,1,1.0,3.5,14,5,2,56,20,8
TR,Merced,2021,ethnicity,white,2,3.5,3.82,3,2,2,38,25,25
TR,Merced,2021,ethnicity,white,3,3.82,4.0,4,1,1,67,17,17
TR,Merced,2021,first_gen_status,first_gen,1,1.0,3.5,77,36,5,53,25,3
TR,Merced,2021,first_gen_status,first_gen,2,3.5,3.82,16,7,2,53,23,7
TR,Merced,2021,first_gen_status,first_gen,3,3.82,4.0,9,2,0,75,17,0
TR,Merced,2021,first_gen_status,not_first_gen,1,1.0,3.5,30,14,3,54,25,5
TR,Merced,2021,first_gen_status,not_first_gen,2,3.5,3.82,4,5,1,31,38,8
TR,Merced,2021,first_gen_status,not_first_gen,3,3.82,4.0,6,1,1,75,13,13
TR,Merced,2021,pell_status,non_pell,1,1.0,3.5,28,14,1,55,27,2
TR,Merced,2021,pell_status,non_pell,2,3.5,3.82,5,0,0,63,0,0
TR,Merced,2021,pell_status,non_pell,3,3.82,4.0,5,1,0,83,17,0
TR,Merced,2021,pell_status,pell,1,1.0,3.5,80,37,7,53,25,5
TR,Merced,2021,pell_status,pell,2,3.5,3.82,15,12,3,43,34,9
TR,Merced,2021,pell_status,pell,3,3.82,4.0,10,2,1,71,14,7
TR,Riverside,2010,ethnicity,aian,1,0.33,3.25,5,0,0,83,0,0
TR,Riverside,2010,ethnicity,aian,2,3.25,3.63,1,0,0,100,0,0
TR,Riverside,2010,ethnicity,aian,3,3.63,4.0,0,1,0,0,100,0
TR,Riverside,2010,ethnicity,asian,1,0.33,3.25,135,60,7,54,24,3
TR,Riverside,2010,ethnicity,asian,2,3.25,3.63,28,13,4,55,25,8
TR,Riverside,2010,ethnicity,asian,3,3.63,4.0,15,4,0,75,20,0
TR,Riverside,2010,ethnicity,black,1,0.33,3.25,34,19,3,44,25,4
TR,Riverside,2010,ethnicity,black,2,3.25,3.63,9,4,0,56,25,0
TR,Riverside,2010,ethnicity,black,3,3.63,4.0,3,3,0,38,38,0
TR,Riverside,2010,ethnicity,hispanic_latino,1,0.33,3.25,126,68,12,49,26,5
TR,Riverside,2010,ethnicity,hispanic_latino,2,3.25,3.63,30,19,5,51,32,8
TR,Riverside,2010,ethnicity,hispanic_latino,3,3.63,4.0,6,5,0,43,36,0
TR,Riverside,2010,ethnicity,international,1,0.33,3.25,21,7,1,60,20,3
TR,Riverside,2010,ethnicity,international,2,3.25,3.63,11,0,0,92,0,0
TR,Riverside,2010,ethnicity,international,3,3.63,4.0,3,0,0,75,0,0
TR,Riverside,2010,ethnicity,white,1,0.33,3.25,97,38,9,54,21,5
TR,Riverside,2010,ethnicity,white,2,3.25,3.63,29,15,7,46,24,11
TR,Riverside,2010,ethnicity,white,3,3.63,4.0,21,4,4,66,13,13
TR,Riverside,2010,first_gen_status,first_gen,1,0.33,3.25,255,119,16,52,24,3
TR,Riverside,2010,first_gen_status,first_gen,2,3.25,3.63,68,31,5,57,26,4
TR,Riverside,2010,first_gen_status,first_gen,3,3.63,4.0,27,10,1,64,24,2
TR,Riverside,2010,first_gen_status,not_first_gen,1,0.33,3.25,155,70,13,52,23,4
TR,Riverside,2010,first_gen_status,not_first_gen,2,3.25,3.63,37,15,8,53,21,11
TR,Riverside,2010,first_gen_status,not_first_gen,3,3.63,4.0,15,6,2,54,21,7
TR,Riverside,2010,pell_status,non_pell,1,0.33,3.25,143,55,10,55,21,4
TR,Riverside,2010,pell_status,non_pell,2,3.25,3.63,44,11,3,68,17,5
TR,Riverside,2010,pell_status,non_pell,3,3.63,4.0,22,6,0,65,18,0
TR,Riverside,2010,pell_status,pell,1,0.33,3.25,302,153,25,50,25,4
TR,Riverside,2010,pell_status,pell,2,3.25,3.63,71,40,13,49,28,9
TR,Riverside,2010,pell_status,pell,3,3.63,4.0,29,12,4,57,24,8
TR,Riverside,2011,ethnicity,aian,1,0.31,3.27,2,2,0,33,33,0
TR,Riverside,2011,ethnicity,aian,2,3.27,3.63,1,0,0,100,0,0
TR,Riverside,2011,ethnicity,aian,3,3.63,4.0,0,0,0,0,0,0
TR,Riverside,2011,ethnicity,asian,1,0.31,3.27,205,68,12,59,20,3
TR,Riverside,2011,ethnicity,asian,2,3.27,3.63,27,15,3,51,28,6
TR,Riverside,2011,ethnicity,asian,3,3.63,4.0,10,12,2,38,46,8
TR,Riverside,2011,ethnicity,black,1,0.31,3.27,34,29,7,39,33,8
TR,Riverside,2011,ethnicity,black,2,3.27,3.63,7,4,0,58,33,0
TR,Riverside,2011,ethnicity,black,3,3.63,4.0,1,1,0,25,25,0
TR,Riverside,2011,ethnicity,hispanic_latino,1,0.31,3.27,206,94,17,56,26,5
TR,Riverside,2011,ethnicity,hispanic_latino,2,3.27,3.63,38,19,2,53,26,3
TR,Riverside,2011,ethnicity,hispanic_latino,3,3.63,4.0,10,10,2,40,40,8
TR,Riverside,2011,ethnicity,international,1,0.31,3.27,30,8,1,64,17,2
TR,Riverside,2011,ethnicity,international,2,3.27,3.63,5,3,1,50,30,10
TR,Riverside,2011,ethnicity,international,3,3.63,4.0,4,1,1,67,17,17
TR,Riverside,2011,ethnicity,white,1,0.31,3.27,140,53,8,57,22,3
TR,Riverside,2011,ethnicity,white,2,3.27,3.63,28,9,1,64,20,2
TR,Riverside,2011,ethnicity,white,3,3.63,4.0,32,13,4,62,25,8
TR,Riverside,2011,first_gen_status,first_gen,1,0.31,3.27,375,147,22,58,23,3
TR,Riverside,2011,first_gen_status,first_gen,2,3.27,3.63,68,30,4,55,24,3
TR,Riverside,2011,first_gen_status,first_gen,3,3.63,4.0,31,21,5,50,34,8
TR,Riverside,2011,first_gen_status,not_first_gen,1,0.31,3.27,226,96,22,54,23,5
TR,Riverside,2011,first_gen_status,not_first_gen,2,3.27,3.63,39,20,4,56,29,6
TR,Riverside,2011,first_gen_status,not_first_gen,3,3.63,4.0,24,14,3,51,30,6
TR,Riverside,2011,pell_status,non_pell,1,0.31,3.27,193,55,9,61,17,3
TR,Riverside,2011,pell_status,non_pell,2,3.27,3.63,41,13,1,64,20,2
TR,Riverside,2011,pell_status,non_pell,3,3.63,4.0,27,11,4,57,23,9
TR,Riverside,2011,pell_status,pell,1,0.31,3.27,433,202,37,55,25,5
TR,Riverside,2011,pell_status,pell,2,3.27,3.63,68,39,7,51,29,5
TR,Riverside,2011,pell_status,pell,3,3.63,4.0,33,27,5,46,38,7
TR,Riverside,2012,ethnicity,aian,1,0.3,3.3,2,2,0,29,29,0
TR,Riverside,2012,ethnicity,aian,2,3.65,4.0,2,2,0,50,50,0
TR,Riverside,2012,ethnicity,asian,1,0.3,3.3,137,61,11,56,25,5
TR,Riverside,2012,ethnicity,asian,2,3.3,3.65,34,12,2,67,24,4
TR,Riverside,2012,ethnicity,asian,3,3.65,4.0,14,6,1,64,27,5
TR,Riverside,2012,ethnicity,black,1,0.3,3.3,25,21,4,39,33,6
TR,Riverside,2012,ethnicity,black,2,3.3,3.65,4,4,0,50,50,0
TR,Riverside,2012,ethnicity,black,3,3.65,4.0,1,0,0,50,0,0
TR,Riverside,2012,ethnicity,hispanic_latino,1,0.3,3.3,147,95,12,46,29,4
TR,Riverside,2012,ethnicity,hispanic_latino,2,3.3,3.65,33,25,6,45,34,8
TR,Riverside,2012,ethnicity,hispanic_latino,3,3.65,4.0,6,9,3,30,45,15
TR,Riverside,2012,ethnicity,international,1,0.3,3.3,48,9,2,66,12,3
TR,Riverside,2012,ethnicity,international,2,3.3,3.65,14,4,0,67,19,0
TR,Riverside,2012,ethnicity,international,3,3.65,4.0,7,2,1,64,18,9
TR,Riverside,2012,ethnicity,white,1,0.3,3.3,73,53,11,45,33,7
TR,Riverside,2012,ethnicity,white,2,3.3,3.65,31,14,2,53,24,3
TR,Riverside,2012,ethnicity,white,3,3.65,4.0,14,15,3,41,44,9
TR,Riverside,2012,first_gen_status,first_gen,1,0.3,3.3,277,154,23,50,28,4
TR,Riverside,2012,first_gen_status,first_gen,2,3.3,3.65,70,37,8,53,28,6
TR,Riverside,2012,first_gen_status,first_gen,3,3.65,4.0,26,24,7,41,38,11
TR,Riverside,2012,first_gen_status,not_first_gen,1,0.3,3.3,146,85,18,49,29,6
TR,Riverside,2012,first_gen_status,not_first_gen,2,3.3,3.65,43,21,2,57,28,3
TR,Riverside,2012,first_gen_status,not_first_gen,3,3.65,4.0,18,9,0,64,32,0
TR,Riverside,2012,pell_status,non_pell,1,0.3,3.3,153,57,12,58,22,5
TR,Riverside,2012,pell_status,non_pell,2,3.3,3.65,42,22,1,57,30,1
TR,Riverside,2012,pell_status,non_pell,3,3.65,4.0,20,11,1,61,33,3
TR,Riverside,2012,pell_status,pell,1,0.3,3.3,293,189,30,46,30,5
TR,Riverside,2012,pell_status,pell,2,3.3,3.65,75,39,9,52,27,6
TR,Riverside,2012,pell_status,pell,3,3.65,4.0,25,26,7,39,41,11
TR,Riverside,2013,ethnicity,aian,1,0.32,3.31,5,3,0,56,33,0
TR,Riverside,2013,ethnicity,aian,2,3.66,4.0,0,1,0,0,100,0
TR,Riverside,2013,ethnicity,asian,1,0.32,3.31,143,52,12,58,21,5
TR,Riverside,2013,ethnicity,asian,2,3.31,3.66,20,10,1,61,30,3
TR,Riverside,2013,ethnicity,asian,3,3.66,4.0,25,3,0,86,10,0
TR,Riverside,2013,ethnicity,black,1,0.32,3.31,37,14,4,49,18,5
TR,Riverside,2013,ethnicity,black,2,3.31,3.66,8,4,1,50,25,6
TR,Riverside,2013,ethnicity,black,3,3.66,4.0,0,2,0,0,100,0
TR,Riverside,2013,ethnicity,hispanic_latino,1,0.32,3.31,189,88,16,55,26,5
TR,Riverside,2013,ethnicity,hispanic_latino,2,3.31,3.66,44,21,1,58,28,1
TR,Riverside,2013,ethnicity,hispanic_latino,3,3.66,4.0,23,5,3,70,15,9
TR,Riverside,2013,ethnicity,international,1,0.32,3.31,56,13,1,70,16,1
TR,Riverside,2013,ethnicity,international,2,3.31,3.66,17,4,0,81,19,0
TR,Riverside,2013,ethnicity,international,3,3.66,4.0,3,1,0,60,20,0
TR,Riverside,2013,ethnicity,white,1,0.32,3.31,127,48,8,59,22,4
TR,Riverside,2013,ethnicity,white,2,3.31,3.66,34,12,3,64,23,6
TR,Riverside,2013,ethnicity,white,3,3.66,4.0,27,10,4,60,22,9
TR,Riverside,2013,first_gen_status,first_gen,1,0.32,3.31,341,137,21,57,23,4
TR,Riverside,2013,first_gen_status,first_gen,2,3.31,3.66,75,36,4,59,28,3
TR,Riverside,2013,first_gen_status,first_gen,3,3.66,4.0,51,11,4,71,15,6
TR,Riverside,2013,first_gen_status,not_first_gen,1,0.32,3.31,197,76,17,58,22,5
TR,Riverside,2013,first_gen_status,not_first_gen,2,3.31,3.66,44,19,2,64,28,3
TR,Riverside,2013,first_gen_status,not_first_gen,3,3.66,4.0,30,11,3,64,23,6
TR,Riverside,2013,pell_status,non_pell,1,0.32,3.31,189,52,3,65,18,1
TR,Riverside,2013,pell_status,non_pell,2,3.31,3.66,52,22,2,64,27,2
TR,Riverside,2013,pell_status,non_pell,3,3.66,4.0,30,4,1,79,11,3
TR,Riverside,2013,pell_status,pell,1,0.32,3.31,371,171,38,54,25,6
TR,Riverside,2013,pell_status,pell,2,3.31,3.66,73,33,4,59,27,3
TR,Riverside,2013,pell_status,pell,3,3.66,4.0,52,19,6,63,23,7
TR,Riverside,2014,ethnicity,aian,1,0.82,3.34,5,2,0,56,22,0
TR,Riverside,2014,ethnicity,aian,2,3.68,4.0,1,1,0,50,50,0
TR,Riverside,2014,ethnicity,asian,1,0.82,3.34,161,50,10,65,20,4
TR,Riverside,2014,ethnicity,asian,2,3.34,3.68,36,14,2,63,25,4
TR,Riverside,2014,ethnicity,asian,3,3.68,4.0,8,7,0,53,47,0
TR,Riverside,2014,ethnicity,black,1,0.82,3.34,38,15,3,51,20,4
TR,Riverside,2014,ethnicity,black,2,3.34,3.68,8,2,0,67,17,0
TR,Riverside,2014,ethnicity,black,3,3.68,4.0,4,1,1,67,17,17
TR,Riverside,2014,ethnicity,hispanic_latino,1,0.82,3.34,215,81,10,61,23,3
TR,Riverside,2014,ethnicity,hispanic_latino,2,3.34,3.68,43,16,1,69,26,2
TR,Riverside,2014,ethnicity,hispanic_latino,3,3.68,4.0,17,9,2,55,29,6
TR,Riverside,2014,ethnicity,international,1,0.82,3.34,64,24,3,62,23,3
TR,Riverside,2014,ethnicity,international,2,3.34,3.68,17,6,1,63,22,4
TR,Riverside,2014,ethnicity,international,3,3.68,4.0,9,3,0,69,23,0
TR,Riverside,2014,ethnicity,white,1,0.82,3.34,84,36,7,53,23,4
TR,Riverside,2014,ethnicity,white,2,3.34,3.68,30,17,1,57,32,2
TR,Riverside,2014,ethnicity,white,3,3.68,4.0,26,7,0,79,21,0
TR,Riverside,2014,first_gen_status,first_gen,1,0.82,3.34,371,136,23,61,22,4
TR,Riverside,2014,first_gen_status,first_gen,2,3.34,3.68,79,29,4,65,24,3
TR,Riverside,2014,first_gen_status,first_gen,3,3.68,4.0,39,20,1,62,32,2
TR,Riverside,2014,first_gen_status,not_first_gen,1,0.82,3.34,182,69,12,57,22,4
TR,Riverside,2014,first_gen_status,not_first_gen,2,3.34,3.68,50,24,1,62,30,1
TR,Riverside,2014,first_gen_status,not_first_gen,3,3.68,4.0,25,4,1,81,13,3
TR,Riverside,2014,pell_status,non_pell,1,0.82,3.34,180,63,6,62,22,2
TR,Riverside,2014,pell_status,non_pell,2,3.34,3.68,53,17,1,69,22,1
TR,Riverside,2014,pell_status,non_pell,3,3.68,4.0,23,8,1,68,24,3
TR,Riverside,2014,pell_status,pell,1,0.82,3.34,399,148,29,59,22,4
TR,Riverside,2014,pell_status,pell,2,3.34,3.68,85,39,4,61,28,3
TR,Riverside,2014,pell_status,pell,3,3.68,4.0,44,20,2,65,29,3
TR,Riverside,2015,ethnicity,aian,1,1.4,3.34,4,0,0,80,0,0
TR,Riverside,2015,ethnicity,aian,2,3.34,3.68,1,0,0,100,0,0
TR,Riverside,2015,ethnicity,asian,1,1.4,3.34,130,59,11,55,25,5
TR,Riverside,2015,ethnicity,asian,2,3.34,3.68,35,15,1,66,28,2
TR,Riverside,2015,ethnicity,asian,3,3.68,4.0,15,6,0,65,26,0
TR,Riverside,2015,ethnicity,black,1,1.4,3.34,32,13,4,52,21,7
TR,Riverside,2015,ethnicity,black,2,3.34,3.68,4,5,1,36,45,9
TR,Riverside,2015,ethnicity,black,3,3.68,4.0,3,3,0,50,50,0
TR,Riverside,2015,ethnicity,hispanic_latino,1,1.4,3.34,201,98,15,53,26,4
TR,Riverside,2015,ethnicity,hispanic_latino,2,3.34,3.68,34,16,2,55,26,3
TR,Riverside,2015,ethnicity,hispanic_latino,3,3.68,4.0,25,8,0,68,22,0
TR,Riverside,2015,ethnicity,international,1,1.4,3.34,48,15,5,53,16,5
TR,Riverside,2015,ethnicity,international,2,3.34,3.68,13,1,1,76,6,6
TR,Riverside,2015,ethnicity,international,3,3.68,4.0,4,0,0,80,0,0
TR,Riverside,2015,ethnicity,white,1,1.4,3.34,99,43,6,54,24,3
TR,Riverside,2015,ethnicity,white,2,3.34,3.68,33,10,3,59,18,5
TR,Riverside,2015,ethnicity,white,3,3.68,4.0,23,6,1,74,19,3
TR,Riverside,2015,first_gen_status,first_gen,1,1.4,3.34,330,140,23,55,24,4
TR,Riverside,2015,first_gen_status,first_gen,2,3.34,3.68,75,28,4,60,22,3
TR,Riverside,2015,first_gen_status,first_gen,3,3.68,4.0,46,10,0,75,16,0
TR,Riverside,2015,first_gen_status,not_first_gen,1,1.4,3.34,170,73,15,54,23,5
TR,Riverside,2015,first_gen_status,not_first_gen,2,3.34,3.68,44,19,2,62,27,3
TR,Riverside,2015,first_gen_status,not_first_gen,3,3.68,4.0,21,12,1,57,32,3
TR,Riverside,2015,pell_status,non_pell,1,1.4,3.34,168,56,9,59,20,3
TR,Riverside,2015,pell_status,non_pell,2,3.34,3.68,38,18,2,57,27,3
TR,Riverside,2015,pell_status,non_pell,3,3.68,4.0,20,7,0,61,21,0
TR,Riverside,2015,pell_status,pell,1,1.4,3.34,357,174,32,52,25,5
TR,Riverside,2015,pell_status,pell,2,3.34,3.68,83,31,6,61,23,4
TR,Riverside,2015,pell_status,pell,3,3.68,4.0,50,16,1,71,23,1
TR,Riverside,2016,ethnicity,aian,1,0.36,3.33,2,1,2,33,17,33
TR,Riverside,2016,ethnicity,aian,2,3.33,3.68,1,1,0,33,33,0
TR,Riverside,2016,ethnicity,asian,1,0.36,3.33,84,38,10,51,23,6
TR,Riverside,2016,ethnicity,asian,2,3.33,3.68,45,18,2,64,26,3
TR,Riverside,2016,ethnicity,asian,3,3.68,4.0,14,3,1,70,15,5
TR,Riverside,2016,ethnicity,black,1,0.36,3.33,46,13,4,55,16,5
TR,Riverside,2016,ethnicity,black,2,3.33,3.68,8,3,0,57,21,0
TR,Riverside,2016,ethnicity,black,3,3.68,4.0,2,1,0,67,33,0
TR,Riverside,2016,ethnicity,hispanic_latino,1,0.36,3.33,215,76,14,59,21,4
TR,Riverside,2016,ethnicity,hispanic_latino,2,3.33,3.68,67,19,6,64,18,6
TR,Riverside,2016,ethnicity,hispanic_latino,3,3.68,4.0,30,13,4,55,24,7
TR,Riverside,2016,ethnicity,international,1,0.36,3.33,35,6,1,67,12,2
TR,Riverside,2016,ethnicity,international,2,3.33,3.68,17,1,1,85,5,5
TR,Riverside,2016,ethnicity,international,3,3.68,4.0,3,3,0,50,50,0
TR,Riverside,2016,ethnicity,white,1,0.36,3.33,80,28,10,57,20,7
TR,Riverside,2016,ethnicity,white,2,3.33,3.68,36,15,0,55,23,0
TR,Riverside,2016,ethnicity,white,3,3.68,4.0,25,10,0,69,28,0
TR,Riverside,2016,first_gen_status,first_gen,1,0.36,3.33,319,107,25,58,19,5
TR,Riverside,2016,first_gen_status,first_gen,2,3.33,3.68,116,33,6,65,18,3
TR,Riverside,2016,first_gen_status,first_gen,3,3.68,4.0,47,18,4,62,24,5
TR,Riverside,2016,first_gen_status,not_first_gen,1,0.36,3.33,132,54,14,55,22,6
TR,Riverside,2016,first_gen_status,not_first_gen,2,3.33,3.68,56,21,4,61,23,4
TR,Riverside,2016,first_gen_status,not_first_gen,3,3.68,4.0,25,11,0,63,28,0
TR,Riverside,2016,pell_status,non_pell,1,0.36,3.33,148,39,8,60,16,3
TR,Riverside,2016,pell_status,non_pell,2,3.33,3.68,60,13,4,66,14,4
TR,Riverside,2016,pell_status,non_pell,3,3.68,4.0,28,10,1,67,24,2
TR,Riverside,2016,pell_status,pell,1,0.36,3.33,326,131,33,55,22,6
TR,Riverside,2016,pell_status,pell,2,3.33,3.68,117,44,7,61,23,4
TR,Riverside,2016,pell_status,pell,3,3.68,4.0,47,20,4,59,25,5
TR,Riverside,2017,ethnicity,aian,1,0.3,3.33,2,1,0,50,25,0
TR,Riverside,2017,ethnicity,aian,2,3.33,3.69,4,0,0,100,0,0
TR,Riverside,2017,ethnicity,asian,1,0.3,3.33,121,64,10,54,29,4
TR,Riverside,2017,ethnicity,asian,2,3.33,3.69,38,14,2,61,23,3
TR,Riverside,2017,ethnicity,asian,3,3.69,4.0,19,3,1,68,11,4
TR,Riverside,2017,ethnicity,black,1,0.3,3.33,36,14,4,48,19,5
TR,Riverside,2017,ethnicity,black,2,3.33,3.69,10,7,0,50,35,0
TR,Riverside,2017,ethnicity,black,3,3.69,4.0,3,1,0,60,20,0
TR,Riverside,2017,ethnicity,hispanic_latino,1,0.3,3.33,234,125,17,51,27,4
TR,Riverside,2017,ethnicity,hispanic_latino,2,3.33,3.69,61,24,1,62,24,1
TR,Riverside,2017,ethnicity,hispanic_latino,3,3.69,4.0,24,6,1,71,18,3
TR,Riverside,2017,ethnicity,international,1,0.3,3.33,61,9,3,69,10,3
TR,Riverside,2017,ethnicity,international,2,3.33,3.69,19,3,0,73,12,0
TR,Riverside,2017,ethnicity,international,3,3.69,4.0,8,3,0,73,27,0
TR,Riverside,2017,ethnicity,white,1,0.3,3.33,75,37,6,54,27,4
TR,Riverside,2017,ethnicity,white,2,3.33,3.69,31,16,1,57,30,2
TR,Riverside,2017,ethnicity,white,3,3.69,4.0,11,5,2,50,23,9
TR,Riverside,2017,first_gen_status,first_gen,1,0.3,3.33,327,161,23,51,25,4
TR,Riverside,2017,first_gen_status,first_gen,2,3.33,3.69,105,34,3,67,22,2
TR,Riverside,2017,first_gen_status,first_gen,3,3.69,4.0,37,11,3,61,18,5
TR,Riverside,2017,first_gen_status,not_first_gen,1,0.3,3.33,189,75,13,60,24,4
TR,Riverside,2017,first_gen_status,not_first_gen,2,3.33,3.69,53,26,0,56,27,0
TR,Riverside,2017,first_gen_status,not_first_gen,3,3.69,4.0,24,6,1,73,18,3
TR,Riverside,2017,pell_status,non_pell,1,0.3,3.33,199,63,13,61,19,4
TR,Riverside,2017,pell_status,non_pell,2,3.33,3.69,71,16,2,68,15,2
TR,Riverside,2017,pell_status,non_pell,3,3.69,4.0,27,7,1,68,18,3
TR,Riverside,2017,pell_status,pell,1,0.3,3.33,333,189,27,49,28,4
TR,Riverside,2017,pell_status,pell,2,3.33,3.69,95,49,2,58,30,1
TR,Riverside,2017,pell_status,pell,3,3.69,4.0,38,11,3,63,18,5
TR,Riverside,2018,ethnicity,aian,1,0.32,3.34,2,1,0,50,25,0
TR,Riverside,2018,ethnicity,aian,2,3.34,3.7,1,0,0,100,0,0
TR,Riverside,2018,ethnicity,aian,3,3.7,4.0,1,0,0,100,0,0
TR,Riverside,2018,ethnicity,asian,1,0.32,3.34,170,73,13,56,24,4
TR,Riverside,2018,ethnicity,asian,2,3.34,3.7,40,17,3,61,26,5
TR,Riverside,2018,ethnicity,asian,3,3.7,4.0,26,8,1,63,20,2
TR,Riverside,2018,ethnicity,black,1,0.32,3.34,55,26,4,49,23,4
TR,Riverside,2018,ethnicity,black,2,3.34,3.7,13,4,0,76,24,0
TR,Riverside,2018,ethnicity,black,3,3.7,4.0,9,1,0,82,9,0
TR,Riverside,2018,ethnicity,hispanic_latino,1,0.32,3.34,350,157,28,55,25,4
TR,Riverside,2018,ethnicity,hispanic_latino,2,3.34,3.7,86,28,3,65,21,2
TR,Riverside,2018,ethnicity,hispanic_latino,3,3.7,4.0,40,6,1,77,12,2
TR,Riverside,2018,ethnicity,international,1,0.32,3.34,74,25,3,58,20,2
TR,Riverside,2018,ethnicity,international,2,3.34,3.7,37,9,0,67,16,0
TR,Riverside,2018,ethnicity,international,3,3.7,4.0,16,3,0,84,16,0
TR,Riverside,2018,ethnicity,white,1,0.32,3.34,105,51,6,55,27,3
TR,Riverside,2018,ethnicity,white,2,3.34,3.7,36,21,4,53,31,6
TR,Riverside,2018,ethnicity,white,3,3.7,4.0,29,8,1,69,19,2
TR,Riverside,2018,first_gen_status,first_gen,1,0.32,3.34,447,209,38,52,25,4
TR,Riverside,2018,first_gen_status,first_gen,2,3.34,3.7,125,45,6,63,23,3
TR,Riverside,2018,first_gen_status,first_gen,3,3.7,4.0,61,13,3,71,15,3
TR,Riverside,2018,first_gen_status,not_first_gen,1,0.32,3.34,269,108,16,58,23,3
TR,Riverside,2018,first_gen_status,not_first_gen,2,3.34,3.7,79,30,4,61,23,3
TR,Riverside,2018,first_gen_status,not_first_gen,3,3.7,4.0,55,13,0,73,17,0
TR,Riverside,2018,pell_status,non_pell,1,0.32,3.34,287,85,13,60,18,3
TR,Riverside,2018,pell_status,non_pell,2,3.34,3.7,95,23,4,67,16,3
TR,Riverside,2018,pell_status,non_pell,3,3.7,4.0,52,12,0,75,17,0
TR,Riverside,2018,pell_status,pell,1,0.32,3.34,480,253,43,52,27,5
TR,Riverside,2018,pell_status,pell,2,3.34,3.7,118,56,6,59,28,3
TR,Riverside,2018,pell_status,pell,3,3.7,4.0,73,15,3,72,15,3
TR,Riverside,2019,ethnicity,asian,1,0.32,3.38,161,78,10,58,28,4
TR,Riverside,2019,ethnicity,asian,2,3.38,3.73,53,15,1,69,19,1
TR,Riverside,2019,ethnicity,asian,3,3.73,4.0,15,4,1,65,17,4
TR,Riverside,2019,ethnicity,black,1,0.32,3.38,55,25,7,52,24,7
TR,Riverside,2019,ethnicity,black,2,3.38,3.73,13,5,3,52,20,12
TR,Riverside,2019,ethnicity,black,3,3.73,4.0,8,1,0,89,11,0
TR,Riverside,2019,ethnicity,hispanic_latino,1,0.32,3.38,372,154,30,57,23,5
TR,Riverside,2019,ethnicity,hispanic_latino,2,3.38,3.73,99,34,7,64,22,5
TR,Riverside,2019,ethnicity,hispanic_latino,3,3.73,4.0,41,14,0,69,24,0
TR,Riverside,2019,ethnicity,international,1,0.32,3.38,94,19,4,65,13,3
TR,Riverside,2019,ethnicity,international,2,3.38,3.73,16,8,1,57,29,4
TR,Riverside,2019,ethnicity,international,3,3.73,4.0,10,3,0,67,20,0
TR,Riverside,2019,ethnicity,white,1,0.32,3.38,117,43,9,56,21,4
TR,Riverside,2019,ethnicity,white,2,3.38,3.73,49,13,2,63,17,3
TR,Riverside,2019,ethnicity,white,3,3.73,4.0,30,9,0,64,19,0
TR,Riverside,2019,first_gen_status,first_gen,1,0.32,3.38,531,207,41,57,22,4
TR,Riverside,2019,first_gen_status,first_gen,2,3.38,3.73,137,49,8,63,22,4
TR,Riverside,2019,first_gen_status,first_gen,3,3.73,4.0,68,17,0,75,19,0
TR,Riverside,2019,first_gen_status,not_first_gen,1,0.32,3.38,245,109,16,58,26,4
TR,Riverside,2019,first_gen_status,not_first_gen,2,3.38,3.73,87,23,2,69,18,2
TR,Riverside,2019,first_gen_status,not_first_gen,3,3.73,4.0,38,15,1,60,24,2
TR,Riverside,2019,pell_status,non_pell,1,0.32,3.38,321,107,18,60,20,3
TR,Riverside,2019,pell_status,non_pell,2,3.38,3.73,94,26,3,65,18,2
TR,Riverside,2019,pell_status,non_pell,3,3.73,4.0,48,12,1,68,17,1
TR,Riverside,2019,pell_status,pell,1,0.32,3.38,489,222,44,55,25,5
TR,Riverside,2019,pell_status,pell,2,3.38,3.73,136,49,12,62,22,5
TR,Riverside,2019,pell_status,pell,3,3.73,4.0,61,20,0,69,23,0
TR,Riverside,2020,ethnicity,asian,1,1.25,3.39,190,71,20,57,21,6
TR,Riverside,2020,ethnicity,asian,2,3.39,3.74,53,24,2,62,28,2
TR,Riverside,2020,ethnicity,asian,3,3.74,4.0,32,14,2,57,25,4
TR,Riverside,2020,ethnicity,black,1,1.25,3.39,67,32,6,47,23,4
TR,Riverside,2020,ethnicity,black,2,3.39,3.74,11,6,2,46,25,8
TR,Riverside,2020,ethnicity,black,3,3.74,4.0,7,2,0,64,18,0
TR,Riverside,2020,ethnicity,hispanic_latino,1,1.25,3.39,365,167,40,51,23,6
TR,Riverside,2020,ethnicity,hispanic_latino,2,3.39,3.74,81,32,6,57,23,4
TR,Riverside,2020,ethnicity,hispanic_latino,3,3.74,4.0,32,13,4,54,22,7
TR,Riverside,2020,ethnicity,international,1,1.25,3.39,58,20,4,52,18,4
TR,Riverside,2020,ethnicity,international,2,3.39,3.74,8,3,0,50,19,0
TR,Riverside,2020,ethnicity,international,3,3.74,4.0,1,2,0,17,33,0
TR,Riverside,2020,ethnicity,white,1,1.25,3.39,106,53,11,49,25,5
TR,Riverside,2020,ethnicity,white,2,3.39,3.74,37,17,4,54,25,6
TR,Riverside,2020,ethnicity,white,3,3.74,4.0,27,9,1,66,22,2
TR,Riverside,2020,first_gen_status,first_gen,1,1.25,3.39,523,216,53,52,21,5
TR,Riverside,2020,first_gen_status,first_gen,2,3.39,3.74,130,53,8,57,23,3
TR,Riverside,2020,first_gen_status,first_gen,3,3.74,4.0,53,18,5,58,20,5
TR,Riverside,2020,first_gen_status,not_first_gen,1,1.25,3.39,257,126,28,52,25,6
TR,Riverside,2020,first_gen_status,not_first_gen,2,3.39,3.74,55,33,5,52,31,5
TR,Riverside,2020,first_gen_status,not_first_gen,3,3.74,4.0,51,22,3,58,25,3
TR,Riverside,2020,pell_status,non_pell,1,1.25,3.39,303,117,18,55,21,3
TR,Riverside,2020,pell_status,non_pell,2,3.39,3.74,69,34,5,53,26,4
TR,Riverside,2020,pell_status,non_pell,3,3.74,4.0,42,20,2,57,27,3
TR,Riverside,2020,pell_status,pell,1,1.25,3.39,504,235,65,50,23,6
TR,Riverside,2020,pell_status,pell,2,3.39,3.74,125,53,9,58,24,4
TR,Riverside,2020,pell_status,pell,3,3.74,4.0,63,21,6,58,19,6
TR,Riverside,2021,ethnicity,aian,1,1.0,3.5,2,2,0,40,40,0
TR,Riverside,2021,ethnicity,asian,1,1.0,3.5,256,82,17,62,20,4
TR,Riverside,2021,ethnicity,asian,2,3.5,3.82,71,30,2,61,26,2
TR,Riverside,2021,ethnicity,asian,3,3.82,4.0,33,10,0,75,23,0
TR,Riverside,2021,ethnicity,black,1,1.0,3.5,57,22,4,56,22,4
TR,Riverside,2021,ethnicity,black,2,3.5,3.82,7,5,2,41,29,12
TR,Riverside,2021,ethnicity,black,3,3.82,4.0,6,4,0,50,33,0
TR,Riverside,2021,ethnicity,hispanic_latino,1,1.0,3.5,367,148,28,55,22,4
TR,Riverside,2021,ethnicity,hispanic_latino,2,3.5,3.82,78,26,6,63,21,5
TR,Riverside,2021,ethnicity,hispanic_latino,3,3.82,4.0,49,12,1,70,17,1
TR,Riverside,2021,ethnicity,international,1,1.0,3.5,54,14,4,65,17,5
TR,Riverside,2021,ethnicity,international,2,3.5,3.82,11,5,0,61,28,0
TR,Riverside,2021,ethnicity,international,3,3.82,4.0,3,4,0,38,50,0
TR,Riverside,2021,ethnicity,white,1,1.0,3.5,128,56,7,56,24,3
TR,Riverside,2021,ethnicity,white,2,3.5,3.82,53,18,4,64,22,5
TR,Riverside,2021,ethnicity,white,3,3.82,4.0,26,10,3,63,24,7
TR,Riverside,2021,first_gen_status,first_gen,1,1.0,3.5,571,217,40,56,21,4
TR,Riverside,2021,first_gen_status,first_gen,2,3.5,3.82,136,41,9,64,19,4
TR,Riverside,2021,first_gen_status,first_gen,3,3.82,4.0,68,23,4,66,22,4
TR,Riverside,2021,first_gen_status,not_first_gen,1,1.0,3.5,271,109,20,59,24,4
TR,Riverside,2021,first_gen_status,not_first_gen,2,3.5,3.82,83,42,4,58,29,3
TR,Riverside,2021,first_gen_status,not_first_gen,3,3.82,4.0,51,15,0,70,21,0
TR,Riverside,2021,pell_status,non_pell,1,1.0,3.5,329,102,13,61,19,2
TR,Riverside,2021,pell_status,non_pell,2,3.5,3.82,93,30,2,66,21,1
TR,Riverside,2021,pell_status,non_pell,3,3.82,4.0,50,15,0,69,21,0
TR,Riverside,2021,pell_status,pell,1,1.0,3.5,543,227,48,56,23,5
TR,Riverside,2021,pell_status,pell,2,3.5,3.82,127,55,12,58,25,5
TR,Riverside,2021,pell_status,pell,3,3.82,4.0,69,25,4,65,24,4
TR,San Diego,2010,ethnicity,aian,1,0.33,3.25,1,2,1,20,40,20
TR,San Diego,2010,ethnicity,aian,2,3.25,3.63,2,5,2,18,45,18
TR,San Diego,2010,ethnicity,aian,3,3.63,4.0,5,4,0,50,40,0
TR,San Diego,2010,ethnicity,asian,1,0.33,3.25,87,85,22,36,35,9
TR,San Diego,2010,ethnicity,asian,2,3.25,3.63,153,133,29,43,37,8
TR,San Diego,2010,ethnicity,asian,3,3.63,4.0,87,77,23,43,38,11
TR,San Diego,2010,ethnicity,black,1,0.33,3.25,7,11,2,28,44,8
TR,San Diego,2010,ethnicity,black,2,3.25,3.63,12,11,3,40,37,10
TR,San Diego,2010,ethnicity,black,3,3.63,4.0,4,8,2,25,50,13
TR,San Diego,2010,ethnicity,hispanic_latino,1,0.33,3.25,31,46,14,26,39,12
TR,San Diego,2010,ethnicity,hispanic_latino,2,3.25,3.63,54,51,11,38,36,8
TR,San Diego,2010,ethnicity,hispanic_latino,3,3.63,4.0,24,29,10,31,38,13
TR,San Diego,2010,ethnicity,international,1,0.33,3.25,14,13,3,42,39,9
TR,San Diego,2010,ethnicity,international,2,3.25,3.63,93,29,5,65,20,3
TR,San Diego,2010,ethnicity,international,3,3.63,4.0,94,21,5,73,16,4
TR,San Diego,2010,ethnicity,white,1,0.33,3.25,97,74,23,42,32,10
TR,San Diego,2010,ethnicity,white,2,3.25,3.63,125,139,46,34,38,13
TR,San Diego,2010,ethnicity,white,3,3.63,4.0,98,89,19,42,38,8
TR,San Diego,2010,first_gen_status,first_gen,1,0.33,3.25,113,99,29,37,33,10
TR,San Diego,2010,first_gen_status,first_gen,2,3.25,3.63,175,154,46,40,35,11
TR,San Diego,2010,first_gen_status,first_gen,3,3.63,4.0,114,93,20,44,36,8
TR,San Diego,2010,first_gen_status,not_first_gen,1,0.33,3.25,126,128,35,36,36,10
TR,San Diego,2010,first_gen_status,not_first_gen,2,3.25,3.63,245,216,53,41,36,9
TR,San Diego,2010,first_gen_status,not_first_gen,3,3.63,4.0,177,134,35,46,35,9
TR,San Diego,2010,pell_status,non_pell,1,0.33,3.25,118,100,21,42,36,8
TR,San Diego,2010,pell_status,non_pell,2,3.25,3.63,257,161,41,49,31,8
TR,San Diego,2010,pell_status,non_pell,3,3.63,4.0,220,109,27,56,28,7
TR,San Diego,2010,pell_status,pell,1,0.33,3.25,142,148,48,33,34,11
TR,San Diego,2010,pell_status,pell,2,3.25,3.63,205,233,69,34,39,11
TR,San Diego,2010,pell_status,pell,3,3.63,4.0,104,138,34,33,43,11
TR,San Diego,2011,ethnicity,aian,1,0.31,3.27,2,2,1,40,40,20
TR,San Diego,2011,ethnicity,aian,2,3.27,3.63,4,0,2,44,0,22
TR,San Diego,2011,ethnicity,aian,3,3.63,4.0,0,2,1,0,50,25
TR,San Diego,2011,ethnicity,asian,1,0.31,3.27,106,117,40,33,36,12
TR,San Diego,2011,ethnicity,asian,2,3.27,3.63,130,127,44,37,36,13
TR,San Diego,2011,ethnicity,asian,3,3.63,4.0,90,83,27,42,39,13
TR,San Diego,2011,ethnicity,black,1,0.31,3.27,12,6,8,39,19,26
TR,San Diego,2011,ethnicity,black,2,3.27,3.63,8,7,0,42,37,0
TR,San Diego,2011,ethnicity,black,3,3.63,4.0,3,1,1,33,11,11
TR,San Diego,2011,ethnicity,hispanic_latino,1,0.31,3.27,69,69,21,35,35,11
TR,San Diego,2011,ethnicity,hispanic_latino,2,3.27,3.63,48,70,14,30,43,9
TR,San Diego,2011,ethnicity,hispanic_latino,3,3.63,4.0,34,30,10,40,35,12
TR,San Diego,2011,ethnicity,international,1,0.31,3.27,52,28,10,51,27,10
TR,San Diego,2011,ethnicity,international,2,3.27,3.63,89,36,7,56,23,4
TR,San Diego,2011,ethnicity,international,3,3.63,4.0,74,28,6,62,24,5
TR,San Diego,2011,ethnicity,white,1,0.31,3.27,112,101,42,36,32,13
TR,San Diego,2011,ethnicity,white,2,3.27,3.63,132,118,24,41,37,8
TR,San Diego,2011,ethnicity,white,3,3.63,4.0,113,104,27,42,38,10
TR,San Diego,2011,first_gen_status,first_gen,1,0.31,3.27,165,146,51,36,32,11
TR,San Diego,2011,first_gen_status,first_gen,2,3.27,3.63,199,165,31,42,35,7
TR,San Diego,2011,first_gen_status,first_gen,3,3.63,4.0,131,103,31,43,34,10
TR,San Diego,2011,first_gen_status,not_first_gen,1,0.31,3.27,188,175,70,37,34,14
TR,San Diego,2011,first_gen_status,not_first_gen,2,3.27,3.63,208,199,58,38,36,11
TR,San Diego,2011,first_gen_status,not_first_gen,3,3.63,4.0,180,152,41,44,38,10
TR,San Diego,2011,pell_status,non_pell,1,0.31,3.27,175,127,44,44,32,11
TR,San Diego,2011,pell_status,non_pell,2,3.27,3.63,245,158,38,47,30,7
TR,San Diego,2011,pell_status,non_pell,3,3.63,4.0,203,124,35,52,32,9
TR,San Diego,2011,pell_status,pell,1,0.31,3.27,188,207,82,31,34,14
TR,San Diego,2011,pell_status,pell,2,3.27,3.63,177,212,54,33,40,10
TR,San Diego,2011,pell_status,pell,3,3.63,4.0,121,138,39,35,40,11
TR,San Diego,2012,ethnicity,aian,1,0.3,3.3,0,2,0,0,67,0
TR,San Diego,2012,ethnicity,aian,2,3.3,3.65,2,3,0,29,43,0
TR,San Diego,2012,ethnicity,aian,3,3.65,4.0,3,1,0,75,25,0
TR,San Diego,2012,ethnicity,asian,1,0.3,3.3,49,59,23,30,36,14
TR,San Diego,2012,ethnicity,asian,2,3.3,3.65,131,123,30,40,38,9
TR,San Diego,2012,ethnicity,asian,3,3.65,4.0,98,107,20,39,43,8
TR,San Diego,2012,ethnicity,black,1,0.3,3.3,5,5,2,31,31,13
TR,San Diego,2012,ethnicity,black,2,3.3,3.65,4,6,5,22,33,28
TR,San Diego,2012,ethnicity,black,3,3.65,4.0,3,3,2,30,30,20
TR,San Diego,2012,ethnicity,hispanic_latino,1,0.3,3.3,28,35,10,29,36,10
TR,San Diego,2012,ethnicity,hispanic_latino,2,3.3,3.65,43,46,12,36,38,10
TR,San Diego,2012,ethnicity,hispanic_latino,3,3.65,4.0,31,37,5,37,45,6
TR,San Diego,2012,ethnicity,international,1,0.3,3.3,32,12,1,58,22,2
TR,San Diego,2012,ethnicity,international,2,3.3,3.65,90,38,6,57,24,4
TR,San Diego,2012,ethnicity,international,3,3.65,4.0,88,42,4,56,27,3
TR,San Diego,2012,ethnicity,white,1,0.3,3.3,55,64,21,35,40,13
TR,San Diego,2012,ethnicity,white,2,3.3,3.65,110,105,32,38,37,11
TR,San Diego,2012,ethnicity,white,3,3.65,4.0,92,81,18,42,37,8
TR,San Diego,2012,first_gen_status,first_gen,1,0.3,3.3,76,80,25,34,36,11
TR,San Diego,2012,first_gen_status,first_gen,2,3.3,3.65,177,147,41,42,35,10
TR,San Diego,2012,first_gen_status,first_gen,3,3.65,4.0,153,110,21,47,34,6
TR,San Diego,2012,first_gen_status,not_first_gen,1,0.3,3.3,89,93,29,34,36,11
TR,San Diego,2012,first_gen_status,not_first_gen,2,3.3,3.65,200,172,48,40,35,10
TR,San Diego,2012,first_gen_status,not_first_gen,3,3.65,4.0,159,161,31,40,40,8
TR,San Diego,2012,pell_status,non_pell,1,0.3,3.3,84,75,19,40,36,9
TR,San Diego,2012,pell_status,non_pell,2,3.3,3.65,232,154,32,49,32,7
TR,San Diego,2012,pell_status,non_pell,3,3.65,4.0,200,122,18,52,32,5
TR,San Diego,2012,pell_status,pell,1,0.3,3.3,87,107,41,29,36,14
TR,San Diego,2012,pell_status,pell,2,3.3,3.65,156,173,61,33,37,13
TR,San Diego,2012,pell_status,pell,3,3.65,4.0,123,156,35,34,43,10
TR,San Diego,2013,ethnicity,aian,1,0.32,3.31,1,1,0,33,33,0
TR,San Diego,2013,ethnicity,aian,2,3.31,3.66,2,6,1,18,55,9
TR,San Diego,2013,ethnicity,aian,3,3.66,4.0,1,4,0,14,57,0
TR,San Diego,2013,ethnicity,asian,1,0.32,3.31,53,58,21,34,37,13
TR,San Diego,2013,ethnicity,asian,2,3.31,3.66,116,164,46,32,45,13
TR,San Diego,2013,ethnicity,asian,3,3.66,4.0,92,113,29,35,43,11
TR,San Diego,2013,ethnicity,black,1,0.32,3.31,7,8,5,29,33,21
TR,San Diego,2013,ethnicity,black,2,3.31,3.66,7,5,3,39,28,17
TR,San Diego,2013,ethnicity,black,3,3.66,4.0,6,12,3,21,43,11
TR,San Diego,2013,ethnicity,hispanic_latino,1,0.32,3.31,28,41,13,29,42,13
TR,San Diego,2013,ethnicity,hispanic_latino,2,3.31,3.66,62,68,27,32,36,14
TR,San Diego,2013,ethnicity,hispanic_latino,3,3.66,4.0,29,45,12,29,45,12
TR,San Diego,2013,ethnicity,international,1,0.32,3.31,49,32,7,46,30,7
TR,San Diego,2013,ethnicity,international,2,3.31,3.66,123,63,14,53,27,6
TR,San Diego,2013,ethnicity,international,3,3.66,4.0,113,53,7,59,28,4
TR,San Diego,2013,ethnicity,white,1,0.32,3.31,60,59,20,35,35,12
TR,San Diego,2013,ethnicity,white,2,3.31,3.66,139,160,37,36,42,10
TR,San Diego,2013,ethnicity,white,3,3.66,4.0,90,122,28,33,44,10
TR,San Diego,2013,first_gen_status,first_gen,1,0.32,3.31,101,88,33,38,33,12
TR,San Diego,2013,first_gen_status,first_gen,2,3.31,3.66,187,228,56,35,42,10
TR,San Diego,2013,first_gen_status,first_gen,3,3.66,4.0,154,150,35,40,39,9
TR,San Diego,2013,first_gen_status,not_first_gen,1,0.32,3.31,97,114,33,33,39,11
TR,San Diego,2013,first_gen_status,not_first_gen,2,3.31,3.66,252,242,73,38,37,11
TR,San Diego,2013,first_gen_status,not_first_gen,3,3.66,4.0,179,204,45,37,42,9
TR,San Diego,2013,pell_status,non_pell,1,0.32,3.31,114,82,21,44,32,8
TR,San Diego,2013,pell_status,non_pell,2,3.31,3.66,286,209,45,46,34,7
TR,San Diego,2013,pell_status,non_pell,3,3.66,4.0,223,162,27,49,36,6
TR,San Diego,2013,pell_status,pell,1,0.32,3.31,89,122,46,29,39,15
TR,San Diego,2013,pell_status,pell,2,3.31,3.66,167,268,88,28,44,14
TR,San Diego,2013,pell_status,pell,3,3.66,4.0,116,199,55,27,46,13
TR,San Diego,2014,ethnicity,aian,1,0.82,3.34,0,0,1,0,0,100
TR,San Diego,2014,ethnicity,aian,2,3.34,3.68,1,1,2,9,9,18
TR,San Diego,2014,ethnicity,aian,3,3.68,4.0,3,2,1,50,33,17
TR,San Diego,2014,ethnicity,asian,1,0.82,3.34,37,32,13,39,34,14
TR,San Diego,2014,ethnicity,asian,2,3.34,3.68,136,160,29,37,44,8
TR,San Diego,2014,ethnicity,asian,3,3.68,4.0,104,161,31,31,48,9
TR,San Diego,2014,ethnicity,black,1,0.82,3.34,2,1,0,25,13,0
TR,San Diego,2014,ethnicity,black,2,3.34,3.68,5,13,3,22,57,13
TR,San Diego,2014,ethnicity,black,3,3.68,4.0,5,11,0,26,58,0
TR,San Diego,2014,ethnicity,hispanic_latino,1,0.82,3.34,22,27,7,35,44,11
TR,San Diego,2014,ethnicity,hispanic_latino,2,3.34,3.68,66,67,14,40,40,8
TR,San Diego,2014,ethnicity,hispanic_latino,3,3.68,4.0,39,62,16,29,46,12
TR,San Diego,2014,ethnicity,international,1,0.82,3.34,19,3,1,68,11,4
TR,San Diego,2014,ethnicity,international,2,3.34,3.68,94,36,5,66,25,4
TR,San Diego,2014,ethnicity,international,3,3.68,4.0,186,76,10,65,26,3
TR,San Diego,2014,ethnicity,white,1,0.82,3.34,35,38,9,33,36,9
TR,San Diego,2014,ethnicity,white,2,3.34,3.68,102,115,32,35,39,11
TR,San Diego,2014,ethnicity,white,3,3.68,4.0,110,124,25,37,42,8
TR,San Diego,2014,first_gen_status,first_gen,1,0.82,3.34,54,47,16,38,33,11
TR,San Diego,2014,first_gen_status,first_gen,2,3.34,3.68,190,187,39,40,40,8
TR,San Diego,2014,first_gen_status,first_gen,3,3.68,4.0,233,200,41,45,39,8
TR,San Diego,2014,first_gen_status,not_first_gen,1,0.82,3.34,59,55,16,38,35,10
TR,San Diego,2014,first_gen_status,not_first_gen,2,3.34,3.68,213,207,44,40,39,8
TR,San Diego,2014,first_gen_status,not_first_gen,3,3.68,4.0,205,236,43,37,43,8
TR,San Diego,2014,pell_status,non_pell,1,0.82,3.34,55,43,9,43,34,7
TR,San Diego,2014,pell_status,non_pell,2,3.34,3.68,248,162,31,50,33,6
TR,San Diego,2014,pell_status,non_pell,3,3.68,4.0,314,209,32,52,35,5
TR,San Diego,2014,pell_status,pell,1,0.82,3.34,62,64,23,34,35,13
TR,San Diego,2014,pell_status,pell,2,3.34,3.68,163,244,58,30,45,11
TR,San Diego,2014,pell_status,pell,3,3.68,4.0,140,236,55,28,47,11
TR,San Diego,2015,ethnicity,aian,1,1.4,3.34,2,1,0,67,33,0
TR,San Diego,2015,ethnicity,aian,2,3.34,3.68,1,2,1,25,50,25
TR,San Diego,2015,ethnicity,aian,3,3.68,4.0,3,2,1,50,33,17
TR,San Diego,2015,ethnicity,asian,1,1.4,3.34,100,76,16,41,32,7
TR,San Diego,2015,ethnicity,asian,2,3.34,3.68,125,128,28,39,40,9
TR,San Diego,2015,ethnicity,asian,3,3.68,4.0,111,125,22,38,43,8
TR,San Diego,2015,ethnicity,black,1,1.4,3.34,6,10,6,21,36,21
TR,San Diego,2015,ethnicity,black,2,3.34,3.68,12,5,3,48,20,12
TR,San Diego,2015,ethnicity,black,3,3.68,4.0,3,10,3,13,42,13
TR,San Diego,2015,ethnicity,hispanic_latino,1,1.4,3.34,49,48,17,36,35,12
TR,San Diego,2015,ethnicity,hispanic_latino,2,3.34,3.68,69,47,13,43,29,8
TR,San Diego,2015,ethnicity,hispanic_latino,3,3.68,4.0,51,47,11,43,40,9
TR,San Diego,2015,ethnicity,international,1,1.4,3.34,28,11,2,54,21,4
TR,San Diego,2015,ethnicity,international,2,3.34,3.68,100,55,6,55,30,3
TR,San Diego,2015,ethnicity,international,3,3.68,4.0,200,67,9,68,23,3
TR,San Diego,2015,ethnicity,white,1,1.4,3.34,88,58,17,45,30,9
TR,San Diego,2015,ethnicity,white,2,3.34,3.68,104,102,20,39,38,7
TR,San Diego,2015,ethnicity,white,3,3.68,4.0,123,97,15,48,38,6
TR,San Diego,2015,first_gen_status,first_gen,1,1.4,3.34,133,104,32,40,31,10
TR,San Diego,2015,first_gen_status,first_gen,2,3.34,3.68,203,156,31,44,34,7
TR,San Diego,2015,first_gen_status,first_gen,3,3.68,4.0,213,148,24,50,35,6
TR,San Diego,2015,first_gen_status,not_first_gen,1,1.4,3.34,134,101,29,42,32,9
TR,San Diego,2015,first_gen_status,not_first_gen,2,3.34,3.68,210,176,35,43,36,7
TR,San Diego,2015,first_gen_status,not_first_gen,3,3.68,4.0,272,193,37,49,35,7
TR,San Diego,2015,pell_status,non_pell,1,1.4,3.34,132,69,18,50,26,7
TR,San Diego,2015,pell_status,non_pell,2,3.34,3.68,254,149,23,52,31,5
TR,San Diego,2015,pell_status,non_pell,3,3.68,4.0,328,168,23,59,30,4
TR,San Diego,2015,pell_status,pell,1,1.4,3.34,147,142,43,35,34,10
TR,San Diego,2015,pell_status,pell,2,3.34,3.68,171,196,49,35,40,10
TR,San Diego,2015,pell_status,pell,3,3.68,4.0,166,189,42,37,42,9
TR,San Diego,2016,ethnicity,aian,1,0.36,3.33,3,0,0,100,0,0
TR,San Diego,2016,ethnicity,aian,2,3.33,3.68,3,1,1,43,14,14
TR,San Diego,2016,ethnicity,aian,3,3.68,4.0,3,2,1,50,33,17
TR,San Diego,2016,ethnicity,asian,1,0.36,3.33,80,86,33,33,35,14
TR,San Diego,2016,ethnicity,asian,2,3.33,3.68,146,140,36,38,36,9
TR,San Diego,2016,ethnicity,asian,3,3.68,4.0,125,106,14,47,40,5
TR,San Diego,2016,ethnicity,black,1,0.36,3.33,11,4,11,26,9,26
TR,San Diego,2016,ethnicity,black,2,3.33,3.68,16,4,5,47,12,15
TR,San Diego,2016,ethnicity,black,3,3.68,4.0,13,13,2,38,38,6
TR,San Diego,2016,ethnicity,hispanic_latino,1,0.36,3.33,70,50,19,41,29,11
TR,San Diego,2016,ethnicity,hispanic_latino,2,3.33,3.68,66,42,22,42,27,14
TR,San Diego,2016,ethnicity,hispanic_latino,3,3.68,4.0,39,35,13,40,36,13
TR,San Diego,2016,ethnicity,international,1,0.36,3.33,56,22,8,58,23,8
TR,San Diego,2016,ethnicity,international,2,3.33,3.68,134,68,8,56,28,3
TR,San Diego,2016,ethnicity,international,3,3.68,4.0,178,92,19,56,29,6
TR,San Diego,2016,ethnicity,white,1,0.36,3.33,61,64,23,31,32,12
TR,San Diego,2016,ethnicity,white,2,3.33,3.68,105,94,25,39,35,9
TR,San Diego,2016,ethnicity,white,3,3.68,4.0,111,99,22,43,38,9
TR,San Diego,2016,first_gen_status,first_gen,1,0.36,3.33,147,107,42,39,28,11
TR,San Diego,2016,first_gen_status,first_gen,2,3.33,3.68,232,169,47,43,31,9
TR,San Diego,2016,first_gen_status,first_gen,3,3.68,4.0,236,163,33,50,34,7
TR,San Diego,2016,first_gen_status,not_first_gen,1,0.36,3.33,127,113,49,36,32,14
TR,San Diego,2016,first_gen_status,not_first_gen,2,3.33,3.68,229,172,47,44,33,9
TR,San Diego,2016,first_gen_status,not_first_gen,3,3.68,4.0,218,182,37,45,38,8
TR,San Diego,2016,pell_status,non_pell,1,0.36,3.33,143,83,30,48,28,10
TR,San Diego,2016,pell_status,non_pell,2,3.33,3.68,296,169,28,53,30,5
TR,San Diego,2016,pell_status,non_pell,3,3.68,4.0,298,197,34,52,34,6
TR,San Diego,2016,pell_status,pell,1,0.36,3.33,143,144,66,30,31,14
TR,San Diego,2016,pell_status,pell,2,3.33,3.68,179,183,70,33,34,13
TR,San Diego,2016,pell_status,pell,3,3.68,4.0,176,157,40,42,38,10
TR,San Diego,2017,ethnicity,aian,1,0.3,3.33,3,1,1,50,17,17
TR,San Diego,2017,ethnicity,aian,2,3.33,3.69,4,2,0,57,29,0
TR,San Diego,2017,ethnicity,aian,3,3.69,4.0,4,0,0,80,0,0
TR,San Diego,2017,ethnicity,asian,1,0.3,3.33,148,96,23,47,30,7
TR,San Diego,2017,ethnicity,asian,2,3.33,3.69,147,110,19,49,37,6
TR,San Diego,2017,ethnicity,asian,3,3.69,4.0,103,97,14,45,43,6
TR,San Diego,2017,ethnicity,black,1,0.3,3.33,27,15,5,47,26,9
TR,San Diego,2017,ethnicity,black,2,3.33,3.69,8,14,4,22,39,11
TR,San Diego,2017,ethnicity,black,3,3.69,4.0,5,3,2,45,27,18
TR,San Diego,2017,ethnicity,hispanic_latino,1,0.3,3.33,114,93,15,42,34,6
TR,San Diego,2017,ethnicity,hispanic_latino,2,3.33,3.69,79,65,12,44,36,7
TR,San Diego,2017,ethnicity,hispanic_latino,3,3.69,4.0,65,29,7,57,25,6
TR,San Diego,2017,ethnicity,international,1,0.3,3.33,37,12,1,65,21,2
TR,San Diego,2017,ethnicity,international,2,3.33,3.69,113,36,8,67,21,5
TR,San Diego,2017,ethnicity,international,3,3.69,4.0,164,72,6,62,27,2
TR,San Diego,2017,ethnicity,white,1,0.3,3.33,134,66,26,51,25,10
TR,San Diego,2017,ethnicity,white,2,3.33,3.69,159,73,21,56,26,7
TR,San Diego,2017,ethnicity,white,3,3.69,4.0,113,62,15,52,28,7
TR,San Diego,2017,first_gen_status,first_gen,1,0.3,3.33,233,156,39,45,30,7
TR,San Diego,2017,first_gen_status,first_gen,2,3.33,3.69,246,147,32,52,31,7
TR,San Diego,2017,first_gen_status,first_gen,3,3.69,4.0,214,109,25,56,28,7
TR,San Diego,2017,first_gen_status,not_first_gen,1,0.3,3.33,221,117,31,52,27,7
TR,San Diego,2017,first_gen_status,not_first_gen,2,3.33,3.69,250,155,31,52,32,6
TR,San Diego,2017,first_gen_status,not_first_gen,3,3.69,4.0,236,151,17,53,34,4
TR,San Diego,2017,pell_status,non_pell,1,0.3,3.33,198,94,16,55,26,4
TR,San Diego,2017,pell_status,non_pell,2,3.33,3.69,293,142,20,59,29,4
TR,San Diego,2017,pell_status,non_pell,3,3.69,4.0,301,150,16,58,29,3
TR,San Diego,2017,pell_status,pell,1,0.3,3.33,274,194,57,43,31,9
TR,San Diego,2017,pell_status,pell,2,3.33,3.69,227,166,47,45,33,9
TR,San Diego,2017,pell_status,pell,3,3.69,4.0,163,118,28,48,35,8
TR,San Diego,2018,ethnicity,aian,1,0.32,3.34,2,2,0,50,50,0
TR,San Diego,2018,ethnicity,aian,2,3.34,3.7,2,3,1,25,38,13
TR,San Diego,2018,ethnicity,aian,3,3.7,4.0,2,1,1,50,25,25
TR,San Diego,2018,ethnicity,asian,1,0.32,3.34,127,78,11,49,30,4
TR,San Diego,2018,ethnicity,asian,2,3.34,3.7,201,160,25,48,38,6
TR,San Diego,2018,ethnicity,asian,3,3.7,4.0,121,79,16,52,34,7
TR,San Diego,2018,ethnicity,black,1,0.32,3.34,22,11,4,49,24,9
TR,San Diego,2018,ethnicity,black,2,3.34,3.7,14,9,1,47,30,3
TR,San Diego,2018,ethnicity,black,3,3.7,4.0,13,6,4,46,21,14
TR,San Diego,2018,ethnicity,hispanic_latino,1,0.32,3.34,114,67,21,44,26,8
TR,San Diego,2018,ethnicity,hispanic_latino,2,3.34,3.7,81,70,15,40,34,7
TR,San Diego,2018,ethnicity,hispanic_latino,3,3.7,4.0,53,32,4,54,33,4
TR,San Diego,2018,ethnicity,international,1,0.32,3.34,33,11,1,67,22,2
TR,San Diego,2018,ethnicity,international,2,3.34,3.7,127,28,4,74,16,2
TR,San Diego,2018,ethnicity,international,3,3.7,4.0,246,48,3,77,15,1
TR,San Diego,2018,ethnicity,white,1,0.32,3.34,94,65,16,43,30,7
TR,San Diego,2018,ethnicity,white,2,3.34,3.7,116,95,19,45,37,7
TR,San Diego,2018,ethnicity,white,3,3.7,4.0,100,101,14,44,44,6
TR,San Diego,2018,first_gen_status,first_gen,1,0.32,3.34,205,136,33,44,29,7
TR,San Diego,2018,first_gen_status,first_gen,2,3.34,3.7,238,187,36,44,35,7
TR,San Diego,2018,first_gen_status,first_gen,3,3.7,4.0,230,111,15,61,29,4
TR,San Diego,2018,first_gen_status,not_first_gen,1,0.32,3.34,169,88,18,50,26,5
TR,San Diego,2018,first_gen_status,not_first_gen,2,3.34,3.7,286,169,26,54,32,5
TR,San Diego,2018,first_gen_status,not_first_gen,3,3.7,4.0,296,160,25,57,31,5
TR,San Diego,2018,pell_status,non_pell,1,0.32,3.34,176,75,12,58,25,4
TR,San Diego,2018,pell_status,non_pell,2,3.34,3.7,311,146,22,59,28,4
TR,San Diego,2018,pell_status,non_pell,3,3.7,4.0,374,130,15,67,23,3
TR,San Diego,2018,pell_status,pell,1,0.32,3.34,217,159,42,40,30,8
TR,San Diego,2018,pell_status,pell,2,3.34,3.7,238,225,43,41,39,7
TR,San Diego,2018,pell_status,pell,3,3.7,4.0,167,146,28,46,40,8
TR,San Diego,2019,ethnicity,aian,1,0.32,3.38,2,0,0,67,0,0
TR,San Diego,2019,ethnicity,aian,2,3.38,3.73,3,2,0,50,33,0
TR,San Diego,2019,ethnicity,aian,3,3.73,4.0,1,1,0,50,50,0
TR,San Diego,2019,ethnicity,asian,1,0.32,3.38,151,75,7,59,29,3
TR,San Diego,2019,ethnicity,asian,2,3.38,3.73,184,112,13,54,33,4
TR,San Diego,2019,ethnicity,asian,3,3.73,4.0,144,76,11,60,31,5
TR,San Diego,2019,ethnicity,black,1,0.32,3.38,19,7,3,49,18,8
TR,San Diego,2019,ethnicity,black,2,3.38,3.73,24,11,2,60,28,5
TR,San Diego,2019,ethnicity,black,3,3.73,4.0,7,4,1,54,31,8
TR,San Diego,2019,ethnicity,hispanic_latino,1,0.32,3.38,157,53,15,59,20,6
TR,San Diego,2019,ethnicity,hispanic_latino,2,3.38,3.73,121,62,7,55,28,3
TR,San Diego,2019,ethnicity,hispanic_latino,3,3.73,4.0,61,23,5,63,24,5
TR,San Diego,2019,ethnicity,international,1,0.32,3.38,86,28,5,65,21,4
TR,San Diego,2019,ethnicity,international,2,3.38,3.73,168,37,12,72,16,5
TR,San Diego,2019,ethnicity,international,3,3.73,4.0,199,64,9,69,22,3
TR,San Diego,2019,ethnicity,white,1,0.32,3.38,132,52,8,58,23,3
TR,San Diego,2019,ethnicity,white,2,3.38,3.73,179,60,8,62,21,3
TR,San Diego,2019,ethnicity,white,3,3.73,4.0,110,40,4,63,23,2
TR,San Diego,2019,first_gen_status,first_gen,1,0.32,3.38,266,99,22,58,22,5
TR,San Diego,2019,first_gen_status,first_gen,2,3.38,3.73,296,135,13,60,27,3
TR,San Diego,2019,first_gen_status,first_gen,3,3.73,4.0,218,92,14,62,26,4
TR,San Diego,2019,first_gen_status,not_first_gen,1,0.32,3.38,258,105,13,60,24,3
TR,San Diego,2019,first_gen_status,not_first_gen,2,3.38,3.73,365,147,29,60,24,5
TR,San Diego,2019,first_gen_status,not_first_gen,3,3.73,4.0,290,113,15,65,26,3
TR,San Diego,2019,pell_status,non_pell,1,0.32,3.38,269,91,15,65,22,4
TR,San Diego,2019,pell_status,non_pell,2,3.38,3.73,421,125,19,68,20,3
TR,San Diego,2019,pell_status,non_pell,3,3.73,4.0,370,126,19,67,23,3
TR,San Diego,2019,pell_status,pell,1,0.32,3.38,285,127,24,54,24,5
TR,San Diego,2019,pell_status,pell,2,3.38,3.73,267,163,23,51,31,4
TR,San Diego,2019,pell_status,pell,3,3.73,4.0,158,87,11,57,32,4
TR,San Diego,2020,ethnicity,aian,1,1.25,3.39,4,0,2,40,0,20
TR,San Diego,2020,ethnicity,aian,2,3.39,3.74,2,3,0,29,43,0
TR,San Diego,2020,ethnicity,aian,3,3.74,4.0,3,2,1,50,33,17
TR,San Diego,2020,ethnicity,asian,1,1.25,3.39,147,70,21,52,25,7
TR,San Diego,2020,ethnicity,asian,2,3.39,3.74,262,103,22,62,24,5
TR,San Diego,2020,ethnicity,asian,3,3.74,4.0,160,90,17,54,31,6
TR,San Diego,2020,ethnicity,black,1,1.25,3.39,27,14,1,47,25,2
TR,San Diego,2020,ethnicity,black,2,3.39,3.74,20,11,3,49,27,7
TR,San Diego,2020,ethnicity,black,3,3.74,4.0,6,4,0,38,25,0
TR,San Diego,2020,ethnicity,hispanic_latino,1,1.25,3.39,136,59,21,50,22,8
TR,San Diego,2020,ethnicity,hispanic_latino,2,3.39,3.74,124,67,8,53,29,3
TR,San Diego,2020,ethnicity,hispanic_latino,3,3.74,4.0,80,30,9,60,22,7
TR,San Diego,2020,ethnicity,international,1,1.25,3.39,121,35,6,64,18,3
TR,San Diego,2020,ethnicity,international,2,3.39,3.74,181,59,5,66,21,2
TR,San Diego,2020,ethnicity,international,3,3.74,4.0,161,59,18,63,23,7
TR,San Diego,2020,ethnicity,white,1,1.25,3.39,133,59,19,54,24,8
TR,San Diego,2020,ethnicity,white,2,3.39,3.74,152,75,19,54,27,7
TR,San Diego,2020,ethnicity,white,3,3.74,4.0,120,52,6,61,27,3
TR,San Diego,2020,first_gen_status,first_gen,1,1.25,3.39,294,127,40,52,22,7
TR,San Diego,2020,first_gen_status,first_gen,2,3.39,3.74,357,139,27,59,23,4
TR,San Diego,2020,first_gen_status,first_gen,3,3.74,4.0,223,91,26,58,24,7
TR,San Diego,2020,first_gen_status,not_first_gen,1,1.25,3.39,261,108,29,55,23,6
TR,San Diego,2020,first_gen_status,not_first_gen,2,3.39,3.74,366,179,29,57,28,5
TR,San Diego,2020,first_gen_status,not_first_gen,3,3.74,4.0,303,144,25,59,28,5
TR,San Diego,2020,pell_status,non_pell,1,1.25,3.39,298,117,21,57,22,4
TR,San Diego,2020,pell_status,non_pell,2,3.39,3.74,447,166,26,62,23,4
TR,San Diego,2020,pell_status,non_pell,3,3.74,4.0,353,145,29,61,25,5
TR,San Diego,2020,pell_status,pell,1,1.25,3.39,285,128,49,51,23,9
TR,San Diego,2020,pell_status,pell,2,3.39,3.74,306,160,33,53,28,6
TR,San Diego,2020,pell_status,pell,3,3.74,4.0,194,98,23,54,28,6
TR,San Diego,2021,ethnicity,aian,1,1.0,3.5,5,0,0,83,0,0
TR,San Diego,2021,ethnicity,aian,2,3.5,3.82,1,1,2,17,17,33
TR,San Diego,2021,ethnicity,aian,3,3.82,4.0,2,2,0,50,50,0
TR,San Diego,2021,ethnicity,asian,1,1.0,3.5,183,97,30,50,26,8
TR,San Diego,2021,ethnicity,asian,2,3.5,3.82,268,112,18,60,25,4
TR,San Diego,2021,ethnicity,asian,3,3.82,4.0,208,87,18,61,26,5
TR,San Diego,2021,ethnicity,black,1,1.0,3.5,34,9,1,59,16,2
TR,San Diego,2021,ethnicity,black,2,3.5,3.82,18,7,4,51,20,11
TR,San Diego,2021,ethnicity,black,3,3.82,4.0,10,4,1,50,20,5
TR,San Diego,2021,ethnicity,hispanic_latino,1,1.0,3.5,194,98,24,49,25,6
TR,San Diego,2021,ethnicity,hispanic_latino,2,3.5,3.82,125,58,16,54,25,7
TR,San Diego,2021,ethnicity,hispanic_latino,3,3.82,4.0,83,34,5,61,25,4
TR,San Diego,2021,ethnicity,international,1,1.0,3.5,122,34,11,63,18,6
TR,San Diego,2021,ethnicity,international,2,3.5,3.82,163,41,8,68,17,3
TR,San Diego,2021,ethnicity,international,3,3.82,4.0,161,57,8,67,24,3
TR,San Diego,2021,ethnicity,white,1,1.0,3.5,148,80,18,51,27,6
TR,San Diego,2021,ethnicity,white,2,3.5,3.82,184,55,17,62,18,6
TR,San Diego,2021,ethnicity,white,3,3.82,4.0,141,53,12,63,24,5
TR,San Diego,2021,first_gen_status,first_gen,1,1.0,3.5,350,174,42,51,25,6
TR,San Diego,2021,first_gen_status,first_gen,2,3.5,3.82,337,129,33,59,23,6
TR,San Diego,2021,first_gen_status,first_gen,3,3.82,4.0,248,93,16,63,24,4
TR,San Diego,2021,first_gen_status,not_first_gen,1,1.0,3.5,312,138,40,53,24,7
TR,San Diego,2021,first_gen_status,not_first_gen,2,3.5,3.82,411,144,32,62,22,5
TR,San Diego,2021,first_gen_status,not_first_gen,3,3.82,4.0,341,142,27,62,26,5
TR,San Diego,2021,pell_status,non_pell,1,1.0,3.5,355,126,27,58,21,4
TR,San Diego,2021,pell_status,non_pell,2,3.5,3.82,436,138,28,63,20,4
TR,San Diego,2021,pell_status,non_pell,3,3.82,4.0,389,136,27,65,23,5
TR,San Diego,2021,pell_status,pell,1,1.0,3.5,337,195,57,47,27,8
TR,San Diego,2021,pell_status,pell,2,3.5,3.82,334,140,40,57,24,7
TR,San Diego,2021,pell_status,pell,3,3.82,4.0,226,107,17,59,28,4
TR,Santa Barbara,2010,ethnicity,aian,1,0.33,3.25,5,2,0,63,25,0
TR,Santa Barbara,2010,ethnicity,aian,2,3.25,3.63,5,1,0,83,17,0
TR,Santa Barbara,2010,ethnicity,aian,3,3.63,4.0,6,1,0,86,14,0
TR,Santa Barbara,2010,ethnicity,asian,1,0.33,3.25,48,22,3,55,25,3
TR,Santa Barbara,2010,ethnicity,asian,2,3.25,3.63,59,16,1,69,19,1
TR,Santa Barbara,2010,ethnicity,asian,3,3.63,4.0,28,6,1,70,15,3
TR,Santa Barbara,2010,ethnicity,black,1,0.33,3.25,12,9,0,44,33,0
TR,Santa Barbara,2010,ethnicity,black,2,3.25,3.63,5,3,0,50,30,0
TR,Santa Barbara,2010,ethnicity,black,3,3.63,4.0,1,4,0,11,44,0
TR,Santa Barbara,2010,ethnicity,hispanic_latino,1,0.33,3.25,94,27,3,66,19,2
TR,Santa Barbara,2010,ethnicity,hispanic_latino,2,3.25,3.63,74,24,2,67,22,2
TR,Santa Barbara,2010,ethnicity,hispanic_latino,3,3.63,4.0,39,9,1,74,17,2
TR,Santa Barbara,2010,ethnicity,international,1,0.33,3.25,16,6,0,70,26,0
TR,Santa Barbara,2010,ethnicity,international,2,3.25,3.63,15,6,0,65,26,0
TR,Santa Barbara,2010,ethnicity,international,3,3.63,4.0,20,1,2,83,4,8
TR,Santa Barbara,2010,ethnicity,white,1,0.33,3.25,228,48,16,70,15,5
TR,Santa Barbara,2010,ethnicity,white,2,3.25,3.63,211,50,2,76,18,1
TR,Santa Barbara,2010,ethnicity,white,3,3.63,4.0,134,22,4,79,13,2
TR,Santa Barbara,2010,first_gen_status,first_gen,1,0.33,3.25,172,49,5,63,18,2
TR,Santa Barbara,2010,first_gen_status,first_gen,2,3.25,3.63,151,41,2,72,20,1
TR,Santa Barbara,2010,first_gen_status,first_gen,3,3.63,4.0,100,22,3,73,16,2
TR,Santa Barbara,2010,first_gen_status,not_first_gen,1,0.33,3.25,249,68,17,68,18,5
TR,Santa Barbara,2010,first_gen_status,not_first_gen,2,3.25,3.63,228,53,4,75,17,1
TR,Santa Barbara,2010,first_gen_status,not_first_gen,3,3.63,4.0,124,23,5,76,14,3
TR,Santa Barbara,2010,pell_status,non_pell,1,0.33,3.25,257,60,12,71,17,3
TR,Santa Barbara,2010,pell_status,non_pell,2,3.25,3.63,257,43,1,81,13,0
TR,Santa Barbara,2010,pell_status,non_pell,3,3.63,4.0,147,21,5,78,11,3
TR,Santa Barbara,2010,pell_status,pell,1,0.33,3.25,203,66,13,60,20,4
TR,Santa Barbara,2010,pell_status,pell,2,3.25,3.63,152,59,5,64,25,2
TR,Santa Barbara,2010,pell_status,pell,3,3.63,4.0,96,27,4,70,20,3
TR,Santa Barbara,2011,ethnicity,aian,1,0.31,3.27,5,1,0,83,17,0
TR,Santa Barbara,2011,ethnicity,aian,2,3.27,3.63,5,0,0,83,0,0
TR,Santa Barbara,2011,ethnicity,aian,3,3.63,4.0,2,0,0,67,0,0
TR,Santa Barbara,2011,ethnicity,asian,1,0.31,3.27,39,10,2,65,17,3
TR,Santa Barbara,2011,ethnicity,asian,2,3.27,3.63,55,23,1,60,25,1
TR,Santa Barbara,2011,ethnicity,asian,3,3.63,4.0,39,10,2,74,19,4
TR,Santa Barbara,2011,ethnicity,black,1,0.31,3.27,10,2,0,67,13,0
TR,Santa Barbara,2011,ethnicity,black,2,3.27,3.63,7,3,0,64,27,0
TR,Santa Barbara,2011,ethnicity,black,3,3.63,4.0,4,0,0,100,0,0
TR,Santa Barbara,2011,ethnicity,hispanic_latino,1,0.31,3.27,79,14,2,70,12,2
TR,Santa Barbara,2011,ethnicity,hispanic_latino,2,3.27,3.63,68,15,2,62,14,2
TR,Santa Barbara,2011,ethnicity,hispanic_latino,3,3.63,4.0,38,15,1,70,28,2
TR,Santa Barbara,2011,ethnicity,international,1,0.31,3.27,19,2,1,79,8,4
TR,Santa Barbara,2011,ethnicity,international,2,3.27,3.63,22,5,0,73,17,0
TR,Santa Barbara,2011,ethnicity,international,3,3.63,4.0,18,4,0,82,18,0
TR,Santa Barbara,2011,ethnicity,white,1,0.31,3.27,183,43,4,71,17,2
TR,Santa Barbara,2011,ethnicity,white,2,3.27,3.63,222,56,4,72,18,1
TR,Santa Barbara,2011,ethnicity,white,3,3.63,4.0,131,18,3,73,10,2
TR,Santa Barbara,2011,first_gen_status,first_gen,1,0.31,3.27,148,34,4,70,16,2
TR,Santa Barbara,2011,first_gen_status,first_gen,2,3.27,3.63,142,45,4,63,20,2
TR,Santa Barbara,2011,first_gen_status,first_gen,3,3.63,4.0,93,22,2,74,18,2
TR,Santa Barbara,2011,first_gen_status,not_first_gen,1,0.31,3.27,196,38,4,72,14,1
TR,Santa Barbara,2011,first_gen_status,not_first_gen,2,3.27,3.63,244,55,3,72,16,1
TR,Santa Barbara,2011,first_gen_status,not_first_gen,3,3.63,4.0,146,26,5,73,13,3
TR,Santa Barbara,2011,pell_status,non_pell,1,0.31,3.27,208,37,5,73,13,2
TR,Santa Barbara,2011,pell_status,non_pell,2,3.27,3.63,238,57,4,71,17,1
TR,Santa Barbara,2011,pell_status,non_pell,3,3.63,4.0,147,27,5,74,14,3
TR,Santa Barbara,2011,pell_status,pell,1,0.31,3.27,141,39,4,67,18,2
TR,Santa Barbara,2011,pell_status,pell,2,3.27,3.63,159,47,4,64,19,2
TR,Santa Barbara,2011,pell_status,pell,3,3.63,4.0,99,21,2,74,16,1
TR,Santa Barbara,2012,ethnicity,aian,1,0.3,3.3,3,0,1,60,0,20
TR,Santa Barbara,2012,ethnicity,aian,2,3.3,3.65,2,2,0,40,40,0
TR,Santa Barbara,2012,ethnicity,aian,3,3.65,4.0,2,0,0,50,0,0
TR,Santa Barbara,2012,ethnicity,asian,1,0.3,3.3,90,34,4,63,24,3
TR,Santa Barbara,2012,ethnicity,asian,2,3.3,3.65,74,19,3,64,17,3
TR,Santa Barbara,2012,ethnicity,asian,3,3.65,4.0,34,12,0,69,24,0
TR,Santa Barbara,2012,ethnicity,black,1,0.3,3.3,7,6,1,47,40,7
TR,Santa Barbara,2012,ethnicity,black,2,3.3,3.65,6,5,1,40,33,7
TR,Santa Barbara,2012,ethnicity,black,3,3.65,4.0,4,0,0,80,0,0
TR,Santa Barbara,2012,ethnicity,hispanic_latino,1,0.3,3.3,119,36,9,61,19,5
TR,Santa Barbara,2012,ethnicity,hispanic_latino,2,3.3,3.65,93,21,3,72,16,2
TR,Santa Barbara,2012,ethnicity,hispanic_latino,3,3.65,4.0,29,4,0,78,11,0
TR,Santa Barbara,2012,ethnicity,international,1,0.3,3.3,22,7,2,61,19,6
TR,Santa Barbara,2012,ethnicity,international,2,3.3,3.65,20,2,1,80,8,4
TR,Santa Barbara,2012,ethnicity,international,3,3.65,4.0,12,5,0,67,28,0
TR,Santa Barbara,2012,ethnicity,white,1,0.3,3.3,268,53,10,74,15,3
TR,Santa Barbara,2012,ethnicity,white,2,3.3,3.65,186,47,9,70,18,3
TR,Santa Barbara,2012,ethnicity,white,3,3.65,4.0,98,22,3,73,16,2
TR,Santa Barbara,2012,first_gen_status,first_gen,1,0.3,3.3,220,59,18,64,17,5
TR,Santa Barbara,2012,first_gen_status,first_gen,2,3.3,3.65,164,40,5,69,17,2
TR,Santa Barbara,2012,first_gen_status,first_gen,3,3.65,4.0,58,15,0,71,18,0
TR,Santa Barbara,2012,first_gen_status,not_first_gen,1,0.3,3.3,297,79,10,70,19,2
TR,Santa Barbara,2012,first_gen_status,not_first_gen,2,3.3,3.65,227,55,10,70,17,3
TR,Santa Barbara,2012,first_gen_status,not_first_gen,3,3.65,4.0,127,29,4,73,17,2
TR,Santa Barbara,2012,pell_status,non_pell,1,0.3,3.3,290,58,6,73,15,2
TR,Santa Barbara,2012,pell_status,non_pell,2,3.3,3.65,227,47,7,74,15,2
TR,Santa Barbara,2012,pell_status,non_pell,3,3.65,4.0,126,29,3,74,17,2
TR,Santa Barbara,2012,pell_status,pell,1,0.3,3.3,242,82,23,62,21,6
TR,Santa Barbara,2012,pell_status,pell,2,3.3,3.65,174,51,10,64,19,4
TR,Santa Barbara,2012,pell_status,pell,3,3.65,4.0,62,16,1,69,18,1
TR,Santa Barbara,2013,ethnicity,aian,1,0.32,3.31,5,1,0,83,17,0
TR,Santa Barbara,2013,ethnicity,aian,2,3.31,3.66,2,0,1,50,0,25
TR,Santa Barbara,2013,ethnicity,aian,3,3.66,4.0,2,1,0,67,33,0
TR,Santa Barbara,2013,ethnicity,asian,1,0.32,3.31,87,25,5,64,18,4
TR,Santa Barbara,2013,ethnicity,asian,2,3.31,3.66,62,23,1,63,23,1
TR,Santa Barbara,2013,ethnicity,asian,3,3.66,4.0,44,9,2,71,15,3
TR,Santa Barbara,2013,ethnicity,black,1,0.32,3.31,19,3,4,66,10,14
TR,Santa Barbara,2013,ethnicity,black,2,3.31,3.66,7,4,1,44,25,6
TR,Santa Barbara,2013,ethnicity,black,3,3.66,4.0,4,1,0,80,20,0
TR,Santa Barbara,2013,ethnicity,hispanic_latino,1,0.32,3.31,123,36,6,65,19,3
TR,Santa Barbara,2013,ethnicity,hispanic_latino,2,3.31,3.66,101,15,3,74,11,2
TR,Santa Barbara,2013,ethnicity,hispanic_latino,3,3.66,4.0,30,6,2,71,14,5
TR,Santa Barbara,2013,ethnicity,international,1,0.32,3.31,28,6,0,72,15,0
TR,Santa Barbara,2013,ethnicity,international,2,3.31,3.66,33,6,1,77,14,2
TR,Santa Barbara,2013,ethnicity,international,3,3.66,4.0,16,5,0,73,23,0
TR,Santa Barbara,2013,ethnicity,white,1,0.32,3.31,174,36,7,69,14,3
TR,Santa Barbara,2013,ethnicity,white,2,3.31,3.66,156,43,7,69,19,3
TR,Santa Barbara,2013,ethnicity,white,3,3.66,4.0,97,32,1,72,24,1
TR,Santa Barbara,2013,first_gen_status,first_gen,1,0.32,3.31,200,55,10,65,18,3
TR,Santa Barbara,2013,first_gen_status,first_gen,2,3.31,3.66,179,32,7,71,13,3
TR,Santa Barbara,2013,first_gen_status,first_gen,3,3.66,4.0,77,16,3,73,15,3
TR,Santa Barbara,2013,first_gen_status,not_first_gen,1,0.32,3.31,229,51,12,69,15,4
TR,Santa Barbara,2013,first_gen_status,not_first_gen,2,3.31,3.66,190,64,7,67,22,2
TR,Santa Barbara,2013,first_gen_status,not_first_gen,3,3.66,4.0,114,38,2,70,23,1
TR,Santa Barbara,2013,pell_status,non_pell,1,0.32,3.31,231,42,9,72,13,3
TR,Santa Barbara,2013,pell_status,non_pell,2,3.31,3.66,213,50,6,71,17,2
TR,Santa Barbara,2013,pell_status,non_pell,3,3.66,4.0,118,28,2,76,18,1
TR,Santa Barbara,2013,pell_status,pell,1,0.32,3.31,211,69,13,62,20,4
TR,Santa Barbara,2013,pell_status,pell,2,3.31,3.66,161,46,8,66,19,3
TR,Santa Barbara,2013,pell_status,pell,3,3.66,4.0,80,27,3,67,23,3
TR,Santa Barbara,2014,ethnicity,aian,1,0.82,3.34,8,1,0,89,11,0
TR,Santa Barbara,2014,ethnicity,aian,2,3.34,3.68,3,0,0,60,0,0
TR,Santa Barbara,2014,ethnicity,aian,3,3.68,4.0,2,2,0,40,40,0
TR,Santa Barbara,2014,ethnicity,asian,1,0.82,3.34,72,43,6,51,30,4
TR,Santa Barbara,2014,ethnicity,asian,2,3.34,3.68,68,26,4,59,23,3
TR,Santa Barbara,2014,ethnicity,asian,3,3.68,4.0,41,5,0,82,10,0
TR,Santa Barbara,2014,ethnicity,black,1,0.82,3.34,20,8,1,59,24,3
TR,Santa Barbara,2014,ethnicity,black,2,3.34,3.68,8,2,0,62,15,0
TR,Santa Barbara,2014,ethnicity,black,3,3.68,4.0,1,1,0,25,25,0
TR,Santa Barbara,2014,ethnicity,hispanic_latino,1,0.82,3.34,128,50,3,61,24,1
TR,Santa Barbara,2014,ethnicity,hispanic_latino,2,3.34,3.68,66,29,4,57,25,3
TR,Santa Barbara,2014,ethnicity,hispanic_latino,3,3.68,4.0,36,7,1,72,14,2
TR,Santa Barbara,2014,ethnicity,international,1,0.82,3.34,43,14,1,64,21,1
TR,Santa Barbara,2014,ethnicity,international,2,3.34,3.68,63,8,0,82,10,0
TR,Santa Barbara,2014,ethnicity,international,3,3.68,4.0,33,4,0,87,11,0
TR,Santa Barbara,2014,ethnicity,white,1,0.82,3.34,175,38,8,70,15,3
TR,Santa Barbara,2014,ethnicity,white,2,3.34,3.68,150,42,4,68,19,2
TR,Santa Barbara,2014,ethnicity,white,3,3.68,4.0,76,20,5,66,17,4
TR,Santa Barbara,2014,first_gen_status,first_gen,1,0.82,3.34,223,92,6,60,25,2
TR,Santa Barbara,2014,first_gen_status,first_gen,2,3.34,3.68,159,36,5,66,15,2
TR,Santa Barbara,2014,first_gen_status,first_gen,3,3.68,4.0,78,11,5,75,11,5
TR,Santa Barbara,2014,first_gen_status,not_first_gen,1,0.82,3.34,223,63,11,65,18,3
TR,Santa Barbara,2014,first_gen_status,not_first_gen,2,3.34,3.68,194,69,7,65,23,2
TR,Santa Barbara,2014,first_gen_status,not_first_gen,3,3.68,4.0,108,31,2,68,19,1
TR,Santa Barbara,2014,pell_status,non_pell,1,0.82,3.34,241,50,11,69,14,3
TR,Santa Barbara,2014,pell_status,non_pell,2,3.34,3.68,229,58,4,70,18,1
TR,Santa Barbara,2014,pell_status,non_pell,3,3.68,4.0,121,30,3,70,17,2
TR,Santa Barbara,2014,pell_status,pell,1,0.82,3.34,217,109,8,56,28,2
TR,Santa Barbara,2014,pell_status,pell,2,3.34,3.68,136,51,8,59,22,3
TR,Santa Barbara,2014,pell_status,pell,3,3.68,4.0,73,13,4,72,13,4
TR,Santa Barbara,2015,ethnicity,aian,1,1.4,3.34,5,1,0,71,14,0
TR,Santa Barbara,2015,ethnicity,aian,2,3.34,3.68,4,0,0,100,0,0
TR,Santa Barbara,2015,ethnicity,aian,3,3.68,4.0,0,2,0,0,67,0
TR,Santa Barbara,2015,ethnicity,asian,1,1.4,3.34,79,24,1,65,20,1
TR,Santa Barbara,2015,ethnicity,asian,2,3.34,3.68,76,12,4,75,12,4
TR,Santa Barbara,2015,ethnicity,asian,3,3.68,4.0,41,11,4,64,17,6
TR,Santa Barbara,2015,ethnicity,black,1,1.4,3.34,34,6,5,62,11,9
TR,Santa Barbara,2015,ethnicity,black,2,3.34,3.68,6,5,0,43,36,0
TR,Santa Barbara,2015,ethnicity,black,3,3.68,4.0,2,0,0,100,0,0
TR,Santa Barbara,2015,ethnicity,hispanic_latino,1,1.4,3.34,101,34,9,58,20,5
TR,Santa Barbara,2015,ethnicity,hispanic_latino,2,3.34,3.68,78,25,2,64,21,2
TR,Santa Barbara,2015,ethnicity,hispanic_latino,3,3.68,4.0,30,14,1,60,28,2
TR,Santa Barbara,2015,ethnicity,international,1,1.4,3.34,47,8,2,78,13,3
TR,Santa Barbara,2015,ethnicity,international,2,3.34,3.68,68,19,3,70,20,3
TR,Santa Barbara,2015,ethnicity,international,3,3.68,4.0,30,9,1,73,22,2
TR,Santa Barbara,2015,ethnicity,white,1,1.4,3.34,152,38,11,68,17,5
TR,Santa Barbara,2015,ethnicity,white,2,3.34,3.68,148,44,6,67,20,3
TR,Santa Barbara,2015,ethnicity,white,3,3.68,4.0,86,19,3,71,16,2
TR,Santa Barbara,2015,first_gen_status,first_gen,1,1.4,3.34,201,57,14,63,18,4
TR,Santa Barbara,2015,first_gen_status,first_gen,2,3.34,3.68,181,50,7,68,19,3
TR,Santa Barbara,2015,first_gen_status,first_gen,3,3.68,4.0,78,24,3,69,21,3
TR,Santa Barbara,2015,first_gen_status,not_first_gen,1,1.4,3.34,224,51,11,69,16,3
TR,Santa Barbara,2015,first_gen_status,not_first_gen,2,3.34,3.68,201,53,8,69,18,3
TR,Santa Barbara,2015,first_gen_status,not_first_gen,3,3.68,4.0,107,28,5,67,18,3
TR,Santa Barbara,2015,pell_status,non_pell,1,1.4,3.34,239,53,7,72,16,2
TR,Santa Barbara,2015,pell_status,non_pell,2,3.34,3.68,240,59,6,70,17,2
TR,Santa Barbara,2015,pell_status,non_pell,3,3.68,4.0,126,31,6,72,18,3
TR,Santa Barbara,2015,pell_status,pell,1,1.4,3.34,194,61,21,59,19,6
TR,Santa Barbara,2015,pell_status,pell,2,3.34,3.68,150,49,9,64,21,4
TR,Santa Barbara,2015,pell_status,pell,3,3.68,4.0,67,26,3,59,23,3
TR,Santa Barbara,2016,ethnicity,aian,1,0.36,3.33,5,2,1,63,25,13
TR,Santa Barbara,2016,ethnicity,aian,2,3.33,3.68,1,2,0,17,33,0
TR,Santa Barbara,2016,ethnicity,aian,3,3.68,4.0,2,1,0,67,33,0
TR,Santa Barbara,2016,ethnicity,asian,1,0.36,3.33,87,38,8,57,25,5
TR,Santa Barbara,2016,ethnicity,asian,2,3.33,3.68,70,47,7,50,33,5
TR,Santa Barbara,2016,ethnicity,asian,3,3.68,4.0,35,21,1,58,35,2
TR,Santa Barbara,2016,ethnicity,black,1,0.36,3.33,25,15,6,41,25,10
TR,Santa Barbara,2016,ethnicity,black,2,3.33,3.68,18,1,3,78,4,13
TR,Santa Barbara,2016,ethnicity,black,3,3.68,4.0,6,1,0,67,11,0
TR,Santa Barbara,2016,ethnicity,hispanic_latino,1,0.36,3.33,152,64,11,56,24,4
TR,Santa Barbara,2016,ethnicity,hispanic_latino,2,3.33,3.68,117,29,7,66,16,4
TR,Santa Barbara,2016,ethnicity,hispanic_latino,3,3.68,4.0,42,22,1,57,30,1
TR,Santa Barbara,2016,ethnicity,international,1,0.36,3.33,57,21,2,62,23,2
TR,Santa Barbara,2016,ethnicity,international,2,3.33,3.68,65,19,1,74,22,1
TR,Santa Barbara,2016,ethnicity,international,3,3.68,4.0,49,12,1,73,18,1
TR,Santa Barbara,2016,ethnicity,white,1,0.36,3.33,200,70,14,60,21,4
TR,Santa Barbara,2016,ethnicity,white,2,3.33,3.68,170,50,10,65,19,4
TR,Santa Barbara,2016,ethnicity,white,3,3.68,4.0,87,30,9,64,22,7
TR,Santa Barbara,2016,first_gen_status,first_gen,1,0.36,3.33,269,116,23,56,24,5
TR,Santa Barbara,2016,first_gen_status,first_gen,2,3.33,3.68,215,78,11,62,23,3
TR,Santa Barbara,2016,first_gen_status,first_gen,3,3.68,4.0,89,41,3,60,28,2
TR,Santa Barbara,2016,first_gen_status,not_first_gen,1,0.36,3.33,268,98,20,59,21,4
TR,Santa Barbara,2016,first_gen_status,not_first_gen,2,3.33,3.68,223,69,20,63,20,6
TR,Santa Barbara,2016,first_gen_status,not_first_gen,3,3.68,4.0,134,48,9,66,24,4
TR,Santa Barbara,2016,pell_status,non_pell,1,0.36,3.33,329,82,15,67,17,3
TR,Santa Barbara,2016,pell_status,non_pell,2,3.33,3.68,292,81,11,69,19,3
TR,Santa Barbara,2016,pell_status,non_pell,3,3.68,4.0,149,53,8,67,24,4
TR,Santa Barbara,2016,pell_status,pell,1,0.36,3.33,221,137,31,47,29,7
TR,Santa Barbara,2016,pell_status,pell,2,3.33,3.68,160,75,20,53,25,7
TR,Santa Barbara,2016,pell_status,pell,3,3.68,4.0,78,39,4,58,29,3
TR,Santa Barbara,2017,ethnicity,aian,1,0.3,3.33,8,1,0,62,8,0
TR,Santa Barbara,2017,ethnicity,aian,2,3.33,3.69,3,0,0,75,0,0
TR,Santa Barbara,2017,ethnicity,aian,3,3.69,4.0,2,1,0,67,33,0
TR,Santa Barbara,2017,ethnicity,asian,1,0.3,3.33,87,37,4,58,25,3
TR,Santa Barbara,2017,ethnicity,asian,2,3.33,3.69,108,36,5,65,22,3
TR,Santa Barbara,2017,ethnicity,asian,3,3.69,4.0,45,14,7,59,18,9
TR,Santa Barbara,2017,ethnicity,black,1,0.3,3.33,36,14,2,53,21,3
TR,Santa Barbara,2017,ethnicity,black,2,3.33,3.69,18,3,3,69,12,12
TR,Santa Barbara,2017,ethnicity,black,3,3.69,4.0,7,3,4,47,20,27
TR,Santa Barbara,2017,ethnicity,hispanic_latino,1,0.3,3.33,161,62,20,56,21,7
TR,Santa Barbara,2017,ethnicity,hispanic_latino,2,3.33,3.69,113,41,6,61,22,3
TR,Santa Barbara,2017,ethnicity,hispanic_latino,3,3.69,4.0,64,16,4,68,17,4
TR,Santa Barbara,2017,ethnicity,international,1,0.3,3.33,61,32,6,55,29,5
TR,Santa Barbara,2017,ethnicity,international,2,3.33,3.69,80,25,3,68,21,3
TR,Santa Barbara,2017,ethnicity,international,3,3.69,4.0,49,14,2,73,21,3
TR,Santa Barbara,2017,ethnicity,white,1,0.3,3.33,196,58,15,64,19,5
TR,Santa Barbara,2017,ethnicity,white,2,3.33,3.69,188,62,9,63,21,3
TR,Santa Barbara,2017,ethnicity,white,3,3.69,4.0,105,34,5,69,22,3
TR,Santa Barbara,2017,first_gen_status,first_gen,1,0.3,3.33,265,95,23,59,21,5
TR,Santa Barbara,2017,first_gen_status,first_gen,2,3.33,3.69,227,65,16,63,18,4
TR,Santa Barbara,2017,first_gen_status,first_gen,3,3.69,4.0,105,33,5,66,21,3
TR,Santa Barbara,2017,first_gen_status,not_first_gen,1,0.3,3.33,283,106,22,59,22,5
TR,Santa Barbara,2017,first_gen_status,not_first_gen,2,3.33,3.69,279,98,11,64,23,3
TR,Santa Barbara,2017,first_gen_status,not_first_gen,3,3.69,4.0,164,47,15,67,19,6
TR,Santa Barbara,2017,pell_status,non_pell,1,0.3,3.33,303,97,18,63,20,4
TR,Santa Barbara,2017,pell_status,non_pell,2,3.33,3.69,308,98,10,66,21,2
TR,Santa Barbara,2017,pell_status,non_pell,3,3.69,4.0,183,43,14,71,17,5
TR,Santa Barbara,2017,pell_status,pell,1,0.3,3.33,259,114,30,54,24,6
TR,Santa Barbara,2017,pell_status,pell,2,3.33,3.69,219,74,17,60,20,5
TR,Santa Barbara,2017,pell_status,pell,3,3.69,4.0,96,39,8,60,24,5
TR,Santa Barbara,2018,ethnicity,aian,1,0.32,3.34,5,0,1,63,0,13
TR,Santa Barbara,2018,ethnicity,aian,2,3.34,3.7,2,0,0,67,0,0
TR,Santa Barbara,2018,ethnicity,aian,3,3.7,4.0,3,1,0,75,25,0
TR,Santa Barbara,2018,ethnicity,asian,1,0.32,3.34,79,35,7,55,24,5
TR,Santa Barbara,2018,ethnicity,asian,2,3.34,3.7,100,46,1,63,29,1
TR,Santa Barbara,2018,ethnicity,asian,3,3.7,4.0,59,15,2,72,18,2
TR,Santa Barbara,2018,ethnicity,black,1,0.32,3.34,34,14,7,52,22,11
TR,Santa Barbara,2018,ethnicity,black,2,3.34,3.7,12,9,2,43,32,7
TR,Santa Barbara,2018,ethnicity,black,3,3.7,4.0,2,6,0,22,67,0
TR,Santa Barbara,2018,ethnicity,hispanic_latino,1,0.32,3.34,166,78,12,54,26,4
TR,Santa Barbara,2018,ethnicity,hispanic_latino,2,3.34,3.7,108,40,3,59,22,2
TR,Santa Barbara,2018,ethnicity,hispanic_latino,3,3.7,4.0,73,18,3,68,17,3
TR,Santa Barbara,2018,ethnicity,international,1,0.32,3.34,135,26,6,73,14,3
TR,Santa Barbara,2018,ethnicity,international,2,3.34,3.7,158,32,2,76,15,1
TR,Santa Barbara,2018,ethnicity,international,3,3.7,4.0,69,14,6,71,14,6
TR,Santa Barbara,2018,ethnicity,white,1,0.32,3.34,213,70,12,63,21,4
TR,Santa Barbara,2018,ethnicity,white,2,3.34,3.7,217,66,8,70,21,3
TR,Santa Barbara,2018,ethnicity,white,3,3.7,4.0,123,43,5,66,23,3
TR,Santa Barbara,2018,first_gen_status,first_gen,1,0.32,3.34,304,93,21,62,19,4
TR,Santa Barbara,2018,first_gen_status,first_gen,2,3.34,3.7,237,82,8,65,22,2
TR,Santa Barbara,2018,first_gen_status,first_gen,3,3.7,4.0,126,45,5,67,24,3
TR,Santa Barbara,2018,first_gen_status,not_first_gen,1,0.32,3.34,311,124,22,60,24,4
TR,Santa Barbara,2018,first_gen_status,not_first_gen,2,3.34,3.7,344,111,8,69,22,2
TR,Santa Barbara,2018,first_gen_status,not_first_gen,3,3.7,4.0,202,53,11,68,18,4
TR,Santa Barbara,2018,pell_status,non_pell,1,0.32,3.34,358,112,18,66,21,3
TR,Santa Barbara,2018,pell_status,non_pell,2,3.34,3.7,427,98,6,74,17,1
TR,Santa Barbara,2018,pell_status,non_pell,3,3.7,4.0,232,50,10,73,16,3
TR,Santa Barbara,2018,pell_status,pell,1,0.32,3.34,280,119,28,54,23,5
TR,Santa Barbara,2018,pell_status,pell,2,3.34,3.7,178,100,10,54,30,3
TR,Santa Barbara,2018,pell_status,pell,3,3.7,4.0,109,50,7,60,27,4
TR,Santa Barbara,2019,ethnicity,aian,1,0.32,3.38,8,3,0,67,25,0
TR,Santa Barbara,2019,ethnicity,aian,2,3.38,3.73,6,2,0,60,20,0
TR,Santa Barbara,2019,ethnicity,aian,3,3.73,4.0,2,1,0,67,33,0
TR,Santa Barbara,2019,ethnicity,asian,1,0.32,3.38,81,38,9,54,25,6
TR,Santa Barbara,2019,ethnicity,asian,2,3.38,3.73,107,35,3,68,22,2
TR,Santa Barbara,2019,ethnicity,asian,3,3.73,4.0,57,15,6,63,17,7
TR,Santa Barbara,2019,ethnicity,black,1,0.32,3.38,20,8,2,47,19,5
TR,Santa Barbara,2019,ethnicity,black,2,3.38,3.73,17,6,0,71,25,0
TR,Santa Barbara,2019,ethnicity,black,3,3.73,4.0,10,3,1,63,19,6
TR,Santa Barbara,2019,ethnicity,hispanic_latino,1,0.32,3.38,130,59,15,55,25,6
TR,Santa Barbara,2019,ethnicity,hispanic_latino,2,3.38,3.73,99,51,4,55,28,2
TR,Santa Barbara,2019,ethnicity,hispanic_latino,3,3.73,4.0,58,18,2,64,20,2
TR,Santa Barbara,2019,ethnicity,international,1,0.32,3.38,72,17,5,66,16,5
TR,Santa Barbara,2019,ethnicity,international,2,3.38,3.73,80,13,6,70,11,5
TR,Santa Barbara,2019,ethnicity,international,3,3.73,4.0,48,9,1,76,14,2
TR,Santa Barbara,2019,ethnicity,white,1,0.32,3.38,171,56,12,64,21,4
TR,Santa Barbara,2019,ethnicity,white,2,3.38,3.73,186,76,16,61,25,5
TR,Santa Barbara,2019,ethnicity,white,3,3.73,4.0,137,43,4,70,22,2
TR,Santa Barbara,2019,first_gen_status,first_gen,1,0.32,3.38,212,76,21,58,21,6
TR,Santa Barbara,2019,first_gen_status,first_gen,2,3.38,3.73,203,68,8,63,21,2
TR,Santa Barbara,2019,first_gen_status,first_gen,3,3.73,4.0,124,26,4,70,15,2
TR,Santa Barbara,2019,first_gen_status,not_first_gen,1,0.32,3.38,262,105,20,60,24,5
TR,Santa Barbara,2019,first_gen_status,not_first_gen,2,3.38,3.73,295,114,20,63,24,4
TR,Santa Barbara,2019,first_gen_status,not_first_gen,3,3.73,4.0,187,63,10,66,22,4
TR,Santa Barbara,2019,pell_status,non_pell,1,0.32,3.38,279,86,15,64,20,3
TR,Santa Barbara,2019,pell_status,non_pell,2,3.38,3.73,330,92,18,67,19,4
TR,Santa Barbara,2019,pell_status,non_pell,3,3.73,4.0,218,55,8,72,18,3
TR,Santa Barbara,2019,pell_status,pell,1,0.32,3.38,209,100,30,53,25,8
TR,Santa Barbara,2019,pell_status,pell,2,3.38,3.73,181,95,12,57,30,4
TR,Santa Barbara,2019,pell_status,pell,3,3.73,4.0,100,35,6,61,21,4
TR,Santa Barbara,2020,ethnicity,aian,1,1.25,3.39,2,4,0,22,44,0
TR,Santa Barbara,2020,ethnicity,aian,2,3.39,3.74,0,0,0,0,0,0
TR,Santa Barbara,2020,ethnicity,aian,3,3.74,4.0,4,1,2,57,14,29
TR,Santa Barbara,2020,ethnicity,asian,1,1.25,3.39,118,74,12,50,31,5
TR,Santa Barbara,2020,ethnicity,asian,2,3.39,3.74,119,49,11,56,23,5
TR,Santa Barbara,2020,ethnicity,asian,3,3.74,4.0,61,19,2,66,21,2
TR,Santa Barbara,2020,ethnicity,black,1,1.25,3.39,22,18,4,37,30,7
TR,Santa Barbara,2020,ethnicity,black,2,3.39,3.74,12,6,1,52,26,4
TR,Santa Barbara,2020,ethnicity,black,3,3.74,4.0,7,1,0,78,11,0
TR,Santa Barbara,2020,ethnicity,hispanic_latino,1,1.25,3.39,151,76,14,50,25,5
TR,Santa Barbara,2020,ethnicity,hispanic_latino,2,3.39,3.74,97,47,10,50,24,5
TR,Santa Barbara,2020,ethnicity,hispanic_latino,3,3.74,4.0,69,17,1,72,18,1
TR,Santa Barbara,2020,ethnicity,international,1,1.25,3.39,66,29,8,53,23,6
TR,Santa Barbara,2020,ethnicity,international,2,3.39,3.74,45,23,0,59,30,0
TR,Santa Barbara,2020,ethnicity,international,3,3.74,4.0,23,12,1,55,29,2
TR,Santa Barbara,2020,ethnicity,white,1,1.25,3.39,182,83,18,54,24,5
TR,Santa Barbara,2020,ethnicity,white,2,3.39,3.74,194,87,18,58,26,5
TR,Santa Barbara,2020,ethnicity,white,3,3.74,4.0,114,57,11,58,29,6
TR,Santa Barbara,2020,first_gen_status,first_gen,1,1.25,3.39,228,112,28,49,24,6
TR,Santa Barbara,2020,first_gen_status,first_gen,2,3.39,3.74,183,75,18,54,22,5
TR,Santa Barbara,2020,first_gen_status,first_gen,3,3.74,4.0,103,30,3,66,19,2
TR,Santa Barbara,2020,first_gen_status,not_first_gen,1,1.25,3.39,313,175,29,51,29,5
TR,Santa Barbara,2020,first_gen_status,not_first_gen,2,3.39,3.74,291,135,22,57,27,4
TR,Santa Barbara,2020,first_gen_status,not_first_gen,3,3.74,4.0,170,81,15,59,28,5
TR,Santa Barbara,2020,pell_status,non_pell,1,1.25,3.39,338,147,27,55,24,4
TR,Santa Barbara,2020,pell_status,non_pell,2,3.39,3.74,313,125,18,60,24,3
TR,Santa Barbara,2020,pell_status,non_pell,3,3.74,4.0,179,71,11,61,24,4
TR,Santa Barbara,2020,pell_status,pell,1,1.25,3.39,222,155,32,44,31,6
TR,Santa Barbara,2020,pell_status,pell,2,3.39,3.74,176,92,22,50,26,6
TR,Santa Barbara,2020,pell_status,pell,3,3.74,4.0,107,43,7,64,26,4
TR,Santa Barbara,2021,ethnicity,aian,1,1.0,3.5,2,3,0,33,50,0
TR,Santa Barbara,2021,ethnicity,aian,2,3.5,3.82,1,0,0,100,0,0
TR,Santa Barbara,2021,ethnicity,aian,3,3.82,4.0,3,0,0,100,0,0
TR,Santa Barbara,2021,ethnicity,asian,1,1.0,3.5,78,34,6,59,26,5
TR,Santa Barbara,2021,ethnicity,asian,2,3.5,3.82,140,45,5,66,21,2
TR,Santa Barbara,2021,ethnicity,asian,3,3.82,4.0,71,24,1,69,23,1
TR,Santa Barbara,2021,ethnicity,black,1,1.0,3.5,17,3,0,59,10,0
TR,Santa Barbara,2021,ethnicity,black,2,3.5,3.82,20,7,3,61,21,9
TR,Santa Barbara,2021,ethnicity,black,3,3.82,4.0,8,3,1,53,20,7
TR,Santa Barbara,2021,ethnicity,hispanic_latino,1,1.0,3.5,77,29,6,56,21,4
TR,Santa Barbara,2021,ethnicity,hispanic_latino,2,3.5,3.82,154,51,10,63,21,4
TR,Santa Barbara,2021,ethnicity,hispanic_latino,3,3.82,4.0,79,25,3,69,22,3
TR,Santa Barbara,2021,ethnicity,international,1,1.0,3.5,58,15,4,67,17,5
TR,Santa Barbara,2021,ethnicity,international,2,3.5,3.82,49,17,2,65,23,3
TR,Santa Barbara,2021,ethnicity,international,3,3.82,4.0,34,8,1,74,17,2
TR,Santa Barbara,2021,ethnicity,white,1,1.0,3.5,127,39,5,64,20,3
TR,Santa Barbara,2021,ethnicity,white,2,3.5,3.82,265,75,10,70,20,3
TR,Santa Barbara,2021,ethnicity,white,3,3.82,4.0,178,43,11,71,17,4
TR,Santa Barbara,2021,first_gen_status,first_gen,1,1.0,3.5,155,44,10,62,17,4
TR,Santa Barbara,2021,first_gen_status,first_gen,2,3.5,3.82,213,65,10,65,20,3
TR,Santa Barbara,2021,first_gen_status,first_gen,3,3.82,4.0,120,30,4,73,18,2
TR,Santa Barbara,2021,first_gen_status,not_first_gen,1,1.0,3.5,196,77,11,61,24,3
TR,Santa Barbara,2021,first_gen_status,not_first_gen,2,3.5,3.82,404,129,17,67,22,3
TR,Santa Barbara,2021,first_gen_status,not_first_gen,3,3.82,4.0,257,76,13,68,20,3
TR,Santa Barbara,2021,pell_status,non_pell,1,1.0,3.5,244,74,13,66,20,4
TR,Santa Barbara,2021,pell_status,non_pell,2,3.5,3.82,420,120,15,69,20,2
TR,Santa Barbara,2021,pell_status,non_pell,3,3.82,4.0,276,75,7,72,20,2
TR,Santa Barbara,2021,pell_status,pell,1,1.0,3.5,122,50,9,54,22,4
TR,Santa Barbara,2021,pell_status,pell,2,3.5,3.82,215,78,15,63,23,4
TR,Santa Barbara,2021,pell_status,pell,3,3.82,4.0,104,33,10,65,20,6
TR,Santa Cruz,2010,ethnicity,aian,1,0.33,3.25,8,6,0,53,40,0
TR,Santa Cruz,2010,ethnicity,aian,2,3.25,3.63,5,0,0,83,0,0
TR,Santa Cruz,2010,ethnicity,aian,3,3.63,4.0,4,2,0,57,29,0
TR,Santa Cruz,2010,ethnicity,asian,1,0.33,3.25,56,40,10,43,31,8
TR,Santa Cruz,2010,ethnicity,asian,2,3.25,3.63,13,10,1,48,37,4
TR,Santa Cruz,2010,ethnicity,asian,3,3.63,4.0,7,7,1,41,41,6
TR,Santa Cruz,2010,ethnicity,black,1,0.33,3.25,12,7,1,46,27,4
TR,Santa Cruz,2010,ethnicity,black,2,3.25,3.63,0,1,1,0,20,20
TR,Santa Cruz,2010,ethnicity,black,3,3.63,4.0,2,0,0,50,0,0
TR,Santa Cruz,2010,ethnicity,hispanic_latino,1,0.33,3.25,69,67,7,37,36,4
TR,Santa Cruz,2010,ethnicity,hispanic_latino,2,3.25,3.63,27,19,3,50,35,6
TR,Santa Cruz,2010,ethnicity,hispanic_latino,3,3.63,4.0,11,3,2,55,15,10
TR,Santa Cruz,2010,ethnicity,international,1,0.33,3.25,3,1,0,60,20,0
TR,Santa Cruz,2010,ethnicity,international,2,3.25,3.63,2,1,0,67,33,0
TR,Santa Cruz,2010,ethnicity,international,3,3.63,4.0,1,0,0,100,0,0
TR,Santa Cruz,2010,ethnicity,white,1,0.33,3.25,171,71,19,53,22,6
TR,Santa Cruz,2010,ethnicity,white,2,3.25,3.63,75,46,8,50,31,5
TR,Santa Cruz,2010,ethnicity,white,3,3.63,4.0,66,29,3,59,26,3
TR,Santa Cruz,2010,first_gen_status,first_gen,1,0.33,3.25,151,111,16,44,32,5
TR,Santa Cruz,2010,first_gen_status,first_gen,2,3.25,3.63,47,31,6,47,31,6
TR,Santa Cruz,2010,first_gen_status,first_gen,3,3.63,4.0,34,19,3,52,29,5
TR,Santa Cruz,2010,first_gen_status,not_first_gen,1,0.33,3.25,159,79,23,49,24,7
TR,Santa Cruz,2010,first_gen_status,not_first_gen,2,3.25,3.63,79,44,7,56,31,5
TR,Santa Cruz,2010,first_gen_status,not_first_gen,3,3.63,4.0,61,23,3,61,23,3
TR,Santa Cruz,2010,pell_status,non_pell,1,0.33,3.25,166,53,10,60,19,4
TR,Santa Cruz,2010,pell_status,non_pell,2,3.25,3.63,78,39,4,58,29,3
TR,Santa Cruz,2010,pell_status,non_pell,3,3.63,4.0,57,14,4,69,17,5
TR,Santa Cruz,2010,pell_status,pell,1,0.33,3.25,176,154,33,39,34,7
TR,Santa Cruz,2010,pell_status,pell,2,3.25,3.63,62,43,10,46,32,7
TR,Santa Cruz,2010,pell_status,pell,3,3.63,4.0,46,33,2,47,34,2
TR,Santa Cruz,2011,ethnicity,aian,1,0.31,3.27,9,2,0,75,17,0
TR,Santa Cruz,2011,ethnicity,aian,2,3.27,3.63,5,2,0,63,25,0
TR,Santa Cruz,2011,ethnicity,aian,3,3.63,4.0,3,1,0,60,20,0
TR,Santa Cruz,2011,ethnicity,asian,1,0.31,3.27,61,24,2,56,22,2
TR,Santa Cruz,2011,ethnicity,asian,2,3.27,3.63,17,9,1,53,28,3
TR,Santa Cruz,2011,ethnicity,asian,3,3.63,4.0,9,2,0,69,15,0
TR,Santa Cruz,2011,ethnicity,black,1,0.31,3.27,9,5,1,53,29,6
TR,Santa Cruz,2011,ethnicity,black,2,3.27,3.63,3,3,0,50,50,0
TR,Santa Cruz,2011,ethnicity,black,3,3.63,4.0,2,0,0,100,0,0
TR,Santa Cruz,2011,ethnicity,hispanic_latino,1,0.31,3.27,93,56,15,47,28,8
TR,Santa Cruz,2011,ethnicity,hispanic_latino,2,3.27,3.63,41,19,4,58,27,6
TR,Santa Cruz,2011,ethnicity,hispanic_latino,3,3.63,4.0,11,7,0,42,27,0
TR,Santa Cruz,2011,ethnicity,international,1,0.31,3.27,1,2,0,33,67,0
TR,Santa Cruz,2011,ethnicity,international,2,3.63,4.0,1,1,0,50,50,0
TR,Santa Cruz,2011,ethnicity,white,1,0.31,3.27,184,80,14,55,24,4
TR,Santa Cruz,2011,ethnicity,white,2,3.27,3.63,104,49,5,56,26,3
TR,Santa Cruz,2011,ethnicity,white,3,3.63,4.0,73,29,5,61,24,4
TR,Santa Cruz,2011,first_gen_status,first_gen,1,0.31,3.27,160,88,16,50,27,5
TR,Santa Cruz,2011,first_gen_status,first_gen,2,3.27,3.63,68,45,3,50,33,2
TR,Santa Cruz,2011,first_gen_status,first_gen,3,3.63,4.0,36,13,1,58,21,2
TR,Santa Cruz,2011,first_gen_status,not_first_gen,1,0.31,3.27,191,79,15,56,23,4
TR,Santa Cruz,2011,first_gen_status,not_first_gen,2,3.27,3.63,102,34,7,63,21,4
TR,Santa Cruz,2011,first_gen_status,not_first_gen,3,3.63,4.0,70,27,4,61,24,4
TR,Santa Cruz,2011,pell_status,non_pell,1,0.31,3.27,168,54,11,61,20,4
TR,Santa Cruz,2011,pell_status,non_pell,2,3.27,3.63,86,28,2,65,21,2
TR,Santa Cruz,2011,pell_status,non_pell,3,3.63,4.0,63,17,2,68,18,2
TR,Santa Cruz,2011,pell_status,pell,1,0.31,3.27,195,119,22,47,29,5
TR,Santa Cruz,2011,pell_status,pell,2,3.27,3.63,89,57,9,50,32,5
TR,Santa Cruz,2011,pell_status,pell,3,3.63,4.0,43,25,3,49,29,3
TR,Santa Cruz,2012,ethnicity,aian,1,0.3,3.3,9,5,0,56,31,0
TR,Santa Cruz,2012,ethnicity,aian,2,3.3,3.65,3,1,0,75,25,0
TR,Santa Cruz,2012,ethnicity,aian,3,3.65,4.0,4,0,0,100,0,0
TR,Santa Cruz,2012,ethnicity,asian,1,0.3,3.3,80,56,10,45,32,6
TR,Santa Cruz,2012,ethnicity,asian,2,3.3,3.65,14,6,4,54,23,15
TR,Santa Cruz,2012,ethnicity,asian,3,3.65,4.0,10,3,0,63,19,0
TR,Santa Cruz,2012,ethnicity,black,1,0.3,3.3,16,7,3,53,23,10
TR,Santa Cruz,2012,ethnicity,black,2,3.3,3.65,5,1,1,63,13,13
TR,Santa Cruz,2012,ethnicity,black,3,3.65,4.0,3,0,0,60,0,0
TR,Santa Cruz,2012,ethnicity,hispanic_latino,1,0.3,3.3,96,73,11,46,35,5
TR,Santa Cruz,2012,ethnicity,hispanic_latino,2,3.3,3.65,45,22,4,55,27,5
TR,Santa Cruz,2012,ethnicity,hispanic_latino,3,3.65,4.0,9,5,0,64,36,0
TR,Santa Cruz,2012,ethnicity,international,1,0.3,3.3,2,0,0,67,0,0
TR,Santa Cruz,2012,ethnicity,international,2,3.3,3.65,0,1,0,0,100,0
TR,Santa Cruz,2012,ethnicity,white,1,0.3,3.3,176,93,15,53,28,5
TR,Santa Cruz,2012,ethnicity,white,2,3.3,3.65,80,48,4,53,32,3
TR,Santa Cruz,2012,ethnicity,white,3,3.65,4.0,60,20,3,67,22,3
TR,Santa Cruz,2012,first_gen_status,first_gen,1,0.3,3.3,181,139,19,46,35,5
TR,Santa Cruz,2012,first_gen_status,first_gen,2,3.3,3.65,71,39,6,54,30,5
TR,Santa Cruz,2012,first_gen_status,first_gen,3,3.65,4.0,46,11,3,70,17,5
TR,Santa Cruz,2012,first_gen_status,not_first_gen,1,0.3,3.3,194,94,19,54,26,5
TR,Santa Cruz,2012,first_gen_status,not_first_gen,2,3.3,3.65,78,43,5,55,30,4
TR,Santa Cruz,2012,first_gen_status,not_first_gen,3,3.65,4.0,42,18,2,62,26,3
TR,Santa Cruz,2012,pell_status,non_pell,1,0.3,3.3,178,80,13,58,26,4
TR,Santa Cruz,2012,pell_status,non_pell,2,3.3,3.65,71,25,1,66,23,1
TR,Santa Cruz,2012,pell_status,non_pell,3,3.65,4.0,46,13,4,70,20,6
TR,Santa Cruz,2012,pell_status,pell,1,0.3,3.3,211,161,27,44,34,6
TR,Santa Cruz,2012,pell_status,pell,2,3.3,3.65,82,58,13,47,33,7
TR,Santa Cruz,2012,pell_status,pell,3,3.65,4.0,43,17,1,61,24,1
TR,Santa Cruz,2013,ethnicity,aian,1,0.32,3.31,10,2,0,71,14,0
TR,Santa Cruz,2013,ethnicity,aian,2,3.31,3.66,6,1,0,86,14,0
TR,Santa Cruz,2013,ethnicity,aian,3,3.66,4.0,1,1,0,50,50,0
TR,Santa Cruz,2013,ethnicity,asian,1,0.32,3.31,53,33,7,48,30,6
TR,Santa Cruz,2013,ethnicity,asian,2,3.31,3.66,17,5,1,61,18,4
TR,Santa Cruz,2013,ethnicity,asian,3,3.66,4.0,12,1,0,75,6,0
TR,Santa Cruz,2013,ethnicity,black,1,0.32,3.31,12,9,2,46,35,8
TR,Santa Cruz,2013,ethnicity,black,2,3.31,3.66,4,2,0,57,29,0
TR,Santa Cruz,2013,ethnicity,black,3,3.66,4.0,3,1,0,75,25,0
TR,Santa Cruz,2013,ethnicity,hispanic_latino,1,0.32,3.31,70,71,15,36,36,8
TR,Santa Cruz,2013,ethnicity,hispanic_latino,2,3.31,3.66,26,16,4,47,29,7
TR,Santa Cruz,2013,ethnicity,hispanic_latino,3,3.66,4.0,12,6,1,60,30,5
TR,Santa Cruz,2013,ethnicity,international,1,0.32,3.31,5,4,1,45,36,9
TR,Santa Cruz,2013,ethnicity,international,2,3.31,3.66,2,0,1,67,0,33
TR,Santa Cruz,2013,ethnicity,international,3,3.66,4.0,1,1,0,50,50,0
TR,Santa Cruz,2013,ethnicity,white,1,0.32,3.31,134,79,11,50,30,4
TR,Santa Cruz,2013,ethnicity,white,2,3.31,3.66,77,29,8,60,23,6
TR,Santa Cruz,2013,ethnicity,white,3,3.66,4.0,56,24,2,67,29,2
TR,Santa Cruz,2013,first_gen_status,first_gen,1,0.32,3.31,130,106,20,41,33,6
TR,Santa Cruz,2013,first_gen_status,first_gen,2,3.31,3.66,69,21,7,61,18,6
TR,Santa Cruz,2013,first_gen_status,first_gen,3,3.66,4.0,37,15,2,64,26,3
TR,Santa Cruz,2013,first_gen_status,not_first_gen,1,0.32,3.31,145,87,16,50,30,5
TR,Santa Cruz,2013,first_gen_status,not_first_gen,2,3.31,3.66,62,30,5,57,28,5
TR,Santa Cruz,2013,first_gen_status,not_first_gen,3,3.66,4.0,45,19,1,67,28,1
TR,Santa Cruz,2013,pell_status,non_pell,1,0.32,3.31,120,47,7,59,23,3
TR,Santa Cruz,2013,pell_status,non_pell,2,3.31,3.66,61,18,3,67,20,3
TR,Santa Cruz,2013,pell_status,non_pell,3,3.66,4.0,42,10,0,78,19,0
TR,Santa Cruz,2013,pell_status,pell,1,0.32,3.31,168,154,30,39,36,7
TR,Santa Cruz,2013,pell_status,pell,2,3.31,3.66,76,36,11,53,25,8
TR,Santa Cruz,2013,pell_status,pell,3,3.66,4.0,43,24,3,58,32,4
TR,Santa Cruz,2014,ethnicity,aian,1,0.82,3.34,11,5,1,50,23,5
TR,Santa Cruz,2014,ethnicity,aian,2,3.34,3.68,4,2,0,57,29,0
TR,Santa Cruz,2014,ethnicity,asian,1,0.82,3.34,65,31,5,55,26,4
TR,Santa Cruz,2014,ethnicity,asian,2,3.34,3.68,17,9,1,50,26,3
TR,Santa Cruz,2014,ethnicity,asian,3,3.68,4.0,8,0,1,80,0,10
TR,Santa Cruz,2014,ethnicity,black,1,0.82,3.34,7,9,8,21,27,24
TR,Santa Cruz,2014,ethnicity,black,2,3.34,3.68,1,3,1,17,50,17
TR,Santa Cruz,2014,ethnicity,black,3,3.68,4.0,2,0,0,67,0,0
TR,Santa Cruz,2014,ethnicity,hispanic_latino,1,0.82,3.34,102,52,13,52,27,7
TR,Santa Cruz,2014,ethnicity,hispanic_latino,2,3.34,3.68,29,15,1,57,29,2
TR,Santa Cruz,2014,ethnicity,hispanic_latino,3,3.68,4.0,13,4,2,59,18,9
TR,Santa Cruz,2014,ethnicity,international,1,0.82,3.34,7,2,1,70,20,10
TR,Santa Cruz,2014,ethnicity,international,2,3.34,3.68,3,1,0,75,25,0
TR,Santa Cruz,2014,ethnicity,international,3,3.68,4.0,0,0,0,0,0,0
TR,Santa Cruz,2014,ethnicity,white,1,0.82,3.34,189,81,10,59,25,3
TR,Santa Cruz,2014,ethnicity,white,2,3.34,3.68,77,24,7,65,20,6
TR,Santa Cruz,2014,ethnicity,white,3,3.68,4.0,45,13,4,66,19,6
TR,Santa Cruz,2014,first_gen_status,first_gen,1,0.82,3.34,181,90,17,53,26,5
TR,Santa Cruz,2014,first_gen_status,first_gen,2,3.34,3.68,59,20,2,64,22,2
TR,Santa Cruz,2014,first_gen_status,first_gen,3,3.68,4.0,29,7,5,63,15,11
TR,Santa Cruz,2014,first_gen_status,not_first_gen,1,0.82,3.34,195,92,20,55,26,6
TR,Santa Cruz,2014,first_gen_status,not_first_gen,2,3.34,3.68,72,33,8,57,26,6
TR,Santa Cruz,2014,first_gen_status,not_first_gen,3,3.68,4.0,37,11,2,65,19,4
TR,Santa Cruz,2014,pell_status,non_pell,1,0.82,3.34,162,56,10,63,22,4
TR,Santa Cruz,2014,pell_status,non_pell,2,3.34,3.68,66,19,3,68,20,3
TR,Santa Cruz,2014,pell_status,non_pell,3,3.68,4.0,32,4,3,74,9,7
TR,Santa Cruz,2014,pell_status,pell,1,0.82,3.34,226,130,28,49,28,6
TR,Santa Cruz,2014,pell_status,pell,2,3.34,3.68,68,36,7,54,28,6
TR,Santa Cruz,2014,pell_status,pell,3,3.68,4.0,38,15,4,58,23,6
TR,Santa Cruz,2015,ethnicity,aian,1,1.4,3.34,1,4,0,17,67,0
TR,Santa Cruz,2015,ethnicity,aian,2,3.34,3.68,1,0,1,33,0,33
TR,Santa Cruz,2015,ethnicity,aian,3,3.68,4.0,1,0,0,100,0,0
TR,Santa Cruz,2015,ethnicity,asian,1,1.4,3.34,83,51,3,53,32,2
TR,Santa Cruz,2015,ethnicity,asian,2,3.34,3.68,14,10,0,50,36,0
TR,Santa Cruz,2015,ethnicity,asian,3,3.68,4.0,14,5,1,67,24,5
TR,Santa Cruz,2015,ethnicity,black,1,1.4,3.34,13,5,6,38,15,18
TR,Santa Cruz,2015,ethnicity,black,2,3.34,3.68,7,1,0,78,11,0
TR,Santa Cruz,2015,ethnicity,black,3,3.68,4.0,0,1,0,0,100,0
TR,Santa Cruz,2015,ethnicity,hispanic_latino,1,1.4,3.34,127,66,16,54,28,7
TR,Santa Cruz,2015,ethnicity,hispanic_latino,2,3.34,3.68,29,24,1,48,39,2
TR,Santa Cruz,2015,ethnicity,hispanic_latino,3,3.68,4.0,9,9,0,43,43,0
TR,Santa Cruz,2015,ethnicity,international,1,1.4,3.34,8,1,0,73,9,0
TR,Santa Cruz,2015,ethnicity,international,2,3.34,3.68,3,1,0,50,17,0
TR,Santa Cruz,2015,ethnicity,international,3,3.68,4.0,3,2,0,60,40,0
TR,Santa Cruz,2015,ethnicity,white,1,1.4,3.34,189,70,9,61,22,3
TR,Santa Cruz,2015,ethnicity,white,2,3.34,3.68,73,27,3,59,22,2
TR,Santa Cruz,2015,ethnicity,white,3,3.68,4.0,47,22,1,60,28,1
TR,Santa Cruz,2015,first_gen_status,first_gen,1,1.4,3.34,197,110,21,51,29,5
TR,Santa Cruz,2015,first_gen_status,first_gen,2,3.34,3.68,55,27,1,56,27,1
TR,Santa Cruz,2015,first_gen_status,first_gen,3,3.68,4.0,21,13,0,53,33,0
TR,Santa Cruz,2015,first_gen_status,not_first_gen,1,1.4,3.34,218,84,13,60,23,4
TR,Santa Cruz,2015,first_gen_status,not_first_gen,2,3.34,3.68,72,33,5,56,26,4
TR,Santa Cruz,2015,first_gen_status,not_first_gen,3,3.68,4.0,53,25,2,62,29,2
TR,Santa Cruz,2015,pell_status,non_pell,1,1.4,3.34,194,78,7,63,25,2
TR,Santa Cruz,2015,pell_status,non_pell,2,3.34,3.68,61,28,3,58,27,3
TR,Santa Cruz,2015,pell_status,non_pell,3,3.68,4.0,45,23,1,58,30,1
TR,Santa Cruz,2015,pell_status,pell,1,1.4,3.34,236,122,27,51,26,6
TR,Santa Cruz,2015,pell_status,pell,2,3.34,3.68,68,35,3,52,27,2
TR,Santa Cruz,2015,pell_status,pell,3,3.68,4.0,31,17,1,58,32,2
TR,Santa Cruz,2016,ethnicity,aian,1,0.36,3.33,3,4,0,38,50,0
TR,Santa Cruz,2016,ethnicity,aian,2,3.33,3.68,1,2,2,17,33,33
TR,Santa Cruz,2016,ethnicity,aian,3,3.68,4.0,3,1,0,75,25,0
TR,Santa Cruz,2016,ethnicity,asian,1,0.36,3.33,67,28,14,55,23,12
TR,Santa Cruz,2016,ethnicity,asian,2,3.33,3.68,29,11,2,64,24,4
TR,Santa Cruz,2016,ethnicity,asian,3,3.68,4.0,11,8,1,50,36,5
TR,Santa Cruz,2016,ethnicity,black,1,0.36,3.33,15,10,0,45,30,0
TR,Santa Cruz,2016,ethnicity,black,2,3.33,3.68,4,3,0,57,43,0
TR,Santa Cruz,2016,ethnicity,black,3,3.68,4.0,5,3,0,50,30,0
TR,Santa Cruz,2016,ethnicity,hispanic_latino,1,0.36,3.33,119,76,16,49,31,7
TR,Santa Cruz,2016,ethnicity,hispanic_latino,2,3.33,3.68,37,19,0,54,28,0
TR,Santa Cruz,2016,ethnicity,hispanic_latino,3,3.68,4.0,15,6,2,58,23,8
TR,Santa Cruz,2016,ethnicity,international,1,0.36,3.33,12,1,0,80,7,0
TR,Santa Cruz,2016,ethnicity,international,2,3.33,3.68,6,2,0,60,20,0
TR,Santa Cruz,2016,ethnicity,international,3,3.68,4.0,4,1,0,80,20,0
TR,Santa Cruz,2016,ethnicity,white,1,0.36,3.33,164,61,9,61,23,3
TR,Santa Cruz,2016,ethnicity,white,2,3.33,3.68,83,33,1,62,25,1
TR,Santa Cruz,2016,ethnicity,white,3,3.68,4.0,46,23,0,60,30,0
TR,Santa Cruz,2016,first_gen_status,first_gen,1,0.36,3.33,173,103,22,50,30,6
TR,Santa Cruz,2016,first_gen_status,first_gen,2,3.33,3.68,75,34,1,62,28,1
TR,Santa Cruz,2016,first_gen_status,first_gen,3,3.68,4.0,27,14,1,57,30,2
TR,Santa Cruz,2016,first_gen_status,not_first_gen,1,0.36,3.33,193,70,16,61,22,5
TR,Santa Cruz,2016,first_gen_status,not_first_gen,2,3.33,3.68,85,34,3,60,24,2
TR,Santa Cruz,2016,first_gen_status,not_first_gen,3,3.68,4.0,53,27,1,58,30,1
TR,Santa Cruz,2016,pell_status,non_pell,1,0.36,3.33,177,63,12,63,22,4
TR,Santa Cruz,2016,pell_status,non_pell,2,3.33,3.68,86,30,1,66,23,1
TR,Santa Cruz,2016,pell_status,non_pell,3,3.68,4.0,50,17,1,67,23,1
TR,Santa Cruz,2016,pell_status,pell,1,0.36,3.33,208,121,28,49,29,7
TR,Santa Cruz,2016,pell_status,pell,2,3.33,3.68,78,41,4,54,28,3
TR,Santa Cruz,2016,pell_status,pell,3,3.68,4.0,35,25,2,50,36,3
TR,Santa Cruz,2017,ethnicity,aian,1,0.3,3.33,5,3,1,50,30,10
TR,Santa Cruz,2017,ethnicity,aian,2,3.33,3.69,2,1,0,67,33,0
TR,Santa Cruz,2017,ethnicity,asian,1,0.3,3.33,96,38,4,59,23,2
TR,Santa Cruz,2017,ethnicity,asian,2,3.33,3.69,32,20,4,50,31,6
TR,Santa Cruz,2017,ethnicity,asian,3,3.69,4.0,4,3,0,44,33,0
TR,Santa Cruz,2017,ethnicity,black,1,0.3,3.33,14,12,5,38,32,14
TR,Santa Cruz,2017,ethnicity,black,2,3.33,3.69,8,2,1,62,15,8
TR,Santa Cruz,2017,ethnicity,black,3,3.69,4.0,5,2,0,71,29,0
TR,Santa Cruz,2017,ethnicity,hispanic_latino,1,0.3,3.33,135,76,17,51,29,6
TR,Santa Cruz,2017,ethnicity,hispanic_latino,2,3.33,3.69,53,16,5,70,21,7
TR,Santa Cruz,2017,ethnicity,hispanic_latino,3,3.69,4.0,18,6,0,64,21,0
TR,Santa Cruz,2017,ethnicity,international,1,0.3,3.33,17,7,1,63,26,4
TR,Santa Cruz,2017,ethnicity,international,2,3.33,3.69,12,6,1,55,27,5
TR,Santa Cruz,2017,ethnicity,international,3,3.69,4.0,3,1,0,75,25,0
TR,Santa Cruz,2017,ethnicity,white,1,0.3,3.33,160,60,9,62,23,3
TR,Santa Cruz,2017,ethnicity,white,2,3.33,3.69,103,26,6,68,17,4
TR,Santa Cruz,2017,ethnicity,white,3,3.69,4.0,50,13,5,68,18,7
TR,Santa Cruz,2017,first_gen_status,first_gen,1,0.3,3.33,212,100,25,54,25,6
TR,Santa Cruz,2017,first_gen_status,first_gen,2,3.33,3.69,86,33,10,61,24,7
TR,Santa Cruz,2017,first_gen_status,first_gen,3,3.69,4.0,35,4,0,80,9,0
TR,Santa Cruz,2017,first_gen_status,not_first_gen,1,0.3,3.33,207,88,11,60,25,3
TR,Santa Cruz,2017,first_gen_status,not_first_gen,2,3.33,3.69,115,38,7,64,21,4
TR,Santa Cruz,2017,first_gen_status,not_first_gen,3,3.69,4.0,44,22,4,59,30,5
TR,Santa Cruz,2017,pell_status,non_pell,1,0.3,3.33,188,76,8,60,24,3
TR,Santa Cruz,2017,pell_status,non_pell,2,3.33,3.69,112,33,4,69,20,2
TR,Santa Cruz,2017,pell_status,non_pell,3,3.69,4.0,46,17,0,69,25,0
TR,Santa Cruz,2017,pell_status,pell,1,0.3,3.33,246,122,31,53,26,7
TR,Santa Cruz,2017,pell_status,pell,2,3.33,3.69,101,40,13,59,23,8
TR,Santa Cruz,2017,pell_status,pell,3,3.69,4.0,35,9,5,63,16,9
TR,Santa Cruz,2018,ethnicity,aian,1,0.32,3.34,5,2,1,45,18,9
TR,Santa Cruz,2018,ethnicity,aian,2,3.34,3.7,4,2,0,57,29,0
TR,Santa Cruz,2018,ethnicity,aian,3,3.7,4.0,1,0,0,50,0,0
TR,Santa Cruz,2018,ethnicity,asian,1,0.32,3.34,135,66,11,54,26,4
TR,Santa Cruz,2018,ethnicity,asian,2,3.34,3.7,51,12,1,68,16,1
TR,Santa Cruz,2018,ethnicity,asian,3,3.7,4.0,23,9,1,64,25,3
TR,Santa Cruz,2018,ethnicity,black,1,0.32,3.34,25,25,2,35,35,3
TR,Santa Cruz,2018,ethnicity,black,2,3.34,3.7,6,1,1,55,9,9
TR,Santa Cruz,2018,ethnicity,black,3,3.7,4.0,4,2,0,67,33,0
TR,Santa Cruz,2018,ethnicity,hispanic_latino,1,0.32,3.34,278,99,12,61,22,3
TR,Santa Cruz,2018,ethnicity,hispanic_latino,2,3.34,3.7,56,19,4,60,20,4
TR,Santa Cruz,2018,ethnicity,hispanic_latino,3,3.7,4.0,25,12,1,58,28,2
TR,Santa Cruz,2018,ethnicity,international,1,0.32,3.34,40,12,1,66,20,2
TR,Santa Cruz,2018,ethnicity,international,2,3.34,3.7,11,6,1,48,26,4
TR,Santa Cruz,2018,ethnicity,international,3,3.7,4.0,10,1,0,91,9,0
TR,Santa Cruz,2018,ethnicity,white,1,0.32,3.34,202,67,17,59,19,5
TR,Santa Cruz,2018,ethnicity,white,2,3.34,3.7,107,33,5,66,20,3
TR,Santa Cruz,2018,ethnicity,white,3,3.7,4.0,74,13,0,80,14,0
TR,Santa Cruz,2018,first_gen_status,first_gen,1,0.32,3.34,346,134,18,58,22,3
TR,Santa Cruz,2018,first_gen_status,first_gen,2,3.34,3.7,97,31,3,63,20,2
TR,Santa Cruz,2018,first_gen_status,first_gen,3,3.7,4.0,48,16,2,68,23,3
TR,Santa Cruz,2018,first_gen_status,not_first_gen,1,0.32,3.34,324,131,23,57,23,4
TR,Santa Cruz,2018,first_gen_status,not_first_gen,2,3.34,3.7,132,43,8,61,20,4
TR,Santa Cruz,2018,first_gen_status,not_first_gen,3,3.7,4.0,83,20,0,73,18,0
TR,Santa Cruz,2018,pell_status,non_pell,1,0.32,3.34,324,109,16,61,20,3
TR,Santa Cruz,2018,pell_status,non_pell,2,3.34,3.7,135,39,5,64,19,2
TR,Santa Cruz,2018,pell_status,non_pell,3,3.7,4.0,85,14,1,75,12,1
TR,Santa Cruz,2018,pell_status,pell,1,0.32,3.34,375,165,29,55,24,4
TR,Santa Cruz,2018,pell_status,pell,2,3.34,3.7,105,38,7,60,22,4
TR,Santa Cruz,2018,pell_status,pell,3,3.7,4.0,54,24,1,66,29,1
TR,Santa Cruz,2019,ethnicity,aian,1,0.32,3.38,9,1,0,82,9,0
TR,Santa Cruz,2019,ethnicity,aian,2,3.38,3.73,4,2,0,67,33,0
TR,Santa Cruz,2019,ethnicity,aian,3,3.73,4.0,1,0,0,100,0,0
TR,Santa Cruz,2019,ethnicity,asian,1,0.32,3.38,125,60,13,56,27,6
TR,Santa Cruz,2019,ethnicity,asian,2,3.38,3.73,26,12,2,53,24,4
TR,Santa Cruz,2019,ethnicity,asian,3,3.73,4.0,31,3,1,86,8,3
TR,Santa Cruz,2019,ethnicity,black,1,0.32,3.38,32,6,4,59,11,7
TR,Santa Cruz,2019,ethnicity,black,2,3.38,3.73,5,3,1,50,30,10
TR,Santa Cruz,2019,ethnicity,black,3,3.73,4.0,4,2,0,67,33,0
TR,Santa Cruz,2019,ethnicity,hispanic_latino,1,0.32,3.38,169,82,13,52,25,4
TR,Santa Cruz,2019,ethnicity,hispanic_latino,2,3.38,3.73,48,19,4,58,23,5
TR,Santa Cruz,2019,ethnicity,hispanic_latino,3,3.73,4.0,20,6,0,71,21,0
TR,Santa Cruz,2019,ethnicity,international,1,0.32,3.38,21,12,0,54,31,0
TR,Santa Cruz,2019,ethnicity,international,2,3.38,3.73,15,3,2,58,12,8
TR,Santa Cruz,2019,ethnicity,international,3,3.73,4.0,5,0,0,100,0,0
TR,Santa Cruz,2019,ethnicity,white,1,0.32,3.38,197,84,19,58,25,6
TR,Santa Cruz,2019,ethnicity,white,2,3.38,3.73,73,19,5,64,17,4
TR,Santa Cruz,2019,ethnicity,white,3,3.73,4.0,45,22,5,60,29,7
TR,Santa Cruz,2019,first_gen_status,first_gen,1,0.32,3.38,268,114,27,55,24,6
TR,Santa Cruz,2019,first_gen_status,first_gen,2,3.38,3.73,69,25,6,56,20,5
TR,Santa Cruz,2019,first_gen_status,first_gen,3,3.73,4.0,37,12,0,71,23,0
TR,Santa Cruz,2019,first_gen_status,not_first_gen,1,0.32,3.38,272,116,20,58,25,4
TR,Santa Cruz,2019,first_gen_status,not_first_gen,2,3.38,3.73,98,30,8,62,19,5
TR,Santa Cruz,2019,first_gen_status,not_first_gen,3,3.73,4.0,67,18,6,71,19,6
TR,Santa Cruz,2019,pell_status,non_pell,1,0.32,3.38,278,104,9,62,23,2
TR,Santa Cruz,2019,pell_status,non_pell,2,3.38,3.73,98,25,6,64,16,4
TR,Santa Cruz,2019,pell_status,non_pell,3,3.73,4.0,66,17,4,72,18,4
TR,Santa Cruz,2019,pell_status,pell,1,0.32,3.38,281,143,41,51,26,7
TR,Santa Cruz,2019,pell_status,pell,2,3.38,3.73,75,33,8,55,24,6
TR,Santa Cruz,2019,pell_status,pell,3,3.73,4.0,40,16,2,67,27,3
TR,Santa Cruz,2020,ethnicity,aian,1,1.25,3.39,3,3,1,23,23,8
TR,Santa Cruz,2020,ethnicity,aian,2,3.39,3.74,0,2,0,0,100,0
TR,Santa Cruz,2020,ethnicity,asian,1,1.25,3.39,127,61,14,51,25,6
TR,Santa Cruz,2020,ethnicity,asian,2,3.39,3.74,56,27,2,60,29,2
TR,Santa Cruz,2020,ethnicity,asian,3,3.74,4.0,33,6,0,79,14,0
TR,Santa Cruz,2020,ethnicity,black,1,1.25,3.39,26,16,2,40,25,3
TR,Santa Cruz,2020,ethnicity,black,2,3.39,3.74,7,5,0,41,29,0
TR,Santa Cruz,2020,ethnicity,black,3,3.74,4.0,3,0,0,100,0,0
TR,Santa Cruz,2020,ethnicity,hispanic_latino,1,1.25,3.39,190,74,17,51,20,5
TR,Santa Cruz,2020,ethnicity,hispanic_latino,2,3.39,3.74,53,24,1,61,28,1
TR,Santa Cruz,2020,ethnicity,hispanic_latino,3,3.74,4.0,29,8,0,69,19,0
TR,Santa Cruz,2020,ethnicity,international,1,1.25,3.39,16,11,4,37,26,9
TR,Santa Cruz,2020,ethnicity,international,2,3.39,3.74,8,2,0,57,14,0
TR,Santa Cruz,2020,ethnicity,international,3,3.74,4.0,3,1,0,75,25,0
TR,Santa Cruz,2020,ethnicity,white,1,1.25,3.39,164,90,10,50,28,3
TR,Santa Cruz,2020,ethnicity,white,2,3.39,3.74,70,35,2,53,26,2
TR,Santa Cruz,2020,ethnicity,white,3,3.74,4.0,53,24,7,60,27,8
TR,Santa Cruz,2020,first_gen_status,first_gen,1,1.25,3.39,284,119,25,49,20,4
TR,Santa Cruz,2020,first_gen_status,first_gen,2,3.39,3.74,90,32,2,62,22,1
TR,Santa Cruz,2020,first_gen_status,first_gen,3,3.74,4.0,39,11,3,67,19,5
TR,Santa Cruz,2020,first_gen_status,not_first_gen,1,1.25,3.39,247,138,23,49,28,5
TR,Santa Cruz,2020,first_gen_status,not_first_gen,2,3.39,3.74,98,61,3,51,32,2
TR,Santa Cruz,2020,first_gen_status,not_first_gen,3,3.74,4.0,84,25,3,70,21,3
TR,Santa Cruz,2020,pell_status,non_pell,1,1.25,3.39,270,95,14,54,19,3
TR,Santa Cruz,2020,pell_status,non_pell,2,3.39,3.74,114,51,3,59,26,2
TR,Santa Cruz,2020,pell_status,non_pell,3,3.74,4.0,83,18,4,74,16,4
TR,Santa Cruz,2020,pell_status,pell,1,1.25,3.39,270,165,35,45,28,6
TR,Santa Cruz,2020,pell_status,pell,2,3.39,3.74,84,44,2,53,28,1
TR,Santa Cruz,2020,pell_status,pell,3,3.74,4.0,43,22,3,58,30,4
TR,Santa Cruz,2021,ethnicity,aian,1,1.0,3.5,3,1,0,50,17,0
TR,Santa Cruz,2021,ethnicity,aian,2,3.5,3.82,1,0,1,50,0,50
TR,Santa Cruz,2021,ethnicity,aian,3,3.82,4.0,1,0,0,100,0,0
TR,Santa Cruz,2021,ethnicity,asian,1,1.0,3.5,143,78,10,53,29,4
TR,Santa Cruz,2021,ethnicity,asian,2,3.5,3.82,47,14,2,64,19,3
TR,Santa Cruz,2021,ethnicity,asian,3,3.82,4.0,29,7,1,71,17,2
TR,Santa Cruz,2021,ethnicity,black,1,1.0,3.5,38,8,3,58,12,5
TR,Santa Cruz,2021,ethnicity,black,2,3.5,3.82,10,4,0,67,27,0
TR,Santa Cruz,2021,ethnicity,black,3,3.82,4.0,3,1,0,75,25,0
TR,Santa Cruz,2021,ethnicity,hispanic_latino,1,1.0,3.5,230,73,12,55,18,3
TR,Santa Cruz,2021,ethnicity,hispanic_latino,2,3.5,3.82,47,10,0,73,16,0
TR,Santa Cruz,2021,ethnicity,hispanic_latino,3,3.82,4.0,26,5,1,76,15,3
TR,Santa Cruz,2021,ethnicity,international,1,1.0,3.5,21,7,1,57,19,3
TR,Santa Cruz,2021,ethnicity,international,2,3.5,3.82,7,4,1,54,31,8
TR,Santa Cruz,2021,ethnicity,international,3,3.82,4.0,7,2,0,70,20,0
TR,Santa Cruz,2021,ethnicity,white,1,1.0,3.5,249,81,10,63,20,3
TR,Santa Cruz,2021,ethnicity,white,2,3.5,3.82,104,29,2,67,19,1
TR,Santa Cruz,2021,ethnicity,white,3,3.82,4.0,56,16,2,70,20,3
TR,Santa Cruz,2021,first_gen_status,first_gen,1,1.0,3.5,308,123,14,53,21,2
TR,Santa Cruz,2021,first_gen_status,first_gen,2,3.5,3.82,74,30,0,62,25,0
TR,Santa Cruz,2021,first_gen_status,first_gen,3,3.82,4.0,45,13,2,68,20,3
TR,Santa Cruz,2021,first_gen_status,not_first_gen,1,1.0,3.5,372,130,20,62,22,3
TR,Santa Cruz,2021,first_gen_status,not_first_gen,2,3.5,3.82,138,30,5,70,15,3
TR,Santa Cruz,2021,first_gen_status,not_first_gen,3,3.82,4.0,76,19,2,73,18,2
TR,Santa Cruz,2021,pell_status,non_pell,1,1.0,3.5,373,113,19,62,19,3
TR,Santa Cruz,2021,pell_status,non_pell,2,3.5,3.82,143,35,4,69,17,2
TR,Santa Cruz,2021,pell_status,non_pell,3,3.82,4.0,79,17,3,74,16,3
TR,Santa Cruz,2021,pell_status,pell,1,1.0,3.5,322,144,18,52,23,3
TR,Santa Cruz,2021,pell_status,pell,2,3.5,3.82,76,27,2,63,22,2
TR,Santa Cruz,2021,pell_status,pell,3,3.82,4.0,47,15,1,69,22,1
