level,slice,eth,pell,fg,cohort,measure,value,n
FR,all,all,all,all,1999,gradgpa_mean,3.293,21941
FR,all,all,all,all,1999,ttd_mean,4.34,
FR,all,all,all,all,2000,grad3,2.1,28717
FR,all,all,all,all,2000,grad4,50.5,28717
FR,all,all,all,all,2000,grad5,76.8,28717
FR,all,all,all,all,2000,grad6,81.1,28717
FR,all,all,all,all,2000,grad7p,82.5,28717
FR,all,all,all,all,2000,gradgpa_mean,3.272,23287
FR,all,all,all,all,2000,ret1,90.8,28717
FR,all,all,all,all,2000,ttd_mean,4.33,
FR,all,all,all,all,2001,grad3,2.5,30586
FR,all,all,all,all,2001,grad4,53.4,30586
FR,all,all,all,all,2001,grad5,77.3,30586
FR,all,all,all,all,2001,grad6,81.5,30586
FR,all,all,all,all,2001,grad7p,82.9,30586
FR,all,all,all,all,2001,gradgpa_mean,3.26,24923
FR,all,all,all,all,2001,ret1,91.0,30586
FR,all,all,all,all,2001,ttd_mean,4.29,
FR,all,all,all,all,2002,grad3,2.5,31643
FR,all,all,all,all,2002,grad4,55.3,31643
FR,all,all,all,all,2002,grad5,78.2,31643
FR,all,all,all,all,2002,grad6,82.2,31643
FR,all,all,all,all,2002,grad7p,83.5,31643
FR,all,all,all,all,2002,gradgpa_mean,3.25,26021
FR,all,all,all,all,2002,ret1,91.0,31643
FR,all,all,all,all,2002,ttd_mean,4.26,
FR,all,all,all,all,2003,grad3,2.5,31990
FR,all,all,all,all,2003,grad4,56.2,31990
FR,all,all,all,all,2003,grad5,78.3,31990
FR,all,all,all,all,2003,grad6,82.0,31990
FR,all,all,all,all,2003,grad7p,83.3,31990
FR,all,all,all,all,2003,gradgpa_mean,3.268,26232
FR,all,all,all,all,2003,ret1,91.2,31990
FR,all,all,all,all,2003,ttd_mean,4.25,
FR,all,all,all,all,2004,grad3,2.6,29620
FR,all,all,all,all,2004,grad4,58.6,29620
FR,all,all,all,all,2004,grad5,79.9,29620
FR,all,all,all,all,2004,grad6,83.5,29620
FR,all,all,all,all,2004,grad7p,84.6,29620
FR,all,all,all,all,2004,gradgpa_mean,3.296,24735
FR,all,all,all,all,2004,ret1,91.9,29620
FR,all,all,all,all,2004,ttd_mean,4.23,
FR,all,all,all,all,2005,grad3,2.9,31550
FR,all,all,all,all,2005,grad4,59.9,31550
FR,all,all,all,all,2005,grad5,80.2,31550
FR,all,all,all,all,2005,grad6,83.6,31550
FR,all,all,all,all,2005,grad7p,84.8,31550
FR,all,all,all,all,2005,gradgpa_mean,3.3,26369
FR,all,all,all,all,2005,ret1,91.7,31550
FR,all,all,all,all,2005,ttd_mean,4.21,
FR,all,all,all,all,2006,grad3,2.7,35440
FR,all,all,all,all,2006,grad4,60.5,35440
FR,all,all,all,all,2006,grad5,80.5,35440
FR,all,all,all,all,2006,grad6,84.0,35440
FR,all,all,all,all,2006,grad7p,85.2,35440
FR,all,all,all,all,2006,gradgpa_mean,3.285,29771
FR,all,all,all,all,2006,ret1,92.0,35440
FR,all,all,all,all,2006,ttd_mean,4.21,
FR,all,all,all,all,2007,grad3,3.0,35346
FR,all,all,all,all,2007,grad4,60.2,35346
FR,all,all,all,all,2007,grad5,80.1,35346
FR,all,all,all,all,2007,grad6,83.5,35346
FR,all,all,all,all,2007,grad7p,84.8,35346
FR,all,all,all,all,2007,gradgpa_mean,3.288,29520
FR,all,all,all,all,2007,ret1,91.6,35346
FR,all,all,all,all,2007,ttd_mean,4.21,
FR,all,all,all,all,2008,grad3,3.2,36600
FR,all,all,all,all,2008,grad4,61.6,36600
FR,all,all,all,all,2008,grad5,81.1,36600
FR,all,all,all,all,2008,grad6,84.3,36600
FR,all,all,all,all,2008,grad7p,85.4,36600
FR,all,all,all,all,2008,gradgpa_mean,3.273,30837
FR,all,all,all,all,2008,ret1,92.3,36600
FR,all,all,all,all,2008,ttd_mean,4.19,
FR,all,all,all,all,2009,grad3,3.0,34298
FR,all,all,all,all,2009,grad4,63.2,34298
FR,all,all,all,all,2009,grad5,82.4,34298
FR,all,all,all,all,2009,grad6,85.2,34298
FR,all,all,all,all,2009,grad7p,86.2,34298
FR,all,all,all,all,2009,gradgpa_mean,3.29,29214
FR,all,all,all,all,2009,ret1,92.7,34298
FR,all,all,all,all,2009,ttd_mean,4.18,
FR,all,all,all,all,2010,grad3,2.9,34453
FR,all,all,all,all,2010,grad4,62.5,34453
FR,all,all,all,all,2010,grad5,82.1,34453
FR,all,all,all,all,2010,grad6,84.9,34453
FR,all,all,all,all,2010,grad6_nonuc,84.9,
FR,all,all,all,all,2010,grad7p,85.9,34453
FR,all,all,all,all,2010,gradgpa_mean,3.296,29251
FR,all,all,all,all,2010,ret1,92.8,34453
FR,all,all,all,all,2010,ttd_mean,4.19,
FR,all,all,all,all,2011,grad3,3.0,36391
FR,all,all,all,all,2011,grad4,64.0,36391
FR,all,all,all,all,2011,grad5,81.9,36391
FR,all,all,all,all,2011,grad6,84.7,36391
FR,all,all,all,all,2011,grad6_nonuc,86.9,
FR,all,all,all,all,2011,grad7p,85.8,36391
FR,all,all,all,all,2011,gradgpa_mean,3.298,30819
FR,all,all,all,all,2011,ret1,92.4,36391
FR,all,all,all,all,2011,ttd_mean,4.17,
FR,all,all,all,all,2012,grad3,2.8,38776
FR,all,all,all,all,2012,grad4,64.4,38776
FR,all,all,all,all,2012,grad5,81.5,38776
FR,all,all,all,all,2012,grad6,84.3,38776
FR,all,all,all,all,2012,grad6_nonuc,86.7,
FR,all,all,all,all,2012,grad7p,85.3,38776
FR,all,all,all,all,2012,gradgpa_mean,3.304,32678
FR,all,all,all,all,2012,ret1,92.4,38776
FR,all,all,all,all,2012,ttd_mean,4.16,
FR,all,all,all,all,2013,grad3,3.0,40055
FR,all,all,all,all,2013,grad4,66.5,40055
FR,all,all,all,all,2013,grad5,82.7,40055
FR,all,all,all,all,2013,grad6,85.4,40055
FR,all,all,all,all,2013,grad6_nonuc,87.6,
FR,all,all,all,all,2013,grad7p,86.4,40055
FR,all,all,all,all,2013,gradgpa_mean,3.342,34194
FR,all,all,all,all,2013,ret1,92.6,40055
FR,all,all,all,all,2013,ttd_mean,4.15,
FR,all,all,all,all,2014,grad3,3.5,41628
FR,all,all,all,all,2014,grad4,68.1,41628
FR,all,all,all,all,2014,grad5,83.2,41628
FR,all,all,all,all,2014,grad6,85.6,41628
FR,all,all,all,all,2014,grad6_nonuc,87.9,
FR,all,all,all,all,2014,grad7p,86.6,41628
FR,all,all,all,all,2014,gradgpa_mean,3.36,35654
FR,all,all,all,all,2014,ret1,92.8,41628
FR,all,all,all,all,2014,ttd_mean,4.12,
FR,all,all,all,all,2015,grad3,4.0,41626
FR,all,all,all,all,2015,grad4,69.6,41626
FR,all,all,all,all,2015,grad5,84.1,41626
FR,all,all,all,all,2015,grad6,86.4,41626
FR,all,all,all,all,2015,grad6_nonuc,88.6,
FR,all,all,all,all,2015,grad7p,87.2,41626
FR,all,all,all,all,2015,gradgpa_mean,3.399,35950
FR,all,all,all,all,2015,ret1,93.3,41626
FR,all,all,all,all,2015,ttd_mean,4.1,
FR,all,all,all,all,2016,grad3,4.1,47528
FR,all,all,all,all,2016,grad4,71.4,47528
FR,all,all,all,all,2016,grad5,84.3,47528
FR,all,all,all,all,2016,grad6,86.1,47528
FR,all,all,all,all,2016,grad6_nonuc,88.2,
FR,all,all,all,all,2016,grad7p,86.8,47528
FR,all,all,all,all,2016,gradgpa_mean,3.485,40914
FR,all,all,all,all,2016,ret1,92.9,47528
FR,all,all,all,all,2016,ttd_mean,4.07,
FR,all,all,all,all,2017,grad3,5.3,46062
FR,all,all,all,all,2017,grad4,72.7,46062
FR,all,all,all,all,2017,grad5,83.8,46062
FR,all,all,all,all,2017,grad6,85.7,46062
FR,all,all,all,all,2017,grad6_nonuc,88.1,
FR,all,all,all,all,2017,grad7p,86.6,46062
FR,all,all,all,all,2017,gradgpa_mean,3.555,39493
FR,all,all,all,all,2017,ret1,92.5,46062
FR,all,all,all,all,2017,ttd_mean,4.03,
FR,all,all,all,all,2018,grad3,6.7,46746
FR,all,all,all,all,2018,grad4,72.9,46746
FR,all,all,all,all,2018,grad5,83.7,46746
FR,all,all,all,all,2018,grad6,85.9,46746
FR,all,all,all,all,2018,grad6_nonuc,88.1,
FR,all,all,all,all,2018,grad7p,86.7,46746
FR,all,all,all,all,2018,gradgpa_mean,3.504,40146
FR,all,all,all,all,2018,ret1,92.8,46746
FR,all,all,all,all,2018,ttd_mean,4.01,
FR,all,all,all,all,2019,grad3,6.8,46023
FR,all,all,all,all,2019,grad4,73.4,46023
FR,all,all,all,all,2019,grad5,84.1,46023
FR,all,all,all,all,2019,grad6,86.1,46023
FR,all,all,all,all,2019,grad6_nonuc,88.4,
FR,all,all,all,all,2019,gradgpa_mean,3.484,39608
FR,all,all,all,all,2019,ret1,92.6,46023
FR,all,all,all,all,2020,grad3,5.8,46806
FR,all,all,all,all,2020,grad4,72.7,46806
FR,all,all,all,all,2020,grad5,83.0,46806
FR,all,all,all,all,2020,gradgpa_mean,3.477,38860
FR,all,all,all,all,2020,ret1,92.1,46806
FR,all,all,all,all,2021,grad3,6.4,51931
FR,all,all,all,all,2021,grad4,74.0,51931
FR,all,all,all,all,2021,gradgpa_mean,3.536,38435
FR,all,all,all,all,2021,ret1,91.7,51931
FR,all,all,all,all,2022,grad3,7.6,48787
FR,all,all,all,all,2022,gradgpa_mean,3.61,3699
FR,all,all,all,all,2022,ret1,92.6,48787
FR,all,all,all,all,2023,ret1,92.6,51074
FR,all,all,all,all,2024,ret1,93.0,50742
FR,eth,aian,all,all,1999,gradgpa_mean,3.459,91
FR,eth,aian,all,all,1999,ttd_mean,4.43,
FR,eth,aian,all,all,2000,grad3,3.1,163
FR,eth,aian,all,all,2000,grad4,42.3,163
FR,eth,aian,all,all,2000,grad5,69.9,163
FR,eth,aian,all,all,2000,grad6,74.2,163
FR,eth,aian,all,all,2000,grad7p,76.1,163
FR,eth,aian,all,all,2000,gradgpa_mean,3.382,109
FR,eth,aian,all,all,2000,ret1,87.1,163
FR,eth,aian,all,all,2000,ttd_mean,4.41,
FR,eth,aian,all,all,2001,grad3,3.4,178
FR,eth,aian,all,all,2001,grad4,43.3,178
FR,eth,aian,all,all,2001,grad5,66.9,178
FR,eth,aian,all,all,2001,grad6,70.8,178
FR,eth,aian,all,all,2001,grad7p,73.0,178
FR,eth,aian,all,all,2001,gradgpa_mean,3.241,113
FR,eth,aian,all,all,2001,ret1,83.7,178
FR,eth,aian,all,all,2001,ttd_mean,4.34,
FR,eth,aian,all,all,2002,grad3,2.3,172
FR,eth,aian,all,all,2002,grad4,51.2,172
FR,eth,aian,all,all,2002,grad5,69.2,172
FR,eth,aian,all,all,2002,grad6,74.4,172
FR,eth,aian,all,all,2002,grad7p,76.2,172
FR,eth,aian,all,all,2002,gradgpa_mean,3.27,115
FR,eth,aian,all,all,2002,ret1,86.0,172
FR,eth,aian,all,all,2002,ttd_mean,4.29,
FR,eth,aian,all,all,2003,grad3,2.8,144
FR,eth,aian,all,all,2003,grad4,47.9,144
FR,eth,aian,all,all,2003,grad5,69.4,144
FR,eth,aian,all,all,2003,grad6,74.3,144
FR,eth,aian,all,all,2003,grad7p,76.4,144
FR,eth,aian,all,all,2003,gradgpa_mean,3.354,96
FR,eth,aian,all,all,2003,ret1,94.4,144
FR,eth,aian,all,all,2003,ttd_mean,4.35,
FR,eth,aian,all,all,2004,grad3,2.1,143
FR,eth,aian,all,all,2004,grad4,48.3,143
FR,eth,aian,all,all,2004,grad5,68.5,143
FR,eth,aian,all,all,2004,grad6,70.6,143
FR,eth,aian,all,all,2004,grad7p,72.0,143
FR,eth,aian,all,all,2004,gradgpa_mean,3.291,95
FR,eth,aian,all,all,2004,ret1,86.7,143
FR,eth,aian,all,all,2004,ttd_mean,4.27,
FR,eth,aian,all,all,2005,grad3,1.3,152
FR,eth,aian,all,all,2005,grad4,55.9,152
FR,eth,aian,all,all,2005,grad5,77.0,152
FR,eth,aian,all,all,2005,grad6,79.6,152
FR,eth,aian,all,all,2005,grad7p,80.3,152
FR,eth,aian,all,all,2005,gradgpa_mean,3.434,115
FR,eth,aian,all,all,2005,ret1,90.1,152
FR,eth,aian,all,all,2005,ttd_mean,4.24,
FR,eth,aian,all,all,2006,grad3,5.0,180
FR,eth,aian,all,all,2006,grad4,59.4,180
FR,eth,aian,all,all,2006,grad5,76.7,180
FR,eth,aian,all,all,2006,grad6,79.4,180
FR,eth,aian,all,all,2006,grad7p,80.6,180
FR,eth,aian,all,all,2006,gradgpa_mean,3.498,129
FR,eth,aian,all,all,2006,ret1,89.4,180
FR,eth,aian,all,all,2006,ttd_mean,4.16,
FR,eth,aian,all,all,2007,grad3,4.0,177
FR,eth,aian,all,all,2007,grad4,59.3,177
FR,eth,aian,all,all,2007,grad5,75.7,177
FR,eth,aian,all,all,2007,grad6,78.5,177
FR,eth,aian,all,all,2007,grad7p,80.2,177
FR,eth,aian,all,all,2007,gradgpa_mean,3.35,127
FR,eth,aian,all,all,2007,ret1,89.8,177
FR,eth,aian,all,all,2007,ttd_mean,4.22,
FR,eth,aian,all,all,2008,grad3,3.0,167
FR,eth,aian,all,all,2008,grad4,46.7,167
FR,eth,aian,all,all,2008,grad5,70.1,167
FR,eth,aian,all,all,2008,grad6,74.3,167
FR,eth,aian,all,all,2008,grad7p,75.4,167
FR,eth,aian,all,all,2008,gradgpa_mean,3.154,112
FR,eth,aian,all,all,2008,ret1,86.8,167
FR,eth,aian,all,all,2008,ttd_mean,4.29,
FR,eth,aian,all,all,2009,grad3,4.7,214
FR,eth,aian,all,all,2009,grad4,59.3,214
FR,eth,aian,all,all,2009,grad5,77.1,214
FR,eth,aian,all,all,2009,grad6,82.7,214
FR,eth,aian,all,all,2009,grad7p,83.2,214
FR,eth,aian,all,all,2009,gradgpa_mean,3.28,177
FR,eth,aian,all,all,2009,ret1,91.6,214
FR,eth,aian,all,all,2009,ttd_mean,4.19,
FR,eth,aian,all,all,2010,grad3,4.0,251
FR,eth,aian,all,all,2010,grad4,60.2,251
FR,eth,aian,all,all,2010,grad5,78.9,251
FR,eth,aian,all,all,2010,grad6,81.7,251
FR,eth,aian,all,all,2010,grad6_nonuc,81.7,
FR,eth,aian,all,all,2010,grad7p,82.1,251
FR,eth,aian,all,all,2010,gradgpa_mean,3.36,198
FR,eth,aian,all,all,2010,ret1,90.4,251
FR,eth,aian,all,all,2010,ttd_mean,4.16,
FR,eth,aian,all,all,2011,grad3,5.2,232
FR,eth,aian,all,all,2011,grad4,57.8,232
FR,eth,aian,all,all,2011,grad5,75.9,232
FR,eth,aian,all,all,2011,grad6,78.9,232
FR,eth,aian,all,all,2011,grad6_nonuc,81.9,
FR,eth,aian,all,all,2011,grad7p,80.2,232
FR,eth,aian,all,all,2011,gradgpa_mean,3.399,176
FR,eth,aian,all,all,2011,ret1,90.5,232
FR,eth,aian,all,all,2011,ttd_mean,4.17,
FR,eth,aian,all,all,2012,grad3,1.7,240
FR,eth,aian,all,all,2012,grad4,59.2,240
FR,eth,aian,all,all,2012,grad5,73.8,240
FR,eth,aian,all,all,2012,grad6,75.0,240
FR,eth,aian,all,all,2012,grad6_nonuc,78.8,
FR,eth,aian,all,all,2012,grad7p,75.8,240
FR,eth,aian,all,all,2012,gradgpa_mean,3.308,173
FR,eth,aian,all,all,2012,ret1,89.2,240
FR,eth,aian,all,all,2012,ttd_mean,4.14,
FR,eth,aian,all,all,2013,grad3,2.0,198
FR,eth,aian,all,all,2013,grad4,58.6,198
FR,eth,aian,all,all,2013,grad5,74.7,198
FR,eth,aian,all,all,2013,grad6,76.8,198
FR,eth,aian,all,all,2013,grad6_nonuc,82.8,
FR,eth,aian,all,all,2013,grad7p,77.8,198
FR,eth,aian,all,all,2013,gradgpa_mean,3.459,144
FR,eth,aian,all,all,2013,ret1,87.9,198
FR,eth,aian,all,all,2013,ttd_mean,4.17,
FR,eth,aian,all,all,2014,grad3,3.6,247
FR,eth,aian,all,all,2014,grad4,60.3,247
FR,eth,aian,all,all,2014,grad5,81.0,247
FR,eth,aian,all,all,2014,grad6,83.0,247
FR,eth,aian,all,all,2014,grad6_nonuc,85.4,
FR,eth,aian,all,all,2014,grad7p,83.4,247
FR,eth,aian,all,all,2014,gradgpa_mean,3.365,191
FR,eth,aian,all,all,2014,ret1,90.7,247
FR,eth,aian,all,all,2014,ttd_mean,4.15,
FR,eth,aian,all,all,2015,grad3,4.5,220
FR,eth,aian,all,all,2015,grad4,63.2,220
FR,eth,aian,all,all,2015,grad5,76.8,220
FR,eth,aian,all,all,2015,grad6,81.8,220
FR,eth,aian,all,all,2015,grad6_nonuc,86.4,
FR,eth,aian,all,all,2015,grad7p,82.3,220
FR,eth,aian,all,all,2015,gradgpa_mean,3.486,180
FR,eth,aian,all,all,2015,ret1,87.3,220
FR,eth,aian,all,all,2015,ttd_mean,4.12,
FR,eth,aian,all,all,2016,grad3,2.7,224
FR,eth,aian,all,all,2016,grad4,65.2,224
FR,eth,aian,all,all,2016,grad5,77.7,224
FR,eth,aian,all,all,2016,grad6,79.9,224
FR,eth,aian,all,all,2016,grad6_nonuc,84.8,
FR,eth,aian,all,all,2016,grad7p,81.3,224
FR,eth,aian,all,all,2016,gradgpa_mean,3.528,168
FR,eth,aian,all,all,2016,ret1,86.2,224
FR,eth,aian,all,all,2016,ttd_mean,4.13,
FR,eth,aian,all,all,2017,grad3,7.3,206
FR,eth,aian,all,all,2017,grad4,62.6,206
FR,eth,aian,all,all,2017,grad5,74.8,206
FR,eth,aian,all,all,2017,grad6,78.2,206
FR,eth,aian,all,all,2017,grad6_nonuc,81.1,
FR,eth,aian,all,all,2017,grad7p,79.1,206
FR,eth,aian,all,all,2017,gradgpa_mean,3.597,154
FR,eth,aian,all,all,2017,ret1,87.9,206
FR,eth,aian,all,all,2017,ttd_mean,4.05,
FR,eth,aian,all,all,2018,grad3,6.2,211
FR,eth,aian,all,all,2018,grad4,63.5,211
FR,eth,aian,all,all,2018,grad5,76.8,211
FR,eth,aian,all,all,2018,grad6,77.7,211
FR,eth,aian,all,all,2018,grad6_nonuc,80.6,
FR,eth,aian,all,all,2018,grad7p,80.1,211
FR,eth,aian,all,all,2018,gradgpa_mean,3.495,162
FR,eth,aian,all,all,2018,ret1,89.1,211
FR,eth,aian,all,all,2018,ttd_mean,4.1,
FR,eth,aian,all,all,2019,grad3,4.8,188
FR,eth,aian,all,all,2019,grad4,64.4,188
FR,eth,aian,all,all,2019,grad5,76.1,188
FR,eth,aian,all,all,2019,grad6,78.2,188
FR,eth,aian,all,all,2019,grad6_nonuc,83.0,
FR,eth,aian,all,all,2019,gradgpa_mean,3.478,134
FR,eth,aian,all,all,2019,ret1,87.2,188
FR,eth,aian,all,all,2020,grad3,5.7,176
FR,eth,aian,all,all,2020,grad4,64.8,176
FR,eth,aian,all,all,2020,grad5,75.6,176
FR,eth,aian,all,all,2020,gradgpa_mean,3.513,133
FR,eth,aian,all,all,2020,ret1,86.4,176
FR,eth,aian,all,all,2021,grad3,7.4,217
FR,eth,aian,all,all,2021,grad4,65.4,217
FR,eth,aian,all,all,2021,gradgpa_mean,3.444,142
FR,eth,aian,all,all,2021,ret1,87.6,217
FR,eth,aian,all,all,2022,grad3,7.7,311
FR,eth,aian,all,all,2022,gradgpa_mean,3.28,24
FR,eth,aian,all,all,2022,ret1,92.0,311
FR,eth,aian,all,all,2023,ret1,90.3,320
FR,eth,aian,all,all,2024,ret1,90.2,347
FR,eth,asian_pi,all,all,1999,gradgpa_mean,3.248,8390
FR,eth,asian_pi,all,all,1999,ttd_mean,4.36,
FR,eth,asian_pi,all,all,2000,grad3,1.8,10615
FR,eth,asian_pi,all,all,2000,grad4,50.6,10615
FR,eth,asian_pi,all,all,2000,grad5,79.1,10615
FR,eth,asian_pi,all,all,2000,grad6,83.3,10615
FR,eth,asian_pi,all,all,2000,grad7p,84.5,10615
FR,eth,asian_pi,all,all,2000,gradgpa_mean,3.223,8838
FR,eth,asian_pi,all,all,2000,ret1,92.7,10615
FR,eth,asian_pi,all,all,2000,ttd_mean,4.33,
FR,eth,asian_pi,all,all,2001,grad3,2.2,11532
FR,eth,asian_pi,all,all,2001,grad4,54.2,11532
FR,eth,asian_pi,all,all,2001,grad5,80.3,11532
FR,eth,asian_pi,all,all,2001,grad6,84.3,11532
FR,eth,asian_pi,all,all,2001,grad7p,85.6,11532
FR,eth,asian_pi,all,all,2001,gradgpa_mean,3.211,9720
FR,eth,asian_pi,all,all,2001,ret1,93.3,11532
FR,eth,asian_pi,all,all,2001,ttd_mean,4.29,
FR,eth,asian_pi,all,all,2002,grad3,2.2,12125
FR,eth,asian_pi,all,all,2002,grad4,56.6,12125
FR,eth,asian_pi,all,all,2002,grad5,80.9,12125
FR,eth,asian_pi,all,all,2002,grad6,85.2,12125
FR,eth,asian_pi,all,all,2002,grad7p,86.3,12125
FR,eth,asian_pi,all,all,2002,gradgpa_mean,3.196,10325
FR,eth,asian_pi,all,all,2002,ret1,93.2,12125
FR,eth,asian_pi,all,all,2002,ttd_mean,4.27,
FR,eth,asian_pi,all,all,2003,grad3,2.4,12046
FR,eth,asian_pi,all,all,2003,grad4,58.9,12046
FR,eth,asian_pi,all,all,2003,grad5,82.3,12046
FR,eth,asian_pi,all,all,2003,grad6,85.9,12046
FR,eth,asian_pi,all,all,2003,grad7p,87.2,12046
FR,eth,asian_pi,all,all,2003,gradgpa_mean,3.221,10353
FR,eth,asian_pi,all,all,2003,ret1,93.6,12046
FR,eth,asian_pi,all,all,2003,ttd_mean,4.25,
FR,eth,asian_pi,all,all,2004,grad3,2.2,11449
FR,eth,asian_pi,all,all,2004,grad4,60.6,11449
FR,eth,asian_pi,all,all,2004,grad5,83.4,11449
FR,eth,asian_pi,all,all,2004,grad6,86.9,11449
FR,eth,asian_pi,all,all,2004,grad7p,88.0,11449
FR,eth,asian_pi,all,all,2004,gradgpa_mean,3.242,9951
FR,eth,asian_pi,all,all,2004,ret1,94.1,11449
FR,eth,asian_pi,all,all,2004,ttd_mean,4.23,
FR,eth,asian_pi,all,all,2005,grad3,2.6,12620
FR,eth,asian_pi,all,all,2005,grad4,61.8,12620
FR,eth,asian_pi,all,all,2005,grad5,83.0,12620
FR,eth,asian_pi,all,all,2005,grad6,86.7,12620
FR,eth,asian_pi,all,all,2005,grad7p,87.8,12620
FR,eth,asian_pi,all,all,2005,gradgpa_mean,3.258,10938
FR,eth,asian_pi,all,all,2005,ret1,93.8,12620
FR,eth,asian_pi,all,all,2005,ttd_mean,4.22,
FR,eth,asian_pi,all,all,2006,grad3,2.6,14499
FR,eth,asian_pi,all,all,2006,grad4,63.0,14499
FR,eth,asian_pi,all,all,2006,grad5,84.1,14499
FR,eth,asian_pi,all,all,2006,grad6,87.6,14499
FR,eth,asian_pi,all,all,2006,grad7p,88.7,14499
FR,eth,asian_pi,all,all,2006,gradgpa_mean,3.239,12698
FR,eth,asian_pi,all,all,2006,ret1,94.2,14499
FR,eth,asian_pi,all,all,2006,ttd_mean,4.21,
FR,eth,asian_pi,all,all,2007,grad3,2.5,14342
FR,eth,asian_pi,all,all,2007,grad4,62.8,14342
FR,eth,asian_pi,all,all,2007,grad5,83.7,14342
FR,eth,asian_pi,all,all,2007,grad6,87.1,14342
FR,eth,asian_pi,all,all,2007,grad7p,88.3,14342
FR,eth,asian_pi,all,all,2007,gradgpa_mean,3.247,12494
FR,eth,asian_pi,all,all,2007,ret1,94.1,14342
FR,eth,asian_pi,all,all,2007,ttd_mean,4.21,
FR,eth,asian_pi,all,all,2008,grad3,3.0,14118
FR,eth,asian_pi,all,all,2008,grad4,64.6,14118
FR,eth,asian_pi,all,all,2008,grad5,84.9,14118
FR,eth,asian_pi,all,all,2008,grad6,88.0,14118
FR,eth,asian_pi,all,all,2008,grad7p,89.0,14118
FR,eth,asian_pi,all,all,2008,gradgpa_mean,3.245,12421
FR,eth,asian_pi,all,all,2008,ret1,94.5,14118
FR,eth,asian_pi,all,all,2008,ttd_mean,4.18,
FR,eth,asian_pi,all,all,2009,grad3,2.7,13612
FR,eth,asian_pi,all,all,2009,grad4,66.6,13612
FR,eth,asian_pi,all,all,2009,grad5,86.7,13612
FR,eth,asian_pi,all,all,2009,grad6,89.2,13612
FR,eth,asian_pi,all,all,2009,grad7p,90.1,13612
FR,eth,asian_pi,all,all,2009,gradgpa_mean,3.271,12137
FR,eth,asian_pi,all,all,2009,ret1,94.7,13612
FR,eth,asian_pi,all,all,2009,ttd_mean,4.17,
FR,eth,asian_pi,all,all,2010,grad3,2.7,13675
FR,eth,asian_pi,all,all,2010,grad4,66.7,13675
FR,eth,asian_pi,all,all,2010,grad5,86.0,13675
FR,eth,asian_pi,all,all,2010,grad6,88.6,13675
FR,eth,asian_pi,all,all,2010,grad6_nonuc,88.6,
FR,eth,asian_pi,all,all,2010,grad7p,89.5,13675
FR,eth,asian_pi,all,all,2010,gradgpa_mean,3.274,12111
FR,eth,asian_pi,all,all,2010,ret1,94.7,13675
FR,eth,asian_pi,all,all,2010,ttd_mean,4.17,
FR,eth,asian_pi,all,all,2011,grad3,2.7,14189
FR,eth,asian_pi,all,all,2011,grad4,70.0,14189
FR,eth,asian_pi,all,all,2011,grad5,86.8,14189
FR,eth,asian_pi,all,all,2011,grad6,89.2,14189
FR,eth,asian_pi,all,all,2011,grad6_nonuc,91.0,
FR,eth,asian_pi,all,all,2011,grad7p,90.1,14189
FR,eth,asian_pi,all,all,2011,gradgpa_mean,3.288,12659
FR,eth,asian_pi,all,all,2011,ret1,94.9,14189
FR,eth,asian_pi,all,all,2011,ttd_mean,4.14,
FR,eth,asian_pi,all,all,2012,grad3,2.8,14732
FR,eth,asian_pi,all,all,2012,grad4,70.5,14732
FR,eth,asian_pi,all,all,2012,grad5,87.1,14732
FR,eth,asian_pi,all,all,2012,grad6,89.5,14732
FR,eth,asian_pi,all,all,2012,grad6_nonuc,91.4,
FR,eth,asian_pi,all,all,2012,grad7p,90.3,14732
FR,eth,asian_pi,all,all,2012,gradgpa_mean,3.302,13180
FR,eth,asian_pi,all,all,2012,ret1,95.1,14732
FR,eth,asian_pi,all,all,2012,ttd_mean,4.13,
FR,eth,asian_pi,all,all,2013,grad3,2.7,14528
FR,eth,asian_pi,all,all,2013,grad4,72.1,14528
FR,eth,asian_pi,all,all,2013,grad5,87.0,14528
FR,eth,asian_pi,all,all,2013,grad6,89.2,14528
FR,eth,asian_pi,all,all,2013,grad6_nonuc,91.1,
FR,eth,asian_pi,all,all,2013,grad7p,90.2,14528
FR,eth,asian_pi,all,all,2013,gradgpa_mean,3.335,12965
FR,eth,asian_pi,all,all,2013,ret1,94.9,14528
FR,eth,asian_pi,all,all,2013,ttd_mean,4.12,
FR,eth,asian_pi,all,all,2014,grad3,3.3,14938
FR,eth,asian_pi,all,all,2014,grad4,74.3,14938
FR,eth,asian_pi,all,all,2014,grad5,88.1,14938
FR,eth,asian_pi,all,all,2014,grad6,90.1,14938
FR,eth,asian_pi,all,all,2014,grad6_nonuc,92.1,
FR,eth,asian_pi,all,all,2014,grad7p,90.8,14938
FR,eth,asian_pi,all,all,2014,gradgpa_mean,3.379,13455
FR,eth,asian_pi,all,all,2014,ret1,95.1,14938
FR,eth,asian_pi,all,all,2014,ttd_mean,4.09,
FR,eth,asian_pi,all,all,2015,grad3,3.6,14559
FR,eth,asian_pi,all,all,2015,grad4,76.3,14559
FR,eth,asian_pi,all,all,2015,grad5,89.3,14559
FR,eth,asian_pi,all,all,2015,grad6,91.2,14559
FR,eth,asian_pi,all,all,2015,grad6_nonuc,92.9,
FR,eth,asian_pi,all,all,2015,grad7p,91.8,14559
FR,eth,asian_pi,all,all,2015,gradgpa_mean,3.396,13274
FR,eth,asian_pi,all,all,2015,ret1,95.8,14559
FR,eth,asian_pi,all,all,2015,ttd_mean,4.07,
FR,eth,asian_pi,all,all,2016,grad3,3.9,15952
FR,eth,asian_pi,all,all,2016,grad4,77.7,15952
FR,eth,asian_pi,all,all,2016,grad5,89.5,15952
FR,eth,asian_pi,all,all,2016,grad6,90.9,15952
FR,eth,asian_pi,all,all,2016,grad6_nonuc,92.7,
FR,eth,asian_pi,all,all,2016,grad7p,91.5,15952
FR,eth,asian_pi,all,all,2016,gradgpa_mean,3.519,14502
FR,eth,asian_pi,all,all,2016,ret1,95.4,15952
FR,eth,asian_pi,all,all,2016,ttd_mean,4.04,
FR,eth,asian_pi,all,all,2017,grad3,5.1,15630
FR,eth,asian_pi,all,all,2017,grad4,79.9,15630
FR,eth,asian_pi,all,all,2017,grad5,89.4,15630
FR,eth,asian_pi,all,all,2017,grad6,91.1,15630
FR,eth,asian_pi,all,all,2017,grad6_nonuc,93.1,
FR,eth,asian_pi,all,all,2017,grad7p,91.7,15630
FR,eth,asian_pi,all,all,2017,gradgpa_mean,3.603,14240
FR,eth,asian_pi,all,all,2017,ret1,95.0,15630
FR,eth,asian_pi,all,all,2017,ttd_mean,3.99,
FR,eth,asian_pi,all,all,2018,grad3,6.8,16497
FR,eth,asian_pi,all,all,2018,grad4,80.5,16497
FR,eth,asian_pi,all,all,2018,grad5,89.5,16497
FR,eth,asian_pi,all,all,2018,grad6,91.2,16497
FR,eth,asian_pi,all,all,2018,grad6_nonuc,93.1,
FR,eth,asian_pi,all,all,2018,grad7p,91.8,16497
FR,eth,asian_pi,all,all,2018,gradgpa_mean,3.533,15042
FR,eth,asian_pi,all,all,2018,ret1,95.3,16497
FR,eth,asian_pi,all,all,2018,ttd_mean,3.97,
FR,eth,asian_pi,all,all,2019,grad3,6.9,16439
FR,eth,asian_pi,all,all,2019,grad4,80.7,16439
FR,eth,asian_pi,all,all,2019,grad5,89.8,16439
FR,eth,asian_pi,all,all,2019,grad6,91.6,16439
FR,eth,asian_pi,all,all,2019,grad6_nonuc,93.5,
FR,eth,asian_pi,all,all,2019,gradgpa_mean,3.511,15050
FR,eth,asian_pi,all,all,2019,ret1,95.5,16439
FR,eth,asian_pi,all,all,2020,grad3,6.1,17506
FR,eth,asian_pi,all,all,2020,grad4,79.7,17506
FR,eth,asian_pi,all,all,2020,grad5,89.0,17506
FR,eth,asian_pi,all,all,2020,gradgpa_mean,3.501,15585
FR,eth,asian_pi,all,all,2020,ret1,95.5,17506
FR,eth,asian_pi,all,all,2021,grad3,7.5,18217
FR,eth,asian_pi,all,all,2021,grad4,81.3,18217
FR,eth,asian_pi,all,all,2021,gradgpa_mean,3.565,14802
FR,eth,asian_pi,all,all,2021,ret1,95.1,18217
FR,eth,asian_pi,all,all,2022,grad3,8.8,18604
FR,eth,asian_pi,all,all,2022,gradgpa_mean,3.65,1630
FR,eth,asian_pi,all,all,2022,ret1,95.3,18604
FR,eth,asian_pi,all,all,2023,ret1,95.3,18863
FR,eth,asian_pi,all,all,2024,ret1,95.4,18721
FR,eth,black,all,all,1999,gradgpa_mean,3.096,543
FR,eth,black,all,all,1999,ttd_mean,4.52,
FR,eth,black,all,all,2000,grad3,0.7,874
FR,eth,black,all,all,2000,grad4,33.4,874
FR,eth,black,all,all,2000,grad5,62.4,874
FR,eth,black,all,all,2000,grad6,67.7,874
FR,eth,black,all,all,2000,grad7p,70.1,874
FR,eth,black,all,all,2000,gradgpa_mean,3.124,586
FR,eth,black,all,all,2000,ret1,88.1,874
FR,eth,black,all,all,2000,ttd_mean,4.56,
FR,eth,black,all,all,2001,grad3,1.2,881
FR,eth,black,all,all,2001,grad4,39.3,881
FR,eth,black,all,all,2001,grad5,65.3,881
FR,eth,black,all,all,2001,grad6,70.3,881
FR,eth,black,all,all,2001,grad7p,72.0,881
FR,eth,black,all,all,2001,gradgpa_mean,3.008,619
FR,eth,black,all,all,2001,ret1,89.6,881
FR,eth,black,all,all,2001,ttd_mean,4.43,
FR,eth,black,all,all,2002,grad3,1.7,954
FR,eth,black,all,all,2002,grad4,44.3,954
FR,eth,black,all,all,2002,grad5,68.7,954
FR,eth,black,all,all,2002,grad6,74.3,954
FR,eth,black,all,all,2002,grad7p,76.6,954
FR,eth,black,all,all,2002,gradgpa_mean,3.064,709
FR,eth,black,all,all,2002,ret1,91.3,954
FR,eth,black,all,all,2002,ttd_mean,4.42,
FR,eth,black,all,all,2003,grad3,1.1,1002
FR,eth,black,all,all,2003,grad4,40.0,1002
FR,eth,black,all,all,2003,grad5,66.8,1002
FR,eth,black,all,all,2003,grad6,72.9,1002
FR,eth,black,all,all,2003,grad7p,75.0,1002
FR,eth,black,all,all,2003,gradgpa_mean,3.065,730
FR,eth,black,all,all,2003,ret1,90.3,1002
FR,eth,black,all,all,2003,ttd_mean,4.47,
FR,eth,black,all,all,2004,grad3,1.9,838
FR,eth,black,all,all,2004,grad4,43.4,838
FR,eth,black,all,all,2004,grad5,68.7,838
FR,eth,black,all,all,2004,grad6,75.8,838
FR,eth,black,all,all,2004,grad7p,77.9,838
FR,eth,black,all,all,2004,gradgpa_mean,3.148,635
FR,eth,black,all,all,2004,ret1,90.8,838
FR,eth,black,all,all,2004,ttd_mean,4.45,
FR,eth,black,all,all,2005,grad3,1.4,924
FR,eth,black,all,all,2005,grad4,42.3,924
FR,eth,black,all,all,2005,grad5,66.6,924
FR,eth,black,all,all,2005,grad6,71.8,924
FR,eth,black,all,all,2005,grad7p,73.9,924
FR,eth,black,all,all,2005,gradgpa_mean,3.106,663
FR,eth,black,all,all,2005,ret1,88.6,924
FR,eth,black,all,all,2005,ttd_mean,4.43,
FR,eth,black,all,all,2006,grad3,2.0,1089
FR,eth,black,all,all,2006,grad4,40.5,1089
FR,eth,black,all,all,2006,grad5,66.6,1089
FR,eth,black,all,all,2006,grad6,71.6,1089
FR,eth,black,all,all,2006,grad7p,73.8,1089
FR,eth,black,all,all,2006,gradgpa_mean,3.126,780
FR,eth,black,all,all,2006,ret1,88.0,1089
FR,eth,black,all,all,2006,ttd_mean,4.42,
FR,eth,black,all,all,2007,grad3,1.8,1271
FR,eth,black,all,all,2007,grad4,45.2,1271
FR,eth,black,all,all,2007,grad5,69.5,1271
FR,eth,black,all,all,2007,grad6,74.7,1271
FR,eth,black,all,all,2007,grad7p,76.5,1271
FR,eth,black,all,all,2007,gradgpa_mean,3.117,949
FR,eth,black,all,all,2007,ret1,89.6,1271
FR,eth,black,all,all,2007,ttd_mean,4.39,
FR,eth,black,all,all,2008,grad3,1.4,1389
FR,eth,black,all,all,2008,grad4,45.9,1389
FR,eth,black,all,all,2008,grad5,70.1,1389
FR,eth,black,all,all,2008,grad6,75.4,1389
FR,eth,black,all,all,2008,grad7p,76.7,1389
FR,eth,black,all,all,2008,gradgpa_mean,3.1,1048
FR,eth,black,all,all,2008,ret1,90.6,1389
FR,eth,black,all,all,2008,ttd_mean,4.37,
FR,eth,black,all,all,2009,grad3,1.6,1260
FR,eth,black,all,all,2009,grad4,46.7,1260
FR,eth,black,all,all,2009,grad5,70.3,1260
FR,eth,black,all,all,2009,grad6,74.0,1260
FR,eth,black,all,all,2009,grad7p,75.4,1260
FR,eth,black,all,all,2009,gradgpa_mean,3.091,932
FR,eth,black,all,all,2009,ret1,90.1,1260
FR,eth,black,all,all,2009,ttd_mean,4.33,
FR,eth,black,all,all,2010,grad3,2.1,1259
FR,eth,black,all,all,2010,grad4,48.9,1259
FR,eth,black,all,all,2010,grad5,72.3,1259
FR,eth,black,all,all,2010,grad6,75.6,1259
FR,eth,black,all,all,2010,grad6_nonuc,75.6,
FR,eth,black,all,all,2010,grad7p,77.3,1259
FR,eth,black,all,all,2010,gradgpa_mean,3.147,952
FR,eth,black,all,all,2010,ret1,90.2,1259
FR,eth,black,all,all,2010,ttd_mean,4.32,
FR,eth,black,all,all,2011,grad3,2.5,1335
FR,eth,black,all,all,2011,grad4,48.3,1335
FR,eth,black,all,all,2011,grad5,71.3,1335
FR,eth,black,all,all,2011,grad6,75.2,1335
FR,eth,black,all,all,2011,grad6_nonuc,78.8,
FR,eth,black,all,all,2011,grad7p,77.2,1335
FR,eth,black,all,all,2011,gradgpa_mean,3.156,1004
FR,eth,black,all,all,2011,ret1,90.0,1335
FR,eth,black,all,all,2011,ttd_mean,4.32,
FR,eth,black,all,all,2012,grad3,1.4,1515
FR,eth,black,all,all,2012,grad4,50.2,1515
FR,eth,black,all,all,2012,grad5,70.4,1515
FR,eth,black,all,all,2012,grad6,74.1,1515
FR,eth,black,all,all,2012,grad6_nonuc,76.2,
FR,eth,black,all,all,2012,grad7p,76.0,1515
FR,eth,black,all,all,2012,gradgpa_mean,3.165,1122
FR,eth,black,all,all,2012,ret1,88.6,1515
FR,eth,black,all,all,2012,ttd_mean,4.31,
FR,eth,black,all,all,2013,grad3,1.9,1449
FR,eth,black,all,all,2013,grad4,50.9,1449
FR,eth,black,all,all,2013,grad5,72.7,1449
FR,eth,black,all,all,2013,grad6,76.8,1449
FR,eth,black,all,all,2013,grad6_nonuc,79.4,
FR,eth,black,all,all,2013,grad7p,78.9,1449
FR,eth,black,all,all,2013,gradgpa_mean,3.181,1113
FR,eth,black,all,all,2013,ret1,90.3,1449
FR,eth,black,all,all,2013,ttd_mean,4.34,
FR,eth,black,all,all,2014,grad3,2.5,1520
FR,eth,black,all,all,2014,grad4,56.9,1520
FR,eth,black,all,all,2014,grad5,75.3,1520
FR,eth,black,all,all,2014,grad6,78.2,1520
FR,eth,black,all,all,2014,grad6_nonuc,80.3,
FR,eth,black,all,all,2014,grad7p,79.8,1520
FR,eth,black,all,all,2014,gradgpa_mean,3.213,1188
FR,eth,black,all,all,2014,ret1,91.6,1520
FR,eth,black,all,all,2014,ttd_mean,4.24,
FR,eth,black,all,all,2015,grad3,1.7,1469
FR,eth,black,all,all,2015,grad4,54.5,1469
FR,eth,black,all,all,2015,grad5,73.2,1469
FR,eth,black,all,all,2015,grad6,76.4,1469
FR,eth,black,all,all,2015,grad6_nonuc,79.2,
FR,eth,black,all,all,2015,grad7p,77.3,1469
FR,eth,black,all,all,2015,gradgpa_mean,3.284,1122
FR,eth,black,all,all,2015,ret1,91.1,1469
FR,eth,black,all,all,2015,ttd_mean,4.24,
FR,eth,black,all,all,2016,grad3,2.1,1922
FR,eth,black,all,all,2016,grad4,59.8,1922
FR,eth,black,all,all,2016,grad5,75.1,1922
FR,eth,black,all,all,2016,grad6,77.8,1922
FR,eth,black,all,all,2016,grad6_nonuc,80.1,
FR,eth,black,all,all,2016,grad7p,78.8,1922
FR,eth,black,all,all,2016,gradgpa_mean,3.378,1496
FR,eth,black,all,all,2016,ret1,89.9,1922
FR,eth,black,all,all,2016,ttd_mean,4.17,
FR,eth,black,all,all,2017,grad3,3.9,1878
FR,eth,black,all,all,2017,grad4,61.3,1878
FR,eth,black,all,all,2017,grad5,75.8,1878
FR,eth,black,all,all,2017,grad6,78.6,1878
FR,eth,black,all,all,2017,grad6_nonuc,81.3,
FR,eth,black,all,all,2017,grad7p,79.7,1878
FR,eth,black,all,all,2017,gradgpa_mean,3.43,1476
FR,eth,black,all,all,2017,ret1,89.7,1878
FR,eth,black,all,all,2017,ttd_mean,4.15,
FR,eth,black,all,all,2018,grad3,4.5,1910
FR,eth,black,all,all,2018,grad4,59.5,1910
FR,eth,black,all,all,2018,grad5,72.0,1910
FR,eth,black,all,all,2018,grad6,76.0,1910
FR,eth,black,all,all,2018,grad6_nonuc,78.5,
FR,eth,black,all,all,2018,grad7p,77.5,1910
FR,eth,black,all,all,2018,gradgpa_mean,3.384,1451
FR,eth,black,all,all,2018,ret1,88.9,1910
FR,eth,black,all,all,2018,ttd_mean,4.15,
FR,eth,black,all,all,2019,grad3,4.6,1768
FR,eth,black,all,all,2019,grad4,60.6,1768
FR,eth,black,all,all,2019,grad5,74.0,1768
FR,eth,black,all,all,2019,grad6,76.2,1768
FR,eth,black,all,all,2019,grad6_nonuc,78.7,
FR,eth,black,all,all,2019,gradgpa_mean,3.361,1348
FR,eth,black,all,all,2019,ret1,90.4,1768
FR,eth,black,all,all,2020,grad3,4.3,1924
FR,eth,black,all,all,2020,grad4,60.8,1924
FR,eth,black,all,all,2020,grad5,74.5,1924
FR,eth,black,all,all,2020,gradgpa_mean,3.363,1434
FR,eth,black,all,all,2020,ret1,89.7,1924
FR,eth,black,all,all,2021,grad3,3.6,2305
FR,eth,black,all,all,2021,grad4,62.7,2305
FR,eth,black,all,all,2021,gradgpa_mean,3.409,1445
FR,eth,black,all,all,2021,ret1,87.7,2305
FR,eth,black,all,all,2022,grad3,4.7,2273
FR,eth,black,all,all,2022,gradgpa_mean,3.49,107
FR,eth,black,all,all,2022,ret1,90.6,2273
FR,eth,black,all,all,2023,ret1,90.3,2412
FR,eth,black,all,all,2024,ret1,90.1,2500
FR,eth,hispanic_latino,all,all,1999,gradgpa_mean,3.209,2392
FR,eth,hispanic_latino,all,all,1999,ttd_mean,4.52,
FR,eth,hispanic_latino,all,all,2000,grad3,1.4,3527
FR,eth,hispanic_latino,all,all,2000,grad4,38.0,3527
FR,eth,hispanic_latino,all,all,2000,grad5,68.7,3527
FR,eth,hispanic_latino,all,all,2000,grad6,75.2,3527
FR,eth,hispanic_latino,all,all,2000,grad7p,76.7,3527
FR,eth,hispanic_latino,all,all,2000,gradgpa_mean,3.174,2652
FR,eth,hispanic_latino,all,all,2000,ret1,88.3,3527
FR,eth,hispanic_latino,all,all,2000,ttd_mean,4.49,
FR,eth,hispanic_latino,all,all,2001,grad3,1.9,3957
FR,eth,hispanic_latino,all,all,2001,grad4,42.0,3957
FR,eth,hispanic_latino,all,all,2001,grad5,68.1,3957
FR,eth,hispanic_latino,all,all,2001,grad6,73.5,3957
FR,eth,hispanic_latino,all,all,2001,grad7p,75.3,3957
FR,eth,hispanic_latino,all,all,2001,gradgpa_mean,3.158,2907
FR,eth,hispanic_latino,all,all,2001,ret1,87.7,3957
FR,eth,hispanic_latino,all,all,2001,ttd_mean,4.42,
FR,eth,hispanic_latino,all,all,2002,grad3,1.7,4301
FR,eth,hispanic_latino,all,all,2002,grad4,43.5,4301
FR,eth,hispanic_latino,all,all,2002,grad5,68.7,4301
FR,eth,hispanic_latino,all,all,2002,grad6,73.9,4301
FR,eth,hispanic_latino,all,all,2002,grad7p,75.7,4301
FR,eth,hispanic_latino,all,all,2002,gradgpa_mean,3.137,3177
FR,eth,hispanic_latino,all,all,2002,ret1,88.0,4301
FR,eth,hispanic_latino,all,all,2002,ttd_mean,4.4,
FR,eth,hispanic_latino,all,all,2003,grad3,1.3,4514
FR,eth,hispanic_latino,all,all,2003,grad4,43.0,4514
FR,eth,hispanic_latino,all,all,2003,grad5,67.5,4514
FR,eth,hispanic_latino,all,all,2003,grad6,72.3,4514
FR,eth,hispanic_latino,all,all,2003,grad7p,74.0,4514
FR,eth,hispanic_latino,all,all,2003,gradgpa_mean,3.179,3264
FR,eth,hispanic_latino,all,all,2003,ret1,87.4,4514
FR,eth,hispanic_latino,all,all,2003,ttd_mean,4.39,
FR,eth,hispanic_latino,all,all,2004,grad3,1.7,4255
FR,eth,hispanic_latino,all,all,2004,grad4,46.7,4255
FR,eth,hispanic_latino,all,all,2004,grad5,70.7,4255
FR,eth,hispanic_latino,all,all,2004,grad6,74.8,4255
FR,eth,hispanic_latino,all,all,2004,grad7p,76.3,4255
FR,eth,hispanic_latino,all,all,2004,gradgpa_mean,3.197,3183
FR,eth,hispanic_latino,all,all,2004,ret1,88.4,4255
FR,eth,hispanic_latino,all,all,2004,ttd_mean,4.34,
FR,eth,hispanic_latino,all,all,2005,grad3,2.0,4652
FR,eth,hispanic_latino,all,all,2005,grad4,47.4,4652
FR,eth,hispanic_latino,all,all,2005,grad5,70.7,4652
FR,eth,hispanic_latino,all,all,2005,grad6,74.9,4652
FR,eth,hispanic_latino,all,all,2005,grad7p,76.6,4652
FR,eth,hispanic_latino,all,all,2005,gradgpa_mean,3.187,3485
FR,eth,hispanic_latino,all,all,2005,ret1,87.8,4652
FR,eth,hispanic_latino,all,all,2005,ttd_mean,4.33,
FR,eth,hispanic_latino,all,all,2006,grad3,1.8,5505
FR,eth,hispanic_latino,all,all,2006,grad4,46.4,5505
FR,eth,hispanic_latino,all,all,2006,grad5,69.6,5505
FR,eth,hispanic_latino,all,all,2006,grad6,74.3,5505
FR,eth,hispanic_latino,all,all,2006,grad7p,75.9,5505
FR,eth,hispanic_latino,all,all,2006,gradgpa_mean,3.195,4088
FR,eth,hispanic_latino,all,all,2006,ret1,87.2,5505
FR,eth,hispanic_latino,all,all,2006,ttd_mean,4.35,
FR,eth,hispanic_latino,all,all,2007,grad3,1.9,5877
FR,eth,hispanic_latino,all,all,2007,grad4,46.6,5877
FR,eth,hispanic_latino,all,all,2007,grad5,70.7,5877
FR,eth,hispanic_latino,all,all,2007,grad6,74.9,5877
FR,eth,hispanic_latino,all,all,2007,grad7p,76.3,5877
FR,eth,hispanic_latino,all,all,2007,gradgpa_mean,3.2,4401
FR,eth,hispanic_latino,all,all,2007,ret1,86.6,5877
FR,eth,hispanic_latino,all,all,2007,ttd_mean,4.35,
FR,eth,hispanic_latino,all,all,2008,grad3,1.8,6654
FR,eth,hispanic_latino,all,all,2008,grad4,47.9,6654
FR,eth,hispanic_latino,all,all,2008,grad5,72.2,6654
FR,eth,hispanic_latino,all,all,2008,grad6,76.5,6654
FR,eth,hispanic_latino,all,all,2008,grad7p,78.0,6654
FR,eth,hispanic_latino,all,all,2008,gradgpa_mean,3.172,5090
FR,eth,hispanic_latino,all,all,2008,ret1,88.6,6654
FR,eth,hispanic_latino,all,all,2008,ttd_mean,4.34,
FR,eth,hispanic_latino,all,all,2009,grad3,2.0,6621
FR,eth,hispanic_latino,all,all,2009,grad4,50.5,6621
FR,eth,hispanic_latino,all,all,2009,grad5,74.1,6621
FR,eth,hispanic_latino,all,all,2009,grad6,78.1,6621
FR,eth,hispanic_latino,all,all,2009,grad7p,79.4,6621
FR,eth,hispanic_latino,all,all,2009,gradgpa_mean,3.182,5168
FR,eth,hispanic_latino,all,all,2009,ret1,89.1,6621
FR,eth,hispanic_latino,all,all,2009,ttd_mean,4.32,
FR,eth,hispanic_latino,all,all,2010,grad3,1.6,7164
FR,eth,hispanic_latino,all,all,2010,grad4,48.5,7164
FR,eth,hispanic_latino,all,all,2010,grad5,74.0,7164
FR,eth,hispanic_latino,all,all,2010,grad6,77.7,7164
FR,eth,hispanic_latino,all,all,2010,grad6_nonuc,77.7,
FR,eth,hispanic_latino,all,all,2010,grad7p,78.9,7164
FR,eth,hispanic_latino,all,all,2010,gradgpa_mean,3.193,5563
FR,eth,hispanic_latino,all,all,2010,ret1,89.2,7164
FR,eth,hispanic_latino,all,all,2010,ttd_mean,4.33,
FR,eth,hispanic_latino,all,all,2011,grad3,1.6,8357
FR,eth,hispanic_latino,all,all,2011,grad4,50.3,8357
FR,eth,hispanic_latino,all,all,2011,grad5,73.5,8357
FR,eth,hispanic_latino,all,all,2011,grad6,77.0,8357
FR,eth,hispanic_latino,all,all,2011,grad6_nonuc,79.1,
FR,eth,hispanic_latino,all,all,2011,grad7p,78.3,8357
FR,eth,hispanic_latino,all,all,2011,gradgpa_mean,3.207,6434
FR,eth,hispanic_latino,all,all,2011,ret1,88.5,8357
FR,eth,hispanic_latino,all,all,2011,ttd_mean,4.31,
FR,eth,hispanic_latino,all,all,2012,grad3,1.4,8754
FR,eth,hispanic_latino,all,all,2012,grad4,52.2,8754
FR,eth,hispanic_latino,all,all,2012,grad5,73.5,8754
FR,eth,hispanic_latino,all,all,2012,grad6,77.2,8754
FR,eth,hispanic_latino,all,all,2012,grad6_nonuc,79.6,
FR,eth,hispanic_latino,all,all,2012,grad7p,78.6,8754
FR,eth,hispanic_latino,all,all,2012,gradgpa_mean,3.194,6761
FR,eth,hispanic_latino,all,all,2012,ret1,89.3,8754
FR,eth,hispanic_latino,all,all,2012,ttd_mean,4.3,
FR,eth,hispanic_latino,all,all,2013,grad3,1.6,9216
FR,eth,hispanic_latino,all,all,2013,grad4,55.1,9216
FR,eth,hispanic_latino,all,all,2013,grad5,75.6,9216
FR,eth,hispanic_latino,all,all,2013,grad6,79.0,9216
FR,eth,hispanic_latino,all,all,2013,grad6_nonuc,81.1,
FR,eth,hispanic_latino,all,all,2013,grad7p,80.0,9216
FR,eth,hispanic_latino,all,all,2013,gradgpa_mean,3.253,7278
FR,eth,hispanic_latino,all,all,2013,ret1,89.5,9216
FR,eth,hispanic_latino,all,all,2013,ttd_mean,4.27,
FR,eth,hispanic_latino,all,all,2014,grad3,1.7,9847
FR,eth,hispanic_latino,all,all,2014,grad4,55.0,9847
FR,eth,hispanic_latino,all,all,2014,grad5,75.3,9847
FR,eth,hispanic_latino,all,all,2014,grad6,78.7,9847
FR,eth,hispanic_latino,all,all,2014,grad6_nonuc,80.8,
FR,eth,hispanic_latino,all,all,2014,grad7p,80.1,9847
FR,eth,hispanic_latino,all,all,2014,gradgpa_mean,3.26,7751
FR,eth,hispanic_latino,all,all,2014,ret1,89.4,9847
FR,eth,hispanic_latino,all,all,2014,ttd_mean,4.27,
FR,eth,hispanic_latino,all,all,2015,grad3,2.3,9651
FR,eth,hispanic_latino,all,all,2015,grad4,57.8,9651
FR,eth,hispanic_latino,all,all,2015,grad5,76.6,9651
FR,eth,hispanic_latino,all,all,2015,grad6,79.8,9651
FR,eth,hispanic_latino,all,all,2015,grad6_nonuc,82.0,
FR,eth,hispanic_latino,all,all,2015,grad7p,80.9,9651
FR,eth,hispanic_latino,all,all,2015,gradgpa_mean,3.313,7706
FR,eth,hispanic_latino,all,all,2015,ret1,90.4,9651
FR,eth,hispanic_latino,all,all,2015,ttd_mean,4.23,
FR,eth,hispanic_latino,all,all,2016,grad3,2.4,12298
FR,eth,hispanic_latino,all,all,2016,grad4,60.8,12298
FR,eth,hispanic_latino,all,all,2016,grad5,77.2,12298
FR,eth,hispanic_latino,all,all,2016,grad6,79.6,12298
FR,eth,hispanic_latino,all,all,2016,grad6_nonuc,81.9,
FR,eth,hispanic_latino,all,all,2016,grad7p,80.6,12298
FR,eth,hispanic_latino,all,all,2016,gradgpa_mean,3.405,9784
FR,eth,hispanic_latino,all,all,2016,ret1,89.6,12298
FR,eth,hispanic_latino,all,all,2016,ttd_mean,4.18,
FR,eth,hispanic_latino,all,all,2017,grad3,3.2,11678
FR,eth,hispanic_latino,all,all,2017,grad4,62.7,11678
FR,eth,hispanic_latino,all,all,2017,grad5,76.3,11678
FR,eth,hispanic_latino,all,all,2017,grad6,78.6,11678
FR,eth,hispanic_latino,all,all,2017,grad6_nonuc,81.3,
FR,eth,hispanic_latino,all,all,2017,grad7p,79.6,11678
FR,eth,hispanic_latino,all,all,2017,gradgpa_mean,3.458,9177
FR,eth,hispanic_latino,all,all,2017,ret1,88.8,11678
FR,eth,hispanic_latino,all,all,2017,ttd_mean,4.14,
FR,eth,hispanic_latino,all,all,2018,grad3,3.6,11321
FR,eth,hispanic_latino,all,all,2018,grad4,62.1,11321
FR,eth,hispanic_latino,all,all,2018,grad5,75.3,11321
FR,eth,hispanic_latino,all,all,2018,grad6,78.1,11321
FR,eth,hispanic_latino,all,all,2018,grad6_nonuc,80.8,
FR,eth,hispanic_latino,all,all,2018,grad7p,79.1,11321
FR,eth,hispanic_latino,all,all,2018,gradgpa_mean,3.412,8840
FR,eth,hispanic_latino,all,all,2018,ret1,89.1,11321
FR,eth,hispanic_latino,all,all,2018,ttd_mean,4.14,
FR,eth,hispanic_latino,all,all,2019,grad3,4.5,11450
FR,eth,hispanic_latino,all,all,2019,grad4,63.6,11450
FR,eth,hispanic_latino,all,all,2019,grad5,76.9,11450
FR,eth,hispanic_latino,all,all,2019,grad6,79.4,11450
FR,eth,hispanic_latino,all,all,2019,grad6_nonuc,81.7,
FR,eth,hispanic_latino,all,all,2019,gradgpa_mean,3.376,9087
FR,eth,hispanic_latino,all,all,2019,ret1,91.1,11450
FR,eth,hispanic_latino,all,all,2020,grad3,4.0,11726
FR,eth,hispanic_latino,all,all,2020,grad4,61.8,11726
FR,eth,hispanic_latino,all,all,2020,grad5,73.3,11726
FR,eth,hispanic_latino,all,all,2020,gradgpa_mean,3.389,8593
FR,eth,hispanic_latino,all,all,2020,ret1,87.4,11726
FR,eth,hispanic_latino,all,all,2021,grad3,4.1,13477
FR,eth,hispanic_latino,all,all,2021,grad4,63.2,13477
FR,eth,hispanic_latino,all,all,2021,gradgpa_mean,3.426,8519
FR,eth,hispanic_latino,all,all,2021,ret1,87.3,13477
FR,eth,hispanic_latino,all,all,2022,grad3,5.2,13026
FR,eth,hispanic_latino,all,all,2022,gradgpa_mean,3.55,679
FR,eth,hispanic_latino,all,all,2022,ret1,89.4,13026
FR,eth,hispanic_latino,all,all,2023,ret1,89.4,14516
FR,eth,hispanic_latino,all,all,2024,ret1,90.6,14113
FR,eth,international,all,all,1999,gradgpa_mean,3.307,261
FR,eth,international,all,all,1999,ttd_mean,4.08,
FR,eth,international,all,all,2000,grad3,9.3,387
FR,eth,international,all,all,2000,grad4,53.5,387
FR,eth,international,all,all,2000,grad5,75.7,387
FR,eth,international,all,all,2000,grad6,79.6,387
FR,eth,international,all,all,2000,grad7p,80.6,387
FR,eth,international,all,all,2000,gradgpa_mean,3.264,308
FR,eth,international,all,all,2000,ret1,86.0,387
FR,eth,international,all,all,2000,ttd_mean,4.17,
FR,eth,international,all,all,2001,grad3,8.6,405
FR,eth,international,all,all,2001,grad4,56.3,405
FR,eth,international,all,all,2001,grad5,75.8,405
FR,eth,international,all,all,2001,grad6,77.8,405
FR,eth,international,all,all,2001,grad7p,79.5,405
FR,eth,international,all,all,2001,gradgpa_mean,3.333,307
FR,eth,international,all,all,2001,ret1,89.9,405
FR,eth,international,all,all,2001,ttd_mean,4.11,
FR,eth,international,all,all,2002,grad3,10.9,413
FR,eth,international,all,all,2002,grad4,59.6,413
FR,eth,international,all,all,2002,grad5,76.5,413
FR,eth,international,all,all,2002,grad6,79.9,413
FR,eth,international,all,all,2002,grad7p,81.6,413
FR,eth,international,all,all,2002,gradgpa_mean,3.256,330
FR,eth,international,all,all,2002,ret1,89.3,413
FR,eth,international,all,all,2002,ttd_mean,4.07,
FR,eth,international,all,all,2003,grad3,7.9,431
FR,eth,international,all,all,2003,grad4,59.6,431
FR,eth,international,all,all,2003,grad5,78.7,431
FR,eth,international,all,all,2003,grad6,82.4,431
FR,eth,international,all,all,2003,grad7p,83.8,431
FR,eth,international,all,all,2003,gradgpa_mean,3.296,355
FR,eth,international,all,all,2003,ret1,91.4,431
FR,eth,international,all,all,2003,ttd_mean,4.14,
FR,eth,international,all,all,2004,grad3,8.6,509
FR,eth,international,all,all,2004,grad4,60.7,509
FR,eth,international,all,all,2004,grad5,77.2,509
FR,eth,international,all,all,2004,grad6,80.9,509
FR,eth,international,all,all,2004,grad7p,83.3,509
FR,eth,international,all,all,2004,gradgpa_mean,3.36,412
FR,eth,international,all,all,2004,ret1,91.4,509
FR,eth,international,all,all,2004,ttd_mean,4.15,
FR,eth,international,all,all,2005,grad3,6.7,519
FR,eth,international,all,all,2005,grad4,56.8,519
FR,eth,international,all,all,2005,grad5,73.4,519
FR,eth,international,all,all,2005,grad6,77.3,519
FR,eth,international,all,all,2005,grad7p,79.4,519
FR,eth,international,all,all,2005,gradgpa_mean,3.286,401
FR,eth,international,all,all,2005,ret1,89.0,519
FR,eth,international,all,all,2005,ttd_mean,4.18,
FR,eth,international,all,all,2006,grad3,5.1,665
FR,eth,international,all,all,2006,grad4,57.0,665
FR,eth,international,all,all,2006,grad5,74.9,665
FR,eth,international,all,all,2006,grad6,79.8,665
FR,eth,international,all,all,2006,grad7p,82.4,665
FR,eth,international,all,all,2006,gradgpa_mean,3.234,531
FR,eth,international,all,all,2006,ret1,89.0,665
FR,eth,international,all,all,2006,ttd_mean,4.23,
FR,eth,international,all,all,2007,grad3,6.3,697
FR,eth,international,all,all,2007,grad4,57.2,697
FR,eth,international,all,all,2007,grad5,73.7,697
FR,eth,international,all,all,2007,grad6,77.9,697
FR,eth,international,all,all,2007,grad7p,80.3,697
FR,eth,international,all,all,2007,gradgpa_mean,3.252,543
FR,eth,international,all,all,2007,ret1,89.8,697
FR,eth,international,all,all,2007,ttd_mean,4.18,
FR,eth,international,all,all,2008,grad3,8.5,940
FR,eth,international,all,all,2008,grad4,59.6,940
FR,eth,international,all,all,2008,grad5,72.8,940
FR,eth,international,all,all,2008,grad6,76.8,940
FR,eth,international,all,all,2008,grad7p,80.2,940
FR,eth,international,all,all,2008,gradgpa_mean,3.278,722
FR,eth,international,all,all,2008,ret1,88.6,940
FR,eth,international,all,all,2008,ttd_mean,4.13,
FR,eth,international,all,all,2009,grad3,7.4,829
FR,eth,international,all,all,2009,grad4,62.5,829
FR,eth,international,all,all,2009,grad5,77.8,829
FR,eth,international,all,all,2009,grad6,81.7,829
FR,eth,international,all,all,2009,grad7p,83.7,829
FR,eth,international,all,all,2009,gradgpa_mean,3.314,677
FR,eth,international,all,all,2009,ret1,90.2,829
FR,eth,international,all,all,2009,ttd_mean,4.14,
FR,eth,international,all,all,2010,grad3,7.8,1256
FR,eth,international,all,all,2010,grad4,66.4,1256
FR,eth,international,all,all,2010,grad5,79.9,1256
FR,eth,international,all,all,2010,grad6,84.3,1256
FR,eth,international,all,all,2010,grad6_nonuc,84.3,
FR,eth,international,all,all,2010,grad7p,85.7,1256
FR,eth,international,all,all,2010,gradgpa_mean,3.313,1059
FR,eth,international,all,all,2010,ret1,90.5,1256
FR,eth,international,all,all,2010,ttd_mean,4.1,
FR,eth,international,all,all,2011,grad3,7.3,2249
FR,eth,international,all,all,2011,grad4,64.1,2249
FR,eth,international,all,all,2011,grad5,77.9,2249
FR,eth,international,all,all,2011,grad6,82.8,2249
FR,eth,international,all,all,2011,grad6_nonuc,83.7,
FR,eth,international,all,all,2011,grad7p,85.8,2249
FR,eth,international,all,all,2011,gradgpa_mean,3.29,1863
FR,eth,international,all,all,2011,ret1,90.0,2249
FR,eth,international,all,all,2011,ttd_mean,4.16,
FR,eth,international,all,all,2012,grad3,6.1,3575
FR,eth,international,all,all,2012,grad4,64.8,3575
FR,eth,international,all,all,2012,grad5,77.7,3575
FR,eth,international,all,all,2012,grad6,81.5,3575
FR,eth,international,all,all,2012,grad6_nonuc,83.0,
FR,eth,international,all,all,2012,grad7p,83.3,3575
FR,eth,international,all,all,2012,gradgpa_mean,3.316,2913
FR,eth,international,all,all,2012,ret1,90.6,3575
FR,eth,international,all,all,2012,ttd_mean,4.11,
FR,eth,international,all,all,2013,grad3,5.9,4424
FR,eth,international,all,all,2013,grad4,67.6,4424
FR,eth,international,all,all,2013,grad5,81.6,4424
FR,eth,international,all,all,2013,grad6,84.8,4424
FR,eth,international,all,all,2013,grad6_nonuc,85.9,
FR,eth,international,all,all,2013,grad7p,86.3,4424
FR,eth,international,all,all,2013,gradgpa_mean,3.337,3750
FR,eth,international,all,all,2013,ret1,92.4,4424
FR,eth,international,all,all,2013,ttd_mean,4.09,
FR,eth,international,all,all,2014,grad3,6.8,4907
FR,eth,international,all,all,2014,grad4,68.3,4907
FR,eth,international,all,all,2014,grad5,81.3,4907
FR,eth,international,all,all,2014,grad6,83.9,4907
FR,eth,international,all,all,2014,grad6_nonuc,85.3,
FR,eth,international,all,all,2014,grad7p,85.1,4907
FR,eth,international,all,all,2014,gradgpa_mean,3.354,4116
FR,eth,international,all,all,2014,ret1,92.0,4907
FR,eth,international,all,all,2014,ttd_mean,4.05,
FR,eth,international,all,all,2015,grad3,8.0,5758
FR,eth,international,all,all,2015,grad4,70.3,5758
FR,eth,international,all,all,2015,grad5,82.7,5758
FR,eth,international,all,all,2015,grad6,85.0,5758
FR,eth,international,all,all,2015,grad6_nonuc,86.5,
FR,eth,international,all,all,2015,grad7p,86.1,5758
FR,eth,international,all,all,2015,gradgpa_mean,3.404,4896
FR,eth,international,all,all,2015,ret1,92.8,5758
FR,eth,international,all,all,2015,ttd_mean,4.01,
FR,eth,international,all,all,2016,grad3,7.5,6039
FR,eth,international,all,all,2016,grad4,73.6,6039
FR,eth,international,all,all,2016,grad5,83.6,6039
FR,eth,international,all,all,2016,grad6,85.7,6039
FR,eth,international,all,all,2016,grad6_nonuc,86.6,
FR,eth,international,all,all,2016,grad7p,86.8,6039
FR,eth,international,all,all,2016,gradgpa_mean,3.498,5176
FR,eth,international,all,all,2016,ret1,93.8,6039
FR,eth,international,all,all,2016,ttd_mean,3.98,
FR,eth,international,all,all,2017,grad3,8.9,6164
FR,eth,international,all,all,2017,grad4,73.4,6164
FR,eth,international,all,all,2017,grad5,83.6,6164
FR,eth,international,all,all,2017,grad6,85.7,6164
FR,eth,international,all,all,2017,grad6_nonuc,86.5,
FR,eth,international,all,all,2017,grad7p,86.9,6164
FR,eth,international,all,all,2017,gradgpa_mean,3.523,5282
FR,eth,international,all,all,2017,ret1,93.3,6164
FR,eth,international,all,all,2017,ttd_mean,3.94,
FR,eth,international,all,all,2018,grad3,11.9,6588
FR,eth,international,all,all,2018,grad4,73.1,6588
FR,eth,international,all,all,2018,grad5,83.2,6588
FR,eth,international,all,all,2018,grad6,85.8,6588
FR,eth,international,all,all,2018,grad6_nonuc,86.7,
FR,eth,international,all,all,2018,grad7p,86.6,6588
FR,eth,international,all,all,2018,gradgpa_mean,3.527,5652
FR,eth,international,all,all,2018,ret1,93.2,6588
FR,eth,international,all,all,2018,ttd_mean,3.92,
FR,eth,international,all,all,2019,grad3,11.6,6142
FR,eth,international,all,all,2019,grad4,70.9,6142
FR,eth,international,all,all,2019,grad5,81.0,6142
FR,eth,international,all,all,2019,grad6,83.4,6142
FR,eth,international,all,all,2019,grad6_nonuc,84.9,
FR,eth,international,all,all,2019,gradgpa_mean,3.542,5125
FR,eth,international,all,all,2019,ret1,90.3,6142
FR,eth,international,all,all,2020,grad3,9.3,5317
FR,eth,international,all,all,2020,grad4,70.4,5317
FR,eth,international,all,all,2020,grad5,81.5,5317
FR,eth,international,all,all,2020,gradgpa_mean,3.504,4334
FR,eth,international,all,all,2020,ret1,88.3,5317
FR,eth,international,all,all,2021,grad3,8.3,6155
FR,eth,international,all,all,2021,grad4,72.4,6155
FR,eth,international,all,all,2021,gradgpa_mean,3.537,4455
FR,eth,international,all,all,2021,ret1,91.7,6155
FR,eth,international,all,all,2022,grad3,8.8,4510
FR,eth,international,all,all,2022,gradgpa_mean,3.67,396
FR,eth,international,all,all,2022,ret1,90.8,4510
FR,eth,international,all,all,2023,ret1,91.0,4568
FR,eth,international,all,all,2024,ret1,89.7,4813
FR,eth,unknown,all,all,1999,gradgpa_mean,3.333,1884
FR,eth,unknown,all,all,1999,ttd_mean,4.34,
FR,eth,unknown,all,all,2000,grad3,2.5,2527
FR,eth,unknown,all,all,2000,grad4,52.2,2527
FR,eth,unknown,all,all,2000,grad5,77.8,2527
FR,eth,unknown,all,all,2000,grad6,81.7,2527
FR,eth,unknown,all,all,2000,grad7p,83.3,2527
FR,eth,unknown,all,all,2000,gradgpa_mean,3.307,2064
FR,eth,unknown,all,all,2000,ret1,90.3,2527
FR,eth,unknown,all,all,2000,ttd_mean,4.31,
FR,eth,unknown,all,all,2001,grad3,3.0,2578
FR,eth,unknown,all,all,2001,grad4,55.0,2578
FR,eth,unknown,all,all,2001,grad5,78.4,2578
FR,eth,unknown,all,all,2001,grad6,83.0,2578
FR,eth,unknown,all,all,2001,grad7p,84.1,2578
FR,eth,unknown,all,all,2001,gradgpa_mean,3.293,2139
FR,eth,unknown,all,all,2001,ret1,91.2,2578
FR,eth,unknown,all,all,2001,ttd_mean,4.27,
FR,eth,unknown,all,all,2002,grad3,2.6,2313
FR,eth,unknown,all,all,2002,grad4,55.6,2313
FR,eth,unknown,all,all,2002,grad5,77.3,2313
FR,eth,unknown,all,all,2002,grad6,81.5,2313
FR,eth,unknown,all,all,2002,grad7p,83.1,2313
FR,eth,unknown,all,all,2002,gradgpa_mean,3.297,1884
FR,eth,unknown,all,all,2002,ret1,88.9,2313
FR,eth,unknown,all,all,2002,ttd_mean,4.26,
FR,eth,unknown,all,all,2003,grad3,2.6,2590
FR,eth,unknown,all,all,2003,grad4,56.3,2590
FR,eth,unknown,all,all,2003,grad5,77.5,2590
FR,eth,unknown,all,all,2003,grad6,81.0,2590
FR,eth,unknown,all,all,2003,grad7p,82.5,2590
FR,eth,unknown,all,all,2003,gradgpa_mean,3.309,2097
FR,eth,unknown,all,all,2003,ret1,89.7,2590
FR,eth,unknown,all,all,2003,ttd_mean,4.25,
FR,eth,unknown,all,all,2004,grad3,3.6,2267
FR,eth,unknown,all,all,2004,grad4,60.3,2267
FR,eth,unknown,all,all,2004,grad5,80.2,2267
FR,eth,unknown,all,all,2004,grad6,84.4,2267
FR,eth,unknown,all,all,2004,grad7p,85.2,2267
FR,eth,unknown,all,all,2004,gradgpa_mean,3.331,1913
FR,eth,unknown,all,all,2004,ret1,91.3,2267
FR,eth,unknown,all,all,2004,ttd_mean,4.19,
FR,eth,unknown,all,all,2005,grad3,3.7,1945
FR,eth,unknown,all,all,2005,grad4,59.7,1945
FR,eth,unknown,all,all,2005,grad5,80.3,1945
FR,eth,unknown,all,all,2005,grad6,83.2,1945
FR,eth,unknown,all,all,2005,grad7p,84.7,1945
FR,eth,unknown,all,all,2005,gradgpa_mean,3.316,1619
FR,eth,unknown,all,all,2005,ret1,90.1,1945
FR,eth,unknown,all,all,2005,ttd_mean,4.2,
FR,eth,unknown,all,all,2006,grad3,2.5,2029
FR,eth,unknown,all,all,2006,grad4,61.3,2029
FR,eth,unknown,all,all,2006,grad5,80.5,2029
FR,eth,unknown,all,all,2006,grad6,84.1,2029
FR,eth,unknown,all,all,2006,grad7p,85.2,2029
FR,eth,unknown,all,all,2006,gradgpa_mean,3.309,1707
FR,eth,unknown,all,all,2006,ret1,90.3,2029
FR,eth,unknown,all,all,2006,ttd_mean,4.2,
FR,eth,unknown,all,all,2007,grad3,4.1,1850
FR,eth,unknown,all,all,2007,grad4,61.9,1850
FR,eth,unknown,all,all,2007,grad5,80.7,1850
FR,eth,unknown,all,all,2007,grad6,84.2,1850
FR,eth,unknown,all,all,2007,grad7p,85.6,1850
FR,eth,unknown,all,all,2007,gradgpa_mean,3.337,1558
FR,eth,unknown,all,all,2007,ret1,90.3,1850
FR,eth,unknown,all,all,2007,ttd_mean,4.19,
FR,eth,unknown,all,all,2008,grad3,4.1,2001
FR,eth,unknown,all,all,2008,grad4,64.1,2001
FR,eth,unknown,all,all,2008,grad5,81.8,2001
FR,eth,unknown,all,all,2008,grad6,84.7,2001
FR,eth,unknown,all,all,2008,grad7p,85.8,2001
FR,eth,unknown,all,all,2008,gradgpa_mean,3.326,1695
FR,eth,unknown,all,all,2008,ret1,92.5,2001
FR,eth,unknown,all,all,2008,ttd_mean,4.16,
FR,eth,unknown,all,all,2009,grad3,2.9,1570
FR,eth,unknown,all,all,2009,grad4,64.0,1570
FR,eth,unknown,all,all,2009,grad5,81.9,1570
FR,eth,unknown,all,all,2009,grad6,84.8,1570
FR,eth,unknown,all,all,2009,grad7p,85.8,1570
FR,eth,unknown,all,all,2009,gradgpa_mean,3.375,1332
FR,eth,unknown,all,all,2009,ret1,91.6,1570
FR,eth,unknown,all,all,2009,ttd_mean,4.16,
FR,eth,unknown,all,all,2010,grad3,3.9,1627
FR,eth,unknown,all,all,2010,grad4,65.2,1627
FR,eth,unknown,all,all,2010,grad5,83.0,1627
FR,eth,unknown,all,all,2010,grad6,85.7,1627
FR,eth,unknown,all,all,2010,grad6_nonuc,85.7,
FR,eth,unknown,all,all,2010,grad7p,87.0,1627
FR,eth,unknown,all,all,2010,gradgpa_mean,3.346,1395
FR,eth,unknown,all,all,2010,ret1,93.6,1627
FR,eth,unknown,all,all,2010,ttd_mean,4.16,
FR,eth,unknown,all,all,2011,grad3,3.1,719
FR,eth,unknown,all,all,2011,grad4,63.7,719
FR,eth,unknown,all,all,2011,grad5,80.9,719
FR,eth,unknown,all,all,2011,grad6,83.3,719
FR,eth,unknown,all,all,2011,grad6_nonuc,86.9,
FR,eth,unknown,all,all,2011,grad7p,83.7,719
FR,eth,unknown,all,all,2011,gradgpa_mean,3.303,599
FR,eth,unknown,all,all,2011,ret1,90.5,719
FR,eth,unknown,all,all,2011,ttd_mean,4.12,
FR,eth,unknown,all,all,2012,grad3,3.3,890
FR,eth,unknown,all,all,2012,grad4,64.8,890
FR,eth,unknown,all,all,2012,grad5,84.4,890
FR,eth,unknown,all,all,2012,grad6,87.0,890
FR,eth,unknown,all,all,2012,grad6_nonuc,90.6,
FR,eth,unknown,all,all,2012,grad7p,87.3,890
FR,eth,unknown,all,all,2012,gradgpa_mean,3.34,774
FR,eth,unknown,all,all,2012,ret1,92.0,890
FR,eth,unknown,all,all,2012,ttd_mean,4.15,
FR,eth,unknown,all,all,2013,grad3,3.4,1044
FR,eth,unknown,all,all,2013,grad4,68.2,1044
FR,eth,unknown,all,all,2013,grad5,84.9,1044
FR,eth,unknown,all,all,2013,grad6,86.9,1044
FR,eth,unknown,all,all,2013,grad6_nonuc,90.6,
FR,eth,unknown,all,all,2013,grad7p,87.6,1044
FR,eth,unknown,all,all,2013,gradgpa_mean,3.4,907
FR,eth,unknown,all,all,2013,ret1,93.2,1044
FR,eth,unknown,all,all,2013,ttd_mean,4.13,
FR,eth,unknown,all,all,2014,grad3,4.4,1040
FR,eth,unknown,all,all,2014,grad4,72.8,1040
FR,eth,unknown,all,all,2014,grad5,86.5,1040
FR,eth,unknown,all,all,2014,grad6,88.5,1040
FR,eth,unknown,all,all,2014,grad6_nonuc,91.5,
FR,eth,unknown,all,all,2014,grad7p,89.2,1040
FR,eth,unknown,all,all,2014,gradgpa_mean,3.396,920
FR,eth,unknown,all,all,2014,ret1,92.6,1040
FR,eth,unknown,all,all,2014,ttd_mean,4.08,
FR,eth,unknown,all,all,2015,grad3,4.3,1204
FR,eth,unknown,all,all,2015,grad4,74.4,1204
FR,eth,unknown,all,all,2015,grad5,86.1,1204
FR,eth,unknown,all,all,2015,grad6,88.0,1204
FR,eth,unknown,all,all,2015,grad6_nonuc,91.8,
FR,eth,unknown,all,all,2015,grad7p,88.6,1204
FR,eth,unknown,all,all,2015,gradgpa_mean,3.443,1060
FR,eth,unknown,all,all,2015,ret1,93.9,1204
FR,eth,unknown,all,all,2015,ttd_mean,4.04,
FR,eth,unknown,all,all,2016,grad3,4.9,1283
FR,eth,unknown,all,all,2016,grad4,75.1,1283
FR,eth,unknown,all,all,2016,grad5,87.8,1283
FR,eth,unknown,all,all,2016,grad6,88.8,1283
FR,eth,unknown,all,all,2016,grad6_nonuc,92.3,
FR,eth,unknown,all,all,2016,grad7p,89.4,1283
FR,eth,unknown,all,all,2016,gradgpa_mean,3.525,1139
FR,eth,unknown,all,all,2016,ret1,93.9,1283
FR,eth,unknown,all,all,2016,ttd_mean,4.03,
FR,eth,unknown,all,all,2017,grad3,6.4,1183
FR,eth,unknown,all,all,2017,grad4,77.0,1183
FR,eth,unknown,all,all,2017,grad5,85.7,1183
FR,eth,unknown,all,all,2017,grad6,87.2,1183
FR,eth,unknown,all,all,2017,grad6_nonuc,90.5,
FR,eth,unknown,all,all,2017,grad7p,87.8,1183
FR,eth,unknown,all,all,2017,gradgpa_mean,3.611,1031
FR,eth,unknown,all,all,2017,ret1,93.4,1183
FR,eth,unknown,all,all,2017,ttd_mean,3.97,
FR,eth,unknown,all,all,2018,grad3,7.7,1322
FR,eth,unknown,all,all,2018,grad4,76.0,1322
FR,eth,unknown,all,all,2018,grad5,88.5,1322
FR,eth,unknown,all,all,2018,grad6,90.1,1322
FR,eth,unknown,all,all,2018,grad6_nonuc,92.4,
FR,eth,unknown,all,all,2018,grad7p,90.8,1322
FR,eth,unknown,all,all,2018,gradgpa_mean,3.541,1191
FR,eth,unknown,all,all,2018,ret1,93.9,1322
FR,eth,unknown,all,all,2018,ttd_mean,3.99,
FR,eth,unknown,all,all,2019,grad3,6.6,1128
FR,eth,unknown,all,all,2019,grad4,75.6,1128
FR,eth,unknown,all,all,2019,grad5,86.9,1128
FR,eth,unknown,all,all,2019,grad6,88.7,1128
FR,eth,unknown,all,all,2019,grad6_nonuc,91.8,
FR,eth,unknown,all,all,2019,gradgpa_mean,3.493,1000
FR,eth,unknown,all,all,2019,ret1,92.1,1128
FR,eth,unknown,all,all,2020,grad3,8.2,1285
FR,eth,unknown,all,all,2020,grad4,79.8,1285
FR,eth,unknown,all,all,2020,grad5,87.9,1285
FR,eth,unknown,all,all,2020,gradgpa_mean,3.506,1129
FR,eth,unknown,all,all,2020,ret1,94.8,1285
FR,eth,unknown,all,all,2021,grad3,8.4,1360
FR,eth,unknown,all,all,2021,grad4,78.6,1360
FR,eth,unknown,all,all,2021,gradgpa_mean,3.6,1069
FR,eth,unknown,all,all,2021,ret1,92.6,1360
FR,eth,unknown,all,all,2022,grad3,10.1,1212
FR,eth,unknown,all,all,2022,gradgpa_mean,3.57,122
FR,eth,unknown,all,all,2022,ret1,92.2,1212
FR,eth,unknown,all,all,2023,ret1,94.2,1342
FR,eth,unknown,all,all,2024,ret1,94.7,1480
FR,eth,white,all,all,1999,gradgpa_mean,3.367,8368
FR,eth,white,all,all,1999,ttd_mean,4.26,
FR,eth,white,all,all,2000,grad3,2.4,10624
FR,eth,white,all,all,2000,grad4,55.5,10624
FR,eth,white,all,all,2000,grad5,78.3,10624
FR,eth,white,all,all,2000,grad6,82.0,10624
FR,eth,white,all,all,2000,grad7p,83.4,10624
FR,eth,white,all,all,2000,gradgpa_mean,3.376,8712
FR,eth,white,all,all,2000,ret1,90.4,10624
FR,eth,white,all,all,2000,ttd_mean,4.26,
FR,eth,white,all,all,2001,grad3,2.9,11055
FR,eth,white,all,all,2001,grad4,57.4,11055
FR,eth,white,all,all,2001,grad5,78.5,11055
FR,eth,white,all,all,2001,grad6,82.3,11055
FR,eth,white,all,all,2001,grad7p,83.5,11055
FR,eth,white,all,all,2001,gradgpa_mean,3.36,9097
FR,eth,white,all,all,2001,ret1,90.0,11055
FR,eth,white,all,all,2001,ttd_mean,4.24,
FR,eth,white,all,all,2002,grad3,2.8,11365
FR,eth,white,all,all,2002,grad4,59.3,11365
FR,eth,white,all,all,2002,grad5,80.1,11365
FR,eth,white,all,all,2002,grad6,83.3,11365
FR,eth,white,all,all,2002,grad7p,84.4,11365
FR,eth,white,all,all,2002,gradgpa_mean,3.368,9468
FR,eth,white,all,all,2002,ret1,90.3,11365
FR,eth,white,all,all,2002,ttd_mean,4.21,
FR,eth,white,all,all,2003,grad3,3.0,11263
FR,eth,white,all,all,2003,grad4,60.1,11263
FR,eth,white,all,all,2003,grad5,79.6,11263
FR,eth,white,all,all,2003,grad6,82.8,11263
FR,eth,white,all,all,2003,grad7p,84.0,11263
FR,eth,white,all,all,2003,gradgpa_mean,3.379,9326
FR,eth,white,all,all,2003,ret1,90.6,11263
FR,eth,white,all,all,2003,ttd_mean,4.2,
FR,eth,white,all,all,2004,grad3,3.1,10159
FR,eth,white,all,all,2004,grad4,62.2,10159
FR,eth,white,all,all,2004,grad5,81.0,10159
FR,eth,white,all,all,2004,grad6,84.1,10159
FR,eth,white,all,all,2004,grad7p,85.0,10159
FR,eth,white,all,all,2004,gradgpa_mean,3.403,8540
FR,eth,white,all,all,2004,ret1,91.3,10159
FR,eth,white,all,all,2004,ttd_mean,4.18,
FR,eth,white,all,all,2005,grad3,3.3,10738
FR,eth,white,all,all,2005,grad4,64.9,10738
FR,eth,white,all,all,2005,grad5,82.7,10738
FR,eth,white,all,all,2005,grad6,85.1,10738
FR,eth,white,all,all,2005,grad7p,86.1,10738
FR,eth,white,all,all,2005,gradgpa_mean,3.413,9142
FR,eth,white,all,all,2005,ret1,91.8,10738
FR,eth,white,all,all,2005,ttd_mean,4.15,
FR,eth,white,all,all,2006,grad3,3.1,11473
FR,eth,white,all,all,2006,grad4,66.0,11473
FR,eth,white,all,all,2006,grad5,82.9,11473
FR,eth,white,all,all,2006,grad6,85.6,11473
FR,eth,white,all,all,2006,grad7p,86.6,11473
FR,eth,white,all,all,2006,gradgpa_mean,3.397,9824
FR,eth,white,all,all,2006,ret1,92.2,11473
FR,eth,white,all,all,2006,ttd_mean,4.14,
FR,eth,white,all,all,2007,grad3,3.9,11132
FR,eth,white,all,all,2007,grad4,65.8,11132
FR,eth,white,all,all,2007,grad5,82.0,11132
FR,eth,white,all,all,2007,grad6,84.8,11132
FR,eth,white,all,all,2007,grad7p,85.8,11132
FR,eth,white,all,all,2007,gradgpa_mean,3.393,9436
FR,eth,white,all,all,2007,ret1,91.5,11132
FR,eth,white,all,all,2007,ttd_mean,4.13,
FR,eth,white,all,all,2008,grad3,3.8,11331
FR,eth,white,all,all,2008,grad4,67.7,11331
FR,eth,white,all,all,2008,grad5,83.5,11331
FR,eth,white,all,all,2008,grad6,85.9,11331
FR,eth,white,all,all,2008,grad7p,86.8,11331
FR,eth,white,all,all,2008,gradgpa_mean,3.386,9737
FR,eth,white,all,all,2008,ret1,92.3,11331
FR,eth,white,all,all,2008,ttd_mean,4.11,
FR,eth,white,all,all,2009,grad3,3.8,10192
FR,eth,white,all,all,2009,grad4,69.0,10192
FR,eth,white,all,all,2009,grad5,84.0,10192
FR,eth,white,all,all,2009,grad6,86.3,10192
FR,eth,white,all,all,2009,grad7p,87.1,10192
FR,eth,white,all,all,2009,gradgpa_mean,3.391,8791
FR,eth,white,all,all,2009,ret1,92.9,10192
FR,eth,white,all,all,2009,ttd_mean,4.1,
FR,eth,white,all,all,2010,grad3,3.5,9221
FR,eth,white,all,all,2010,grad4,68.1,9221
FR,eth,white,all,all,2010,grad5,84.2,9221
FR,eth,white,all,all,2010,grad6,86.4,9221
FR,eth,white,all,all,2010,grad6_nonuc,86.4,
FR,eth,white,all,all,2010,grad7p,87.2,9221
FR,eth,white,all,all,2010,gradgpa_mean,3.401,7966
FR,eth,white,all,all,2010,ret1,93.3,9221
FR,eth,white,all,all,2010,ttd_mean,4.12,
FR,eth,white,all,all,2011,grad3,3.8,9310
FR,eth,white,all,all,2011,grad4,69.5,9310
FR,eth,white,all,all,2011,grad5,84.6,9310
FR,eth,white,all,all,2011,grad6,86.8,9310
FR,eth,white,all,all,2011,grad6_nonuc,89.8,
FR,eth,white,all,all,2011,grad7p,87.6,9310
FR,eth,white,all,all,2011,gradgpa_mean,3.39,8077
FR,eth,white,all,all,2011,ret1,93.2,9310
FR,eth,white,all,all,2011,ttd_mean,4.1,
FR,eth,white,all,all,2012,grad3,3.0,9070
FR,eth,white,all,all,2012,grad4,68.4,9070
FR,eth,white,all,all,2012,grad5,83.3,9070
FR,eth,white,all,all,2012,grad6,85.4,9070
FR,eth,white,all,all,2012,grad6_nonuc,88.9,
FR,eth,white,all,all,2012,grad7p,86.2,9070
FR,eth,white,all,all,2012,gradgpa_mean,3.41,7748
FR,eth,white,all,all,2012,ret1,92.6,9070
FR,eth,white,all,all,2012,ttd_mean,4.1,
FR,eth,white,all,all,2013,grad3,3.4,9196
FR,eth,white,all,all,2013,grad4,70.9,9196
FR,eth,white,all,all,2013,grad5,85.2,9196
FR,eth,white,all,all,2013,grad6,87.3,9196
FR,eth,white,all,all,2013,grad6_nonuc,90.5,
FR,eth,white,all,all,2013,grad7p,88.1,9196
FR,eth,white,all,all,2013,gradgpa_mean,3.449,8029
FR,eth,white,all,all,2013,ret1,92.7,9196
FR,eth,white,all,all,2013,ttd_mean,4.09,
FR,eth,white,all,all,2014,grad3,3.9,9129
FR,eth,white,all,all,2014,grad4,73.5,9129
FR,eth,white,all,all,2014,grad5,85.8,9129
FR,eth,white,all,all,2014,grad6,87.8,9129
FR,eth,white,all,all,2014,grad6_nonuc,90.9,
FR,eth,white,all,all,2014,grad7p,88.6,9129
FR,eth,white,all,all,2014,gradgpa_mean,3.467,8019
FR,eth,white,all,all,2014,ret1,93.5,9129
FR,eth,white,all,all,2014,ttd_mean,4.07,
FR,eth,white,all,all,2015,grad3,4.5,8765
FR,eth,white,all,all,2015,grad4,73.2,8765
FR,eth,white,all,all,2015,grad5,86.2,8765
FR,eth,white,all,all,2015,grad6,88.0,8765
FR,eth,white,all,all,2015,grad6_nonuc,91.4,
FR,eth,white,all,all,2015,grad7p,88.7,8765
FR,eth,white,all,all,2015,gradgpa_mean,3.485,7712
FR,eth,white,all,all,2015,ret1,93.2,8765
FR,eth,white,all,all,2015,ttd_mean,4.05,
FR,eth,white,all,all,2016,grad3,4.6,9810
FR,eth,white,all,all,2016,grad4,75.1,9810
FR,eth,white,all,all,2016,grad5,86.6,9810
FR,eth,white,all,all,2016,grad6,88.1,9810
FR,eth,white,all,all,2016,grad6_nonuc,91.1,
FR,eth,white,all,all,2016,grad7p,88.4,9810
FR,eth,white,all,all,2016,gradgpa_mean,3.561,8638
FR,eth,white,all,all,2016,ret1,93.0,9810
FR,eth,white,all,all,2016,ttd_mean,4.02,
FR,eth,white,all,all,2017,grad3,5.8,9323
FR,eth,white,all,all,2017,grad4,74.8,9323
FR,eth,white,all,all,2017,grad5,85.4,9323
FR,eth,white,all,all,2017,grad6,87.2,9323
FR,eth,white,all,all,2017,grad6_nonuc,90.6,
FR,eth,white,all,all,2017,grad7p,87.8,9323
FR,eth,white,all,all,2017,gradgpa_mean,3.617,8126
FR,eth,white,all,all,2017,ret1,92.7,9323
FR,eth,white,all,all,2017,ttd_mean,4.01,
FR,eth,white,all,all,2018,grad3,6.7,8897
FR,eth,white,all,all,2018,grad4,74.9,8897
FR,eth,white,all,all,2018,grad5,86.0,8897
FR,eth,white,all,all,2018,grad6,87.7,8897
FR,eth,white,all,all,2018,grad6_nonuc,91.1,
FR,eth,white,all,all,2018,grad7p,88.5,8897
FR,eth,white,all,all,2018,gradgpa_mean,3.573,7806
FR,eth,white,all,all,2018,ret1,93.0,8897
FR,eth,white,all,all,2018,ttd_mean,4.0,
FR,eth,white,all,all,2019,grad3,6.6,8908
FR,eth,white,all,all,2019,grad4,76.5,8908
FR,eth,white,all,all,2019,grad5,86.7,8908
FR,eth,white,all,all,2019,grad6,88.1,8908
FR,eth,white,all,all,2019,grad6_nonuc,91.5,
FR,eth,white,all,all,2019,gradgpa_mean,3.552,7851
FR,eth,white,all,all,2019,ret1,91.4,8908
FR,eth,white,all,all,2020,grad3,5.7,8872
FR,eth,white,all,all,2020,grad4,76.6,8872
FR,eth,white,all,all,2020,grad5,86.2,8872
FR,eth,white,all,all,2020,gradgpa_mean,3.554,7652
FR,eth,white,all,all,2020,ret1,94.0,8872
FR,eth,white,all,all,2021,grad3,6.9,10200
FR,eth,white,all,all,2021,grad4,78.5,10200
FR,eth,white,all,all,2021,gradgpa_mean,3.622,8003
FR,eth,white,all,all,2021,ret1,92.3,10200
FR,eth,white,all,all,2022,grad3,8.4,8851
FR,eth,white,all,all,2022,gradgpa_mean,3.62,741
FR,eth,white,all,all,2022,ret1,93.4,8851
FR,eth,white,all,all,2023,ret1,93.4,9053
FR,eth,white,all,all,2024,ret1,94.4,8768
FR,eth_x_fg,aian,all,first_gen,1999,gradgpa_mean,3.28,31
FR,eth_x_fg,aian,all,first_gen,1999,ttd_mean,4.71,
FR,eth_x_fg,aian,all,first_gen,2000,grad3,3.2,62
FR,eth_x_fg,aian,all,first_gen,2000,grad4,37.1,62
FR,eth_x_fg,aian,all,first_gen,2000,grad5,66.1,62
FR,eth_x_fg,aian,all,first_gen,2000,grad6,71.0,62
FR,eth_x_fg,aian,all,first_gen,2000,grad7p,71.0,62
FR,eth_x_fg,aian,all,first_gen,2000,gradgpa_mean,3.401,39
FR,eth_x_fg,aian,all,first_gen,2000,ret1,85.5,62
FR,eth_x_fg,aian,all,first_gen,2000,ttd_mean,4.4,
FR,eth_x_fg,aian,all,first_gen,2001,grad3,5.0,80
FR,eth_x_fg,aian,all,first_gen,2001,grad4,37.5,80
FR,eth_x_fg,aian,all,first_gen,2001,grad5,62.5,80
FR,eth_x_fg,aian,all,first_gen,2001,grad6,63.8,80
FR,eth_x_fg,aian,all,first_gen,2001,grad7p,66.3,80
FR,eth_x_fg,aian,all,first_gen,2001,gradgpa_mean,3.24,46
FR,eth_x_fg,aian,all,first_gen,2001,ret1,82.5,80
FR,eth_x_fg,aian,all,first_gen,2001,ttd_mean,4.29,
FR,eth_x_fg,aian,all,first_gen,2002,grad3,0.0,69
FR,eth_x_fg,aian,all,first_gen,2002,grad4,50.7,69
FR,eth_x_fg,aian,all,first_gen,2002,grad5,68.1,69
FR,eth_x_fg,aian,all,first_gen,2002,grad6,73.9,69
FR,eth_x_fg,aian,all,first_gen,2002,grad7p,75.4,69
FR,eth_x_fg,aian,all,first_gen,2002,gradgpa_mean,3.285,47
FR,eth_x_fg,aian,all,first_gen,2002,ret1,81.2,69
FR,eth_x_fg,aian,all,first_gen,2002,ttd_mean,4.32,
FR,eth_x_fg,aian,all,first_gen,2003,grad3,2.3,44
FR,eth_x_fg,aian,all,first_gen,2003,grad4,45.5,44
FR,eth_x_fg,aian,all,first_gen,2003,grad5,72.7,44
FR,eth_x_fg,aian,all,first_gen,2003,grad6,77.3,44
FR,eth_x_fg,aian,all,first_gen,2003,grad7p,79.5,44
FR,eth_x_fg,aian,all,first_gen,2003,gradgpa_mean,3.431,31
FR,eth_x_fg,aian,all,first_gen,2003,ret1,95.5,44
FR,eth_x_fg,aian,all,first_gen,2003,ttd_mean,4.43,
FR,eth_x_fg,aian,all,first_gen,2004,grad3,0.0,50
FR,eth_x_fg,aian,all,first_gen,2004,grad4,34.0,50
FR,eth_x_fg,aian,all,first_gen,2004,grad5,58.0,50
FR,eth_x_fg,aian,all,first_gen,2004,grad6,62.0,50
FR,eth_x_fg,aian,all,first_gen,2004,grad7p,64.0,50
FR,eth_x_fg,aian,all,first_gen,2004,gradgpa_mean,3.232,29
FR,eth_x_fg,aian,all,first_gen,2004,ret1,80.0,50
FR,eth_x_fg,aian,all,first_gen,2004,ttd_mean,4.48,
FR,eth_x_fg,aian,all,first_gen,2005,grad3,0.0,52
FR,eth_x_fg,aian,all,first_gen,2005,grad4,57.7,52
FR,eth_x_fg,aian,all,first_gen,2005,grad5,78.8,52
FR,eth_x_fg,aian,all,first_gen,2005,grad6,78.8,52
FR,eth_x_fg,aian,all,first_gen,2005,grad7p,78.8,52
FR,eth_x_fg,aian,all,first_gen,2005,gradgpa_mean,3.394,41
FR,eth_x_fg,aian,all,first_gen,2005,ret1,88.5,52
FR,eth_x_fg,aian,all,first_gen,2005,ttd_mean,4.19,
FR,eth_x_fg,aian,all,first_gen,2006,grad3,4.5,67
FR,eth_x_fg,aian,all,first_gen,2006,grad4,49.3,67
FR,eth_x_fg,aian,all,first_gen,2006,grad5,68.7,67
FR,eth_x_fg,aian,all,first_gen,2006,grad6,71.6,67
FR,eth_x_fg,aian,all,first_gen,2006,grad7p,71.6,67
FR,eth_x_fg,aian,all,first_gen,2006,gradgpa_mean,3.389,43
FR,eth_x_fg,aian,all,first_gen,2006,ret1,86.6,67
FR,eth_x_fg,aian,all,first_gen,2006,ttd_mean,4.19,
FR,eth_x_fg,aian,all,first_gen,2007,grad3,8.1,74
FR,eth_x_fg,aian,all,first_gen,2007,grad4,56.8,74
FR,eth_x_fg,aian,all,first_gen,2007,grad5,73.0,74
FR,eth_x_fg,aian,all,first_gen,2007,grad6,75.7,74
FR,eth_x_fg,aian,all,first_gen,2007,grad7p,78.4,74
FR,eth_x_fg,aian,all,first_gen,2007,gradgpa_mean,3.28,48
FR,eth_x_fg,aian,all,first_gen,2007,ret1,86.5,74
FR,eth_x_fg,aian,all,first_gen,2007,ttd_mean,4.21,
FR,eth_x_fg,aian,all,first_gen,2008,grad3,3.2,62
FR,eth_x_fg,aian,all,first_gen,2008,grad4,35.5,62
FR,eth_x_fg,aian,all,first_gen,2008,grad5,56.5,62
FR,eth_x_fg,aian,all,first_gen,2008,grad6,59.7,62
FR,eth_x_fg,aian,all,first_gen,2008,grad7p,61.3,62
FR,eth_x_fg,aian,all,first_gen,2008,gradgpa_mean,2.985,33
FR,eth_x_fg,aian,all,first_gen,2008,ret1,82.3,62
FR,eth_x_fg,aian,all,first_gen,2008,ttd_mean,4.33,
FR,eth_x_fg,aian,all,first_gen,2009,grad3,4.6,87
FR,eth_x_fg,aian,all,first_gen,2009,grad4,47.1,87
FR,eth_x_fg,aian,all,first_gen,2009,grad5,63.2,87
FR,eth_x_fg,aian,all,first_gen,2009,grad6,70.1,87
FR,eth_x_fg,aian,all,first_gen,2009,grad7p,71.3,87
FR,eth_x_fg,aian,all,first_gen,2009,gradgpa_mean,3.217,51
FR,eth_x_fg,aian,all,first_gen,2009,ret1,85.1,87
FR,eth_x_fg,aian,all,first_gen,2009,ttd_mean,4.25,
FR,eth_x_fg,aian,all,first_gen,2010,grad3,4.3,94
FR,eth_x_fg,aian,all,first_gen,2010,grad4,60.6,94
FR,eth_x_fg,aian,all,first_gen,2010,grad5,75.5,94
FR,eth_x_fg,aian,all,first_gen,2010,grad6,80.9,94
FR,eth_x_fg,aian,all,first_gen,2010,grad6_nonuc,80.9,
FR,eth_x_fg,aian,all,first_gen,2010,grad7p,80.9,94
FR,eth_x_fg,aian,all,first_gen,2010,gradgpa_mean,3.262,67
FR,eth_x_fg,aian,all,first_gen,2010,ret1,91.5,94
FR,eth_x_fg,aian,all,first_gen,2010,ttd_mean,4.17,
FR,eth_x_fg,aian,all,first_gen,2011,grad3,1.4,70
FR,eth_x_fg,aian,all,first_gen,2011,grad4,44.3,70
FR,eth_x_fg,aian,all,first_gen,2011,grad5,68.6,70
FR,eth_x_fg,aian,all,first_gen,2011,grad6,74.3,70
FR,eth_x_fg,aian,all,first_gen,2011,grad6_nonuc,77.1,
FR,eth_x_fg,aian,all,first_gen,2011,grad7p,74.3,70
FR,eth_x_fg,aian,all,first_gen,2011,gradgpa_mean,3.362,47
FR,eth_x_fg,aian,all,first_gen,2011,ret1,87.1,70
FR,eth_x_fg,aian,all,first_gen,2011,ttd_mean,4.35,
FR,eth_x_fg,aian,all,first_gen,2012,grad3,1.0,103
FR,eth_x_fg,aian,all,first_gen,2012,grad4,53.4,103
FR,eth_x_fg,aian,all,first_gen,2012,grad5,68.0,103
FR,eth_x_fg,aian,all,first_gen,2012,grad6,68.0,103
FR,eth_x_fg,aian,all,first_gen,2012,grad6_nonuc,71.8,
FR,eth_x_fg,aian,all,first_gen,2012,grad7p,68.9,103
FR,eth_x_fg,aian,all,first_gen,2012,gradgpa_mean,3.326,69
FR,eth_x_fg,aian,all,first_gen,2012,ret1,85.4,103
FR,eth_x_fg,aian,all,first_gen,2012,ttd_mean,4.13,
FR,eth_x_fg,aian,all,first_gen,2013,grad3,2.5,80
FR,eth_x_fg,aian,all,first_gen,2013,grad4,58.8,80
FR,eth_x_fg,aian,all,first_gen,2013,grad5,77.5,80
FR,eth_x_fg,aian,all,first_gen,2013,grad6,77.5,80
FR,eth_x_fg,aian,all,first_gen,2013,grad6_nonuc,81.3,
FR,eth_x_fg,aian,all,first_gen,2013,grad7p,77.5,80
FR,eth_x_fg,aian,all,first_gen,2013,gradgpa_mean,3.335,60
FR,eth_x_fg,aian,all,first_gen,2013,ret1,85.0,80
FR,eth_x_fg,aian,all,first_gen,2013,ttd_mean,4.12,
FR,eth_x_fg,aian,all,first_gen,2014,grad3,0.0,88
FR,eth_x_fg,aian,all,first_gen,2014,grad4,53.4,88
FR,eth_x_fg,aian,all,first_gen,2014,grad5,78.4,88
FR,eth_x_fg,aian,all,first_gen,2014,grad6,81.8,88
FR,eth_x_fg,aian,all,first_gen,2014,grad6_nonuc,85.2,
FR,eth_x_fg,aian,all,first_gen,2014,grad7p,81.8,88
FR,eth_x_fg,aian,all,first_gen,2014,gradgpa_mean,3.356,69
FR,eth_x_fg,aian,all,first_gen,2014,ret1,89.8,88
FR,eth_x_fg,aian,all,first_gen,2014,ttd_mean,4.25,
FR,eth_x_fg,aian,all,first_gen,2015,grad3,1.4,71
FR,eth_x_fg,aian,all,first_gen,2015,grad4,67.6,71
FR,eth_x_fg,aian,all,first_gen,2015,grad5,80.3,71
FR,eth_x_fg,aian,all,first_gen,2015,grad6,83.1,71
FR,eth_x_fg,aian,all,first_gen,2015,grad6_nonuc,85.9,
FR,eth_x_fg,aian,all,first_gen,2015,grad7p,84.5,71
FR,eth_x_fg,aian,all,first_gen,2015,gradgpa_mean,3.55,47
FR,eth_x_fg,aian,all,first_gen,2015,ret1,88.7,71
FR,eth_x_fg,aian,all,first_gen,2015,ttd_mean,4.17,
FR,eth_x_fg,aian,all,first_gen,2016,grad3,2.7,75
FR,eth_x_fg,aian,all,first_gen,2016,grad4,58.7,75
FR,eth_x_fg,aian,all,first_gen,2016,grad5,70.7,75
FR,eth_x_fg,aian,all,first_gen,2016,grad6,72.0,75
FR,eth_x_fg,aian,all,first_gen,2016,grad6_nonuc,76.0,
FR,eth_x_fg,aian,all,first_gen,2016,grad7p,72.0,75
FR,eth_x_fg,aian,all,first_gen,2016,gradgpa_mean,3.56,42
FR,eth_x_fg,aian,all,first_gen,2016,ret1,78.7,75
FR,eth_x_fg,aian,all,first_gen,2016,ttd_mean,4.06,
FR,eth_x_fg,aian,all,first_gen,2017,grad3,6.5,77
FR,eth_x_fg,aian,all,first_gen,2017,grad4,48.1,77
FR,eth_x_fg,aian,all,first_gen,2017,grad5,59.7,77
FR,eth_x_fg,aian,all,first_gen,2017,grad6,67.5,77
FR,eth_x_fg,aian,all,first_gen,2017,grad6_nonuc,70.1,
FR,eth_x_fg,aian,all,first_gen,2017,grad7p,68.8,77
FR,eth_x_fg,aian,all,first_gen,2017,gradgpa_mean,3.39,32
FR,eth_x_fg,aian,all,first_gen,2017,ret1,80.5,77
FR,eth_x_fg,aian,all,first_gen,2017,ttd_mean,4.15,
FR,eth_x_fg,aian,all,first_gen,2018,grad3,3.1,65
FR,eth_x_fg,aian,all,first_gen,2018,grad4,50.8,65
FR,eth_x_fg,aian,all,first_gen,2018,grad5,64.6,65
FR,eth_x_fg,aian,all,first_gen,2018,grad6,66.2,65
FR,eth_x_fg,aian,all,first_gen,2018,grad6_nonuc,69.2,
FR,eth_x_fg,aian,all,first_gen,2018,grad7p,69.2,65
FR,eth_x_fg,aian,all,first_gen,2018,gradgpa_mean,3.64,31
FR,eth_x_fg,aian,all,first_gen,2018,ret1,86.2,65
FR,eth_x_fg,aian,all,first_gen,2018,ttd_mean,4.21,
FR,eth_x_fg,aian,all,first_gen,2019,grad3,3.2,63
FR,eth_x_fg,aian,all,first_gen,2019,grad4,49.2,63
FR,eth_x_fg,aian,all,first_gen,2019,grad5,63.5,63
FR,eth_x_fg,aian,all,first_gen,2019,grad6,66.7,63
FR,eth_x_fg,aian,all,first_gen,2019,grad6_nonuc,71.4,
FR,eth_x_fg,aian,all,first_gen,2019,gradgpa_mean,3.47,29
FR,eth_x_fg,aian,all,first_gen,2019,ret1,82.5,63
FR,eth_x_fg,aian,all,first_gen,2020,grad3,6.3,63
FR,eth_x_fg,aian,all,first_gen,2020,grad4,61.9,63
FR,eth_x_fg,aian,all,first_gen,2020,grad5,69.8,63
FR,eth_x_fg,aian,all,first_gen,2020,gradgpa_mean,3.46,35
FR,eth_x_fg,aian,all,first_gen,2020,ret1,84.1,63
FR,eth_x_fg,aian,all,first_gen,2021,grad3,3.2,62
FR,eth_x_fg,aian,all,first_gen,2021,grad4,51.6,62
FR,eth_x_fg,aian,all,first_gen,2021,gradgpa_mean,3.25,30
FR,eth_x_fg,aian,all,first_gen,2021,ret1,80.6,62
FR,eth_x_fg,aian,all,first_gen,2022,grad3,2.6,76
FR,eth_x_fg,aian,all,first_gen,2022,ret1,85.5,76
FR,eth_x_fg,aian,all,first_gen,2023,ret1,81.3,75
FR,eth_x_fg,aian,all,first_gen,2024,ret1,84.8,105
FR,eth_x_fg,aian,all,not_first_gen,1999,gradgpa_mean,3.564,57
FR,eth_x_fg,aian,all,not_first_gen,1999,ttd_mean,4.28,
FR,eth_x_fg,aian,all,not_first_gen,2000,grad3,3.1,96
FR,eth_x_fg,aian,all,not_first_gen,2000,grad4,47.9,96
FR,eth_x_fg,aian,all,not_first_gen,2000,grad5,74.0,96
FR,eth_x_fg,aian,all,not_first_gen,2000,grad6,77.1,96
FR,eth_x_fg,aian,all,not_first_gen,2000,grad7p,80.2,96
FR,eth_x_fg,aian,all,not_first_gen,2000,gradgpa_mean,3.408,68
FR,eth_x_fg,aian,all,not_first_gen,2000,ret1,89.6,96
FR,eth_x_fg,aian,all,not_first_gen,2000,ttd_mean,4.37,
FR,eth_x_fg,aian,all,not_first_gen,2001,grad3,2.2,90
FR,eth_x_fg,aian,all,not_first_gen,2001,grad4,50.0,90
FR,eth_x_fg,aian,all,not_first_gen,2001,grad5,74.4,90
FR,eth_x_fg,aian,all,not_first_gen,2001,grad6,78.9,90
FR,eth_x_fg,aian,all,not_first_gen,2001,grad7p,80.0,90
FR,eth_x_fg,aian,all,not_first_gen,2001,gradgpa_mean,3.219,65
FR,eth_x_fg,aian,all,not_first_gen,2001,ret1,85.6,90
FR,eth_x_fg,aian,all,not_first_gen,2001,ttd_mean,4.31,
FR,eth_x_fg,aian,all,not_first_gen,2002,grad3,4.0,99
FR,eth_x_fg,aian,all,not_first_gen,2002,grad4,50.5,99
FR,eth_x_fg,aian,all,not_first_gen,2002,grad5,69.7,99
FR,eth_x_fg,aian,all,not_first_gen,2002,grad6,74.7,99
FR,eth_x_fg,aian,all,not_first_gen,2002,grad7p,76.8,99
FR,eth_x_fg,aian,all,not_first_gen,2002,gradgpa_mean,3.27,65
FR,eth_x_fg,aian,all,not_first_gen,2002,ret1,88.9,99
FR,eth_x_fg,aian,all,not_first_gen,2002,ttd_mean,4.29,
FR,eth_x_fg,aian,all,not_first_gen,2003,grad3,3.2,95
FR,eth_x_fg,aian,all,not_first_gen,2003,grad4,49.5,95
FR,eth_x_fg,aian,all,not_first_gen,2003,grad5,69.5,95
FR,eth_x_fg,aian,all,not_first_gen,2003,grad6,74.7,95
FR,eth_x_fg,aian,all,not_first_gen,2003,grad7p,76.8,95
FR,eth_x_fg,aian,all,not_first_gen,2003,gradgpa_mean,3.317,63
FR,eth_x_fg,aian,all,not_first_gen,2003,ret1,94.7,95
FR,eth_x_fg,aian,all,not_first_gen,2003,ttd_mean,4.32,
FR,eth_x_fg,aian,all,not_first_gen,2004,grad3,3.4,89
FR,eth_x_fg,aian,all,not_first_gen,2004,grad4,55.1,89
FR,eth_x_fg,aian,all,not_first_gen,2004,grad5,74.2,89
FR,eth_x_fg,aian,all,not_first_gen,2004,grad6,75.3,89
FR,eth_x_fg,aian,all,not_first_gen,2004,grad7p,76.4,89
FR,eth_x_fg,aian,all,not_first_gen,2004,gradgpa_mean,3.304,63
FR,eth_x_fg,aian,all,not_first_gen,2004,ret1,89.9,89
FR,eth_x_fg,aian,all,not_first_gen,2004,ttd_mean,4.18,
FR,eth_x_fg,aian,all,not_first_gen,2005,grad3,2.2,93
FR,eth_x_fg,aian,all,not_first_gen,2005,grad4,55.9,93
FR,eth_x_fg,aian,all,not_first_gen,2005,grad5,77.4,93
FR,eth_x_fg,aian,all,not_first_gen,2005,grad6,81.7,93
FR,eth_x_fg,aian,all,not_first_gen,2005,grad7p,82.8,93
FR,eth_x_fg,aian,all,not_first_gen,2005,gradgpa_mean,3.477,70
FR,eth_x_fg,aian,all,not_first_gen,2005,ret1,90.3,93
FR,eth_x_fg,aian,all,not_first_gen,2005,ttd_mean,4.26,
FR,eth_x_fg,aian,all,not_first_gen,2006,grad3,5.0,100
FR,eth_x_fg,aian,all,not_first_gen,2006,grad4,65.0,100
FR,eth_x_fg,aian,all,not_first_gen,2006,grad5,82.0,100
FR,eth_x_fg,aian,all,not_first_gen,2006,grad6,84.0,100
FR,eth_x_fg,aian,all,not_first_gen,2006,grad7p,86.0,100
FR,eth_x_fg,aian,all,not_first_gen,2006,gradgpa_mean,3.561,77
FR,eth_x_fg,aian,all,not_first_gen,2006,ret1,91.0,100
FR,eth_x_fg,aian,all,not_first_gen,2006,ttd_mean,4.15,
FR,eth_x_fg,aian,all,not_first_gen,2007,grad3,1.0,96
FR,eth_x_fg,aian,all,not_first_gen,2007,grad4,62.5,96
FR,eth_x_fg,aian,all,not_first_gen,2007,grad5,80.2,96
FR,eth_x_fg,aian,all,not_first_gen,2007,grad6,82.3,96
FR,eth_x_fg,aian,all,not_first_gen,2007,grad7p,83.3,96
FR,eth_x_fg,aian,all,not_first_gen,2007,gradgpa_mean,3.399,76
FR,eth_x_fg,aian,all,not_first_gen,2007,ret1,93.8,96
FR,eth_x_fg,aian,all,not_first_gen,2007,ttd_mean,4.22,
FR,eth_x_fg,aian,all,not_first_gen,2008,grad3,2.1,94
FR,eth_x_fg,aian,all,not_first_gen,2008,grad4,54.3,94
FR,eth_x_fg,aian,all,not_first_gen,2008,grad5,78.7,94
FR,eth_x_fg,aian,all,not_first_gen,2008,grad6,84.0,94
FR,eth_x_fg,aian,all,not_first_gen,2008,grad7p,85.1,94
FR,eth_x_fg,aian,all,not_first_gen,2008,gradgpa_mean,3.242,72
FR,eth_x_fg,aian,all,not_first_gen,2008,ret1,89.4,94
FR,eth_x_fg,aian,all,not_first_gen,2008,ttd_mean,4.29,
FR,eth_x_fg,aian,all,not_first_gen,2009,grad3,5.1,118
FR,eth_x_fg,aian,all,not_first_gen,2009,grad4,68.6,118
FR,eth_x_fg,aian,all,not_first_gen,2009,grad5,87.3,118
FR,eth_x_fg,aian,all,not_first_gen,2009,grad6,92.4,118
FR,eth_x_fg,aian,all,not_first_gen,2009,grad7p,92.4,118
FR,eth_x_fg,aian,all,not_first_gen,2009,gradgpa_mean,3.306,97
FR,eth_x_fg,aian,all,not_first_gen,2009,ret1,96.6,118
FR,eth_x_fg,aian,all,not_first_gen,2009,ttd_mean,4.16,
FR,eth_x_fg,aian,all,not_first_gen,2010,grad3,3.4,147
FR,eth_x_fg,aian,all,not_first_gen,2010,grad4,59.9,147
FR,eth_x_fg,aian,all,not_first_gen,2010,grad5,81.0,147
FR,eth_x_fg,aian,all,not_first_gen,2010,grad6,82.3,147
FR,eth_x_fg,aian,all,not_first_gen,2010,grad6_nonuc,82.3,
FR,eth_x_fg,aian,all,not_first_gen,2010,grad7p,83.0,147
FR,eth_x_fg,aian,all,not_first_gen,2010,gradgpa_mean,3.411,114
FR,eth_x_fg,aian,all,not_first_gen,2010,ret1,89.1,147
FR,eth_x_fg,aian,all,not_first_gen,2010,ttd_mean,4.16,
FR,eth_x_fg,aian,all,not_first_gen,2011,grad3,6.9,160
FR,eth_x_fg,aian,all,not_first_gen,2011,grad4,63.8,160
FR,eth_x_fg,aian,all,not_first_gen,2011,grad5,78.8,160
FR,eth_x_fg,aian,all,not_first_gen,2011,grad6,80.6,160
FR,eth_x_fg,aian,all,not_first_gen,2011,grad6_nonuc,83.8,
FR,eth_x_fg,aian,all,not_first_gen,2011,grad7p,82.5,160
FR,eth_x_fg,aian,all,not_first_gen,2011,gradgpa_mean,3.413,126
FR,eth_x_fg,aian,all,not_first_gen,2011,ret1,91.9,160
FR,eth_x_fg,aian,all,not_first_gen,2011,ttd_mean,4.1,
FR,eth_x_fg,aian,all,not_first_gen,2012,grad3,1.6,127
FR,eth_x_fg,aian,all,not_first_gen,2012,grad4,64.6,127
FR,eth_x_fg,aian,all,not_first_gen,2012,grad5,78.7,127
FR,eth_x_fg,aian,all,not_first_gen,2012,grad6,81.1,127
FR,eth_x_fg,aian,all,not_first_gen,2012,grad6_nonuc,85.0,
FR,eth_x_fg,aian,all,not_first_gen,2012,grad7p,81.9,127
FR,eth_x_fg,aian,all,not_first_gen,2012,gradgpa_mean,3.299,98
FR,eth_x_fg,aian,all,not_first_gen,2012,ret1,92.1,127
FR,eth_x_fg,aian,all,not_first_gen,2012,ttd_mean,4.16,
FR,eth_x_fg,aian,all,not_first_gen,2013,grad3,1.7,117
FR,eth_x_fg,aian,all,not_first_gen,2013,grad4,59.0,117
FR,eth_x_fg,aian,all,not_first_gen,2013,grad5,73.5,117
FR,eth_x_fg,aian,all,not_first_gen,2013,grad6,76.9,117
FR,eth_x_fg,aian,all,not_first_gen,2013,grad6_nonuc,84.6,
FR,eth_x_fg,aian,all,not_first_gen,2013,grad7p,77.8,117
FR,eth_x_fg,aian,all,not_first_gen,2013,gradgpa_mean,3.552,84
FR,eth_x_fg,aian,all,not_first_gen,2013,ret1,89.7,117
FR,eth_x_fg,aian,all,not_first_gen,2013,ttd_mean,4.18,
FR,eth_x_fg,aian,all,not_first_gen,2014,grad3,6.0,151
FR,eth_x_fg,aian,all,not_first_gen,2014,grad4,64.9,151
FR,eth_x_fg,aian,all,not_first_gen,2014,grad5,82.8,151
FR,eth_x_fg,aian,all,not_first_gen,2014,grad6,84.1,151
FR,eth_x_fg,aian,all,not_first_gen,2014,grad6_nonuc,86.1,
FR,eth_x_fg,aian,all,not_first_gen,2014,grad7p,84.8,151
FR,eth_x_fg,aian,all,not_first_gen,2014,gradgpa_mean,3.342,116
FR,eth_x_fg,aian,all,not_first_gen,2014,ret1,90.7,151
FR,eth_x_fg,aian,all,not_first_gen,2014,ttd_mean,4.1,
FR,eth_x_fg,aian,all,not_first_gen,2015,grad3,6.3,142
FR,eth_x_fg,aian,all,not_first_gen,2015,grad4,60.6,142
FR,eth_x_fg,aian,all,not_first_gen,2015,grad5,75.4,142
FR,eth_x_fg,aian,all,not_first_gen,2015,grad6,81.7,142
FR,eth_x_fg,aian,all,not_first_gen,2015,grad6_nonuc,86.6,
FR,eth_x_fg,aian,all,not_first_gen,2015,grad7p,81.7,142
FR,eth_x_fg,aian,all,not_first_gen,2015,gradgpa_mean,3.501,98
FR,eth_x_fg,aian,all,not_first_gen,2015,ret1,85.9,142
FR,eth_x_fg,aian,all,not_first_gen,2015,ttd_mean,4.1,
FR,eth_x_fg,aian,all,not_first_gen,2016,grad3,2.7,148
FR,eth_x_fg,aian,all,not_first_gen,2016,grad4,68.9,148
FR,eth_x_fg,aian,all,not_first_gen,2016,grad5,81.1,148
FR,eth_x_fg,aian,all,not_first_gen,2016,grad6,83.8,148
FR,eth_x_fg,aian,all,not_first_gen,2016,grad6_nonuc,89.2,
FR,eth_x_fg,aian,all,not_first_gen,2016,grad7p,85.8,148
FR,eth_x_fg,aian,all,not_first_gen,2016,gradgpa_mean,3.509,116
FR,eth_x_fg,aian,all,not_first_gen,2016,ret1,89.9,148
FR,eth_x_fg,aian,all,not_first_gen,2016,ttd_mean,4.15,
FR,eth_x_fg,aian,all,not_first_gen,2017,grad3,7.9,127
FR,eth_x_fg,aian,all,not_first_gen,2017,grad4,71.7,127
FR,eth_x_fg,aian,all,not_first_gen,2017,grad5,84.3,127
FR,eth_x_fg,aian,all,not_first_gen,2017,grad6,85.0,127
FR,eth_x_fg,aian,all,not_first_gen,2017,grad6_nonuc,88.2,
FR,eth_x_fg,aian,all,not_first_gen,2017,grad7p,85.8,127
FR,eth_x_fg,aian,all,not_first_gen,2017,gradgpa_mean,3.648,107
FR,eth_x_fg,aian,all,not_first_gen,2017,ret1,92.1,127
FR,eth_x_fg,aian,all,not_first_gen,2017,ttd_mean,4.0,
FR,eth_x_fg,aian,all,not_first_gen,2018,grad3,7.1,141
FR,eth_x_fg,aian,all,not_first_gen,2018,grad4,69.5,141
FR,eth_x_fg,aian,all,not_first_gen,2018,grad5,83.0,141
FR,eth_x_fg,aian,all,not_first_gen,2018,grad6,83.7,141
FR,eth_x_fg,aian,all,not_first_gen,2018,grad6_nonuc,85.8,
FR,eth_x_fg,aian,all,not_first_gen,2018,grad7p,85.8,141
FR,eth_x_fg,aian,all,not_first_gen,2018,gradgpa_mean,3.472,117
FR,eth_x_fg,aian,all,not_first_gen,2018,ret1,90.8,141
FR,eth_x_fg,aian,all,not_first_gen,2018,ttd_mean,4.07,
FR,eth_x_fg,aian,all,not_first_gen,2019,grad3,5.7,122
FR,eth_x_fg,aian,all,not_first_gen,2019,grad4,71.3,122
FR,eth_x_fg,aian,all,not_first_gen,2019,grad5,82.0,122
FR,eth_x_fg,aian,all,not_first_gen,2019,grad6,83.6,122
FR,eth_x_fg,aian,all,not_first_gen,2019,grad6_nonuc,88.5,
FR,eth_x_fg,aian,all,not_first_gen,2019,gradgpa_mean,3.51,93
FR,eth_x_fg,aian,all,not_first_gen,2019,ret1,89.3,122
FR,eth_x_fg,aian,all,not_first_gen,2020,grad3,5.6,108
FR,eth_x_fg,aian,all,not_first_gen,2020,grad4,65.7,108
FR,eth_x_fg,aian,all,not_first_gen,2020,grad5,78.7,108
FR,eth_x_fg,aian,all,not_first_gen,2020,gradgpa_mean,3.535,79
FR,eth_x_fg,aian,all,not_first_gen,2020,ret1,88.0,108
FR,eth_x_fg,aian,all,not_first_gen,2021,grad3,8.5,153
FR,eth_x_fg,aian,all,not_first_gen,2021,grad4,70.6,153
FR,eth_x_fg,aian,all,not_first_gen,2021,gradgpa_mean,3.497,108
FR,eth_x_fg,aian,all,not_first_gen,2021,ret1,90.2,153
FR,eth_x_fg,aian,all,not_first_gen,2022,grad3,9.1,231
FR,eth_x_fg,aian,all,not_first_gen,2022,gradgpa_mean,3.36,21
FR,eth_x_fg,aian,all,not_first_gen,2022,ret1,93.9,231
FR,eth_x_fg,aian,all,not_first_gen,2023,ret1,92.9,239
FR,eth_x_fg,aian,all,not_first_gen,2024,ret1,92.7,233
FR,eth_x_fg,asian_pi,all,first_gen,1999,gradgpa_mean,3.216,2912
FR,eth_x_fg,asian_pi,all,first_gen,1999,ttd_mean,4.4,
FR,eth_x_fg,asian_pi,all,first_gen,2000,grad3,1.4,3756
FR,eth_x_fg,asian_pi,all,first_gen,2000,grad4,45.4,3756
FR,eth_x_fg,asian_pi,all,first_gen,2000,grad5,75.9,3756
FR,eth_x_fg,asian_pi,all,first_gen,2000,grad6,80.5,3756
FR,eth_x_fg,asian_pi,all,first_gen,2000,grad7p,81.8,3756
FR,eth_x_fg,asian_pi,all,first_gen,2000,gradgpa_mean,3.16,3024
FR,eth_x_fg,asian_pi,all,first_gen,2000,ret1,91.6,3756
FR,eth_x_fg,asian_pi,all,first_gen,2000,ttd_mean,4.39,
FR,eth_x_fg,asian_pi,all,first_gen,2001,grad3,1.7,4027
FR,eth_x_fg,asian_pi,all,first_gen,2001,grad4,49.8,4027
FR,eth_x_fg,asian_pi,all,first_gen,2001,grad5,77.0,4027
FR,eth_x_fg,asian_pi,all,first_gen,2001,grad6,81.3,4027
FR,eth_x_fg,asian_pi,all,first_gen,2001,grad7p,82.9,4027
FR,eth_x_fg,asian_pi,all,first_gen,2001,gradgpa_mean,3.164,3275
FR,eth_x_fg,asian_pi,all,first_gen,2001,ret1,92.2,4027
FR,eth_x_fg,asian_pi,all,first_gen,2001,ttd_mean,4.35,
FR,eth_x_fg,asian_pi,all,first_gen,2002,grad3,2.0,4354
FR,eth_x_fg,asian_pi,all,first_gen,2002,grad4,53.5,4354
FR,eth_x_fg,asian_pi,all,first_gen,2002,grad5,79.4,4354
FR,eth_x_fg,asian_pi,all,first_gen,2002,grad6,83.7,4354
FR,eth_x_fg,asian_pi,all,first_gen,2002,grad7p,84.9,4354
FR,eth_x_fg,asian_pi,all,first_gen,2002,gradgpa_mean,3.151,3644
FR,eth_x_fg,asian_pi,all,first_gen,2002,ret1,92.8,4354
FR,eth_x_fg,asian_pi,all,first_gen,2002,ttd_mean,4.31,
FR,eth_x_fg,asian_pi,all,first_gen,2003,grad3,1.9,4362
FR,eth_x_fg,asian_pi,all,first_gen,2003,grad4,52.9,4362
FR,eth_x_fg,asian_pi,all,first_gen,2003,grad5,79.3,4362
FR,eth_x_fg,asian_pi,all,first_gen,2003,grad6,82.9,4362
FR,eth_x_fg,asian_pi,all,first_gen,2003,grad7p,84.2,4362
FR,eth_x_fg,asian_pi,all,first_gen,2003,gradgpa_mean,3.183,3617
FR,eth_x_fg,asian_pi,all,first_gen,2003,ret1,92.5,4362
FR,eth_x_fg,asian_pi,all,first_gen,2003,ttd_mean,4.3,
FR,eth_x_fg,asian_pi,all,first_gen,2004,grad3,1.8,4167
FR,eth_x_fg,asian_pi,all,first_gen,2004,grad4,55.4,4167
FR,eth_x_fg,asian_pi,all,first_gen,2004,grad5,80.9,4167
FR,eth_x_fg,asian_pi,all,first_gen,2004,grad6,84.9,4167
FR,eth_x_fg,asian_pi,all,first_gen,2004,grad7p,86.1,4167
FR,eth_x_fg,asian_pi,all,first_gen,2004,gradgpa_mean,3.191,3536
FR,eth_x_fg,asian_pi,all,first_gen,2004,ret1,92.7,4167
FR,eth_x_fg,asian_pi,all,first_gen,2004,ttd_mean,4.29,
FR,eth_x_fg,asian_pi,all,first_gen,2005,grad3,2.1,4611
FR,eth_x_fg,asian_pi,all,first_gen,2005,grad4,57.7,4611
FR,eth_x_fg,asian_pi,all,first_gen,2005,grad5,80.2,4611
FR,eth_x_fg,asian_pi,all,first_gen,2005,grad6,84.7,4611
FR,eth_x_fg,asian_pi,all,first_gen,2005,grad7p,86.0,4611
FR,eth_x_fg,asian_pi,all,first_gen,2005,gradgpa_mean,3.2,3906
FR,eth_x_fg,asian_pi,all,first_gen,2005,ret1,93.0,4611
FR,eth_x_fg,asian_pi,all,first_gen,2005,ttd_mean,4.28,
FR,eth_x_fg,asian_pi,all,first_gen,2006,grad3,2.2,5457
FR,eth_x_fg,asian_pi,all,first_gen,2006,grad4,57.5,5457
FR,eth_x_fg,asian_pi,all,first_gen,2006,grad5,81.2,5457
FR,eth_x_fg,asian_pi,all,first_gen,2006,grad6,85.4,5457
FR,eth_x_fg,asian_pi,all,first_gen,2006,grad7p,86.8,5457
FR,eth_x_fg,asian_pi,all,first_gen,2006,gradgpa_mean,3.191,4662
FR,eth_x_fg,asian_pi,all,first_gen,2006,ret1,93.2,5457
FR,eth_x_fg,asian_pi,all,first_gen,2006,ttd_mean,4.28,
FR,eth_x_fg,asian_pi,all,first_gen,2007,grad3,2.1,5403
FR,eth_x_fg,asian_pi,all,first_gen,2007,grad4,56.5,5403
FR,eth_x_fg,asian_pi,all,first_gen,2007,grad5,81.0,5403
FR,eth_x_fg,asian_pi,all,first_gen,2007,grad6,85.0,5403
FR,eth_x_fg,asian_pi,all,first_gen,2007,grad7p,86.4,5403
FR,eth_x_fg,asian_pi,all,first_gen,2007,gradgpa_mean,3.207,4590
FR,eth_x_fg,asian_pi,all,first_gen,2007,ret1,93.2,5403
FR,eth_x_fg,asian_pi,all,first_gen,2007,ttd_mean,4.29,
FR,eth_x_fg,asian_pi,all,first_gen,2008,grad3,1.9,5258
FR,eth_x_fg,asian_pi,all,first_gen,2008,grad4,59.1,5258
FR,eth_x_fg,asian_pi,all,first_gen,2008,grad5,82.8,5258
FR,eth_x_fg,asian_pi,all,first_gen,2008,grad6,86.1,5258
FR,eth_x_fg,asian_pi,all,first_gen,2008,grad7p,87.3,5258
FR,eth_x_fg,asian_pi,all,first_gen,2008,gradgpa_mean,3.183,4529
FR,eth_x_fg,asian_pi,all,first_gen,2008,ret1,93.4,5258
FR,eth_x_fg,asian_pi,all,first_gen,2008,ttd_mean,4.25,
FR,eth_x_fg,asian_pi,all,first_gen,2009,grad3,2.0,5081
FR,eth_x_fg,asian_pi,all,first_gen,2009,grad4,62.3,5081
FR,eth_x_fg,asian_pi,all,first_gen,2009,grad5,85.6,5081
FR,eth_x_fg,asian_pi,all,first_gen,2009,grad6,88.3,5081
FR,eth_x_fg,asian_pi,all,first_gen,2009,grad7p,89.1,5081
FR,eth_x_fg,asian_pi,all,first_gen,2009,gradgpa_mean,3.229,4485
FR,eth_x_fg,asian_pi,all,first_gen,2009,ret1,94.1,5081
FR,eth_x_fg,asian_pi,all,first_gen,2009,ttd_mean,4.23,
FR,eth_x_fg,asian_pi,all,first_gen,2010,grad3,2.0,5171
FR,eth_x_fg,asian_pi,all,first_gen,2010,grad4,62.9,5171
FR,eth_x_fg,asian_pi,all,first_gen,2010,grad5,84.3,5171
FR,eth_x_fg,asian_pi,all,first_gen,2010,grad6,87.2,5171
FR,eth_x_fg,asian_pi,all,first_gen,2010,grad6_nonuc,87.2,
FR,eth_x_fg,asian_pi,all,first_gen,2010,grad7p,88.1,5171
FR,eth_x_fg,asian_pi,all,first_gen,2010,gradgpa_mean,3.239,4508
FR,eth_x_fg,asian_pi,all,first_gen,2010,ret1,94.0,5171
FR,eth_x_fg,asian_pi,all,first_gen,2010,ttd_mean,4.22,
FR,eth_x_fg,asian_pi,all,first_gen,2011,grad3,1.7,5551
FR,eth_x_fg,asian_pi,all,first_gen,2011,grad4,66.9,5551
FR,eth_x_fg,asian_pi,all,first_gen,2011,grad5,85.8,5551
FR,eth_x_fg,asian_pi,all,first_gen,2011,grad6,88.5,5551
FR,eth_x_fg,asian_pi,all,first_gen,2011,grad6_nonuc,89.8,
FR,eth_x_fg,asian_pi,all,first_gen,2011,grad7p,89.4,5551
FR,eth_x_fg,asian_pi,all,first_gen,2011,gradgpa_mean,3.26,4915
FR,eth_x_fg,asian_pi,all,first_gen,2011,ret1,94.5,5551
FR,eth_x_fg,asian_pi,all,first_gen,2011,ttd_mean,4.19,
FR,eth_x_fg,asian_pi,all,first_gen,2012,grad3,1.9,5466
FR,eth_x_fg,asian_pi,all,first_gen,2012,grad4,66.8,5466
FR,eth_x_fg,asian_pi,all,first_gen,2012,grad5,85.6,5466
FR,eth_x_fg,asian_pi,all,first_gen,2012,grad6,88.2,5466
FR,eth_x_fg,asian_pi,all,first_gen,2012,grad6_nonuc,90.0,
FR,eth_x_fg,asian_pi,all,first_gen,2012,grad7p,88.9,5466
FR,eth_x_fg,asian_pi,all,first_gen,2012,gradgpa_mean,3.272,4819
FR,eth_x_fg,asian_pi,all,first_gen,2012,ret1,94.2,5466
FR,eth_x_fg,asian_pi,all,first_gen,2012,ttd_mean,4.18,
FR,eth_x_fg,asian_pi,all,first_gen,2013,grad3,1.9,5484
FR,eth_x_fg,asian_pi,all,first_gen,2013,grad4,69.1,5484
FR,eth_x_fg,asian_pi,all,first_gen,2013,grad5,85.4,5484
FR,eth_x_fg,asian_pi,all,first_gen,2013,grad6,87.7,5484
FR,eth_x_fg,asian_pi,all,first_gen,2013,grad6_nonuc,89.4,
FR,eth_x_fg,asian_pi,all,first_gen,2013,grad7p,88.8,5484
FR,eth_x_fg,asian_pi,all,first_gen,2013,gradgpa_mean,3.284,4812
FR,eth_x_fg,asian_pi,all,first_gen,2013,ret1,94.3,5484
FR,eth_x_fg,asian_pi,all,first_gen,2013,ttd_mean,4.16,
FR,eth_x_fg,asian_pi,all,first_gen,2014,grad3,2.4,5291
FR,eth_x_fg,asian_pi,all,first_gen,2014,grad4,70.8,5291
FR,eth_x_fg,asian_pi,all,first_gen,2014,grad5,86.5,5291
FR,eth_x_fg,asian_pi,all,first_gen,2014,grad6,88.8,5291
FR,eth_x_fg,asian_pi,all,first_gen,2014,grad6_nonuc,90.6,
FR,eth_x_fg,asian_pi,all,first_gen,2014,grad7p,89.6,5291
FR,eth_x_fg,asian_pi,all,first_gen,2014,gradgpa_mean,3.311,4700
FR,eth_x_fg,asian_pi,all,first_gen,2014,ret1,94.9,5291
FR,eth_x_fg,asian_pi,all,first_gen,2014,ttd_mean,4.14,
FR,eth_x_fg,asian_pi,all,first_gen,2015,grad3,2.3,4969
FR,eth_x_fg,asian_pi,all,first_gen,2015,grad4,71.6,4969
FR,eth_x_fg,asian_pi,all,first_gen,2015,grad5,87.0,4969
FR,eth_x_fg,asian_pi,all,first_gen,2015,grad6,89.1,4969
FR,eth_x_fg,asian_pi,all,first_gen,2015,grad6_nonuc,90.9,
FR,eth_x_fg,asian_pi,all,first_gen,2015,grad7p,89.8,4969
FR,eth_x_fg,asian_pi,all,first_gen,2015,gradgpa_mean,3.352,4429
FR,eth_x_fg,asian_pi,all,first_gen,2015,ret1,94.8,4969
FR,eth_x_fg,asian_pi,all,first_gen,2015,ttd_mean,4.12,
FR,eth_x_fg,asian_pi,all,first_gen,2016,grad3,3.1,5227
FR,eth_x_fg,asian_pi,all,first_gen,2016,grad4,73.8,5227
FR,eth_x_fg,asian_pi,all,first_gen,2016,grad5,87.1,5227
FR,eth_x_fg,asian_pi,all,first_gen,2016,grad6,88.8,5227
FR,eth_x_fg,asian_pi,all,first_gen,2016,grad6_nonuc,90.4,
FR,eth_x_fg,asian_pi,all,first_gen,2016,grad7p,89.6,5227
FR,eth_x_fg,asian_pi,all,first_gen,2016,gradgpa_mean,3.472,4640
FR,eth_x_fg,asian_pi,all,first_gen,2016,ret1,94.6,5227
FR,eth_x_fg,asian_pi,all,first_gen,2016,ttd_mean,4.09,
FR,eth_x_fg,asian_pi,all,first_gen,2017,grad3,3.7,4971
FR,eth_x_fg,asian_pi,all,first_gen,2017,grad4,77.5,4971
FR,eth_x_fg,asian_pi,all,first_gen,2017,grad5,87.8,4971
FR,eth_x_fg,asian_pi,all,first_gen,2017,grad6,89.7,4971
FR,eth_x_fg,asian_pi,all,first_gen,2017,grad6_nonuc,91.3,
FR,eth_x_fg,asian_pi,all,first_gen,2017,grad7p,90.3,4971
FR,eth_x_fg,asian_pi,all,first_gen,2017,gradgpa_mean,3.565,4458
FR,eth_x_fg,asian_pi,all,first_gen,2017,ret1,93.9,4971
FR,eth_x_fg,asian_pi,all,first_gen,2017,ttd_mean,4.04,
FR,eth_x_fg,asian_pi,all,first_gen,2018,grad3,5.1,5055
FR,eth_x_fg,asian_pi,all,first_gen,2018,grad4,77.2,5055
FR,eth_x_fg,asian_pi,all,first_gen,2018,grad5,87.4,5055
FR,eth_x_fg,asian_pi,all,first_gen,2018,grad6,89.3,5055
FR,eth_x_fg,asian_pi,all,first_gen,2018,grad6_nonuc,90.9,
FR,eth_x_fg,asian_pi,all,first_gen,2018,grad7p,90.0,5055
FR,eth_x_fg,asian_pi,all,first_gen,2018,gradgpa_mean,3.481,4513
FR,eth_x_fg,asian_pi,all,first_gen,2018,ret1,94.4,5055
FR,eth_x_fg,asian_pi,all,first_gen,2018,ttd_mean,4.02,
FR,eth_x_fg,asian_pi,all,first_gen,2019,grad3,6.1,4784
FR,eth_x_fg,asian_pi,all,first_gen,2019,grad4,77.6,4784
FR,eth_x_fg,asian_pi,all,first_gen,2019,grad5,87.5,4784
FR,eth_x_fg,asian_pi,all,first_gen,2019,grad6,89.4,4784
FR,eth_x_fg,asian_pi,all,first_gen,2019,grad6_nonuc,91.4,
FR,eth_x_fg,asian_pi,all,first_gen,2019,gradgpa_mean,3.45,4279
FR,eth_x_fg,asian_pi,all,first_gen,2019,ret1,95.1,4784
FR,eth_x_fg,asian_pi,all,first_gen,2020,grad3,4.7,4972
FR,eth_x_fg,asian_pi,all,first_gen,2020,grad4,75.3,4972
FR,eth_x_fg,asian_pi,all,first_gen,2020,grad5,86.0,4972
FR,eth_x_fg,asian_pi,all,first_gen,2020,gradgpa_mean,3.465,4277
FR,eth_x_fg,asian_pi,all,first_gen,2020,ret1,94.3,4972
FR,eth_x_fg,asian_pi,all,first_gen,2021,grad3,6.3,4719
FR,eth_x_fg,asian_pi,all,first_gen,2021,grad4,77.7,4719
FR,eth_x_fg,asian_pi,all,first_gen,2021,gradgpa_mean,3.513,3668
FR,eth_x_fg,asian_pi,all,first_gen,2021,ret1,94.4,4719
FR,eth_x_fg,asian_pi,all,first_gen,2022,grad3,6.9,4627
FR,eth_x_fg,asian_pi,all,first_gen,2022,gradgpa_mean,3.61,319
FR,eth_x_fg,asian_pi,all,first_gen,2022,ret1,94.7,4627
FR,eth_x_fg,asian_pi,all,first_gen,2023,ret1,93.8,4635
FR,eth_x_fg,asian_pi,all,first_gen,2024,ret1,95.1,4459
FR,eth_x_fg,asian_pi,all,not_first_gen,1999,gradgpa_mean,3.261,5160
FR,eth_x_fg,asian_pi,all,not_first_gen,1999,ttd_mean,4.33,
FR,eth_x_fg,asian_pi,all,not_first_gen,2000,grad3,2.1,6380
FR,eth_x_fg,asian_pi,all,not_first_gen,2000,grad4,53.8,6380
FR,eth_x_fg,asian_pi,all,not_first_gen,2000,grad5,81.1,6380
FR,eth_x_fg,asian_pi,all,not_first_gen,2000,grad6,85.1,6380
FR,eth_x_fg,asian_pi,all,not_first_gen,2000,grad7p,86.3,6380
FR,eth_x_fg,asian_pi,all,not_first_gen,2000,gradgpa_mean,3.253,5430
FR,eth_x_fg,asian_pi,all,not_first_gen,2000,ret1,93.6,6380
FR,eth_x_fg,asian_pi,all,not_first_gen,2000,ttd_mean,4.3,
FR,eth_x_fg,asian_pi,all,not_first_gen,2001,grad3,2.4,7103
FR,eth_x_fg,asian_pi,all,not_first_gen,2001,grad4,56.7,7103
FR,eth_x_fg,asian_pi,all,not_first_gen,2001,grad5,82.1,7103
FR,eth_x_fg,asian_pi,all,not_first_gen,2001,grad6,85.9,7103
FR,eth_x_fg,asian_pi,all,not_first_gen,2001,grad7p,87.1,7103
FR,eth_x_fg,asian_pi,all,not_first_gen,2001,gradgpa_mean,3.241,6104
FR,eth_x_fg,asian_pi,all,not_first_gen,2001,ret1,94.0,7103
FR,eth_x_fg,asian_pi,all,not_first_gen,2001,ttd_mean,4.26,
FR,eth_x_fg,asian_pi,all,not_first_gen,2002,grad3,2.4,7360
FR,eth_x_fg,asian_pi,all,not_first_gen,2002,grad4,58.5,7360
FR,eth_x_fg,asian_pi,all,not_first_gen,2002,grad5,82.0,7360
FR,eth_x_fg,asian_pi,all,not_first_gen,2002,grad6,86.1,7360
FR,eth_x_fg,asian_pi,all,not_first_gen,2002,grad7p,87.3,7360
FR,eth_x_fg,asian_pi,all,not_first_gen,2002,gradgpa_mean,3.219,6336
FR,eth_x_fg,asian_pi,all,not_first_gen,2002,ret1,93.5,7360
FR,eth_x_fg,asian_pi,all,not_first_gen,2002,ttd_mean,4.25,
FR,eth_x_fg,asian_pi,all,not_first_gen,2003,grad3,2.6,7302
FR,eth_x_fg,asian_pi,all,not_first_gen,2003,grad4,62.5,7302
FR,eth_x_fg,asian_pi,all,not_first_gen,2003,grad5,84.1,7302
FR,eth_x_fg,asian_pi,all,not_first_gen,2003,grad6,87.7,7302
FR,eth_x_fg,asian_pi,all,not_first_gen,2003,grad7p,88.8,7302
FR,eth_x_fg,asian_pi,all,not_first_gen,2003,gradgpa_mean,3.245,6405
FR,eth_x_fg,asian_pi,all,not_first_gen,2003,ret1,94.2,7302
FR,eth_x_fg,asian_pi,all,not_first_gen,2003,ttd_mean,4.22,
FR,eth_x_fg,asian_pi,all,not_first_gen,2004,grad3,2.4,6826
FR,eth_x_fg,asian_pi,all,not_first_gen,2004,grad4,63.8,6826
FR,eth_x_fg,asian_pi,all,not_first_gen,2004,grad5,85.1,6826
FR,eth_x_fg,asian_pi,all,not_first_gen,2004,grad6,88.3,6826
FR,eth_x_fg,asian_pi,all,not_first_gen,2004,grad7p,89.3,6826
FR,eth_x_fg,asian_pi,all,not_first_gen,2004,gradgpa_mean,3.272,6028
FR,eth_x_fg,asian_pi,all,not_first_gen,2004,ret1,95.0,6826
FR,eth_x_fg,asian_pi,all,not_first_gen,2004,ttd_mean,4.2,
FR,eth_x_fg,asian_pi,all,not_first_gen,2005,grad3,2.9,7397
FR,eth_x_fg,asian_pi,all,not_first_gen,2005,grad4,64.2,7397
FR,eth_x_fg,asian_pi,all,not_first_gen,2005,grad5,84.6,7397
FR,eth_x_fg,asian_pi,all,not_first_gen,2005,grad6,87.9,7397
FR,eth_x_fg,asian_pi,all,not_first_gen,2005,grad7p,88.9,7397
FR,eth_x_fg,asian_pi,all,not_first_gen,2005,gradgpa_mean,3.283,6500
FR,eth_x_fg,asian_pi,all,not_first_gen,2005,ret1,94.2,7397
FR,eth_x_fg,asian_pi,all,not_first_gen,2005,ttd_mean,4.19,
FR,eth_x_fg,asian_pi,all,not_first_gen,2006,grad3,2.8,8183
FR,eth_x_fg,asian_pi,all,not_first_gen,2006,grad4,66.5,8183
FR,eth_x_fg,asian_pi,all,not_first_gen,2006,grad5,86.1,8183
FR,eth_x_fg,asian_pi,all,not_first_gen,2006,grad6,89.0,8183
FR,eth_x_fg,asian_pi,all,not_first_gen,2006,grad7p,90.1,8183
FR,eth_x_fg,asian_pi,all,not_first_gen,2006,gradgpa_mean,3.27,7286
FR,eth_x_fg,asian_pi,all,not_first_gen,2006,ret1,94.9,8183
FR,eth_x_fg,asian_pi,all,not_first_gen,2006,ttd_mean,4.18,
FR,eth_x_fg,asian_pi,all,not_first_gen,2007,grad3,2.8,8027
FR,eth_x_fg,asian_pi,all,not_first_gen,2007,grad4,66.7,8027
FR,eth_x_fg,asian_pi,all,not_first_gen,2007,grad5,85.4,8027
FR,eth_x_fg,asian_pi,all,not_first_gen,2007,grad6,88.6,8027
FR,eth_x_fg,asian_pi,all,not_first_gen,2007,grad7p,89.6,8027
FR,eth_x_fg,asian_pi,all,not_first_gen,2007,gradgpa_mean,3.277,7112
FR,eth_x_fg,asian_pi,all,not_first_gen,2007,ret1,94.7,8027
FR,eth_x_fg,asian_pi,all,not_first_gen,2007,ttd_mean,4.17,
FR,eth_x_fg,asian_pi,all,not_first_gen,2008,grad3,3.8,8060
FR,eth_x_fg,asian_pi,all,not_first_gen,2008,grad4,68.0,8060
FR,eth_x_fg,asian_pi,all,not_first_gen,2008,grad5,86.3,8060
FR,eth_x_fg,asian_pi,all,not_first_gen,2008,grad6,89.3,8060
FR,eth_x_fg,asian_pi,all,not_first_gen,2008,grad7p,90.2,8060
FR,eth_x_fg,asian_pi,all,not_first_gen,2008,gradgpa_mean,3.28,7194
FR,eth_x_fg,asian_pi,all,not_first_gen,2008,ret1,95.1,8060
FR,eth_x_fg,asian_pi,all,not_first_gen,2008,ttd_mean,4.15,
FR,eth_x_fg,asian_pi,all,not_first_gen,2009,grad3,3.0,7852
FR,eth_x_fg,asian_pi,all,not_first_gen,2009,grad4,69.5,7852
FR,eth_x_fg,asian_pi,all,not_first_gen,2009,grad5,87.5,7852
FR,eth_x_fg,asian_pi,all,not_first_gen,2009,grad6,89.8,7852
FR,eth_x_fg,asian_pi,all,not_first_gen,2009,grad7p,90.8,7852
FR,eth_x_fg,asian_pi,all,not_first_gen,2009,gradgpa_mean,3.296,7055
FR,eth_x_fg,asian_pi,all,not_first_gen,2009,ret1,95.2,7852
FR,eth_x_fg,asian_pi,all,not_first_gen,2009,ttd_mean,4.14,
FR,eth_x_fg,asian_pi,all,not_first_gen,2010,grad3,3.0,7748
FR,eth_x_fg,asian_pi,all,not_first_gen,2010,grad4,69.3,7748
FR,eth_x_fg,asian_pi,all,not_first_gen,2010,grad5,87.0,7748
FR,eth_x_fg,asian_pi,all,not_first_gen,2010,grad6,89.4,7748
FR,eth_x_fg,asian_pi,all,not_first_gen,2010,grad6_nonuc,89.4,
FR,eth_x_fg,asian_pi,all,not_first_gen,2010,grad7p,90.3,7748
FR,eth_x_fg,asian_pi,all,not_first_gen,2010,gradgpa_mean,3.297,6928
FR,eth_x_fg,asian_pi,all,not_first_gen,2010,ret1,95.3,7748
FR,eth_x_fg,asian_pi,all,not_first_gen,2010,ttd_mean,4.14,
FR,eth_x_fg,asian_pi,all,not_first_gen,2011,grad3,3.4,8400
FR,eth_x_fg,asian_pi,all,not_first_gen,2011,grad4,72.3,8400
FR,eth_x_fg,asian_pi,all,not_first_gen,2011,grad5,87.6,8400
FR,eth_x_fg,asian_pi,all,not_first_gen,2011,grad6,89.8,8400
FR,eth_x_fg,asian_pi,all,not_first_gen,2011,grad6_nonuc,91.8,
FR,eth_x_fg,asian_pi,all,not_first_gen,2011,grad7p,90.6,8400
FR,eth_x_fg,asian_pi,all,not_first_gen,2011,gradgpa_mean,3.309,7543
FR,eth_x_fg,asian_pi,all,not_first_gen,2011,ret1,95.1,8400
FR,eth_x_fg,asian_pi,all,not_first_gen,2011,ttd_mean,4.11,
FR,eth_x_fg,asian_pi,all,not_first_gen,2012,grad3,3.3,9031
FR,eth_x_fg,asian_pi,all,not_first_gen,2012,grad4,73.0,9031
FR,eth_x_fg,asian_pi,all,not_first_gen,2012,grad5,88.3,9031
FR,eth_x_fg,asian_pi,all,not_first_gen,2012,grad6,90.5,9031
FR,eth_x_fg,asian_pi,all,not_first_gen,2012,grad6_nonuc,92.5,
FR,eth_x_fg,asian_pi,all,not_first_gen,2012,grad7p,91.3,9031
FR,eth_x_fg,asian_pi,all,not_first_gen,2012,gradgpa_mean,3.326,8169
FR,eth_x_fg,asian_pi,all,not_first_gen,2012,ret1,95.7,9031
FR,eth_x_fg,asian_pi,all,not_first_gen,2012,ttd_mean,4.1,
FR,eth_x_fg,asian_pi,all,not_first_gen,2013,grad3,3.2,8753
FR,eth_x_fg,asian_pi,all,not_first_gen,2013,grad4,74.0,8753
FR,eth_x_fg,asian_pi,all,not_first_gen,2013,grad5,88.0,8753
FR,eth_x_fg,asian_pi,all,not_first_gen,2013,grad6,90.2,8753
FR,eth_x_fg,asian_pi,all,not_first_gen,2013,grad6_nonuc,92.2,
FR,eth_x_fg,asian_pi,all,not_first_gen,2013,grad7p,91.2,8753
FR,eth_x_fg,asian_pi,all,not_first_gen,2013,gradgpa_mean,3.375,7898
FR,eth_x_fg,asian_pi,all,not_first_gen,2013,ret1,95.4,8753
FR,eth_x_fg,asian_pi,all,not_first_gen,2013,ttd_mean,4.1,
FR,eth_x_fg,asian_pi,all,not_first_gen,2014,grad3,3.9,9047
FR,eth_x_fg,asian_pi,all,not_first_gen,2014,grad4,76.4,9047
FR,eth_x_fg,asian_pi,all,not_first_gen,2014,grad5,88.9,9047
FR,eth_x_fg,asian_pi,all,not_first_gen,2014,grad6,90.6,9047
FR,eth_x_fg,asian_pi,all,not_first_gen,2014,grad6_nonuc,92.9,
FR,eth_x_fg,asian_pi,all,not_first_gen,2014,grad7p,91.4,9047
FR,eth_x_fg,asian_pi,all,not_first_gen,2014,gradgpa_mean,3.415,8198
FR,eth_x_fg,asian_pi,all,not_first_gen,2014,ret1,95.1,9047
FR,eth_x_fg,asian_pi,all,not_first_gen,2014,ttd_mean,4.05,
FR,eth_x_fg,asian_pi,all,not_first_gen,2015,grad3,4.3,9389
FR,eth_x_fg,asian_pi,all,not_first_gen,2015,grad4,78.9,9389
FR,eth_x_fg,asian_pi,all,not_first_gen,2015,grad5,90.5,9389
FR,eth_x_fg,asian_pi,all,not_first_gen,2015,grad6,92.3,9389
FR,eth_x_fg,asian_pi,all,not_first_gen,2015,grad6_nonuc,94.0,
FR,eth_x_fg,asian_pi,all,not_first_gen,2015,grad7p,92.9,9389
FR,eth_x_fg,asian_pi,all,not_first_gen,2015,gradgpa_mean,3.428,8667
FR,eth_x_fg,asian_pi,all,not_first_gen,2015,ret1,96.3,9389
FR,eth_x_fg,asian_pi,all,not_first_gen,2015,ttd_mean,4.04,
FR,eth_x_fg,asian_pi,all,not_first_gen,2016,grad3,4.3,10450
FR,eth_x_fg,asian_pi,all,not_first_gen,2016,grad4,79.8,10450
FR,eth_x_fg,asian_pi,all,not_first_gen,2016,grad5,90.8,10450
FR,eth_x_fg,asian_pi,all,not_first_gen,2016,grad6,92.1,10450
FR,eth_x_fg,asian_pi,all,not_first_gen,2016,grad6_nonuc,93.9,
FR,eth_x_fg,asian_pi,all,not_first_gen,2016,grad7p,92.6,10450
FR,eth_x_fg,asian_pi,all,not_first_gen,2016,gradgpa_mean,3.535,9624
FR,eth_x_fg,asian_pi,all,not_first_gen,2016,ret1,95.9,10450
FR,eth_x_fg,asian_pi,all,not_first_gen,2016,ttd_mean,4.01,
FR,eth_x_fg,asian_pi,all,not_first_gen,2017,grad3,5.8,10375
FR,eth_x_fg,asian_pi,all,not_first_gen,2017,grad4,81.1,10375
FR,eth_x_fg,asian_pi,all,not_first_gen,2017,grad5,90.2,10375
FR,eth_x_fg,asian_pi,all,not_first_gen,2017,grad6,91.8,10375
FR,eth_x_fg,asian_pi,all,not_first_gen,2017,grad6_nonuc,94.0,
FR,eth_x_fg,asian_pi,all,not_first_gen,2017,grad7p,92.4,10375
FR,eth_x_fg,asian_pi,all,not_first_gen,2017,gradgpa_mean,3.624,9528
FR,eth_x_fg,asian_pi,all,not_first_gen,2017,ret1,95.5,10375
FR,eth_x_fg,asian_pi,all,not_first_gen,2017,ttd_mean,3.97,
FR,eth_x_fg,asian_pi,all,not_first_gen,2018,grad3,7.6,11148
FR,eth_x_fg,asian_pi,all,not_first_gen,2018,grad4,82.2,11148
FR,eth_x_fg,asian_pi,all,not_first_gen,2018,grad5,90.6,11148
FR,eth_x_fg,asian_pi,all,not_first_gen,2018,grad6,92.1,11148
FR,eth_x_fg,asian_pi,all,not_first_gen,2018,grad6_nonuc,94.2,
FR,eth_x_fg,asian_pi,all,not_first_gen,2018,grad7p,92.7,11148
FR,eth_x_fg,asian_pi,all,not_first_gen,2018,gradgpa_mean,3.559,10272
FR,eth_x_fg,asian_pi,all,not_first_gen,2018,ret1,95.7,11148
FR,eth_x_fg,asian_pi,all,not_first_gen,2018,ttd_mean,3.94,
FR,eth_x_fg,asian_pi,all,not_first_gen,2019,grad3,7.3,11359
FR,eth_x_fg,asian_pi,all,not_first_gen,2019,grad4,82.3,11359
FR,eth_x_fg,asian_pi,all,not_first_gen,2019,grad5,90.9,11359
FR,eth_x_fg,asian_pi,all,not_first_gen,2019,grad6,92.6,11359
FR,eth_x_fg,asian_pi,all,not_first_gen,2019,grad6_nonuc,94.5,
FR,eth_x_fg,asian_pi,all,not_first_gen,2019,gradgpa_mean,3.536,10517
FR,eth_x_fg,asian_pi,all,not_first_gen,2019,ret1,95.6,11359
FR,eth_x_fg,asian_pi,all,not_first_gen,2020,grad3,6.8,12120
FR,eth_x_fg,asian_pi,all,not_first_gen,2020,grad4,81.5,12120
FR,eth_x_fg,asian_pi,all,not_first_gen,2020,grad5,90.3,12120
FR,eth_x_fg,asian_pi,all,not_first_gen,2020,gradgpa_mean,3.515,10939
FR,eth_x_fg,asian_pi,all,not_first_gen,2020,ret1,96.1,12120
FR,eth_x_fg,asian_pi,all,not_first_gen,2021,grad3,7.9,13117
FR,eth_x_fg,asian_pi,all,not_first_gen,2021,grad4,82.5,13117
FR,eth_x_fg,asian_pi,all,not_first_gen,2021,gradgpa_mean,3.585,10822
FR,eth_x_fg,asian_pi,all,not_first_gen,2021,ret1,95.3,13117
FR,eth_x_fg,asian_pi,all,not_first_gen,2022,grad3,9.3,13471
FR,eth_x_fg,asian_pi,all,not_first_gen,2022,gradgpa_mean,3.66,1258
FR,eth_x_fg,asian_pi,all,not_first_gen,2022,ret1,95.5,13471
FR,eth_x_fg,asian_pi,all,not_first_gen,2023,ret1,95.8,13634
FR,eth_x_fg,asian_pi,all,not_first_gen,2024,ret1,95.5,13685
FR,eth_x_fg,black,all,first_gen,1999,gradgpa_mean,3.107,273
FR,eth_x_fg,black,all,first_gen,1999,ttd_mean,4.56,
FR,eth_x_fg,black,all,first_gen,2000,grad3,0.7,419
FR,eth_x_fg,black,all,first_gen,2000,grad4,29.1,419
FR,eth_x_fg,black,all,first_gen,2000,grad5,58.7,419
FR,eth_x_fg,black,all,first_gen,2000,grad6,63.2,419
FR,eth_x_fg,black,all,first_gen,2000,grad7p,65.4,419
FR,eth_x_fg,black,all,first_gen,2000,gradgpa_mean,3.091,262
FR,eth_x_fg,black,all,first_gen,2000,ret1,84.5,419
FR,eth_x_fg,black,all,first_gen,2000,ttd_mean,4.58,
FR,eth_x_fg,black,all,first_gen,2001,grad3,1.4,419
FR,eth_x_fg,black,all,first_gen,2001,grad4,35.6,419
FR,eth_x_fg,black,all,first_gen,2001,grad5,61.6,419
FR,eth_x_fg,black,all,first_gen,2001,grad6,67.5,419
FR,eth_x_fg,black,all,first_gen,2001,grad7p,70.2,419
FR,eth_x_fg,black,all,first_gen,2001,gradgpa_mean,2.955,277
FR,eth_x_fg,black,all,first_gen,2001,ret1,87.6,419
FR,eth_x_fg,black,all,first_gen,2001,ttd_mean,4.51,
FR,eth_x_fg,black,all,first_gen,2002,grad3,2.2,491
FR,eth_x_fg,black,all,first_gen,2002,grad4,43.0,491
FR,eth_x_fg,black,all,first_gen,2002,grad5,67.6,491
FR,eth_x_fg,black,all,first_gen,2002,grad6,73.1,491
FR,eth_x_fg,black,all,first_gen,2002,grad7p,74.7,491
FR,eth_x_fg,black,all,first_gen,2002,gradgpa_mean,3.014,359
FR,eth_x_fg,black,all,first_gen,2002,ret1,89.8,491
FR,eth_x_fg,black,all,first_gen,2002,ttd_mean,4.4,
FR,eth_x_fg,black,all,first_gen,2003,grad3,1.1,523
FR,eth_x_fg,black,all,first_gen,2003,grad4,37.3,523
FR,eth_x_fg,black,all,first_gen,2003,grad5,65.4,523
FR,eth_x_fg,black,all,first_gen,2003,grad6,71.1,523
FR,eth_x_fg,black,all,first_gen,2003,grad7p,72.8,523
FR,eth_x_fg,black,all,first_gen,2003,gradgpa_mean,3.066,366
FR,eth_x_fg,black,all,first_gen,2003,ret1,88.5,523
FR,eth_x_fg,black,all,first_gen,2003,ttd_mean,4.48,
FR,eth_x_fg,black,all,first_gen,2004,grad3,1.2,403
FR,eth_x_fg,black,all,first_gen,2004,grad4,39.7,403
FR,eth_x_fg,black,all,first_gen,2004,grad5,65.5,403
FR,eth_x_fg,black,all,first_gen,2004,grad6,72.7,403
FR,eth_x_fg,black,all,first_gen,2004,grad7p,75.7,403
FR,eth_x_fg,black,all,first_gen,2004,gradgpa_mean,3.083,288
FR,eth_x_fg,black,all,first_gen,2004,ret1,88.8,403
FR,eth_x_fg,black,all,first_gen,2004,ttd_mean,4.52,
FR,eth_x_fg,black,all,first_gen,2005,grad3,1.3,454
FR,eth_x_fg,black,all,first_gen,2005,grad4,39.0,454
FR,eth_x_fg,black,all,first_gen,2005,grad5,60.6,454
FR,eth_x_fg,black,all,first_gen,2005,grad6,65.4,454
FR,eth_x_fg,black,all,first_gen,2005,grad7p,68.5,454
FR,eth_x_fg,black,all,first_gen,2005,gradgpa_mean,3.152,291
FR,eth_x_fg,black,all,first_gen,2005,ret1,87.4,454
FR,eth_x_fg,black,all,first_gen,2005,ttd_mean,4.47,
FR,eth_x_fg,black,all,first_gen,2006,grad3,1.8,555
FR,eth_x_fg,black,all,first_gen,2006,grad4,35.1,555
FR,eth_x_fg,black,all,first_gen,2006,grad5,61.3,555
FR,eth_x_fg,black,all,first_gen,2006,grad6,65.9,555
FR,eth_x_fg,black,all,first_gen,2006,grad7p,68.1,555
FR,eth_x_fg,black,all,first_gen,2006,gradgpa_mean,3.126,366
FR,eth_x_fg,black,all,first_gen,2006,ret1,84.5,555
FR,eth_x_fg,black,all,first_gen,2006,ttd_mean,4.44,
FR,eth_x_fg,black,all,first_gen,2007,grad3,1.1,640
FR,eth_x_fg,black,all,first_gen,2007,grad4,40.8,640
FR,eth_x_fg,black,all,first_gen,2007,grad5,65.6,640
FR,eth_x_fg,black,all,first_gen,2007,grad6,70.8,640
FR,eth_x_fg,black,all,first_gen,2007,grad7p,71.9,640
FR,eth_x_fg,black,all,first_gen,2007,gradgpa_mean,3.076,446
FR,eth_x_fg,black,all,first_gen,2007,ret1,85.9,640
FR,eth_x_fg,black,all,first_gen,2007,ttd_mean,4.42,
FR,eth_x_fg,black,all,first_gen,2008,grad3,1.5,715
FR,eth_x_fg,black,all,first_gen,2008,grad4,40.0,715
FR,eth_x_fg,black,all,first_gen,2008,grad5,65.3,715
FR,eth_x_fg,black,all,first_gen,2008,grad6,71.0,715
FR,eth_x_fg,black,all,first_gen,2008,grad7p,71.7,715
FR,eth_x_fg,black,all,first_gen,2008,gradgpa_mean,3.072,508
FR,eth_x_fg,black,all,first_gen,2008,ret1,89.0,715
FR,eth_x_fg,black,all,first_gen,2008,ttd_mean,4.41,
FR,eth_x_fg,black,all,first_gen,2009,grad3,1.3,615
FR,eth_x_fg,black,all,first_gen,2009,grad4,42.4,615
FR,eth_x_fg,black,all,first_gen,2009,grad5,67.6,615
FR,eth_x_fg,black,all,first_gen,2009,grad6,71.4,615
FR,eth_x_fg,black,all,first_gen,2009,grad7p,73.3,615
FR,eth_x_fg,black,all,first_gen,2009,gradgpa_mean,3.07,431
FR,eth_x_fg,black,all,first_gen,2009,ret1,89.1,615
FR,eth_x_fg,black,all,first_gen,2009,ttd_mean,4.4,
FR,eth_x_fg,black,all,first_gen,2010,grad3,1.6,629
FR,eth_x_fg,black,all,first_gen,2010,grad4,42.8,629
FR,eth_x_fg,black,all,first_gen,2010,grad5,68.4,629
FR,eth_x_fg,black,all,first_gen,2010,grad6,72.2,629
FR,eth_x_fg,black,all,first_gen,2010,grad6_nonuc,72.2,
FR,eth_x_fg,black,all,first_gen,2010,grad7p,73.9,629
FR,eth_x_fg,black,all,first_gen,2010,gradgpa_mean,3.11,454
FR,eth_x_fg,black,all,first_gen,2010,ret1,88.2,629
FR,eth_x_fg,black,all,first_gen,2010,ttd_mean,4.39,
FR,eth_x_fg,black,all,first_gen,2011,grad3,2.2,681
FR,eth_x_fg,black,all,first_gen,2011,grad4,45.5,681
FR,eth_x_fg,black,all,first_gen,2011,grad5,68.9,681
FR,eth_x_fg,black,all,first_gen,2011,grad6,72.7,681
FR,eth_x_fg,black,all,first_gen,2011,grad6_nonuc,75.6,
FR,eth_x_fg,black,all,first_gen,2011,grad7p,74.6,681
FR,eth_x_fg,black,all,first_gen,2011,gradgpa_mean,3.115,495
FR,eth_x_fg,black,all,first_gen,2011,ret1,87.7,681
FR,eth_x_fg,black,all,first_gen,2011,ttd_mean,4.36,
FR,eth_x_fg,black,all,first_gen,2012,grad3,0.6,774
FR,eth_x_fg,black,all,first_gen,2012,grad4,43.4,774
FR,eth_x_fg,black,all,first_gen,2012,grad5,65.0,774
FR,eth_x_fg,black,all,first_gen,2012,grad6,69.3,774
FR,eth_x_fg,black,all,first_gen,2012,grad6_nonuc,71.2,
FR,eth_x_fg,black,all,first_gen,2012,grad7p,71.2,774
FR,eth_x_fg,black,all,first_gen,2012,gradgpa_mean,3.116,531
FR,eth_x_fg,black,all,first_gen,2012,ret1,86.2,774
FR,eth_x_fg,black,all,first_gen,2012,ttd_mean,4.39,
FR,eth_x_fg,black,all,first_gen,2013,grad3,0.4,720
FR,eth_x_fg,black,all,first_gen,2013,grad4,45.3,720
FR,eth_x_fg,black,all,first_gen,2013,grad5,68.3,720
FR,eth_x_fg,black,all,first_gen,2013,grad6,73.1,720
FR,eth_x_fg,black,all,first_gen,2013,grad6_nonuc,76.0,
FR,eth_x_fg,black,all,first_gen,2013,grad7p,75.4,720
FR,eth_x_fg,black,all,first_gen,2013,gradgpa_mean,3.156,523
FR,eth_x_fg,black,all,first_gen,2013,ret1,88.1,720
FR,eth_x_fg,black,all,first_gen,2013,ttd_mean,4.41,
FR,eth_x_fg,black,all,first_gen,2014,grad3,1.5,716
FR,eth_x_fg,black,all,first_gen,2014,grad4,47.2,716
FR,eth_x_fg,black,all,first_gen,2014,grad5,68.9,716
FR,eth_x_fg,black,all,first_gen,2014,grad6,72.2,716
FR,eth_x_fg,black,all,first_gen,2014,grad6_nonuc,74.0,
FR,eth_x_fg,black,all,first_gen,2014,grad7p,74.0,716
FR,eth_x_fg,black,all,first_gen,2014,gradgpa_mean,3.17,517
FR,eth_x_fg,black,all,first_gen,2014,ret1,89.8,716
FR,eth_x_fg,black,all,first_gen,2014,ttd_mean,4.34,
FR,eth_x_fg,black,all,first_gen,2015,grad3,1.4,692
FR,eth_x_fg,black,all,first_gen,2015,grad4,50.6,692
FR,eth_x_fg,black,all,first_gen,2015,grad5,68.5,692
FR,eth_x_fg,black,all,first_gen,2015,grad6,71.0,692
FR,eth_x_fg,black,all,first_gen,2015,grad6_nonuc,73.7,
FR,eth_x_fg,black,all,first_gen,2015,grad7p,72.5,692
FR,eth_x_fg,black,all,first_gen,2015,gradgpa_mean,3.255,491
FR,eth_x_fg,black,all,first_gen,2015,ret1,89.2,692
FR,eth_x_fg,black,all,first_gen,2015,ttd_mean,4.26,
FR,eth_x_fg,black,all,first_gen,2016,grad3,1.3,891
FR,eth_x_fg,black,all,first_gen,2016,grad4,54.1,891
FR,eth_x_fg,black,all,first_gen,2016,grad5,69.5,891
FR,eth_x_fg,black,all,first_gen,2016,grad6,72.5,891
FR,eth_x_fg,black,all,first_gen,2016,grad6_nonuc,75.2,
FR,eth_x_fg,black,all,first_gen,2016,grad7p,73.6,891
FR,eth_x_fg,black,all,first_gen,2016,gradgpa_mean,3.315,646
FR,eth_x_fg,black,all,first_gen,2016,ret1,88.6,891
FR,eth_x_fg,black,all,first_gen,2016,ttd_mean,4.21,
FR,eth_x_fg,black,all,first_gen,2017,grad3,2.6,888
FR,eth_x_fg,black,all,first_gen,2017,grad4,57.7,888
FR,eth_x_fg,black,all,first_gen,2017,grad5,72.5,888
FR,eth_x_fg,black,all,first_gen,2017,grad6,75.2,888
FR,eth_x_fg,black,all,first_gen,2017,grad6_nonuc,76.7,
FR,eth_x_fg,black,all,first_gen,2017,grad7p,76.2,888
FR,eth_x_fg,black,all,first_gen,2017,gradgpa_mean,3.378,668
FR,eth_x_fg,black,all,first_gen,2017,ret1,89.3,888
FR,eth_x_fg,black,all,first_gen,2017,ttd_mean,4.18,
FR,eth_x_fg,black,all,first_gen,2018,grad3,3.7,871
FR,eth_x_fg,black,all,first_gen,2018,grad4,52.0,871
FR,eth_x_fg,black,all,first_gen,2018,grad5,64.2,871
FR,eth_x_fg,black,all,first_gen,2018,grad6,69.0,871
FR,eth_x_fg,black,all,first_gen,2018,grad6_nonuc,71.5,
FR,eth_x_fg,black,all,first_gen,2018,grad7p,70.4,871
FR,eth_x_fg,black,all,first_gen,2018,gradgpa_mean,3.321,601
FR,eth_x_fg,black,all,first_gen,2018,ret1,86.2,871
FR,eth_x_fg,black,all,first_gen,2018,ttd_mean,4.2,
FR,eth_x_fg,black,all,first_gen,2019,grad3,4.1,775
FR,eth_x_fg,black,all,first_gen,2019,grad4,54.8,775
FR,eth_x_fg,black,all,first_gen,2019,grad5,68.1,775
FR,eth_x_fg,black,all,first_gen,2019,grad6,70.3,775
FR,eth_x_fg,black,all,first_gen,2019,grad6_nonuc,72.3,
FR,eth_x_fg,black,all,first_gen,2019,gradgpa_mean,3.361,545
FR,eth_x_fg,black,all,first_gen,2019,ret1,88.1,775
FR,eth_x_fg,black,all,first_gen,2020,grad3,2.9,835
FR,eth_x_fg,black,all,first_gen,2020,grad4,53.5,835
FR,eth_x_fg,black,all,first_gen,2020,grad5,67.3,835
FR,eth_x_fg,black,all,first_gen,2020,gradgpa_mean,3.293,562
FR,eth_x_fg,black,all,first_gen,2020,ret1,84.8,835
FR,eth_x_fg,black,all,first_gen,2021,grad3,2.5,933
FR,eth_x_fg,black,all,first_gen,2021,grad4,55.1,933
FR,eth_x_fg,black,all,first_gen,2021,gradgpa_mean,3.349,514
FR,eth_x_fg,black,all,first_gen,2021,ret1,83.8,933
FR,eth_x_fg,black,all,first_gen,2022,grad3,3.4,966
FR,eth_x_fg,black,all,first_gen,2022,gradgpa_mean,3.28,33
FR,eth_x_fg,black,all,first_gen,2022,ret1,87.3,966
FR,eth_x_fg,black,all,first_gen,2023,ret1,87.5,977
FR,eth_x_fg,black,all,first_gen,2024,ret1,88.3,986
FR,eth_x_fg,black,all,not_first_gen,1999,gradgpa_mean,3.091,246
FR,eth_x_fg,black,all,not_first_gen,1999,ttd_mean,4.48,
FR,eth_x_fg,black,all,not_first_gen,2000,grad3,0.7,401
FR,eth_x_fg,black,all,not_first_gen,2000,grad4,38.7,401
FR,eth_x_fg,black,all,not_first_gen,2000,grad5,66.6,401
FR,eth_x_fg,black,all,not_first_gen,2000,grad6,71.6,401
FR,eth_x_fg,black,all,not_first_gen,2000,grad7p,73.8,401
FR,eth_x_fg,black,all,not_first_gen,2000,gradgpa_mean,3.162,284
FR,eth_x_fg,black,all,not_first_gen,2000,ret1,92.0,401
FR,eth_x_fg,black,all,not_first_gen,2000,ttd_mean,4.49,
FR,eth_x_fg,black,all,not_first_gen,2001,grad3,1.2,410
FR,eth_x_fg,black,all,not_first_gen,2001,grad4,43.4,410
FR,eth_x_fg,black,all,not_first_gen,2001,grad5,69.8,410
FR,eth_x_fg,black,all,not_first_gen,2001,grad6,73.9,410
FR,eth_x_fg,black,all,not_first_gen,2001,grad7p,74.9,410
FR,eth_x_fg,black,all,not_first_gen,2001,gradgpa_mean,3.067,298
FR,eth_x_fg,black,all,not_first_gen,2001,ret1,91.0,410
FR,eth_x_fg,black,all,not_first_gen,2001,ttd_mean,4.37,
FR,eth_x_fg,black,all,not_first_gen,2002,grad3,1.2,408
FR,eth_x_fg,black,all,not_first_gen,2002,grad4,46.8,408
FR,eth_x_fg,black,all,not_first_gen,2002,grad5,70.8,408
FR,eth_x_fg,black,all,not_first_gen,2002,grad6,76.0,408
FR,eth_x_fg,black,all,not_first_gen,2002,grad7p,78.9,408
FR,eth_x_fg,black,all,not_first_gen,2002,gradgpa_mean,3.146,305
FR,eth_x_fg,black,all,not_first_gen,2002,ret1,92.6,408
FR,eth_x_fg,black,all,not_first_gen,2002,ttd_mean,4.42,
FR,eth_x_fg,black,all,not_first_gen,2003,grad3,1.2,430
FR,eth_x_fg,black,all,not_first_gen,2003,grad4,42.8,430
FR,eth_x_fg,black,all,not_first_gen,2003,grad5,68.6,430
FR,eth_x_fg,black,all,not_first_gen,2003,grad6,75.3,430
FR,eth_x_fg,black,all,not_first_gen,2003,grad7p,77.7,430
FR,eth_x_fg,black,all,not_first_gen,2003,gradgpa_mean,3.074,319
FR,eth_x_fg,black,all,not_first_gen,2003,ret1,92.3,430
FR,eth_x_fg,black,all,not_first_gen,2003,ttd_mean,4.45,
FR,eth_x_fg,black,all,not_first_gen,2004,grad3,2.8,390
FR,eth_x_fg,black,all,not_first_gen,2004,grad4,49.0,390
FR,eth_x_fg,black,all,not_first_gen,2004,grad5,73.6,390
FR,eth_x_fg,black,all,not_first_gen,2004,grad6,80.0,390
FR,eth_x_fg,black,all,not_first_gen,2004,grad7p,81.5,390
FR,eth_x_fg,black,all,not_first_gen,2004,gradgpa_mean,3.196,312
FR,eth_x_fg,black,all,not_first_gen,2004,ret1,93.1,390
FR,eth_x_fg,black,all,not_first_gen,2004,ttd_mean,4.37,
FR,eth_x_fg,black,all,not_first_gen,2005,grad3,1.4,434
FR,eth_x_fg,black,all,not_first_gen,2005,grad4,44.9,434
FR,eth_x_fg,black,all,not_first_gen,2005,grad5,72.6,434
FR,eth_x_fg,black,all,not_first_gen,2005,grad6,78.1,434
FR,eth_x_fg,black,all,not_first_gen,2005,grad7p,79.3,434
FR,eth_x_fg,black,all,not_first_gen,2005,gradgpa_mean,3.045,333
FR,eth_x_fg,black,all,not_first_gen,2005,ret1,89.6,434
FR,eth_x_fg,black,all,not_first_gen,2005,ttd_mean,4.41,
FR,eth_x_fg,black,all,not_first_gen,2006,grad3,2.5,476
FR,eth_x_fg,black,all,not_first_gen,2006,grad4,46.6,476
FR,eth_x_fg,black,all,not_first_gen,2006,grad5,72.9,476
FR,eth_x_fg,black,all,not_first_gen,2006,grad6,77.5,476
FR,eth_x_fg,black,all,not_first_gen,2006,grad7p,79.6,476
FR,eth_x_fg,black,all,not_first_gen,2006,gradgpa_mean,3.131,369
FR,eth_x_fg,black,all,not_first_gen,2006,ret1,92.0,476
FR,eth_x_fg,black,all,not_first_gen,2006,ttd_mean,4.37,
FR,eth_x_fg,black,all,not_first_gen,2007,grad3,2.8,572
FR,eth_x_fg,black,all,not_first_gen,2007,grad4,50.2,572
FR,eth_x_fg,black,all,not_first_gen,2007,grad5,73.6,572
FR,eth_x_fg,black,all,not_first_gen,2007,grad6,78.5,572
FR,eth_x_fg,black,all,not_first_gen,2007,grad7p,80.9,572
FR,eth_x_fg,black,all,not_first_gen,2007,gradgpa_mean,3.148,449
FR,eth_x_fg,black,all,not_first_gen,2007,ret1,93.5,572
FR,eth_x_fg,black,all,not_first_gen,2007,ttd_mean,4.35,
FR,eth_x_fg,black,all,not_first_gen,2008,grad3,1.5,615
FR,eth_x_fg,black,all,not_first_gen,2008,grad4,51.7,615
FR,eth_x_fg,black,all,not_first_gen,2008,grad5,74.8,615
FR,eth_x_fg,black,all,not_first_gen,2008,grad6,79.5,615
FR,eth_x_fg,black,all,not_first_gen,2008,grad7p,81.3,615
FR,eth_x_fg,black,all,not_first_gen,2008,gradgpa_mean,3.12,480
FR,eth_x_fg,black,all,not_first_gen,2008,ret1,92.4,615
FR,eth_x_fg,black,all,not_first_gen,2008,ttd_mean,4.33,
FR,eth_x_fg,black,all,not_first_gen,2009,grad3,2.0,601
FR,eth_x_fg,black,all,not_first_gen,2009,grad4,51.4,601
FR,eth_x_fg,black,all,not_first_gen,2009,grad5,73.2,601
FR,eth_x_fg,black,all,not_first_gen,2009,grad6,76.9,601
FR,eth_x_fg,black,all,not_first_gen,2009,grad7p,77.5,601
FR,eth_x_fg,black,all,not_first_gen,2009,gradgpa_mean,3.106,462
FR,eth_x_fg,black,all,not_first_gen,2009,ret1,91.7,601
FR,eth_x_fg,black,all,not_first_gen,2009,ttd_mean,4.25,
FR,eth_x_fg,black,all,not_first_gen,2010,grad3,2.6,568
FR,eth_x_fg,black,all,not_first_gen,2010,grad4,55.5,568
FR,eth_x_fg,black,all,not_first_gen,2010,grad5,76.4,568
FR,eth_x_fg,black,all,not_first_gen,2010,grad6,79.2,568
FR,eth_x_fg,black,all,not_first_gen,2010,grad6_nonuc,79.2,
FR,eth_x_fg,black,all,not_first_gen,2010,grad7p,80.5,568
FR,eth_x_fg,black,all,not_first_gen,2010,gradgpa_mean,3.189,450
FR,eth_x_fg,black,all,not_first_gen,2010,ret1,91.9,568
FR,eth_x_fg,black,all,not_first_gen,2010,ttd_mean,4.24,
FR,eth_x_fg,black,all,not_first_gen,2011,grad3,2.9,631
FR,eth_x_fg,black,all,not_first_gen,2011,grad4,52.3,631
FR,eth_x_fg,black,all,not_first_gen,2011,grad5,74.0,631
FR,eth_x_fg,black,all,not_first_gen,2011,grad6,78.0,631
FR,eth_x_fg,black,all,not_first_gen,2011,grad6_nonuc,82.3,
FR,eth_x_fg,black,all,not_first_gen,2011,grad7p,80.0,631
FR,eth_x_fg,black,all,not_first_gen,2011,gradgpa_mean,3.197,492
FR,eth_x_fg,black,all,not_first_gen,2011,ret1,92.4,631
FR,eth_x_fg,black,all,not_first_gen,2011,ttd_mean,4.28,
FR,eth_x_fg,black,all,not_first_gen,2012,grad3,2.2,714
FR,eth_x_fg,black,all,not_first_gen,2012,grad4,57.7,714
FR,eth_x_fg,black,all,not_first_gen,2012,grad5,76.2,714
FR,eth_x_fg,black,all,not_first_gen,2012,grad6,78.9,714
FR,eth_x_fg,black,all,not_first_gen,2012,grad6_nonuc,81.2,
FR,eth_x_fg,black,all,not_first_gen,2012,grad7p,80.8,714
FR,eth_x_fg,black,all,not_first_gen,2012,gradgpa_mean,3.238,563
FR,eth_x_fg,black,all,not_first_gen,2012,ret1,91.3,714
FR,eth_x_fg,black,all,not_first_gen,2012,ttd_mean,4.24,
FR,eth_x_fg,black,all,not_first_gen,2013,grad3,3.5,691
FR,eth_x_fg,black,all,not_first_gen,2013,grad4,57.7,691
FR,eth_x_fg,black,all,not_first_gen,2013,grad5,78.3,691
FR,eth_x_fg,black,all,not_first_gen,2013,grad6,81.8,691
FR,eth_x_fg,black,all,not_first_gen,2013,grad6_nonuc,83.8,
FR,eth_x_fg,black,all,not_first_gen,2013,grad7p,83.4,691
FR,eth_x_fg,black,all,not_first_gen,2013,gradgpa_mean,3.219,565
FR,eth_x_fg,black,all,not_first_gen,2013,ret1,92.3,691
FR,eth_x_fg,black,all,not_first_gen,2013,ttd_mean,4.26,
FR,eth_x_fg,black,all,not_first_gen,2014,grad3,3.2,750
FR,eth_x_fg,black,all,not_first_gen,2014,grad4,66.7,750
FR,eth_x_fg,black,all,not_first_gen,2014,grad5,81.7,750
FR,eth_x_fg,black,all,not_first_gen,2014,grad6,84.4,750
FR,eth_x_fg,black,all,not_first_gen,2014,grad6_nonuc,87.1,
FR,eth_x_fg,black,all,not_first_gen,2014,grad7p,85.7,750
FR,eth_x_fg,black,all,not_first_gen,2014,gradgpa_mean,3.253,633
FR,eth_x_fg,black,all,not_first_gen,2014,ret1,93.1,750
FR,eth_x_fg,black,all,not_first_gen,2014,ttd_mean,4.16,
FR,eth_x_fg,black,all,not_first_gen,2015,grad3,2.0,747
FR,eth_x_fg,black,all,not_first_gen,2015,grad4,58.9,747
FR,eth_x_fg,black,all,not_first_gen,2015,grad5,78.0,747
FR,eth_x_fg,black,all,not_first_gen,2015,grad6,81.9,747
FR,eth_x_fg,black,all,not_first_gen,2015,grad6_nonuc,84.6,
FR,eth_x_fg,black,all,not_first_gen,2015,grad7p,82.3,747
FR,eth_x_fg,black,all,not_first_gen,2015,gradgpa_mean,3.32,612
FR,eth_x_fg,black,all,not_first_gen,2015,ret1,92.6,747
FR,eth_x_fg,black,all,not_first_gen,2015,ttd_mean,4.21,
FR,eth_x_fg,black,all,not_first_gen,2016,grad3,2.8,996
FR,eth_x_fg,black,all,not_first_gen,2016,grad4,65.3,996
FR,eth_x_fg,black,all,not_first_gen,2016,grad5,80.4,996
FR,eth_x_fg,black,all,not_first_gen,2016,grad6,82.6,996
FR,eth_x_fg,black,all,not_first_gen,2016,grad6_nonuc,84.6,
FR,eth_x_fg,black,all,not_first_gen,2016,grad7p,83.5,996
FR,eth_x_fg,black,all,not_first_gen,2016,gradgpa_mean,3.437,823
FR,eth_x_fg,black,all,not_first_gen,2016,ret1,91.3,996
FR,eth_x_fg,black,all,not_first_gen,2016,ttd_mean,4.13,
FR,eth_x_fg,black,all,not_first_gen,2017,grad3,5.2,942
FR,eth_x_fg,black,all,not_first_gen,2017,grad4,65.4,942
FR,eth_x_fg,black,all,not_first_gen,2017,grad5,79.0,942
FR,eth_x_fg,black,all,not_first_gen,2017,grad6,82.1,942
FR,eth_x_fg,black,all,not_first_gen,2017,grad6_nonuc,85.7,
FR,eth_x_fg,black,all,not_first_gen,2017,grad7p,83.2,942
FR,eth_x_fg,black,all,not_first_gen,2017,gradgpa_mean,3.487,773
FR,eth_x_fg,black,all,not_first_gen,2017,ret1,90.4,942
FR,eth_x_fg,black,all,not_first_gen,2017,ttd_mean,4.11,
FR,eth_x_fg,black,all,not_first_gen,2018,grad3,5.3,995
FR,eth_x_fg,black,all,not_first_gen,2018,grad4,66.5,995
FR,eth_x_fg,black,all,not_first_gen,2018,grad5,79.4,995
FR,eth_x_fg,black,all,not_first_gen,2018,grad6,82.6,995
FR,eth_x_fg,black,all,not_first_gen,2018,grad6_nonuc,85.1,
FR,eth_x_fg,black,all,not_first_gen,2018,grad7p,84.1,995
FR,eth_x_fg,black,all,not_first_gen,2018,gradgpa_mean,3.436,822
FR,eth_x_fg,black,all,not_first_gen,2018,ret1,91.8,995
FR,eth_x_fg,black,all,not_first_gen,2018,ttd_mean,4.11,
FR,eth_x_fg,black,all,not_first_gen,2019,grad3,5.2,963
FR,eth_x_fg,black,all,not_first_gen,2019,grad4,65.5,963
FR,eth_x_fg,black,all,not_first_gen,2019,grad5,78.7,963
FR,eth_x_fg,black,all,not_first_gen,2019,grad6,80.9,963
FR,eth_x_fg,black,all,not_first_gen,2019,grad6_nonuc,83.8,
FR,eth_x_fg,black,all,not_first_gen,2019,gradgpa_mean,3.364,779
FR,eth_x_fg,black,all,not_first_gen,2019,ret1,92.2,963
FR,eth_x_fg,black,all,not_first_gen,2020,grad3,5.4,1050
FR,eth_x_fg,black,all,not_first_gen,2020,grad4,66.5,1050
FR,eth_x_fg,black,all,not_first_gen,2020,grad5,80.3,1050
FR,eth_x_fg,black,all,not_first_gen,2020,gradgpa_mean,3.414,843
FR,eth_x_fg,black,all,not_first_gen,2020,ret1,93.8,1050
FR,eth_x_fg,black,all,not_first_gen,2021,grad3,4.3,1335
FR,eth_x_fg,black,all,not_first_gen,2021,grad4,67.9,1335
FR,eth_x_fg,black,all,not_first_gen,2021,gradgpa_mean,3.462,906
FR,eth_x_fg,black,all,not_first_gen,2021,ret1,90.5,1335
FR,eth_x_fg,black,all,not_first_gen,2022,grad3,5.6,1269
FR,eth_x_fg,black,all,not_first_gen,2022,gradgpa_mean,3.61,71
FR,eth_x_fg,black,all,not_first_gen,2022,ret1,93.1,1269
FR,eth_x_fg,black,all,not_first_gen,2023,ret1,92.5,1381
FR,eth_x_fg,black,all,not_first_gen,2024,ret1,91.4,1463
FR,eth_x_fg,hispanic_latino,all,first_gen,1999,gradgpa_mean,3.182,1600
FR,eth_x_fg,hispanic_latino,all,first_gen,1999,ttd_mean,4.56,
FR,eth_x_fg,hispanic_latino,all,first_gen,2000,grad3,1.1,2465
FR,eth_x_fg,hispanic_latino,all,first_gen,2000,grad4,34.8,2465
FR,eth_x_fg,hispanic_latino,all,first_gen,2000,grad5,66.9,2465
FR,eth_x_fg,hispanic_latino,all,first_gen,2000,grad6,73.5,2465
FR,eth_x_fg,hispanic_latino,all,first_gen,2000,grad7p,75.2,2465
FR,eth_x_fg,hispanic_latino,all,first_gen,2000,gradgpa_mean,3.146,1812
FR,eth_x_fg,hispanic_latino,all,first_gen,2000,ret1,87.6,2465
FR,eth_x_fg,hispanic_latino,all,first_gen,2000,ttd_mean,4.55,
FR,eth_x_fg,hispanic_latino,all,first_gen,2001,grad3,1.9,2783
FR,eth_x_fg,hispanic_latino,all,first_gen,2001,grad4,38.6,2783
FR,eth_x_fg,hispanic_latino,all,first_gen,2001,grad5,66.0,2783
FR,eth_x_fg,hispanic_latino,all,first_gen,2001,grad6,71.5,2783
FR,eth_x_fg,hispanic_latino,all,first_gen,2001,grad7p,73.4,2783
FR,eth_x_fg,hispanic_latino,all,first_gen,2001,gradgpa_mean,3.117,1990
FR,eth_x_fg,hispanic_latino,all,first_gen,2001,ret1,86.8,2783
FR,eth_x_fg,hispanic_latino,all,first_gen,2001,ttd_mean,4.46,
FR,eth_x_fg,hispanic_latino,all,first_gen,2002,grad3,1.3,3069
FR,eth_x_fg,hispanic_latino,all,first_gen,2002,grad4,40.4,3069
FR,eth_x_fg,hispanic_latino,all,first_gen,2002,grad5,66.0,3069
FR,eth_x_fg,hispanic_latino,all,first_gen,2002,grad6,71.5,3069
FR,eth_x_fg,hispanic_latino,all,first_gen,2002,grad7p,73.1,3069
FR,eth_x_fg,hispanic_latino,all,first_gen,2002,gradgpa_mean,3.103,2193
FR,eth_x_fg,hispanic_latino,all,first_gen,2002,ret1,87.1,3069
FR,eth_x_fg,hispanic_latino,all,first_gen,2002,ttd_mean,4.43,
FR,eth_x_fg,hispanic_latino,all,first_gen,2003,grad3,0.9,3227
FR,eth_x_fg,hispanic_latino,all,first_gen,2003,grad4,40.3,3227
FR,eth_x_fg,hispanic_latino,all,first_gen,2003,grad5,65.5,3227
FR,eth_x_fg,hispanic_latino,all,first_gen,2003,grad6,70.4,3227
FR,eth_x_fg,hispanic_latino,all,first_gen,2003,grad7p,72.2,3227
FR,eth_x_fg,hispanic_latino,all,first_gen,2003,gradgpa_mean,3.139,2273
FR,eth_x_fg,hispanic_latino,all,first_gen,2003,ret1,86.5,3227
FR,eth_x_fg,hispanic_latino,all,first_gen,2003,ttd_mean,4.43,
FR,eth_x_fg,hispanic_latino,all,first_gen,2004,grad3,1.4,3074
FR,eth_x_fg,hispanic_latino,all,first_gen,2004,grad4,44.6,3074
FR,eth_x_fg,hispanic_latino,all,first_gen,2004,grad5,68.2,3074
FR,eth_x_fg,hispanic_latino,all,first_gen,2004,grad6,72.6,3074
FR,eth_x_fg,hispanic_latino,all,first_gen,2004,grad7p,74.4,3074
FR,eth_x_fg,hispanic_latino,all,first_gen,2004,gradgpa_mean,3.157,2233
FR,eth_x_fg,hispanic_latino,all,first_gen,2004,ret1,87.6,3074
FR,eth_x_fg,hispanic_latino,all,first_gen,2004,ttd_mean,4.37,
FR,eth_x_fg,hispanic_latino,all,first_gen,2005,grad3,1.6,3321
FR,eth_x_fg,hispanic_latino,all,first_gen,2005,grad4,44.0,3321
FR,eth_x_fg,hispanic_latino,all,first_gen,2005,grad5,67.8,3321
FR,eth_x_fg,hispanic_latino,all,first_gen,2005,grad6,72.3,3321
FR,eth_x_fg,hispanic_latino,all,first_gen,2005,grad7p,74.1,3321
FR,eth_x_fg,hispanic_latino,all,first_gen,2005,gradgpa_mean,3.138,2400
FR,eth_x_fg,hispanic_latino,all,first_gen,2005,ret1,86.3,3321
FR,eth_x_fg,hispanic_latino,all,first_gen,2005,ttd_mean,4.37,
FR,eth_x_fg,hispanic_latino,all,first_gen,2006,grad3,1.6,3987
FR,eth_x_fg,hispanic_latino,all,first_gen,2006,grad4,42.9,3987
FR,eth_x_fg,hispanic_latino,all,first_gen,2006,grad5,67.1,3987
FR,eth_x_fg,hispanic_latino,all,first_gen,2006,grad6,72.0,3987
FR,eth_x_fg,hispanic_latino,all,first_gen,2006,grad7p,73.7,3987
FR,eth_x_fg,hispanic_latino,all,first_gen,2006,gradgpa_mean,3.162,2870
FR,eth_x_fg,hispanic_latino,all,first_gen,2006,ret1,86.2,3987
FR,eth_x_fg,hispanic_latino,all,first_gen,2006,ttd_mean,4.39,
FR,eth_x_fg,hispanic_latino,all,first_gen,2007,grad3,1.3,4240
FR,eth_x_fg,hispanic_latino,all,first_gen,2007,grad4,43.4,4240
FR,eth_x_fg,hispanic_latino,all,first_gen,2007,grad5,67.9,4240
FR,eth_x_fg,hispanic_latino,all,first_gen,2007,grad6,72.4,4240
FR,eth_x_fg,hispanic_latino,all,first_gen,2007,grad7p,74.0,4240
FR,eth_x_fg,hispanic_latino,all,first_gen,2007,gradgpa_mean,3.153,3071
FR,eth_x_fg,hispanic_latino,all,first_gen,2007,ret1,85.5,4240
FR,eth_x_fg,hispanic_latino,all,first_gen,2007,ttd_mean,4.39,
FR,eth_x_fg,hispanic_latino,all,first_gen,2008,grad3,1.4,4965
FR,eth_x_fg,hispanic_latino,all,first_gen,2008,grad4,44.6,4965
FR,eth_x_fg,hispanic_latino,all,first_gen,2008,grad5,70.3,4965
FR,eth_x_fg,hispanic_latino,all,first_gen,2008,grad6,74.7,4965
FR,eth_x_fg,hispanic_latino,all,first_gen,2008,grad7p,76.2,4965
FR,eth_x_fg,hispanic_latino,all,first_gen,2008,gradgpa_mean,3.135,3710
FR,eth_x_fg,hispanic_latino,all,first_gen,2008,ret1,87.8,4965
FR,eth_x_fg,hispanic_latino,all,first_gen,2008,ttd_mean,4.38,
FR,eth_x_fg,hispanic_latino,all,first_gen,2009,grad3,1.6,4995
FR,eth_x_fg,hispanic_latino,all,first_gen,2009,grad4,47.8,4995
FR,eth_x_fg,hispanic_latino,all,first_gen,2009,grad5,72.2,4995
FR,eth_x_fg,hispanic_latino,all,first_gen,2009,grad6,76.2,4995
FR,eth_x_fg,hispanic_latino,all,first_gen,2009,grad7p,77.5,4995
FR,eth_x_fg,hispanic_latino,all,first_gen,2009,gradgpa_mean,3.148,3807
FR,eth_x_fg,hispanic_latino,all,first_gen,2009,ret1,88.3,4995
FR,eth_x_fg,hispanic_latino,all,first_gen,2009,ttd_mean,4.35,
FR,eth_x_fg,hispanic_latino,all,first_gen,2010,grad3,1.2,5475
FR,eth_x_fg,hispanic_latino,all,first_gen,2010,grad4,45.1,5475
FR,eth_x_fg,hispanic_latino,all,first_gen,2010,grad5,71.7,5475
FR,eth_x_fg,hispanic_latino,all,first_gen,2010,grad6,75.6,5475
FR,eth_x_fg,hispanic_latino,all,first_gen,2010,grad6_nonuc,75.6,
FR,eth_x_fg,hispanic_latino,all,first_gen,2010,grad7p,77.0,5475
FR,eth_x_fg,hispanic_latino,all,first_gen,2010,gradgpa_mean,3.165,4141
FR,eth_x_fg,hispanic_latino,all,first_gen,2010,ret1,88.2,5475
FR,eth_x_fg,hispanic_latino,all,first_gen,2010,ttd_mean,4.38,
FR,eth_x_fg,hispanic_latino,all,first_gen,2011,grad3,1.2,6466
FR,eth_x_fg,hispanic_latino,all,first_gen,2011,grad4,46.7,6466
FR,eth_x_fg,hispanic_latino,all,first_gen,2011,grad5,70.7,6466
FR,eth_x_fg,hispanic_latino,all,first_gen,2011,grad6,74.5,6466
FR,eth_x_fg,hispanic_latino,all,first_gen,2011,grad6_nonuc,76.5,
FR,eth_x_fg,hispanic_latino,all,first_gen,2011,grad7p,75.8,6466
FR,eth_x_fg,hispanic_latino,all,first_gen,2011,gradgpa_mean,3.178,4815
FR,eth_x_fg,hispanic_latino,all,first_gen,2011,ret1,87.3,6466
FR,eth_x_fg,hispanic_latino,all,first_gen,2011,ttd_mean,4.35,
FR,eth_x_fg,hispanic_latino,all,first_gen,2012,grad3,1.1,6815
FR,eth_x_fg,hispanic_latino,all,first_gen,2012,grad4,49.8,6815
FR,eth_x_fg,hispanic_latino,all,first_gen,2012,grad5,71.7,6815
FR,eth_x_fg,hispanic_latino,all,first_gen,2012,grad6,75.6,6815
FR,eth_x_fg,hispanic_latino,all,first_gen,2012,grad6_nonuc,77.9,
FR,eth_x_fg,hispanic_latino,all,first_gen,2012,grad7p,76.9,6815
FR,eth_x_fg,hispanic_latino,all,first_gen,2012,gradgpa_mean,3.159,5154
FR,eth_x_fg,hispanic_latino,all,first_gen,2012,ret1,88.4,6815
FR,eth_x_fg,hispanic_latino,all,first_gen,2012,ttd_mean,4.32,
FR,eth_x_fg,hispanic_latino,all,first_gen,2013,grad3,1.3,7101
FR,eth_x_fg,hispanic_latino,all,first_gen,2013,grad4,52.2,7101
FR,eth_x_fg,hispanic_latino,all,first_gen,2013,grad5,73.6,7101
FR,eth_x_fg,hispanic_latino,all,first_gen,2013,grad6,77.1,7101
FR,eth_x_fg,hispanic_latino,all,first_gen,2013,grad6_nonuc,79.1,
FR,eth_x_fg,hispanic_latino,all,first_gen,2013,grad7p,78.3,7101
FR,eth_x_fg,hispanic_latino,all,first_gen,2013,gradgpa_mean,3.215,5477
FR,eth_x_fg,hispanic_latino,all,first_gen,2013,ret1,88.9,7101
FR,eth_x_fg,hispanic_latino,all,first_gen,2013,ttd_mean,4.3,
FR,eth_x_fg,hispanic_latino,all,first_gen,2014,grad3,1.3,7540
FR,eth_x_fg,hispanic_latino,all,first_gen,2014,grad4,52.1,7540
FR,eth_x_fg,hispanic_latino,all,first_gen,2014,grad5,73.4,7540
FR,eth_x_fg,hispanic_latino,all,first_gen,2014,grad6,77.1,7540
FR,eth_x_fg,hispanic_latino,all,first_gen,2014,grad6_nonuc,79.0,
FR,eth_x_fg,hispanic_latino,all,first_gen,2014,grad7p,78.6,7540
FR,eth_x_fg,hispanic_latino,all,first_gen,2014,gradgpa_mean,3.223,5812
FR,eth_x_fg,hispanic_latino,all,first_gen,2014,ret1,88.9,7540
FR,eth_x_fg,hispanic_latino,all,first_gen,2014,ttd_mean,4.31,
FR,eth_x_fg,hispanic_latino,all,first_gen,2015,grad3,2.0,7481
FR,eth_x_fg,hispanic_latino,all,first_gen,2015,grad4,55.4,7481
FR,eth_x_fg,hispanic_latino,all,first_gen,2015,grad5,75.1,7481
FR,eth_x_fg,hispanic_latino,all,first_gen,2015,grad6,78.5,7481
FR,eth_x_fg,hispanic_latino,all,first_gen,2015,grad6_nonuc,80.5,
FR,eth_x_fg,hispanic_latino,all,first_gen,2015,grad7p,79.6,7481
FR,eth_x_fg,hispanic_latino,all,first_gen,2015,gradgpa_mean,3.29,5874
FR,eth_x_fg,hispanic_latino,all,first_gen,2015,ret1,90.0,7481
FR,eth_x_fg,hispanic_latino,all,first_gen,2015,ttd_mean,4.26,
FR,eth_x_fg,hispanic_latino,all,first_gen,2016,grad3,2.0,9383
FR,eth_x_fg,hispanic_latino,all,first_gen,2016,grad4,58.7,9383
FR,eth_x_fg,hispanic_latino,all,first_gen,2016,grad5,75.6,9383
FR,eth_x_fg,hispanic_latino,all,first_gen,2016,grad6,78.1,9383
FR,eth_x_fg,hispanic_latino,all,first_gen,2016,grad6_nonuc,80.2,
FR,eth_x_fg,hispanic_latino,all,first_gen,2016,grad7p,79.1,9383
FR,eth_x_fg,hispanic_latino,all,first_gen,2016,gradgpa_mean,3.382,7325
FR,eth_x_fg,hispanic_latino,all,first_gen,2016,ret1,88.9,9383
FR,eth_x_fg,hispanic_latino,all,first_gen,2016,ttd_mean,4.2,
FR,eth_x_fg,hispanic_latino,all,first_gen,2017,grad3,2.6,8761
FR,eth_x_fg,hispanic_latino,all,first_gen,2017,grad4,60.0,8761
FR,eth_x_fg,hispanic_latino,all,first_gen,2017,grad5,74.1,8761
FR,eth_x_fg,hispanic_latino,all,first_gen,2017,grad6,76.6,8761
FR,eth_x_fg,hispanic_latino,all,first_gen,2017,grad6_nonuc,79.1,
FR,eth_x_fg,hispanic_latino,all,first_gen,2017,grad7p,77.7,8761
FR,eth_x_fg,hispanic_latino,all,first_gen,2017,gradgpa_mean,3.434,6710
FR,eth_x_fg,hispanic_latino,all,first_gen,2017,ret1,88.2,8761
FR,eth_x_fg,hispanic_latino,all,first_gen,2017,ttd_mean,4.17,
FR,eth_x_fg,hispanic_latino,all,first_gen,2018,grad3,2.8,8513
FR,eth_x_fg,hispanic_latino,all,first_gen,2018,grad4,59.2,8513
FR,eth_x_fg,hispanic_latino,all,first_gen,2018,grad5,73.0,8513
FR,eth_x_fg,hispanic_latino,all,first_gen,2018,grad6,75.8,8513
FR,eth_x_fg,hispanic_latino,all,first_gen,2018,grad6_nonuc,78.4,
FR,eth_x_fg,hispanic_latino,all,first_gen,2018,grad7p,76.9,8513
FR,eth_x_fg,hispanic_latino,all,first_gen,2018,gradgpa_mean,3.377,6454
FR,eth_x_fg,hispanic_latino,all,first_gen,2018,ret1,88.1,8513
FR,eth_x_fg,hispanic_latino,all,first_gen,2018,ttd_mean,4.17,
FR,eth_x_fg,hispanic_latino,all,first_gen,2019,grad3,3.9,8527
FR,eth_x_fg,hispanic_latino,all,first_gen,2019,grad4,61.2,8527
FR,eth_x_fg,hispanic_latino,all,first_gen,2019,grad5,74.7,8527
FR,eth_x_fg,hispanic_latino,all,first_gen,2019,grad6,77.2,8527
FR,eth_x_fg,hispanic_latino,all,first_gen,2019,grad6_nonuc,79.5,
FR,eth_x_fg,hispanic_latino,all,first_gen,2019,gradgpa_mean,3.341,6582
FR,eth_x_fg,hispanic_latino,all,first_gen,2019,ret1,90.8,8527
FR,eth_x_fg,hispanic_latino,all,first_gen,2020,grad3,3.3,8602
FR,eth_x_fg,hispanic_latino,all,first_gen,2020,grad4,58.6,8602
FR,eth_x_fg,hispanic_latino,all,first_gen,2020,grad5,69.9,8602
FR,eth_x_fg,hispanic_latino,all,first_gen,2020,gradgpa_mean,3.363,6009
FR,eth_x_fg,hispanic_latino,all,first_gen,2020,ret1,85.5,8602
FR,eth_x_fg,hispanic_latino,all,first_gen,2021,grad3,3.5,9570
FR,eth_x_fg,hispanic_latino,all,first_gen,2021,grad4,59.7,9570
FR,eth_x_fg,hispanic_latino,all,first_gen,2021,gradgpa_mean,3.392,5713
FR,eth_x_fg,hispanic_latino,all,first_gen,2021,ret1,85.7,9570
FR,eth_x_fg,hispanic_latino,all,first_gen,2022,grad3,4.3,9381
FR,eth_x_fg,hispanic_latino,all,first_gen,2022,gradgpa_mean,3.46,405
FR,eth_x_fg,hispanic_latino,all,first_gen,2022,ret1,87.9,9381
FR,eth_x_fg,hispanic_latino,all,first_gen,2023,ret1,88.2,10469
FR,eth_x_fg,hispanic_latino,all,first_gen,2024,ret1,89.6,9845
FR,eth_x_fg,hispanic_latino,all,not_first_gen,1999,gradgpa_mean,3.253,756
FR,eth_x_fg,hispanic_latino,all,not_first_gen,1999,ttd_mean,4.43,
FR,eth_x_fg,hispanic_latino,all,not_first_gen,2000,grad3,2.2,983
FR,eth_x_fg,hispanic_latino,all,not_first_gen,2000,grad4,44.8,983
FR,eth_x_fg,hispanic_latino,all,not_first_gen,2000,grad5,72.9,983
FR,eth_x_fg,hispanic_latino,all,not_first_gen,2000,grad6,78.7,983
FR,eth_x_fg,hispanic_latino,all,not_first_gen,2000,grad7p,79.9,983
FR,eth_x_fg,hispanic_latino,all,not_first_gen,2000,gradgpa_mean,3.24,774
FR,eth_x_fg,hispanic_latino,all,not_first_gen,2000,ret1,89.7,983
FR,eth_x_fg,hispanic_latino,all,not_first_gen,2000,ttd_mean,4.38,
FR,eth_x_fg,hispanic_latino,all,not_first_gen,2001,grad3,2.1,1082
FR,eth_x_fg,hispanic_latino,all,not_first_gen,2001,grad4,49.9,1082
FR,eth_x_fg,hispanic_latino,all,not_first_gen,2001,grad5,72.8,1082
FR,eth_x_fg,hispanic_latino,all,not_first_gen,2001,grad6,78.1,1082
FR,eth_x_fg,hispanic_latino,all,not_first_gen,2001,grad7p,79.9,1082
FR,eth_x_fg,hispanic_latino,all,not_first_gen,2001,gradgpa_mean,3.264,845
FR,eth_x_fg,hispanic_latino,all,not_first_gen,2001,ret1,89.4,1082
FR,eth_x_fg,hispanic_latino,all,not_first_gen,2001,ttd_mean,4.34,
FR,eth_x_fg,hispanic_latino,all,not_first_gen,2002,grad3,2.9,1130
FR,eth_x_fg,hispanic_latino,all,not_first_gen,2002,grad4,50.8,1130
FR,eth_x_fg,hispanic_latino,all,not_first_gen,2002,grad5,74.7,1130
FR,eth_x_fg,hispanic_latino,all,not_first_gen,2002,grad6,79.5,1130
FR,eth_x_fg,hispanic_latino,all,not_first_gen,2002,grad7p,81.6,1130
FR,eth_x_fg,hispanic_latino,all,not_first_gen,2002,gradgpa_mean,3.204,898
FR,eth_x_fg,hispanic_latino,all,not_first_gen,2002,ret1,90.1,1130
FR,eth_x_fg,hispanic_latino,all,not_first_gen,2002,ttd_mean,4.32,
FR,eth_x_fg,hispanic_latino,all,not_first_gen,2003,grad3,2.3,1201
FR,eth_x_fg,hispanic_latino,all,not_first_gen,2003,grad4,50.3,1201
FR,eth_x_fg,hispanic_latino,all,not_first_gen,2003,grad5,73.4,1201
FR,eth_x_fg,hispanic_latino,all,not_first_gen,2003,grad6,77.6,1201
FR,eth_x_fg,hispanic_latino,all,not_first_gen,2003,grad7p,79.2,1201
FR,eth_x_fg,hispanic_latino,all,not_first_gen,2003,gradgpa_mean,3.263,932
FR,eth_x_fg,hispanic_latino,all,not_first_gen,2003,ret1,90.3,1201
FR,eth_x_fg,hispanic_latino,all,not_first_gen,2003,ttd_mean,4.31,
FR,eth_x_fg,hispanic_latino,all,not_first_gen,2004,grad3,2.6,1102
FR,eth_x_fg,hispanic_latino,all,not_first_gen,2004,grad4,52.2,1102
FR,eth_x_fg,hispanic_latino,all,not_first_gen,2004,grad5,77.8,1102
FR,eth_x_fg,hispanic_latino,all,not_first_gen,2004,grad6,80.7,1102
FR,eth_x_fg,hispanic_latino,all,not_first_gen,2004,grad7p,81.6,1102
FR,eth_x_fg,hispanic_latino,all,not_first_gen,2004,gradgpa_mean,3.296,889
FR,eth_x_fg,hispanic_latino,all,not_first_gen,2004,ret1,91.1,1102
FR,eth_x_fg,hispanic_latino,all,not_first_gen,2004,ttd_mean,4.27,
FR,eth_x_fg,hispanic_latino,all,not_first_gen,2005,grad3,3.1,1229
FR,eth_x_fg,hispanic_latino,all,not_first_gen,2005,grad4,56.4,1229
FR,eth_x_fg,hispanic_latino,all,not_first_gen,2005,grad5,78.4,1229
FR,eth_x_fg,hispanic_latino,all,not_first_gen,2005,grad6,82.2,1229
FR,eth_x_fg,hispanic_latino,all,not_first_gen,2005,grad7p,83.6,1229
FR,eth_x_fg,hispanic_latino,all,not_first_gen,2005,gradgpa_mean,3.291,1010
FR,eth_x_fg,hispanic_latino,all,not_first_gen,2005,ret1,92.0,1229
FR,eth_x_fg,hispanic_latino,all,not_first_gen,2005,ttd_mean,4.25,
FR,eth_x_fg,hispanic_latino,all,not_first_gen,2006,grad3,2.6,1363
FR,eth_x_fg,hispanic_latino,all,not_first_gen,2006,grad4,55.8,1363
FR,eth_x_fg,hispanic_latino,all,not_first_gen,2006,grad5,76.6,1363
FR,eth_x_fg,hispanic_latino,all,not_first_gen,2006,grad6,81.1,1363
FR,eth_x_fg,hispanic_latino,all,not_first_gen,2006,grad7p,82.6,1363
FR,eth_x_fg,hispanic_latino,all,not_first_gen,2006,gradgpa_mean,3.296,1106
FR,eth_x_fg,hispanic_latino,all,not_first_gen,2006,ret1,90.2,1363
FR,eth_x_fg,hispanic_latino,all,not_first_gen,2006,ttd_mean,4.26,
FR,eth_x_fg,hispanic_latino,all,not_first_gen,2007,grad3,3.2,1451
FR,eth_x_fg,hispanic_latino,all,not_first_gen,2007,grad4,55.0,1451
FR,eth_x_fg,hispanic_latino,all,not_first_gen,2007,grad5,78.3,1451
FR,eth_x_fg,hispanic_latino,all,not_first_gen,2007,grad6,81.5,1451
FR,eth_x_fg,hispanic_latino,all,not_first_gen,2007,grad7p,82.9,1451
FR,eth_x_fg,hispanic_latino,all,not_first_gen,2007,gradgpa_mean,3.315,1182
FR,eth_x_fg,hispanic_latino,all,not_first_gen,2007,ret1,89.9,1451
FR,eth_x_fg,hispanic_latino,all,not_first_gen,2007,ttd_mean,4.24,
FR,eth_x_fg,hispanic_latino,all,not_first_gen,2008,grad3,3.2,1525
FR,eth_x_fg,hispanic_latino,all,not_first_gen,2008,grad4,58.4,1525
FR,eth_x_fg,hispanic_latino,all,not_first_gen,2008,grad5,78.9,1525
FR,eth_x_fg,hispanic_latino,all,not_first_gen,2008,grad6,82.5,1525
FR,eth_x_fg,hispanic_latino,all,not_first_gen,2008,grad7p,84.1,1525
FR,eth_x_fg,hispanic_latino,all,not_first_gen,2008,gradgpa_mean,3.307,1258
FR,eth_x_fg,hispanic_latino,all,not_first_gen,2008,ret1,91.1,1525
FR,eth_x_fg,hispanic_latino,all,not_first_gen,2008,ttd_mean,4.23,
FR,eth_x_fg,hispanic_latino,all,not_first_gen,2009,grad3,3.2,1482
FR,eth_x_fg,hispanic_latino,all,not_first_gen,2009,grad4,58.7,1482
FR,eth_x_fg,hispanic_latino,all,not_first_gen,2009,grad5,80.2,1482
FR,eth_x_fg,hispanic_latino,all,not_first_gen,2009,grad6,83.9,1482
FR,eth_x_fg,hispanic_latino,all,not_first_gen,2009,grad7p,85.4,1482
FR,eth_x_fg,hispanic_latino,all,not_first_gen,2009,gradgpa_mean,3.296,1243
FR,eth_x_fg,hispanic_latino,all,not_first_gen,2009,ret1,92.0,1482
FR,eth_x_fg,hispanic_latino,all,not_first_gen,2009,ttd_mean,4.24,
FR,eth_x_fg,hispanic_latino,all,not_first_gen,2010,grad3,2.6,1525
FR,eth_x_fg,hispanic_latino,all,not_first_gen,2010,grad4,59.7,1525
FR,eth_x_fg,hispanic_latino,all,not_first_gen,2010,grad5,81.8,1525
FR,eth_x_fg,hispanic_latino,all,not_first_gen,2010,grad6,84.2,1525
FR,eth_x_fg,hispanic_latino,all,not_first_gen,2010,grad6_nonuc,84.2,
FR,eth_x_fg,hispanic_latino,all,not_first_gen,2010,grad7p,85.4,1525
FR,eth_x_fg,hispanic_latino,all,not_first_gen,2010,gradgpa_mean,3.274,1284
FR,eth_x_fg,hispanic_latino,all,not_first_gen,2010,ret1,92.3,1525
FR,eth_x_fg,hispanic_latino,all,not_first_gen,2010,ttd_mean,4.21,
FR,eth_x_fg,hispanic_latino,all,not_first_gen,2011,grad3,3.1,1783
FR,eth_x_fg,hispanic_latino,all,not_first_gen,2011,grad4,63.9,1783
FR,eth_x_fg,hispanic_latino,all,not_first_gen,2011,grad5,84.1,1783
FR,eth_x_fg,hispanic_latino,all,not_first_gen,2011,grad6,86.5,1783
FR,eth_x_fg,hispanic_latino,all,not_first_gen,2011,grad6_nonuc,89.0,
FR,eth_x_fg,hispanic_latino,all,not_first_gen,2011,grad7p,87.5,1783
FR,eth_x_fg,hispanic_latino,all,not_first_gen,2011,gradgpa_mean,3.29,1543
FR,eth_x_fg,hispanic_latino,all,not_first_gen,2011,ret1,92.8,1783
FR,eth_x_fg,hispanic_latino,all,not_first_gen,2011,ttd_mean,4.18,
FR,eth_x_fg,hispanic_latino,all,not_first_gen,2012,grad3,2.6,1847
FR,eth_x_fg,hispanic_latino,all,not_first_gen,2012,grad4,61.3,1847
FR,eth_x_fg,hispanic_latino,all,not_first_gen,2012,grad5,80.8,1847
FR,eth_x_fg,hispanic_latino,all,not_first_gen,2012,grad6,83.6,1847
FR,eth_x_fg,hispanic_latino,all,not_first_gen,2012,grad6_nonuc,86.2,
FR,eth_x_fg,hispanic_latino,all,not_first_gen,2012,grad7p,85.4,1847
FR,eth_x_fg,hispanic_latino,all,not_first_gen,2012,gradgpa_mean,3.312,1545
FR,eth_x_fg,hispanic_latino,all,not_first_gen,2012,ret1,92.5,1847
FR,eth_x_fg,hispanic_latino,all,not_first_gen,2012,ttd_mean,4.22,
FR,eth_x_fg,hispanic_latino,all,not_first_gen,2013,grad3,2.8,2000
FR,eth_x_fg,hispanic_latino,all,not_first_gen,2013,grad4,65.9,2000
FR,eth_x_fg,hispanic_latino,all,not_first_gen,2013,grad5,82.6,2000
FR,eth_x_fg,hispanic_latino,all,not_first_gen,2013,grad6,85.6,2000
FR,eth_x_fg,hispanic_latino,all,not_first_gen,2013,grad6_nonuc,88.4,
FR,eth_x_fg,hispanic_latino,all,not_first_gen,2013,grad7p,86.0,2000
FR,eth_x_fg,hispanic_latino,all,not_first_gen,2013,gradgpa_mean,3.36,1712
FR,eth_x_fg,hispanic_latino,all,not_first_gen,2013,ret1,92.0,2000
FR,eth_x_fg,hispanic_latino,all,not_first_gen,2013,ttd_mean,4.15,
FR,eth_x_fg,hispanic_latino,all,not_first_gen,2014,grad3,3.2,2099
FR,eth_x_fg,hispanic_latino,all,not_first_gen,2014,grad4,64.6,2099
FR,eth_x_fg,hispanic_latino,all,not_first_gen,2014,grad5,81.7,2099
FR,eth_x_fg,hispanic_latino,all,not_first_gen,2014,grad6,84.3,2099
FR,eth_x_fg,hispanic_latino,all,not_first_gen,2014,grad6_nonuc,87.1,
FR,eth_x_fg,hispanic_latino,all,not_first_gen,2014,grad7p,85.2,2099
FR,eth_x_fg,hispanic_latino,all,not_first_gen,2014,gradgpa_mean,3.39,1769
FR,eth_x_fg,hispanic_latino,all,not_first_gen,2014,ret1,91.0,2099
FR,eth_x_fg,hispanic_latino,all,not_first_gen,2014,ttd_mean,4.15,
FR,eth_x_fg,hispanic_latino,all,not_first_gen,2015,grad3,3.2,2090
FR,eth_x_fg,hispanic_latino,all,not_first_gen,2015,grad4,66.7,2090
FR,eth_x_fg,hispanic_latino,all,not_first_gen,2015,grad5,82.5,2090
FR,eth_x_fg,hispanic_latino,all,not_first_gen,2015,grad6,85.0,2090
FR,eth_x_fg,hispanic_latino,all,not_first_gen,2015,grad6_nonuc,87.8,
FR,eth_x_fg,hispanic_latino,all,not_first_gen,2015,grad7p,85.9,2090
FR,eth_x_fg,hispanic_latino,all,not_first_gen,2015,gradgpa_mean,3.396,1776
FR,eth_x_fg,hispanic_latino,all,not_first_gen,2015,ret1,92.2,2090
FR,eth_x_fg,hispanic_latino,all,not_first_gen,2015,ttd_mean,4.13,
FR,eth_x_fg,hispanic_latino,all,not_first_gen,2016,grad3,3.7,2797
FR,eth_x_fg,hispanic_latino,all,not_first_gen,2016,grad4,68.1,2797
FR,eth_x_fg,hispanic_latino,all,not_first_gen,2016,grad5,82.8,2797
FR,eth_x_fg,hispanic_latino,all,not_first_gen,2016,grad6,84.9,2797
FR,eth_x_fg,hispanic_latino,all,not_first_gen,2016,grad6_nonuc,88.0,
FR,eth_x_fg,hispanic_latino,all,not_first_gen,2016,grad7p,86.0,2797
FR,eth_x_fg,hispanic_latino,all,not_first_gen,2016,gradgpa_mean,3.485,2374
FR,eth_x_fg,hispanic_latino,all,not_first_gen,2016,ret1,92.2,2797
FR,eth_x_fg,hispanic_latino,all,not_first_gen,2016,ttd_mean,4.11,
FR,eth_x_fg,hispanic_latino,all,not_first_gen,2017,grad3,5.2,2774
FR,eth_x_fg,hispanic_latino,all,not_first_gen,2017,grad4,71.4,2774
FR,eth_x_fg,hispanic_latino,all,not_first_gen,2017,grad5,83.5,2774
FR,eth_x_fg,hispanic_latino,all,not_first_gen,2017,grad6,85.1,2774
FR,eth_x_fg,hispanic_latino,all,not_first_gen,2017,grad6_nonuc,88.5,
FR,eth_x_fg,hispanic_latino,all,not_first_gen,2017,grad7p,85.9,2774
FR,eth_x_fg,hispanic_latino,all,not_first_gen,2017,gradgpa_mean,3.546,2362
FR,eth_x_fg,hispanic_latino,all,not_first_gen,2017,ret1,91.3,2774
FR,eth_x_fg,hispanic_latino,all,not_first_gen,2017,ttd_mean,4.04,
FR,eth_x_fg,hispanic_latino,all,not_first_gen,2018,grad3,5.9,2685
FR,eth_x_fg,hispanic_latino,all,not_first_gen,2018,grad4,71.2,2685
FR,eth_x_fg,hispanic_latino,all,not_first_gen,2018,grad5,82.6,2685
FR,eth_x_fg,hispanic_latino,all,not_first_gen,2018,grad6,85.4,2685
FR,eth_x_fg,hispanic_latino,all,not_first_gen,2018,grad6_nonuc,88.5,
FR,eth_x_fg,hispanic_latino,all,not_first_gen,2018,grad7p,86.1,2685
FR,eth_x_fg,hispanic_latino,all,not_first_gen,2018,gradgpa_mean,3.505,2294
FR,eth_x_fg,hispanic_latino,all,not_first_gen,2018,ret1,92.4,2685
FR,eth_x_fg,hispanic_latino,all,not_first_gen,2018,ttd_mean,4.05,
FR,eth_x_fg,hispanic_latino,all,not_first_gen,2019,grad3,6.2,2784
FR,eth_x_fg,hispanic_latino,all,not_first_gen,2019,grad4,71.2,2784
FR,eth_x_fg,hispanic_latino,all,not_first_gen,2019,grad5,83.9,2784
FR,eth_x_fg,hispanic_latino,all,not_first_gen,2019,grad6,86.3,2784
FR,eth_x_fg,hispanic_latino,all,not_first_gen,2019,grad6_nonuc,89.0,
FR,eth_x_fg,hispanic_latino,all,not_first_gen,2019,gradgpa_mean,3.479,2402
FR,eth_x_fg,hispanic_latino,all,not_first_gen,2019,ret1,92.2,2784
FR,eth_x_fg,hispanic_latino,all,not_first_gen,2020,grad3,5.6,3005
FR,eth_x_fg,hispanic_latino,all,not_first_gen,2020,grad4,71.5,3005
FR,eth_x_fg,hispanic_latino,all,not_first_gen,2020,grad5,83.2,3005
FR,eth_x_fg,hispanic_latino,all,not_first_gen,2020,gradgpa_mean,3.478,2499
FR,eth_x_fg,hispanic_latino,all,not_first_gen,2020,ret1,92.9,3005
FR,eth_x_fg,hispanic_latino,all,not_first_gen,2021,grad3,5.7,3776
FR,eth_x_fg,hispanic_latino,all,not_first_gen,2021,grad4,72.2,3776
FR,eth_x_fg,hispanic_latino,all,not_first_gen,2021,gradgpa_mean,3.531,2728
FR,eth_x_fg,hispanic_latino,all,not_first_gen,2021,ret1,91.3,3776
FR,eth_x_fg,hispanic_latino,all,not_first_gen,2022,grad3,7.6,3479
FR,eth_x_fg,hispanic_latino,all,not_first_gen,2022,gradgpa_mean,3.69,266
FR,eth_x_fg,hispanic_latino,all,not_first_gen,2022,ret1,93.4,3479
FR,eth_x_fg,hispanic_latino,all,not_first_gen,2023,ret1,92.6,3840
FR,eth_x_fg,hispanic_latino,all,not_first_gen,2024,ret1,93.1,4062
FR,eth_x_fg,international,all,first_gen,1999,gradgpa_mean,3.26,36
FR,eth_x_fg,international,all,first_gen,1999,ttd_mean,3.98,
FR,eth_x_fg,international,all,first_gen,2000,grad3,14.5,83
FR,eth_x_fg,international,all,first_gen,2000,grad4,49.4,83
FR,eth_x_fg,international,all,first_gen,2000,grad5,72.3,83
FR,eth_x_fg,international,all,first_gen,2000,grad6,75.9,83
FR,eth_x_fg,international,all,first_gen,2000,grad7p,75.9,83
FR,eth_x_fg,international,all,first_gen,2000,gradgpa_mean,3.34,60
FR,eth_x_fg,international,all,first_gen,2000,ret1,84.3,83
FR,eth_x_fg,international,all,first_gen,2000,ttd_mean,4.02,
FR,eth_x_fg,international,all,first_gen,2001,grad3,8.9,79
FR,eth_x_fg,international,all,first_gen,2001,grad4,58.2,79
FR,eth_x_fg,international,all,first_gen,2001,grad5,75.9,79
FR,eth_x_fg,international,all,first_gen,2001,grad6,78.5,79
FR,eth_x_fg,international,all,first_gen,2001,grad7p,82.3,79
FR,eth_x_fg,international,all,first_gen,2001,gradgpa_mean,3.293,53
FR,eth_x_fg,international,all,first_gen,2001,ret1,87.3,79
FR,eth_x_fg,international,all,first_gen,2001,ttd_mean,4.19,
FR,eth_x_fg,international,all,first_gen,2002,grad3,15.4,91
FR,eth_x_fg,international,all,first_gen,2002,grad4,60.4,91
FR,eth_x_fg,international,all,first_gen,2002,grad5,75.8,91
FR,eth_x_fg,international,all,first_gen,2002,grad6,76.9,91
FR,eth_x_fg,international,all,first_gen,2002,grad7p,79.1,91
FR,eth_x_fg,international,all,first_gen,2002,gradgpa_mean,3.2,69
FR,eth_x_fg,international,all,first_gen,2002,ret1,91.2,91
FR,eth_x_fg,international,all,first_gen,2002,ttd_mean,3.95,
FR,eth_x_fg,international,all,first_gen,2003,grad3,9.0,89
FR,eth_x_fg,international,all,first_gen,2003,grad4,52.8,89
FR,eth_x_fg,international,all,first_gen,2003,grad5,75.3,89
FR,eth_x_fg,international,all,first_gen,2003,grad6,78.7,89
FR,eth_x_fg,international,all,first_gen,2003,grad7p,80.9,89
FR,eth_x_fg,international,all,first_gen,2003,gradgpa_mean,3.039,59
FR,eth_x_fg,international,all,first_gen,2003,ret1,86.5,89
FR,eth_x_fg,international,all,first_gen,2003,ttd_mean,4.16,
FR,eth_x_fg,international,all,first_gen,2004,grad3,13.0,115
FR,eth_x_fg,international,all,first_gen,2004,grad4,57.4,115
FR,eth_x_fg,international,all,first_gen,2004,grad5,73.0,115
FR,eth_x_fg,international,all,first_gen,2004,grad6,78.3,115
FR,eth_x_fg,international,all,first_gen,2004,grad7p,80.0,115
FR,eth_x_fg,international,all,first_gen,2004,gradgpa_mean,3.363,84
FR,eth_x_fg,international,all,first_gen,2004,ret1,92.2,115
FR,eth_x_fg,international,all,first_gen,2004,ttd_mean,4.09,
FR,eth_x_fg,international,all,first_gen,2005,grad3,8.1,111
FR,eth_x_fg,international,all,first_gen,2005,grad4,50.5,111
FR,eth_x_fg,international,all,first_gen,2005,grad5,67.6,111
FR,eth_x_fg,international,all,first_gen,2005,grad6,72.1,111
FR,eth_x_fg,international,all,first_gen,2005,grad7p,73.0,111
FR,eth_x_fg,international,all,first_gen,2005,gradgpa_mean,3.295,66
FR,eth_x_fg,international,all,first_gen,2005,ret1,86.5,111
FR,eth_x_fg,international,all,first_gen,2005,ttd_mean,4.18,
FR,eth_x_fg,international,all,first_gen,2006,grad3,4.2,118
FR,eth_x_fg,international,all,first_gen,2006,grad4,44.1,118
FR,eth_x_fg,international,all,first_gen,2006,grad5,63.6,118
FR,eth_x_fg,international,all,first_gen,2006,grad6,65.3,118
FR,eth_x_fg,international,all,first_gen,2006,grad7p,67.8,118
FR,eth_x_fg,international,all,first_gen,2006,gradgpa_mean,3.165,70
FR,eth_x_fg,international,all,first_gen,2006,ret1,83.1,118
FR,eth_x_fg,international,all,first_gen,2006,ttd_mean,4.24,
FR,eth_x_fg,international,all,first_gen,2007,grad3,3.1,159
FR,eth_x_fg,international,all,first_gen,2007,grad4,44.7,159
FR,eth_x_fg,international,all,first_gen,2007,grad5,64.2,159
FR,eth_x_fg,international,all,first_gen,2007,grad6,67.9,159
FR,eth_x_fg,international,all,first_gen,2007,grad7p,71.7,159
FR,eth_x_fg,international,all,first_gen,2007,gradgpa_mean,3.186,97
FR,eth_x_fg,international,all,first_gen,2007,ret1,88.7,159
FR,eth_x_fg,international,all,first_gen,2007,ttd_mean,4.36,
FR,eth_x_fg,international,all,first_gen,2008,grad3,4.1,194
FR,eth_x_fg,international,all,first_gen,2008,grad4,52.1,194
FR,eth_x_fg,international,all,first_gen,2008,grad5,71.1,194
FR,eth_x_fg,international,all,first_gen,2008,grad6,75.8,194
FR,eth_x_fg,international,all,first_gen,2008,grad7p,79.9,194
FR,eth_x_fg,international,all,first_gen,2008,gradgpa_mean,3.157,130
FR,eth_x_fg,international,all,first_gen,2008,ret1,84.0,194
FR,eth_x_fg,international,all,first_gen,2008,ttd_mean,4.28,
FR,eth_x_fg,international,all,first_gen,2009,grad3,5.6,144
FR,eth_x_fg,international,all,first_gen,2009,grad4,52.8,144
FR,eth_x_fg,international,all,first_gen,2009,grad5,71.5,144
FR,eth_x_fg,international,all,first_gen,2009,grad6,72.9,144
FR,eth_x_fg,international,all,first_gen,2009,grad7p,76.4,144
FR,eth_x_fg,international,all,first_gen,2009,gradgpa_mean,3.226,95
FR,eth_x_fg,international,all,first_gen,2009,ret1,87.5,144
FR,eth_x_fg,international,all,first_gen,2009,ttd_mean,4.24,
FR,eth_x_fg,international,all,first_gen,2010,grad3,7.6,197
FR,eth_x_fg,international,all,first_gen,2010,grad4,57.9,197
FR,eth_x_fg,international,all,first_gen,2010,grad5,77.2,197
FR,eth_x_fg,international,all,first_gen,2010,grad6,79.2,197
FR,eth_x_fg,international,all,first_gen,2010,grad6_nonuc,79.2,
FR,eth_x_fg,international,all,first_gen,2010,grad7p,80.7,197
FR,eth_x_fg,international,all,first_gen,2010,gradgpa_mean,3.349,152
FR,eth_x_fg,international,all,first_gen,2010,ret1,86.3,197
FR,eth_x_fg,international,all,first_gen,2010,ttd_mean,4.14,
FR,eth_x_fg,international,all,first_gen,2011,grad3,9.7,422
FR,eth_x_fg,international,all,first_gen,2011,grad4,65.2,422
FR,eth_x_fg,international,all,first_gen,2011,grad5,79.1,422
FR,eth_x_fg,international,all,first_gen,2011,grad6,82.7,422
FR,eth_x_fg,international,all,first_gen,2011,grad6_nonuc,83.9,
FR,eth_x_fg,international,all,first_gen,2011,grad7p,85.5,422
FR,eth_x_fg,international,all,first_gen,2011,gradgpa_mean,3.234,349
FR,eth_x_fg,international,all,first_gen,2011,ret1,91.0,422
FR,eth_x_fg,international,all,first_gen,2011,ttd_mean,4.09,
FR,eth_x_fg,international,all,first_gen,2012,grad3,5.7,778
FR,eth_x_fg,international,all,first_gen,2012,grad4,62.0,778
FR,eth_x_fg,international,all,first_gen,2012,grad5,77.2,778
FR,eth_x_fg,international,all,first_gen,2012,grad6,79.8,778
FR,eth_x_fg,international,all,first_gen,2012,grad6_nonuc,81.0,
FR,eth_x_fg,international,all,first_gen,2012,grad7p,81.2,778
FR,eth_x_fg,international,all,first_gen,2012,gradgpa_mean,3.26,621
FR,eth_x_fg,international,all,first_gen,2012,ret1,89.3,778
FR,eth_x_fg,international,all,first_gen,2012,ttd_mean,4.1,
FR,eth_x_fg,international,all,first_gen,2013,grad3,6.4,1175
FR,eth_x_fg,international,all,first_gen,2013,grad4,64.3,1175
FR,eth_x_fg,international,all,first_gen,2013,grad5,79.9,1175
FR,eth_x_fg,international,all,first_gen,2013,grad6,82.4,1175
FR,eth_x_fg,international,all,first_gen,2013,grad6_nonuc,83.4,
FR,eth_x_fg,international,all,first_gen,2013,grad7p,83.6,1175
FR,eth_x_fg,international,all,first_gen,2013,gradgpa_mean,3.267,968
FR,eth_x_fg,international,all,first_gen,2013,ret1,90.1,1175
FR,eth_x_fg,international,all,first_gen,2013,ttd_mean,4.08,
FR,eth_x_fg,international,all,first_gen,2014,grad3,6.9,1314
FR,eth_x_fg,international,all,first_gen,2014,grad4,61.0,1314
FR,eth_x_fg,international,all,first_gen,2014,grad5,76.1,1314
FR,eth_x_fg,international,all,first_gen,2014,grad6,78.5,1314
FR,eth_x_fg,international,all,first_gen,2014,grad6_nonuc,80.1,
FR,eth_x_fg,international,all,first_gen,2014,grad7p,80.0,1314
FR,eth_x_fg,international,all,first_gen,2014,gradgpa_mean,3.293,1032
FR,eth_x_fg,international,all,first_gen,2014,ret1,90.0,1314
FR,eth_x_fg,international,all,first_gen,2014,ttd_mean,4.1,
FR,eth_x_fg,international,all,first_gen,2015,grad3,8.7,1440
FR,eth_x_fg,international,all,first_gen,2015,grad4,66.8,1440
FR,eth_x_fg,international,all,first_gen,2015,grad5,81.5,1440
FR,eth_x_fg,international,all,first_gen,2015,grad6,83.7,1440
FR,eth_x_fg,international,all,first_gen,2015,grad6_nonuc,85.0,
FR,eth_x_fg,international,all,first_gen,2015,grad7p,84.2,1440
FR,eth_x_fg,international,all,first_gen,2015,gradgpa_mean,3.356,1205
FR,eth_x_fg,international,all,first_gen,2015,ret1,92.9,1440
FR,eth_x_fg,international,all,first_gen,2015,ttd_mean,3.99,
FR,eth_x_fg,international,all,first_gen,2016,grad3,8.2,1487
FR,eth_x_fg,international,all,first_gen,2016,grad4,70.3,1487
FR,eth_x_fg,international,all,first_gen,2016,grad5,81.3,1487
FR,eth_x_fg,international,all,first_gen,2016,grad6,82.8,1487
FR,eth_x_fg,international,all,first_gen,2016,grad6_nonuc,83.6,
FR,eth_x_fg,international,all,first_gen,2016,grad7p,83.8,1487
FR,eth_x_fg,international,all,first_gen,2016,gradgpa_mean,3.441,1231
FR,eth_x_fg,international,all,first_gen,2016,ret1,91.6,1487
FR,eth_x_fg,international,all,first_gen,2016,ttd_mean,3.96,
FR,eth_x_fg,international,all,first_gen,2017,grad3,9.6,1556
FR,eth_x_fg,international,all,first_gen,2017,grad4,68.1,1556
FR,eth_x_fg,international,all,first_gen,2017,grad5,80.1,1556
FR,eth_x_fg,international,all,first_gen,2017,grad6,82.2,1556
FR,eth_x_fg,international,all,first_gen,2017,grad6_nonuc,83.4,
FR,eth_x_fg,international,all,first_gen,2017,grad7p,83.0,1556
FR,eth_x_fg,international,all,first_gen,2017,gradgpa_mean,3.499,1279
FR,eth_x_fg,international,all,first_gen,2017,ret1,90.7,1556
FR,eth_x_fg,international,all,first_gen,2017,ttd_mean,3.93,
FR,eth_x_fg,international,all,first_gen,2018,grad3,14.6,1671
FR,eth_x_fg,international,all,first_gen,2018,grad4,68.2,1671
FR,eth_x_fg,international,all,first_gen,2018,grad5,80.1,1671
FR,eth_x_fg,international,all,first_gen,2018,grad6,82.7,1671
FR,eth_x_fg,international,all,first_gen,2018,grad6_nonuc,83.5,
FR,eth_x_fg,international,all,first_gen,2018,grad7p,83.4,1671
FR,eth_x_fg,international,all,first_gen,2018,gradgpa_mean,3.452,1382
FR,eth_x_fg,international,all,first_gen,2018,ret1,92.4,1671
FR,eth_x_fg,international,all,first_gen,2018,ttd_mean,3.91,
FR,eth_x_fg,international,all,first_gen,2019,grad3,14.1,1574
FR,eth_x_fg,international,all,first_gen,2019,grad4,67.3,1574
FR,eth_x_fg,international,all,first_gen,2019,grad5,77.4,1574
FR,eth_x_fg,international,all,first_gen,2019,grad6,79.4,1574
FR,eth_x_fg,international,all,first_gen,2019,grad6_nonuc,81.1,
FR,eth_x_fg,international,all,first_gen,2019,gradgpa_mean,3.539,1249
FR,eth_x_fg,international,all,first_gen,2019,ret1,88.6,1574
FR,eth_x_fg,international,all,first_gen,2020,grad3,9.5,1469
FR,eth_x_fg,international,all,first_gen,2020,grad4,67.1,1469
FR,eth_x_fg,international,all,first_gen,2020,grad5,77.7,1469
FR,eth_x_fg,international,all,first_gen,2020,gradgpa_mean,3.463,1142
FR,eth_x_fg,international,all,first_gen,2020,ret1,85.2,1469
FR,eth_x_fg,international,all,first_gen,2021,grad3,10.4,1400
FR,eth_x_fg,international,all,first_gen,2021,grad4,69.2,1400
FR,eth_x_fg,international,all,first_gen,2021,gradgpa_mean,3.519,969
FR,eth_x_fg,international,all,first_gen,2021,ret1,90.9,1400
FR,eth_x_fg,international,all,first_gen,2022,grad3,11.4,953
FR,eth_x_fg,international,all,first_gen,2022,gradgpa_mean,3.68,109
FR,eth_x_fg,international,all,first_gen,2022,ret1,87.6,953
FR,eth_x_fg,international,all,first_gen,2023,ret1,90.8,932
FR,eth_x_fg,international,all,first_gen,2024,ret1,87.9,1078
FR,eth_x_fg,international,all,not_first_gen,1999,gradgpa_mean,3.377,185
FR,eth_x_fg,international,all,not_first_gen,1999,ttd_mean,4.11,
FR,eth_x_fg,international,all,not_first_gen,2000,grad3,7.7,271
FR,eth_x_fg,international,all,not_first_gen,2000,grad4,53.1,271
FR,eth_x_fg,international,all,not_first_gen,2000,grad5,76.8,271
FR,eth_x_fg,international,all,not_first_gen,2000,grad6,80.4,271
FR,eth_x_fg,international,all,not_first_gen,2000,grad7p,81.5,271
FR,eth_x_fg,international,all,not_first_gen,2000,gradgpa_mean,3.259,218
FR,eth_x_fg,international,all,not_first_gen,2000,ret1,86.3,271
FR,eth_x_fg,international,all,not_first_gen,2000,ttd_mean,4.21,
FR,eth_x_fg,international,all,not_first_gen,2001,grad3,8.2,294
FR,eth_x_fg,international,all,not_first_gen,2001,grad4,57.8,294
FR,eth_x_fg,international,all,not_first_gen,2001,grad5,76.9,294
FR,eth_x_fg,international,all,not_first_gen,2001,grad6,78.6,294
FR,eth_x_fg,international,all,not_first_gen,2001,grad7p,79.9,294
FR,eth_x_fg,international,all,not_first_gen,2001,gradgpa_mean,3.335,226
FR,eth_x_fg,international,all,not_first_gen,2001,ret1,90.1,294
FR,eth_x_fg,international,all,not_first_gen,2001,ttd_mean,4.08,
FR,eth_x_fg,international,all,not_first_gen,2002,grad3,9.2,304
FR,eth_x_fg,international,all,not_first_gen,2002,grad4,58.6,304
FR,eth_x_fg,international,all,not_first_gen,2002,grad5,76.6,304
FR,eth_x_fg,international,all,not_first_gen,2002,grad6,80.9,304
FR,eth_x_fg,international,all,not_first_gen,2002,grad7p,82.6,304
FR,eth_x_fg,international,all,not_first_gen,2002,gradgpa_mean,3.286,246
FR,eth_x_fg,international,all,not_first_gen,2002,ret1,89.1,304
FR,eth_x_fg,international,all,not_first_gen,2002,ttd_mean,4.11,
FR,eth_x_fg,international,all,not_first_gen,2003,grad3,7.4,323
FR,eth_x_fg,international,all,not_first_gen,2003,grad4,63.2,323
FR,eth_x_fg,international,all,not_first_gen,2003,grad5,80.2,323
FR,eth_x_fg,international,all,not_first_gen,2003,grad6,84.2,323
FR,eth_x_fg,international,all,not_first_gen,2003,grad7p,85.1,323
FR,eth_x_fg,international,all,not_first_gen,2003,gradgpa_mean,3.343,272
FR,eth_x_fg,international,all,not_first_gen,2003,ret1,92.9,323
FR,eth_x_fg,international,all,not_first_gen,2003,ttd_mean,4.13,
FR,eth_x_fg,international,all,not_first_gen,2004,grad3,7.2,375
FR,eth_x_fg,international,all,not_first_gen,2004,grad4,62.1,375
FR,eth_x_fg,international,all,not_first_gen,2004,grad5,78.7,375
FR,eth_x_fg,international,all,not_first_gen,2004,grad6,81.9,375
FR,eth_x_fg,international,all,not_first_gen,2004,grad7p,84.5,375
FR,eth_x_fg,international,all,not_first_gen,2004,gradgpa_mean,3.363,307
FR,eth_x_fg,international,all,not_first_gen,2004,ret1,91.2,375
FR,eth_x_fg,international,all,not_first_gen,2004,ttd_mean,4.17,
FR,eth_x_fg,international,all,not_first_gen,2005,grad3,6.7,387
FR,eth_x_fg,international,all,not_first_gen,2005,grad4,59.4,387
FR,eth_x_fg,international,all,not_first_gen,2005,grad5,76.0,387
FR,eth_x_fg,international,all,not_first_gen,2005,grad6,79.3,387
FR,eth_x_fg,international,all,not_first_gen,2005,grad7p,81.9,387
FR,eth_x_fg,international,all,not_first_gen,2005,gradgpa_mean,3.282,307
FR,eth_x_fg,international,all,not_first_gen,2005,ret1,89.7,387
FR,eth_x_fg,international,all,not_first_gen,2005,ttd_mean,4.17,
FR,eth_x_fg,international,all,not_first_gen,2006,grad3,5.3,488
FR,eth_x_fg,international,all,not_first_gen,2006,grad4,59.8,488
FR,eth_x_fg,international,all,not_first_gen,2006,grad5,77.0,488
FR,eth_x_fg,international,all,not_first_gen,2006,grad6,82.4,488
FR,eth_x_fg,international,all,not_first_gen,2006,grad7p,85.0,488
FR,eth_x_fg,international,all,not_first_gen,2006,gradgpa_mean,3.25,402
FR,eth_x_fg,international,all,not_first_gen,2006,ret1,89.8,488
FR,eth_x_fg,international,all,not_first_gen,2006,ttd_mean,4.23,
FR,eth_x_fg,international,all,not_first_gen,2007,grad3,7.3,491
FR,eth_x_fg,international,all,not_first_gen,2007,grad4,61.3,491
FR,eth_x_fg,international,all,not_first_gen,2007,grad5,76.6,491
FR,eth_x_fg,international,all,not_first_gen,2007,grad6,81.1,491
FR,eth_x_fg,international,all,not_first_gen,2007,grad7p,83.3,491
FR,eth_x_fg,international,all,not_first_gen,2007,gradgpa_mean,3.28,398
FR,eth_x_fg,international,all,not_first_gen,2007,ret1,90.0,491
FR,eth_x_fg,international,all,not_first_gen,2007,ttd_mean,4.14,
FR,eth_x_fg,international,all,not_first_gen,2008,grad3,8.7,663
FR,eth_x_fg,international,all,not_first_gen,2008,grad4,61.5,663
FR,eth_x_fg,international,all,not_first_gen,2008,grad5,73.3,663
FR,eth_x_fg,international,all,not_first_gen,2008,grad6,76.9,663
FR,eth_x_fg,international,all,not_first_gen,2008,grad7p,80.2,663
FR,eth_x_fg,international,all,not_first_gen,2008,gradgpa_mean,3.286,510
FR,eth_x_fg,international,all,not_first_gen,2008,ret1,90.3,663
FR,eth_x_fg,international,all,not_first_gen,2008,ttd_mean,4.11,
FR,eth_x_fg,international,all,not_first_gen,2009,grad3,7.8,606
FR,eth_x_fg,international,all,not_first_gen,2009,grad4,64.2,606
FR,eth_x_fg,international,all,not_first_gen,2009,grad5,79.2,606
FR,eth_x_fg,international,all,not_first_gen,2009,grad6,83.8,606
FR,eth_x_fg,international,all,not_first_gen,2009,grad7p,85.1,606
FR,eth_x_fg,international,all,not_first_gen,2009,gradgpa_mean,3.305,508
FR,eth_x_fg,international,all,not_first_gen,2009,ret1,90.8,606
FR,eth_x_fg,international,all,not_first_gen,2009,ttd_mean,4.11,
FR,eth_x_fg,international,all,not_first_gen,2010,grad3,7.6,932
FR,eth_x_fg,international,all,not_first_gen,2010,grad4,66.7,932
FR,eth_x_fg,international,all,not_first_gen,2010,grad5,79.9,932
FR,eth_x_fg,international,all,not_first_gen,2010,grad6,85.0,932
FR,eth_x_fg,international,all,not_first_gen,2010,grad6_nonuc,85.0,
FR,eth_x_fg,international,all,not_first_gen,2010,grad7p,86.5,932
FR,eth_x_fg,international,all,not_first_gen,2010,gradgpa_mean,3.299,792
FR,eth_x_fg,international,all,not_first_gen,2010,ret1,91.3,932
FR,eth_x_fg,international,all,not_first_gen,2010,ttd_mean,4.11,
FR,eth_x_fg,international,all,not_first_gen,2011,grad3,6.7,1752
FR,eth_x_fg,international,all,not_first_gen,2011,grad4,64.3,1752
FR,eth_x_fg,international,all,not_first_gen,2011,grad5,78.1,1752
FR,eth_x_fg,international,all,not_first_gen,2011,grad6,83.3,1752
FR,eth_x_fg,international,all,not_first_gen,2011,grad6_nonuc,84.0,
FR,eth_x_fg,international,all,not_first_gen,2011,grad7p,86.2,1752
FR,eth_x_fg,international,all,not_first_gen,2011,gradgpa_mean,3.3,1459
FR,eth_x_fg,international,all,not_first_gen,2011,ret1,90.2,1752
FR,eth_x_fg,international,all,not_first_gen,2011,ttd_mean,4.17,
FR,eth_x_fg,international,all,not_first_gen,2012,grad3,6.1,2644
FR,eth_x_fg,international,all,not_first_gen,2012,grad4,65.3,2644
FR,eth_x_fg,international,all,not_first_gen,2012,grad5,77.7,2644
FR,eth_x_fg,international,all,not_first_gen,2012,grad6,81.9,2644
FR,eth_x_fg,international,all,not_first_gen,2012,grad6_nonuc,83.7,
FR,eth_x_fg,international,all,not_first_gen,2012,grad7p,84.0,2644
FR,eth_x_fg,international,all,not_first_gen,2012,gradgpa_mean,3.334,2166
FR,eth_x_fg,international,all,not_first_gen,2012,ret1,90.8,2644
FR,eth_x_fg,international,all,not_first_gen,2012,ttd_mean,4.13,
FR,eth_x_fg,international,all,not_first_gen,2013,grad3,5.6,3047
FR,eth_x_fg,international,all,not_first_gen,2013,grad4,68.8,3047
FR,eth_x_fg,international,all,not_first_gen,2013,grad5,82.3,3047
FR,eth_x_fg,international,all,not_first_gen,2013,grad6,85.8,3047
FR,eth_x_fg,international,all,not_first_gen,2013,grad6_nonuc,86.9,
FR,eth_x_fg,international,all,not_first_gen,2013,grad7p,87.4,3047
FR,eth_x_fg,international,all,not_first_gen,2013,gradgpa_mean,3.362,2613
FR,eth_x_fg,international,all,not_first_gen,2013,ret1,93.2,3047
FR,eth_x_fg,international,all,not_first_gen,2013,ttd_mean,4.1,
FR,eth_x_fg,international,all,not_first_gen,2014,grad3,6.5,3350
FR,eth_x_fg,international,all,not_first_gen,2014,grad4,71.1,3350
FR,eth_x_fg,international,all,not_first_gen,2014,grad5,83.1,3350
FR,eth_x_fg,international,all,not_first_gen,2014,grad6,85.9,3350
FR,eth_x_fg,international,all,not_first_gen,2014,grad6_nonuc,87.2,
FR,eth_x_fg,international,all,not_first_gen,2014,grad7p,87.0,3350
FR,eth_x_fg,international,all,not_first_gen,2014,gradgpa_mean,3.376,2876
FR,eth_x_fg,international,all,not_first_gen,2014,ret1,92.6,3350
FR,eth_x_fg,international,all,not_first_gen,2014,ttd_mean,4.03,
FR,eth_x_fg,international,all,not_first_gen,2015,grad3,7.4,4051
FR,eth_x_fg,international,all,not_first_gen,2015,grad4,71.5,4051
FR,eth_x_fg,international,all,not_first_gen,2015,grad5,83.3,4051
FR,eth_x_fg,international,all,not_first_gen,2015,grad6,85.7,4051
FR,eth_x_fg,international,all,not_first_gen,2015,grad6_nonuc,87.3,
FR,eth_x_fg,international,all,not_first_gen,2015,grad7p,86.9,4051
FR,eth_x_fg,international,all,not_first_gen,2015,gradgpa_mean,3.423,3473
FR,eth_x_fg,international,all,not_first_gen,2015,ret1,92.9,4051
FR,eth_x_fg,international,all,not_first_gen,2015,ttd_mean,4.02,
FR,eth_x_fg,international,all,not_first_gen,2016,grad3,7.2,4272
FR,eth_x_fg,international,all,not_first_gen,2016,grad4,74.8,4272
FR,eth_x_fg,international,all,not_first_gen,2016,grad5,84.4,4272
FR,eth_x_fg,international,all,not_first_gen,2016,grad6,86.7,4272
FR,eth_x_fg,international,all,not_first_gen,2016,grad6_nonuc,87.6,
FR,eth_x_fg,international,all,not_first_gen,2016,grad7p,87.9,4272
FR,eth_x_fg,international,all,not_first_gen,2016,gradgpa_mean,3.516,3702
FR,eth_x_fg,international,all,not_first_gen,2016,ret1,94.6,4272
FR,eth_x_fg,international,all,not_first_gen,2016,ttd_mean,3.99,
FR,eth_x_fg,international,all,not_first_gen,2017,grad3,8.6,4352
FR,eth_x_fg,international,all,not_first_gen,2017,grad4,75.6,4352
FR,eth_x_fg,international,all,not_first_gen,2017,grad5,84.9,4352
FR,eth_x_fg,international,all,not_first_gen,2017,grad6,86.9,4352
FR,eth_x_fg,international,all,not_first_gen,2017,grad6_nonuc,87.6,
FR,eth_x_fg,international,all,not_first_gen,2017,grad7p,88.3,4352
FR,eth_x_fg,international,all,not_first_gen,2017,gradgpa_mean,3.54,3784
FR,eth_x_fg,international,all,not_first_gen,2017,ret1,94.3,4352
FR,eth_x_fg,international,all,not_first_gen,2017,ttd_mean,3.95,
FR,eth_x_fg,international,all,not_first_gen,2018,grad3,10.9,4607
FR,eth_x_fg,international,all,not_first_gen,2018,grad4,74.8,4607
FR,eth_x_fg,international,all,not_first_gen,2018,grad5,84.3,4607
FR,eth_x_fg,international,all,not_first_gen,2018,grad6,87.0,4607
FR,eth_x_fg,international,all,not_first_gen,2018,grad6_nonuc,87.8,
FR,eth_x_fg,international,all,not_first_gen,2018,grad7p,87.8,4607
FR,eth_x_fg,international,all,not_first_gen,2018,gradgpa_mean,3.56,4007
FR,eth_x_fg,international,all,not_first_gen,2018,ret1,93.6,4607
FR,eth_x_fg,international,all,not_first_gen,2018,ttd_mean,3.93,
FR,eth_x_fg,international,all,not_first_gen,2019,grad3,10.6,4300
FR,eth_x_fg,international,all,not_first_gen,2019,grad4,72.4,4300
FR,eth_x_fg,international,all,not_first_gen,2019,grad5,82.4,4300
FR,eth_x_fg,international,all,not_first_gen,2019,grad6,85.0,4300
FR,eth_x_fg,international,all,not_first_gen,2019,grad6_nonuc,86.3,
FR,eth_x_fg,international,all,not_first_gen,2019,gradgpa_mean,3.538,3655
FR,eth_x_fg,international,all,not_first_gen,2019,ret1,90.9,4300
FR,eth_x_fg,international,all,not_first_gen,2020,grad3,9.1,3645
FR,eth_x_fg,international,all,not_first_gen,2020,grad4,72.0,3645
FR,eth_x_fg,international,all,not_first_gen,2020,grad5,83.2,3645
FR,eth_x_fg,international,all,not_first_gen,2020,gradgpa_mean,3.525,3031
FR,eth_x_fg,international,all,not_first_gen,2020,ret1,89.6,3645
FR,eth_x_fg,international,all,not_first_gen,2021,grad3,7.8,4530
FR,eth_x_fg,international,all,not_first_gen,2021,grad4,73.4,4530
FR,eth_x_fg,international,all,not_first_gen,2021,gradgpa_mean,3.547,3325
FR,eth_x_fg,international,all,not_first_gen,2021,ret1,92.1,4530
FR,eth_x_fg,international,all,not_first_gen,2022,grad3,8.2,3345
FR,eth_x_fg,international,all,not_first_gen,2022,gradgpa_mean,3.66,273
FR,eth_x_fg,international,all,not_first_gen,2022,ret1,91.5,3345
FR,eth_x_fg,international,all,not_first_gen,2023,ret1,91.1,3397
FR,eth_x_fg,international,all,not_first_gen,2024,ret1,90.1,3493
FR,eth_x_fg,unknown,all,first_gen,1999,gradgpa_mean,3.258,346
FR,eth_x_fg,unknown,all,first_gen,1999,ttd_mean,4.49,
FR,eth_x_fg,unknown,all,first_gen,2000,grad3,1.7,533
FR,eth_x_fg,unknown,all,first_gen,2000,grad4,46.9,533
FR,eth_x_fg,unknown,all,first_gen,2000,grad5,72.8,533
FR,eth_x_fg,unknown,all,first_gen,2000,grad6,76.2,533
FR,eth_x_fg,unknown,all,first_gen,2000,grad7p,78.4,533
FR,eth_x_fg,unknown,all,first_gen,2000,gradgpa_mean,3.162,397
FR,eth_x_fg,unknown,all,first_gen,2000,ret1,88.2,533
FR,eth_x_fg,unknown,all,first_gen,2000,ttd_mean,4.37,
FR,eth_x_fg,unknown,all,first_gen,2001,grad3,2.5,561
FR,eth_x_fg,unknown,all,first_gen,2001,grad4,49.9,561
FR,eth_x_fg,unknown,all,first_gen,2001,grad5,72.7,561
FR,eth_x_fg,unknown,all,first_gen,2001,grad6,78.4,561
FR,eth_x_fg,unknown,all,first_gen,2001,grad7p,79.9,561
FR,eth_x_fg,unknown,all,first_gen,2001,gradgpa_mean,3.218,440
FR,eth_x_fg,unknown,all,first_gen,2001,ret1,90.6,561
FR,eth_x_fg,unknown,all,first_gen,2001,ttd_mean,4.32,
FR,eth_x_fg,unknown,all,first_gen,2002,grad3,1.8,492
FR,eth_x_fg,unknown,all,first_gen,2002,grad4,50.4,492
FR,eth_x_fg,unknown,all,first_gen,2002,grad5,72.6,492
FR,eth_x_fg,unknown,all,first_gen,2002,grad6,76.8,492
FR,eth_x_fg,unknown,all,first_gen,2002,grad7p,79.1,492
FR,eth_x_fg,unknown,all,first_gen,2002,gradgpa_mean,3.209,369
FR,eth_x_fg,unknown,all,first_gen,2002,ret1,87.2,492
FR,eth_x_fg,unknown,all,first_gen,2002,ttd_mean,4.28,
FR,eth_x_fg,unknown,all,first_gen,2003,grad3,1.8,611
FR,eth_x_fg,unknown,all,first_gen,2003,grad4,53.2,611
FR,eth_x_fg,unknown,all,first_gen,2003,grad5,74.6,611
FR,eth_x_fg,unknown,all,first_gen,2003,grad6,78.2,611
FR,eth_x_fg,unknown,all,first_gen,2003,grad7p,79.5,611
FR,eth_x_fg,unknown,all,first_gen,2003,gradgpa_mean,3.306,478
FR,eth_x_fg,unknown,all,first_gen,2003,ret1,87.9,611
FR,eth_x_fg,unknown,all,first_gen,2003,ttd_mean,4.28,
FR,eth_x_fg,unknown,all,first_gen,2004,grad3,3.3,517
FR,eth_x_fg,unknown,all,first_gen,2004,grad4,52.8,517
FR,eth_x_fg,unknown,all,first_gen,2004,grad5,75.0,517
FR,eth_x_fg,unknown,all,first_gen,2004,grad6,80.3,517
FR,eth_x_fg,unknown,all,first_gen,2004,grad7p,81.0,517
FR,eth_x_fg,unknown,all,first_gen,2004,gradgpa_mean,3.248,415
FR,eth_x_fg,unknown,all,first_gen,2004,ret1,90.5,517
FR,eth_x_fg,unknown,all,first_gen,2004,ttd_mean,4.26,
FR,eth_x_fg,unknown,all,first_gen,2005,grad3,1.7,482
FR,eth_x_fg,unknown,all,first_gen,2005,grad4,51.0,482
FR,eth_x_fg,unknown,all,first_gen,2005,grad5,75.1,482
FR,eth_x_fg,unknown,all,first_gen,2005,grad6,77.8,482
FR,eth_x_fg,unknown,all,first_gen,2005,grad7p,79.5,482
FR,eth_x_fg,unknown,all,first_gen,2005,gradgpa_mean,3.188,367
FR,eth_x_fg,unknown,all,first_gen,2005,ret1,89.4,482
FR,eth_x_fg,unknown,all,first_gen,2005,ttd_mean,4.29,
FR,eth_x_fg,unknown,all,first_gen,2006,grad3,1.9,478
FR,eth_x_fg,unknown,all,first_gen,2006,grad4,52.1,478
FR,eth_x_fg,unknown,all,first_gen,2006,grad5,74.5,478
FR,eth_x_fg,unknown,all,first_gen,2006,grad6,78.9,478
FR,eth_x_fg,unknown,all,first_gen,2006,grad7p,80.8,478
FR,eth_x_fg,unknown,all,first_gen,2006,gradgpa_mean,3.221,368
FR,eth_x_fg,unknown,all,first_gen,2006,ret1,88.9,478
FR,eth_x_fg,unknown,all,first_gen,2006,ttd_mean,4.32,
FR,eth_x_fg,unknown,all,first_gen,2007,grad3,3.0,434
FR,eth_x_fg,unknown,all,first_gen,2007,grad4,53.9,434
FR,eth_x_fg,unknown,all,first_gen,2007,grad5,75.3,434
FR,eth_x_fg,unknown,all,first_gen,2007,grad6,80.4,434
FR,eth_x_fg,unknown,all,first_gen,2007,grad7p,82.7,434
FR,eth_x_fg,unknown,all,first_gen,2007,gradgpa_mean,3.263,349
FR,eth_x_fg,unknown,all,first_gen,2007,ret1,89.2,434
FR,eth_x_fg,unknown,all,first_gen,2007,ttd_mean,4.31,
FR,eth_x_fg,unknown,all,first_gen,2008,grad3,3.4,436
FR,eth_x_fg,unknown,all,first_gen,2008,grad4,54.1,436
FR,eth_x_fg,unknown,all,first_gen,2008,grad5,77.5,436
FR,eth_x_fg,unknown,all,first_gen,2008,grad6,81.2,436
FR,eth_x_fg,unknown,all,first_gen,2008,grad7p,83.3,436
FR,eth_x_fg,unknown,all,first_gen,2008,gradgpa_mean,3.227,354
FR,eth_x_fg,unknown,all,first_gen,2008,ret1,90.8,436
FR,eth_x_fg,unknown,all,first_gen,2008,ttd_mean,4.29,
FR,eth_x_fg,unknown,all,first_gen,2009,grad3,2.7,366
FR,eth_x_fg,unknown,all,first_gen,2009,grad4,52.7,366
FR,eth_x_fg,unknown,all,first_gen,2009,grad5,74.3,366
FR,eth_x_fg,unknown,all,first_gen,2009,grad6,76.8,366
FR,eth_x_fg,unknown,all,first_gen,2009,grad7p,77.9,366
FR,eth_x_fg,unknown,all,first_gen,2009,gradgpa_mean,3.284,272
FR,eth_x_fg,unknown,all,first_gen,2009,ret1,88.3,366
FR,eth_x_fg,unknown,all,first_gen,2009,ttd_mean,4.22,
FR,eth_x_fg,unknown,all,first_gen,2010,grad3,2.4,409
FR,eth_x_fg,unknown,all,first_gen,2010,grad4,55.5,409
FR,eth_x_fg,unknown,all,first_gen,2010,grad5,78.7,409
FR,eth_x_fg,unknown,all,first_gen,2010,grad6,82.4,409
FR,eth_x_fg,unknown,all,first_gen,2010,grad6_nonuc,82.4,
FR,eth_x_fg,unknown,all,first_gen,2010,grad7p,84.1,409
FR,eth_x_fg,unknown,all,first_gen,2010,gradgpa_mean,3.216,337
FR,eth_x_fg,unknown,all,first_gen,2010,ret1,92.7,409
FR,eth_x_fg,unknown,all,first_gen,2010,ttd_mean,4.3,
FR,eth_x_fg,unknown,all,first_gen,2011,grad3,2.3,176
FR,eth_x_fg,unknown,all,first_gen,2011,grad4,58.5,176
FR,eth_x_fg,unknown,all,first_gen,2011,grad5,77.8,176
FR,eth_x_fg,unknown,all,first_gen,2011,grad6,79.5,176
FR,eth_x_fg,unknown,all,first_gen,2011,grad6_nonuc,80.7,
FR,eth_x_fg,unknown,all,first_gen,2011,grad7p,79.5,176
FR,eth_x_fg,unknown,all,first_gen,2011,gradgpa_mean,3.21,133
FR,eth_x_fg,unknown,all,first_gen,2011,ret1,86.9,176
FR,eth_x_fg,unknown,all,first_gen,2011,ttd_mean,4.16,
FR,eth_x_fg,unknown,all,first_gen,2012,grad3,3.0,234
FR,eth_x_fg,unknown,all,first_gen,2012,grad4,57.7,234
FR,eth_x_fg,unknown,all,first_gen,2012,grad5,80.3,234
FR,eth_x_fg,unknown,all,first_gen,2012,grad6,83.8,234
FR,eth_x_fg,unknown,all,first_gen,2012,grad6_nonuc,87.2,
FR,eth_x_fg,unknown,all,first_gen,2012,grad7p,83.8,234
FR,eth_x_fg,unknown,all,first_gen,2012,gradgpa_mean,3.281,181
FR,eth_x_fg,unknown,all,first_gen,2012,ret1,90.2,234
FR,eth_x_fg,unknown,all,first_gen,2012,ttd_mean,4.2,
FR,eth_x_fg,unknown,all,first_gen,2013,grad3,2.0,251
FR,eth_x_fg,unknown,all,first_gen,2013,grad4,57.4,251
FR,eth_x_fg,unknown,all,first_gen,2013,grad5,77.7,251
FR,eth_x_fg,unknown,all,first_gen,2013,grad6,78.9,251
FR,eth_x_fg,unknown,all,first_gen,2013,grad6_nonuc,84.1,
FR,eth_x_fg,unknown,all,first_gen,2013,grad7p,80.1,251
FR,eth_x_fg,unknown,all,first_gen,2013,gradgpa_mean,3.321,190
FR,eth_x_fg,unknown,all,first_gen,2013,ret1,89.2,251
FR,eth_x_fg,unknown,all,first_gen,2013,ttd_mean,4.22,
FR,eth_x_fg,unknown,all,first_gen,2014,grad3,2.0,250
FR,eth_x_fg,unknown,all,first_gen,2014,grad4,63.2,250
FR,eth_x_fg,unknown,all,first_gen,2014,grad5,78.0,250
FR,eth_x_fg,unknown,all,first_gen,2014,grad6,82.0,250
FR,eth_x_fg,unknown,all,first_gen,2014,grad6_nonuc,86.8,
FR,eth_x_fg,unknown,all,first_gen,2014,grad7p,82.8,250
FR,eth_x_fg,unknown,all,first_gen,2014,gradgpa_mean,3.292,200
FR,eth_x_fg,unknown,all,first_gen,2014,ret1,88.0,250
FR,eth_x_fg,unknown,all,first_gen,2014,ttd_mean,4.19,
FR,eth_x_fg,unknown,all,first_gen,2015,grad3,3.1,258
FR,eth_x_fg,unknown,all,first_gen,2015,grad4,63.2,258
FR,eth_x_fg,unknown,all,first_gen,2015,grad5,75.6,258
FR,eth_x_fg,unknown,all,first_gen,2015,grad6,78.3,258
FR,eth_x_fg,unknown,all,first_gen,2015,grad6_nonuc,83.3,
FR,eth_x_fg,unknown,all,first_gen,2015,grad7p,79.1,258
FR,eth_x_fg,unknown,all,first_gen,2015,gradgpa_mean,3.326,187
FR,eth_x_fg,unknown,all,first_gen,2015,ret1,88.4,258
FR,eth_x_fg,unknown,all,first_gen,2015,ttd_mean,4.12,
FR,eth_x_fg,unknown,all,first_gen,2016,grad3,3.6,274
FR,eth_x_fg,unknown,all,first_gen,2016,grad4,58.8,274
FR,eth_x_fg,unknown,all,first_gen,2016,grad5,77.4,274
FR,eth_x_fg,unknown,all,first_gen,2016,grad6,78.8,274
FR,eth_x_fg,unknown,all,first_gen,2016,grad6_nonuc,82.5,
FR,eth_x_fg,unknown,all,first_gen,2016,grad7p,79.9,274
FR,eth_x_fg,unknown,all,first_gen,2016,gradgpa_mean,3.503,212
FR,eth_x_fg,unknown,all,first_gen,2016,ret1,90.1,274
FR,eth_x_fg,unknown,all,first_gen,2016,ttd_mean,4.15,
FR,eth_x_fg,unknown,all,first_gen,2017,grad3,4.7,234
FR,eth_x_fg,unknown,all,first_gen,2017,grad4,61.5,234
FR,eth_x_fg,unknown,all,first_gen,2017,grad5,73.9,234
FR,eth_x_fg,unknown,all,first_gen,2017,grad6,76.1,234
FR,eth_x_fg,unknown,all,first_gen,2017,grad6_nonuc,79.9,
FR,eth_x_fg,unknown,all,first_gen,2017,grad7p,76.9,234
FR,eth_x_fg,unknown,all,first_gen,2017,gradgpa_mean,3.563,173
FR,eth_x_fg,unknown,all,first_gen,2017,ret1,89.3,234
FR,eth_x_fg,unknown,all,first_gen,2017,ttd_mean,4.07,
FR,eth_x_fg,unknown,all,first_gen,2018,grad3,3.8,265
FR,eth_x_fg,unknown,all,first_gen,2018,grad4,66.0,265
FR,eth_x_fg,unknown,all,first_gen,2018,grad5,80.0,265
FR,eth_x_fg,unknown,all,first_gen,2018,grad6,81.9,265
FR,eth_x_fg,unknown,all,first_gen,2018,grad6_nonuc,83.8,
FR,eth_x_fg,unknown,all,first_gen,2018,grad7p,83.0,265
FR,eth_x_fg,unknown,all,first_gen,2018,gradgpa_mean,3.394,212
FR,eth_x_fg,unknown,all,first_gen,2018,ret1,89.4,265
FR,eth_x_fg,unknown,all,first_gen,2018,ttd_mean,4.12,
FR,eth_x_fg,unknown,all,first_gen,2019,grad3,6.7,180
FR,eth_x_fg,unknown,all,first_gen,2019,grad4,62.2,180
FR,eth_x_fg,unknown,all,first_gen,2019,grad5,75.6,180
FR,eth_x_fg,unknown,all,first_gen,2019,grad6,77.8,180
FR,eth_x_fg,unknown,all,first_gen,2019,grad6_nonuc,79.4,
FR,eth_x_fg,unknown,all,first_gen,2019,gradgpa_mean,3.394,136
FR,eth_x_fg,unknown,all,first_gen,2019,ret1,86.7,180
FR,eth_x_fg,unknown,all,first_gen,2020,grad3,5.8,207
FR,eth_x_fg,unknown,all,first_gen,2020,grad4,68.6,207
FR,eth_x_fg,unknown,all,first_gen,2020,grad5,75.8,207
FR,eth_x_fg,unknown,all,first_gen,2020,gradgpa_mean,3.385,157
FR,eth_x_fg,unknown,all,first_gen,2020,ret1,88.4,207
FR,eth_x_fg,unknown,all,first_gen,2021,grad3,5.4,149
FR,eth_x_fg,unknown,all,first_gen,2021,grad4,66.4,149
FR,eth_x_fg,unknown,all,first_gen,2021,gradgpa_mean,3.54,91
FR,eth_x_fg,unknown,all,first_gen,2021,ret1,83.9,149
FR,eth_x_fg,unknown,all,first_gen,2022,grad3,11.8,136
FR,eth_x_fg,unknown,all,first_gen,2022,gradgpa_mean,3.53,16
FR,eth_x_fg,unknown,all,first_gen,2022,ret1,83.8,136
FR,eth_x_fg,unknown,all,first_gen,2023,ret1,87.4,143
FR,eth_x_fg,unknown,all,first_gen,2024,ret1,91.0,133
FR,eth_x_fg,unknown,all,not_first_gen,1999,gradgpa_mean,3.351,1272
FR,eth_x_fg,unknown,all,not_first_gen,1999,ttd_mean,4.31,
FR,eth_x_fg,unknown,all,not_first_gen,2000,grad3,2.7,1616
FR,eth_x_fg,unknown,all,not_first_gen,2000,grad4,54.6,1616
FR,eth_x_fg,unknown,all,not_first_gen,2000,grad5,80.3,1616
FR,eth_x_fg,unknown,all,not_first_gen,2000,grad6,83.7,1616
FR,eth_x_fg,unknown,all,not_first_gen,2000,grad7p,85.2,1616
FR,eth_x_fg,unknown,all,not_first_gen,2000,gradgpa_mean,3.353,1353
FR,eth_x_fg,unknown,all,not_first_gen,2000,ret1,91.7,1616
FR,eth_x_fg,unknown,all,not_first_gen,2000,ttd_mean,4.28,
FR,eth_x_fg,unknown,all,not_first_gen,2001,grad3,3.0,1714
FR,eth_x_fg,unknown,all,not_first_gen,2001,grad4,56.1,1714
FR,eth_x_fg,unknown,all,not_first_gen,2001,grad5,79.6,1714
FR,eth_x_fg,unknown,all,not_first_gen,2001,grad6,83.8,1714
FR,eth_x_fg,unknown,all,not_first_gen,2001,grad7p,84.8,1714
FR,eth_x_fg,unknown,all,not_first_gen,2001,gradgpa_mean,3.317,1437
FR,eth_x_fg,unknown,all,not_first_gen,2001,ret1,91.0,1714
FR,eth_x_fg,unknown,all,not_first_gen,2001,ttd_mean,4.25,
FR,eth_x_fg,unknown,all,not_first_gen,2002,grad3,2.7,1537
FR,eth_x_fg,unknown,all,not_first_gen,2002,grad4,58.1,1537
FR,eth_x_fg,unknown,all,not_first_gen,2002,grad5,78.7,1537
FR,eth_x_fg,unknown,all,not_first_gen,2002,grad6,83.1,1537
FR,eth_x_fg,unknown,all,not_first_gen,2002,grad7p,84.5,1537
FR,eth_x_fg,unknown,all,not_first_gen,2002,gradgpa_mean,3.327,1278
FR,eth_x_fg,unknown,all,not_first_gen,2002,ret1,89.3,1537
FR,eth_x_fg,unknown,all,not_first_gen,2002,ttd_mean,4.24,
FR,eth_x_fg,unknown,all,not_first_gen,2003,grad3,2.9,1699
FR,eth_x_fg,unknown,all,not_first_gen,2003,grad4,57.1,1699
FR,eth_x_fg,unknown,all,not_first_gen,2003,grad5,78.0,1699
FR,eth_x_fg,unknown,all,not_first_gen,2003,grad6,81.8,1699
FR,eth_x_fg,unknown,all,not_first_gen,2003,grad7p,83.3,1699
FR,eth_x_fg,unknown,all,not_first_gen,2003,gradgpa_mean,3.305,1389
FR,eth_x_fg,unknown,all,not_first_gen,2003,ret1,90.5,1699
FR,eth_x_fg,unknown,all,not_first_gen,2003,ttd_mean,4.25,
FR,eth_x_fg,unknown,all,not_first_gen,2004,grad3,3.6,1429
FR,eth_x_fg,unknown,all,not_first_gen,2004,grad4,62.5,1429
FR,eth_x_fg,unknown,all,not_first_gen,2004,grad5,81.7,1429
FR,eth_x_fg,unknown,all,not_first_gen,2004,grad6,85.4,1429
FR,eth_x_fg,unknown,all,not_first_gen,2004,grad7p,86.1,1429
FR,eth_x_fg,unknown,all,not_first_gen,2004,gradgpa_mean,3.353,1221
FR,eth_x_fg,unknown,all,not_first_gen,2004,ret1,91.6,1429
FR,eth_x_fg,unknown,all,not_first_gen,2004,ttd_mean,4.17,
FR,eth_x_fg,unknown,all,not_first_gen,2005,grad3,4.5,1179
FR,eth_x_fg,unknown,all,not_first_gen,2005,grad4,62.3,1179
FR,eth_x_fg,unknown,all,not_first_gen,2005,grad5,81.6,1179
FR,eth_x_fg,unknown,all,not_first_gen,2005,grad6,84.4,1179
FR,eth_x_fg,unknown,all,not_first_gen,2005,grad7p,85.8,1179
FR,eth_x_fg,unknown,all,not_first_gen,2005,gradgpa_mean,3.353,995
FR,eth_x_fg,unknown,all,not_first_gen,2005,ret1,90.2,1179
FR,eth_x_fg,unknown,all,not_first_gen,2005,ttd_mean,4.17,
FR,eth_x_fg,unknown,all,not_first_gen,2006,grad3,2.5,1211
FR,eth_x_fg,unknown,all,not_first_gen,2006,grad4,63.3,1211
FR,eth_x_fg,unknown,all,not_first_gen,2006,grad5,81.8,1211
FR,eth_x_fg,unknown,all,not_first_gen,2006,grad6,85.5,1211
FR,eth_x_fg,unknown,all,not_first_gen,2006,grad7p,86.2,1211
FR,eth_x_fg,unknown,all,not_first_gen,2006,gradgpa_mean,3.337,1035
FR,eth_x_fg,unknown,all,not_first_gen,2006,ret1,90.8,1211
FR,eth_x_fg,unknown,all,not_first_gen,2006,ttd_mean,4.18,
FR,eth_x_fg,unknown,all,not_first_gen,2007,grad3,4.5,1092
FR,eth_x_fg,unknown,all,not_first_gen,2007,grad4,63.6,1092
FR,eth_x_fg,unknown,all,not_first_gen,2007,grad5,81.7,1092
FR,eth_x_fg,unknown,all,not_first_gen,2007,grad6,84.7,1092
FR,eth_x_fg,unknown,all,not_first_gen,2007,grad7p,86.1,1092
FR,eth_x_fg,unknown,all,not_first_gen,2007,gradgpa_mean,3.362,925
FR,eth_x_fg,unknown,all,not_first_gen,2007,ret1,90.3,1092
FR,eth_x_fg,unknown,all,not_first_gen,2007,ttd_mean,4.16,
FR,eth_x_fg,unknown,all,not_first_gen,2008,grad3,4.1,1252
FR,eth_x_fg,unknown,all,not_first_gen,2008,grad4,65.0,1252
FR,eth_x_fg,unknown,all,not_first_gen,2008,grad5,81.8,1252
FR,eth_x_fg,unknown,all,not_first_gen,2008,grad6,84.4,1252
FR,eth_x_fg,unknown,all,not_first_gen,2008,grad7p,85.2,1252
FR,eth_x_fg,unknown,all,not_first_gen,2008,gradgpa_mean,3.35,1057
FR,eth_x_fg,unknown,all,not_first_gen,2008,ret1,92.0,1252
FR,eth_x_fg,unknown,all,not_first_gen,2008,ttd_mean,4.13,
FR,eth_x_fg,unknown,all,not_first_gen,2009,grad3,3.2,980
FR,eth_x_fg,unknown,all,not_first_gen,2009,grad4,66.8,980
FR,eth_x_fg,unknown,all,not_first_gen,2009,grad5,83.6,980
FR,eth_x_fg,unknown,all,not_first_gen,2009,grad6,86.8,980
FR,eth_x_fg,unknown,all,not_first_gen,2009,grad7p,87.8,980
FR,eth_x_fg,unknown,all,not_first_gen,2009,gradgpa_mean,3.409,851
FR,eth_x_fg,unknown,all,not_first_gen,2009,ret1,92.3,980
FR,eth_x_fg,unknown,all,not_first_gen,2009,ttd_mean,4.15,
FR,eth_x_fg,unknown,all,not_first_gen,2010,grad3,3.9,945
FR,eth_x_fg,unknown,all,not_first_gen,2010,grad4,68.4,945
FR,eth_x_fg,unknown,all,not_first_gen,2010,grad5,84.4,945
FR,eth_x_fg,unknown,all,not_first_gen,2010,grad6,86.7,945
FR,eth_x_fg,unknown,all,not_first_gen,2010,grad6_nonuc,86.7,
FR,eth_x_fg,unknown,all,not_first_gen,2010,grad7p,87.8,945
FR,eth_x_fg,unknown,all,not_first_gen,2010,gradgpa_mean,3.376,819
FR,eth_x_fg,unknown,all,not_first_gen,2010,ret1,93.0,945
FR,eth_x_fg,unknown,all,not_first_gen,2010,ttd_mean,4.13,
FR,eth_x_fg,unknown,all,not_first_gen,2011,grad3,2.7,476
FR,eth_x_fg,unknown,all,not_first_gen,2011,grad4,66.4,476
FR,eth_x_fg,unknown,all,not_first_gen,2011,grad5,82.8,476
FR,eth_x_fg,unknown,all,not_first_gen,2011,grad6,85.5,476
FR,eth_x_fg,unknown,all,not_first_gen,2011,grad6_nonuc,89.9,
FR,eth_x_fg,unknown,all,not_first_gen,2011,grad7p,86.1,476
FR,eth_x_fg,unknown,all,not_first_gen,2011,gradgpa_mean,3.369,407
FR,eth_x_fg,unknown,all,not_first_gen,2011,ret1,91.4,476
FR,eth_x_fg,unknown,all,not_first_gen,2011,ttd_mean,4.12,
FR,eth_x_fg,unknown,all,not_first_gen,2012,grad3,3.6,611
FR,eth_x_fg,unknown,all,not_first_gen,2012,grad4,68.2,611
FR,eth_x_fg,unknown,all,not_first_gen,2012,grad5,86.6,611
FR,eth_x_fg,unknown,all,not_first_gen,2012,grad6,89.0,611
FR,eth_x_fg,unknown,all,not_first_gen,2012,grad6_nonuc,92.3,
FR,eth_x_fg,unknown,all,not_first_gen,2012,grad7p,89.5,611
FR,eth_x_fg,unknown,all,not_first_gen,2012,gradgpa_mean,3.379,544
FR,eth_x_fg,unknown,all,not_first_gen,2012,ret1,93.3,611
FR,eth_x_fg,unknown,all,not_first_gen,2012,ttd_mean,4.14,
FR,eth_x_fg,unknown,all,not_first_gen,2013,grad3,3.8,741
FR,eth_x_fg,unknown,all,not_first_gen,2013,grad4,72.5,741
FR,eth_x_fg,unknown,all,not_first_gen,2013,grad5,87.9,741
FR,eth_x_fg,unknown,all,not_first_gen,2013,grad6,90.3,741
FR,eth_x_fg,unknown,all,not_first_gen,2013,grad6_nonuc,93.7,
FR,eth_x_fg,unknown,all,not_first_gen,2013,grad7p,91.0,741
FR,eth_x_fg,unknown,all,not_first_gen,2013,gradgpa_mean,3.417,669
FR,eth_x_fg,unknown,all,not_first_gen,2013,ret1,94.7,741
FR,eth_x_fg,unknown,all,not_first_gen,2013,ttd_mean,4.1,
FR,eth_x_fg,unknown,all,not_first_gen,2014,grad3,5.1,705
FR,eth_x_fg,unknown,all,not_first_gen,2014,grad4,75.5,705
FR,eth_x_fg,unknown,all,not_first_gen,2014,grad5,88.9,705
FR,eth_x_fg,unknown,all,not_first_gen,2014,grad6,90.4,705
FR,eth_x_fg,unknown,all,not_first_gen,2014,grad6_nonuc,92.9,
FR,eth_x_fg,unknown,all,not_first_gen,2014,grad7p,91.2,705
FR,eth_x_fg,unknown,all,not_first_gen,2014,gradgpa_mean,3.422,637
FR,eth_x_fg,unknown,all,not_first_gen,2014,ret1,93.8,705
FR,eth_x_fg,unknown,all,not_first_gen,2014,ttd_mean,4.06,
FR,eth_x_fg,unknown,all,not_first_gen,2015,grad3,4.8,889
FR,eth_x_fg,unknown,all,not_first_gen,2015,grad4,77.3,889
FR,eth_x_fg,unknown,all,not_first_gen,2015,grad5,88.9,889
FR,eth_x_fg,unknown,all,not_first_gen,2015,grad6,90.4,889
FR,eth_x_fg,unknown,all,not_first_gen,2015,grad6_nonuc,94.0,
FR,eth_x_fg,unknown,all,not_first_gen,2015,grad7p,91.0,889
FR,eth_x_fg,unknown,all,not_first_gen,2015,gradgpa_mean,3.482,804
FR,eth_x_fg,unknown,all,not_first_gen,2015,ret1,95.4,889
FR,eth_x_fg,unknown,all,not_first_gen,2015,ttd_mean,4.02,
FR,eth_x_fg,unknown,all,not_first_gen,2016,grad3,5.1,922
FR,eth_x_fg,unknown,all,not_first_gen,2016,grad4,79.2,922
FR,eth_x_fg,unknown,all,not_first_gen,2016,grad5,90.3,922
FR,eth_x_fg,unknown,all,not_first_gen,2016,grad6,91.2,922
FR,eth_x_fg,unknown,all,not_first_gen,2016,grad6_nonuc,94.7,
FR,eth_x_fg,unknown,all,not_first_gen,2016,grad7p,91.6,922
FR,eth_x_fg,unknown,all,not_first_gen,2016,gradgpa_mean,3.557,833
FR,eth_x_fg,unknown,all,not_first_gen,2016,ret1,94.8,922
FR,eth_x_fg,unknown,all,not_first_gen,2016,ttd_mean,4.0,
FR,eth_x_fg,unknown,all,not_first_gen,2017,grad3,6.6,860
FR,eth_x_fg,unknown,all,not_first_gen,2017,grad4,81.0,860
FR,eth_x_fg,unknown,all,not_first_gen,2017,grad5,88.8,860
FR,eth_x_fg,unknown,all,not_first_gen,2017,grad6,90.0,860
FR,eth_x_fg,unknown,all,not_first_gen,2017,grad6_nonuc,93.1,
FR,eth_x_fg,unknown,all,not_first_gen,2017,grad7p,90.7,860
FR,eth_x_fg,unknown,all,not_first_gen,2017,gradgpa_mean,3.62,774
FR,eth_x_fg,unknown,all,not_first_gen,2017,ret1,94.3,860
FR,eth_x_fg,unknown,all,not_first_gen,2017,ttd_mean,3.96,
FR,eth_x_fg,unknown,all,not_first_gen,2018,grad3,8.5,965
FR,eth_x_fg,unknown,all,not_first_gen,2018,grad4,79.3,965
FR,eth_x_fg,unknown,all,not_first_gen,2018,grad5,90.8,965
FR,eth_x_fg,unknown,all,not_first_gen,2018,grad6,92.3,965
FR,eth_x_fg,unknown,all,not_first_gen,2018,grad6_nonuc,94.9,
FR,eth_x_fg,unknown,all,not_first_gen,2018,grad7p,93.0,965
FR,eth_x_fg,unknown,all,not_first_gen,2018,gradgpa_mean,3.601,891
FR,eth_x_fg,unknown,all,not_first_gen,2018,ret1,95.2,965
FR,eth_x_fg,unknown,all,not_first_gen,2018,ttd_mean,3.96,
FR,eth_x_fg,unknown,all,not_first_gen,2019,grad3,6.6,866
FR,eth_x_fg,unknown,all,not_first_gen,2019,grad4,77.9,866
FR,eth_x_fg,unknown,all,not_first_gen,2019,grad5,89.1,866
FR,eth_x_fg,unknown,all,not_first_gen,2019,grad6,90.9,866
FR,eth_x_fg,unknown,all,not_first_gen,2019,grad6_nonuc,94.3,
FR,eth_x_fg,unknown,all,not_first_gen,2019,gradgpa_mean,3.528,787
FR,eth_x_fg,unknown,all,not_first_gen,2019,ret1,93.4,866
FR,eth_x_fg,unknown,all,not_first_gen,2020,grad3,8.1,891
FR,eth_x_fg,unknown,all,not_first_gen,2020,grad4,81.4,891
FR,eth_x_fg,unknown,all,not_first_gen,2020,grad5,90.0,891
FR,eth_x_fg,unknown,all,not_first_gen,2020,gradgpa_mean,3.516,802
FR,eth_x_fg,unknown,all,not_first_gen,2020,ret1,95.7,891
FR,eth_x_fg,unknown,all,not_first_gen,2021,grad3,8.4,941
FR,eth_x_fg,unknown,all,not_first_gen,2021,grad4,80.2,941
FR,eth_x_fg,unknown,all,not_first_gen,2021,gradgpa_mean,3.621,755
FR,eth_x_fg,unknown,all,not_first_gen,2021,ret1,93.8,941
FR,eth_x_fg,unknown,all,not_first_gen,2022,grad3,9.5,809
FR,eth_x_fg,unknown,all,not_first_gen,2022,gradgpa_mean,3.58,77
FR,eth_x_fg,unknown,all,not_first_gen,2022,ret1,93.3,809
FR,eth_x_fg,unknown,all,not_first_gen,2023,ret1,95.4,908
FR,eth_x_fg,unknown,all,not_first_gen,2024,ret1,95.1,1028
FR,eth_x_fg,white,all,first_gen,1999,gradgpa_mean,3.289,1572
FR,eth_x_fg,white,all,first_gen,1999,ttd_mean,4.3,
FR,eth_x_fg,white,all,first_gen,2000,grad3,2.8,2066
FR,eth_x_fg,white,all,first_gen,2000,grad4,50.2,2066
FR,eth_x_fg,white,all,first_gen,2000,grad5,71.5,2066
FR,eth_x_fg,white,all,first_gen,2000,grad6,75.3,2066
FR,eth_x_fg,white,all,first_gen,2000,grad7p,76.5,2066
FR,eth_x_fg,white,all,first_gen,2000,gradgpa_mean,3.338,1555
FR,eth_x_fg,white,all,first_gen,2000,ret1,87.9,2066
FR,eth_x_fg,white,all,first_gen,2000,ttd_mean,4.27,
FR,eth_x_fg,white,all,first_gen,2001,grad3,3.2,2158
FR,eth_x_fg,white,all,first_gen,2001,grad4,51.7,2158
FR,eth_x_fg,white,all,first_gen,2001,grad5,72.4,2158
FR,eth_x_fg,white,all,first_gen,2001,grad6,76.1,2158
FR,eth_x_fg,white,all,first_gen,2001,grad7p,77.3,2158
FR,eth_x_fg,white,all,first_gen,2001,gradgpa_mean,3.283,1643
FR,eth_x_fg,white,all,first_gen,2001,ret1,88.1,2158
FR,eth_x_fg,white,all,first_gen,2001,ttd_mean,4.25,
FR,eth_x_fg,white,all,first_gen,2002,grad3,3.7,2258
FR,eth_x_fg,white,all,first_gen,2002,grad4,54.3,2258
FR,eth_x_fg,white,all,first_gen,2002,grad5,73.1,2258
FR,eth_x_fg,white,all,first_gen,2002,grad6,76.4,2258
FR,eth_x_fg,white,all,first_gen,2002,grad7p,77.7,2258
FR,eth_x_fg,white,all,first_gen,2002,gradgpa_mean,3.322,1726
FR,eth_x_fg,white,all,first_gen,2002,ret1,88.1,2258
FR,eth_x_fg,white,all,first_gen,2002,ttd_mean,4.21,
FR,eth_x_fg,white,all,first_gen,2003,grad3,3.4,2263
FR,eth_x_fg,white,all,first_gen,2003,grad4,53.3,2263
FR,eth_x_fg,white,all,first_gen,2003,grad5,72.3,2263
FR,eth_x_fg,white,all,first_gen,2003,grad6,75.9,2263
FR,eth_x_fg,white,all,first_gen,2003,grad7p,77.2,2263
FR,eth_x_fg,white,all,first_gen,2003,gradgpa_mean,3.292,1717
FR,eth_x_fg,white,all,first_gen,2003,ret1,87.4,2263
FR,eth_x_fg,white,all,first_gen,2003,ttd_mean,4.23,
FR,eth_x_fg,white,all,first_gen,2004,grad3,3.7,2017
FR,eth_x_fg,white,all,first_gen,2004,grad4,58.1,2017
FR,eth_x_fg,white,all,first_gen,2004,grad5,75.1,2017
FR,eth_x_fg,white,all,first_gen,2004,grad6,78.5,2017
FR,eth_x_fg,white,all,first_gen,2004,grad7p,79.6,2017
FR,eth_x_fg,white,all,first_gen,2004,gradgpa_mean,3.34,1583
FR,eth_x_fg,white,all,first_gen,2004,ret1,89.4,2017
FR,eth_x_fg,white,all,first_gen,2004,ttd_mean,4.17,
FR,eth_x_fg,white,all,first_gen,2005,grad3,3.9,2096
FR,eth_x_fg,white,all,first_gen,2005,grad4,59.0,2096
FR,eth_x_fg,white,all,first_gen,2005,grad5,76.4,2096
FR,eth_x_fg,white,all,first_gen,2005,grad6,78.8,2096
FR,eth_x_fg,white,all,first_gen,2005,grad7p,79.4,2096
FR,eth_x_fg,white,all,first_gen,2005,gradgpa_mean,3.378,1651
FR,eth_x_fg,white,all,first_gen,2005,ret1,88.5,2096
FR,eth_x_fg,white,all,first_gen,2005,ttd_mean,4.15,
FR,eth_x_fg,white,all,first_gen,2006,grad3,3.1,2062
FR,eth_x_fg,white,all,first_gen,2006,grad4,57.2,2062
FR,eth_x_fg,white,all,first_gen,2006,grad5,74.8,2062
FR,eth_x_fg,white,all,first_gen,2006,grad6,78.4,2062
FR,eth_x_fg,white,all,first_gen,2006,grad7p,79.5,2062
FR,eth_x_fg,white,all,first_gen,2006,gradgpa_mean,3.315,1616
FR,eth_x_fg,white,all,first_gen,2006,ret1,88.2,2062
FR,eth_x_fg,white,all,first_gen,2006,ttd_mean,4.2,
FR,eth_x_fg,white,all,first_gen,2007,grad3,4.7,2145
FR,eth_x_fg,white,all,first_gen,2007,grad4,56.0,2145
FR,eth_x_fg,white,all,first_gen,2007,grad5,74.5,2145
FR,eth_x_fg,white,all,first_gen,2007,grad6,78.1,2145
FR,eth_x_fg,white,all,first_gen,2007,grad7p,79.3,2145
FR,eth_x_fg,white,all,first_gen,2007,gradgpa_mean,3.294,1675
FR,eth_x_fg,white,all,first_gen,2007,ret1,87.6,2145
FR,eth_x_fg,white,all,first_gen,2007,ttd_mean,4.19,
FR,eth_x_fg,white,all,first_gen,2008,grad3,3.4,2123
FR,eth_x_fg,white,all,first_gen,2008,grad4,62.4,2123
FR,eth_x_fg,white,all,first_gen,2008,grad5,77.9,2123
FR,eth_x_fg,white,all,first_gen,2008,grad6,80.5,2123
FR,eth_x_fg,white,all,first_gen,2008,grad7p,81.6,2123
FR,eth_x_fg,white,all,first_gen,2008,gradgpa_mean,3.325,1710
FR,eth_x_fg,white,all,first_gen,2008,ret1,90.0,2123
FR,eth_x_fg,white,all,first_gen,2008,ttd_mean,4.15,
FR,eth_x_fg,white,all,first_gen,2009,grad3,4.1,1931
FR,eth_x_fg,white,all,first_gen,2009,grad4,62.4,1931
FR,eth_x_fg,white,all,first_gen,2009,grad5,77.7,1931
FR,eth_x_fg,white,all,first_gen,2009,grad6,80.9,1931
FR,eth_x_fg,white,all,first_gen,2009,grad7p,81.6,1931
FR,eth_x_fg,white,all,first_gen,2009,gradgpa_mean,3.317,1562
FR,eth_x_fg,white,all,first_gen,2009,ret1,90.4,1931
FR,eth_x_fg,white,all,first_gen,2009,ttd_mean,4.13,
FR,eth_x_fg,white,all,first_gen,2010,grad3,3.4,1653
FR,eth_x_fg,white,all,first_gen,2010,grad4,61.3,1653
FR,eth_x_fg,white,all,first_gen,2010,grad5,78.0,1653
FR,eth_x_fg,white,all,first_gen,2010,grad6,80.3,1653
FR,eth_x_fg,white,all,first_gen,2010,grad6_nonuc,80.3,
FR,eth_x_fg,white,all,first_gen,2010,grad7p,81.2,1653
FR,eth_x_fg,white,all,first_gen,2010,gradgpa_mean,3.314,1328
FR,eth_x_fg,white,all,first_gen,2010,ret1,89.9,1653
FR,eth_x_fg,white,all,first_gen,2010,ttd_mean,4.15,
FR,eth_x_fg,white,all,first_gen,2011,grad3,2.9,1837
FR,eth_x_fg,white,all,first_gen,2011,grad4,61.9,1837
FR,eth_x_fg,white,all,first_gen,2011,grad5,79.7,1837
FR,eth_x_fg,white,all,first_gen,2011,grad6,82.9,1837
FR,eth_x_fg,white,all,first_gen,2011,grad6_nonuc,85.4,
FR,eth_x_fg,white,all,first_gen,2011,grad7p,83.6,1837
FR,eth_x_fg,white,all,first_gen,2011,gradgpa_mean,3.306,1522
FR,eth_x_fg,white,all,first_gen,2011,ret1,90.9,1837
FR,eth_x_fg,white,all,first_gen,2011,ttd_mean,4.18,
FR,eth_x_fg,white,all,first_gen,2012,grad3,2.7,1808
FR,eth_x_fg,white,all,first_gen,2012,grad4,60.5,1808
FR,eth_x_fg,white,all,first_gen,2012,grad5,77.5,1808
FR,eth_x_fg,white,all,first_gen,2012,grad6,79.3,1808
FR,eth_x_fg,white,all,first_gen,2012,grad6_nonuc,83.4,
FR,eth_x_fg,white,all,first_gen,2012,grad7p,80.4,1808
FR,eth_x_fg,white,all,first_gen,2012,gradgpa_mean,3.345,1434
FR,eth_x_fg,white,all,first_gen,2012,ret1,90.0,1808
FR,eth_x_fg,white,all,first_gen,2012,ttd_mean,4.15,
FR,eth_x_fg,white,all,first_gen,2013,grad3,2.8,1781
FR,eth_x_fg,white,all,first_gen,2013,grad4,63.3,1781
FR,eth_x_fg,white,all,first_gen,2013,grad5,78.6,1781
FR,eth_x_fg,white,all,first_gen,2013,grad6,81.2,1781
FR,eth_x_fg,white,all,first_gen,2013,grad6_nonuc,85.1,
FR,eth_x_fg,white,all,first_gen,2013,grad7p,82.3,1781
FR,eth_x_fg,white,all,first_gen,2013,gradgpa_mean,3.368,1447
FR,eth_x_fg,white,all,first_gen,2013,ret1,90.5,1781
FR,eth_x_fg,white,all,first_gen,2013,ttd_mean,4.16,
FR,eth_x_fg,white,all,first_gen,2014,grad3,3.3,1718
FR,eth_x_fg,white,all,first_gen,2014,grad4,67.1,1718
FR,eth_x_fg,white,all,first_gen,2014,grad5,79.6,1718
FR,eth_x_fg,white,all,first_gen,2014,grad6,82.1,1718
FR,eth_x_fg,white,all,first_gen,2014,grad6_nonuc,85.9,
FR,eth_x_fg,white,all,first_gen,2014,grad7p,82.5,1718
FR,eth_x_fg,white,all,first_gen,2014,gradgpa_mean,3.383,1410
FR,eth_x_fg,white,all,first_gen,2014,ret1,90.3,1718
FR,eth_x_fg,white,all,first_gen,2014,ttd_mean,4.1,
FR,eth_x_fg,white,all,first_gen,2015,grad3,4.3,1579
FR,eth_x_fg,white,all,first_gen,2015,grad4,65.1,1579
FR,eth_x_fg,white,all,first_gen,2015,grad5,79.2,1579
FR,eth_x_fg,white,all,first_gen,2015,grad6,81.4,1579
FR,eth_x_fg,white,all,first_gen,2015,grad6_nonuc,85.3,
FR,eth_x_fg,white,all,first_gen,2015,grad7p,82.1,1579
FR,eth_x_fg,white,all,first_gen,2015,gradgpa_mean,3.419,1285
FR,eth_x_fg,white,all,first_gen,2015,ret1,90.2,1579
FR,eth_x_fg,white,all,first_gen,2015,ttd_mean,4.1,
FR,eth_x_fg,white,all,first_gen,2016,grad3,4.2,1750
FR,eth_x_fg,white,all,first_gen,2016,grad4,67.1,1750
FR,eth_x_fg,white,all,first_gen,2016,grad5,79.5,1750
FR,eth_x_fg,white,all,first_gen,2016,grad6,81.0,1750
FR,eth_x_fg,white,all,first_gen,2016,grad6_nonuc,83.8,
FR,eth_x_fg,white,all,first_gen,2016,grad7p,81.6,1750
FR,eth_x_fg,white,all,first_gen,2016,gradgpa_mean,3.527,1418
FR,eth_x_fg,white,all,first_gen,2016,ret1,89.7,1750
FR,eth_x_fg,white,all,first_gen,2016,ttd_mean,4.06,
FR,eth_x_fg,white,all,first_gen,2017,grad3,5.0,1512
FR,eth_x_fg,white,all,first_gen,2017,grad4,68.1,1512
FR,eth_x_fg,white,all,first_gen,2017,grad5,79.2,1512
FR,eth_x_fg,white,all,first_gen,2017,grad6,81.2,1512
FR,eth_x_fg,white,all,first_gen,2017,grad6_nonuc,84.7,
FR,eth_x_fg,white,all,first_gen,2017,grad7p,81.6,1512
FR,eth_x_fg,white,all,first_gen,2017,gradgpa_mean,3.543,1227
FR,eth_x_fg,white,all,first_gen,2017,ret1,89.6,1512
FR,eth_x_fg,white,all,first_gen,2017,ttd_mean,4.03,
FR,eth_x_fg,white,all,first_gen,2018,grad3,6.7,1477
FR,eth_x_fg,white,all,first_gen,2018,grad4,70.6,1477
FR,eth_x_fg,white,all,first_gen,2018,grad5,81.4,1477
FR,eth_x_fg,white,all,first_gen,2018,grad6,83.0,1477
FR,eth_x_fg,white,all,first_gen,2018,grad6_nonuc,86.1,
FR,eth_x_fg,white,all,first_gen,2018,grad7p,83.9,1477
FR,eth_x_fg,white,all,first_gen,2018,gradgpa_mean,3.503,1226
FR,eth_x_fg,white,all,first_gen,2018,ret1,91.1,1477
FR,eth_x_fg,white,all,first_gen,2018,ttd_mean,4.01,
FR,eth_x_fg,white,all,first_gen,2019,grad3,6.6,1326
FR,eth_x_fg,white,all,first_gen,2019,grad4,69.6,1326
FR,eth_x_fg,white,all,first_gen,2019,grad5,80.4,1326
FR,eth_x_fg,white,all,first_gen,2019,grad6,81.7,1326
FR,eth_x_fg,white,all,first_gen,2019,grad6_nonuc,84.9,
FR,eth_x_fg,white,all,first_gen,2019,gradgpa_mean,3.465,1084
FR,eth_x_fg,white,all,first_gen,2019,ret1,90.8,1326
FR,eth_x_fg,white,all,first_gen,2020,grad3,5.6,1288
FR,eth_x_fg,white,all,first_gen,2020,grad4,67.9,1288
FR,eth_x_fg,white,all,first_gen,2020,grad5,76.6,1288
FR,eth_x_fg,white,all,first_gen,2020,gradgpa_mean,3.499,987
FR,eth_x_fg,white,all,first_gen,2020,ret1,89.2,1288
FR,eth_x_fg,white,all,first_gen,2021,grad3,7.8,1259
FR,eth_x_fg,white,all,first_gen,2021,grad4,68.1,1259
FR,eth_x_fg,white,all,first_gen,2021,gradgpa_mean,3.539,858
FR,eth_x_fg,white,all,first_gen,2021,ret1,87.2,1259
FR,eth_x_fg,white,all,first_gen,2022,grad3,11.1,1115
FR,eth_x_fg,white,all,first_gen,2022,gradgpa_mean,3.6,124
FR,eth_x_fg,white,all,first_gen,2022,ret1,90.4,1115
FR,eth_x_fg,white,all,first_gen,2023,ret1,89.4,1178
FR,eth_x_fg,white,all,first_gen,2024,ret1,90.8,1114
FR,eth_x_fg,white,all,not_first_gen,1999,gradgpa_mean,3.391,6474
FR,eth_x_fg,white,all,not_first_gen,1999,ttd_mean,4.26,
FR,eth_x_fg,white,all,not_first_gen,2000,grad3,2.4,8144
FR,eth_x_fg,white,all,not_first_gen,2000,grad4,57.2,8144
FR,eth_x_fg,white,all,not_first_gen,2000,grad5,80.2,8144
FR,eth_x_fg,white,all,not_first_gen,2000,grad6,84.0,8144
FR,eth_x_fg,white,all,not_first_gen,2000,grad7p,85.4,8144
FR,eth_x_fg,white,all,not_first_gen,2000,gradgpa_mean,3.387,6840
FR,eth_x_fg,white,all,not_first_gen,2000,ret1,91.3,8144
FR,eth_x_fg,white,all,not_first_gen,2000,ttd_mean,4.26,
FR,eth_x_fg,white,all,not_first_gen,2001,grad3,2.8,8531
FR,eth_x_fg,white,all,not_first_gen,2001,grad4,58.9,8531
FR,eth_x_fg,white,all,not_first_gen,2001,grad5,80.0,8531
FR,eth_x_fg,white,all,not_first_gen,2001,grad6,83.8,8531
FR,eth_x_fg,white,all,not_first_gen,2001,grad7p,85.1,8531
FR,eth_x_fg,white,all,not_first_gen,2001,gradgpa_mean,3.371,7153
FR,eth_x_fg,white,all,not_first_gen,2001,ret1,90.6,8531
FR,eth_x_fg,white,all,not_first_gen,2001,ttd_mean,4.23,
FR,eth_x_fg,white,all,not_first_gen,2002,grad3,2.6,8777
FR,eth_x_fg,white,all,not_first_gen,2002,grad4,60.7,8777
FR,eth_x_fg,white,all,not_first_gen,2002,grad5,81.9,8777
FR,eth_x_fg,white,all,not_first_gen,2002,grad6,85.0,8777
FR,eth_x_fg,white,all,not_first_gen,2002,grad7p,86.1,8777
FR,eth_x_fg,white,all,not_first_gen,2002,gradgpa_mean,3.379,7460
FR,eth_x_fg,white,all,not_first_gen,2002,ret1,90.9,8777
FR,eth_x_fg,white,all,not_first_gen,2002,ttd_mean,4.2,
FR,eth_x_fg,white,all,not_first_gen,2003,grad3,2.9,8717
FR,eth_x_fg,white,all,not_first_gen,2003,grad4,61.8,8717
FR,eth_x_fg,white,all,not_first_gen,2003,grad5,81.6,8717
FR,eth_x_fg,white,all,not_first_gen,2003,grad6,84.7,8717
FR,eth_x_fg,white,all,not_first_gen,2003,grad7p,85.8,8717
FR,eth_x_fg,white,all,not_first_gen,2003,gradgpa_mean,3.398,7382
FR,eth_x_fg,white,all,not_first_gen,2003,ret1,91.5,8717
FR,eth_x_fg,white,all,not_first_gen,2003,ttd_mean,4.19,
FR,eth_x_fg,white,all,not_first_gen,2004,grad3,2.9,7719
FR,eth_x_fg,white,all,not_first_gen,2004,grad4,63.6,7719
FR,eth_x_fg,white,all,not_first_gen,2004,grad5,82.5,7719
FR,eth_x_fg,white,all,not_first_gen,2004,grad6,85.6,7719
FR,eth_x_fg,white,all,not_first_gen,2004,grad7p,86.5,7719
FR,eth_x_fg,white,all,not_first_gen,2004,gradgpa_mean,3.411,6604
FR,eth_x_fg,white,all,not_first_gen,2004,ret1,91.8,7719
FR,eth_x_fg,white,all,not_first_gen,2004,ttd_mean,4.18,
FR,eth_x_fg,white,all,not_first_gen,2005,grad3,3.1,8126
FR,eth_x_fg,white,all,not_first_gen,2005,grad4,66.2,8126
FR,eth_x_fg,white,all,not_first_gen,2005,grad5,84.3,8126
FR,eth_x_fg,white,all,not_first_gen,2005,grad6,86.8,8126
FR,eth_x_fg,white,all,not_first_gen,2005,grad7p,87.9,8126
FR,eth_x_fg,white,all,not_first_gen,2005,gradgpa_mean,3.425,7054
FR,eth_x_fg,white,all,not_first_gen,2005,ret1,92.6,8126
FR,eth_x_fg,white,all,not_first_gen,2005,ttd_mean,4.15,
FR,eth_x_fg,white,all,not_first_gen,2006,grad3,3.2,8679
FR,eth_x_fg,white,all,not_first_gen,2006,grad4,68.3,8679
FR,eth_x_fg,white,all,not_first_gen,2006,grad5,84.8,8679
FR,eth_x_fg,white,all,not_first_gen,2006,grad6,87.3,8679
FR,eth_x_fg,white,all,not_first_gen,2006,grad7p,88.2,8679
FR,eth_x_fg,white,all,not_first_gen,2006,gradgpa_mean,3.414,7575
FR,eth_x_fg,white,all,not_first_gen,2006,ret1,93.1,8679
FR,eth_x_fg,white,all,not_first_gen,2006,ttd_mean,4.13,
FR,eth_x_fg,white,all,not_first_gen,2007,grad3,3.7,8266
FR,eth_x_fg,white,all,not_first_gen,2007,grad4,68.2,8266
FR,eth_x_fg,white,all,not_first_gen,2007,grad5,84.0,8266
FR,eth_x_fg,white,all,not_first_gen,2007,grad6,86.4,8266
FR,eth_x_fg,white,all,not_first_gen,2007,grad7p,87.5,8266
FR,eth_x_fg,white,all,not_first_gen,2007,gradgpa_mean,3.411,7144
FR,eth_x_fg,white,all,not_first_gen,2007,ret1,92.5,8266
FR,eth_x_fg,white,all,not_first_gen,2007,ttd_mean,4.12,
FR,eth_x_fg,white,all,not_first_gen,2008,grad3,4.0,8542
FR,eth_x_fg,white,all,not_first_gen,2008,grad4,68.9,8542
FR,eth_x_fg,white,all,not_first_gen,2008,grad5,85.0,8542
FR,eth_x_fg,white,all,not_first_gen,2008,grad6,87.3,8542
FR,eth_x_fg,white,all,not_first_gen,2008,grad7p,88.1,8542
FR,eth_x_fg,white,all,not_first_gen,2008,gradgpa_mean,3.399,7455
FR,eth_x_fg,white,all,not_first_gen,2008,ret1,92.9,8542
FR,eth_x_fg,white,all,not_first_gen,2008,ttd_mean,4.11,
FR,eth_x_fg,white,all,not_first_gen,2009,grad3,3.7,7649
FR,eth_x_fg,white,all,not_first_gen,2009,grad4,70.8,7649
FR,eth_x_fg,white,all,not_first_gen,2009,grad5,85.6,7649
FR,eth_x_fg,white,all,not_first_gen,2009,grad6,87.6,7649
FR,eth_x_fg,white,all,not_first_gen,2009,grad7p,88.5,7649
FR,eth_x_fg,white,all,not_first_gen,2009,gradgpa_mean,3.411,6699
FR,eth_x_fg,white,all,not_first_gen,2009,ret1,93.5,7649
FR,eth_x_fg,white,all,not_first_gen,2009,ttd_mean,4.09,
FR,eth_x_fg,white,all,not_first_gen,2010,grad3,3.5,7033
FR,eth_x_fg,white,all,not_first_gen,2010,grad4,69.8,7033
FR,eth_x_fg,white,all,not_first_gen,2010,grad5,85.7,7033
FR,eth_x_fg,white,all,not_first_gen,2010,grad6,87.8,7033
FR,eth_x_fg,white,all,not_first_gen,2010,grad6_nonuc,87.8,
FR,eth_x_fg,white,all,not_first_gen,2010,grad7p,88.7,7033
FR,eth_x_fg,white,all,not_first_gen,2010,gradgpa_mean,3.415,6178
FR,eth_x_fg,white,all,not_first_gen,2010,ret1,94.1,7033
FR,eth_x_fg,white,all,not_first_gen,2010,ttd_mean,4.11,
FR,eth_x_fg,white,all,not_first_gen,2011,grad3,3.9,7336
FR,eth_x_fg,white,all,not_first_gen,2011,grad4,71.5,7336
FR,eth_x_fg,white,all,not_first_gen,2011,grad5,85.9,7336
FR,eth_x_fg,white,all,not_first_gen,2011,grad6,87.8,7336
FR,eth_x_fg,white,all,not_first_gen,2011,grad6_nonuc,91.0,
FR,eth_x_fg,white,all,not_first_gen,2011,grad7p,88.6,7336
FR,eth_x_fg,white,all,not_first_gen,2011,gradgpa_mean,3.411,6439
FR,eth_x_fg,white,all,not_first_gen,2011,ret1,93.8,7336
FR,eth_x_fg,white,all,not_first_gen,2011,ttd_mean,4.08,
FR,eth_x_fg,white,all,not_first_gen,2012,grad3,3.1,7151
FR,eth_x_fg,white,all,not_first_gen,2012,grad4,70.5,7151
FR,eth_x_fg,white,all,not_first_gen,2012,grad5,84.9,7151
FR,eth_x_fg,white,all,not_first_gen,2012,grad6,87.0,7151
FR,eth_x_fg,white,all,not_first_gen,2012,grad6_nonuc,90.4,
FR,eth_x_fg,white,all,not_first_gen,2012,grad7p,87.6,7151
FR,eth_x_fg,white,all,not_first_gen,2012,gradgpa_mean,3.422,6223
FR,eth_x_fg,white,all,not_first_gen,2012,ret1,93.2,7151
FR,eth_x_fg,white,all,not_first_gen,2012,ttd_mean,4.09,
FR,eth_x_fg,white,all,not_first_gen,2013,grad3,3.5,7288
FR,eth_x_fg,white,all,not_first_gen,2013,grad4,72.9,7288
FR,eth_x_fg,white,all,not_first_gen,2013,grad5,87.0,7288
FR,eth_x_fg,white,all,not_first_gen,2013,grad6,88.9,7288
FR,eth_x_fg,white,all,not_first_gen,2013,grad6_nonuc,91.9,
FR,eth_x_fg,white,all,not_first_gen,2013,grad7p,89.6,7288
FR,eth_x_fg,white,all,not_first_gen,2013,gradgpa_mean,3.474,6479
FR,eth_x_fg,white,all,not_first_gen,2013,ret1,93.2,7288
FR,eth_x_fg,white,all,not_first_gen,2013,ttd_mean,4.08,
FR,eth_x_fg,white,all,not_first_gen,2014,grad3,4.1,7107
FR,eth_x_fg,white,all,not_first_gen,2014,grad4,74.9,7107
FR,eth_x_fg,white,all,not_first_gen,2014,grad5,87.2,7107
FR,eth_x_fg,white,all,not_first_gen,2014,grad6,89.2,7107
FR,eth_x_fg,white,all,not_first_gen,2014,grad6_nonuc,92.1,
FR,eth_x_fg,white,all,not_first_gen,2014,grad7p,89.9,7107
FR,eth_x_fg,white,all,not_first_gen,2014,gradgpa_mean,3.491,6338
FR,eth_x_fg,white,all,not_first_gen,2014,ret1,94.2,7107
FR,eth_x_fg,white,all,not_first_gen,2014,ttd_mean,4.06,
FR,eth_x_fg,white,all,not_first_gen,2015,grad3,4.6,7084
FR,eth_x_fg,white,all,not_first_gen,2015,grad4,75.0,7084
FR,eth_x_fg,white,all,not_first_gen,2015,grad5,87.8,7084
FR,eth_x_fg,white,all,not_first_gen,2015,grad6,89.4,7084
FR,eth_x_fg,white,all,not_first_gen,2015,grad6_nonuc,92.7,
FR,eth_x_fg,white,all,not_first_gen,2015,grad7p,90.1,7084
FR,eth_x_fg,white,all,not_first_gen,2015,gradgpa_mean,3.503,6335
FR,eth_x_fg,white,all,not_first_gen,2015,ret1,93.8,7084
FR,eth_x_fg,white,all,not_first_gen,2015,ttd_mean,4.04,
FR,eth_x_fg,white,all,not_first_gen,2016,grad3,4.7,7925
FR,eth_x_fg,white,all,not_first_gen,2016,grad4,77.0,7925
FR,eth_x_fg,white,all,not_first_gen,2016,grad5,88.2,7925
FR,eth_x_fg,white,all,not_first_gen,2016,grad6,89.7,7925
FR,eth_x_fg,white,all,not_first_gen,2016,grad6_nonuc,92.8,
FR,eth_x_fg,white,all,not_first_gen,2016,grad7p,90.0,7925
FR,eth_x_fg,white,all,not_first_gen,2016,gradgpa_mean,3.571,7109
FR,eth_x_fg,white,all,not_first_gen,2016,ret1,93.9,7925
FR,eth_x_fg,white,all,not_first_gen,2016,ttd_mean,4.01,
FR,eth_x_fg,white,all,not_first_gen,2017,grad3,6.0,7655
FR,eth_x_fg,white,all,not_first_gen,2017,grad4,76.2,7655
FR,eth_x_fg,white,all,not_first_gen,2017,grad5,86.7,7655
FR,eth_x_fg,white,all,not_first_gen,2017,grad6,88.4,7655
FR,eth_x_fg,white,all,not_first_gen,2017,grad6_nonuc,91.9,
FR,eth_x_fg,white,all,not_first_gen,2017,grad7p,89.0,7655
FR,eth_x_fg,white,all,not_first_gen,2017,gradgpa_mean,3.637,6768
FR,eth_x_fg,white,all,not_first_gen,2017,ret1,93.4,7655
FR,eth_x_fg,white,all,not_first_gen,2017,ttd_mean,4.0,
FR,eth_x_fg,white,all,not_first_gen,2018,grad3,6.7,7308
FR,eth_x_fg,white,all,not_first_gen,2018,grad4,76.0,7308
FR,eth_x_fg,white,all,not_first_gen,2018,grad5,87.1,7308
FR,eth_x_fg,white,all,not_first_gen,2018,grad6,88.8,7308
FR,eth_x_fg,white,all,not_first_gen,2018,grad6_nonuc,92.2,
FR,eth_x_fg,white,all,not_first_gen,2018,grad7p,89.6,7308
FR,eth_x_fg,white,all,not_first_gen,2018,gradgpa_mean,3.595,6492
FR,eth_x_fg,white,all,not_first_gen,2018,ret1,93.4,7308
FR,eth_x_fg,white,all,not_first_gen,2018,ttd_mean,4.0,
FR,eth_x_fg,white,all,not_first_gen,2019,grad3,6.6,7453
FR,eth_x_fg,white,all,not_first_gen,2019,grad4,77.8,7453
FR,eth_x_fg,white,all,not_first_gen,2019,grad5,87.9,7453
FR,eth_x_fg,white,all,not_first_gen,2019,grad6,89.3,7453
FR,eth_x_fg,white,all,not_first_gen,2019,grad6_nonuc,92.6,
FR,eth_x_fg,white,all,not_first_gen,2019,gradgpa_mean,3.573,6653
FR,eth_x_fg,white,all,not_first_gen,2019,ret1,91.5,7453
FR,eth_x_fg,white,all,not_first_gen,2020,grad3,5.7,7441
FR,eth_x_fg,white,all,not_first_gen,2020,grad4,78.1,7441
FR,eth_x_fg,white,all,not_first_gen,2020,grad5,87.9,7441
FR,eth_x_fg,white,all,not_first_gen,2020,gradgpa_mean,3.556,6543
FR,eth_x_fg,white,all,not_first_gen,2020,ret1,94.9,7441
FR,eth_x_fg,white,all,not_first_gen,2021,grad3,6.8,8808
FR,eth_x_fg,white,all,not_first_gen,2021,grad4,79.9,8808
FR,eth_x_fg,white,all,not_first_gen,2021,gradgpa_mean,3.631,7037
FR,eth_x_fg,white,all,not_first_gen,2021,ret1,93.0,8808
FR,eth_x_fg,white,all,not_first_gen,2022,grad3,8.0,7558
FR,eth_x_fg,white,all,not_first_gen,2022,gradgpa_mean,3.62,604
FR,eth_x_fg,white,all,not_first_gen,2022,ret1,93.9,7558
FR,eth_x_fg,white,all,not_first_gen,2023,ret1,93.9,7662
FR,eth_x_fg,white,all,not_first_gen,2024,ret1,94.9,7461
FR,eth_x_pell,aian,non_pell,all,2003,grad3,2.3,86
FR,eth_x_pell,aian,non_pell,all,2003,grad4,53.5,86
FR,eth_x_pell,aian,non_pell,all,2003,grad5,73.3,86
FR,eth_x_pell,aian,non_pell,all,2003,grad6,76.7,86
FR,eth_x_pell,aian,non_pell,all,2003,grad7p,77.9,86
FR,eth_x_pell,aian,non_pell,all,2003,gradgpa_mean,3.315,61
FR,eth_x_pell,aian,non_pell,all,2003,ret1,95.3,86
FR,eth_x_pell,aian,non_pell,all,2003,ttd_mean,4.24,
FR,eth_x_pell,aian,non_pell,all,2004,grad3,2.9,102
FR,eth_x_pell,aian,non_pell,all,2004,grad4,52.9,102
FR,eth_x_pell,aian,non_pell,all,2004,grad5,73.5,102
FR,eth_x_pell,aian,non_pell,all,2004,grad6,74.5,102
FR,eth_x_pell,aian,non_pell,all,2004,grad7p,76.5,102
FR,eth_x_pell,aian,non_pell,all,2004,gradgpa_mean,3.298,72
FR,eth_x_pell,aian,non_pell,all,2004,ret1,88.2,102
FR,eth_x_pell,aian,non_pell,all,2004,ttd_mean,4.21,
FR,eth_x_pell,aian,non_pell,all,2005,grad3,1.8,110
FR,eth_x_pell,aian,non_pell,all,2005,grad4,60.9,110
FR,eth_x_pell,aian,non_pell,all,2005,grad5,78.2,110
FR,eth_x_pell,aian,non_pell,all,2005,grad6,80.0,110
FR,eth_x_pell,aian,non_pell,all,2005,grad7p,80.9,110
FR,eth_x_pell,aian,non_pell,all,2005,gradgpa_mean,3.4,84
FR,eth_x_pell,aian,non_pell,all,2005,ret1,90.9,110
FR,eth_x_pell,aian,non_pell,all,2005,ttd_mean,4.18,
FR,eth_x_pell,aian,non_pell,all,2006,grad3,5.6,124
FR,eth_x_pell,aian,non_pell,all,2006,grad4,66.1,124
FR,eth_x_pell,aian,non_pell,all,2006,grad5,79.0,124
FR,eth_x_pell,aian,non_pell,all,2006,grad6,82.3,124
FR,eth_x_pell,aian,non_pell,all,2006,grad7p,83.1,124
FR,eth_x_pell,aian,non_pell,all,2006,gradgpa_mean,3.495,91
FR,eth_x_pell,aian,non_pell,all,2006,ret1,87.1,124
FR,eth_x_pell,aian,non_pell,all,2006,ttd_mean,4.08,
FR,eth_x_pell,aian,non_pell,all,2007,grad3,4.4,113
FR,eth_x_pell,aian,non_pell,all,2007,grad4,63.7,113
FR,eth_x_pell,aian,non_pell,all,2007,grad5,77.0,113
FR,eth_x_pell,aian,non_pell,all,2007,grad6,78.8,113
FR,eth_x_pell,aian,non_pell,all,2007,grad7p,79.6,113
FR,eth_x_pell,aian,non_pell,all,2007,gradgpa_mean,3.368,82
FR,eth_x_pell,aian,non_pell,all,2007,ret1,88.5,113
FR,eth_x_pell,aian,non_pell,all,2007,ttd_mean,4.11,
FR,eth_x_pell,aian,non_pell,all,2008,grad3,4.9,103
FR,eth_x_pell,aian,non_pell,all,2008,grad4,50.5,103
FR,eth_x_pell,aian,non_pell,all,2008,grad5,72.8,103
FR,eth_x_pell,aian,non_pell,all,2008,grad6,75.7,103
FR,eth_x_pell,aian,non_pell,all,2008,grad7p,75.7,103
FR,eth_x_pell,aian,non_pell,all,2008,gradgpa_mean,3.229,70
FR,eth_x_pell,aian,non_pell,all,2008,ret1,84.5,103
FR,eth_x_pell,aian,non_pell,all,2008,ttd_mean,4.15,
FR,eth_x_pell,aian,non_pell,all,2009,grad3,5.2,134
FR,eth_x_pell,aian,non_pell,all,2009,grad4,63.4,134
FR,eth_x_pell,aian,non_pell,all,2009,grad5,81.3,134
FR,eth_x_pell,aian,non_pell,all,2009,grad6,85.1,134
FR,eth_x_pell,aian,non_pell,all,2009,grad7p,85.1,134
FR,eth_x_pell,aian,non_pell,all,2009,gradgpa_mean,3.356,102
FR,eth_x_pell,aian,non_pell,all,2009,ret1,91.8,134
FR,eth_x_pell,aian,non_pell,all,2009,ttd_mean,4.13,
FR,eth_x_pell,aian,non_pell,all,2010,grad3,3.8,158
FR,eth_x_pell,aian,non_pell,all,2010,grad4,63.9,158
FR,eth_x_pell,aian,non_pell,all,2010,grad5,82.3,158
FR,eth_x_pell,aian,non_pell,all,2010,grad6,83.5,158
FR,eth_x_pell,aian,non_pell,all,2010,grad6_nonuc,83.5,
FR,eth_x_pell,aian,non_pell,all,2010,grad7p,84.2,158
FR,eth_x_pell,aian,non_pell,all,2010,gradgpa_mean,3.392,124
FR,eth_x_pell,aian,non_pell,all,2010,ret1,88.6,158
FR,eth_x_pell,aian,non_pell,all,2010,ttd_mean,4.1,
FR,eth_x_pell,aian,non_pell,all,2011,grad3,7.1,141
FR,eth_x_pell,aian,non_pell,all,2011,grad4,65.2,141
FR,eth_x_pell,aian,non_pell,all,2011,grad5,80.1,141
FR,eth_x_pell,aian,non_pell,all,2011,grad6,82.3,141
FR,eth_x_pell,aian,non_pell,all,2011,grad6_nonuc,86.5,
FR,eth_x_pell,aian,non_pell,all,2011,grad7p,83.0,141
FR,eth_x_pell,aian,non_pell,all,2011,gradgpa_mean,3.443,113
FR,eth_x_pell,aian,non_pell,all,2011,ret1,91.5,141
FR,eth_x_pell,aian,non_pell,all,2011,ttd_mean,4.06,
FR,eth_x_pell,aian,non_pell,all,2012,grad3,1.5,133
FR,eth_x_pell,aian,non_pell,all,2012,grad4,65.4,133
FR,eth_x_pell,aian,non_pell,all,2012,grad5,80.5,133
FR,eth_x_pell,aian,non_pell,all,2012,grad6,82.7,133
FR,eth_x_pell,aian,non_pell,all,2012,grad6_nonuc,87.2,
FR,eth_x_pell,aian,non_pell,all,2012,grad7p,83.5,133
FR,eth_x_pell,aian,non_pell,all,2012,gradgpa_mean,3.265,105
FR,eth_x_pell,aian,non_pell,all,2012,ret1,91.7,133
FR,eth_x_pell,aian,non_pell,all,2012,ttd_mean,4.14,
FR,eth_x_pell,aian,non_pell,all,2013,grad3,3.7,107
FR,eth_x_pell,aian,non_pell,all,2013,grad4,67.3,107
FR,eth_x_pell,aian,non_pell,all,2013,grad5,78.5,107
FR,eth_x_pell,aian,non_pell,all,2013,grad6,79.4,107
FR,eth_x_pell,aian,non_pell,all,2013,grad6_nonuc,86.9,
FR,eth_x_pell,aian,non_pell,all,2013,grad7p,80.4,107
FR,eth_x_pell,aian,non_pell,all,2013,gradgpa_mean,3.526,80
FR,eth_x_pell,aian,non_pell,all,2013,ret1,87.9,107
FR,eth_x_pell,aian,non_pell,all,2013,ttd_mean,4.07,
FR,eth_x_pell,aian,non_pell,all,2014,grad3,3.3,150
FR,eth_x_pell,aian,non_pell,all,2014,grad4,62.7,150
FR,eth_x_pell,aian,non_pell,all,2014,grad5,80.7,150
FR,eth_x_pell,aian,non_pell,all,2014,grad6,83.3,150
FR,eth_x_pell,aian,non_pell,all,2014,grad6_nonuc,85.3,
FR,eth_x_pell,aian,non_pell,all,2014,grad7p,84.0,150
FR,eth_x_pell,aian,non_pell,all,2014,gradgpa_mean,3.372,116
FR,eth_x_pell,aian,non_pell,all,2014,ret1,90.0,150
FR,eth_x_pell,aian,non_pell,all,2014,ttd_mean,4.15,
FR,eth_x_pell,aian,non_pell,all,2015,grad3,4.4,137
FR,eth_x_pell,aian,non_pell,all,2015,grad4,62.8,137
FR,eth_x_pell,aian,non_pell,all,2015,grad5,75.2,137
FR,eth_x_pell,aian,non_pell,all,2015,grad6,80.3,137
FR,eth_x_pell,aian,non_pell,all,2015,grad6_nonuc,86.1,
FR,eth_x_pell,aian,non_pell,all,2015,grad7p,81.0,137
FR,eth_x_pell,aian,non_pell,all,2015,gradgpa_mean,3.475,97
FR,eth_x_pell,aian,non_pell,all,2015,ret1,86.1,137
FR,eth_x_pell,aian,non_pell,all,2015,ttd_mean,4.1,
FR,eth_x_pell,aian,non_pell,all,2016,grad3,2.2,137
FR,eth_x_pell,aian,non_pell,all,2016,grad4,70.8,137
FR,eth_x_pell,aian,non_pell,all,2016,grad5,80.3,137
FR,eth_x_pell,aian,non_pell,all,2016,grad6,81.8,137
FR,eth_x_pell,aian,non_pell,all,2016,grad6_nonuc,88.3,
FR,eth_x_pell,aian,non_pell,all,2016,grad7p,83.2,137
FR,eth_x_pell,aian,non_pell,all,2016,gradgpa_mean,3.514,107
FR,eth_x_pell,aian,non_pell,all,2016,ret1,86.1,137
FR,eth_x_pell,aian,non_pell,all,2016,ttd_mean,4.09,
FR,eth_x_pell,aian,non_pell,all,2017,grad3,10.5,124
FR,eth_x_pell,aian,non_pell,all,2017,grad4,70.2,124
FR,eth_x_pell,aian,non_pell,all,2017,grad5,81.5,124
FR,eth_x_pell,aian,non_pell,all,2017,grad6,84.7,124
FR,eth_x_pell,aian,non_pell,all,2017,grad6_nonuc,87.9,
FR,eth_x_pell,aian,non_pell,all,2017,grad7p,84.7,124
FR,eth_x_pell,aian,non_pell,all,2017,gradgpa_mean,3.64,101
FR,eth_x_pell,aian,non_pell,all,2017,ret1,88.7,124
FR,eth_x_pell,aian,non_pell,all,2017,ttd_mean,3.97,
FR,eth_x_pell,aian,non_pell,all,2018,grad3,8.0,137
FR,eth_x_pell,aian,non_pell,all,2018,grad4,65.7,137
FR,eth_x_pell,aian,non_pell,all,2018,grad5,81.0,137
FR,eth_x_pell,aian,non_pell,all,2018,grad6,81.8,137
FR,eth_x_pell,aian,non_pell,all,2018,grad6_nonuc,84.7,
FR,eth_x_pell,aian,non_pell,all,2018,grad7p,83.2,137
FR,eth_x_pell,aian,non_pell,all,2018,gradgpa_mean,3.47,111
FR,eth_x_pell,aian,non_pell,all,2018,ret1,92.7,137
FR,eth_x_pell,aian,non_pell,all,2018,ttd_mean,4.06,
FR,eth_x_pell,aian,non_pell,all,2019,grad3,5.9,119
FR,eth_x_pell,aian,non_pell,all,2019,grad4,70.6,119
FR,eth_x_pell,aian,non_pell,all,2019,grad5,81.5,119
FR,eth_x_pell,aian,non_pell,all,2019,grad6,82.4,119
FR,eth_x_pell,aian,non_pell,all,2019,grad6_nonuc,88.2,
FR,eth_x_pell,aian,non_pell,all,2019,gradgpa_mean,3.485,90
FR,eth_x_pell,aian,non_pell,all,2019,ret1,89.9,119
FR,eth_x_pell,aian,non_pell,all,2020,grad3,6.8,117
FR,eth_x_pell,aian,non_pell,all,2020,grad4,67.5,117
FR,eth_x_pell,aian,non_pell,all,2020,grad5,76.9,117
FR,eth_x_pell,aian,non_pell,all,2020,gradgpa_mean,3.542,82
FR,eth_x_pell,aian,non_pell,all,2020,ret1,87.2,117
FR,eth_x_pell,aian,non_pell,all,2021,grad3,9.2,141
FR,eth_x_pell,aian,non_pell,all,2021,grad4,73.0,141
FR,eth_x_pell,aian,non_pell,all,2021,gradgpa_mean,3.445,103
FR,eth_x_pell,aian,non_pell,all,2021,ret1,91.5,141
FR,eth_x_pell,aian,non_pell,all,2022,grad3,8.8,217
FR,eth_x_pell,aian,non_pell,all,2022,gradgpa_mean,3.33,19
FR,eth_x_pell,aian,non_pell,all,2022,ret1,91.7,217
FR,eth_x_pell,aian,non_pell,all,2023,ret1,91.9,234
FR,eth_x_pell,aian,non_pell,all,2024,ret1,90.3,237
FR,eth_x_pell,aian,pell,all,2003,grad3,3.4,58
FR,eth_x_pell,aian,pell,all,2003,grad4,39.7,58
FR,eth_x_pell,aian,pell,all,2003,grad5,63.8,58
FR,eth_x_pell,aian,pell,all,2003,grad6,70.7,58
FR,eth_x_pell,aian,pell,all,2003,grad7p,74.1,58
FR,eth_x_pell,aian,pell,all,2003,gradgpa_mean,3.426,35
FR,eth_x_pell,aian,pell,all,2003,ret1,93.1,58
FR,eth_x_pell,aian,pell,all,2003,ttd_mean,4.53,
FR,eth_x_pell,aian,pell,all,2004,grad3,0.0,41
FR,eth_x_pell,aian,pell,all,2004,grad4,36.6,41
FR,eth_x_pell,aian,pell,all,2004,grad5,56.1,41
FR,eth_x_pell,aian,pell,all,2004,grad6,61.0,41
FR,eth_x_pell,aian,pell,all,2004,grad7p,61.0,41
FR,eth_x_pell,aian,pell,all,2004,gradgpa_mean,3.39,15
FR,eth_x_pell,aian,pell,all,2004,ret1,82.9,41
FR,eth_x_pell,aian,pell,all,2004,ttd_mean,4.43,
FR,eth_x_pell,aian,pell,all,2005,grad3,0.0,42
FR,eth_x_pell,aian,pell,all,2005,grad4,42.9,42
FR,eth_x_pell,aian,pell,all,2005,grad5,73.8,42
FR,eth_x_pell,aian,pell,all,2005,grad6,78.6,42
FR,eth_x_pell,aian,pell,all,2005,grad7p,78.6,42
FR,eth_x_pell,aian,pell,all,2005,gradgpa_mean,3.556,31
FR,eth_x_pell,aian,pell,all,2005,ret1,88.1,42
FR,eth_x_pell,aian,pell,all,2005,ttd_mean,4.39,
FR,eth_x_pell,aian,pell,all,2006,grad3,3.6,56
FR,eth_x_pell,aian,pell,all,2006,grad4,44.6,56
FR,eth_x_pell,aian,pell,all,2006,grad5,71.4,56
FR,eth_x_pell,aian,pell,all,2006,grad6,73.2,56
FR,eth_x_pell,aian,pell,all,2006,grad7p,75.0,56
FR,eth_x_pell,aian,pell,all,2006,gradgpa_mean,3.488,38
FR,eth_x_pell,aian,pell,all,2006,ret1,94.6,56
FR,eth_x_pell,aian,pell,all,2006,ttd_mean,4.34,
FR,eth_x_pell,aian,pell,all,2007,grad3,3.1,64
FR,eth_x_pell,aian,pell,all,2007,grad4,51.6,64
FR,eth_x_pell,aian,pell,all,2007,grad5,73.4,64
FR,eth_x_pell,aian,pell,all,2007,grad6,78.1,64
FR,eth_x_pell,aian,pell,all,2007,grad7p,81.3,64
FR,eth_x_pell,aian,pell,all,2007,gradgpa_mean,3.328,45
FR,eth_x_pell,aian,pell,all,2007,ret1,92.2,64
FR,eth_x_pell,aian,pell,all,2007,ttd_mean,4.4,
FR,eth_x_pell,aian,pell,all,2008,grad3,0.0,64
FR,eth_x_pell,aian,pell,all,2008,grad4,40.6,64
FR,eth_x_pell,aian,pell,all,2008,grad5,65.6,64
FR,eth_x_pell,aian,pell,all,2008,grad6,71.9,64
FR,eth_x_pell,aian,pell,all,2008,grad7p,75.0,64
FR,eth_x_pell,aian,pell,all,2008,gradgpa_mean,3.034,42
FR,eth_x_pell,aian,pell,all,2008,ret1,90.6,64
FR,eth_x_pell,aian,pell,all,2008,ttd_mean,4.51,
FR,eth_x_pell,aian,pell,all,2009,grad3,3.8,80
FR,eth_x_pell,aian,pell,all,2009,grad4,52.5,80
FR,eth_x_pell,aian,pell,all,2009,grad5,70.0,80
FR,eth_x_pell,aian,pell,all,2009,grad6,78.8,80
FR,eth_x_pell,aian,pell,all,2009,grad7p,80.0,80
FR,eth_x_pell,aian,pell,all,2009,gradgpa_mean,3.12,53
FR,eth_x_pell,aian,pell,all,2009,ret1,91.3,80
FR,eth_x_pell,aian,pell,all,2009,ttd_mean,4.3,
FR,eth_x_pell,aian,pell,all,2010,grad3,4.3,93
FR,eth_x_pell,aian,pell,all,2010,grad4,53.8,93
FR,eth_x_pell,aian,pell,all,2010,grad5,73.1,93
FR,eth_x_pell,aian,pell,all,2010,grad6,78.5,93
FR,eth_x_pell,aian,pell,all,2010,grad6_nonuc,78.5,
FR,eth_x_pell,aian,pell,all,2010,grad7p,78.5,93
FR,eth_x_pell,aian,pell,all,2010,gradgpa_mean,3.278,64
FR,eth_x_pell,aian,pell,all,2010,ret1,93.5,93
FR,eth_x_pell,aian,pell,all,2010,ttd_mean,4.26,
FR,eth_x_pell,aian,pell,all,2011,grad3,2.2,91
FR,eth_x_pell,aian,pell,all,2011,grad4,46.2,91
FR,eth_x_pell,aian,pell,all,2011,grad5,69.2,91
FR,eth_x_pell,aian,pell,all,2011,grad6,73.6,91
FR,eth_x_pell,aian,pell,all,2011,grad6_nonuc,74.7,
FR,eth_x_pell,aian,pell,all,2011,grad7p,75.8,91
FR,eth_x_pell,aian,pell,all,2011,gradgpa_mean,3.32,61
FR,eth_x_pell,aian,pell,all,2011,ret1,89.0,91
FR,eth_x_pell,aian,pell,all,2011,ttd_mean,4.37,
FR,eth_x_pell,aian,pell,all,2012,grad3,1.9,107
FR,eth_x_pell,aian,pell,all,2012,grad4,51.4,107
FR,eth_x_pell,aian,pell,all,2012,grad5,65.4,107
FR,eth_x_pell,aian,pell,all,2012,grad6,65.4,107
FR,eth_x_pell,aian,pell,all,2012,grad6_nonuc,68.2,
FR,eth_x_pell,aian,pell,all,2012,grad7p,66.4,107
FR,eth_x_pell,aian,pell,all,2012,gradgpa_mean,3.361,68
FR,eth_x_pell,aian,pell,all,2012,ret1,86.0,107
FR,eth_x_pell,aian,pell,all,2012,ttd_mean,4.15,
FR,eth_x_pell,aian,pell,all,2013,grad3,0.0,91
FR,eth_x_pell,aian,pell,all,2013,grad4,48.4,91
FR,eth_x_pell,aian,pell,all,2013,grad5,70.3,91
FR,eth_x_pell,aian,pell,all,2013,grad6,73.6,91
FR,eth_x_pell,aian,pell,all,2013,grad6_nonuc,78.0,
FR,eth_x_pell,aian,pell,all,2013,grad7p,74.7,91
FR,eth_x_pell,aian,pell,all,2013,gradgpa_mean,3.375,64
FR,eth_x_pell,aian,pell,all,2013,ret1,87.9,91
FR,eth_x_pell,aian,pell,all,2013,ttd_mean,4.31,
FR,eth_x_pell,aian,pell,all,2014,grad3,4.1,97
FR,eth_x_pell,aian,pell,all,2014,grad4,56.7,97
FR,eth_x_pell,aian,pell,all,2014,grad5,81.4,97
FR,eth_x_pell,aian,pell,all,2014,grad6,82.5,97
FR,eth_x_pell,aian,pell,all,2014,grad6_nonuc,85.6,
FR,eth_x_pell,aian,pell,all,2014,grad7p,82.5,97
FR,eth_x_pell,aian,pell,all,2014,gradgpa_mean,3.354,75
FR,eth_x_pell,aian,pell,all,2014,ret1,91.8,97
FR,eth_x_pell,aian,pell,all,2014,ttd_mean,4.16,
FR,eth_x_pell,aian,pell,all,2015,grad3,4.8,83
FR,eth_x_pell,aian,pell,all,2015,grad4,63.9,83
FR,eth_x_pell,aian,pell,all,2015,grad5,79.5,83
FR,eth_x_pell,aian,pell,all,2015,grad6,84.3,83
FR,eth_x_pell,aian,pell,all,2015,grad6_nonuc,86.7,
FR,eth_x_pell,aian,pell,all,2015,grad7p,84.3,83
FR,eth_x_pell,aian,pell,all,2015,gradgpa_mean,3.518,62
FR,eth_x_pell,aian,pell,all,2015,ret1,89.2,83
FR,eth_x_pell,aian,pell,all,2015,ttd_mean,4.15,
FR,eth_x_pell,aian,pell,all,2016,grad3,3.4,87
FR,eth_x_pell,aian,pell,all,2016,grad4,56.3,87
FR,eth_x_pell,aian,pell,all,2016,grad5,73.6,87
FR,eth_x_pell,aian,pell,all,2016,grad6,77.0,87
FR,eth_x_pell,aian,pell,all,2016,grad6_nonuc,79.3,
FR,eth_x_pell,aian,pell,all,2016,grad7p,78.2,87
FR,eth_x_pell,aian,pell,all,2016,gradgpa_mean,3.555,61
FR,eth_x_pell,aian,pell,all,2016,ret1,86.2,87
FR,eth_x_pell,aian,pell,all,2016,ttd_mean,4.2,
FR,eth_x_pell,aian,pell,all,2017,grad3,2.4,82
FR,eth_x_pell,aian,pell,all,2017,grad4,51.2,82
FR,eth_x_pell,aian,pell,all,2017,grad5,64.6,82
FR,eth_x_pell,aian,pell,all,2017,grad6,68.3,82
FR,eth_x_pell,aian,pell,all,2017,grad6_nonuc,70.7,
FR,eth_x_pell,aian,pell,all,2017,grad7p,70.7,82
FR,eth_x_pell,aian,pell,all,2017,gradgpa_mean,3.525,51
FR,eth_x_pell,aian,pell,all,2017,ret1,86.6,82
FR,eth_x_pell,aian,pell,all,2017,ttd_mean,4.2,
FR,eth_x_pell,aian,pell,all,2018,grad3,2.7,74
FR,eth_x_pell,aian,pell,all,2018,grad4,59.5,74
FR,eth_x_pell,aian,pell,all,2018,grad5,68.9,74
FR,eth_x_pell,aian,pell,all,2018,grad6,70.3,74
FR,eth_x_pell,aian,pell,all,2018,grad6_nonuc,73.0,
FR,eth_x_pell,aian,pell,all,2018,grad7p,74.3,74
FR,eth_x_pell,aian,pell,all,2018,gradgpa_mean,3.57,42
FR,eth_x_pell,aian,pell,all,2018,ret1,82.4,74
FR,eth_x_pell,aian,pell,all,2018,ttd_mean,4.18,
FR,eth_x_pell,aian,pell,all,2019,grad3,2.9,69
FR,eth_x_pell,aian,pell,all,2019,grad4,53.6,69
FR,eth_x_pell,aian,pell,all,2019,grad5,66.7,69
FR,eth_x_pell,aian,pell,all,2019,grad6,71.0,69
FR,eth_x_pell,aian,pell,all,2019,grad6_nonuc,73.9,
FR,eth_x_pell,aian,pell,all,2019,gradgpa_mean,3.4,35
FR,eth_x_pell,aian,pell,all,2019,ret1,82.6,69
FR,eth_x_pell,aian,pell,all,2020,grad3,3.4,59
FR,eth_x_pell,aian,pell,all,2020,grad4,59.3,59
FR,eth_x_pell,aian,pell,all,2020,grad5,72.9,59
FR,eth_x_pell,aian,pell,all,2020,gradgpa_mean,3.48,33
FR,eth_x_pell,aian,pell,all,2020,ret1,84.7,59
FR,eth_x_pell,aian,pell,all,2021,grad3,3.9,76
FR,eth_x_pell,aian,pell,all,2021,grad4,51.3,76
FR,eth_x_pell,aian,pell,all,2021,gradgpa_mean,3.47,36
FR,eth_x_pell,aian,pell,all,2021,ret1,80.3,76
FR,eth_x_pell,aian,pell,all,2022,grad3,5.3,94
FR,eth_x_pell,aian,pell,all,2022,ret1,92.6,94
FR,eth_x_pell,aian,pell,all,2023,ret1,86.0,86
FR,eth_x_pell,aian,pell,all,2024,ret1,90.0,110
FR,eth_x_pell,asian_pi,non_pell,all,2003,grad3,2.8,6863
FR,eth_x_pell,asian_pi,non_pell,all,2003,grad4,63.2,6863
FR,eth_x_pell,asian_pi,non_pell,all,2003,grad5,84.4,6863
FR,eth_x_pell,asian_pi,non_pell,all,2003,grad6,87.7,6863
FR,eth_x_pell,asian_pi,non_pell,all,2003,grad7p,88.7,6863
FR,eth_x_pell,asian_pi,non_pell,all,2003,gradgpa_mean,3.251,6020
FR,eth_x_pell,asian_pi,non_pell,all,2003,ret1,93.7,6863
FR,eth_x_pell,asian_pi,non_pell,all,2003,ttd_mean,4.2,
FR,eth_x_pell,asian_pi,non_pell,all,2004,grad3,2.5,6712
FR,eth_x_pell,asian_pi,non_pell,all,2004,grad4,64.3,6712
FR,eth_x_pell,asian_pi,non_pell,all,2004,grad5,84.9,6712
FR,eth_x_pell,asian_pi,non_pell,all,2004,grad6,87.5,6712
FR,eth_x_pell,asian_pi,non_pell,all,2004,grad7p,88.4,6712
FR,eth_x_pell,asian_pi,non_pell,all,2004,gradgpa_mean,3.273,5876
FR,eth_x_pell,asian_pi,non_pell,all,2004,ret1,94.0,6712
FR,eth_x_pell,asian_pi,non_pell,all,2004,ttd_mean,4.18,
FR,eth_x_pell,asian_pi,non_pell,all,2005,grad3,3.1,7479
FR,eth_x_pell,asian_pi,non_pell,all,2005,grad4,65.8,7479
FR,eth_x_pell,asian_pi,non_pell,all,2005,grad5,84.6,7479
FR,eth_x_pell,asian_pi,non_pell,all,2005,grad6,87.5,7479
FR,eth_x_pell,asian_pi,non_pell,all,2005,grad7p,88.2,7479
FR,eth_x_pell,asian_pi,non_pell,all,2005,gradgpa_mean,3.288,6546
FR,eth_x_pell,asian_pi,non_pell,all,2005,ret1,93.5,7479
FR,eth_x_pell,asian_pi,non_pell,all,2005,ttd_mean,4.15,
FR,eth_x_pell,asian_pi,non_pell,all,2006,grad3,3.1,8393
FR,eth_x_pell,asian_pi,non_pell,all,2006,grad4,68.1,8393
FR,eth_x_pell,asian_pi,non_pell,all,2006,grad5,85.6,8393
FR,eth_x_pell,asian_pi,non_pell,all,2006,grad6,88.2,8393
FR,eth_x_pell,asian_pi,non_pell,all,2006,grad7p,89.0,8393
FR,eth_x_pell,asian_pi,non_pell,all,2006,gradgpa_mean,3.278,7403
FR,eth_x_pell,asian_pi,non_pell,all,2006,ret1,94.1,8393
FR,eth_x_pell,asian_pi,non_pell,all,2006,ttd_mean,4.13,
FR,eth_x_pell,asian_pi,non_pell,all,2007,grad3,3.2,7800
FR,eth_x_pell,asian_pi,non_pell,all,2007,grad4,68.1,7800
FR,eth_x_pell,asian_pi,non_pell,all,2007,grad5,85.3,7800
FR,eth_x_pell,asian_pi,non_pell,all,2007,grad6,87.9,7800
FR,eth_x_pell,asian_pi,non_pell,all,2007,grad7p,88.8,7800
FR,eth_x_pell,asian_pi,non_pell,all,2007,gradgpa_mean,3.284,6859
FR,eth_x_pell,asian_pi,non_pell,all,2007,ret1,93.7,7800
FR,eth_x_pell,asian_pi,non_pell,all,2007,ttd_mean,4.13,
FR,eth_x_pell,asian_pi,non_pell,all,2008,grad3,4.0,7539
FR,eth_x_pell,asian_pi,non_pell,all,2008,grad4,70.1,7539
FR,eth_x_pell,asian_pi,non_pell,all,2008,grad5,86.2,7539
FR,eth_x_pell,asian_pi,non_pell,all,2008,grad6,88.7,7539
FR,eth_x_pell,asian_pi,non_pell,all,2008,grad7p,89.4,7539
FR,eth_x_pell,asian_pi,non_pell,all,2008,gradgpa_mean,3.299,6685
FR,eth_x_pell,asian_pi,non_pell,all,2008,ret1,94.1,7539
FR,eth_x_pell,asian_pi,non_pell,all,2008,ttd_mean,4.1,
FR,eth_x_pell,asian_pi,non_pell,all,2009,grad3,3.6,7029
FR,eth_x_pell,asian_pi,non_pell,all,2009,grad4,71.6,7029
FR,eth_x_pell,asian_pi,non_pell,all,2009,grad5,88.3,7029
FR,eth_x_pell,asian_pi,non_pell,all,2009,grad6,90.0,7029
FR,eth_x_pell,asian_pi,non_pell,all,2009,grad7p,90.6,7029
FR,eth_x_pell,asian_pi,non_pell,all,2009,gradgpa_mean,3.315,6325
FR,eth_x_pell,asian_pi,non_pell,all,2009,ret1,94.7,7029
FR,eth_x_pell,asian_pi,non_pell,all,2009,ttd_mean,4.09,
FR,eth_x_pell,asian_pi,non_pell,all,2010,grad3,3.5,6794
FR,eth_x_pell,asian_pi,non_pell,all,2010,grad4,71.2,6794
FR,eth_x_pell,asian_pi,non_pell,all,2010,grad5,88.0,6794
FR,eth_x_pell,asian_pi,non_pell,all,2010,grad6,90.2,6794
FR,eth_x_pell,asian_pi,non_pell,all,2010,grad6_nonuc,90.2,
FR,eth_x_pell,asian_pi,non_pell,all,2010,grad7p,90.7,6794
FR,eth_x_pell,asian_pi,non_pell,all,2010,gradgpa_mean,3.315,6125
FR,eth_x_pell,asian_pi,non_pell,all,2010,ret1,94.7,6794
FR,eth_x_pell,asian_pi,non_pell,all,2010,ttd_mean,4.1,
FR,eth_x_pell,asian_pi,non_pell,all,2011,grad3,3.7,7100
FR,eth_x_pell,asian_pi,non_pell,all,2011,grad4,74.4,7100
FR,eth_x_pell,asian_pi,non_pell,all,2011,grad5,88.2,7100
FR,eth_x_pell,asian_pi,non_pell,all,2011,grad6,90.2,7100
FR,eth_x_pell,asian_pi,non_pell,all,2011,grad6_nonuc,92.4,
FR,eth_x_pell,asian_pi,non_pell,all,2011,grad7p,90.7,7100
FR,eth_x_pell,asian_pi,non_pell,all,2011,gradgpa_mean,3.333,6403
FR,eth_x_pell,asian_pi,non_pell,all,2011,ret1,94.9,7100
FR,eth_x_pell,asian_pi,non_pell,all,2011,ttd_mean,4.07,
FR,eth_x_pell,asian_pi,non_pell,all,2012,grad3,3.7,7540
FR,eth_x_pell,asian_pi,non_pell,all,2012,grad4,74.7,7540
FR,eth_x_pell,asian_pi,non_pell,all,2012,grad5,88.5,7540
FR,eth_x_pell,asian_pi,non_pell,all,2012,grad6,90.4,7540
FR,eth_x_pell,asian_pi,non_pell,all,2012,grad6_nonuc,92.8,
FR,eth_x_pell,asian_pi,non_pell,all,2012,grad7p,90.9,7540
FR,eth_x_pell,asian_pi,non_pell,all,2012,gradgpa_mean,3.34,6813
FR,eth_x_pell,asian_pi,non_pell,all,2012,ret1,95.2,7540
FR,eth_x_pell,asian_pi,non_pell,all,2012,ttd_mean,4.06,
FR,eth_x_pell,asian_pi,non_pell,all,2013,grad3,3.7,7551
FR,eth_x_pell,asian_pi,non_pell,all,2013,grad4,75.3,7551
FR,eth_x_pell,asian_pi,non_pell,all,2013,grad5,88.2,7551
FR,eth_x_pell,asian_pi,non_pell,all,2013,grad6,90.4,7551
FR,eth_x_pell,asian_pi,non_pell,all,2013,grad6_nonuc,92.6,
FR,eth_x_pell,asian_pi,non_pell,all,2013,grad7p,91.0,7551
FR,eth_x_pell,asian_pi,non_pell,all,2013,gradgpa_mean,3.376,6828
FR,eth_x_pell,asian_pi,non_pell,all,2013,ret1,95.1,7551
FR,eth_x_pell,asian_pi,non_pell,all,2013,ttd_mean,4.06,
FR,eth_x_pell,asian_pi,non_pell,all,2014,grad3,4.3,8185
FR,eth_x_pell,asian_pi,non_pell,all,2014,grad4,78.3,8185
FR,eth_x_pell,asian_pi,non_pell,all,2014,grad5,89.7,8185
FR,eth_x_pell,asian_pi,non_pell,all,2014,grad6,91.2,8185
FR,eth_x_pell,asian_pi,non_pell,all,2014,grad6_nonuc,93.7,
FR,eth_x_pell,asian_pi,non_pell,all,2014,grad7p,91.7,8185
FR,eth_x_pell,asian_pi,non_pell,all,2014,gradgpa_mean,3.422,7466
FR,eth_x_pell,asian_pi,non_pell,all,2014,ret1,95.0,8185
FR,eth_x_pell,asian_pi,non_pell,all,2014,ttd_mean,4.02,
FR,eth_x_pell,asian_pi,non_pell,all,2015,grad3,4.6,8291
FR,eth_x_pell,asian_pi,non_pell,all,2015,grad4,80.2,8291
FR,eth_x_pell,asian_pi,non_pell,all,2015,grad5,90.8,8291
FR,eth_x_pell,asian_pi,non_pell,all,2015,grad6,92.2,8291
FR,eth_x_pell,asian_pi,non_pell,all,2015,grad6_nonuc,94.0,
FR,eth_x_pell,asian_pi,non_pell,all,2015,grad7p,92.5,8291
FR,eth_x_pell,asian_pi,non_pell,all,2015,gradgpa_mean,3.434,7642
FR,eth_x_pell,asian_pi,non_pell,all,2015,ret1,96.2,8291
FR,eth_x_pell,asian_pi,non_pell,all,2015,ttd_mean,4.0,
FR,eth_x_pell,asian_pi,non_pell,all,2016,grad3,4.8,9502
FR,eth_x_pell,asian_pi,non_pell,all,2016,grad4,80.9,9502
FR,eth_x_pell,asian_pi,non_pell,all,2016,grad5,91.1,9502
FR,eth_x_pell,asian_pi,non_pell,all,2016,grad6,92.1,9502
FR,eth_x_pell,asian_pi,non_pell,all,2016,grad6_nonuc,94.1,
FR,eth_x_pell,asian_pi,non_pell,all,2016,grad7p,92.6,9502
FR,eth_x_pell,asian_pi,non_pell,all,2016,gradgpa_mean,3.533,8755
FR,eth_x_pell,asian_pi,non_pell,all,2016,ret1,95.7,9502
FR,eth_x_pell,asian_pi,non_pell,all,2016,ttd_mean,3.99,
FR,eth_x_pell,asian_pi,non_pell,all,2017,grad3,6.2,9410
FR,eth_x_pell,asian_pi,non_pell,all,2017,grad4,81.9,9410
FR,eth_x_pell,asian_pi,non_pell,all,2017,grad5,90.3,9410
FR,eth_x_pell,asian_pi,non_pell,all,2017,grad6,91.7,9410
FR,eth_x_pell,asian_pi,non_pell,all,2017,grad6_nonuc,94.1,
FR,eth_x_pell,asian_pi,non_pell,all,2017,grad7p,92.2,9410
FR,eth_x_pell,asian_pi,non_pell,all,2017,gradgpa_mean,3.629,8633
FR,eth_x_pell,asian_pi,non_pell,all,2017,ret1,94.9,9410
FR,eth_x_pell,asian_pi,non_pell,all,2017,ttd_mean,3.95,
FR,eth_x_pell,asian_pi,non_pell,all,2018,grad3,7.9,10056
FR,eth_x_pell,asian_pi,non_pell,all,2018,grad4,82.7,10056
FR,eth_x_pell,asian_pi,non_pell,all,2018,grad5,90.9,10056
FR,eth_x_pell,asian_pi,non_pell,all,2018,grad6,92.2,10056
FR,eth_x_pell,asian_pi,non_pell,all,2018,grad6_nonuc,94.4,
FR,eth_x_pell,asian_pi,non_pell,all,2018,grad7p,92.6,10056
FR,eth_x_pell,asian_pi,non_pell,all,2018,gradgpa_mean,3.57,9271
FR,eth_x_pell,asian_pi,non_pell,all,2018,ret1,95.6,10056
FR,eth_x_pell,asian_pi,non_pell,all,2018,ttd_mean,3.92,
FR,eth_x_pell,asian_pi,non_pell,all,2019,grad3,7.7,10440
FR,eth_x_pell,asian_pi,non_pell,all,2019,grad4,82.5,10440
FR,eth_x_pell,asian_pi,non_pell,all,2019,grad5,90.8,10440
FR,eth_x_pell,asian_pi,non_pell,all,2019,grad6,92.3,10440
FR,eth_x_pell,asian_pi,non_pell,all,2019,grad6_nonuc,94.4,
FR,eth_x_pell,asian_pi,non_pell,all,2019,gradgpa_mean,3.535,9633
FR,eth_x_pell,asian_pi,non_pell,all,2019,ret1,95.1,10440
FR,eth_x_pell,asian_pi,non_pell,all,2020,grad3,7.0,11332
FR,eth_x_pell,asian_pi,non_pell,all,2020,grad4,81.9,11332
FR,eth_x_pell,asian_pi,non_pell,all,2020,grad5,90.2,11332
FR,eth_x_pell,asian_pi,non_pell,all,2020,gradgpa_mean,3.524,10217
FR,eth_x_pell,asian_pi,non_pell,all,2020,ret1,95.7,11332
FR,eth_x_pell,asian_pi,non_pell,all,2021,grad3,8.6,11897
FR,eth_x_pell,asian_pi,non_pell,all,2021,grad4,83.0,11897
FR,eth_x_pell,asian_pi,non_pell,all,2021,gradgpa_mean,3.585,9870
FR,eth_x_pell,asian_pi,non_pell,all,2021,ret1,95.0,11897
FR,eth_x_pell,asian_pi,non_pell,all,2022,grad3,9.9,12363
FR,eth_x_pell,asian_pi,non_pell,all,2022,gradgpa_mean,3.65,1220
FR,eth_x_pell,asian_pi,non_pell,all,2022,ret1,95.0,12363
FR,eth_x_pell,asian_pi,non_pell,all,2023,ret1,95.4,12898
FR,eth_x_pell,asian_pi,non_pell,all,2024,ret1,95.6,13356
FR,eth_x_pell,asian_pi,pell,all,2003,grad3,1.8,5183
FR,eth_x_pell,asian_pi,pell,all,2003,grad4,53.3,5183
FR,eth_x_pell,asian_pi,pell,all,2003,grad5,79.6,5183
FR,eth_x_pell,asian_pi,pell,all,2003,grad6,83.6,5183
FR,eth_x_pell,asian_pi,pell,all,2003,grad7p,85.2,5183
FR,eth_x_pell,asian_pi,pell,all,2003,gradgpa_mean,3.18,4333
FR,eth_x_pell,asian_pi,pell,all,2003,ret1,93.6,5183
FR,eth_x_pell,asian_pi,pell,all,2003,ttd_mean,4.32,
FR,eth_x_pell,asian_pi,pell,all,2004,grad3,1.7,4737
FR,eth_x_pell,asian_pi,pell,all,2004,grad4,55.4,4737
FR,eth_x_pell,asian_pi,pell,all,2004,grad5,81.4,4737
FR,eth_x_pell,asian_pi,pell,all,2004,grad6,86.0,4737
FR,eth_x_pell,asian_pi,pell,all,2004,grad7p,87.4,4737
FR,eth_x_pell,asian_pi,pell,all,2004,gradgpa_mean,3.194,4075
FR,eth_x_pell,asian_pi,pell,all,2004,ret1,94.3,4737
FR,eth_x_pell,asian_pi,pell,all,2004,ttd_mean,4.31,
FR,eth_x_pell,asian_pi,pell,all,2005,grad3,2.0,5141
FR,eth_x_pell,asian_pi,pell,all,2005,grad4,56.0,5141
FR,eth_x_pell,asian_pi,pell,all,2005,grad5,80.6,5141
FR,eth_x_pell,asian_pi,pell,all,2005,grad6,85.4,5141
FR,eth_x_pell,asian_pi,pell,all,2005,grad7p,87.1,5141
FR,eth_x_pell,asian_pi,pell,all,2005,gradgpa_mean,3.209,4392
FR,eth_x_pell,asian_pi,pell,all,2005,ret1,94.1,5141
FR,eth_x_pell,asian_pi,pell,all,2005,ttd_mean,4.32,
FR,eth_x_pell,asian_pi,pell,all,2006,grad3,1.8,6106
FR,eth_x_pell,asian_pi,pell,all,2006,grad4,56.0,6106
FR,eth_x_pell,asian_pi,pell,all,2006,grad5,82.0,6106
FR,eth_x_pell,asian_pi,pell,all,2006,grad6,86.7,6106
FR,eth_x_pell,asian_pi,pell,all,2006,grad7p,88.3,6106
FR,eth_x_pell,asian_pi,pell,all,2006,gradgpa_mean,3.192,5295
FR,eth_x_pell,asian_pi,pell,all,2006,ret1,94.5,6106
FR,eth_x_pell,asian_pi,pell,all,2006,ttd_mean,4.32,
FR,eth_x_pell,asian_pi,pell,all,2007,grad3,1.7,6542
FR,eth_x_pell,asian_pi,pell,all,2007,grad4,56.5,6542
FR,eth_x_pell,asian_pi,pell,all,2007,grad5,81.8,6542
FR,eth_x_pell,asian_pi,pell,all,2007,grad6,86.1,6542
FR,eth_x_pell,asian_pi,pell,all,2007,grad7p,87.7,6542
FR,eth_x_pell,asian_pi,pell,all,2007,gradgpa_mean,3.203,5635
FR,eth_x_pell,asian_pi,pell,all,2007,ret1,94.6,6542
FR,eth_x_pell,asian_pi,pell,all,2007,ttd_mean,4.31,
FR,eth_x_pell,asian_pi,pell,all,2008,grad3,2.0,6579
FR,eth_x_pell,asian_pi,pell,all,2008,grad4,58.3,6579
FR,eth_x_pell,asian_pi,pell,all,2008,grad5,83.3,6579
FR,eth_x_pell,asian_pi,pell,all,2008,grad6,87.2,6579
FR,eth_x_pell,asian_pi,pell,all,2008,grad7p,88.6,6579
FR,eth_x_pell,asian_pi,pell,all,2008,gradgpa_mean,3.19,5736
FR,eth_x_pell,asian_pi,pell,all,2008,ret1,95.0,6579
FR,eth_x_pell,asian_pi,pell,all,2008,ttd_mean,4.28,
FR,eth_x_pell,asian_pi,pell,all,2009,grad3,1.7,6583
FR,eth_x_pell,asian_pi,pell,all,2009,grad4,61.3,6583
FR,eth_x_pell,asian_pi,pell,all,2009,grad5,85.1,6583
FR,eth_x_pell,asian_pi,pell,all,2009,grad6,88.3,6583
FR,eth_x_pell,asian_pi,pell,all,2009,grad7p,89.5,6583
FR,eth_x_pell,asian_pi,pell,all,2009,gradgpa_mean,3.225,5812
FR,eth_x_pell,asian_pi,pell,all,2009,ret1,94.9,6583
FR,eth_x_pell,asian_pi,pell,all,2009,ttd_mean,4.26,
FR,eth_x_pell,asian_pi,pell,all,2010,grad3,1.9,6881
FR,eth_x_pell,asian_pi,pell,all,2010,grad4,62.3,6881
FR,eth_x_pell,asian_pi,pell,all,2010,grad5,84.0,6881
FR,eth_x_pell,asian_pi,pell,all,2010,grad6,87.0,6881
FR,eth_x_pell,asian_pi,pell,all,2010,grad6_nonuc,87.0,
FR,eth_x_pell,asian_pi,pell,all,2010,grad7p,88.2,6881
FR,eth_x_pell,asian_pi,pell,all,2010,gradgpa_mean,3.244,5986
FR,eth_x_pell,asian_pi,pell,all,2010,ret1,94.8,6881
FR,eth_x_pell,asian_pi,pell,all,2010,ttd_mean,4.24,
FR,eth_x_pell,asian_pi,pell,all,2011,grad3,1.7,7089
FR,eth_x_pell,asian_pi,pell,all,2011,grad4,65.7,7089
FR,eth_x_pell,asian_pi,pell,all,2011,grad5,85.3,7089
FR,eth_x_pell,asian_pi,pell,all,2011,grad6,88.2,7089
FR,eth_x_pell,asian_pi,pell,all,2011,grad6_nonuc,89.5,
FR,eth_x_pell,asian_pi,pell,all,2011,grad7p,89.4,7089
FR,eth_x_pell,asian_pi,pell,all,2011,gradgpa_mean,3.255,6256
FR,eth_x_pell,asian_pi,pell,all,2011,ret1,94.8,7089
FR,eth_x_pell,asian_pi,pell,all,2011,ttd_mean,4.21,
FR,eth_x_pell,asian_pi,pell,all,2012,grad3,1.8,7192
FR,eth_x_pell,asian_pi,pell,all,2012,grad4,66.1,7192
FR,eth_x_pell,asian_pi,pell,all,2012,grad5,85.7,7192
FR,eth_x_pell,asian_pi,pell,all,2012,grad6,88.5,7192
FR,eth_x_pell,asian_pi,pell,all,2012,grad6_nonuc,90.0,
FR,eth_x_pell,asian_pi,pell,all,2012,grad7p,89.5,7192
FR,eth_x_pell,asian_pi,pell,all,2012,gradgpa_mean,3.273,6367
FR,eth_x_pell,asian_pi,pell,all,2012,ret1,94.9,7192
FR,eth_x_pell,asian_pi,pell,all,2012,ttd_mean,4.2,
FR,eth_x_pell,asian_pi,pell,all,2013,grad3,1.7,6977
FR,eth_x_pell,asian_pi,pell,all,2013,grad4,68.6,6977
FR,eth_x_pell,asian_pi,pell,all,2013,grad5,85.6,6977
FR,eth_x_pell,asian_pi,pell,all,2013,grad6,88.0,6977
FR,eth_x_pell,asian_pi,pell,all,2013,grad6_nonuc,89.4,
FR,eth_x_pell,asian_pi,pell,all,2013,grad7p,89.3,6977
FR,eth_x_pell,asian_pi,pell,all,2013,gradgpa_mean,3.294,6137
FR,eth_x_pell,asian_pi,pell,all,2013,ret1,94.6,6977
FR,eth_x_pell,asian_pi,pell,all,2013,ttd_mean,4.18,
FR,eth_x_pell,asian_pi,pell,all,2014,grad3,2.1,6753
FR,eth_x_pell,asian_pi,pell,all,2014,grad4,69.5,6753
FR,eth_x_pell,asian_pi,pell,all,2014,grad5,86.2,6753
FR,eth_x_pell,asian_pi,pell,all,2014,grad6,88.7,6753
FR,eth_x_pell,asian_pi,pell,all,2014,grad6_nonuc,90.3,
FR,eth_x_pell,asian_pi,pell,all,2014,grad7p,89.8,6753
FR,eth_x_pell,asian_pi,pell,all,2014,gradgpa_mean,3.324,5989
FR,eth_x_pell,asian_pi,pell,all,2014,ret1,95.3,6753
FR,eth_x_pell,asian_pi,pell,all,2014,ttd_mean,4.16,
FR,eth_x_pell,asian_pi,pell,all,2015,grad3,2.2,6268
FR,eth_x_pell,asian_pi,pell,all,2015,grad4,71.1,6268
FR,eth_x_pell,asian_pi,pell,all,2015,grad5,87.3,6268
FR,eth_x_pell,asian_pi,pell,all,2015,grad6,89.9,6268
FR,eth_x_pell,asian_pi,pell,all,2015,grad6_nonuc,91.4,
FR,eth_x_pell,asian_pi,pell,all,2015,grad7p,90.8,6268
FR,eth_x_pell,asian_pi,pell,all,2015,gradgpa_mean,3.347,5632
FR,eth_x_pell,asian_pi,pell,all,2015,ret1,95.3,6268
FR,eth_x_pell,asian_pi,pell,all,2015,ttd_mean,4.15,
FR,eth_x_pell,asian_pi,pell,all,2016,grad3,2.6,6450
FR,eth_x_pell,asian_pi,pell,all,2016,grad4,73.1,6450
FR,eth_x_pell,asian_pi,pell,all,2016,grad5,87.0,6450
FR,eth_x_pell,asian_pi,pell,all,2016,grad6,89.1,6450
FR,eth_x_pell,asian_pi,pell,all,2016,grad6_nonuc,90.6,
FR,eth_x_pell,asian_pi,pell,all,2016,grad7p,89.9,6450
FR,eth_x_pell,asian_pi,pell,all,2016,gradgpa_mean,3.485,5747
FR,eth_x_pell,asian_pi,pell,all,2016,ret1,95.1,6450
FR,eth_x_pell,asian_pi,pell,all,2016,ttd_mean,4.11,
FR,eth_x_pell,asian_pi,pell,all,2017,grad3,3.6,6220
FR,eth_x_pell,asian_pi,pell,all,2017,grad4,76.9,6220
FR,eth_x_pell,asian_pi,pell,all,2017,grad5,88.2,6220
FR,eth_x_pell,asian_pi,pell,all,2017,grad6,90.1,6220
FR,eth_x_pell,asian_pi,pell,all,2017,grad6_nonuc,91.6,
FR,eth_x_pell,asian_pi,pell,all,2017,grad7p,90.9,6220
FR,eth_x_pell,asian_pi,pell,all,2017,gradgpa_mean,3.562,5607
FR,eth_x_pell,asian_pi,pell,all,2017,ret1,95.2,6220
FR,eth_x_pell,asian_pi,pell,all,2017,ttd_mean,4.06,
FR,eth_x_pell,asian_pi,pell,all,2018,grad3,5.2,6441
FR,eth_x_pell,asian_pi,pell,all,2018,grad4,77.1,6441
FR,eth_x_pell,asian_pi,pell,all,2018,grad5,87.4,6441
FR,eth_x_pell,asian_pi,pell,all,2018,grad6,89.6,6441
FR,eth_x_pell,asian_pi,pell,all,2018,grad6_nonuc,91.0,
FR,eth_x_pell,asian_pi,pell,all,2018,grad7p,90.5,6441
FR,eth_x_pell,asian_pi,pell,all,2018,gradgpa_mean,3.483,5771
FR,eth_x_pell,asian_pi,pell,all,2018,ret1,95.0,6441
FR,eth_x_pell,asian_pi,pell,all,2018,ttd_mean,4.04,
FR,eth_x_pell,asian_pi,pell,all,2019,grad3,5.5,5999
FR,eth_x_pell,asian_pi,pell,all,2019,grad4,77.7,5999
FR,eth_x_pell,asian_pi,pell,all,2019,grad5,88.1,5999
FR,eth_x_pell,asian_pi,pell,all,2019,grad6,90.3,5999
FR,eth_x_pell,asian_pi,pell,all,2019,grad6_nonuc,91.8,
FR,eth_x_pell,asian_pi,pell,all,2019,gradgpa_mean,3.464,5417
FR,eth_x_pell,asian_pi,pell,all,2019,ret1,96.1,5999
FR,eth_x_pell,asian_pi,pell,all,2020,grad3,4.5,6174
FR,eth_x_pell,asian_pi,pell,all,2020,grad4,75.5,6174
FR,eth_x_pell,asian_pi,pell,all,2020,grad5,86.9,6174
FR,eth_x_pell,asian_pi,pell,all,2020,gradgpa_mean,3.458,5368
FR,eth_x_pell,asian_pi,pell,all,2020,ret1,95.2,6174
FR,eth_x_pell,asian_pi,pell,all,2021,grad3,5.3,6320
FR,eth_x_pell,asian_pi,pell,all,2021,grad4,78.0,6320
FR,eth_x_pell,asian_pi,pell,all,2021,gradgpa_mean,3.513,4932
FR,eth_x_pell,asian_pi,pell,all,2021,ret1,95.2,6320
FR,eth_x_pell,asian_pi,pell,all,2022,grad3,6.6,6241
FR,eth_x_pell,asian_pi,pell,all,2022,gradgpa_mean,3.65,410
FR,eth_x_pell,asian_pi,pell,all,2022,ret1,95.8,6241
FR,eth_x_pell,asian_pi,pell,all,2023,ret1,95.1,5965
FR,eth_x_pell,asian_pi,pell,all,2024,ret1,94.9,5365
FR,eth_x_pell,black,non_pell,all,2003,grad3,1.2,402
FR,eth_x_pell,black,non_pell,all,2003,grad4,44.8,402
FR,eth_x_pell,black,non_pell,all,2003,grad5,69.2,402
FR,eth_x_pell,black,non_pell,all,2003,grad6,73.6,402
FR,eth_x_pell,black,non_pell,all,2003,grad7p,74.9,402
FR,eth_x_pell,black,non_pell,all,2003,gradgpa_mean,3.125,291
FR,eth_x_pell,black,non_pell,all,2003,ret1,90.3,402
FR,eth_x_pell,black,non_pell,all,2003,ttd_mean,4.34,
FR,eth_x_pell,black,non_pell,all,2004,grad3,2.2,371
FR,eth_x_pell,black,non_pell,all,2004,grad4,50.4,371
FR,eth_x_pell,black,non_pell,all,2004,grad5,73.0,371
FR,eth_x_pell,black,non_pell,all,2004,grad6,80.6,371
FR,eth_x_pell,black,non_pell,all,2004,grad7p,81.1,371
FR,eth_x_pell,black,non_pell,all,2004,gradgpa_mean,3.168,291
FR,eth_x_pell,black,non_pell,all,2004,ret1,90.0,371
FR,eth_x_pell,black,non_pell,all,2004,ttd_mean,4.34,
FR,eth_x_pell,black,non_pell,all,2005,grad3,1.5,401
FR,eth_x_pell,black,non_pell,all,2005,grad4,47.9,401
FR,eth_x_pell,black,non_pell,all,2005,grad5,73.6,401
FR,eth_x_pell,black,non_pell,all,2005,grad6,77.8,401
FR,eth_x_pell,black,non_pell,all,2005,grad7p,78.3,401
FR,eth_x_pell,black,non_pell,all,2005,gradgpa_mean,3.093,306
FR,eth_x_pell,black,non_pell,all,2005,ret1,86.8,401
FR,eth_x_pell,black,non_pell,all,2005,ttd_mean,4.33,
FR,eth_x_pell,black,non_pell,all,2006,grad3,2.0,490
FR,eth_x_pell,black,non_pell,all,2006,grad4,46.3,490
FR,eth_x_pell,black,non_pell,all,2006,grad5,69.0,490
FR,eth_x_pell,black,non_pell,all,2006,grad6,73.5,490
FR,eth_x_pell,black,non_pell,all,2006,grad7p,75.3,490
FR,eth_x_pell,black,non_pell,all,2006,gradgpa_mean,3.124,360
FR,eth_x_pell,black,non_pell,all,2006,ret1,88.4,490
FR,eth_x_pell,black,non_pell,all,2006,ttd_mean,4.33,
FR,eth_x_pell,black,non_pell,all,2007,grad3,2.8,497
FR,eth_x_pell,black,non_pell,all,2007,grad4,55.7,497
FR,eth_x_pell,black,non_pell,all,2007,grad5,75.5,497
FR,eth_x_pell,black,non_pell,all,2007,grad6,79.1,497
FR,eth_x_pell,black,non_pell,all,2007,grad7p,79.7,497
FR,eth_x_pell,black,non_pell,all,2007,gradgpa_mean,3.213,393
FR,eth_x_pell,black,non_pell,all,2007,ret1,89.3,497
FR,eth_x_pell,black,non_pell,all,2007,ttd_mean,4.22,
FR,eth_x_pell,black,non_pell,all,2008,grad3,1.6,487
FR,eth_x_pell,black,non_pell,all,2008,grad4,52.4,487
FR,eth_x_pell,black,non_pell,all,2008,grad5,71.3,487
FR,eth_x_pell,black,non_pell,all,2008,grad6,76.0,487
FR,eth_x_pell,black,non_pell,all,2008,grad7p,77.4,487
FR,eth_x_pell,black,non_pell,all,2008,gradgpa_mean,3.158,362
FR,eth_x_pell,black,non_pell,all,2008,ret1,89.3,487
FR,eth_x_pell,black,non_pell,all,2008,ttd_mean,4.3,
FR,eth_x_pell,black,non_pell,all,2009,grad3,2.4,463
FR,eth_x_pell,black,non_pell,all,2009,grad4,54.2,463
FR,eth_x_pell,black,non_pell,all,2009,grad5,74.1,463
FR,eth_x_pell,black,non_pell,all,2009,grad6,77.8,463
FR,eth_x_pell,black,non_pell,all,2009,grad7p,78.4,463
FR,eth_x_pell,black,non_pell,all,2009,gradgpa_mean,3.176,360
FR,eth_x_pell,black,non_pell,all,2009,ret1,89.0,463
FR,eth_x_pell,black,non_pell,all,2009,ttd_mean,4.22,
FR,eth_x_pell,black,non_pell,all,2010,grad3,3.5,453
FR,eth_x_pell,black,non_pell,all,2010,grad4,58.9,453
FR,eth_x_pell,black,non_pell,all,2010,grad5,75.5,453
FR,eth_x_pell,black,non_pell,all,2010,grad6,77.3,453
FR,eth_x_pell,black,non_pell,all,2010,grad6_nonuc,77.3,
FR,eth_x_pell,black,non_pell,all,2010,grad7p,77.9,453
FR,eth_x_pell,black,non_pell,all,2010,gradgpa_mean,3.242,342
FR,eth_x_pell,black,non_pell,all,2010,ret1,90.1,453
FR,eth_x_pell,black,non_pell,all,2010,ttd_mean,4.14,
FR,eth_x_pell,black,non_pell,all,2011,grad3,4.3,416
FR,eth_x_pell,black,non_pell,all,2011,grad4,53.1,416
FR,eth_x_pell,black,non_pell,all,2011,grad5,73.8,416
FR,eth_x_pell,black,non_pell,all,2011,grad6,77.6,416
FR,eth_x_pell,black,non_pell,all,2011,grad6_nonuc,83.2,
FR,eth_x_pell,black,non_pell,all,2011,grad7p,78.6,416
FR,eth_x_pell,black,non_pell,all,2011,gradgpa_mean,3.158,323
FR,eth_x_pell,black,non_pell,all,2011,ret1,90.9,416
FR,eth_x_pell,black,non_pell,all,2011,ttd_mean,4.21,
FR,eth_x_pell,black,non_pell,all,2012,grad3,2.7,514
FR,eth_x_pell,black,non_pell,all,2012,grad4,58.9,514
FR,eth_x_pell,black,non_pell,all,2012,grad5,76.8,514
FR,eth_x_pell,black,non_pell,all,2012,grad6,78.8,514
FR,eth_x_pell,black,non_pell,all,2012,grad6_nonuc,81.3,
FR,eth_x_pell,black,non_pell,all,2012,grad7p,80.2,514
FR,eth_x_pell,black,non_pell,all,2012,gradgpa_mean,3.206,405
FR,eth_x_pell,black,non_pell,all,2012,ret1,89.9,514
FR,eth_x_pell,black,non_pell,all,2012,ttd_mean,4.19,
FR,eth_x_pell,black,non_pell,all,2013,grad3,3.7,460
FR,eth_x_pell,black,non_pell,all,2013,grad4,60.2,460
FR,eth_x_pell,black,non_pell,all,2013,grad5,79.1,460
FR,eth_x_pell,black,non_pell,all,2013,grad6,81.1,460
FR,eth_x_pell,black,non_pell,all,2013,grad6_nonuc,84.8,
FR,eth_x_pell,black,non_pell,all,2013,grad7p,82.0,460
FR,eth_x_pell,black,non_pell,all,2013,gradgpa_mean,3.217,364
FR,eth_x_pell,black,non_pell,all,2013,ret1,89.1,460
FR,eth_x_pell,black,non_pell,all,2013,ttd_mean,4.18,
FR,eth_x_pell,black,non_pell,all,2014,grad3,3.2,564
FR,eth_x_pell,black,non_pell,all,2014,grad4,70.9,564
FR,eth_x_pell,black,non_pell,all,2014,grad5,84.6,564
FR,eth_x_pell,black,non_pell,all,2014,grad6,87.1,564
FR,eth_x_pell,black,non_pell,all,2014,grad6_nonuc,90.1,
FR,eth_x_pell,black,non_pell,all,2014,grad7p,87.8,564
FR,eth_x_pell,black,non_pell,all,2014,gradgpa_mean,3.268,491
FR,eth_x_pell,black,non_pell,all,2014,ret1,92.7,564
FR,eth_x_pell,black,non_pell,all,2014,ttd_mean,4.11,
FR,eth_x_pell,black,non_pell,all,2015,grad3,2.8,537
FR,eth_x_pell,black,non_pell,all,2015,grad4,60.9,537
FR,eth_x_pell,black,non_pell,all,2015,grad5,78.0,537
FR,eth_x_pell,black,non_pell,all,2015,grad6,81.0,537
FR,eth_x_pell,black,non_pell,all,2015,grad6_nonuc,84.9,
FR,eth_x_pell,black,non_pell,all,2015,grad7p,81.6,537
FR,eth_x_pell,black,non_pell,all,2015,gradgpa_mean,3.313,435
FR,eth_x_pell,black,non_pell,all,2015,ret1,92.6,537
FR,eth_x_pell,black,non_pell,all,2015,ttd_mean,4.15,
FR,eth_x_pell,black,non_pell,all,2016,grad3,2.8,782
FR,eth_x_pell,black,non_pell,all,2016,grad4,66.8,782
FR,eth_x_pell,black,non_pell,all,2016,grad5,80.4,782
FR,eth_x_pell,black,non_pell,all,2016,grad6,82.1,782
FR,eth_x_pell,black,non_pell,all,2016,grad6_nonuc,84.7,
FR,eth_x_pell,black,non_pell,all,2016,grad7p,82.7,782
FR,eth_x_pell,black,non_pell,all,2016,gradgpa_mean,3.433,642
FR,eth_x_pell,black,non_pell,all,2016,ret1,90.0,782
FR,eth_x_pell,black,non_pell,all,2016,ttd_mean,4.09,
FR,eth_x_pell,black,non_pell,all,2017,grad3,6.0,711
FR,eth_x_pell,black,non_pell,all,2017,grad4,68.2,711
FR,eth_x_pell,black,non_pell,all,2017,grad5,79.7,711
FR,eth_x_pell,black,non_pell,all,2017,grad6,82.1,711
FR,eth_x_pell,black,non_pell,all,2017,grad6_nonuc,86.5,
FR,eth_x_pell,black,non_pell,all,2017,grad7p,82.6,711
FR,eth_x_pell,black,non_pell,all,2017,gradgpa_mean,3.479,584
FR,eth_x_pell,black,non_pell,all,2017,ret1,89.3,711
FR,eth_x_pell,black,non_pell,all,2017,ttd_mean,4.03,
FR,eth_x_pell,black,non_pell,all,2018,grad3,5.4,756
FR,eth_x_pell,black,non_pell,all,2018,grad4,65.7,756
FR,eth_x_pell,black,non_pell,all,2018,grad5,78.6,756
FR,eth_x_pell,black,non_pell,all,2018,grad6,80.4,756
FR,eth_x_pell,black,non_pell,all,2018,grad6_nonuc,84.3,
FR,eth_x_pell,black,non_pell,all,2018,grad7p,81.2,756
FR,eth_x_pell,black,non_pell,all,2018,gradgpa_mean,3.449,608
FR,eth_x_pell,black,non_pell,all,2018,ret1,89.6,756
FR,eth_x_pell,black,non_pell,all,2018,ttd_mean,4.05,
FR,eth_x_pell,black,non_pell,all,2019,grad3,5.7,705
FR,eth_x_pell,black,non_pell,all,2019,grad4,65.5,705
FR,eth_x_pell,black,non_pell,all,2019,grad5,77.6,705
FR,eth_x_pell,black,non_pell,all,2019,grad6,79.9,705
FR,eth_x_pell,black,non_pell,all,2019,grad6_nonuc,83.8,
FR,eth_x_pell,black,non_pell,all,2019,gradgpa_mean,3.396,563
FR,eth_x_pell,black,non_pell,all,2019,ret1,89.6,705
FR,eth_x_pell,black,non_pell,all,2020,grad3,5.3,770
FR,eth_x_pell,black,non_pell,all,2020,grad4,67.0,770
FR,eth_x_pell,black,non_pell,all,2020,grad5,81.3,770
FR,eth_x_pell,black,non_pell,all,2020,gradgpa_mean,3.428,626
FR,eth_x_pell,black,non_pell,all,2020,ret1,91.9,770
FR,eth_x_pell,black,non_pell,all,2021,grad3,4.5,953
FR,eth_x_pell,black,non_pell,all,2021,grad4,66.8,953
FR,eth_x_pell,black,non_pell,all,2021,gradgpa_mean,3.424,637
FR,eth_x_pell,black,non_pell,all,2021,ret1,87.0,953
FR,eth_x_pell,black,non_pell,all,2022,grad3,6.7,935
FR,eth_x_pell,black,non_pell,all,2022,gradgpa_mean,3.61,63
FR,eth_x_pell,black,non_pell,all,2022,ret1,90.5,935
FR,eth_x_pell,black,non_pell,all,2023,ret1,91.0,1079
FR,eth_x_pell,black,non_pell,all,2024,ret1,91.7,1247
FR,eth_x_pell,black,pell,all,2003,grad3,1.0,600
FR,eth_x_pell,black,pell,all,2003,grad4,36.8,600
FR,eth_x_pell,black,pell,all,2003,grad5,65.2,600
FR,eth_x_pell,black,pell,all,2003,grad6,72.3,600
FR,eth_x_pell,black,pell,all,2003,grad7p,75.2,600
FR,eth_x_pell,black,pell,all,2003,gradgpa_mean,3.028,428
FR,eth_x_pell,black,pell,all,2003,ret1,90.3,600
FR,eth_x_pell,black,pell,all,2003,ttd_mean,4.55,
FR,eth_x_pell,black,pell,all,2004,grad3,1.7,467
FR,eth_x_pell,black,pell,all,2004,grad4,37.9,467
FR,eth_x_pell,black,pell,all,2004,grad5,65.3,467
FR,eth_x_pell,black,pell,all,2004,grad6,71.9,467
FR,eth_x_pell,black,pell,all,2004,grad7p,75.4,467
FR,eth_x_pell,black,pell,all,2004,gradgpa_mean,3.108,328
FR,eth_x_pell,black,pell,all,2004,ret1,91.4,467
FR,eth_x_pell,black,pell,all,2004,ttd_mean,4.54,
FR,eth_x_pell,black,pell,all,2005,grad3,1.3,523
FR,eth_x_pell,black,pell,all,2005,grad4,38.0,523
FR,eth_x_pell,black,pell,all,2005,grad5,61.2,523
FR,eth_x_pell,black,pell,all,2005,grad6,67.1,523
FR,eth_x_pell,black,pell,all,2005,grad7p,70.6,523
FR,eth_x_pell,black,pell,all,2005,gradgpa_mean,3.104,344
FR,eth_x_pell,black,pell,all,2005,ret1,90.1,523
FR,eth_x_pell,black,pell,all,2005,ttd_mean,4.52,
FR,eth_x_pell,black,pell,all,2006,grad3,2.0,599
FR,eth_x_pell,black,pell,all,2006,grad4,35.7,599
FR,eth_x_pell,black,pell,all,2006,grad5,64.6,599
FR,eth_x_pell,black,pell,all,2006,grad6,70.1,599
FR,eth_x_pell,black,pell,all,2006,grad7p,72.6,599
FR,eth_x_pell,black,pell,all,2006,gradgpa_mean,3.123,420
FR,eth_x_pell,black,pell,all,2006,ret1,87.6,599
FR,eth_x_pell,black,pell,all,2006,ttd_mean,4.49,
FR,eth_x_pell,black,pell,all,2007,grad3,1.2,774
FR,eth_x_pell,black,pell,all,2007,grad4,38.4,774
FR,eth_x_pell,black,pell,all,2007,grad5,65.6,774
FR,eth_x_pell,black,pell,all,2007,grad6,71.8,774
FR,eth_x_pell,black,pell,all,2007,grad7p,74.4,774
FR,eth_x_pell,black,pell,all,2007,gradgpa_mean,3.046,547
FR,eth_x_pell,black,pell,all,2007,ret1,89.8,774
FR,eth_x_pell,black,pell,all,2007,ttd_mean,4.5,
FR,eth_x_pell,black,pell,all,2008,grad3,1.3,902
FR,eth_x_pell,black,pell,all,2008,grad4,42.5,902
FR,eth_x_pell,black,pell,all,2008,grad5,69.4,902
FR,eth_x_pell,black,pell,all,2008,grad6,75.2,902
FR,eth_x_pell,black,pell,all,2008,grad7p,76.3,902
FR,eth_x_pell,black,pell,all,2008,gradgpa_mean,3.069,678
FR,eth_x_pell,black,pell,all,2008,ret1,91.4,902
FR,eth_x_pell,black,pell,all,2008,ttd_mean,4.41,
FR,eth_x_pell,black,pell,all,2009,grad3,1.1,797
FR,eth_x_pell,black,pell,all,2009,grad4,42.3,797
FR,eth_x_pell,black,pell,all,2009,grad5,68.1,797
FR,eth_x_pell,black,pell,all,2009,grad6,71.8,797
FR,eth_x_pell,black,pell,all,2009,grad7p,73.7,797
FR,eth_x_pell,black,pell,all,2009,gradgpa_mean,3.026,563
FR,eth_x_pell,black,pell,all,2009,ret1,90.7,797
FR,eth_x_pell,black,pell,all,2009,ttd_mean,4.39,
FR,eth_x_pell,black,pell,all,2010,grad3,1.2,806
FR,eth_x_pell,black,pell,all,2010,grad4,43.3,806
FR,eth_x_pell,black,pell,all,2010,grad5,70.5,806
FR,eth_x_pell,black,pell,all,2010,grad6,74.7,806
FR,eth_x_pell,black,pell,all,2010,grad6_nonuc,74.7,
FR,eth_x_pell,black,pell,all,2010,grad7p,76.9,806
FR,eth_x_pell,black,pell,all,2010,gradgpa_mean,3.097,602
FR,eth_x_pell,black,pell,all,2010,ret1,90.2,806
FR,eth_x_pell,black,pell,all,2010,ttd_mean,4.42,
FR,eth_x_pell,black,pell,all,2011,grad3,1.6,919
FR,eth_x_pell,black,pell,all,2011,grad4,46.1,919
FR,eth_x_pell,black,pell,all,2011,grad5,70.2,919
FR,eth_x_pell,black,pell,all,2011,grad6,74.1,919
FR,eth_x_pell,black,pell,all,2011,grad6_nonuc,76.8,
FR,eth_x_pell,black,pell,all,2011,grad7p,76.5,919
FR,eth_x_pell,black,pell,all,2011,gradgpa_mean,3.148,681
FR,eth_x_pell,black,pell,all,2011,ret1,89.6,919
FR,eth_x_pell,black,pell,all,2011,ttd_mean,4.37,
FR,eth_x_pell,black,pell,all,2012,grad3,0.7,1001
FR,eth_x_pell,black,pell,all,2012,grad4,45.7,1001
FR,eth_x_pell,black,pell,all,2012,grad5,67.1,1001
FR,eth_x_pell,black,pell,all,2012,grad6,71.6,1001
FR,eth_x_pell,black,pell,all,2012,grad6_nonuc,73.5,
FR,eth_x_pell,black,pell,all,2012,grad7p,73.8,1001
FR,eth_x_pell,black,pell,all,2012,gradgpa_mean,3.143,710
FR,eth_x_pell,black,pell,all,2012,ret1,88.0,1001
FR,eth_x_pell,black,pell,all,2012,ttd_mean,4.38,
FR,eth_x_pell,black,pell,all,2013,grad3,1.0,989
FR,eth_x_pell,black,pell,all,2013,grad4,46.6,989
FR,eth_x_pell,black,pell,all,2013,grad5,69.8,989
FR,eth_x_pell,black,pell,all,2013,grad6,74.8,989
FR,eth_x_pell,black,pell,all,2013,grad6_nonuc,76.9,
FR,eth_x_pell,black,pell,all,2013,grad7p,77.5,989
FR,eth_x_pell,black,pell,all,2013,gradgpa_mean,3.165,740
FR,eth_x_pell,black,pell,all,2013,ret1,90.8,989
FR,eth_x_pell,black,pell,all,2013,ttd_mean,4.41,
FR,eth_x_pell,black,pell,all,2014,grad3,2.1,956
FR,eth_x_pell,black,pell,all,2014,grad4,48.6,956
FR,eth_x_pell,black,pell,all,2014,grad5,69.8,956
FR,eth_x_pell,black,pell,all,2014,grad6,72.9,956
FR,eth_x_pell,black,pell,all,2014,grad6_nonuc,74.6,
FR,eth_x_pell,black,pell,all,2014,grad7p,75.1,956
FR,eth_x_pell,black,pell,all,2014,gradgpa_mean,3.186,697
FR,eth_x_pell,black,pell,all,2014,ret1,90.9,956
FR,eth_x_pell,black,pell,all,2014,ttd_mean,4.33,
FR,eth_x_pell,black,pell,all,2015,grad3,1.1,932
FR,eth_x_pell,black,pell,all,2015,grad4,50.9,932
FR,eth_x_pell,black,pell,all,2015,grad5,70.4,932
FR,eth_x_pell,black,pell,all,2015,grad6,73.7,932
FR,eth_x_pell,black,pell,all,2015,grad6_nonuc,75.9,
FR,eth_x_pell,black,pell,all,2015,grad7p,74.9,932
FR,eth_x_pell,black,pell,all,2015,gradgpa_mean,3.269,687
FR,eth_x_pell,black,pell,all,2015,ret1,90.2,932
FR,eth_x_pell,black,pell,all,2015,ttd_mean,4.29,
FR,eth_x_pell,black,pell,all,2016,grad3,1.7,1140
FR,eth_x_pell,black,pell,all,2016,grad4,55.1,1140
FR,eth_x_pell,black,pell,all,2016,grad5,71.5,1140
FR,eth_x_pell,black,pell,all,2016,grad6,74.9,1140
FR,eth_x_pell,black,pell,all,2016,grad6_nonuc,77.0,
FR,eth_x_pell,black,pell,all,2016,grad7p,76.1,1140
FR,eth_x_pell,black,pell,all,2016,gradgpa_mean,3.339,854
FR,eth_x_pell,black,pell,all,2016,ret1,89.7,1140
FR,eth_x_pell,black,pell,all,2016,ttd_mean,4.22,
FR,eth_x_pell,black,pell,all,2017,grad3,2.6,1167
FR,eth_x_pell,black,pell,all,2017,grad4,57.1,1167
FR,eth_x_pell,black,pell,all,2017,grad5,73.4,1167
FR,eth_x_pell,black,pell,all,2017,grad6,76.4,1167
FR,eth_x_pell,black,pell,all,2017,grad6_nonuc,78.1,
FR,eth_x_pell,black,pell,all,2017,grad7p,78.0,1167
FR,eth_x_pell,black,pell,all,2017,gradgpa_mean,3.392,892
FR,eth_x_pell,black,pell,all,2017,ret1,89.9,1167
FR,eth_x_pell,black,pell,all,2017,ttd_mean,4.22,
FR,eth_x_pell,black,pell,all,2018,grad3,3.9,1154
FR,eth_x_pell,black,pell,all,2018,grad4,55.4,1154
FR,eth_x_pell,black,pell,all,2018,grad5,67.7,1154
FR,eth_x_pell,black,pell,all,2018,grad6,73.1,1154
FR,eth_x_pell,black,pell,all,2018,grad6_nonuc,74.7,
FR,eth_x_pell,black,pell,all,2018,grad7p,75.0,1154
FR,eth_x_pell,black,pell,all,2018,gradgpa_mean,3.339,843
FR,eth_x_pell,black,pell,all,2018,ret1,88.5,1154
FR,eth_x_pell,black,pell,all,2018,ttd_mean,4.22,
FR,eth_x_pell,black,pell,all,2019,grad3,4.0,1063
FR,eth_x_pell,black,pell,all,2019,grad4,57.3,1063
FR,eth_x_pell,black,pell,all,2019,grad5,71.7,1063
FR,eth_x_pell,black,pell,all,2019,grad6,73.8,1063
FR,eth_x_pell,black,pell,all,2019,grad6_nonuc,75.3,
FR,eth_x_pell,black,pell,all,2019,gradgpa_mean,3.342,785
FR,eth_x_pell,black,pell,all,2019,ret1,91.0,1063
FR,eth_x_pell,black,pell,all,2020,grad3,3.6,1154
FR,eth_x_pell,black,pell,all,2020,grad4,56.6,1154
FR,eth_x_pell,black,pell,all,2020,grad5,70.0,1154
FR,eth_x_pell,black,pell,all,2020,gradgpa_mean,3.31,808
FR,eth_x_pell,black,pell,all,2020,ret1,88.1,1154
FR,eth_x_pell,black,pell,all,2021,grad3,3.0,1352
FR,eth_x_pell,black,pell,all,2021,grad4,59.8,1352
FR,eth_x_pell,black,pell,all,2021,gradgpa_mean,3.401,808
FR,eth_x_pell,black,pell,all,2021,ret1,88.2,1352
FR,eth_x_pell,black,pell,all,2022,grad3,3.3,1338
FR,eth_x_pell,black,pell,all,2022,gradgpa_mean,3.36,44
FR,eth_x_pell,black,pell,all,2022,ret1,90.7,1338
FR,eth_x_pell,black,pell,all,2023,ret1,89.7,1333
FR,eth_x_pell,black,pell,all,2024,ret1,88.5,1253
FR,eth_x_pell,hispanic_latino,non_pell,all,2003,grad3,2.2,1763
FR,eth_x_pell,hispanic_latino,non_pell,all,2003,grad4,47.5,1763
FR,eth_x_pell,hispanic_latino,non_pell,all,2003,grad5,70.3,1763
FR,eth_x_pell,hispanic_latino,non_pell,all,2003,grad6,74.2,1763
FR,eth_x_pell,hispanic_latino,non_pell,all,2003,grad7p,75.2,1763
FR,eth_x_pell,hispanic_latino,non_pell,all,2003,gradgpa_mean,3.226,1308
FR,eth_x_pell,hispanic_latino,non_pell,all,2003,ret1,86.1,1763
FR,eth_x_pell,hispanic_latino,non_pell,all,2003,ttd_mean,4.29,
FR,eth_x_pell,hispanic_latino,non_pell,all,2004,grad3,2.7,1631
FR,eth_x_pell,hispanic_latino,non_pell,all,2004,grad4,51.5,1631
FR,eth_x_pell,hispanic_latino,non_pell,all,2004,grad5,73.5,1631
FR,eth_x_pell,hispanic_latino,non_pell,all,2004,grad6,76.8,1631
FR,eth_x_pell,hispanic_latino,non_pell,all,2004,grad7p,77.8,1631
FR,eth_x_pell,hispanic_latino,non_pell,all,2004,gradgpa_mean,3.252,1253
FR,eth_x_pell,hispanic_latino,non_pell,all,2004,ret1,87.2,1631
FR,eth_x_pell,hispanic_latino,non_pell,all,2004,ttd_mean,4.25,
FR,eth_x_pell,hispanic_latino,non_pell,all,2005,grad3,2.7,1879
FR,eth_x_pell,hispanic_latino,non_pell,all,2005,grad4,55.4,1879
FR,eth_x_pell,hispanic_latino,non_pell,all,2005,grad5,74.4,1879
FR,eth_x_pell,hispanic_latino,non_pell,all,2005,grad6,76.6,1879
FR,eth_x_pell,hispanic_latino,non_pell,all,2005,grad7p,77.6,1879
FR,eth_x_pell,hispanic_latino,non_pell,all,2005,gradgpa_mean,3.275,1439
FR,eth_x_pell,hispanic_latino,non_pell,all,2005,ret1,86.0,1879
FR,eth_x_pell,hispanic_latino,non_pell,all,2005,ttd_mean,4.19,
FR,eth_x_pell,hispanic_latino,non_pell,all,2006,grad3,2.3,2084
FR,eth_x_pell,hispanic_latino,non_pell,all,2006,grad4,55.5,2084
FR,eth_x_pell,hispanic_latino,non_pell,all,2006,grad5,72.2,2084
FR,eth_x_pell,hispanic_latino,non_pell,all,2006,grad6,75.3,2084
FR,eth_x_pell,hispanic_latino,non_pell,all,2006,grad7p,76.4,2084
FR,eth_x_pell,hispanic_latino,non_pell,all,2006,gradgpa_mean,3.288,1569
FR,eth_x_pell,hispanic_latino,non_pell,all,2006,ret1,85.7,2084
FR,eth_x_pell,hispanic_latino,non_pell,all,2006,ttd_mean,4.19,
FR,eth_x_pell,hispanic_latino,non_pell,all,2007,grad3,3.5,2070
FR,eth_x_pell,hispanic_latino,non_pell,all,2007,grad4,54.6,2070
FR,eth_x_pell,hispanic_latino,non_pell,all,2007,grad5,73.8,2070
FR,eth_x_pell,hispanic_latino,non_pell,all,2007,grad6,76.3,2070
FR,eth_x_pell,hispanic_latino,non_pell,all,2007,grad7p,77.1,2070
FR,eth_x_pell,hispanic_latino,non_pell,all,2007,gradgpa_mean,3.285,1579
FR,eth_x_pell,hispanic_latino,non_pell,all,2007,ret1,84.1,2070
FR,eth_x_pell,hispanic_latino,non_pell,all,2007,ttd_mean,4.18,
FR,eth_x_pell,hispanic_latino,non_pell,all,2008,grad3,3.2,2044
FR,eth_x_pell,hispanic_latino,non_pell,all,2008,grad4,56.1,2044
FR,eth_x_pell,hispanic_latino,non_pell,all,2008,grad5,73.3,2044
FR,eth_x_pell,hispanic_latino,non_pell,all,2008,grad6,76.2,2044
FR,eth_x_pell,hispanic_latino,non_pell,all,2008,grad7p,77.3,2044
FR,eth_x_pell,hispanic_latino,non_pell,all,2008,gradgpa_mean,3.287,1557
FR,eth_x_pell,hispanic_latino,non_pell,all,2008,ret1,85.3,2044
FR,eth_x_pell,hispanic_latino,non_pell,all,2008,ttd_mean,4.18,
FR,eth_x_pell,hispanic_latino,non_pell,all,2009,grad3,3.5,1811
FR,eth_x_pell,hispanic_latino,non_pell,all,2009,grad4,58.5,1811
FR,eth_x_pell,hispanic_latino,non_pell,all,2009,grad5,75.9,1811
FR,eth_x_pell,hispanic_latino,non_pell,all,2009,grad6,78.8,1811
FR,eth_x_pell,hispanic_latino,non_pell,all,2009,grad7p,79.9,1811
FR,eth_x_pell,hispanic_latino,non_pell,all,2009,gradgpa_mean,3.248,1427
FR,eth_x_pell,hispanic_latino,non_pell,all,2009,ret1,86.0,1811
FR,eth_x_pell,hispanic_latino,non_pell,all,2009,ttd_mean,4.18,
FR,eth_x_pell,hispanic_latino,non_pell,all,2010,grad3,2.9,1766
FR,eth_x_pell,hispanic_latino,non_pell,all,2010,grad4,58.2,1766
FR,eth_x_pell,hispanic_latino,non_pell,all,2010,grad5,78.4,1766
FR,eth_x_pell,hispanic_latino,non_pell,all,2010,grad6,80.9,1766
FR,eth_x_pell,hispanic_latino,non_pell,all,2010,grad6_nonuc,80.9,
FR,eth_x_pell,hispanic_latino,non_pell,all,2010,grad7p,81.7,1766
FR,eth_x_pell,hispanic_latino,non_pell,all,2010,gradgpa_mean,3.272,1428
FR,eth_x_pell,hispanic_latino,non_pell,all,2010,ret1,89.1,1766
FR,eth_x_pell,hispanic_latino,non_pell,all,2010,ttd_mean,4.19,
FR,eth_x_pell,hispanic_latino,non_pell,all,2011,grad3,2.9,2038
FR,eth_x_pell,hispanic_latino,non_pell,all,2011,grad4,62.4,2038
FR,eth_x_pell,hispanic_latino,non_pell,all,2011,grad5,80.3,2038
FR,eth_x_pell,hispanic_latino,non_pell,all,2011,grad6,82.7,2038
FR,eth_x_pell,hispanic_latino,non_pell,all,2011,grad6_nonuc,85.8,
FR,eth_x_pell,hispanic_latino,non_pell,all,2011,grad7p,83.6,2038
FR,eth_x_pell,hispanic_latino,non_pell,all,2011,gradgpa_mean,3.301,1686
FR,eth_x_pell,hispanic_latino,non_pell,all,2011,ret1,89.1,2038
FR,eth_x_pell,hispanic_latino,non_pell,all,2011,ttd_mean,4.17,
FR,eth_x_pell,hispanic_latino,non_pell,all,2012,grad3,2.5,2084
FR,eth_x_pell,hispanic_latino,non_pell,all,2012,grad4,61.7,2084
FR,eth_x_pell,hispanic_latino,non_pell,all,2012,grad5,79.4,2084
FR,eth_x_pell,hispanic_latino,non_pell,all,2012,grad6,82.0,2084
FR,eth_x_pell,hispanic_latino,non_pell,all,2012,grad6_nonuc,85.0,
FR,eth_x_pell,hispanic_latino,non_pell,all,2012,grad7p,83.2,2084
FR,eth_x_pell,hispanic_latino,non_pell,all,2012,gradgpa_mean,3.275,1709
FR,eth_x_pell,hispanic_latino,non_pell,all,2012,ret1,90.9,2084
FR,eth_x_pell,hispanic_latino,non_pell,all,2012,ttd_mean,4.18,
FR,eth_x_pell,hispanic_latino,non_pell,all,2013,grad3,2.9,2442
FR,eth_x_pell,hispanic_latino,non_pell,all,2013,grad4,64.0,2442
FR,eth_x_pell,hispanic_latino,non_pell,all,2013,grad5,80.3,2442
FR,eth_x_pell,hispanic_latino,non_pell,all,2013,grad6,82.9,2442
FR,eth_x_pell,hispanic_latino,non_pell,all,2013,grad6_nonuc,85.8,
FR,eth_x_pell,hispanic_latino,non_pell,all,2013,grad7p,83.3,2442
FR,eth_x_pell,hispanic_latino,non_pell,all,2013,gradgpa_mean,3.303,2025
FR,eth_x_pell,hispanic_latino,non_pell,all,2013,ret1,90.7,2442
FR,eth_x_pell,hispanic_latino,non_pell,all,2013,ttd_mean,4.14,
FR,eth_x_pell,hispanic_latino,non_pell,all,2014,grad3,3.1,2610
FR,eth_x_pell,hispanic_latino,non_pell,all,2014,grad4,63.3,2610
FR,eth_x_pell,hispanic_latino,non_pell,all,2014,grad5,79.4,2610
FR,eth_x_pell,hispanic_latino,non_pell,all,2014,grad6,82.0,2610
FR,eth_x_pell,hispanic_latino,non_pell,all,2014,grad6_nonuc,84.9,
FR,eth_x_pell,hispanic_latino,non_pell,all,2014,grad7p,82.6,2610
FR,eth_x_pell,hispanic_latino,non_pell,all,2014,gradgpa_mean,3.343,2141
FR,eth_x_pell,hispanic_latino,non_pell,all,2014,ret1,89.3,2610
FR,eth_x_pell,hispanic_latino,non_pell,all,2014,ttd_mean,4.14,
FR,eth_x_pell,hispanic_latino,non_pell,all,2015,grad3,3.7,2752
FR,eth_x_pell,hispanic_latino,non_pell,all,2015,grad4,65.6,2752
FR,eth_x_pell,hispanic_latino,non_pell,all,2015,grad5,81.3,2752
FR,eth_x_pell,hispanic_latino,non_pell,all,2015,grad6,83.4,2752
FR,eth_x_pell,hispanic_latino,non_pell,all,2015,grad6_nonuc,86.3,
FR,eth_x_pell,hispanic_latino,non_pell,all,2015,grad7p,84.0,2752
FR,eth_x_pell,hispanic_latino,non_pell,all,2015,gradgpa_mean,3.372,2296
FR,eth_x_pell,hispanic_latino,non_pell,all,2015,ret1,90.3,2752
FR,eth_x_pell,hispanic_latino,non_pell,all,2015,ttd_mean,4.11,
FR,eth_x_pell,hispanic_latino,non_pell,all,2016,grad3,3.9,3691
FR,eth_x_pell,hispanic_latino,non_pell,all,2016,grad4,66.9,3691
FR,eth_x_pell,hispanic_latino,non_pell,all,2016,grad5,80.7,3691
FR,eth_x_pell,hispanic_latino,non_pell,all,2016,grad6,82.4,3691
FR,eth_x_pell,hispanic_latino,non_pell,all,2016,grad6_nonuc,85.8,
FR,eth_x_pell,hispanic_latino,non_pell,all,2016,grad7p,83.1,3691
FR,eth_x_pell,hispanic_latino,non_pell,all,2016,gradgpa_mean,3.453,3042
FR,eth_x_pell,hispanic_latino,non_pell,all,2016,ret1,90.0,3691
FR,eth_x_pell,hispanic_latino,non_pell,all,2016,ttd_mean,4.08,
FR,eth_x_pell,hispanic_latino,non_pell,all,2017,grad3,4.9,3494
FR,eth_x_pell,hispanic_latino,non_pell,all,2017,grad4,68.8,3494
FR,eth_x_pell,hispanic_latino,non_pell,all,2017,grad5,80.1,3494
FR,eth_x_pell,hispanic_latino,non_pell,all,2017,grad6,82.0,3494
FR,eth_x_pell,hispanic_latino,non_pell,all,2017,grad6_nonuc,85.5,
FR,eth_x_pell,hispanic_latino,non_pell,all,2017,grad7p,82.6,3494
FR,eth_x_pell,hispanic_latino,non_pell,all,2017,gradgpa_mean,3.502,2864
FR,eth_x_pell,hispanic_latino,non_pell,all,2017,ret1,88.8,3494
FR,eth_x_pell,hispanic_latino,non_pell,all,2017,ttd_mean,4.04,
FR,eth_x_pell,hispanic_latino,non_pell,all,2018,grad3,5.4,3376
FR,eth_x_pell,hispanic_latino,non_pell,all,2018,grad4,66.5,3376
FR,eth_x_pell,hispanic_latino,non_pell,all,2018,grad5,77.9,3376
FR,eth_x_pell,hispanic_latino,non_pell,all,2018,grad6,80.2,3376
FR,eth_x_pell,hispanic_latino,non_pell,all,2018,grad6_nonuc,83.9,
FR,eth_x_pell,hispanic_latino,non_pell,all,2018,grad7p,80.8,3376
FR,eth_x_pell,hispanic_latino,non_pell,all,2018,gradgpa_mean,3.478,2709
FR,eth_x_pell,hispanic_latino,non_pell,all,2018,ret1,88.8,3376
FR,eth_x_pell,hispanic_latino,non_pell,all,2018,ttd_mean,4.05,
FR,eth_x_pell,hispanic_latino,non_pell,all,2019,grad3,6.2,3474
FR,eth_x_pell,hispanic_latino,non_pell,all,2019,grad4,69.3,3474
FR,eth_x_pell,hispanic_latino,non_pell,all,2019,grad5,81.2,3474
FR,eth_x_pell,hispanic_latino,non_pell,all,2019,grad6,83.1,3474
FR,eth_x_pell,hispanic_latino,non_pell,all,2019,grad6_nonuc,86.3,
FR,eth_x_pell,hispanic_latino,non_pell,all,2019,gradgpa_mean,3.461,2888
FR,eth_x_pell,hispanic_latino,non_pell,all,2019,ret1,90.5,3474
FR,eth_x_pell,hispanic_latino,non_pell,all,2020,grad3,5.8,3771
FR,eth_x_pell,hispanic_latino,non_pell,all,2020,grad4,67.0,3771
FR,eth_x_pell,hispanic_latino,non_pell,all,2020,grad5,77.2,3771
FR,eth_x_pell,hispanic_latino,non_pell,all,2020,gradgpa_mean,3.469,2913
FR,eth_x_pell,hispanic_latino,non_pell,all,2020,ret1,88.4,3771
FR,eth_x_pell,hispanic_latino,non_pell,all,2021,grad3,6.2,4166
FR,eth_x_pell,hispanic_latino,non_pell,all,2021,grad4,68.9,4166
FR,eth_x_pell,hispanic_latino,non_pell,all,2021,gradgpa_mean,3.503,2870
FR,eth_x_pell,hispanic_latino,non_pell,all,2021,ret1,87.7,4166
FR,eth_x_pell,hispanic_latino,non_pell,all,2022,grad3,7.6,3853
FR,eth_x_pell,hispanic_latino,non_pell,all,2022,gradgpa_mean,3.61,292
FR,eth_x_pell,hispanic_latino,non_pell,all,2022,ret1,89.8,3853
FR,eth_x_pell,hispanic_latino,non_pell,all,2023,ret1,89.6,4429
FR,eth_x_pell,hispanic_latino,non_pell,all,2024,ret1,91.5,4863
FR,eth_x_pell,hispanic_latino,pell,all,2003,grad3,0.7,2751
FR,eth_x_pell,hispanic_latino,pell,all,2003,grad4,40.1,2751
FR,eth_x_pell,hispanic_latino,pell,all,2003,grad5,65.8,2751
FR,eth_x_pell,hispanic_latino,pell,all,2003,grad6,71.1,2751
FR,eth_x_pell,hispanic_latino,pell,all,2003,grad7p,73.2,2751
FR,eth_x_pell,hispanic_latino,pell,all,2003,gradgpa_mean,3.146,1956
FR,eth_x_pell,hispanic_latino,pell,all,2003,ret1,88.3,2751
FR,eth_x_pell,hispanic_latino,pell,all,2003,ttd_mean,4.46,
FR,eth_x_pell,hispanic_latino,pell,all,2004,grad3,1.1,2624
FR,eth_x_pell,hispanic_latino,pell,all,2004,grad4,43.8,2624
FR,eth_x_pell,hispanic_latino,pell,all,2004,grad5,69.0,2624
FR,eth_x_pell,hispanic_latino,pell,all,2004,grad6,73.6,2624
FR,eth_x_pell,hispanic_latino,pell,all,2004,grad7p,75.4,2624
FR,eth_x_pell,hispanic_latino,pell,all,2004,gradgpa_mean,3.164,1930
FR,eth_x_pell,hispanic_latino,pell,all,2004,ret1,89.2,2624
FR,eth_x_pell,hispanic_latino,pell,all,2004,ttd_mean,4.41,
FR,eth_x_pell,hispanic_latino,pell,all,2005,grad3,1.5,2773
FR,eth_x_pell,hispanic_latino,pell,all,2005,grad4,41.9,2773
FR,eth_x_pell,hispanic_latino,pell,all,2005,grad5,68.2,2773
FR,eth_x_pell,hispanic_latino,pell,all,2005,grad6,73.8,2773
FR,eth_x_pell,hispanic_latino,pell,all,2005,grad7p,75.9,2773
FR,eth_x_pell,hispanic_latino,pell,all,2005,gradgpa_mean,3.126,2046
FR,eth_x_pell,hispanic_latino,pell,all,2005,ret1,89.0,2773
FR,eth_x_pell,hispanic_latino,pell,all,2005,ttd_mean,4.43,
FR,eth_x_pell,hispanic_latino,pell,all,2006,grad3,1.6,3421
FR,eth_x_pell,hispanic_latino,pell,all,2006,grad4,40.9,3421
FR,eth_x_pell,hispanic_latino,pell,all,2006,grad5,68.0,3421
FR,eth_x_pell,hispanic_latino,pell,all,2006,grad6,73.6,3421
FR,eth_x_pell,hispanic_latino,pell,all,2006,grad7p,75.6,3421
FR,eth_x_pell,hispanic_latino,pell,all,2006,gradgpa_mean,3.141,2519
FR,eth_x_pell,hispanic_latino,pell,all,2006,ret1,88.1,3421
FR,eth_x_pell,hispanic_latino,pell,all,2006,ttd_mean,4.45,
FR,eth_x_pell,hispanic_latino,pell,all,2007,grad3,0.9,3807
FR,eth_x_pell,hispanic_latino,pell,all,2007,grad4,42.2,3807
FR,eth_x_pell,hispanic_latino,pell,all,2007,grad5,69.0,3807
FR,eth_x_pell,hispanic_latino,pell,all,2007,grad6,74.1,3807
FR,eth_x_pell,hispanic_latino,pell,all,2007,grad7p,75.9,3807
FR,eth_x_pell,hispanic_latino,pell,all,2007,gradgpa_mean,3.154,2822
FR,eth_x_pell,hispanic_latino,pell,all,2007,ret1,88.0,3807
FR,eth_x_pell,hispanic_latino,pell,all,2007,ttd_mean,4.44,
FR,eth_x_pell,hispanic_latino,pell,all,2008,grad3,1.1,4610
FR,eth_x_pell,hispanic_latino,pell,all,2008,grad4,44.3,4610
FR,eth_x_pell,hispanic_latino,pell,all,2008,grad5,71.8,4610
FR,eth_x_pell,hispanic_latino,pell,all,2008,grad6,76.6,4610
FR,eth_x_pell,hispanic_latino,pell,all,2008,grad7p,78.3,4610
FR,eth_x_pell,hispanic_latino,pell,all,2008,gradgpa_mean,3.123,3533
FR,eth_x_pell,hispanic_latino,pell,all,2008,ret1,90.0,4610
FR,eth_x_pell,hispanic_latino,pell,all,2008,ttd_mean,4.41,
FR,eth_x_pell,hispanic_latino,pell,all,2009,grad3,1.5,4810
FR,eth_x_pell,hispanic_latino,pell,all,2009,grad4,47.5,4810
FR,eth_x_pell,hispanic_latino,pell,all,2009,grad5,73.5,4810
FR,eth_x_pell,hispanic_latino,pell,all,2009,grad6,77.8,4810
FR,eth_x_pell,hispanic_latino,pell,all,2009,grad7p,79.1,4810
FR,eth_x_pell,hispanic_latino,pell,all,2009,gradgpa_mean,3.156,3741
FR,eth_x_pell,hispanic_latino,pell,all,2009,ret1,90.2,4810
FR,eth_x_pell,hispanic_latino,pell,all,2009,ttd_mean,4.37,
FR,eth_x_pell,hispanic_latino,pell,all,2010,grad3,1.1,5398
FR,eth_x_pell,hispanic_latino,pell,all,2010,grad4,45.4,5398
FR,eth_x_pell,hispanic_latino,pell,all,2010,grad5,72.6,5398
FR,eth_x_pell,hispanic_latino,pell,all,2010,grad6,76.6,5398
FR,eth_x_pell,hispanic_latino,pell,all,2010,grad6_nonuc,76.6,
FR,eth_x_pell,hispanic_latino,pell,all,2010,grad7p,78.0,5398
FR,eth_x_pell,hispanic_latino,pell,all,2010,gradgpa_mean,3.163,4135
FR,eth_x_pell,hispanic_latino,pell,all,2010,ret1,89.3,5398
FR,eth_x_pell,hispanic_latino,pell,all,2010,ttd_mean,4.38,
FR,eth_x_pell,hispanic_latino,pell,all,2011,grad3,1.2,6319
FR,eth_x_pell,hispanic_latino,pell,all,2011,grad4,46.4,6319
FR,eth_x_pell,hispanic_latino,pell,all,2011,grad5,71.3,6319
FR,eth_x_pell,hispanic_latino,pell,all,2011,grad6,75.1,6319
FR,eth_x_pell,hispanic_latino,pell,all,2011,grad6_nonuc,77.0,
FR,eth_x_pell,hispanic_latino,pell,all,2011,grad7p,76.5,6319
FR,eth_x_pell,hispanic_latino,pell,all,2011,gradgpa_mean,3.168,4748
FR,eth_x_pell,hispanic_latino,pell,all,2011,ret1,88.3,6319
FR,eth_x_pell,hispanic_latino,pell,all,2011,ttd_mean,4.36,
FR,eth_x_pell,hispanic_latino,pell,all,2012,grad3,1.0,6670
FR,eth_x_pell,hispanic_latino,pell,all,2012,grad4,49.2,6670
FR,eth_x_pell,hispanic_latino,pell,all,2012,grad5,71.7,6670
FR,eth_x_pell,hispanic_latino,pell,all,2012,grad6,75.7,6670
FR,eth_x_pell,hispanic_latino,pell,all,2012,grad6_nonuc,77.9,
FR,eth_x_pell,hispanic_latino,pell,all,2012,grad7p,77.1,6670
FR,eth_x_pell,hispanic_latino,pell,all,2012,gradgpa_mean,3.167,5052
FR,eth_x_pell,hispanic_latino,pell,all,2012,ret1,88.8,6670
FR,eth_x_pell,hispanic_latino,pell,all,2012,ttd_mean,4.34,
FR,eth_x_pell,hispanic_latino,pell,all,2013,grad3,1.2,6774
FR,eth_x_pell,hispanic_latino,pell,all,2013,grad4,51.9,6774
FR,eth_x_pell,hispanic_latino,pell,all,2013,grad5,73.9,6774
FR,eth_x_pell,hispanic_latino,pell,all,2013,grad6,77.5,6774
FR,eth_x_pell,hispanic_latino,pell,all,2013,grad6_nonuc,79.4,
FR,eth_x_pell,hispanic_latino,pell,all,2013,grad7p,78.8,6774
FR,eth_x_pell,hispanic_latino,pell,all,2013,gradgpa_mean,3.23,5253
FR,eth_x_pell,hispanic_latino,pell,all,2013,ret1,89.1,6774
FR,eth_x_pell,hispanic_latino,pell,all,2013,ttd_mean,4.32,
FR,eth_x_pell,hispanic_latino,pell,all,2014,grad3,1.2,7237
FR,eth_x_pell,hispanic_latino,pell,all,2014,grad4,52.0,7237
FR,eth_x_pell,hispanic_latino,pell,all,2014,grad5,73.8,7237
FR,eth_x_pell,hispanic_latino,pell,all,2014,grad6,77.5,7237
FR,eth_x_pell,hispanic_latino,pell,all,2014,grad6_nonuc,79.4,
FR,eth_x_pell,hispanic_latino,pell,all,2014,grad7p,79.2,7237
FR,eth_x_pell,hispanic_latino,pell,all,2014,gradgpa_mean,3.227,5610
FR,eth_x_pell,hispanic_latino,pell,all,2014,ret1,89.4,7237
FR,eth_x_pell,hispanic_latino,pell,all,2014,ttd_mean,4.32,
FR,eth_x_pell,hispanic_latino,pell,all,2015,grad3,1.7,6899
FR,eth_x_pell,hispanic_latino,pell,all,2015,grad4,54.6,6899
FR,eth_x_pell,hispanic_latino,pell,all,2015,grad5,74.8,6899
FR,eth_x_pell,hispanic_latino,pell,all,2015,grad6,78.4,6899
FR,eth_x_pell,hispanic_latino,pell,all,2015,grad6_nonuc,80.3,
FR,eth_x_pell,hispanic_latino,pell,all,2015,grad7p,79.7,6899
FR,eth_x_pell,hispanic_latino,pell,all,2015,gradgpa_mean,3.284,5410
FR,eth_x_pell,hispanic_latino,pell,all,2015,ret1,90.5,6899
FR,eth_x_pell,hispanic_latino,pell,all,2015,ttd_mean,4.28,
FR,eth_x_pell,hispanic_latino,pell,all,2016,grad3,1.8,8607
FR,eth_x_pell,hispanic_latino,pell,all,2016,grad4,58.2,8607
FR,eth_x_pell,hispanic_latino,pell,all,2016,grad5,75.6,8607
FR,eth_x_pell,hispanic_latino,pell,all,2016,grad6,78.3,8607
FR,eth_x_pell,hispanic_latino,pell,all,2016,grad6_nonuc,80.3,
FR,eth_x_pell,hispanic_latino,pell,all,2016,grad7p,79.6,8607
FR,eth_x_pell,hispanic_latino,pell,all,2016,gradgpa_mean,3.382,6742
FR,eth_x_pell,hispanic_latino,pell,all,2016,ret1,89.5,8607
FR,eth_x_pell,hispanic_latino,pell,all,2016,ttd_mean,4.22,
FR,eth_x_pell,hispanic_latino,pell,all,2017,grad3,2.5,8184
FR,eth_x_pell,hispanic_latino,pell,all,2017,grad4,60.1,8184
FR,eth_x_pell,hispanic_latino,pell,all,2017,grad5,74.7,8184
FR,eth_x_pell,hispanic_latino,pell,all,2017,grad6,77.1,8184
FR,eth_x_pell,hispanic_latino,pell,all,2017,grad6_nonuc,79.5,
FR,eth_x_pell,hispanic_latino,pell,all,2017,grad7p,78.4,8184
FR,eth_x_pell,hispanic_latino,pell,all,2017,gradgpa_mean,3.443,6313
FR,eth_x_pell,hispanic_latino,pell,all,2017,ret1,88.9,8184
FR,eth_x_pell,hispanic_latino,pell,all,2017,ttd_mean,4.18,
FR,eth_x_pell,hispanic_latino,pell,all,2018,grad3,2.8,7945
FR,eth_x_pell,hispanic_latino,pell,all,2018,grad4,60.2,7945
FR,eth_x_pell,hispanic_latino,pell,all,2018,grad5,74.2,7945
FR,eth_x_pell,hispanic_latino,pell,all,2018,grad6,77.2,7945
FR,eth_x_pell,hispanic_latino,pell,all,2018,grad6_nonuc,79.4,
FR,eth_x_pell,hispanic_latino,pell,all,2018,grad7p,78.3,7945
FR,eth_x_pell,hispanic_latino,pell,all,2018,gradgpa_mean,3.382,6131
FR,eth_x_pell,hispanic_latino,pell,all,2018,ret1,89.3,7945
FR,eth_x_pell,hispanic_latino,pell,all,2018,ttd_mean,4.17,
FR,eth_x_pell,hispanic_latino,pell,all,2019,grad3,3.7,7976
FR,eth_x_pell,hispanic_latino,pell,all,2019,grad4,61.2,7976
FR,eth_x_pell,hispanic_latino,pell,all,2019,grad5,75.1,7976
FR,eth_x_pell,hispanic_latino,pell,all,2019,grad6,77.7,7976
FR,eth_x_pell,hispanic_latino,pell,all,2019,grad6_nonuc,79.8,
FR,eth_x_pell,hispanic_latino,pell,all,2019,gradgpa_mean,3.338,6199
FR,eth_x_pell,hispanic_latino,pell,all,2019,ret1,91.3,7976
FR,eth_x_pell,hispanic_latino,pell,all,2020,grad3,3.1,7955
FR,eth_x_pell,hispanic_latino,pell,all,2020,grad4,59.4,7955
FR,eth_x_pell,hispanic_latino,pell,all,2020,grad5,71.4,7955
FR,eth_x_pell,hispanic_latino,pell,all,2020,gradgpa_mean,3.353,5680
FR,eth_x_pell,hispanic_latino,pell,all,2020,ret1,86.9,7955
FR,eth_x_pell,hispanic_latino,pell,all,2021,grad3,3.2,9311
FR,eth_x_pell,hispanic_latino,pell,all,2021,grad4,60.7,9311
FR,eth_x_pell,hispanic_latino,pell,all,2021,gradgpa_mean,3.391,5649
FR,eth_x_pell,hispanic_latino,pell,all,2021,ret1,87.1,9311
FR,eth_x_pell,hispanic_latino,pell,all,2022,grad3,4.2,9173
FR,eth_x_pell,hispanic_latino,pell,all,2022,gradgpa_mean,3.5,387
FR,eth_x_pell,hispanic_latino,pell,all,2022,ret1,89.2,9173
FR,eth_x_pell,hispanic_latino,pell,all,2023,ret1,89.3,10087
FR,eth_x_pell,hispanic_latino,pell,all,2024,ret1,90.2,9250
FR,eth_x_pell,international,non_pell,all,2003,grad3,8.7,392
FR,eth_x_pell,international,non_pell,all,2003,grad4,60.7,392
FR,eth_x_pell,international,non_pell,all,2003,grad5,78.6,392
FR,eth_x_pell,international,non_pell,all,2003,grad6,81.6,392
FR,eth_x_pell,international,non_pell,all,2003,grad7p,82.9,392
FR,eth_x_pell,international,non_pell,all,2003,gradgpa_mean,3.322,320
FR,eth_x_pell,international,non_pell,all,2003,ret1,92.3,392
FR,eth_x_pell,international,non_pell,all,2003,ttd_mean,4.1,
FR,eth_x_pell,international,non_pell,all,2004,grad3,9.2,465
FR,eth_x_pell,international,non_pell,all,2004,grad4,61.3,465
FR,eth_x_pell,international,non_pell,all,2004,grad5,76.6,465
FR,eth_x_pell,international,non_pell,all,2004,grad6,80.4,465
FR,eth_x_pell,international,non_pell,all,2004,grad7p,82.4,465
FR,eth_x_pell,international,non_pell,all,2004,gradgpa_mean,3.367,374
FR,eth_x_pell,international,non_pell,all,2004,ret1,91.0,465
FR,eth_x_pell,international,non_pell,all,2004,ttd_mean,4.12,
FR,eth_x_pell,international,non_pell,all,2005,grad3,7.5,467
FR,eth_x_pell,international,non_pell,all,2005,grad4,57.4,467
FR,eth_x_pell,international,non_pell,all,2005,grad5,73.0,467
FR,eth_x_pell,international,non_pell,all,2005,grad6,77.1,467
FR,eth_x_pell,international,non_pell,all,2005,grad7p,78.6,467
FR,eth_x_pell,international,non_pell,all,2005,gradgpa_mean,3.293,360
FR,eth_x_pell,international,non_pell,all,2005,ret1,88.0,467
FR,eth_x_pell,international,non_pell,all,2005,ttd_mean,4.14,
FR,eth_x_pell,international,non_pell,all,2006,grad3,5.4,575
FR,eth_x_pell,international,non_pell,all,2006,grad4,58.1,575
FR,eth_x_pell,international,non_pell,all,2006,grad5,74.4,575
FR,eth_x_pell,international,non_pell,all,2006,grad6,79.0,575
FR,eth_x_pell,international,non_pell,all,2006,grad7p,81.2,575
FR,eth_x_pell,international,non_pell,all,2006,gradgpa_mean,3.227,454
FR,eth_x_pell,international,non_pell,all,2006,ret1,88.3,575
FR,eth_x_pell,international,non_pell,all,2006,ttd_mean,4.19,
FR,eth_x_pell,international,non_pell,all,2007,grad3,6.6,637
FR,eth_x_pell,international,non_pell,all,2007,grad4,58.7,637
FR,eth_x_pell,international,non_pell,all,2007,grad5,73.9,637
FR,eth_x_pell,international,non_pell,all,2007,grad6,77.6,637
FR,eth_x_pell,international,non_pell,all,2007,grad7p,79.7,637
FR,eth_x_pell,international,non_pell,all,2007,gradgpa_mean,3.258,494
FR,eth_x_pell,international,non_pell,all,2007,ret1,89.2,637
FR,eth_x_pell,international,non_pell,all,2007,ttd_mean,4.14,
FR,eth_x_pell,international,non_pell,all,2008,grad3,9.0,878
FR,eth_x_pell,international,non_pell,all,2008,grad4,60.1,878
FR,eth_x_pell,international,non_pell,all,2008,grad5,72.4,878
FR,eth_x_pell,international,non_pell,all,2008,grad6,76.4,878
FR,eth_x_pell,international,non_pell,all,2008,grad7p,79.6,878
FR,eth_x_pell,international,non_pell,all,2008,gradgpa_mean,3.29,671
FR,eth_x_pell,international,non_pell,all,2008,ret1,88.7,878
FR,eth_x_pell,international,non_pell,all,2008,ttd_mean,4.1,
FR,eth_x_pell,international,non_pell,all,2009,grad3,7.7,775
FR,eth_x_pell,international,non_pell,all,2009,grad4,63.7,775
FR,eth_x_pell,international,non_pell,all,2009,grad5,78.2,775
FR,eth_x_pell,international,non_pell,all,2009,grad6,81.7,775
FR,eth_x_pell,international,non_pell,all,2009,grad7p,83.7,775
FR,eth_x_pell,international,non_pell,all,2009,gradgpa_mean,3.309,633
FR,eth_x_pell,international,non_pell,all,2009,ret1,90.2,775
FR,eth_x_pell,international,non_pell,all,2009,ttd_mean,4.12,
FR,eth_x_pell,international,non_pell,all,2010,grad3,8.2,1188
FR,eth_x_pell,international,non_pell,all,2010,grad4,67.1,1188
FR,eth_x_pell,international,non_pell,all,2010,grad5,80.1,1188
FR,eth_x_pell,international,non_pell,all,2010,grad6,84.2,1188
FR,eth_x_pell,international,non_pell,all,2010,grad6_nonuc,84.2,
FR,eth_x_pell,international,non_pell,all,2010,grad7p,85.5,1188
FR,eth_x_pell,international,non_pell,all,2010,gradgpa_mean,3.313,1000
FR,eth_x_pell,international,non_pell,all,2010,ret1,90.3,1188
FR,eth_x_pell,international,non_pell,all,2010,ttd_mean,4.08,
FR,eth_x_pell,international,non_pell,all,2011,grad3,7.5,2175
FR,eth_x_pell,international,non_pell,all,2011,grad4,64.9,2175
FR,eth_x_pell,international,non_pell,all,2011,grad5,78.0,2175
FR,eth_x_pell,international,non_pell,all,2011,grad6,82.9,2175
FR,eth_x_pell,international,non_pell,all,2011,grad6_nonuc,83.7,
FR,eth_x_pell,international,non_pell,all,2011,grad7p,85.8,2175
FR,eth_x_pell,international,non_pell,all,2011,gradgpa_mean,3.286,1804
FR,eth_x_pell,international,non_pell,all,2011,ret1,90.3,2175
FR,eth_x_pell,international,non_pell,all,2011,ttd_mean,4.15,
FR,eth_x_pell,international,non_pell,all,2012,grad3,6.2,3500
FR,eth_x_pell,international,non_pell,all,2012,grad4,65.1,3500
FR,eth_x_pell,international,non_pell,all,2012,grad5,77.8,3500
FR,eth_x_pell,international,non_pell,all,2012,grad6,81.6,3500
FR,eth_x_pell,international,non_pell,all,2012,grad6_nonuc,83.1,
FR,eth_x_pell,international,non_pell,all,2012,grad7p,83.4,3500
FR,eth_x_pell,international,non_pell,all,2012,gradgpa_mean,3.319,2855
FR,eth_x_pell,international,non_pell,all,2012,ret1,90.7,3500
FR,eth_x_pell,international,non_pell,all,2012,ttd_mean,4.11,
FR,eth_x_pell,international,non_pell,all,2013,grad3,6.0,4350
FR,eth_x_pell,international,non_pell,all,2013,grad4,67.8,4350
FR,eth_x_pell,international,non_pell,all,2013,grad5,81.7,4350
FR,eth_x_pell,international,non_pell,all,2013,grad6,84.8,4350
FR,eth_x_pell,international,non_pell,all,2013,grad6_nonuc,86.0,
FR,eth_x_pell,international,non_pell,all,2013,grad7p,86.2,4350
FR,eth_x_pell,international,non_pell,all,2013,gradgpa_mean,3.339,3688
FR,eth_x_pell,international,non_pell,all,2013,ret1,92.3,4350
FR,eth_x_pell,international,non_pell,all,2013,ttd_mean,4.08,
FR,eth_x_pell,international,non_pell,all,2014,grad3,6.8,4839
FR,eth_x_pell,international,non_pell,all,2014,grad4,68.6,4839
FR,eth_x_pell,international,non_pell,all,2014,grad5,81.3,4839
FR,eth_x_pell,international,non_pell,all,2014,grad6,83.8,4839
FR,eth_x_pell,international,non_pell,all,2014,grad6_nonuc,85.3,
FR,eth_x_pell,international,non_pell,all,2014,grad7p,85.0,4839
FR,eth_x_pell,international,non_pell,all,2014,gradgpa_mean,3.355,4056
FR,eth_x_pell,international,non_pell,all,2014,ret1,91.9,4839
FR,eth_x_pell,international,non_pell,all,2014,ttd_mean,4.04,
FR,eth_x_pell,international,non_pell,all,2015,grad3,8.0,5690
FR,eth_x_pell,international,non_pell,all,2015,grad4,70.4,5690
FR,eth_x_pell,international,non_pell,all,2015,grad5,82.7,5690
FR,eth_x_pell,international,non_pell,all,2015,grad6,85.0,5690
FR,eth_x_pell,international,non_pell,all,2015,grad6_nonuc,86.5,
FR,eth_x_pell,international,non_pell,all,2015,grad7p,86.0,5690
FR,eth_x_pell,international,non_pell,all,2015,gradgpa_mean,3.404,4835
FR,eth_x_pell,international,non_pell,all,2015,ret1,92.8,5690
FR,eth_x_pell,international,non_pell,all,2015,ttd_mean,4.0,
FR,eth_x_pell,international,non_pell,all,2016,grad3,7.5,5977
FR,eth_x_pell,international,non_pell,all,2016,grad4,73.9,5977
FR,eth_x_pell,international,non_pell,all,2016,grad5,83.7,5977
FR,eth_x_pell,international,non_pell,all,2016,grad6,85.7,5977
FR,eth_x_pell,international,non_pell,all,2016,grad6_nonuc,86.6,
FR,eth_x_pell,international,non_pell,all,2016,grad7p,86.8,5977
FR,eth_x_pell,international,non_pell,all,2016,gradgpa_mean,3.499,5123
FR,eth_x_pell,international,non_pell,all,2016,ret1,93.9,5977
FR,eth_x_pell,international,non_pell,all,2016,ttd_mean,3.97,
FR,eth_x_pell,international,non_pell,all,2017,grad3,8.9,6105
FR,eth_x_pell,international,non_pell,all,2017,grad4,73.5,6105
FR,eth_x_pell,international,non_pell,all,2017,grad5,83.7,6105
FR,eth_x_pell,international,non_pell,all,2017,grad6,85.7,6105
FR,eth_x_pell,international,non_pell,all,2017,grad6_nonuc,86.5,
FR,eth_x_pell,international,non_pell,all,2017,grad7p,86.9,6105
FR,eth_x_pell,international,non_pell,all,2017,gradgpa_mean,3.524,5232
FR,eth_x_pell,international,non_pell,all,2017,ret1,93.3,6105
FR,eth_x_pell,international,non_pell,all,2017,ttd_mean,3.94,
FR,eth_x_pell,international,non_pell,all,2018,grad3,12.0,6524
FR,eth_x_pell,international,non_pell,all,2018,grad4,73.2,6524
FR,eth_x_pell,international,non_pell,all,2018,grad5,83.2,6524
FR,eth_x_pell,international,non_pell,all,2018,grad6,85.8,6524
FR,eth_x_pell,international,non_pell,all,2018,grad6_nonuc,86.7,
FR,eth_x_pell,international,non_pell,all,2018,grad7p,86.6,6524
FR,eth_x_pell,international,non_pell,all,2018,gradgpa_mean,3.528,5598
FR,eth_x_pell,international,non_pell,all,2018,ret1,93.2,6524
FR,eth_x_pell,international,non_pell,all,2018,ttd_mean,3.92,
FR,eth_x_pell,international,non_pell,all,2019,grad3,11.7,6082
FR,eth_x_pell,international,non_pell,all,2019,grad4,71.0,6082
FR,eth_x_pell,international,non_pell,all,2019,grad5,81.0,6082
FR,eth_x_pell,international,non_pell,all,2019,grad6,83.5,6082
FR,eth_x_pell,international,non_pell,all,2019,grad6_nonuc,84.9,
FR,eth_x_pell,international,non_pell,all,2019,gradgpa_mean,3.542,5077
FR,eth_x_pell,international,non_pell,all,2019,ret1,90.2,6082
FR,eth_x_pell,international,non_pell,all,2020,grad3,9.3,5259
FR,eth_x_pell,international,non_pell,all,2020,grad4,70.3,5259
FR,eth_x_pell,international,non_pell,all,2020,grad5,81.4,5259
FR,eth_x_pell,international,non_pell,all,2020,gradgpa_mean,3.504,4281
FR,eth_x_pell,international,non_pell,all,2020,ret1,88.2,5259
FR,eth_x_pell,international,non_pell,all,2021,grad3,8.3,6094
FR,eth_x_pell,international,non_pell,all,2021,grad4,72.4,6094
FR,eth_x_pell,international,non_pell,all,2021,gradgpa_mean,3.537,4414
FR,eth_x_pell,international,non_pell,all,2021,ret1,91.7,6094
FR,eth_x_pell,international,non_pell,all,2022,grad3,8.8,4467
FR,eth_x_pell,international,non_pell,all,2022,gradgpa_mean,3.67,394
FR,eth_x_pell,international,non_pell,all,2022,ret1,90.7,4467
FR,eth_x_pell,international,non_pell,all,2023,ret1,91.0,4537
FR,eth_x_pell,international,non_pell,all,2024,ret1,89.6,4800
FR,eth_x_pell,international,pell,all,2003,grad3,0.0,39
FR,eth_x_pell,international,pell,all,2003,grad4,48.7,39
FR,eth_x_pell,international,pell,all,2003,grad5,79.5,39
FR,eth_x_pell,international,pell,all,2003,grad6,89.7,39
FR,eth_x_pell,international,pell,all,2003,grad7p,92.3,39
FR,eth_x_pell,international,pell,all,2003,gradgpa_mean,3.039,31
FR,eth_x_pell,international,pell,all,2003,ret1,82.1,39
FR,eth_x_pell,international,pell,all,2003,ttd_mean,4.48,
FR,eth_x_pell,international,pell,all,2004,grad3,2.3,44
FR,eth_x_pell,international,pell,all,2004,grad4,54.5,44
FR,eth_x_pell,international,pell,all,2004,grad5,84.1,44
FR,eth_x_pell,international,pell,all,2004,grad6,86.4,44
FR,eth_x_pell,international,pell,all,2004,grad7p,93.2,44
FR,eth_x_pell,international,pell,all,2004,gradgpa_mean,3.256,36
FR,eth_x_pell,international,pell,all,2004,ret1,95.5,44
FR,eth_x_pell,international,pell,all,2004,ttd_mean,4.45,
FR,eth_x_pell,international,pell,all,2005,grad3,0.0,52
FR,eth_x_pell,international,pell,all,2005,grad4,51.9,52
FR,eth_x_pell,international,pell,all,2005,grad5,76.9,52
FR,eth_x_pell,international,pell,all,2005,grad6,78.8,52
FR,eth_x_pell,international,pell,all,2005,grad7p,86.5,52
FR,eth_x_pell,international,pell,all,2005,gradgpa_mean,3.26,40
FR,eth_x_pell,international,pell,all,2005,ret1,98.1,52
FR,eth_x_pell,international,pell,all,2005,ttd_mean,4.49,
FR,eth_x_pell,international,pell,all,2006,grad3,3.3,90
FR,eth_x_pell,international,pell,all,2006,grad4,50.0,90
FR,eth_x_pell,international,pell,all,2006,grad5,77.8,90
FR,eth_x_pell,international,pell,all,2006,grad6,85.6,90
FR,eth_x_pell,international,pell,all,2006,grad7p,90.0,90
FR,eth_x_pell,international,pell,all,2006,gradgpa_mean,3.333,67
FR,eth_x_pell,international,pell,all,2006,ret1,93.3,90
FR,eth_x_pell,international,pell,all,2006,ttd_mean,4.45,
FR,eth_x_pell,international,pell,all,2007,grad3,3.3,60
FR,eth_x_pell,international,pell,all,2007,grad4,41.7,60
FR,eth_x_pell,international,pell,all,2007,grad5,71.7,60
FR,eth_x_pell,international,pell,all,2007,grad6,81.7,60
FR,eth_x_pell,international,pell,all,2007,grad7p,86.7,60
FR,eth_x_pell,international,pell,all,2007,gradgpa_mean,3.191,41
FR,eth_x_pell,international,pell,all,2007,ret1,96.7,60
FR,eth_x_pell,international,pell,all,2007,ttd_mean,4.59,
FR,eth_x_pell,international,pell,all,2008,grad3,1.6,62
FR,eth_x_pell,international,pell,all,2008,grad4,51.6,62
FR,eth_x_pell,international,pell,all,2008,grad5,77.4,62
FR,eth_x_pell,international,pell,all,2008,grad6,82.3,62
FR,eth_x_pell,international,pell,all,2008,grad7p,88.7,62
FR,eth_x_pell,international,pell,all,2008,gradgpa_mean,3.193,47
FR,eth_x_pell,international,pell,all,2008,ret1,87.1,62
FR,eth_x_pell,international,pell,all,2008,ttd_mean,4.5,
FR,eth_x_pell,international,pell,all,2009,grad3,1.9,54
FR,eth_x_pell,international,pell,all,2009,grad4,44.4,54
FR,eth_x_pell,international,pell,all,2009,grad5,72.2,54
FR,eth_x_pell,international,pell,all,2009,grad6,81.5,54
FR,eth_x_pell,international,pell,all,2009,grad7p,83.3,54
FR,eth_x_pell,international,pell,all,2009,gradgpa_mean,3.343,38
FR,eth_x_pell,international,pell,all,2009,ret1,90.7,54
FR,eth_x_pell,international,pell,all,2009,ttd_mean,4.48,
FR,eth_x_pell,international,pell,all,2010,grad3,1.5,68
FR,eth_x_pell,international,pell,all,2010,grad4,54.4,68
FR,eth_x_pell,international,pell,all,2010,grad5,76.5,68
FR,eth_x_pell,international,pell,all,2010,grad6,86.8,68
FR,eth_x_pell,international,pell,all,2010,grad6_nonuc,86.8,
FR,eth_x_pell,international,pell,all,2010,grad7p,88.2,68
FR,eth_x_pell,international,pell,all,2010,gradgpa_mean,3.294,51
FR,eth_x_pell,international,pell,all,2010,ret1,94.1,68
FR,eth_x_pell,international,pell,all,2010,ttd_mean,4.39,
FR,eth_x_pell,international,pell,all,2011,grad3,1.4,74
FR,eth_x_pell,international,pell,all,2011,grad4,41.9,74
FR,eth_x_pell,international,pell,all,2011,grad5,74.3,74
FR,eth_x_pell,international,pell,all,2011,grad6,79.7,74
FR,eth_x_pell,international,pell,all,2011,grad6_nonuc,82.4,
FR,eth_x_pell,international,pell,all,2011,grad7p,85.1,74
FR,eth_x_pell,international,pell,all,2011,gradgpa_mean,3.314,54
FR,eth_x_pell,international,pell,all,2011,ret1,83.8,74
FR,eth_x_pell,international,pell,all,2011,ttd_mean,4.58,
FR,eth_x_pell,international,pell,all,2012,grad3,0.0,75
FR,eth_x_pell,international,pell,all,2012,grad4,49.3,75
FR,eth_x_pell,international,pell,all,2012,grad5,70.7,75
FR,eth_x_pell,international,pell,all,2012,grad6,77.3,75
FR,eth_x_pell,international,pell,all,2012,grad6_nonuc,81.3,
FR,eth_x_pell,international,pell,all,2012,grad7p,80.0,75
FR,eth_x_pell,international,pell,all,2012,gradgpa_mean,3.248,53
FR,eth_x_pell,international,pell,all,2012,ret1,85.3,75
FR,eth_x_pell,international,pell,all,2012,ttd_mean,4.43,
FR,eth_x_pell,international,pell,all,2013,grad3,2.7,74
FR,eth_x_pell,international,pell,all,2013,grad4,51.4,74
FR,eth_x_pell,international,pell,all,2013,grad5,74.3,74
FR,eth_x_pell,international,pell,all,2013,grad6,83.8,74
FR,eth_x_pell,international,pell,all,2013,grad6_nonuc,85.1,
FR,eth_x_pell,international,pell,all,2013,grad7p,90.5,74
FR,eth_x_pell,international,pell,all,2013,gradgpa_mean,3.253,53
FR,eth_x_pell,international,pell,all,2013,ret1,95.9,74
FR,eth_x_pell,international,pell,all,2013,ttd_mean,4.56,
FR,eth_x_pell,international,pell,all,2014,grad3,2.9,68
FR,eth_x_pell,international,pell,all,2014,grad4,47.1,68
FR,eth_x_pell,international,pell,all,2014,grad5,82.4,68
FR,eth_x_pell,international,pell,all,2014,grad6,88.2,68
FR,eth_x_pell,international,pell,all,2014,grad6_nonuc,88.2,
FR,eth_x_pell,international,pell,all,2014,grad7p,89.7,68
FR,eth_x_pell,international,pell,all,2014,gradgpa_mean,3.14,54
FR,eth_x_pell,international,pell,all,2014,ret1,92.6,68
FR,eth_x_pell,international,pell,all,2014,ttd_mean,4.45,
FR,eth_x_pell,international,pell,all,2015,grad3,2.9,68
FR,eth_x_pell,international,pell,all,2015,grad4,60.3,68
FR,eth_x_pell,international,pell,all,2015,grad5,79.4,68
FR,eth_x_pell,international,pell,all,2015,grad6,89.7,68
FR,eth_x_pell,international,pell,all,2015,grad6_nonuc,89.7,
FR,eth_x_pell,international,pell,all,2015,grad7p,94.1,68
FR,eth_x_pell,international,pell,all,2015,gradgpa_mean,3.357,52
FR,eth_x_pell,international,pell,all,2015,ret1,89.7,68
FR,eth_x_pell,international,pell,all,2015,ttd_mean,4.4,
FR,eth_x_pell,international,pell,all,2016,grad3,0.0,62
FR,eth_x_pell,international,pell,all,2016,grad4,50.0,62
FR,eth_x_pell,international,pell,all,2016,grad5,75.8,62
FR,eth_x_pell,international,pell,all,2016,grad6,85.5,62
FR,eth_x_pell,international,pell,all,2016,grad6_nonuc,87.1,
FR,eth_x_pell,international,pell,all,2016,grad7p,90.3,62
FR,eth_x_pell,international,pell,all,2016,gradgpa_mean,3.332,47
FR,eth_x_pell,international,pell,all,2016,ret1,90.3,62
FR,eth_x_pell,international,pell,all,2016,ttd_mean,4.54,
FR,eth_x_pell,international,pell,all,2017,grad3,3.4,59
FR,eth_x_pell,international,pell,all,2017,grad4,64.4,59
FR,eth_x_pell,international,pell,all,2017,grad5,81.4,59
FR,eth_x_pell,international,pell,all,2017,grad6,84.7,59
FR,eth_x_pell,international,pell,all,2017,grad6_nonuc,84.7,
FR,eth_x_pell,international,pell,all,2017,grad7p,89.8,59
FR,eth_x_pell,international,pell,all,2017,gradgpa_mean,3.484,46
FR,eth_x_pell,international,pell,all,2017,ret1,93.2,59
FR,eth_x_pell,international,pell,all,2017,ttd_mean,4.23,
FR,eth_x_pell,international,pell,all,2018,grad3,4.7,64
FR,eth_x_pell,international,pell,all,2018,grad4,59.4,64
FR,eth_x_pell,international,pell,all,2018,grad5,81.3,64
FR,eth_x_pell,international,pell,all,2018,grad6,84.4,64
FR,eth_x_pell,international,pell,all,2018,grad6_nonuc,85.9,
FR,eth_x_pell,international,pell,all,2018,grad7p,85.9,64
FR,eth_x_pell,international,pell,all,2018,gradgpa_mean,3.44,49
FR,eth_x_pell,international,pell,all,2018,ret1,93.8,64
FR,eth_x_pell,international,pell,all,2018,ttd_mean,4.19,
FR,eth_x_pell,international,pell,all,2019,grad3,5.0,60
FR,eth_x_pell,international,pell,all,2019,grad4,55.0,60
FR,eth_x_pell,international,pell,all,2019,grad5,75.0,60
FR,eth_x_pell,international,pell,all,2019,grad6,80.0,60
FR,eth_x_pell,international,pell,all,2019,grad6_nonuc,81.7,
FR,eth_x_pell,international,pell,all,2019,gradgpa_mean,3.347,42
FR,eth_x_pell,international,pell,all,2019,ret1,93.3,60
FR,eth_x_pell,international,pell,all,2020,grad3,3.4,58
FR,eth_x_pell,international,pell,all,2020,grad4,77.6,58
FR,eth_x_pell,international,pell,all,2020,grad5,91.4,58
FR,eth_x_pell,international,pell,all,2020,gradgpa_mean,3.52,43
FR,eth_x_pell,international,pell,all,2020,ret1,94.8,58
FR,eth_x_pell,international,pell,all,2021,grad3,4.9,61
FR,eth_x_pell,international,pell,all,2021,grad4,67.2,61
FR,eth_x_pell,international,pell,all,2021,gradgpa_mean,3.57,38
FR,eth_x_pell,international,pell,all,2021,ret1,95.1,61
FR,eth_x_pell,international,pell,all,2022,grad3,4.7,43
FR,eth_x_pell,international,pell,all,2022,ret1,97.7,43
FR,eth_x_pell,international,pell,all,2023,ret1,96.8,31
FR,eth_x_pell,international,pell,all,2024,ret1,100.0,13
FR,eth_x_pell,unknown,non_pell,all,2003,grad3,2.6,1928
FR,eth_x_pell,unknown,non_pell,all,2003,grad4,59.4,1928
FR,eth_x_pell,unknown,non_pell,all,2003,grad5,79.2,1928
FR,eth_x_pell,unknown,non_pell,all,2003,grad6,82.2,1928
FR,eth_x_pell,unknown,non_pell,all,2003,grad7p,83.6,1928
FR,eth_x_pell,unknown,non_pell,all,2003,gradgpa_mean,3.327,1585
FR,eth_x_pell,unknown,non_pell,all,2003,ret1,89.3,1928
FR,eth_x_pell,unknown,non_pell,all,2003,ttd_mean,4.21,
FR,eth_x_pell,unknown,non_pell,all,2004,grad3,3.6,1724
FR,eth_x_pell,unknown,non_pell,all,2004,grad4,62.9,1724
FR,eth_x_pell,unknown,non_pell,all,2004,grad5,81.7,1724
FR,eth_x_pell,unknown,non_pell,all,2004,grad6,85.6,1724
FR,eth_x_pell,unknown,non_pell,all,2004,grad7p,86.1,1724
FR,eth_x_pell,unknown,non_pell,all,2004,gradgpa_mean,3.343,1475
FR,eth_x_pell,unknown,non_pell,all,2004,ret1,91.4,1724
FR,eth_x_pell,unknown,non_pell,all,2004,ttd_mean,4.17,
FR,eth_x_pell,unknown,non_pell,all,2005,grad3,4.1,1418
FR,eth_x_pell,unknown,non_pell,all,2005,grad4,62.7,1418
FR,eth_x_pell,unknown,non_pell,all,2005,grad5,81.7,1418
FR,eth_x_pell,unknown,non_pell,all,2005,grad6,84.3,1418
FR,eth_x_pell,unknown,non_pell,all,2005,grad7p,85.3,1418
FR,eth_x_pell,unknown,non_pell,all,2005,gradgpa_mean,3.353,1196
FR,eth_x_pell,unknown,non_pell,all,2005,ret1,89.6,1418
FR,eth_x_pell,unknown,non_pell,all,2005,ttd_mean,4.15,
FR,eth_x_pell,unknown,non_pell,all,2006,grad3,2.6,1437
FR,eth_x_pell,unknown,non_pell,all,2006,grad4,65.3,1437
FR,eth_x_pell,unknown,non_pell,all,2006,grad5,81.9,1437
FR,eth_x_pell,unknown,non_pell,all,2006,grad6,85.4,1437
FR,eth_x_pell,unknown,non_pell,all,2006,grad7p,86.3,1437
FR,eth_x_pell,unknown,non_pell,all,2006,gradgpa_mean,3.343,1227
FR,eth_x_pell,unknown,non_pell,all,2006,ret1,88.9,1437
FR,eth_x_pell,unknown,non_pell,all,2006,ttd_mean,4.15,
FR,eth_x_pell,unknown,non_pell,all,2007,grad3,4.4,1333
FR,eth_x_pell,unknown,non_pell,all,2007,grad4,64.9,1333
FR,eth_x_pell,unknown,non_pell,all,2007,grad5,81.9,1333
FR,eth_x_pell,unknown,non_pell,all,2007,grad6,84.9,1333
FR,eth_x_pell,unknown,non_pell,all,2007,grad7p,86.0,1333
FR,eth_x_pell,unknown,non_pell,all,2007,gradgpa_mean,3.377,1132
FR,eth_x_pell,unknown,non_pell,all,2007,ret1,89.6,1333
FR,eth_x_pell,unknown,non_pell,all,2007,ttd_mean,4.13,
FR,eth_x_pell,unknown,non_pell,all,2008,grad3,4.9,1392
FR,eth_x_pell,unknown,non_pell,all,2008,grad4,66.8,1392
FR,eth_x_pell,unknown,non_pell,all,2008,grad5,82.8,1392
FR,eth_x_pell,unknown,non_pell,all,2008,grad6,85.4,1392
FR,eth_x_pell,unknown,non_pell,all,2008,grad7p,85.9,1392
FR,eth_x_pell,unknown,non_pell,all,2008,gradgpa_mean,3.363,1189
FR,eth_x_pell,unknown,non_pell,all,2008,ret1,91.6,1392
FR,eth_x_pell,unknown,non_pell,all,2008,ttd_mean,4.1,
FR,eth_x_pell,unknown,non_pell,all,2009,grad3,3.0,1071
FR,eth_x_pell,unknown,non_pell,all,2009,grad4,68.3,1071
FR,eth_x_pell,unknown,non_pell,all,2009,grad5,83.9,1071
FR,eth_x_pell,unknown,non_pell,all,2009,grad6,86.6,1071
FR,eth_x_pell,unknown,non_pell,all,2009,grad7p,87.3,1071
FR,eth_x_pell,unknown,non_pell,all,2009,gradgpa_mean,3.409,928
FR,eth_x_pell,unknown,non_pell,all,2009,ret1,90.8,1071
FR,eth_x_pell,unknown,non_pell,all,2009,ttd_mean,4.12,
FR,eth_x_pell,unknown,non_pell,all,2010,grad3,4.8,1031
FR,eth_x_pell,unknown,non_pell,all,2010,grad4,70.0,1031
FR,eth_x_pell,unknown,non_pell,all,2010,grad5,84.1,1031
FR,eth_x_pell,unknown,non_pell,all,2010,grad6,86.4,1031
FR,eth_x_pell,unknown,non_pell,all,2010,grad6_nonuc,86.4,
FR,eth_x_pell,unknown,non_pell,all,2010,grad7p,87.6,1031
FR,eth_x_pell,unknown,non_pell,all,2010,gradgpa_mean,3.388,891
FR,eth_x_pell,unknown,non_pell,all,2010,ret1,93.9,1031
FR,eth_x_pell,unknown,non_pell,all,2010,ttd_mean,4.1,
FR,eth_x_pell,unknown,non_pell,all,2011,grad3,3.3,483
FR,eth_x_pell,unknown,non_pell,all,2011,grad4,68.7,483
FR,eth_x_pell,unknown,non_pell,all,2011,grad5,84.3,483
FR,eth_x_pell,unknown,non_pell,all,2011,grad6,86.1,483
FR,eth_x_pell,unknown,non_pell,all,2011,grad6_nonuc,90.7,
FR,eth_x_pell,unknown,non_pell,all,2011,grad7p,86.5,483
FR,eth_x_pell,unknown,non_pell,all,2011,gradgpa_mean,3.389,407
FR,eth_x_pell,unknown,non_pell,all,2011,ret1,91.9,483
FR,eth_x_pell,unknown,non_pell,all,2011,ttd_mean,4.08,
FR,eth_x_pell,unknown,non_pell,all,2012,grad3,3.7,566
FR,eth_x_pell,unknown,non_pell,all,2012,grad4,68.6,566
FR,eth_x_pell,unknown,non_pell,all,2012,grad5,86.0,566
FR,eth_x_pell,unknown,non_pell,all,2012,grad6,87.5,566
FR,eth_x_pell,unknown,non_pell,all,2012,grad6_nonuc,91.9,
FR,eth_x_pell,unknown,non_pell,all,2012,grad7p,88.0,566
FR,eth_x_pell,unknown,non_pell,all,2012,gradgpa_mean,3.378,487
FR,eth_x_pell,unknown,non_pell,all,2012,ret1,92.2,566
FR,eth_x_pell,unknown,non_pell,all,2012,ttd_mean,4.1,
FR,eth_x_pell,unknown,non_pell,all,2013,grad3,4.1,700
FR,eth_x_pell,unknown,non_pell,all,2013,grad4,72.4,700
FR,eth_x_pell,unknown,non_pell,all,2013,grad5,87.1,700
FR,eth_x_pell,unknown,non_pell,all,2013,grad6,88.9,700
FR,eth_x_pell,unknown,non_pell,all,2013,grad6_nonuc,92.3,
FR,eth_x_pell,unknown,non_pell,all,2013,grad7p,89.6,700
FR,eth_x_pell,unknown,non_pell,all,2013,gradgpa_mean,3.427,622
FR,eth_x_pell,unknown,non_pell,all,2013,ret1,94.0,700
FR,eth_x_pell,unknown,non_pell,all,2013,ttd_mean,4.08,
FR,eth_x_pell,unknown,non_pell,all,2014,grad3,5.5,721
FR,eth_x_pell,unknown,non_pell,all,2014,grad4,78.4,721
FR,eth_x_pell,unknown,non_pell,all,2014,grad5,90.4,721
FR,eth_x_pell,unknown,non_pell,all,2014,grad6,91.3,721
FR,eth_x_pell,unknown,non_pell,all,2014,grad6_nonuc,94.0,
FR,eth_x_pell,unknown,non_pell,all,2014,grad7p,91.8,721
FR,eth_x_pell,unknown,non_pell,all,2014,gradgpa_mean,3.44,652
FR,eth_x_pell,unknown,non_pell,all,2014,ret1,93.9,721
FR,eth_x_pell,unknown,non_pell,all,2014,ttd_mean,4.02,
FR,eth_x_pell,unknown,non_pell,all,2015,grad3,4.1,868
FR,eth_x_pell,unknown,non_pell,all,2015,grad4,77.0,868
FR,eth_x_pell,unknown,non_pell,all,2015,grad5,88.1,868
FR,eth_x_pell,unknown,non_pell,all,2015,grad6,90.1,868
FR,eth_x_pell,unknown,non_pell,all,2015,grad6_nonuc,94.1,
FR,eth_x_pell,unknown,non_pell,all,2015,grad7p,90.7,868
FR,eth_x_pell,unknown,non_pell,all,2015,gradgpa_mean,3.46,782
FR,eth_x_pell,unknown,non_pell,all,2015,ret1,95.0,868
FR,eth_x_pell,unknown,non_pell,all,2015,ttd_mean,4.03,
FR,eth_x_pell,unknown,non_pell,all,2016,grad3,5.4,945
FR,eth_x_pell,unknown,non_pell,all,2016,grad4,80.5,945
FR,eth_x_pell,unknown,non_pell,all,2016,grad5,91.2,945
FR,eth_x_pell,unknown,non_pell,all,2016,grad6,92.0,945
FR,eth_x_pell,unknown,non_pell,all,2016,grad6_nonuc,95.4,
FR,eth_x_pell,unknown,non_pell,all,2016,grad7p,92.4,945
FR,eth_x_pell,unknown,non_pell,all,2016,gradgpa_mean,3.548,862
FR,eth_x_pell,unknown,non_pell,all,2016,ret1,94.9,945
FR,eth_x_pell,unknown,non_pell,all,2016,ttd_mean,3.99,
FR,eth_x_pell,unknown,non_pell,all,2017,grad3,7.4,883
FR,eth_x_pell,unknown,non_pell,all,2017,grad4,81.9,883
FR,eth_x_pell,unknown,non_pell,all,2017,grad5,88.7,883
FR,eth_x_pell,unknown,non_pell,all,2017,grad6,89.5,883
FR,eth_x_pell,unknown,non_pell,all,2017,grad6_nonuc,93.2,
FR,eth_x_pell,unknown,non_pell,all,2017,grad7p,90.1,883
FR,eth_x_pell,unknown,non_pell,all,2017,gradgpa_mean,3.659,783
FR,eth_x_pell,unknown,non_pell,all,2017,ret1,94.6,883
FR,eth_x_pell,unknown,non_pell,all,2017,ttd_mean,3.93,
FR,eth_x_pell,unknown,non_pell,all,2018,grad3,8.8,987
FR,eth_x_pell,unknown,non_pell,all,2018,grad4,78.3,987
FR,eth_x_pell,unknown,non_pell,all,2018,grad5,89.8,987
FR,eth_x_pell,unknown,non_pell,all,2018,grad6,91.1,987
FR,eth_x_pell,unknown,non_pell,all,2018,grad6_nonuc,93.4,
FR,eth_x_pell,unknown,non_pell,all,2018,grad7p,91.9,987
FR,eth_x_pell,unknown,non_pell,all,2018,gradgpa_mean,3.595,899
FR,eth_x_pell,unknown,non_pell,all,2018,ret1,94.5,987
FR,eth_x_pell,unknown,non_pell,all,2018,ttd_mean,3.95,
FR,eth_x_pell,unknown,non_pell,all,2019,grad3,7.3,873
FR,eth_x_pell,unknown,non_pell,all,2019,grad4,78.7,873
FR,eth_x_pell,unknown,non_pell,all,2019,grad5,89.0,873
FR,eth_x_pell,unknown,non_pell,all,2019,grad6,90.6,873
FR,eth_x_pell,unknown,non_pell,all,2019,grad6_nonuc,94.2,
FR,eth_x_pell,unknown,non_pell,all,2019,gradgpa_mean,3.533,791
FR,eth_x_pell,unknown,non_pell,all,2019,ret1,92.3,873
FR,eth_x_pell,unknown,non_pell,all,2020,grad3,8.6,997
FR,eth_x_pell,unknown,non_pell,all,2020,grad4,82.3,997
FR,eth_x_pell,unknown,non_pell,all,2020,grad5,89.7,997
FR,eth_x_pell,unknown,non_pell,all,2020,gradgpa_mean,3.526,894
FR,eth_x_pell,unknown,non_pell,all,2020,ret1,95.4,997
FR,eth_x_pell,unknown,non_pell,all,2021,grad3,9.2,1116
FR,eth_x_pell,unknown,non_pell,all,2021,grad4,79.3,1116
FR,eth_x_pell,unknown,non_pell,all,2021,gradgpa_mean,3.618,885
FR,eth_x_pell,unknown,non_pell,all,2021,ret1,92.1,1116
FR,eth_x_pell,unknown,non_pell,all,2022,grad3,10.0,1002
FR,eth_x_pell,unknown,non_pell,all,2022,gradgpa_mean,3.58,100
FR,eth_x_pell,unknown,non_pell,all,2022,ret1,92.2,1002
FR,eth_x_pell,unknown,non_pell,all,2023,ret1,95.4,1095
FR,eth_x_pell,unknown,non_pell,all,2024,ret1,95.0,1246
FR,eth_x_pell,unknown,pell,all,2003,grad3,2.4,662
FR,eth_x_pell,unknown,pell,all,2003,grad4,47.1,662
FR,eth_x_pell,unknown,pell,all,2003,grad5,72.4,662
FR,eth_x_pell,unknown,pell,all,2003,grad6,77.3,662
FR,eth_x_pell,unknown,pell,all,2003,grad7p,79.3,662
FR,eth_x_pell,unknown,pell,all,2003,gradgpa_mean,3.248,512
FR,eth_x_pell,unknown,pell,all,2003,ret1,90.9,662
FR,eth_x_pell,unknown,pell,all,2003,ttd_mean,4.38,
FR,eth_x_pell,unknown,pell,all,2004,grad3,3.5,543
FR,eth_x_pell,unknown,pell,all,2004,grad4,52.1,543
FR,eth_x_pell,unknown,pell,all,2004,grad5,75.3,543
FR,eth_x_pell,unknown,pell,all,2004,grad6,80.7,543
FR,eth_x_pell,unknown,pell,all,2004,grad7p,82.1,543
FR,eth_x_pell,unknown,pell,all,2004,gradgpa_mean,3.288,438
FR,eth_x_pell,unknown,pell,all,2004,ret1,91.2,543
FR,eth_x_pell,unknown,pell,all,2004,ttd_mean,4.29,
FR,eth_x_pell,unknown,pell,all,2005,grad3,2.7,527
FR,eth_x_pell,unknown,pell,all,2005,grad4,51.6,527
FR,eth_x_pell,unknown,pell,all,2005,grad5,76.5,527
FR,eth_x_pell,unknown,pell,all,2005,grad6,80.3,527
FR,eth_x_pell,unknown,pell,all,2005,grad7p,83.1,527
FR,eth_x_pell,unknown,pell,all,2005,gradgpa_mean,3.203,423
FR,eth_x_pell,unknown,pell,all,2005,ret1,91.3,527
FR,eth_x_pell,unknown,pell,all,2005,ttd_mean,4.35,
FR,eth_x_pell,unknown,pell,all,2006,grad3,2.2,592
FR,eth_x_pell,unknown,pell,all,2006,grad4,51.7,592
FR,eth_x_pell,unknown,pell,all,2006,grad5,77.0,592
FR,eth_x_pell,unknown,pell,all,2006,grad6,81.1,592
FR,eth_x_pell,unknown,pell,all,2006,grad7p,82.6,592
FR,eth_x_pell,unknown,pell,all,2006,gradgpa_mean,3.228,480
FR,eth_x_pell,unknown,pell,all,2006,ret1,93.6,592
FR,eth_x_pell,unknown,pell,all,2006,ttd_mean,4.33,
FR,eth_x_pell,unknown,pell,all,2007,grad3,3.3,517
FR,eth_x_pell,unknown,pell,all,2007,grad4,54.4,517
FR,eth_x_pell,unknown,pell,all,2007,grad5,77.6,517
FR,eth_x_pell,unknown,pell,all,2007,grad6,82.4,517
FR,eth_x_pell,unknown,pell,all,2007,grad7p,84.7,517
FR,eth_x_pell,unknown,pell,all,2007,gradgpa_mean,3.242,426
FR,eth_x_pell,unknown,pell,all,2007,ret1,92.1,517
FR,eth_x_pell,unknown,pell,all,2007,ttd_mean,4.32,
FR,eth_x_pell,unknown,pell,all,2008,grad3,2.5,609
FR,eth_x_pell,unknown,pell,all,2008,grad4,57.8,609
FR,eth_x_pell,unknown,pell,all,2008,grad5,79.5,609
FR,eth_x_pell,unknown,pell,all,2008,grad6,83.1,609
FR,eth_x_pell,unknown,pell,all,2008,grad7p,85.6,609
FR,eth_x_pell,unknown,pell,all,2008,gradgpa_mean,3.25,506
FR,eth_x_pell,unknown,pell,all,2008,ret1,94.6,609
FR,eth_x_pell,unknown,pell,all,2008,ttd_mean,4.3,
FR,eth_x_pell,unknown,pell,all,2009,grad3,2.6,499
FR,eth_x_pell,unknown,pell,all,2009,grad4,54.7,499
FR,eth_x_pell,unknown,pell,all,2009,grad5,77.6,499
FR,eth_x_pell,unknown,pell,all,2009,grad6,81.0,499
FR,eth_x_pell,unknown,pell,all,2009,grad7p,82.6,499
FR,eth_x_pell,unknown,pell,all,2009,gradgpa_mean,3.291,404
FR,eth_x_pell,unknown,pell,all,2009,ret1,93.2,499
FR,eth_x_pell,unknown,pell,all,2009,ttd_mean,4.27,
FR,eth_x_pell,unknown,pell,all,2010,grad3,2.2,596
FR,eth_x_pell,unknown,pell,all,2010,grad4,56.7,596
FR,eth_x_pell,unknown,pell,all,2010,grad5,81.0,596
FR,eth_x_pell,unknown,pell,all,2010,grad6,84.6,596
FR,eth_x_pell,unknown,pell,all,2010,grad6_nonuc,84.6,
FR,eth_x_pell,unknown,pell,all,2010,grad7p,86.1,596
FR,eth_x_pell,unknown,pell,all,2010,gradgpa_mean,3.262,504
FR,eth_x_pell,unknown,pell,all,2010,ret1,93.1,596
FR,eth_x_pell,unknown,pell,all,2010,ttd_mean,4.28,
FR,eth_x_pell,unknown,pell,all,2011,grad3,2.5,236
FR,eth_x_pell,unknown,pell,all,2011,grad4,53.4,236
FR,eth_x_pell,unknown,pell,all,2011,grad5,74.2,236
FR,eth_x_pell,unknown,pell,all,2011,grad6,77.5,236
FR,eth_x_pell,unknown,pell,all,2011,grad6_nonuc,79.2,
FR,eth_x_pell,unknown,pell,all,2011,grad7p,78.0,236
FR,eth_x_pell,unknown,pell,all,2011,gradgpa_mean,3.147,169
FR,eth_x_pell,unknown,pell,all,2011,ret1,87.7,236
FR,eth_x_pell,unknown,pell,all,2011,ttd_mean,4.22,
FR,eth_x_pell,unknown,pell,all,2012,grad3,2.5,324
FR,eth_x_pell,unknown,pell,all,2012,grad4,58.3,324
FR,eth_x_pell,unknown,pell,all,2012,grad5,81.5,324
FR,eth_x_pell,unknown,pell,all,2012,grad6,86.1,324
FR,eth_x_pell,unknown,pell,all,2012,grad6_nonuc,88.3,
FR,eth_x_pell,unknown,pell,all,2012,grad7p,86.1,324
FR,eth_x_pell,unknown,pell,all,2012,gradgpa_mean,3.273,271
FR,eth_x_pell,unknown,pell,all,2012,ret1,91.7,324
FR,eth_x_pell,unknown,pell,all,2012,ttd_mean,4.24,
FR,eth_x_pell,unknown,pell,all,2013,grad3,2.0,344
FR,eth_x_pell,unknown,pell,all,2013,grad4,59.6,344
FR,eth_x_pell,unknown,pell,all,2013,grad5,80.2,344
FR,eth_x_pell,unknown,pell,all,2013,grad6,82.8,344
FR,eth_x_pell,unknown,pell,all,2013,grad6_nonuc,87.2,
FR,eth_x_pell,unknown,pell,all,2013,grad7p,83.7,344
FR,eth_x_pell,unknown,pell,all,2013,gradgpa_mean,3.329,269
FR,eth_x_pell,unknown,pell,all,2013,ret1,91.6,344
FR,eth_x_pell,unknown,pell,all,2013,ttd_mean,4.23,
FR,eth_x_pell,unknown,pell,all,2014,grad3,1.9,319
FR,eth_x_pell,unknown,pell,all,2014,grad4,60.2,319
FR,eth_x_pell,unknown,pell,all,2014,grad5,77.7,319
FR,eth_x_pell,unknown,pell,all,2014,grad6,82.1,319
FR,eth_x_pell,unknown,pell,all,2014,grad6_nonuc,85.9,
FR,eth_x_pell,unknown,pell,all,2014,grad7p,83.4,319
FR,eth_x_pell,unknown,pell,all,2014,gradgpa_mean,3.29,256
FR,eth_x_pell,unknown,pell,all,2014,ret1,89.7,319
FR,eth_x_pell,unknown,pell,all,2014,ttd_mean,4.23,
FR,eth_x_pell,unknown,pell,all,2015,grad3,4.8,336
FR,eth_x_pell,unknown,pell,all,2015,grad4,67.9,336
FR,eth_x_pell,unknown,pell,all,2015,grad5,81.0,336
FR,eth_x_pell,unknown,pell,all,2015,grad6,82.7,336
FR,eth_x_pell,unknown,pell,all,2015,grad6_nonuc,85.7,
FR,eth_x_pell,unknown,pell,all,2015,grad7p,83.3,336
FR,eth_x_pell,unknown,pell,all,2015,gradgpa_mean,3.393,272
FR,eth_x_pell,unknown,pell,all,2015,ret1,90.8,336
FR,eth_x_pell,unknown,pell,all,2015,ttd_mean,4.08,
FR,eth_x_pell,unknown,pell,all,2016,grad3,3.6,338
FR,eth_x_pell,unknown,pell,all,2016,grad4,59.8,338
FR,eth_x_pell,unknown,pell,all,2016,grad5,78.1,338
FR,eth_x_pell,unknown,pell,all,2016,grad6,79.9,338
FR,eth_x_pell,unknown,pell,all,2016,grad6_nonuc,83.4,
FR,eth_x_pell,unknown,pell,all,2016,grad7p,81.1,338
FR,eth_x_pell,unknown,pell,all,2016,gradgpa_mean,3.484,264
FR,eth_x_pell,unknown,pell,all,2016,ret1,91.1,338
FR,eth_x_pell,unknown,pell,all,2016,ttd_mean,4.16,
FR,eth_x_pell,unknown,pell,all,2017,grad3,3.7,300
FR,eth_x_pell,unknown,pell,all,2017,grad4,62.7,300
FR,eth_x_pell,unknown,pell,all,2017,grad5,77.0,300
FR,eth_x_pell,unknown,pell,all,2017,grad6,80.3,300
FR,eth_x_pell,unknown,pell,all,2017,grad6_nonuc,82.7,
FR,eth_x_pell,unknown,pell,all,2017,grad7p,81.0,300
FR,eth_x_pell,unknown,pell,all,2017,gradgpa_mean,3.491,241
FR,eth_x_pell,unknown,pell,all,2017,ret1,90.0,300
FR,eth_x_pell,unknown,pell,all,2017,ttd_mean,4.1,
FR,eth_x_pell,unknown,pell,all,2018,grad3,4.5,335
FR,eth_x_pell,unknown,pell,all,2018,grad4,69.3,335
FR,eth_x_pell,unknown,pell,all,2018,grad5,84.8,335
FR,eth_x_pell,unknown,pell,all,2018,grad6,87.2,335
FR,eth_x_pell,unknown,pell,all,2018,grad6_nonuc,89.6,
FR,eth_x_pell,unknown,pell,all,2018,grad7p,87.8,335
FR,eth_x_pell,unknown,pell,all,2018,gradgpa_mean,3.378,284
FR,eth_x_pell,unknown,pell,all,2018,ret1,91.9,335
FR,eth_x_pell,unknown,pell,all,2018,ttd_mean,4.12,
FR,eth_x_pell,unknown,pell,all,2019,grad3,4.3,255
FR,eth_x_pell,unknown,pell,all,2019,grad4,65.1,255
FR,eth_x_pell,unknown,pell,all,2019,grad5,79.6,255
FR,eth_x_pell,unknown,pell,all,2019,grad6,82.0,255
FR,eth_x_pell,unknown,pell,all,2019,grad6_nonuc,83.9,
FR,eth_x_pell,unknown,pell,all,2019,gradgpa_mean,3.368,203
FR,eth_x_pell,unknown,pell,all,2019,ret1,91.4,255
FR,eth_x_pell,unknown,pell,all,2020,grad3,6.9,288
FR,eth_x_pell,unknown,pell,all,2020,grad4,70.8,288
FR,eth_x_pell,unknown,pell,all,2020,grad5,81.6,288
FR,eth_x_pell,unknown,pell,all,2020,gradgpa_mean,3.451,235
FR,eth_x_pell,unknown,pell,all,2020,ret1,92.7,288
FR,eth_x_pell,unknown,pell,all,2021,grad3,4.5,244
FR,eth_x_pell,unknown,pell,all,2021,grad4,75.4,244
FR,eth_x_pell,unknown,pell,all,2021,gradgpa_mean,3.554,184
FR,eth_x_pell,unknown,pell,all,2021,ret1,94.7,244
FR,eth_x_pell,unknown,pell,all,2022,grad3,10.5,210
FR,eth_x_pell,unknown,pell,all,2022,gradgpa_mean,3.52,22
FR,eth_x_pell,unknown,pell,all,2022,ret1,91.9,210
FR,eth_x_pell,unknown,pell,all,2023,ret1,88.7,247
FR,eth_x_pell,unknown,pell,all,2024,ret1,92.7,234
FR,eth_x_pell,white,non_pell,all,2003,grad3,3.0,9224
FR,eth_x_pell,white,non_pell,all,2003,grad4,61.7,9224
FR,eth_x_pell,white,non_pell,all,2003,grad5,81.2,9224
FR,eth_x_pell,white,non_pell,all,2003,grad6,84.0,9224
FR,eth_x_pell,white,non_pell,all,2003,grad7p,85.0,9224
FR,eth_x_pell,white,non_pell,all,2003,gradgpa_mean,3.381,7752
FR,eth_x_pell,white,non_pell,all,2003,ret1,90.6,9224
FR,eth_x_pell,white,non_pell,all,2003,ttd_mean,4.17,
FR,eth_x_pell,white,non_pell,all,2004,grad3,3.1,8360
FR,eth_x_pell,white,non_pell,all,2004,grad4,63.4,8360
FR,eth_x_pell,white,non_pell,all,2004,grad5,82.1,8360
FR,eth_x_pell,white,non_pell,all,2004,grad6,84.8,8360
FR,eth_x_pell,white,non_pell,all,2004,grad7p,85.5,8360
FR,eth_x_pell,white,non_pell,all,2004,gradgpa_mean,3.417,7086
FR,eth_x_pell,white,non_pell,all,2004,ret1,91.3,8360
FR,eth_x_pell,white,non_pell,all,2004,ttd_mean,4.16,
FR,eth_x_pell,white,non_pell,all,2005,grad3,3.4,8839
FR,eth_x_pell,white,non_pell,all,2005,grad4,66.9,8839
FR,eth_x_pell,white,non_pell,all,2005,grad5,84.1,8839
FR,eth_x_pell,white,non_pell,all,2005,grad6,86.3,8839
FR,eth_x_pell,white,non_pell,all,2005,grad7p,87.0,8839
FR,eth_x_pell,white,non_pell,all,2005,gradgpa_mean,3.427,7631
FR,eth_x_pell,white,non_pell,all,2005,ret1,92.1,8839
FR,eth_x_pell,white,non_pell,all,2005,ttd_mean,4.12,
FR,eth_x_pell,white,non_pell,all,2006,grad3,3.2,9395
FR,eth_x_pell,white,non_pell,all,2006,grad4,68.0,9395
FR,eth_x_pell,white,non_pell,all,2006,grad5,84.0,9395
FR,eth_x_pell,white,non_pell,all,2006,grad6,86.4,9395
FR,eth_x_pell,white,non_pell,all,2006,grad7p,87.2,9395
FR,eth_x_pell,white,non_pell,all,2006,gradgpa_mean,3.411,8116
FR,eth_x_pell,white,non_pell,all,2006,ret1,92.3,9395
FR,eth_x_pell,white,non_pell,all,2006,ttd_mean,4.12,
FR,eth_x_pell,white,non_pell,all,2007,grad3,4.1,8780
FR,eth_x_pell,white,non_pell,all,2007,grad4,68.1,8780
FR,eth_x_pell,white,non_pell,all,2007,grad5,83.2,8780
FR,eth_x_pell,white,non_pell,all,2007,grad6,85.6,8780
FR,eth_x_pell,white,non_pell,all,2007,grad7p,86.4,8780
FR,eth_x_pell,white,non_pell,all,2007,gradgpa_mean,3.4,7512
FR,eth_x_pell,white,non_pell,all,2007,ret1,91.3,8780
FR,eth_x_pell,white,non_pell,all,2007,ttd_mean,4.1,
FR,eth_x_pell,white,non_pell,all,2008,grad3,4.1,8817
FR,eth_x_pell,white,non_pell,all,2008,grad4,69.3,8817
FR,eth_x_pell,white,non_pell,all,2008,grad5,84.5,8817
FR,eth_x_pell,white,non_pell,all,2008,grad6,86.5,8817
FR,eth_x_pell,white,non_pell,all,2008,grad7p,87.2,8817
FR,eth_x_pell,white,non_pell,all,2008,gradgpa_mean,3.401,7629
FR,eth_x_pell,white,non_pell,all,2008,ret1,91.9,8817
FR,eth_x_pell,white,non_pell,all,2008,ttd_mean,4.08,
FR,eth_x_pell,white,non_pell,all,2009,grad3,4.0,7666
FR,eth_x_pell,white,non_pell,all,2009,grad4,71.4,7666
FR,eth_x_pell,white,non_pell,all,2009,grad5,85.3,7666
FR,eth_x_pell,white,non_pell,all,2009,grad6,87.1,7666
FR,eth_x_pell,white,non_pell,all,2009,grad7p,87.8,7666
FR,eth_x_pell,white,non_pell,all,2009,gradgpa_mean,3.406,6676
FR,eth_x_pell,white,non_pell,all,2009,ret1,92.7,7666
FR,eth_x_pell,white,non_pell,all,2009,ttd_mean,4.07,
FR,eth_x_pell,white,non_pell,all,2010,grad3,3.5,6774
FR,eth_x_pell,white,non_pell,all,2010,grad4,70.5,6774
FR,eth_x_pell,white,non_pell,all,2010,grad5,85.4,6774
FR,eth_x_pell,white,non_pell,all,2010,grad6,87.6,6774
FR,eth_x_pell,white,non_pell,all,2010,grad6_nonuc,87.6,
FR,eth_x_pell,white,non_pell,all,2010,grad7p,88.2,6774
FR,eth_x_pell,white,non_pell,all,2010,gradgpa_mean,3.425,5932
FR,eth_x_pell,white,non_pell,all,2010,ret1,93.6,6774
FR,eth_x_pell,white,non_pell,all,2010,ttd_mean,4.09,
FR,eth_x_pell,white,non_pell,all,2011,grad3,4.1,6747
FR,eth_x_pell,white,non_pell,all,2011,grad4,71.6,6747
FR,eth_x_pell,white,non_pell,all,2011,grad5,86.0,6747
FR,eth_x_pell,white,non_pell,all,2011,grad6,87.8,6747
FR,eth_x_pell,white,non_pell,all,2011,grad6_nonuc,91.3,
FR,eth_x_pell,white,non_pell,all,2011,grad7p,88.5,6747
FR,eth_x_pell,white,non_pell,all,2011,gradgpa_mean,3.415,5924
FR,eth_x_pell,white,non_pell,all,2011,ret1,93.5,6747
FR,eth_x_pell,white,non_pell,all,2011,ttd_mean,4.07,
FR,eth_x_pell,white,non_pell,all,2012,grad3,3.2,6435
FR,eth_x_pell,white,non_pell,all,2012,grad4,70.8,6435
FR,eth_x_pell,white,non_pell,all,2012,grad5,84.8,6435
FR,eth_x_pell,white,non_pell,all,2012,grad6,86.7,6435
FR,eth_x_pell,white,non_pell,all,2012,grad6_nonuc,90.6,
FR,eth_x_pell,white,non_pell,all,2012,grad7p,87.1,6435
FR,eth_x_pell,white,non_pell,all,2012,gradgpa_mean,3.436,5577
FR,eth_x_pell,white,non_pell,all,2012,ret1,92.7,6435
FR,eth_x_pell,white,non_pell,all,2012,ttd_mean,4.07,
FR,eth_x_pell,white,non_pell,all,2013,grad3,3.6,6634
FR,eth_x_pell,white,non_pell,all,2013,grad4,73.8,6634
FR,eth_x_pell,white,non_pell,all,2013,grad5,87.1,6634
FR,eth_x_pell,white,non_pell,all,2013,grad6,88.7,6634
FR,eth_x_pell,white,non_pell,all,2013,grad6_nonuc,92.0,
FR,eth_x_pell,white,non_pell,all,2013,grad7p,89.3,6634
FR,eth_x_pell,white,non_pell,all,2013,gradgpa_mean,3.475,5885
FR,eth_x_pell,white,non_pell,all,2013,ret1,92.8,6634
FR,eth_x_pell,white,non_pell,all,2013,ttd_mean,4.06,
FR,eth_x_pell,white,non_pell,all,2014,grad3,4.1,6626
FR,eth_x_pell,white,non_pell,all,2014,grad4,75.6,6626
FR,eth_x_pell,white,non_pell,all,2014,grad5,87.4,6626
FR,eth_x_pell,white,non_pell,all,2014,grad6,89.0,6626
FR,eth_x_pell,white,non_pell,all,2014,grad6_nonuc,92.4,
FR,eth_x_pell,white,non_pell,all,2014,grad7p,89.6,6626
FR,eth_x_pell,white,non_pell,all,2014,gradgpa_mean,3.486,5900
FR,eth_x_pell,white,non_pell,all,2014,ret1,93.7,6626
FR,eth_x_pell,white,non_pell,all,2014,ttd_mean,4.04,
FR,eth_x_pell,white,non_pell,all,2015,grad3,4.9,6467
FR,eth_x_pell,white,non_pell,all,2015,grad4,75.9,6467
FR,eth_x_pell,white,non_pell,all,2015,grad5,87.6,6467
FR,eth_x_pell,white,non_pell,all,2015,grad6,89.2,6467
FR,eth_x_pell,white,non_pell,all,2015,grad6_nonuc,92.7,
FR,eth_x_pell,white,non_pell,all,2015,grad7p,89.6,6467
FR,eth_x_pell,white,non_pell,all,2015,gradgpa_mean,3.506,5766
FR,eth_x_pell,white,non_pell,all,2015,ret1,93.2,6467
FR,eth_x_pell,white,non_pell,all,2015,ttd_mean,4.02,
FR,eth_x_pell,white,non_pell,all,2016,grad3,5.1,7286
FR,eth_x_pell,white,non_pell,all,2016,grad4,77.5,7286
FR,eth_x_pell,white,non_pell,all,2016,grad5,87.7,7286
FR,eth_x_pell,white,non_pell,all,2016,grad6,89.0,7286
FR,eth_x_pell,white,non_pell,all,2016,grad6_nonuc,92.4,
FR,eth_x_pell,white,non_pell,all,2016,grad7p,89.2,7286
FR,eth_x_pell,white,non_pell,all,2016,gradgpa_mean,3.566,6482
FR,eth_x_pell,white,non_pell,all,2016,ret1,93.2,7286
FR,eth_x_pell,white,non_pell,all,2016,ttd_mean,3.99,
FR,eth_x_pell,white,non_pell,all,2017,grad3,6.2,6938
FR,eth_x_pell,white,non_pell,all,2017,grad4,76.6,6938
FR,eth_x_pell,white,non_pell,all,2017,grad5,86.9,6938
FR,eth_x_pell,white,non_pell,all,2017,grad6,88.5,6938
FR,eth_x_pell,white,non_pell,all,2017,grad6_nonuc,92.2,
FR,eth_x_pell,white,non_pell,all,2017,grad7p,89.0,6938
FR,eth_x_pell,white,non_pell,all,2017,gradgpa_mean,3.64,6137
FR,eth_x_pell,white,non_pell,all,2017,ret1,92.9,6938
FR,eth_x_pell,white,non_pell,all,2017,ttd_mean,3.98,
FR,eth_x_pell,white,non_pell,all,2018,grad3,6.9,6769
FR,eth_x_pell,white,non_pell,all,2018,grad4,76.6,6769
FR,eth_x_pell,white,non_pell,all,2018,grad5,87.1,6769
FR,eth_x_pell,white,non_pell,all,2018,grad6,88.5,6769
FR,eth_x_pell,white,non_pell,all,2018,grad6_nonuc,92.1,
FR,eth_x_pell,white,non_pell,all,2018,grad7p,89.1,6769
FR,eth_x_pell,white,non_pell,all,2018,gradgpa_mean,3.589,5993
FR,eth_x_pell,white,non_pell,all,2018,ret1,93.2,6769
FR,eth_x_pell,white,non_pell,all,2018,ttd_mean,3.98,
FR,eth_x_pell,white,non_pell,all,2019,grad3,6.6,6850
FR,eth_x_pell,white,non_pell,all,2019,grad4,77.6,6850
FR,eth_x_pell,white,non_pell,all,2019,grad5,87.5,6850
FR,eth_x_pell,white,non_pell,all,2019,grad6,88.7,6850
FR,eth_x_pell,white,non_pell,all,2019,grad6_nonuc,92.4,
FR,eth_x_pell,white,non_pell,all,2019,gradgpa_mean,3.579,6077
FR,eth_x_pell,white,non_pell,all,2019,ret1,91.1,6850
FR,eth_x_pell,white,non_pell,all,2020,grad3,5.7,6854
FR,eth_x_pell,white,non_pell,all,2020,grad4,78.1,6854
FR,eth_x_pell,white,non_pell,all,2020,grad5,87.3,6854
FR,eth_x_pell,white,non_pell,all,2020,gradgpa_mean,3.565,5981
FR,eth_x_pell,white,non_pell,all,2020,ret1,94.5,6854
FR,eth_x_pell,white,non_pell,all,2021,grad3,7.0,7996
FR,eth_x_pell,white,non_pell,all,2021,grad4,79.7,7996
FR,eth_x_pell,white,non_pell,all,2021,gradgpa_mean,3.631,6375
FR,eth_x_pell,white,non_pell,all,2021,ret1,92.3,7996
FR,eth_x_pell,white,non_pell,all,2022,grad3,8.1,6904
FR,eth_x_pell,white,non_pell,all,2022,gradgpa_mean,3.62,560
FR,eth_x_pell,white,non_pell,all,2022,ret1,93.4,6904
FR,eth_x_pell,white,non_pell,all,2023,ret1,93.6,7121
FR,eth_x_pell,white,non_pell,all,2024,ret1,94.8,7053
FR,eth_x_pell,white,pell,all,2003,grad3,2.8,2039
FR,eth_x_pell,white,pell,all,2003,grad4,52.9,2039
FR,eth_x_pell,white,pell,all,2003,grad5,72.7,2039
FR,eth_x_pell,white,pell,all,2003,grad6,77.2,2039
FR,eth_x_pell,white,pell,all,2003,grad7p,79.6,2039
FR,eth_x_pell,white,pell,all,2003,gradgpa_mean,3.345,1574
FR,eth_x_pell,white,pell,all,2003,ret1,90.4,2039
FR,eth_x_pell,white,pell,all,2003,ttd_mean,4.31,
FR,eth_x_pell,white,pell,all,2004,grad3,2.9,1799
FR,eth_x_pell,white,pell,all,2004,grad4,56.7,1799
FR,eth_x_pell,white,pell,all,2004,grad5,75.8,1799
FR,eth_x_pell,white,pell,all,2004,grad6,80.8,1799
FR,eth_x_pell,white,pell,all,2004,grad7p,82.8,1799
FR,eth_x_pell,white,pell,all,2004,gradgpa_mean,3.323,1454
FR,eth_x_pell,white,pell,all,2004,ret1,91.3,1799
FR,eth_x_pell,white,pell,all,2004,ttd_mean,4.27,
FR,eth_x_pell,white,pell,all,2005,grad3,2.8,1899
FR,eth_x_pell,white,pell,all,2005,grad4,55.6,1899
FR,eth_x_pell,white,pell,all,2005,grad5,76.0,1899
FR,eth_x_pell,white,pell,all,2005,grad6,79.6,1899
FR,eth_x_pell,white,pell,all,2005,grad7p,82.3,1899
FR,eth_x_pell,white,pell,all,2005,gradgpa_mean,3.351,1511
FR,eth_x_pell,white,pell,all,2005,ret1,90.6,1899
FR,eth_x_pell,white,pell,all,2005,ttd_mean,4.29,
FR,eth_x_pell,white,pell,all,2006,grad3,2.4,2078
FR,eth_x_pell,white,pell,all,2006,grad4,57.0,2078
FR,eth_x_pell,white,pell,all,2006,grad5,77.7,2078
FR,eth_x_pell,white,pell,all,2006,grad6,82.2,2078
FR,eth_x_pell,white,pell,all,2006,grad7p,84.2,2078
FR,eth_x_pell,white,pell,all,2006,gradgpa_mean,3.347,1708
FR,eth_x_pell,white,pell,all,2006,ret1,91.8,2078
FR,eth_x_pell,white,pell,all,2006,ttd_mean,4.28,
FR,eth_x_pell,white,pell,all,2007,grad3,2.8,2352
FR,eth_x_pell,white,pell,all,2007,grad4,57.1,2352
FR,eth_x_pell,white,pell,all,2007,grad5,77.4,2352
FR,eth_x_pell,white,pell,all,2007,grad6,81.8,2352
FR,eth_x_pell,white,pell,all,2007,grad7p,83.9,2352
FR,eth_x_pell,white,pell,all,2007,gradgpa_mean,3.338,1924
FR,eth_x_pell,white,pell,all,2007,ret1,92.1,2352
FR,eth_x_pell,white,pell,all,2007,ttd_mean,4.28,
FR,eth_x_pell,white,pell,all,2008,grad3,3.0,2514
FR,eth_x_pell,white,pell,all,2008,grad4,62.0,2514
FR,eth_x_pell,white,pell,all,2008,grad5,80.2,2514
FR,eth_x_pell,white,pell,all,2008,grad6,83.9,2514
FR,eth_x_pell,white,pell,all,2008,grad7p,85.5,2514
FR,eth_x_pell,white,pell,all,2008,gradgpa_mean,3.318,2108
FR,eth_x_pell,white,pell,all,2008,ret1,94.0,2514
FR,eth_x_pell,white,pell,all,2008,ttd_mean,4.22,
FR,eth_x_pell,white,pell,all,2009,grad3,3.0,2526
FR,eth_x_pell,white,pell,all,2009,grad4,61.9,2526
FR,eth_x_pell,white,pell,all,2009,grad5,80.3,2526
FR,eth_x_pell,white,pell,all,2009,grad6,83.7,2526
FR,eth_x_pell,white,pell,all,2009,grad7p,85.2,2526
FR,eth_x_pell,white,pell,all,2009,gradgpa_mean,3.337,2115
FR,eth_x_pell,white,pell,all,2009,ret1,93.6,2526
FR,eth_x_pell,white,pell,all,2009,ttd_mean,4.21,
FR,eth_x_pell,white,pell,all,2010,grad3,3.3,2447
FR,eth_x_pell,white,pell,all,2010,grad4,61.6,2447
FR,eth_x_pell,white,pell,all,2010,grad5,80.6,2447
FR,eth_x_pell,white,pell,all,2010,grad6,83.1,2447
FR,eth_x_pell,white,pell,all,2010,grad6_nonuc,83.1,
FR,eth_x_pell,white,pell,all,2010,grad7p,84.6,2447
FR,eth_x_pell,white,pell,all,2010,gradgpa_mean,3.33,2034
FR,eth_x_pell,white,pell,all,2010,ret1,92.3,2447
FR,eth_x_pell,white,pell,all,2010,ttd_mean,4.2,
FR,eth_x_pell,white,pell,all,2011,grad3,2.9,2563
FR,eth_x_pell,white,pell,all,2011,grad4,63.9,2563
FR,eth_x_pell,white,pell,all,2011,grad5,81.0,2563
FR,eth_x_pell,white,pell,all,2011,grad6,84.0,2563
FR,eth_x_pell,white,pell,all,2011,grad6_nonuc,85.8,
FR,eth_x_pell,white,pell,all,2011,grad7p,85.3,2563
FR,eth_x_pell,white,pell,all,2011,gradgpa_mean,3.317,2153
FR,eth_x_pell,white,pell,all,2011,ret1,92.5,2563
FR,eth_x_pell,white,pell,all,2011,ttd_mean,4.18,
FR,eth_x_pell,white,pell,all,2012,grad3,2.6,2635
FR,eth_x_pell,white,pell,all,2012,grad4,62.6,2635
FR,eth_x_pell,white,pell,all,2012,grad5,79.7,2635
FR,eth_x_pell,white,pell,all,2012,grad6,82.4,2635
FR,eth_x_pell,white,pell,all,2012,grad6_nonuc,84.9,
FR,eth_x_pell,white,pell,all,2012,grad7p,84.0,2635
FR,eth_x_pell,white,pell,all,2012,gradgpa_mean,3.345,2171
FR,eth_x_pell,white,pell,all,2012,ret1,92.2,2635
FR,eth_x_pell,white,pell,all,2012,ttd_mean,4.19,
FR,eth_x_pell,white,pell,all,2013,grad3,2.8,2562
FR,eth_x_pell,white,pell,all,2013,grad4,63.6,2562
FR,eth_x_pell,white,pell,all,2013,grad5,80.3,2562
FR,eth_x_pell,white,pell,all,2013,grad6,83.7,2562
FR,eth_x_pell,white,pell,all,2013,grad6_nonuc,86.5,
FR,eth_x_pell,white,pell,all,2013,grad7p,85.0,2562
FR,eth_x_pell,white,pell,all,2013,gradgpa_mean,3.383,2144
FR,eth_x_pell,white,pell,all,2013,ret1,92.4,2562
FR,eth_x_pell,white,pell,all,2013,ttd_mean,4.19,
FR,eth_x_pell,white,pell,all,2014,grad3,3.5,2503
FR,eth_x_pell,white,pell,all,2014,grad4,68.0,2503
FR,eth_x_pell,white,pell,all,2014,grad5,81.7,2503
FR,eth_x_pell,white,pell,all,2014,grad6,84.7,2503
FR,eth_x_pell,white,pell,all,2014,grad6_nonuc,87.0,
FR,eth_x_pell,white,pell,all,2014,grad7p,85.8,2503
FR,eth_x_pell,white,pell,all,2014,gradgpa_mean,3.424,2119
FR,eth_x_pell,white,pell,all,2014,ret1,93.1,2503
FR,eth_x_pell,white,pell,all,2014,ttd_mean,4.14,
FR,eth_x_pell,white,pell,all,2015,grad3,3.6,2298
FR,eth_x_pell,white,pell,all,2015,grad4,65.7,2298
FR,eth_x_pell,white,pell,all,2015,grad5,82.4,2298
FR,eth_x_pell,white,pell,all,2015,grad6,84.7,2298
FR,eth_x_pell,white,pell,all,2015,grad6_nonuc,87.7,
FR,eth_x_pell,white,pell,all,2015,grad7p,86.0,2298
FR,eth_x_pell,white,pell,all,2015,gradgpa_mean,3.419,1946
FR,eth_x_pell,white,pell,all,2015,ret1,93.1,2298
FR,eth_x_pell,white,pell,all,2015,ttd_mean,4.15,
FR,eth_x_pell,white,pell,all,2016,grad3,3.2,2524
FR,eth_x_pell,white,pell,all,2016,grad4,68.3,2524
FR,eth_x_pell,white,pell,all,2016,grad5,83.3,2524
FR,eth_x_pell,white,pell,all,2016,grad6,85.4,2524
FR,eth_x_pell,white,pell,all,2016,grad6_nonuc,87.3,
FR,eth_x_pell,white,pell,all,2016,grad7p,86.2,2524
FR,eth_x_pell,white,pell,all,2016,gradgpa_mean,3.538,2156
FR,eth_x_pell,white,pell,all,2016,ret1,92.6,2524
FR,eth_x_pell,white,pell,all,2016,ttd_mean,4.12,
FR,eth_x_pell,white,pell,all,2017,grad3,4.5,2385
FR,eth_x_pell,white,pell,all,2017,grad4,69.5,2385
FR,eth_x_pell,white,pell,all,2017,grad5,81.1,2385
FR,eth_x_pell,white,pell,all,2017,grad6,83.4,2385
FR,eth_x_pell,white,pell,all,2017,grad6_nonuc,86.0,
FR,eth_x_pell,white,pell,all,2017,grad7p,84.3,2385
FR,eth_x_pell,white,pell,all,2017,gradgpa_mean,3.565,1989
FR,eth_x_pell,white,pell,all,2017,ret1,92.3,2385
FR,eth_x_pell,white,pell,all,2017,ttd_mean,4.07,
FR,eth_x_pell,white,pell,all,2018,grad3,6.2,2128
FR,eth_x_pell,white,pell,all,2018,grad4,69.8,2128
FR,eth_x_pell,white,pell,all,2018,grad5,82.6,2128
FR,eth_x_pell,white,pell,all,2018,grad6,85.2,2128
FR,eth_x_pell,white,pell,all,2018,grad6_nonuc,87.7,
FR,eth_x_pell,white,pell,all,2018,grad7p,86.6,2128
FR,eth_x_pell,white,pell,all,2018,gradgpa_mean,3.528,1813
FR,eth_x_pell,white,pell,all,2018,ret1,92.2,2128
FR,eth_x_pell,white,pell,all,2018,ttd_mean,4.08,
FR,eth_x_pell,white,pell,all,2019,grad3,6.6,2058
FR,eth_x_pell,white,pell,all,2019,grad4,72.8,2058
FR,eth_x_pell,white,pell,all,2019,grad5,84.2,2058
FR,eth_x_pell,white,pell,all,2019,grad6,86.2,2058
FR,eth_x_pell,white,pell,all,2019,grad6_nonuc,88.3,
FR,eth_x_pell,white,pell,all,2019,gradgpa_mean,3.49,1774
FR,eth_x_pell,white,pell,all,2019,ret1,92.7,2058
FR,eth_x_pell,white,pell,all,2020,grad3,5.7,2018
FR,eth_x_pell,white,pell,all,2020,grad4,71.5,2018
FR,eth_x_pell,white,pell,all,2020,grad5,82.8,2018
FR,eth_x_pell,white,pell,all,2020,gradgpa_mean,3.513,1671
FR,eth_x_pell,white,pell,all,2020,ret1,92.6,2018
FR,eth_x_pell,white,pell,all,2021,grad3,6.6,2204
FR,eth_x_pell,white,pell,all,2021,grad4,73.9,2204
FR,eth_x_pell,white,pell,all,2021,gradgpa_mean,3.574,1628
FR,eth_x_pell,white,pell,all,2021,ret1,92.3,2204
FR,eth_x_pell,white,pell,all,2022,grad3,9.3,1947
FR,eth_x_pell,white,pell,all,2022,gradgpa_mean,3.6,181
FR,eth_x_pell,white,pell,all,2022,ret1,93.5,1947
FR,eth_x_pell,white,pell,all,2023,ret1,92.7,1932
FR,eth_x_pell,white,pell,all,2024,ret1,92.9,1715
TR,all,all,all,all,1999,grad2,41.4,7719
TR,all,all,all,all,1999,grad3,73.9,7719
TR,all,all,all,all,1999,grad4,81.9,7719
TR,all,all,all,all,1999,grad5p,84.3,7719
TR,all,all,all,all,1999,gradgpa_mean,3.149,6504
TR,all,all,all,all,1999,ret1,90.2,7719
TR,all,all,all,all,1999,ttd_mean,2.58,
TR,all,all,all,all,2000,grad2,42.2,10627
TR,all,all,all,all,2000,grad3,75.1,10627
TR,all,all,all,all,2000,grad4,82.7,10627
TR,all,all,all,all,2000,grad5p,84.9,10627
TR,all,all,all,all,2000,gradgpa_mean,3.184,9021
TR,all,all,all,all,2000,ret1,90.2,10627
TR,all,all,all,all,2000,ttd_mean,2.55,
TR,all,all,all,all,2001,grad2,43.5,11578
TR,all,all,all,all,2001,grad3,75.3,11578
TR,all,all,all,all,2001,grad4,83.0,11578
TR,all,all,all,all,2001,grad5p,85.1,11578
TR,all,all,all,all,2001,gradgpa_mean,3.192,9858
TR,all,all,all,all,2001,ret1,90.8,11578
TR,all,all,all,all,2001,ttd_mean,2.55,
TR,all,all,all,all,2002,grad2,45.5,11875
TR,all,all,all,all,2002,grad3,77.0,11875
TR,all,all,all,all,2002,grad4,83.8,11875
TR,all,all,all,all,2002,grad5p,85.7,11875
TR,all,all,all,all,2002,gradgpa_mean,3.187,10181
TR,all,all,all,all,2002,ret1,90.7,11875
TR,all,all,all,all,2002,ttd_mean,2.52,
TR,all,all,all,all,2003,grad2,49.2,12742
TR,all,all,all,all,2003,grad3,78.5,12742
TR,all,all,all,all,2003,grad4,84.5,12742
TR,all,all,all,all,2003,grad5p,86.7,12742
TR,all,all,all,all,2003,gradgpa_mean,3.17,11042
TR,all,all,all,all,2003,ret1,91.3,12742
TR,all,all,all,all,2003,ttd_mean,2.47,
TR,all,all,all,all,2004,grad2,51.0,12864
TR,all,all,all,all,2004,grad3,79.4,12864
TR,all,all,all,all,2004,grad4,85.5,12864
TR,all,all,all,all,2004,grad5p,87.5,12864
TR,all,all,all,all,2004,gradgpa_mean,3.177,11253
TR,all,all,all,all,2004,ret1,91.6,12864
TR,all,all,all,all,2004,ttd_mean,2.43,
TR,all,all,all,all,2005,grad2,50.5,13181
TR,all,all,all,all,2005,grad3,79.8,13181
TR,all,all,all,all,2005,grad4,85.4,13181
TR,all,all,all,all,2005,grad5p,87.3,13181
TR,all,all,all,all,2005,gradgpa_mean,3.187,11502
TR,all,all,all,all,2005,ret1,91.4,13181
TR,all,all,all,all,2005,ttd_mean,2.45,
TR,all,all,all,all,2006,grad2,50.9,13330
TR,all,all,all,all,2006,grad3,79.7,13330
TR,all,all,all,all,2006,grad4,85.4,13330
TR,all,all,all,all,2006,grad5p,87.2,13330
TR,all,all,all,all,2006,gradgpa_mean,3.198,11624
TR,all,all,all,all,2006,ret1,91.7,13330
TR,all,all,all,all,2006,ttd_mean,2.44,
TR,all,all,all,all,2007,grad2,49.8,13382
TR,all,all,all,all,2007,grad3,79.0,13382
TR,all,all,all,all,2007,grad4,85.3,13382
TR,all,all,all,all,2007,grad5p,87.3,13382
TR,all,all,all,all,2007,gradgpa_mean,3.186,11676
TR,all,all,all,all,2007,ret1,91.2,13382
TR,all,all,all,all,2007,ttd_mean,2.45,
TR,all,all,all,all,2008,grad2,51.7,13837
TR,all,all,all,all,2008,grad3,80.5,13837
TR,all,all,all,all,2008,grad4,86.1,13837
TR,all,all,all,all,2008,grad5p,87.8,13837
TR,all,all,all,all,2008,gradgpa_mean,3.199,12150
TR,all,all,all,all,2008,ret1,92.0,13837
TR,all,all,all,all,2008,ttd_mean,2.43,
TR,all,all,all,all,2009,grad2,53.0,15143
TR,all,all,all,all,2009,grad3,81.0,15143
TR,all,all,all,all,2009,grad4,86.2,15143
TR,all,all,all,all,2009,grad5p,88.0,15143
TR,all,all,all,all,2009,gradgpa_mean,3.202,13321
TR,all,all,all,all,2009,ret1,91.9,15143
TR,all,all,all,all,2009,ttd_mean,2.4,
TR,all,all,all,all,2010,grad2,54.2,16763
TR,all,all,all,all,2010,grad3,82.2,16763
TR,all,all,all,all,2010,grad4,87.5,16763
TR,all,all,all,all,2010,grad5p,89.2,16763
TR,all,all,all,all,2010,gradgpa_mean,3.2,14946
TR,all,all,all,all,2010,ret1,92.3,16763
TR,all,all,all,all,2010,ttd_mean,2.39,
TR,all,all,all,all,2011,grad2,54.7,16968
TR,all,all,all,all,2011,grad3,82.9,16968
TR,all,all,all,all,2011,grad4,88.0,16968
TR,all,all,all,all,2011,grad5p,89.5,16968
TR,all,all,all,all,2011,gradgpa_mean,3.199,15194
TR,all,all,all,all,2011,ret1,92.7,16968
TR,all,all,all,all,2011,ttd_mean,2.4,
TR,all,all,all,all,2012,grad2,54.9,16395
TR,all,all,all,all,2012,grad3,83.5,16395
TR,all,all,all,all,2012,grad4,88.3,16395
TR,all,all,all,all,2012,grad5p,89.9,16395
TR,all,all,all,all,2012,gradgpa_mean,3.216,14744
TR,all,all,all,all,2012,ret1,93.2,16395
TR,all,all,all,all,2012,ttd_mean,2.39,
TR,all,all,all,all,2013,grad2,55.0,16785
TR,all,all,all,all,2013,grad3,83.8,16785
TR,all,all,all,all,2013,grad4,88.8,16785
TR,all,all,all,all,2013,grad5p,90.3,16785
TR,all,all,all,all,2013,gradgpa_mean,3.218,15164
TR,all,all,all,all,2013,ret1,93.3,16785
TR,all,all,all,all,2013,ttd_mean,2.39,
TR,all,all,all,all,2014,grad2,55.7,17040
TR,all,all,all,all,2014,grad3,84.3,17040
TR,all,all,all,all,2014,grad4,89.0,17040
TR,all,all,all,all,2014,grad5p,90.4,17040
TR,all,all,all,all,2014,gradgpa_mean,3.238,15400
TR,all,all,all,all,2014,ret1,92.9,17040
TR,all,all,all,all,2014,ttd_mean,2.38,
TR,all,all,all,all,2015,grad2,57.6,16940
TR,all,all,all,all,2015,grad3,84.4,16940
TR,all,all,all,all,2015,grad4,88.8,16940
TR,all,all,all,all,2015,grad5p,90.2,16940
TR,all,all,all,all,2015,gradgpa_mean,3.257,15279
TR,all,all,all,all,2015,ret1,92.9,16940
TR,all,all,all,all,2015,ttd_mean,2.36,
TR,all,all,all,all,2016,grad2,57.2,19474
TR,all,all,all,all,2016,grad3,83.6,19474
TR,all,all,all,all,2016,grad4,88.6,19474
TR,all,all,all,all,2016,grad5p,90.1,19474
TR,all,all,all,all,2016,gradgpa_mean,3.252,17538
TR,all,all,all,all,2016,ret1,92.7,19474
TR,all,all,all,all,2016,ttd_mean,2.36,
TR,all,all,all,all,2017,grad2,59.3,20009
TR,all,all,all,all,2017,grad3,84.7,20009
TR,all,all,all,all,2017,grad4,89.3,20009
TR,all,all,all,all,2017,grad5p,90.4,20009
TR,all,all,all,all,2017,gradgpa_mean,3.281,18090
TR,all,all,all,all,2017,ret1,92.9,20009
TR,all,all,all,all,2017,ttd_mean,2.32,
TR,all,all,all,all,2018,grad2,61.1,21044
TR,all,all,all,all,2018,grad3,85.6,21044
TR,all,all,all,all,2018,grad4,89.2,21044
TR,all,all,all,all,2018,grad5p,90.4,21044
TR,all,all,all,all,2018,gradgpa_mean,3.397,19033
TR,all,all,all,all,2018,ret1,92.6,21044
TR,all,all,all,all,2018,ttd_mean,2.29,
TR,all,all,all,all,2019,grad2,63.0,20874
TR,all,all,all,all,2019,grad3,85.7,20874
TR,all,all,all,all,2019,grad4,89.6,20874
TR,all,all,all,all,2019,grad5p,90.9,20874
TR,all,all,all,all,2019,gradgpa_mean,3.428,18978
TR,all,all,all,all,2019,ret1,92.9,20874
TR,all,all,all,all,2020,grad2,60.0,21777
TR,all,all,all,all,2020,grad3,83.3,21777
TR,all,all,all,all,2020,grad4,87.3,21777
TR,all,all,all,all,2020,grad5p,88.7,21777
TR,all,all,all,all,2020,gradgpa_mean,3.399,19324
TR,all,all,all,all,2020,ret1,91.2,21777
TR,all,all,all,all,2021,grad2,64.3,21586
TR,all,all,all,all,2021,grad3,85.6,21586
TR,all,all,all,all,2021,grad4,89.1,21586
TR,all,all,all,all,2021,gradgpa_mean,3.381,19236
TR,all,all,all,all,2021,ret1,92.8,21586
TR,all,all,all,all,2022,grad2,64.7,19631
TR,all,all,all,all,2022,grad3,86.1,19631
TR,all,all,all,all,2022,gradgpa_mean,3.39,16895
TR,all,all,all,all,2022,ret1,93.9,19631
TR,all,all,all,all,2023,grad2,66.7,19614
TR,all,all,all,all,2023,gradgpa_mean,3.46,13089
TR,all,all,all,all,2023,ret1,94.5,19614
TR,all,all,all,all,2024,ret1,94.7,20495
TR,eth,aian,all,all,1999,grad2,35.1,74
TR,eth,aian,all,all,1999,grad3,64.9,74
TR,eth,aian,all,all,1999,grad4,74.3,74
TR,eth,aian,all,all,1999,grad5p,74.3,74
TR,eth,aian,all,all,1999,gradgpa_mean,3.298,48
TR,eth,aian,all,all,1999,ret1,85.1,74
TR,eth,aian,all,all,1999,ttd_mean,2.67,
TR,eth,aian,all,all,2000,grad2,49.2,65
TR,eth,aian,all,all,2000,grad3,75.4,65
TR,eth,aian,all,all,2000,grad4,80.0,65
TR,eth,aian,all,all,2000,grad5p,86.2,65
TR,eth,aian,all,all,2000,gradgpa_mean,3.198,49
TR,eth,aian,all,all,2000,ret1,95.4,65
TR,eth,aian,all,all,2000,ttd_mean,2.57,
TR,eth,aian,all,all,2001,grad2,50.0,88
TR,eth,aian,all,all,2001,grad3,64.8,88
TR,eth,aian,all,all,2001,grad4,76.1,88
TR,eth,aian,all,all,2001,grad5p,77.3,88
TR,eth,aian,all,all,2001,gradgpa_mean,3.209,67
TR,eth,aian,all,all,2001,ret1,88.6,88
TR,eth,aian,all,all,2001,ttd_mean,2.43,
TR,eth,aian,all,all,2002,grad2,41.5,94
TR,eth,aian,all,all,2002,grad3,69.1,94
TR,eth,aian,all,all,2002,grad4,76.6,94
TR,eth,aian,all,all,2002,grad5p,78.7,94
TR,eth,aian,all,all,2002,gradgpa_mean,3.206,65
TR,eth,aian,all,all,2002,ret1,88.3,94
TR,eth,aian,all,all,2002,ttd_mean,2.55,
TR,eth,aian,all,all,2003,grad2,38.3,94
TR,eth,aian,all,all,2003,grad3,60.6,94
TR,eth,aian,all,all,2003,grad4,72.3,94
TR,eth,aian,all,all,2003,grad5p,76.6,94
TR,eth,aian,all,all,2003,gradgpa_mean,3.161,68
TR,eth,aian,all,all,2003,ret1,86.2,94
TR,eth,aian,all,all,2003,ttd_mean,2.84,
TR,eth,aian,all,all,2004,grad2,48.1,104
TR,eth,aian,all,all,2004,grad3,77.9,104
TR,eth,aian,all,all,2004,grad4,83.7,104
TR,eth,aian,all,all,2004,grad5p,85.6,104
TR,eth,aian,all,all,2004,gradgpa_mean,3.224,81
TR,eth,aian,all,all,2004,ret1,90.4,104
TR,eth,aian,all,all,2004,ttd_mean,2.46,
TR,eth,aian,all,all,2005,grad2,44.2,77
TR,eth,aian,all,all,2005,grad3,67.5,77
TR,eth,aian,all,all,2005,grad4,74.0,77
TR,eth,aian,all,all,2005,grad5p,75.3,77
TR,eth,aian,all,all,2005,gradgpa_mean,3.235,52
TR,eth,aian,all,all,2005,ret1,89.6,77
TR,eth,aian,all,all,2005,ttd_mean,2.53,
TR,eth,aian,all,all,2006,grad2,48.5,99
TR,eth,aian,all,all,2006,grad3,73.7,99
TR,eth,aian,all,all,2006,grad4,82.8,99
TR,eth,aian,all,all,2006,grad5p,85.9,99
TR,eth,aian,all,all,2006,gradgpa_mean,3.192,73
TR,eth,aian,all,all,2006,ret1,89.9,99
TR,eth,aian,all,all,2006,ttd_mean,2.48,
TR,eth,aian,all,all,2007,grad2,36.3,102
TR,eth,aian,all,all,2007,grad3,64.7,102
TR,eth,aian,all,all,2007,grad4,71.6,102
TR,eth,aian,all,all,2007,grad5p,77.5,102
TR,eth,aian,all,all,2007,gradgpa_mean,3.113,66
TR,eth,aian,all,all,2007,ret1,88.2,102
TR,eth,aian,all,all,2007,ttd_mean,2.58,
TR,eth,aian,all,all,2008,grad2,35.5,107
TR,eth,aian,all,all,2008,grad3,65.4,107
TR,eth,aian,all,all,2008,grad4,72.0,107
TR,eth,aian,all,all,2008,grad5p,76.6,107
TR,eth,aian,all,all,2008,gradgpa_mean,3.085,70
TR,eth,aian,all,all,2008,ret1,86.0,107
TR,eth,aian,all,all,2008,ttd_mean,2.77,
TR,eth,aian,all,all,2009,grad2,48.9,133
TR,eth,aian,all,all,2009,grad3,77.4,133
TR,eth,aian,all,all,2009,grad4,82.0,133
TR,eth,aian,all,all,2009,grad5p,86.5,133
TR,eth,aian,all,all,2009,gradgpa_mean,3.305,103
TR,eth,aian,all,all,2009,ret1,92.5,133
TR,eth,aian,all,all,2009,ttd_mean,2.54,
TR,eth,aian,all,all,2010,grad2,54.3,175
TR,eth,aian,all,all,2010,grad3,82.3,175
TR,eth,aian,all,all,2010,grad4,85.1,175
TR,eth,aian,all,all,2010,grad5p,87.4,175
TR,eth,aian,all,all,2010,gradgpa_mean,3.188,144
TR,eth,aian,all,all,2010,ret1,93.7,175
TR,eth,aian,all,all,2010,ttd_mean,2.38,
TR,eth,aian,all,all,2011,grad2,53.7,147
TR,eth,aian,all,all,2011,grad3,80.3,147
TR,eth,aian,all,all,2011,grad4,85.0,147
TR,eth,aian,all,all,2011,grad5p,85.0,147
TR,eth,aian,all,all,2011,gradgpa_mean,3.317,118
TR,eth,aian,all,all,2011,ret1,92.5,147
TR,eth,aian,all,all,2011,ttd_mean,2.4,
TR,eth,aian,all,all,2012,grad2,50.9,163
TR,eth,aian,all,all,2012,grad3,80.4,163
TR,eth,aian,all,all,2012,grad4,84.7,163
TR,eth,aian,all,all,2012,grad5p,85.9,163
TR,eth,aian,all,all,2012,gradgpa_mean,3.381,131
TR,eth,aian,all,all,2012,ret1,91.4,163
TR,eth,aian,all,all,2012,ttd_mean,2.43,
TR,eth,aian,all,all,2013,grad2,54.6,141
TR,eth,aian,all,all,2013,grad3,82.3,141
TR,eth,aian,all,all,2013,grad4,86.5,141
TR,eth,aian,all,all,2013,grad5p,87.2,141
TR,eth,aian,all,all,2013,gradgpa_mean,3.233,116
TR,eth,aian,all,all,2013,ret1,89.4,141
TR,eth,aian,all,all,2013,ttd_mean,2.43,
TR,eth,aian,all,all,2014,grad2,50.9,171
TR,eth,aian,all,all,2014,grad3,75.4,171
TR,eth,aian,all,all,2014,grad4,81.9,171
TR,eth,aian,all,all,2014,grad5p,84.8,171
TR,eth,aian,all,all,2014,gradgpa_mean,3.252,140
TR,eth,aian,all,all,2014,ret1,90.1,171
TR,eth,aian,all,all,2014,ttd_mean,2.49,
TR,eth,aian,all,all,2015,grad2,51.6,126
TR,eth,aian,all,all,2015,grad3,83.3,126
TR,eth,aian,all,all,2015,grad4,88.1,126
TR,eth,aian,all,all,2015,grad5p,88.9,126
TR,eth,aian,all,all,2015,gradgpa_mean,3.371,105
TR,eth,aian,all,all,2015,ret1,93.7,126
TR,eth,aian,all,all,2015,ttd_mean,2.45,
TR,eth,aian,all,all,2016,grad2,50.3,149
TR,eth,aian,all,all,2016,grad3,75.8,149
TR,eth,aian,all,all,2016,grad4,81.9,149
TR,eth,aian,all,all,2016,grad5p,83.9,149
TR,eth,aian,all,all,2016,gradgpa_mean,3.249,113
TR,eth,aian,all,all,2016,ret1,90.6,149
TR,eth,aian,all,all,2016,ttd_mean,2.43,
TR,eth,aian,all,all,2017,grad2,59.0,134
TR,eth,aian,all,all,2017,grad3,80.6,134
TR,eth,aian,all,all,2017,grad4,88.1,134
TR,eth,aian,all,all,2017,grad5p,89.6,134
TR,eth,aian,all,all,2017,gradgpa_mean,3.352,118
TR,eth,aian,all,all,2017,ret1,90.3,134
TR,eth,aian,all,all,2017,ttd_mean,2.38,
TR,eth,aian,all,all,2018,grad2,48.8,125
TR,eth,aian,all,all,2018,grad3,75.2,125
TR,eth,aian,all,all,2018,grad4,80.8,125
TR,eth,aian,all,all,2018,grad5p,83.2,125
TR,eth,aian,all,all,2018,gradgpa_mean,3.516,94
TR,eth,aian,all,all,2018,ret1,90.4,125
TR,eth,aian,all,all,2018,ttd_mean,2.43,
TR,eth,aian,all,all,2019,grad2,59.8,117
TR,eth,aian,all,all,2019,grad3,82.1,117
TR,eth,aian,all,all,2019,grad4,83.8,117
TR,eth,aian,all,all,2019,grad5p,87.2,117
TR,eth,aian,all,all,2019,gradgpa_mean,3.492,96
TR,eth,aian,all,all,2019,ret1,94.0,117
TR,eth,aian,all,all,2020,grad2,41.0,122
TR,eth,aian,all,all,2020,grad3,72.1,122
TR,eth,aian,all,all,2020,grad4,78.7,122
TR,eth,aian,all,all,2020,grad5p,82.0,122
TR,eth,aian,all,all,2020,gradgpa_mean,3.486,88
TR,eth,aian,all,all,2020,ret1,88.5,122
TR,eth,aian,all,all,2021,grad2,52.1,94
TR,eth,aian,all,all,2021,grad3,71.3,94
TR,eth,aian,all,all,2021,grad4,80.9,94
TR,eth,aian,all,all,2021,gradgpa_mean,3.522,67
TR,eth,aian,all,all,2021,ret1,85.1,94
TR,eth,aian,all,all,2022,grad2,65.2,141
TR,eth,aian,all,all,2022,grad3,85.1,141
TR,eth,aian,all,all,2022,gradgpa_mean,3.573,120
TR,eth,aian,all,all,2022,ret1,95.0,141
TR,eth,aian,all,all,2023,grad2,65.3,167
TR,eth,aian,all,all,2023,gradgpa_mean,3.54,109
TR,eth,aian,all,all,2023,ret1,94.0,167
TR,eth,aian,all,all,2024,ret1,92.6,162
TR,eth,asian_pi,all,all,1999,grad2,37.8,1584
TR,eth,asian_pi,all,all,1999,grad3,73.5,1584
TR,eth,asian_pi,all,all,1999,grad4,82.4,1584
TR,eth,asian_pi,all,all,1999,grad5p,85.0,1584
TR,eth,asian_pi,all,all,1999,gradgpa_mean,3.064,1346
TR,eth,asian_pi,all,all,1999,ret1,92.0,1584
TR,eth,asian_pi,all,all,1999,ttd_mean,2.61,
TR,eth,asian_pi,all,all,2000,grad2,37.3,2517
TR,eth,asian_pi,all,all,2000,grad3,74.0,2517
TR,eth,asian_pi,all,all,2000,grad4,82.7,2517
TR,eth,asian_pi,all,all,2000,grad5p,85.0,2517
TR,eth,asian_pi,all,all,2000,gradgpa_mean,3.078,2139
TR,eth,asian_pi,all,all,2000,ret1,91.2,2517
TR,eth,asian_pi,all,all,2000,ttd_mean,2.61,
TR,eth,asian_pi,all,all,2001,grad2,40.7,2780
TR,eth,asian_pi,all,all,2001,grad3,76.2,2780
TR,eth,asian_pi,all,all,2001,grad4,84.3,2780
TR,eth,asian_pi,all,all,2001,grad5p,86.8,2780
TR,eth,asian_pi,all,all,2001,gradgpa_mean,3.131,2413
TR,eth,asian_pi,all,all,2001,ret1,93.0,2780
TR,eth,asian_pi,all,all,2001,ttd_mean,2.59,
TR,eth,asian_pi,all,all,2002,grad2,43.7,3004
TR,eth,asian_pi,all,all,2002,grad3,77.8,3004
TR,eth,asian_pi,all,all,2002,grad4,85.0,3004
TR,eth,asian_pi,all,all,2002,grad5p,87.0,3004
TR,eth,asian_pi,all,all,2002,gradgpa_mean,3.11,2613
TR,eth,asian_pi,all,all,2002,ret1,92.6,3004
TR,eth,asian_pi,all,all,2002,ttd_mean,2.54,
TR,eth,asian_pi,all,all,2003,grad2,46.9,3106
TR,eth,asian_pi,all,all,2003,grad3,79.1,3106
TR,eth,asian_pi,all,all,2003,grad4,85.7,3106
TR,eth,asian_pi,all,all,2003,grad5p,87.7,3106
TR,eth,asian_pi,all,all,2003,gradgpa_mean,3.102,2723
TR,eth,asian_pi,all,all,2003,ret1,92.8,3106
TR,eth,asian_pi,all,all,2003,ttd_mean,2.5,
TR,eth,asian_pi,all,all,2004,grad2,50.1,3330
TR,eth,asian_pi,all,all,2004,grad3,79.7,3330
TR,eth,asian_pi,all,all,2004,grad4,86.4,3330
TR,eth,asian_pi,all,all,2004,grad5p,88.6,3330
TR,eth,asian_pi,all,all,2004,gradgpa_mean,3.079,2950
TR,eth,asian_pi,all,all,2004,ret1,93.1,3330
TR,eth,asian_pi,all,all,2004,ttd_mean,2.47,
TR,eth,asian_pi,all,all,2005,grad2,48.2,3639
TR,eth,asian_pi,all,all,2005,grad3,81.1,3639
TR,eth,asian_pi,all,all,2005,grad4,87.1,3639
TR,eth,asian_pi,all,all,2005,grad5p,88.8,3639
TR,eth,asian_pi,all,all,2005,gradgpa_mean,3.099,3233
TR,eth,asian_pi,all,all,2005,ret1,92.5,3639
TR,eth,asian_pi,all,all,2005,ttd_mean,2.46,
TR,eth,asian_pi,all,all,2006,grad2,50.0,3504
TR,eth,asian_pi,all,all,2006,grad3,80.7,3504
TR,eth,asian_pi,all,all,2006,grad4,86.4,3504
TR,eth,asian_pi,all,all,2006,grad5p,88.1,3504
TR,eth,asian_pi,all,all,2006,gradgpa_mean,3.091,3088
TR,eth,asian_pi,all,all,2006,ret1,92.9,3504
TR,eth,asian_pi,all,all,2006,ttd_mean,2.44,
TR,eth,asian_pi,all,all,2007,grad2,48.0,3624
TR,eth,asian_pi,all,all,2007,grad3,80.3,3624
TR,eth,asian_pi,all,all,2007,grad4,86.6,3624
TR,eth,asian_pi,all,all,2007,grad5p,88.4,3624
TR,eth,asian_pi,all,all,2007,gradgpa_mean,3.078,3203
TR,eth,asian_pi,all,all,2007,ret1,92.7,3624
TR,eth,asian_pi,all,all,2007,ttd_mean,2.46,
TR,eth,asian_pi,all,all,2008,grad2,48.5,3832
TR,eth,asian_pi,all,all,2008,grad3,80.6,3832
TR,eth,asian_pi,all,all,2008,grad4,86.5,3832
TR,eth,asian_pi,all,all,2008,grad5p,88.3,3832
TR,eth,asian_pi,all,all,2008,gradgpa_mean,3.151,3384
TR,eth,asian_pi,all,all,2008,ret1,92.7,3832
TR,eth,asian_pi,all,all,2008,ttd_mean,2.47,
TR,eth,asian_pi,all,all,2009,grad2,49.7,4050
TR,eth,asian_pi,all,all,2009,grad3,80.4,4050
TR,eth,asian_pi,all,all,2009,grad4,86.0,4050
TR,eth,asian_pi,all,all,2009,grad5p,87.6,4050
TR,eth,asian_pi,all,all,2009,gradgpa_mean,3.12,3549
TR,eth,asian_pi,all,all,2009,ret1,92.6,4050
TR,eth,asian_pi,all,all,2009,ttd_mean,2.45,
TR,eth,asian_pi,all,all,2010,grad2,52.5,4629
TR,eth,asian_pi,all,all,2010,grad3,83.2,4629
TR,eth,asian_pi,all,all,2010,grad4,88.7,4629
TR,eth,asian_pi,all,all,2010,grad5p,90.3,4629
TR,eth,asian_pi,all,all,2010,gradgpa_mean,3.13,4181
TR,eth,asian_pi,all,all,2010,ret1,93.6,4629
TR,eth,asian_pi,all,all,2010,ttd_mean,2.41,
TR,eth,asian_pi,all,all,2011,grad2,52.0,4800
TR,eth,asian_pi,all,all,2011,grad3,82.9,4800
TR,eth,asian_pi,all,all,2011,grad4,88.6,4800
TR,eth,asian_pi,all,all,2011,grad5p,90.0,4800
TR,eth,asian_pi,all,all,2011,gradgpa_mean,3.142,4322
TR,eth,asian_pi,all,all,2011,ret1,93.6,4800
TR,eth,asian_pi,all,all,2011,ttd_mean,2.42,
TR,eth,asian_pi,all,all,2012,grad2,53.6,4743
TR,eth,asian_pi,all,all,2012,grad3,84.4,4743
TR,eth,asian_pi,all,all,2012,grad4,89.4,4743
TR,eth,asian_pi,all,all,2012,grad5p,91.0,4743
TR,eth,asian_pi,all,all,2012,gradgpa_mean,3.154,4314
TR,eth,asian_pi,all,all,2012,ret1,94.0,4743
TR,eth,asian_pi,all,all,2012,ttd_mean,2.41,
TR,eth,asian_pi,all,all,2013,grad2,52.7,4520
TR,eth,asian_pi,all,all,2013,grad3,83.8,4520
TR,eth,asian_pi,all,all,2013,grad4,89.2,4520
TR,eth,asian_pi,all,all,2013,grad5p,90.4,4520
TR,eth,asian_pi,all,all,2013,gradgpa_mean,3.144,4086
TR,eth,asian_pi,all,all,2013,ret1,93.8,4520
TR,eth,asian_pi,all,all,2013,ttd_mean,2.41,
TR,eth,asian_pi,all,all,2014,grad2,53.3,4611
TR,eth,asian_pi,all,all,2014,grad3,85.1,4611
TR,eth,asian_pi,all,all,2014,grad4,90.0,4611
TR,eth,asian_pi,all,all,2014,grad5p,91.4,4611
TR,eth,asian_pi,all,all,2014,gradgpa_mean,3.192,4213
TR,eth,asian_pi,all,all,2014,ret1,93.9,4611
TR,eth,asian_pi,all,all,2014,ttd_mean,2.41,
TR,eth,asian_pi,all,all,2015,grad2,55.6,4491
TR,eth,asian_pi,all,all,2015,grad3,85.5,4491
TR,eth,asian_pi,all,all,2015,grad4,89.8,4491
TR,eth,asian_pi,all,all,2015,grad5p,91.0,4491
TR,eth,asian_pi,all,all,2015,gradgpa_mean,3.206,4089
TR,eth,asian_pi,all,all,2015,ret1,93.7,4491
TR,eth,asian_pi,all,all,2015,ttd_mean,2.38,
TR,eth,asian_pi,all,all,2016,grad2,53.8,5156
TR,eth,asian_pi,all,all,2016,grad3,84.0,5156
TR,eth,asian_pi,all,all,2016,grad4,89.5,5156
TR,eth,asian_pi,all,all,2016,grad5p,91.2,5156
TR,eth,asian_pi,all,all,2016,gradgpa_mean,3.199,4701
TR,eth,asian_pi,all,all,2016,ret1,93.3,5156
TR,eth,asian_pi,all,all,2016,ttd_mean,2.4,
TR,eth,asian_pi,all,all,2017,grad2,57.5,5316
TR,eth,asian_pi,all,all,2017,grad3,85.8,5316
TR,eth,asian_pi,all,all,2017,grad4,90.1,5316
TR,eth,asian_pi,all,all,2017,grad5p,91.3,5316
TR,eth,asian_pi,all,all,2017,gradgpa_mean,3.268,4851
TR,eth,asian_pi,all,all,2017,ret1,93.8,5316
TR,eth,asian_pi,all,all,2017,ttd_mean,2.34,
TR,eth,asian_pi,all,all,2018,grad2,58.4,5378
TR,eth,asian_pi,all,all,2018,grad3,86.8,5378
TR,eth,asian_pi,all,all,2018,grad4,90.5,5378
TR,eth,asian_pi,all,all,2018,grad5p,91.9,5378
TR,eth,asian_pi,all,all,2018,gradgpa_mean,3.386,4941
TR,eth,asian_pi,all,all,2018,ret1,93.2,5378
TR,eth,asian_pi,all,all,2018,ttd_mean,2.33,
TR,eth,asian_pi,all,all,2019,grad2,62.4,5467
TR,eth,asian_pi,all,all,2019,grad3,88.5,5467
TR,eth,asian_pi,all,all,2019,grad4,91.7,5467
TR,eth,asian_pi,all,all,2019,grad5p,92.6,5467
TR,eth,asian_pi,all,all,2019,gradgpa_mean,3.423,5063
TR,eth,asian_pi,all,all,2019,ret1,94.7,5467
TR,eth,asian_pi,all,all,2020,grad2,61.7,6000
TR,eth,asian_pi,all,all,2020,grad3,86.7,6000
TR,eth,asian_pi,all,all,2020,grad4,90.8,6000
TR,eth,asian_pi,all,all,2020,grad5p,91.8,6000
TR,eth,asian_pi,all,all,2020,gradgpa_mean,3.399,5508
TR,eth,asian_pi,all,all,2020,ret1,94.1,6000
TR,eth,asian_pi,all,all,2021,grad2,64.0,6403
TR,eth,asian_pi,all,all,2021,grad3,86.8,6403
TR,eth,asian_pi,all,all,2021,grad4,90.4,6403
TR,eth,asian_pi,all,all,2021,gradgpa_mean,3.362,5787
TR,eth,asian_pi,all,all,2021,ret1,94.1,6403
TR,eth,asian_pi,all,all,2022,grad2,63.3,6148
TR,eth,asian_pi,all,all,2022,grad3,86.9,6148
TR,eth,asian_pi,all,all,2022,gradgpa_mean,3.378,5342
TR,eth,asian_pi,all,all,2022,ret1,94.3,6148
TR,eth,asian_pi,all,all,2023,grad2,65.0,6276
TR,eth,asian_pi,all,all,2023,gradgpa_mean,3.46,4078
TR,eth,asian_pi,all,all,2023,ret1,95.1,6276
TR,eth,asian_pi,all,all,2024,ret1,95.7,6508
TR,eth,black,all,all,1999,grad2,29.4,211
TR,eth,black,all,all,1999,grad3,63.0,211
TR,eth,black,all,all,1999,grad4,73.0,211
TR,eth,black,all,all,1999,grad5p,79.1,211
TR,eth,black,all,all,1999,gradgpa_mean,3.015,167
TR,eth,black,all,all,1999,ret1,90.5,211
TR,eth,black,all,all,1999,ttd_mean,2.81,
TR,eth,black,all,all,2000,grad2,25.0,288
TR,eth,black,all,all,2000,grad3,53.1,288
TR,eth,black,all,all,2000,grad4,65.6,288
TR,eth,black,all,all,2000,grad5p,69.8,288
TR,eth,black,all,all,2000,gradgpa_mean,2.998,201
TR,eth,black,all,all,2000,ret1,84.7,288
TR,eth,black,all,all,2000,ttd_mean,2.93,
TR,eth,black,all,all,2001,grad2,30.3,310
TR,eth,black,all,all,2001,grad3,61.9,310
TR,eth,black,all,all,2001,grad4,73.2,310
TR,eth,black,all,all,2001,grad5p,76.5,310
TR,eth,black,all,all,2001,gradgpa_mean,3.055,237
TR,eth,black,all,all,2001,ret1,88.7,310
TR,eth,black,all,all,2001,ttd_mean,2.78,
TR,eth,black,all,all,2002,grad2,34.2,322
TR,eth,black,all,all,2002,grad3,66.1,322
TR,eth,black,all,all,2002,grad4,76.4,322
TR,eth,black,all,all,2002,grad5p,79.2,322
TR,eth,black,all,all,2002,gradgpa_mean,3.079,246
TR,eth,black,all,all,2002,ret1,90.4,322
TR,eth,black,all,all,2002,ttd_mean,2.72,
TR,eth,black,all,all,2003,grad2,37.3,338
TR,eth,black,all,all,2003,grad3,68.9,338
TR,eth,black,all,all,2003,grad4,76.9,338
TR,eth,black,all,all,2003,grad5p,79.6,338
TR,eth,black,all,all,2003,gradgpa_mean,3.094,260
TR,eth,black,all,all,2003,ret1,92.6,338
TR,eth,black,all,all,2003,ttd_mean,2.7,
TR,eth,black,all,all,2004,grad2,38.5,343
TR,eth,black,all,all,2004,grad3,67.3,343
TR,eth,black,all,all,2004,grad4,78.1,343
TR,eth,black,all,all,2004,grad5p,82.2,343
TR,eth,black,all,all,2004,gradgpa_mean,2.977,282
TR,eth,black,all,all,2004,ret1,88.6,343
TR,eth,black,all,all,2004,ttd_mean,2.64,
TR,eth,black,all,all,2005,grad2,40.5,370
TR,eth,black,all,all,2005,grad3,68.4,370
TR,eth,black,all,all,2005,grad4,75.7,370
TR,eth,black,all,all,2005,grad5p,78.6,370
TR,eth,black,all,all,2005,gradgpa_mean,3.079,291
TR,eth,black,all,all,2005,ret1,91.1,370
TR,eth,black,all,all,2005,ttd_mean,2.62,
TR,eth,black,all,all,2006,grad2,36.6,426
TR,eth,black,all,all,2006,grad3,64.6,426
TR,eth,black,all,all,2006,grad4,74.9,426
TR,eth,black,all,all,2006,grad5p,78.2,426
TR,eth,black,all,all,2006,gradgpa_mean,3.07,333
TR,eth,black,all,all,2006,ret1,87.3,426
TR,eth,black,all,all,2006,ttd_mean,2.67,
TR,eth,black,all,all,2007,grad2,37.3,434
TR,eth,black,all,all,2007,grad3,68.2,434
TR,eth,black,all,all,2007,grad4,77.0,434
TR,eth,black,all,all,2007,grad5p,81.6,434
TR,eth,black,all,all,2007,gradgpa_mean,3.137,354
TR,eth,black,all,all,2007,ret1,89.9,434
TR,eth,black,all,all,2007,ttd_mean,2.74,
TR,eth,black,all,all,2008,grad2,40.3,400
TR,eth,black,all,all,2008,grad3,70.0,400
TR,eth,black,all,all,2008,grad4,77.5,400
TR,eth,black,all,all,2008,grad5p,79.3,400
TR,eth,black,all,all,2008,gradgpa_mean,3.092,310
TR,eth,black,all,all,2008,ret1,90.3,400
TR,eth,black,all,all,2008,ttd_mean,2.6,
TR,eth,black,all,all,2009,grad2,39.4,472
TR,eth,black,all,all,2009,grad3,70.8,472
TR,eth,black,all,all,2009,grad4,77.5,472
TR,eth,black,all,all,2009,grad5p,79.4,472
TR,eth,black,all,all,2009,gradgpa_mean,3.08,366
TR,eth,black,all,all,2009,ret1,88.8,472
TR,eth,black,all,all,2009,ttd_mean,2.57,
TR,eth,black,all,all,2010,grad2,37.8,621
TR,eth,black,all,all,2010,grad3,73.6,621
TR,eth,black,all,all,2010,grad4,80.7,621
TR,eth,black,all,all,2010,grad5p,82.3,621
TR,eth,black,all,all,2010,gradgpa_mean,3.101,511
TR,eth,black,all,all,2010,ret1,89.5,621
TR,eth,black,all,all,2010,ttd_mean,2.59,
TR,eth,black,all,all,2011,grad2,45.6,570
TR,eth,black,all,all,2011,grad3,75.8,570
TR,eth,black,all,all,2011,grad4,83.7,570
TR,eth,black,all,all,2011,grad5p,86.1,570
TR,eth,black,all,all,2011,gradgpa_mean,3.075,491
TR,eth,black,all,all,2011,ret1,90.5,570
TR,eth,black,all,all,2011,ttd_mean,2.54,
TR,eth,black,all,all,2012,grad2,43.3,534
TR,eth,black,all,all,2012,grad3,75.1,534
TR,eth,black,all,all,2012,grad4,82.8,534
TR,eth,black,all,all,2012,grad5p,84.6,534
TR,eth,black,all,all,2012,gradgpa_mean,3.104,452
TR,eth,black,all,all,2012,ret1,90.6,534
TR,eth,black,all,all,2012,ttd_mean,2.56,
TR,eth,black,all,all,2013,grad2,46.1,609
TR,eth,black,all,all,2013,grad3,75.7,609
TR,eth,black,all,all,2013,grad4,84.1,609
TR,eth,black,all,all,2013,grad5p,87.0,609
TR,eth,black,all,all,2013,gradgpa_mean,3.161,530
TR,eth,black,all,all,2013,ret1,93.9,609
TR,eth,black,all,all,2013,ttd_mean,2.55,
TR,eth,black,all,all,2014,grad2,45.0,660
TR,eth,black,all,all,2014,grad3,77.3,660
TR,eth,black,all,all,2014,grad4,84.7,660
TR,eth,black,all,all,2014,grad5p,85.9,660
TR,eth,black,all,all,2014,gradgpa_mean,3.121,559
TR,eth,black,all,all,2014,ret1,92.1,660
TR,eth,black,all,all,2014,ttd_mean,2.5,
TR,eth,black,all,all,2015,grad2,47.0,668
TR,eth,black,all,all,2015,grad3,74.6,668
TR,eth,black,all,all,2015,grad4,81.6,668
TR,eth,black,all,all,2015,grad5p,83.1,668
TR,eth,black,all,all,2015,gradgpa_mean,3.161,555
TR,eth,black,all,all,2015,ret1,91.2,668
TR,eth,black,all,all,2015,ttd_mean,2.54,
TR,eth,black,all,all,2016,grad2,49.7,892
TR,eth,black,all,all,2016,grad3,76.7,892
TR,eth,black,all,all,2016,grad4,84.0,892
TR,eth,black,all,all,2016,grad5p,85.8,892
TR,eth,black,all,all,2016,gradgpa_mean,3.194,765
TR,eth,black,all,all,2016,ret1,92.6,892
TR,eth,black,all,all,2016,ttd_mean,2.54,
TR,eth,black,all,all,2017,grad2,51.2,924
TR,eth,black,all,all,2017,grad3,77.1,924
TR,eth,black,all,all,2017,grad4,83.7,924
TR,eth,black,all,all,2017,grad5p,84.7,924
TR,eth,black,all,all,2017,gradgpa_mean,3.226,783
TR,eth,black,all,all,2017,ret1,91.1,924
TR,eth,black,all,all,2017,ttd_mean,2.43,
TR,eth,black,all,all,2018,grad2,51.6,985
TR,eth,black,all,all,2018,grad3,78.2,985
TR,eth,black,all,all,2018,grad4,84.3,985
TR,eth,black,all,all,2018,grad5p,86.1,985
TR,eth,black,all,all,2018,gradgpa_mean,3.306,848
TR,eth,black,all,all,2018,ret1,91.8,985
TR,eth,black,all,all,2018,ttd_mean,2.44,
TR,eth,black,all,all,2019,grad2,56.9,966
TR,eth,black,all,all,2019,grad3,78.7,966
TR,eth,black,all,all,2019,grad4,84.7,966
TR,eth,black,all,all,2019,grad5p,86.7,966
TR,eth,black,all,all,2019,gradgpa_mean,3.341,838
TR,eth,black,all,all,2019,ret1,93.1,966
TR,eth,black,all,all,2020,grad2,51.2,1046
TR,eth,black,all,all,2020,grad3,75.2,1046
TR,eth,black,all,all,2020,grad4,79.9,1046
TR,eth,black,all,all,2020,grad5p,82.2,1046
TR,eth,black,all,all,2020,gradgpa_mean,3.304,860
TR,eth,black,all,all,2020,ret1,89.7,1046
TR,eth,black,all,all,2021,grad2,56.9,963
TR,eth,black,all,all,2021,grad3,80.0,963
TR,eth,black,all,all,2021,grad4,84.5,963
TR,eth,black,all,all,2021,gradgpa_mean,3.313,814
TR,eth,black,all,all,2021,ret1,91.9,963
TR,eth,black,all,all,2022,grad2,59.8,958
TR,eth,black,all,all,2022,grad3,79.9,958
TR,eth,black,all,all,2022,gradgpa_mean,3.295,765
TR,eth,black,all,all,2022,ret1,92.5,958
TR,eth,black,all,all,2023,grad2,60.2,994
TR,eth,black,all,all,2023,gradgpa_mean,3.39,598
TR,eth,black,all,all,2023,ret1,93.1,994
TR,eth,black,all,all,2024,ret1,92.7,1026
TR,eth,hispanic_latino,all,all,1999,grad2,37.7,1011
TR,eth,hispanic_latino,all,all,1999,grad3,70.2,1011
TR,eth,hispanic_latino,all,all,1999,grad4,78.7,1011
TR,eth,hispanic_latino,all,all,1999,grad5p,81.6,1011
TR,eth,hispanic_latino,all,all,1999,gradgpa_mean,3.107,825
TR,eth,hispanic_latino,all,all,1999,ret1,89.5,1011
TR,eth,hispanic_latino,all,all,1999,ttd_mean,2.65,
TR,eth,hispanic_latino,all,all,2000,grad2,40.7,1399
TR,eth,hispanic_latino,all,all,2000,grad3,71.8,1399
TR,eth,hispanic_latino,all,all,2000,grad4,79.8,1399
TR,eth,hispanic_latino,all,all,2000,grad5p,82.6,1399
TR,eth,hispanic_latino,all,all,2000,gradgpa_mean,3.134,1156
TR,eth,hispanic_latino,all,all,2000,ret1,90.1,1399
TR,eth,hispanic_latino,all,all,2000,ttd_mean,2.63,
TR,eth,hispanic_latino,all,all,2001,grad2,37.5,1628
TR,eth,hispanic_latino,all,all,2001,grad3,69.9,1628
TR,eth,hispanic_latino,all,all,2001,grad4,79.1,1628
TR,eth,hispanic_latino,all,all,2001,grad5p,81.4,1628
TR,eth,hispanic_latino,all,all,2001,gradgpa_mean,3.137,1326
TR,eth,hispanic_latino,all,all,2001,ret1,88.6,1628
TR,eth,hispanic_latino,all,all,2001,ttd_mean,2.68,
TR,eth,hispanic_latino,all,all,2002,grad2,42.7,1671
TR,eth,hispanic_latino,all,all,2002,grad3,74.1,1671
TR,eth,hispanic_latino,all,all,2002,grad4,81.4,1671
TR,eth,hispanic_latino,all,all,2002,grad5p,83.8,1671
TR,eth,hispanic_latino,all,all,2002,gradgpa_mean,3.141,1400
TR,eth,hispanic_latino,all,all,2002,ret1,91.4,1671
TR,eth,hispanic_latino,all,all,2002,ttd_mean,2.59,
TR,eth,hispanic_latino,all,all,2003,grad2,43.8,1898
TR,eth,hispanic_latino,all,all,2003,grad3,74.8,1898
TR,eth,hispanic_latino,all,all,2003,grad4,80.5,1898
TR,eth,hispanic_latino,all,all,2003,grad5p,83.2,1898
TR,eth,hispanic_latino,all,all,2003,gradgpa_mean,3.131,1579
TR,eth,hispanic_latino,all,all,2003,ret1,88.9,1898
TR,eth,hispanic_latino,all,all,2003,ttd_mean,2.55,
TR,eth,hispanic_latino,all,all,2004,grad2,46.7,1871
TR,eth,hispanic_latino,all,all,2004,grad3,76.0,1871
TR,eth,hispanic_latino,all,all,2004,grad4,82.6,1871
TR,eth,hispanic_latino,all,all,2004,grad5p,84.7,1871
TR,eth,hispanic_latino,all,all,2004,gradgpa_mean,3.141,1584
TR,eth,hispanic_latino,all,all,2004,ret1,90.2,1871
TR,eth,hispanic_latino,all,all,2004,ttd_mean,2.51,
TR,eth,hispanic_latino,all,all,2005,grad2,48.3,1923
TR,eth,hispanic_latino,all,all,2005,grad3,77.1,1923
TR,eth,hispanic_latino,all,all,2005,grad4,83.3,1923
TR,eth,hispanic_latino,all,all,2005,grad5p,85.2,1923
TR,eth,hispanic_latino,all,all,2005,gradgpa_mean,3.158,1638
TR,eth,hispanic_latino,all,all,2005,ret1,91.4,1923
TR,eth,hispanic_latino,all,all,2005,ttd_mean,2.51,
TR,eth,hispanic_latino,all,all,2006,grad2,46.6,1937
TR,eth,hispanic_latino,all,all,2006,grad3,76.1,1937
TR,eth,hispanic_latino,all,all,2006,grad4,82.8,1937
TR,eth,hispanic_latino,all,all,2006,grad5p,85.0,1937
TR,eth,hispanic_latino,all,all,2006,gradgpa_mean,3.186,1646
TR,eth,hispanic_latino,all,all,2006,ret1,91.7,1937
TR,eth,hispanic_latino,all,all,2006,ttd_mean,2.52,
TR,eth,hispanic_latino,all,all,2007,grad2,45.5,2030
TR,eth,hispanic_latino,all,all,2007,grad3,76.0,2030
TR,eth,hispanic_latino,all,all,2007,grad4,82.3,2030
TR,eth,hispanic_latino,all,all,2007,grad5p,84.8,2030
TR,eth,hispanic_latino,all,all,2007,gradgpa_mean,3.164,1722
TR,eth,hispanic_latino,all,all,2007,ret1,90.5,2030
TR,eth,hispanic_latino,all,all,2007,ttd_mean,2.53,
TR,eth,hispanic_latino,all,all,2008,grad2,45.4,2132
TR,eth,hispanic_latino,all,all,2008,grad3,78.0,2132
TR,eth,hispanic_latino,all,all,2008,grad4,85.0,2132
TR,eth,hispanic_latino,all,all,2008,grad5p,86.8,2132
TR,eth,hispanic_latino,all,all,2008,gradgpa_mean,3.151,1851
TR,eth,hispanic_latino,all,all,2008,ret1,91.2,2132
TR,eth,hispanic_latino,all,all,2008,ttd_mean,2.53,
TR,eth,hispanic_latino,all,all,2009,grad2,48.4,2429
TR,eth,hispanic_latino,all,all,2009,grad3,77.9,2429
TR,eth,hispanic_latino,all,all,2009,grad4,84.1,2429
TR,eth,hispanic_latino,all,all,2009,grad5p,86.4,2429
TR,eth,hispanic_latino,all,all,2009,gradgpa_mean,3.161,2099
TR,eth,hispanic_latino,all,all,2009,ret1,90.7,2429
TR,eth,hispanic_latino,all,all,2009,ttd_mean,2.51,
TR,eth,hispanic_latino,all,all,2010,grad2,48.6,2781
TR,eth,hispanic_latino,all,all,2010,grad3,78.9,2781
TR,eth,hispanic_latino,all,all,2010,grad4,84.4,2781
TR,eth,hispanic_latino,all,all,2010,grad5p,85.9,2781
TR,eth,hispanic_latino,all,all,2010,gradgpa_mean,3.166,2390
TR,eth,hispanic_latino,all,all,2010,ret1,91.3,2781
TR,eth,hispanic_latino,all,all,2010,ttd_mean,2.48,
TR,eth,hispanic_latino,all,all,2011,grad2,51.1,3111
TR,eth,hispanic_latino,all,all,2011,grad3,81.0,3111
TR,eth,hispanic_latino,all,all,2011,grad4,86.6,3111
TR,eth,hispanic_latino,all,all,2011,grad5p,88.1,3111
TR,eth,hispanic_latino,all,all,2011,gradgpa_mean,3.176,2740
TR,eth,hispanic_latino,all,all,2011,ret1,92.2,3111
TR,eth,hispanic_latino,all,all,2011,ttd_mean,2.47,
TR,eth,hispanic_latino,all,all,2012,grad2,51.6,3067
TR,eth,hispanic_latino,all,all,2012,grad3,82.2,3067
TR,eth,hispanic_latino,all,all,2012,grad4,87.0,3067
TR,eth,hispanic_latino,all,all,2012,grad5p,88.6,3067
TR,eth,hispanic_latino,all,all,2012,gradgpa_mean,3.195,2716
TR,eth,hispanic_latino,all,all,2012,ret1,92.8,3067
TR,eth,hispanic_latino,all,all,2012,ttd_mean,2.43,
TR,eth,hispanic_latino,all,all,2013,grad2,51.7,3400
TR,eth,hispanic_latino,all,all,2013,grad3,81.2,3400
TR,eth,hispanic_latino,all,all,2013,grad4,87.0,3400
TR,eth,hispanic_latino,all,all,2013,grad5p,88.6,3400
TR,eth,hispanic_latino,all,all,2013,gradgpa_mean,3.186,3011
TR,eth,hispanic_latino,all,all,2013,ret1,93.0,3400
TR,eth,hispanic_latino,all,all,2013,ttd_mean,2.45,
TR,eth,hispanic_latino,all,all,2014,grad2,51.9,3571
TR,eth,hispanic_latino,all,all,2014,grad3,82.7,3571
TR,eth,hispanic_latino,all,all,2014,grad4,87.7,3571
TR,eth,hispanic_latino,all,all,2014,grad5p,89.1,3571
TR,eth,hispanic_latino,all,all,2014,gradgpa_mean,3.218,3180
TR,eth,hispanic_latino,all,all,2014,ret1,93.1,3571
TR,eth,hispanic_latino,all,all,2014,ttd_mean,2.44,
TR,eth,hispanic_latino,all,all,2015,grad2,54.4,3544
TR,eth,hispanic_latino,all,all,2015,grad3,82.1,3544
TR,eth,hispanic_latino,all,all,2015,grad4,87.1,3544
TR,eth,hispanic_latino,all,all,2015,grad5p,88.5,3544
TR,eth,hispanic_latino,all,all,2015,gradgpa_mean,3.226,3138
TR,eth,hispanic_latino,all,all,2015,ret1,92.9,3544
TR,eth,hispanic_latino,all,all,2015,ttd_mean,2.43,
TR,eth,hispanic_latino,all,all,2016,grad2,55.5,4387
TR,eth,hispanic_latino,all,all,2016,grad3,82.0,4387
TR,eth,hispanic_latino,all,all,2016,grad4,86.8,4387
TR,eth,hispanic_latino,all,all,2016,grad5p,88.2,4387
TR,eth,hispanic_latino,all,all,2016,gradgpa_mean,3.24,3871
TR,eth,hispanic_latino,all,all,2016,ret1,92.6,4387
TR,eth,hispanic_latino,all,all,2016,ttd_mean,2.39,
TR,eth,hispanic_latino,all,all,2017,grad2,55.4,4789
TR,eth,hispanic_latino,all,all,2017,grad3,82.5,4789
TR,eth,hispanic_latino,all,all,2017,grad4,87.6,4789
TR,eth,hispanic_latino,all,all,2017,grad5p,88.9,4789
TR,eth,hispanic_latino,all,all,2017,gradgpa_mean,3.245,4257
TR,eth,hispanic_latino,all,all,2017,ret1,92.4,4789
TR,eth,hispanic_latino,all,all,2017,ttd_mean,2.39,
TR,eth,hispanic_latino,all,all,2018,grad2,57.6,5269
TR,eth,hispanic_latino,all,all,2018,grad3,82.7,5269
TR,eth,hispanic_latino,all,all,2018,grad4,86.6,5269
TR,eth,hispanic_latino,all,all,2018,grad5p,87.7,5269
TR,eth,hispanic_latino,all,all,2018,gradgpa_mean,3.365,4622
TR,eth,hispanic_latino,all,all,2018,ret1,91.8,5269
TR,eth,hispanic_latino,all,all,2018,ttd_mean,2.35,
TR,eth,hispanic_latino,all,all,2019,grad2,59.9,5182
TR,eth,hispanic_latino,all,all,2019,grad3,83.5,5182
TR,eth,hispanic_latino,all,all,2019,grad4,87.7,5182
TR,eth,hispanic_latino,all,all,2019,grad5p,89.3,5182
TR,eth,hispanic_latino,all,all,2019,gradgpa_mean,3.377,4629
TR,eth,hispanic_latino,all,all,2019,ret1,93.2,5182
TR,eth,hispanic_latino,all,all,2020,grad2,56.7,5470
TR,eth,hispanic_latino,all,all,2020,grad3,79.7,5470
TR,eth,hispanic_latino,all,all,2020,grad4,83.8,5470
TR,eth,hispanic_latino,all,all,2020,grad5p,85.1,5470
TR,eth,hispanic_latino,all,all,2020,gradgpa_mean,3.35,4655
TR,eth,hispanic_latino,all,all,2020,ret1,90.8,5470
TR,eth,hispanic_latino,all,all,2021,grad2,61.8,5515
TR,eth,hispanic_latino,all,all,2021,grad3,83.1,5515
TR,eth,hispanic_latino,all,all,2021,grad4,86.6,5515
TR,eth,hispanic_latino,all,all,2021,gradgpa_mean,3.325,4776
TR,eth,hispanic_latino,all,all,2021,ret1,91.9,5515
TR,eth,hispanic_latino,all,all,2022,grad2,63.3,4991
TR,eth,hispanic_latino,all,all,2022,grad3,84.0,4991
TR,eth,hispanic_latino,all,all,2022,gradgpa_mean,3.338,4194
TR,eth,hispanic_latino,all,all,2022,ret1,93.5,4991
TR,eth,hispanic_latino,all,all,2023,grad2,67.1,4968
TR,eth,hispanic_latino,all,all,2023,gradgpa_mean,3.42,3332
TR,eth,hispanic_latino,all,all,2023,ret1,94.3,4968
TR,eth,hispanic_latino,all,all,2024,ret1,94.4,5290
TR,eth,international,all,all,1999,grad2,51.9,540
TR,eth,international,all,all,1999,grad3,83.5,540
TR,eth,international,all,all,1999,grad4,89.1,540
TR,eth,international,all,all,1999,grad5p,91.1,540
TR,eth,international,all,all,1999,gradgpa_mean,3.097,492
TR,eth,international,all,all,1999,ret1,91.5,540
TR,eth,international,all,all,1999,ttd_mean,2.38,
TR,eth,international,all,all,2000,grad2,49.0,669
TR,eth,international,all,all,2000,grad3,83.6,669
TR,eth,international,all,all,2000,grad4,88.6,669
TR,eth,international,all,all,2000,grad5p,90.1,669
TR,eth,international,all,all,2000,gradgpa_mean,3.236,603
TR,eth,international,all,all,2000,ret1,90.7,669
TR,eth,international,all,all,2000,ttd_mean,2.35,
TR,eth,international,all,all,2001,grad2,52.6,742
TR,eth,international,all,all,2001,grad3,82.7,742
TR,eth,international,all,all,2001,grad4,87.7,742
TR,eth,international,all,all,2001,grad5p,88.7,742
TR,eth,international,all,all,2001,gradgpa_mean,3.18,651
TR,eth,international,all,all,2001,ret1,91.6,742
TR,eth,international,all,all,2001,ttd_mean,2.3,
TR,eth,international,all,all,2002,grad2,55.7,890
TR,eth,international,all,all,2002,grad3,85.8,890
TR,eth,international,all,all,2002,grad4,89.4,890
TR,eth,international,all,all,2002,grad5p,89.9,890
TR,eth,international,all,all,2002,gradgpa_mean,3.135,796
TR,eth,international,all,all,2002,ret1,89.9,890
TR,eth,international,all,all,2002,ttd_mean,2.27,
TR,eth,international,all,all,2003,grad2,60.8,1068
TR,eth,international,all,all,2003,grad3,86.0,1068
TR,eth,international,all,all,2003,grad4,90.4,1068
TR,eth,international,all,all,2003,grad5p,91.5,1068
TR,eth,international,all,all,2003,gradgpa_mean,3.134,977
TR,eth,international,all,all,2003,ret1,91.7,1068
TR,eth,international,all,all,2003,ttd_mean,2.23,
TR,eth,international,all,all,2004,grad2,62.3,1017
TR,eth,international,all,all,2004,grad3,86.4,1017
TR,eth,international,all,all,2004,grad4,89.4,1017
TR,eth,international,all,all,2004,grad5p,90.4,1017
TR,eth,international,all,all,2004,gradgpa_mean,3.151,919
TR,eth,international,all,all,2004,ret1,91.8,1017
TR,eth,international,all,all,2004,ttd_mean,2.21,
TR,eth,international,all,all,2005,grad2,61.0,889
TR,eth,international,all,all,2005,grad3,84.0,889
TR,eth,international,all,all,2005,grad4,88.1,889
TR,eth,international,all,all,2005,grad5p,89.9,889
TR,eth,international,all,all,2005,gradgpa_mean,3.162,799
TR,eth,international,all,all,2005,ret1,89.5,889
TR,eth,international,all,all,2005,ttd_mean,2.28,
TR,eth,international,all,all,2006,grad2,64.8,866
TR,eth,international,all,all,2006,grad3,87.8,866
TR,eth,international,all,all,2006,grad4,90.3,866
TR,eth,international,all,all,2006,grad5p,92.5,866
TR,eth,international,all,all,2006,gradgpa_mean,3.208,801
TR,eth,international,all,all,2006,ret1,92.1,866
TR,eth,international,all,all,2006,ttd_mean,2.23,
TR,eth,international,all,all,2007,grad2,61.0,963
TR,eth,international,all,all,2007,grad3,84.0,963
TR,eth,international,all,all,2007,grad4,88.5,963
TR,eth,international,all,all,2007,grad5p,90.3,963
TR,eth,international,all,all,2007,gradgpa_mean,3.104,870
TR,eth,international,all,all,2007,ret1,90.8,963
TR,eth,international,all,all,2007,ttd_mean,2.28,
TR,eth,international,all,all,2008,grad2,61.6,1157
TR,eth,international,all,all,2008,grad3,83.8,1157
TR,eth,international,all,all,2008,grad4,86.8,1157
TR,eth,international,all,all,2008,grad5p,88.5,1157
TR,eth,international,all,all,2008,gradgpa_mean,3.169,1024
TR,eth,international,all,all,2008,ret1,89.6,1157
TR,eth,international,all,all,2008,ttd_mean,2.25,
TR,eth,international,all,all,2009,grad2,62.6,1337
TR,eth,international,all,all,2009,grad3,84.5,1337
TR,eth,international,all,all,2009,grad4,87.7,1337
TR,eth,international,all,all,2009,grad5p,89.9,1337
TR,eth,international,all,all,2009,gradgpa_mean,3.166,1202
TR,eth,international,all,all,2009,ret1,88.9,1337
TR,eth,international,all,all,2009,ttd_mean,2.24,
TR,eth,international,all,all,2010,grad2,66.4,1539
TR,eth,international,all,all,2010,grad3,86.9,1539
TR,eth,international,all,all,2010,grad4,90.5,1539
TR,eth,international,all,all,2010,grad5p,92.7,1539
TR,eth,international,all,all,2010,gradgpa_mean,3.191,1427
TR,eth,international,all,all,2010,ret1,89.7,1539
TR,eth,international,all,all,2010,ttd_mean,2.21,
TR,eth,international,all,all,2011,grad2,61.7,1732
TR,eth,international,all,all,2011,grad3,84.5,1732
TR,eth,international,all,all,2011,grad4,89.1,1732
TR,eth,international,all,all,2011,grad5p,91.6,1732
TR,eth,international,all,all,2011,gradgpa_mean,3.119,1587
TR,eth,international,all,all,2011,ret1,88.8,1732
TR,eth,international,all,all,2011,ttd_mean,2.28,
TR,eth,international,all,all,2012,grad2,61.0,1910
TR,eth,international,all,all,2012,grad3,83.6,1910
TR,eth,international,all,all,2012,grad4,86.8,1910
TR,eth,international,all,all,2012,grad5p,89.6,1910
TR,eth,international,all,all,2012,gradgpa_mean,3.117,1711
TR,eth,international,all,all,2012,ret1,89.0,1910
TR,eth,international,all,all,2012,ttd_mean,2.31,
TR,eth,international,all,all,2013,grad2,63.6,2275
TR,eth,international,all,all,2013,grad3,86.2,2275
TR,eth,international,all,all,2013,grad4,89.7,2275
TR,eth,international,all,all,2013,grad5p,92.0,2275
TR,eth,international,all,all,2013,gradgpa_mean,3.161,2093
TR,eth,international,all,all,2013,ret1,91.1,2275
TR,eth,international,all,all,2013,ttd_mean,2.28,
TR,eth,international,all,all,2014,grad2,66.1,2390
TR,eth,international,all,all,2014,grad3,87.3,2390
TR,eth,international,all,all,2014,grad4,90.8,2390
TR,eth,international,all,all,2014,grad5p,92.4,2390
TR,eth,international,all,all,2014,gradgpa_mean,3.172,2208
TR,eth,international,all,all,2014,ret1,91.4,2390
TR,eth,international,all,all,2014,ttd_mean,2.24,
TR,eth,international,all,all,2015,grad2,65.6,2549
TR,eth,international,all,all,2015,grad3,86.5,2549
TR,eth,international,all,all,2015,grad4,89.8,2549
TR,eth,international,all,all,2015,grad5p,91.3,2549
TR,eth,international,all,all,2015,gradgpa_mean,3.201,2328
TR,eth,international,all,all,2015,ret1,89.7,2549
TR,eth,international,all,all,2015,ttd_mean,2.21,
TR,eth,international,all,all,2016,grad2,66.2,2820
TR,eth,international,all,all,2016,grad3,87.1,2820
TR,eth,international,all,all,2016,grad4,90.3,2820
TR,eth,international,all,all,2016,grad5p,91.7,2820
TR,eth,international,all,all,2016,gradgpa_mean,3.189,2585
TR,eth,international,all,all,2016,ret1,90.7,2820
TR,eth,international,all,all,2016,ttd_mean,2.2,
TR,eth,international,all,all,2017,grad2,68.9,2800
TR,eth,international,all,all,2017,grad3,88.6,2800
TR,eth,international,all,all,2017,grad4,91.5,2800
TR,eth,international,all,all,2017,grad5p,92.5,2800
TR,eth,international,all,all,2017,gradgpa_mean,3.239,2590
TR,eth,international,all,all,2017,ret1,91.7,2800
TR,eth,international,all,all,2017,ttd_mean,2.16,
TR,eth,international,all,all,2018,grad2,70.6,3043
TR,eth,international,all,all,2018,grad3,88.9,3043
TR,eth,international,all,all,2018,grad4,91.1,3043
TR,eth,international,all,all,2018,grad5p,92.5,3043
TR,eth,international,all,all,2018,gradgpa_mean,3.333,2816
TR,eth,international,all,all,2018,ret1,91.4,3043
TR,eth,international,all,all,2018,ttd_mean,2.12,
TR,eth,international,all,all,2019,grad2,69.7,2971
TR,eth,international,all,all,2019,grad3,87.1,2971
TR,eth,international,all,all,2019,grad4,90.3,2971
TR,eth,international,all,all,2019,grad5p,91.8,2971
TR,eth,international,all,all,2019,gradgpa_mean,3.397,2727
TR,eth,international,all,all,2019,ret1,89.2,2971
TR,eth,international,all,all,2020,grad2,63.7,2892
TR,eth,international,all,all,2020,grad3,84.2,2892
TR,eth,international,all,all,2020,grad4,88.5,2892
TR,eth,international,all,all,2020,grad5p,90.4,2892
TR,eth,international,all,all,2020,gradgpa_mean,3.352,2615
TR,eth,international,all,all,2020,ret1,84.1,2892
TR,eth,international,all,all,2021,grad2,67.3,2642
TR,eth,international,all,all,2021,grad3,86.2,2642
TR,eth,international,all,all,2021,grad4,89.5,2642
TR,eth,international,all,all,2021,gradgpa_mean,3.388,2365
TR,eth,international,all,all,2021,ret1,90.2,2642
TR,eth,international,all,all,2022,grad2,66.4,1707
TR,eth,international,all,all,2022,grad3,85.8,1707
TR,eth,international,all,all,2022,gradgpa_mean,3.378,1465
TR,eth,international,all,all,2022,ret1,90.9,1707
TR,eth,international,all,all,2023,grad2,66.3,1526
TR,eth,international,all,all,2023,gradgpa_mean,3.44,1011
TR,eth,international,all,all,2023,ret1,89.6,1526
TR,eth,international,all,all,2024,ret1,88.4,1663
TR,eth,unknown,all,all,1999,grad2,40.2,798
TR,eth,unknown,all,all,1999,grad3,73.3,798
TR,eth,unknown,all,all,1999,grad4,81.8,798
TR,eth,unknown,all,all,1999,grad5p,84.0,798
TR,eth,unknown,all,all,1999,gradgpa_mean,3.184,670
TR,eth,unknown,all,all,1999,ret1,90.4,798
TR,eth,unknown,all,all,1999,ttd_mean,2.6,
TR,eth,unknown,all,all,2000,grad2,42.8,1093
TR,eth,unknown,all,all,2000,grad3,74.4,1093
TR,eth,unknown,all,all,2000,grad4,82.3,1093
TR,eth,unknown,all,all,2000,grad5p,84.4,1093
TR,eth,unknown,all,all,2000,gradgpa_mean,3.246,923
TR,eth,unknown,all,all,2000,ret1,88.9,1093
TR,eth,unknown,all,all,2000,ttd_mean,2.57,
TR,eth,unknown,all,all,2001,grad2,42.6,1236
TR,eth,unknown,all,all,2001,grad3,73.5,1236
TR,eth,unknown,all,all,2001,grad4,82.1,1236
TR,eth,unknown,all,all,2001,grad5p,83.9,1236
TR,eth,unknown,all,all,2001,gradgpa_mean,3.258,1037
TR,eth,unknown,all,all,2001,ret1,89.2,1236
TR,eth,unknown,all,all,2001,ttd_mean,2.58,
TR,eth,unknown,all,all,2002,grad2,43.8,1196
TR,eth,unknown,all,all,2002,grad3,74.2,1196
TR,eth,unknown,all,all,2002,grad4,81.9,1196
TR,eth,unknown,all,all,2002,grad5p,84.7,1196
TR,eth,unknown,all,all,2002,gradgpa_mean,3.207,1013
TR,eth,unknown,all,all,2002,ret1,90.4,1196
TR,eth,unknown,all,all,2002,ttd_mean,2.58,
TR,eth,unknown,all,all,2003,grad2,46.8,1328
TR,eth,unknown,all,all,2003,grad3,76.7,1328
TR,eth,unknown,all,all,2003,grad4,83.2,1328
TR,eth,unknown,all,all,2003,grad5p,85.3,1328
TR,eth,unknown,all,all,2003,gradgpa_mean,3.213,1133
TR,eth,unknown,all,all,2003,ret1,90.0,1328
TR,eth,unknown,all,all,2003,ttd_mean,2.48,
TR,eth,unknown,all,all,2004,grad2,51.6,1230
TR,eth,unknown,all,all,2004,grad3,78.9,1230
TR,eth,unknown,all,all,2004,grad4,84.9,1230
TR,eth,unknown,all,all,2004,grad5p,87.2,1230
TR,eth,unknown,all,all,2004,gradgpa_mean,3.213,1073
TR,eth,unknown,all,all,2004,ret1,90.5,1230
TR,eth,unknown,all,all,2004,ttd_mean,2.45,
TR,eth,unknown,all,all,2005,grad2,48.4,1162
TR,eth,unknown,all,all,2005,grad3,76.9,1162
TR,eth,unknown,all,all,2005,grad4,83.3,1162
TR,eth,unknown,all,all,2005,grad5p,85.5,1162
TR,eth,unknown,all,all,2005,gradgpa_mean,3.229,994
TR,eth,unknown,all,all,2005,ret1,91.0,1162
TR,eth,unknown,all,all,2005,ttd_mean,2.49,
TR,eth,unknown,all,all,2006,grad2,46.0,1150
TR,eth,unknown,all,all,2006,grad3,75.5,1150
TR,eth,unknown,all,all,2006,grad4,83.2,1150
TR,eth,unknown,all,all,2006,grad5p,85.4,1150
TR,eth,unknown,all,all,2006,gradgpa_mean,3.194,982
TR,eth,unknown,all,all,2006,ret1,89.6,1150
TR,eth,unknown,all,all,2006,ttd_mean,2.54,
TR,eth,unknown,all,all,2007,grad2,50.0,1052
TR,eth,unknown,all,all,2007,grad3,78.1,1052
TR,eth,unknown,all,all,2007,grad4,85.3,1052
TR,eth,unknown,all,all,2007,grad5p,87.5,1052
TR,eth,unknown,all,all,2007,gradgpa_mean,3.201,921
TR,eth,unknown,all,all,2007,ret1,91.7,1052
TR,eth,unknown,all,all,2007,ttd_mean,2.48,
TR,eth,unknown,all,all,2008,grad2,50.8,1013
TR,eth,unknown,all,all,2008,grad3,78.3,1013
TR,eth,unknown,all,all,2008,grad4,84.4,1013
TR,eth,unknown,all,all,2008,grad5p,86.5,1013
TR,eth,unknown,all,all,2008,gradgpa_mean,3.234,876
TR,eth,unknown,all,all,2008,ret1,91.9,1013
TR,eth,unknown,all,all,2008,ttd_mean,2.46,
TR,eth,unknown,all,all,2009,grad2,50.8,1102
TR,eth,unknown,all,all,2009,grad3,79.7,1102
TR,eth,unknown,all,all,2009,grad4,85.1,1102
TR,eth,unknown,all,all,2009,grad5p,86.9,1102
TR,eth,unknown,all,all,2009,gradgpa_mean,3.244,958
TR,eth,unknown,all,all,2009,ret1,90.9,1102
TR,eth,unknown,all,all,2009,ttd_mean,2.42,
TR,eth,unknown,all,all,2010,grad2,52.8,1215
TR,eth,unknown,all,all,2010,grad3,78.5,1215
TR,eth,unknown,all,all,2010,grad4,84.4,1215
TR,eth,unknown,all,all,2010,grad5p,86.0,1215
TR,eth,unknown,all,all,2010,gradgpa_mean,3.21,1045
TR,eth,unknown,all,all,2010,ret1,91.9,1215
TR,eth,unknown,all,all,2010,ttd_mean,2.4,
TR,eth,unknown,all,all,2011,grad2,54.0,552
TR,eth,unknown,all,all,2011,grad3,79.5,552
TR,eth,unknown,all,all,2011,grad4,85.0,552
TR,eth,unknown,all,all,2011,grad5p,86.4,552
TR,eth,unknown,all,all,2011,gradgpa_mean,3.247,469
TR,eth,unknown,all,all,2011,ret1,90.9,552
TR,eth,unknown,all,all,2011,ttd_mean,2.4,
TR,eth,unknown,all,all,2012,grad2,55.9,526
TR,eth,unknown,all,all,2012,grad3,83.5,526
TR,eth,unknown,all,all,2012,grad4,90.7,526
TR,eth,unknown,all,all,2012,grad5p,92.0,526
TR,eth,unknown,all,all,2012,gradgpa_mean,3.339,477
TR,eth,unknown,all,all,2012,ret1,95.2,526
TR,eth,unknown,all,all,2012,ttd_mean,2.41,
TR,eth,unknown,all,all,2013,grad2,51.7,429
TR,eth,unknown,all,all,2013,grad3,84.1,429
TR,eth,unknown,all,all,2013,grad4,89.3,429
TR,eth,unknown,all,all,2013,grad5p,90.9,429
TR,eth,unknown,all,all,2013,gradgpa_mean,3.282,383
TR,eth,unknown,all,all,2013,ret1,92.1,429
TR,eth,unknown,all,all,2013,ttd_mean,2.38,
TR,eth,unknown,all,all,2014,grad2,48.8,426
TR,eth,unknown,all,all,2014,grad3,79.6,426
TR,eth,unknown,all,all,2014,grad4,85.2,426
TR,eth,unknown,all,all,2014,grad5p,86.6,426
TR,eth,unknown,all,all,2014,gradgpa_mean,3.357,363
TR,eth,unknown,all,all,2014,ret1,91.1,426
TR,eth,unknown,all,all,2014,ttd_mean,2.44,
TR,eth,unknown,all,all,2015,grad2,55.8,432
TR,eth,unknown,all,all,2015,grad3,81.0,432
TR,eth,unknown,all,all,2015,grad4,87.3,432
TR,eth,unknown,all,all,2015,grad5p,88.9,432
TR,eth,unknown,all,all,2015,gradgpa_mean,3.349,377
TR,eth,unknown,all,all,2015,ret1,91.7,432
TR,eth,unknown,all,all,2015,ttd_mean,2.42,
TR,eth,unknown,all,all,2016,grad2,53.3,486
TR,eth,unknown,all,all,2016,grad3,81.1,486
TR,eth,unknown,all,all,2016,grad4,86.4,486
TR,eth,unknown,all,all,2016,grad5p,88.1,486
TR,eth,unknown,all,all,2016,gradgpa_mean,3.271,420
TR,eth,unknown,all,all,2016,ret1,91.6,486
TR,eth,unknown,all,all,2016,ttd_mean,2.44,
TR,eth,unknown,all,all,2017,grad2,55.9,460
TR,eth,unknown,all,all,2017,grad3,80.7,460
TR,eth,unknown,all,all,2017,grad4,85.0,460
TR,eth,unknown,all,all,2017,grad5p,85.9,460
TR,eth,unknown,all,all,2017,gradgpa_mean,3.388,391
TR,eth,unknown,all,all,2017,ret1,89.3,460
TR,eth,unknown,all,all,2017,ttd_mean,2.31,
TR,eth,unknown,all,all,2018,grad2,55.9,463
TR,eth,unknown,all,all,2018,grad3,81.6,463
TR,eth,unknown,all,all,2018,grad4,86.6,463
TR,eth,unknown,all,all,2018,grad5p,87.9,463
TR,eth,unknown,all,all,2018,gradgpa_mean,3.413,401
TR,eth,unknown,all,all,2018,ret1,92.0,463
TR,eth,unknown,all,all,2018,ttd_mean,2.36,
TR,eth,unknown,all,all,2019,grad2,57.0,449
TR,eth,unknown,all,all,2019,grad3,81.5,449
TR,eth,unknown,all,all,2019,grad4,86.9,449
TR,eth,unknown,all,all,2019,grad5p,89.1,449
TR,eth,unknown,all,all,2019,gradgpa_mean,3.439,400
TR,eth,unknown,all,all,2019,ret1,92.0,449
TR,eth,unknown,all,all,2020,grad2,56.2,657
TR,eth,unknown,all,all,2020,grad3,81.9,657
TR,eth,unknown,all,all,2020,grad4,85.8,657
TR,eth,unknown,all,all,2020,grad5p,87.2,657
TR,eth,unknown,all,all,2020,gradgpa_mean,3.46,564
TR,eth,unknown,all,all,2020,ret1,91.2,657
TR,eth,unknown,all,all,2021,grad2,61.8,343
TR,eth,unknown,all,all,2021,grad3,86.3,343
TR,eth,unknown,all,all,2021,grad4,90.1,343
TR,eth,unknown,all,all,2021,gradgpa_mean,3.486,309
TR,eth,unknown,all,all,2021,ret1,91.5,343
TR,eth,unknown,all,all,2022,grad2,58.8,369
TR,eth,unknown,all,all,2022,grad3,84.0,369
TR,eth,unknown,all,all,2022,gradgpa_mean,3.407,310
TR,eth,unknown,all,all,2022,ret1,92.7,369
TR,eth,unknown,all,all,2023,grad2,62.4,447
TR,eth,unknown,all,all,2023,gradgpa_mean,3.53,279
TR,eth,unknown,all,all,2023,ret1,92.8,447
TR,eth,unknown,all,all,2024,ret1,95.9,444
TR,eth,white,all,all,1999,grad2,43.6,3501
TR,eth,white,all,all,1999,grad3,74.8,3501
TR,eth,white,all,all,1999,grad4,82.1,3501
TR,eth,white,all,all,1999,grad5p,84.2,3501
TR,eth,white,all,all,1999,gradgpa_mean,3.216,2949
TR,eth,white,all,all,1999,ret1,89.5,3501
TR,eth,white,all,all,1999,ttd_mean,2.56,
TR,eth,white,all,all,2000,grad2,45.3,4596
TR,eth,white,all,all,2000,grad3,77.1,4596
TR,eth,white,all,all,2000,grad4,83.9,4596
TR,eth,white,all,all,2000,grad5p,85.8,4596
TR,eth,white,all,all,2000,gradgpa_mean,3.247,3943
TR,eth,white,all,all,2000,ret1,90.2,4596
TR,eth,white,all,all,2000,ttd_mean,2.5,
TR,eth,white,all,all,2001,grad2,46.7,4794
TR,eth,white,all,all,2001,grad3,77.1,4794
TR,eth,white,all,all,2001,grad4,83.9,4794
TR,eth,white,all,all,2001,grad5p,85.9,4794
TR,eth,white,all,all,2001,gradgpa_mean,3.244,4119
TR,eth,white,all,all,2001,ret1,90.7,4794
TR,eth,white,all,all,2001,ttd_mean,2.5,
TR,eth,white,all,all,2002,grad2,46.9,4698
TR,eth,white,all,all,2002,grad3,77.4,4698
TR,eth,white,all,all,2002,grad4,83.9,4698
TR,eth,white,all,all,2002,grad5p,85.7,4698
TR,eth,white,all,all,2002,gradgpa_mean,3.273,4026
TR,eth,white,all,all,2002,ret1,89.5,4698
TR,eth,white,all,all,2002,ttd_mean,2.49,
TR,eth,white,all,all,2003,grad2,51.8,4910
TR,eth,white,all,all,2003,grad3,79.3,4910
TR,eth,white,all,all,2003,grad4,85.2,4910
TR,eth,white,all,all,2003,grad5p,87.4,4910
TR,eth,white,all,all,2003,gradgpa_mean,3.238,4289
TR,eth,white,all,all,2003,ret1,91.6,4910
TR,eth,white,all,all,2003,ttd_mean,2.44,
TR,eth,white,all,all,2004,grad2,51.7,4969
TR,eth,white,all,all,2004,grad3,80.0,4969
TR,eth,white,all,all,2004,grad4,85.8,4969
TR,eth,white,all,all,2004,grad5p,87.7,4969
TR,eth,white,all,all,2004,gradgpa_mean,3.27,4356
TR,eth,white,all,all,2004,ret1,91.6,4969
TR,eth,white,all,all,2004,ttd_mean,2.41,
TR,eth,white,all,all,2005,grad2,52.5,5121
TR,eth,white,all,all,2005,grad3,80.8,5121
TR,eth,white,all,all,2005,grad4,85.9,5121
TR,eth,white,all,all,2005,grad5p,87.7,5121
TR,eth,white,all,all,2005,gradgpa_mean,3.268,4489
TR,eth,white,all,all,2005,ret1,91.2,5121
TR,eth,white,all,all,2005,ttd_mean,2.41,
TR,eth,white,all,all,2006,grad2,52.9,5348
TR,eth,white,all,all,2006,grad3,81.1,5348
TR,eth,white,all,all,2006,grad4,86.4,5348
TR,eth,white,all,all,2006,grad5p,87.7,5348
TR,eth,white,all,all,2006,gradgpa_mean,3.287,4689
TR,eth,white,all,all,2006,ret1,91.8,5348
TR,eth,white,all,all,2006,ttd_mean,2.4,
TR,eth,white,all,all,2007,grad2,51.8,5177
TR,eth,white,all,all,2007,grad3,79.8,5177
TR,eth,white,all,all,2007,grad4,85.8,5177
TR,eth,white,all,all,2007,grad5p,87.4,5177
TR,eth,white,all,all,2007,gradgpa_mean,3.294,4527
TR,eth,white,all,all,2007,ret1,90.6,5177
TR,eth,white,all,all,2007,ttd_mean,2.42,
TR,eth,white,all,all,2008,grad2,55.8,5196
TR,eth,white,all,all,2008,grad3,82.2,5196
TR,eth,white,all,all,2008,grad4,87.2,5196
TR,eth,white,all,all,2008,grad5p,88.8,5196
TR,eth,white,all,all,2008,gradgpa_mean,3.272,4616
TR,eth,white,all,all,2008,ret1,92.6,5196
TR,eth,white,all,all,2008,ttd_mean,2.38,
TR,eth,white,all,all,2009,grad2,56.8,5620
TR,eth,white,all,all,2009,grad3,83.0,5620
TR,eth,white,all,all,2009,grad4,87.9,5620
TR,eth,white,all,all,2009,grad5p,89.4,5620
TR,eth,white,all,all,2009,gradgpa_mean,3.281,5023
TR,eth,white,all,all,2009,ret1,93.0,5620
TR,eth,white,all,all,2009,ttd_mean,2.35,
TR,eth,white,all,all,2010,grad2,57.1,5803
TR,eth,white,all,all,2010,grad3,83.5,5803
TR,eth,white,all,all,2010,grad4,88.8,5803
TR,eth,white,all,all,2010,grad5p,90.3,5803
TR,eth,white,all,all,2010,gradgpa_mean,3.277,5239
TR,eth,white,all,all,2010,ret1,92.9,5803
TR,eth,white,all,all,2010,ttd_mean,2.36,
TR,eth,white,all,all,2011,grad2,57.6,6056
TR,eth,white,all,all,2011,grad3,84.4,6056
TR,eth,white,all,all,2011,grad4,88.6,6056
TR,eth,white,all,all,2011,grad5p,90.0,6056
TR,eth,white,all,all,2011,gradgpa_mean,3.296,5452
TR,eth,white,all,all,2011,ret1,93.7,6056
TR,eth,white,all,all,2011,ttd_mean,2.36,
TR,eth,white,all,all,2012,grad2,57.0,5452
TR,eth,white,all,all,2012,grad3,84.4,5452
TR,eth,white,all,all,2012,grad4,89.2,5452
TR,eth,white,all,all,2012,grad5p,90.4,5452
TR,eth,white,all,all,2012,gradgpa_mean,3.317,4927
TR,eth,white,all,all,2012,ret1,94.2,5452
TR,eth,white,all,all,2012,ttd_mean,2.37,
TR,eth,white,all,all,2013,grad2,56.8,5411
TR,eth,white,all,all,2013,grad3,85.3,5411
TR,eth,white,all,all,2013,grad4,89.9,5411
TR,eth,white,all,all,2013,grad5p,91.1,5411
TR,eth,white,all,all,2013,gradgpa_mean,3.322,4931
TR,eth,white,all,all,2013,ret1,94.0,5411
TR,eth,white,all,all,2013,ttd_mean,2.38,
TR,eth,white,all,all,2014,grad2,57.7,5211
TR,eth,white,all,all,2014,grad3,85.0,5211
TR,eth,white,all,all,2014,grad4,89.3,5211
TR,eth,white,all,all,2014,grad5p,90.5,5211
TR,eth,white,all,all,2014,gradgpa_mean,3.336,4718
TR,eth,white,all,all,2014,ret1,93.0,5211
TR,eth,white,all,all,2014,ttd_mean,2.36,
TR,eth,white,all,all,2015,grad2,59.4,5130
TR,eth,white,all,all,2015,grad3,85.7,5130
TR,eth,white,all,all,2015,grad4,89.7,5130
TR,eth,white,all,all,2015,grad5p,91.1,5130
TR,eth,white,all,all,2015,gradgpa_mean,3.346,4673
TR,eth,white,all,all,2015,ret1,94.0,5130
TR,eth,white,all,all,2015,ttd_mean,2.34,
TR,eth,white,all,all,2016,grad2,59.0,5584
TR,eth,white,all,all,2016,grad3,84.3,5584
TR,eth,white,all,all,2016,grad4,89.4,5584
TR,eth,white,all,all,2016,grad5p,90.7,5584
TR,eth,white,all,all,2016,gradgpa_mean,3.35,5063
TR,eth,white,all,all,2016,ret1,93.5,5584
TR,eth,white,all,all,2016,ttd_mean,2.34,
TR,eth,white,all,all,2017,grad2,61.2,5586
TR,eth,white,all,all,2017,grad3,85.2,5586
TR,eth,white,all,all,2017,grad4,90.2,5586
TR,eth,white,all,all,2017,grad5p,91.2,5586
TR,eth,white,all,all,2017,gradgpa_mean,3.365,5094
TR,eth,white,all,all,2017,ret1,93.7,5586
TR,eth,white,all,all,2017,ttd_mean,2.32,
TR,eth,white,all,all,2018,grad2,64.0,5781
TR,eth,white,all,all,2018,grad3,87.1,5781
TR,eth,white,all,all,2018,grad4,90.5,5781
TR,eth,white,all,all,2018,grad5p,91.6,5781
TR,eth,white,all,all,2018,gradgpa_mean,3.495,5295
TR,eth,white,all,all,2018,ret1,93.7,5781
TR,eth,white,all,all,2018,ttd_mean,2.27,
TR,eth,white,all,all,2019,grad2,64.5,5722
TR,eth,white,all,all,2019,grad3,86.0,5722
TR,eth,white,all,all,2019,grad4,89.9,5722
TR,eth,white,all,all,2019,grad5p,91.2,5722
TR,eth,white,all,all,2019,gradgpa_mean,3.5,5219
TR,eth,white,all,all,2019,ret1,92.9,5722
TR,eth,white,all,all,2020,grad2,62.1,5590
TR,eth,white,all,all,2020,grad3,84.5,5590
TR,eth,white,all,all,2020,grad4,88.3,5590
TR,eth,white,all,all,2020,grad5p,89.7,5590
TR,eth,white,all,all,2020,gradgpa_mean,3.482,5013
TR,eth,white,all,all,2020,ret1,92.7,5590
TR,eth,white,all,all,2021,grad2,67.3,5626
TR,eth,white,all,all,2021,grad3,87.5,5626
TR,eth,white,all,all,2021,grad4,90.8,5626
TR,eth,white,all,all,2021,gradgpa_mean,3.454,5109
TR,eth,white,all,all,2021,ret1,94.0,5626
TR,eth,white,all,all,2022,grad2,68.3,5317
TR,eth,white,all,all,2022,grad3,88.4,5317
TR,eth,white,all,all,2022,gradgpa_mean,3.469,4699
TR,eth,white,all,all,2022,ret1,95.2,5317
TR,eth,white,all,all,2023,grad2,70.3,5236
TR,eth,white,all,all,2023,gradgpa_mean,3.51,3682
TR,eth,white,all,all,2023,ret1,95.7,5236
TR,eth,white,all,all,2024,ret1,95.9,5402
TR,eth_x_fg,aian,all,first_gen,1999,grad2,24.4,41
TR,eth_x_fg,aian,all,first_gen,1999,grad3,63.4,41
TR,eth_x_fg,aian,all,first_gen,1999,grad4,70.7,41
TR,eth_x_fg,aian,all,first_gen,1999,grad5p,70.7,41
TR,eth_x_fg,aian,all,first_gen,1999,gradgpa_mean,3.26,26
TR,eth_x_fg,aian,all,first_gen,1999,ret1,82.9,41
TR,eth_x_fg,aian,all,first_gen,1999,ttd_mean,2.76,
TR,eth_x_fg,aian,all,first_gen,2000,grad2,42.9,28
TR,eth_x_fg,aian,all,first_gen,2000,grad3,71.4,28
TR,eth_x_fg,aian,all,first_gen,2000,grad4,71.4,28
TR,eth_x_fg,aian,all,first_gen,2000,grad5p,82.1,28
TR,eth_x_fg,aian,all,first_gen,2000,gradgpa_mean,3.46,12
TR,eth_x_fg,aian,all,first_gen,2000,ret1,96.4,28
TR,eth_x_fg,aian,all,first_gen,2000,ttd_mean,2.64,
TR,eth_x_fg,aian,all,first_gen,2001,grad2,53.3,45
TR,eth_x_fg,aian,all,first_gen,2001,grad3,62.2,45
TR,eth_x_fg,aian,all,first_gen,2001,grad4,71.1,45
TR,eth_x_fg,aian,all,first_gen,2001,grad5p,71.1,45
TR,eth_x_fg,aian,all,first_gen,2001,gradgpa_mean,3.43,24
TR,eth_x_fg,aian,all,first_gen,2001,ret1,88.9,45
TR,eth_x_fg,aian,all,first_gen,2001,ttd_mean,2.38,
TR,eth_x_fg,aian,all,first_gen,2002,grad2,40.9,44
TR,eth_x_fg,aian,all,first_gen,2002,grad3,68.2,44
TR,eth_x_fg,aian,all,first_gen,2002,grad4,77.3,44
TR,eth_x_fg,aian,all,first_gen,2002,grad5p,81.8,44
TR,eth_x_fg,aian,all,first_gen,2002,gradgpa_mean,3.328,30
TR,eth_x_fg,aian,all,first_gen,2002,ret1,88.6,44
TR,eth_x_fg,aian,all,first_gen,2002,ttd_mean,2.55,
TR,eth_x_fg,aian,all,first_gen,2003,grad2,28.0,50
TR,eth_x_fg,aian,all,first_gen,2003,grad3,50.0,50
TR,eth_x_fg,aian,all,first_gen,2003,grad4,64.0,50
TR,eth_x_fg,aian,all,first_gen,2003,grad5p,70.0,50
TR,eth_x_fg,aian,all,first_gen,2003,gradgpa_mean,3.202,25
TR,eth_x_fg,aian,all,first_gen,2003,ret1,78.0,50
TR,eth_x_fg,aian,all,first_gen,2003,ttd_mean,2.99,
TR,eth_x_fg,aian,all,first_gen,2004,grad2,48.1,52
TR,eth_x_fg,aian,all,first_gen,2004,grad3,75.0,52
TR,eth_x_fg,aian,all,first_gen,2004,grad4,82.7,52
TR,eth_x_fg,aian,all,first_gen,2004,grad5p,84.6,52
TR,eth_x_fg,aian,all,first_gen,2004,gradgpa_mean,3.063,39
TR,eth_x_fg,aian,all,first_gen,2004,ret1,88.5,52
TR,eth_x_fg,aian,all,first_gen,2004,ttd_mean,2.45,
TR,eth_x_fg,aian,all,first_gen,2005,grad2,47.5,40
TR,eth_x_fg,aian,all,first_gen,2005,grad3,65.0,40
TR,eth_x_fg,aian,all,first_gen,2005,grad4,70.0,40
TR,eth_x_fg,aian,all,first_gen,2005,grad5p,72.5,40
TR,eth_x_fg,aian,all,first_gen,2005,gradgpa_mean,3.28,19
TR,eth_x_fg,aian,all,first_gen,2005,ret1,80.0,40
TR,eth_x_fg,aian,all,first_gen,2005,ttd_mean,2.32,
TR,eth_x_fg,aian,all,first_gen,2006,grad2,41.0,39
TR,eth_x_fg,aian,all,first_gen,2006,grad3,66.7,39
TR,eth_x_fg,aian,all,first_gen,2006,grad4,76.9,39
TR,eth_x_fg,aian,all,first_gen,2006,grad5p,79.5,39
TR,eth_x_fg,aian,all,first_gen,2006,gradgpa_mean,3.053,26
TR,eth_x_fg,aian,all,first_gen,2006,ret1,92.3,39
TR,eth_x_fg,aian,all,first_gen,2006,ttd_mean,2.5,
TR,eth_x_fg,aian,all,first_gen,2007,grad2,34.0,53
TR,eth_x_fg,aian,all,first_gen,2007,grad3,60.4,53
TR,eth_x_fg,aian,all,first_gen,2007,grad4,69.8,53
TR,eth_x_fg,aian,all,first_gen,2007,grad5p,77.4,53
TR,eth_x_fg,aian,all,first_gen,2007,gradgpa_mean,3.23,32
TR,eth_x_fg,aian,all,first_gen,2007,ret1,92.5,53
TR,eth_x_fg,aian,all,first_gen,2007,ttd_mean,2.71,
TR,eth_x_fg,aian,all,first_gen,2008,grad2,31.1,45
TR,eth_x_fg,aian,all,first_gen,2008,grad3,62.2,45
TR,eth_x_fg,aian,all,first_gen,2008,grad4,68.9,45
TR,eth_x_fg,aian,all,first_gen,2008,grad5p,73.3,45
TR,eth_x_fg,aian,all,first_gen,2008,gradgpa_mean,3.085,28
TR,eth_x_fg,aian,all,first_gen,2008,ret1,80.0,45
TR,eth_x_fg,aian,all,first_gen,2008,ttd_mean,2.89,
TR,eth_x_fg,aian,all,first_gen,2009,grad2,50.0,74
TR,eth_x_fg,aian,all,first_gen,2009,grad3,73.0,74
TR,eth_x_fg,aian,all,first_gen,2009,grad4,78.4,74
TR,eth_x_fg,aian,all,first_gen,2009,grad5p,83.8,74
TR,eth_x_fg,aian,all,first_gen,2009,gradgpa_mean,3.228,54
TR,eth_x_fg,aian,all,first_gen,2009,ret1,90.5,74
TR,eth_x_fg,aian,all,first_gen,2009,ttd_mean,2.51,
TR,eth_x_fg,aian,all,first_gen,2010,grad2,46.3,82
TR,eth_x_fg,aian,all,first_gen,2010,grad3,79.3,82
TR,eth_x_fg,aian,all,first_gen,2010,grad4,81.7,82
TR,eth_x_fg,aian,all,first_gen,2010,grad5p,85.4,82
TR,eth_x_fg,aian,all,first_gen,2010,gradgpa_mean,3.165,65
TR,eth_x_fg,aian,all,first_gen,2010,ret1,93.9,82
TR,eth_x_fg,aian,all,first_gen,2010,ttd_mean,2.48,
TR,eth_x_fg,aian,all,first_gen,2011,grad2,55.4,74
TR,eth_x_fg,aian,all,first_gen,2011,grad3,81.1,74
TR,eth_x_fg,aian,all,first_gen,2011,grad4,83.8,74
TR,eth_x_fg,aian,all,first_gen,2011,grad5p,83.8,74
TR,eth_x_fg,aian,all,first_gen,2011,gradgpa_mean,3.321,60
TR,eth_x_fg,aian,all,first_gen,2011,ret1,94.6,74
TR,eth_x_fg,aian,all,first_gen,2011,ttd_mean,2.39,
TR,eth_x_fg,aian,all,first_gen,2012,grad2,55.4,92
TR,eth_x_fg,aian,all,first_gen,2012,grad3,83.7,92
TR,eth_x_fg,aian,all,first_gen,2012,grad4,84.8,92
TR,eth_x_fg,aian,all,first_gen,2012,grad5p,87.0,92
TR,eth_x_fg,aian,all,first_gen,2012,gradgpa_mean,3.359,77
TR,eth_x_fg,aian,all,first_gen,2012,ret1,92.4,92
TR,eth_x_fg,aian,all,first_gen,2012,ttd_mean,2.41,
TR,eth_x_fg,aian,all,first_gen,2013,grad2,42.7,75
TR,eth_x_fg,aian,all,first_gen,2013,grad3,80.0,75
TR,eth_x_fg,aian,all,first_gen,2013,grad4,86.7,75
TR,eth_x_fg,aian,all,first_gen,2013,grad5p,86.7,75
TR,eth_x_fg,aian,all,first_gen,2013,gradgpa_mean,3.211,60
TR,eth_x_fg,aian,all,first_gen,2013,ret1,89.3,75
TR,eth_x_fg,aian,all,first_gen,2013,ttd_mean,2.55,
TR,eth_x_fg,aian,all,first_gen,2014,grad2,55.2,96
TR,eth_x_fg,aian,all,first_gen,2014,grad3,79.2,96
TR,eth_x_fg,aian,all,first_gen,2014,grad4,83.3,96
TR,eth_x_fg,aian,all,first_gen,2014,grad5p,86.5,96
TR,eth_x_fg,aian,all,first_gen,2014,gradgpa_mean,3.263,76
TR,eth_x_fg,aian,all,first_gen,2014,ret1,91.7,96
TR,eth_x_fg,aian,all,first_gen,2014,ttd_mean,2.44,
TR,eth_x_fg,aian,all,first_gen,2015,grad2,52.2,69
TR,eth_x_fg,aian,all,first_gen,2015,grad3,79.7,69
TR,eth_x_fg,aian,all,first_gen,2015,grad4,85.5,69
TR,eth_x_fg,aian,all,first_gen,2015,grad5p,87.0,69
TR,eth_x_fg,aian,all,first_gen,2015,gradgpa_mean,3.397,55
TR,eth_x_fg,aian,all,first_gen,2015,ret1,94.2,69
TR,eth_x_fg,aian,all,first_gen,2015,ttd_mean,2.48,
TR,eth_x_fg,aian,all,first_gen,2016,grad2,46.7,75
TR,eth_x_fg,aian,all,first_gen,2016,grad3,76.0,75
TR,eth_x_fg,aian,all,first_gen,2016,grad4,81.3,75
TR,eth_x_fg,aian,all,first_gen,2016,grad5p,82.7,75
TR,eth_x_fg,aian,all,first_gen,2016,gradgpa_mean,3.158,57
TR,eth_x_fg,aian,all,first_gen,2016,ret1,88.0,75
TR,eth_x_fg,aian,all,first_gen,2016,ttd_mean,2.45,
TR,eth_x_fg,aian,all,first_gen,2017,grad2,56.9,72
TR,eth_x_fg,aian,all,first_gen,2017,grad3,79.2,72
TR,eth_x_fg,aian,all,first_gen,2017,grad4,87.5,72
TR,eth_x_fg,aian,all,first_gen,2017,grad5p,90.3,72
TR,eth_x_fg,aian,all,first_gen,2017,gradgpa_mean,3.341,57
TR,eth_x_fg,aian,all,first_gen,2017,ret1,88.9,72
TR,eth_x_fg,aian,all,first_gen,2017,ttd_mean,2.48,
TR,eth_x_fg,aian,all,first_gen,2018,grad2,32.7,52
TR,eth_x_fg,aian,all,first_gen,2018,grad3,67.3,52
TR,eth_x_fg,aian,all,first_gen,2018,grad4,76.9,52
TR,eth_x_fg,aian,all,first_gen,2018,grad5p,80.8,52
TR,eth_x_fg,aian,all,first_gen,2018,gradgpa_mean,3.473,35
TR,eth_x_fg,aian,all,first_gen,2018,ret1,86.5,52
TR,eth_x_fg,aian,all,first_gen,2018,ttd_mean,2.61,
TR,eth_x_fg,aian,all,first_gen,2019,grad2,59.3,54
TR,eth_x_fg,aian,all,first_gen,2019,grad3,79.6,54
TR,eth_x_fg,aian,all,first_gen,2019,grad4,81.5,54
TR,eth_x_fg,aian,all,first_gen,2019,grad5p,85.2,54
TR,eth_x_fg,aian,all,first_gen,2019,gradgpa_mean,3.538,43
TR,eth_x_fg,aian,all,first_gen,2019,ret1,94.4,54
TR,eth_x_fg,aian,all,first_gen,2020,grad2,37.3,51
TR,eth_x_fg,aian,all,first_gen,2020,grad3,66.7,51
TR,eth_x_fg,aian,all,first_gen,2020,grad4,70.6,51
TR,eth_x_fg,aian,all,first_gen,2020,grad5p,72.5,51
TR,eth_x_fg,aian,all,first_gen,2020,gradgpa_mean,3.413,34
TR,eth_x_fg,aian,all,first_gen,2020,ret1,84.3,51
TR,eth_x_fg,aian,all,first_gen,2021,grad2,38.6,44
TR,eth_x_fg,aian,all,first_gen,2021,grad3,68.2,44
TR,eth_x_fg,aian,all,first_gen,2021,grad4,81.8,44
TR,eth_x_fg,aian,all,first_gen,2021,gradgpa_mean,3.515,30
TR,eth_x_fg,aian,all,first_gen,2021,ret1,81.8,44
TR,eth_x_fg,aian,all,first_gen,2022,grad2,64.6,65
TR,eth_x_fg,aian,all,first_gen,2022,grad3,78.5,65
TR,eth_x_fg,aian,all,first_gen,2022,gradgpa_mean,3.45,42
TR,eth_x_fg,aian,all,first_gen,2022,ret1,92.3,65
TR,eth_x_fg,aian,all,first_gen,2023,grad2,56.5,69
TR,eth_x_fg,aian,all,first_gen,2023,gradgpa_mean,3.52,39
TR,eth_x_fg,aian,all,first_gen,2023,ret1,95.7,69
TR,eth_x_fg,aian,all,first_gen,2024,ret1,93.8,64
TR,eth_x_fg,aian,all,not_first_gen,1999,grad2,44.4,27
TR,eth_x_fg,aian,all,not_first_gen,1999,grad3,63.0,27
TR,eth_x_fg,aian,all,not_first_gen,1999,grad4,77.8,27
TR,eth_x_fg,aian,all,not_first_gen,1999,grad5p,77.8,27
TR,eth_x_fg,aian,all,not_first_gen,1999,gradgpa_mean,3.29,12
TR,eth_x_fg,aian,all,not_first_gen,1999,ret1,88.9,27
TR,eth_x_fg,aian,all,not_first_gen,1999,ttd_mean,2.68,
TR,eth_x_fg,aian,all,not_first_gen,2000,grad2,52.9,34
TR,eth_x_fg,aian,all,not_first_gen,2000,grad3,79.4,34
TR,eth_x_fg,aian,all,not_first_gen,2000,grad4,85.3,34
TR,eth_x_fg,aian,all,not_first_gen,2000,grad5p,88.2,34
TR,eth_x_fg,aian,all,not_first_gen,2000,gradgpa_mean,3.09,18
TR,eth_x_fg,aian,all,not_first_gen,2000,ret1,94.1,34
TR,eth_x_fg,aian,all,not_first_gen,2000,ttd_mean,2.52,
TR,eth_x_fg,aian,all,not_first_gen,2001,grad2,43.2,37
TR,eth_x_fg,aian,all,not_first_gen,2001,grad3,64.9,37
TR,eth_x_fg,aian,all,not_first_gen,2001,grad4,81.1,37
TR,eth_x_fg,aian,all,not_first_gen,2001,grad5p,83.8,37
TR,eth_x_fg,aian,all,not_first_gen,2001,gradgpa_mean,3.33,16
TR,eth_x_fg,aian,all,not_first_gen,2001,ret1,89.2,37
TR,eth_x_fg,aian,all,not_first_gen,2001,ttd_mean,2.54,
TR,eth_x_fg,aian,all,not_first_gen,2002,grad2,40.5,42
TR,eth_x_fg,aian,all,not_first_gen,2002,grad3,66.7,42
TR,eth_x_fg,aian,all,not_first_gen,2002,grad4,71.4,42
TR,eth_x_fg,aian,all,not_first_gen,2002,grad5p,71.4,42
TR,eth_x_fg,aian,all,not_first_gen,2002,gradgpa_mean,3.06,28
TR,eth_x_fg,aian,all,not_first_gen,2002,ret1,88.1,42
TR,eth_x_fg,aian,all,not_first_gen,2002,ttd_mean,2.57,
TR,eth_x_fg,aian,all,not_first_gen,2003,grad2,50.0,44
TR,eth_x_fg,aian,all,not_first_gen,2003,grad3,72.7,44
TR,eth_x_fg,aian,all,not_first_gen,2003,grad4,81.8,44
TR,eth_x_fg,aian,all,not_first_gen,2003,grad5p,84.1,44
TR,eth_x_fg,aian,all,not_first_gen,2003,gradgpa_mean,3.289,32
TR,eth_x_fg,aian,all,not_first_gen,2003,ret1,95.5,44
TR,eth_x_fg,aian,all,not_first_gen,2003,ttd_mean,2.7,
TR,eth_x_fg,aian,all,not_first_gen,2004,grad2,46.9,49
TR,eth_x_fg,aian,all,not_first_gen,2004,grad3,79.6,49
TR,eth_x_fg,aian,all,not_first_gen,2004,grad4,83.7,49
TR,eth_x_fg,aian,all,not_first_gen,2004,grad5p,85.7,49
TR,eth_x_fg,aian,all,not_first_gen,2004,gradgpa_mean,3.332,39
TR,eth_x_fg,aian,all,not_first_gen,2004,ret1,91.8,49
TR,eth_x_fg,aian,all,not_first_gen,2004,ttd_mean,2.47,
TR,eth_x_fg,aian,all,not_first_gen,2005,grad2,40.6,32
TR,eth_x_fg,aian,all,not_first_gen,2005,grad3,71.9,32
TR,eth_x_fg,aian,all,not_first_gen,2005,grad4,75.0,32
TR,eth_x_fg,aian,all,not_first_gen,2005,grad5p,75.0,32
TR,eth_x_fg,aian,all,not_first_gen,2005,gradgpa_mean,3.169,23
TR,eth_x_fg,aian,all,not_first_gen,2005,ret1,100.0,32
TR,eth_x_fg,aian,all,not_first_gen,2005,ttd_mean,2.72,
TR,eth_x_fg,aian,all,not_first_gen,2006,grad2,57.7,52
TR,eth_x_fg,aian,all,not_first_gen,2006,grad3,76.9,52
TR,eth_x_fg,aian,all,not_first_gen,2006,grad4,86.5,52
TR,eth_x_fg,aian,all,not_first_gen,2006,grad5p,90.4,52
TR,eth_x_fg,aian,all,not_first_gen,2006,gradgpa_mean,3.267,40
TR,eth_x_fg,aian,all,not_first_gen,2006,ret1,88.5,52
TR,eth_x_fg,aian,all,not_first_gen,2006,ttd_mean,2.46,
TR,eth_x_fg,aian,all,not_first_gen,2007,grad2,40.5,42
TR,eth_x_fg,aian,all,not_first_gen,2007,grad3,71.4,42
TR,eth_x_fg,aian,all,not_first_gen,2007,grad4,76.2,42
TR,eth_x_fg,aian,all,not_first_gen,2007,grad5p,81.0,42
TR,eth_x_fg,aian,all,not_first_gen,2007,gradgpa_mean,3.105,30
TR,eth_x_fg,aian,all,not_first_gen,2007,ret1,85.7,42
TR,eth_x_fg,aian,all,not_first_gen,2007,ttd_mean,2.46,
TR,eth_x_fg,aian,all,not_first_gen,2008,grad2,35.7,56
TR,eth_x_fg,aian,all,not_first_gen,2008,grad3,66.1,56
TR,eth_x_fg,aian,all,not_first_gen,2008,grad4,73.2,56
TR,eth_x_fg,aian,all,not_first_gen,2008,grad5p,78.6,56
TR,eth_x_fg,aian,all,not_first_gen,2008,gradgpa_mean,3.035,37
TR,eth_x_fg,aian,all,not_first_gen,2008,ret1,89.3,56
TR,eth_x_fg,aian,all,not_first_gen,2008,ttd_mean,2.75,
TR,eth_x_fg,aian,all,not_first_gen,2009,grad2,47.2,53
TR,eth_x_fg,aian,all,not_first_gen,2009,grad3,83.0,53
TR,eth_x_fg,aian,all,not_first_gen,2009,grad4,86.8,53
TR,eth_x_fg,aian,all,not_first_gen,2009,grad5p,90.6,53
TR,eth_x_fg,aian,all,not_first_gen,2009,gradgpa_mean,3.34,44
TR,eth_x_fg,aian,all,not_first_gen,2009,ret1,96.2,53
TR,eth_x_fg,aian,all,not_first_gen,2009,ttd_mean,2.61,
TR,eth_x_fg,aian,all,not_first_gen,2010,grad2,59.5,84
TR,eth_x_fg,aian,all,not_first_gen,2010,grad3,83.3,84
TR,eth_x_fg,aian,all,not_first_gen,2010,grad4,86.9,84
TR,eth_x_fg,aian,all,not_first_gen,2010,grad5p,88.1,84
TR,eth_x_fg,aian,all,not_first_gen,2010,gradgpa_mean,3.216,70
TR,eth_x_fg,aian,all,not_first_gen,2010,ret1,92.9,84
TR,eth_x_fg,aian,all,not_first_gen,2010,ttd_mean,2.32,
TR,eth_x_fg,aian,all,not_first_gen,2011,grad2,52.2,67
TR,eth_x_fg,aian,all,not_first_gen,2011,grad3,80.6,67
TR,eth_x_fg,aian,all,not_first_gen,2011,grad4,86.6,67
TR,eth_x_fg,aian,all,not_first_gen,2011,grad5p,86.6,67
TR,eth_x_fg,aian,all,not_first_gen,2011,gradgpa_mean,3.299,54
TR,eth_x_fg,aian,all,not_first_gen,2011,ret1,91.0,67
TR,eth_x_fg,aian,all,not_first_gen,2011,ttd_mean,2.41,
TR,eth_x_fg,aian,all,not_first_gen,2012,grad2,44.9,69
TR,eth_x_fg,aian,all,not_first_gen,2012,grad3,75.4,69
TR,eth_x_fg,aian,all,not_first_gen,2012,grad4,84.1,69
TR,eth_x_fg,aian,all,not_first_gen,2012,grad5p,84.1,69
TR,eth_x_fg,aian,all,not_first_gen,2012,gradgpa_mean,3.376,52
TR,eth_x_fg,aian,all,not_first_gen,2012,ret1,89.9,69
TR,eth_x_fg,aian,all,not_first_gen,2012,ttd_mean,2.47,
TR,eth_x_fg,aian,all,not_first_gen,2013,grad2,67.2,64
TR,eth_x_fg,aian,all,not_first_gen,2013,grad3,84.4,64
TR,eth_x_fg,aian,all,not_first_gen,2013,grad4,85.9,64
TR,eth_x_fg,aian,all,not_first_gen,2013,grad5p,87.5,64
TR,eth_x_fg,aian,all,not_first_gen,2013,gradgpa_mean,3.276,54
TR,eth_x_fg,aian,all,not_first_gen,2013,ret1,89.1,64
TR,eth_x_fg,aian,all,not_first_gen,2013,ttd_mean,2.32,
TR,eth_x_fg,aian,all,not_first_gen,2014,grad2,44.6,74
TR,eth_x_fg,aian,all,not_first_gen,2014,grad3,70.3,74
TR,eth_x_fg,aian,all,not_first_gen,2014,grad4,79.7,74
TR,eth_x_fg,aian,all,not_first_gen,2014,grad5p,82.4,74
TR,eth_x_fg,aian,all,not_first_gen,2014,gradgpa_mean,3.308,52
TR,eth_x_fg,aian,all,not_first_gen,2014,ret1,87.8,74
TR,eth_x_fg,aian,all,not_first_gen,2014,ttd_mean,2.56,
TR,eth_x_fg,aian,all,not_first_gen,2015,grad2,51.9,52
TR,eth_x_fg,aian,all,not_first_gen,2015,grad3,88.5,52
TR,eth_x_fg,aian,all,not_first_gen,2015,grad4,92.3,52
TR,eth_x_fg,aian,all,not_first_gen,2015,grad5p,92.3,52
TR,eth_x_fg,aian,all,not_first_gen,2015,gradgpa_mean,3.369,46
TR,eth_x_fg,aian,all,not_first_gen,2015,ret1,94.2,52
TR,eth_x_fg,aian,all,not_first_gen,2015,ttd_mean,2.41,
TR,eth_x_fg,aian,all,not_first_gen,2016,grad2,54.7,64
TR,eth_x_fg,aian,all,not_first_gen,2016,grad3,79.7,64
TR,eth_x_fg,aian,all,not_first_gen,2016,grad4,85.9,64
TR,eth_x_fg,aian,all,not_first_gen,2016,grad5p,89.1,64
TR,eth_x_fg,aian,all,not_first_gen,2016,gradgpa_mean,3.341,51
TR,eth_x_fg,aian,all,not_first_gen,2016,ret1,93.8,64
TR,eth_x_fg,aian,all,not_first_gen,2016,ttd_mean,2.43,
TR,eth_x_fg,aian,all,not_first_gen,2017,grad2,61.7,60
TR,eth_x_fg,aian,all,not_first_gen,2017,grad3,83.3,60
TR,eth_x_fg,aian,all,not_first_gen,2017,grad4,90.0,60
TR,eth_x_fg,aian,all,not_first_gen,2017,grad5p,90.0,60
TR,eth_x_fg,aian,all,not_first_gen,2017,gradgpa_mean,3.389,50
TR,eth_x_fg,aian,all,not_first_gen,2017,ret1,93.3,60
TR,eth_x_fg,aian,all,not_first_gen,2017,ttd_mean,2.25,
TR,eth_x_fg,aian,all,not_first_gen,2018,grad2,61.9,63
TR,eth_x_fg,aian,all,not_first_gen,2018,grad3,84.1,63
TR,eth_x_fg,aian,all,not_first_gen,2018,grad4,85.7,63
TR,eth_x_fg,aian,all,not_first_gen,2018,grad5p,87.3,63
TR,eth_x_fg,aian,all,not_first_gen,2018,gradgpa_mean,3.541,53
TR,eth_x_fg,aian,all,not_first_gen,2018,ret1,92.1,63
TR,eth_x_fg,aian,all,not_first_gen,2018,ttd_mean,2.33,
TR,eth_x_fg,aian,all,not_first_gen,2019,grad2,57.1,56
TR,eth_x_fg,aian,all,not_first_gen,2019,grad3,83.9,56
TR,eth_x_fg,aian,all,not_first_gen,2019,grad4,85.7,56
TR,eth_x_fg,aian,all,not_first_gen,2019,grad5p,87.5,56
TR,eth_x_fg,aian,all,not_first_gen,2019,gradgpa_mean,3.413,47
TR,eth_x_fg,aian,all,not_first_gen,2019,ret1,92.9,56
TR,eth_x_fg,aian,all,not_first_gen,2020,grad2,42.9,70
TR,eth_x_fg,aian,all,not_first_gen,2020,grad3,75.7,70
TR,eth_x_fg,aian,all,not_first_gen,2020,grad4,84.3,70
TR,eth_x_fg,aian,all,not_first_gen,2020,grad5p,88.6,70
TR,eth_x_fg,aian,all,not_first_gen,2020,gradgpa_mean,3.53,53
TR,eth_x_fg,aian,all,not_first_gen,2020,ret1,91.4,70
TR,eth_x_fg,aian,all,not_first_gen,2021,grad2,64.6,48
TR,eth_x_fg,aian,all,not_first_gen,2021,grad3,75.0,48
TR,eth_x_fg,aian,all,not_first_gen,2021,grad4,79.2,48
TR,eth_x_fg,aian,all,not_first_gen,2021,gradgpa_mean,3.57,31
TR,eth_x_fg,aian,all,not_first_gen,2021,ret1,87.5,48
TR,eth_x_fg,aian,all,not_first_gen,2022,grad2,65.8,76
TR,eth_x_fg,aian,all,not_first_gen,2022,grad3,90.8,76
TR,eth_x_fg,aian,all,not_first_gen,2022,gradgpa_mean,3.66,69
TR,eth_x_fg,aian,all,not_first_gen,2022,ret1,97.4,76
TR,eth_x_fg,aian,all,not_first_gen,2023,grad2,71.6,95
TR,eth_x_fg,aian,all,not_first_gen,2023,gradgpa_mean,3.56,68
TR,eth_x_fg,aian,all,not_first_gen,2023,ret1,92.6,95
TR,eth_x_fg,aian,all,not_first_gen,2024,ret1,92.6,95
TR,eth_x_fg,asian_pi,all,first_gen,1999,grad2,37.7,828
TR,eth_x_fg,asian_pi,all,first_gen,1999,grad3,72.7,828
TR,eth_x_fg,asian_pi,all,first_gen,1999,grad4,82.0,828
TR,eth_x_fg,asian_pi,all,first_gen,1999,grad5p,85.0,828
TR,eth_x_fg,asian_pi,all,first_gen,1999,gradgpa_mean,3.05,704
TR,eth_x_fg,asian_pi,all,first_gen,1999,ret1,93.0,828
TR,eth_x_fg,asian_pi,all,first_gen,1999,ttd_mean,2.63,
TR,eth_x_fg,asian_pi,all,first_gen,2000,grad2,36.4,1188
TR,eth_x_fg,asian_pi,all,first_gen,2000,grad3,74.7,1188
TR,eth_x_fg,asian_pi,all,first_gen,2000,grad4,82.7,1188
TR,eth_x_fg,asian_pi,all,first_gen,2000,grad5p,84.8,1188
TR,eth_x_fg,asian_pi,all,first_gen,2000,gradgpa_mean,3.054,1007
TR,eth_x_fg,asian_pi,all,first_gen,2000,ret1,91.3,1188
TR,eth_x_fg,asian_pi,all,first_gen,2000,ttd_mean,2.61,
TR,eth_x_fg,asian_pi,all,first_gen,2001,grad2,39.1,1308
TR,eth_x_fg,asian_pi,all,first_gen,2001,grad3,76.5,1308
TR,eth_x_fg,asian_pi,all,first_gen,2001,grad4,84.0,1308
TR,eth_x_fg,asian_pi,all,first_gen,2001,grad5p,86.1,1308
TR,eth_x_fg,asian_pi,all,first_gen,2001,gradgpa_mean,3.137,1126
TR,eth_x_fg,asian_pi,all,first_gen,2001,ret1,92.3,1308
TR,eth_x_fg,asian_pi,all,first_gen,2001,ttd_mean,2.59,
TR,eth_x_fg,asian_pi,all,first_gen,2002,grad2,41.9,1357
TR,eth_x_fg,asian_pi,all,first_gen,2002,grad3,77.5,1357
TR,eth_x_fg,asian_pi,all,first_gen,2002,grad4,83.9,1357
TR,eth_x_fg,asian_pi,all,first_gen,2002,grad5p,85.8,1357
TR,eth_x_fg,asian_pi,all,first_gen,2002,gradgpa_mean,3.106,1164
TR,eth_x_fg,asian_pi,all,first_gen,2002,ret1,92.3,1357
TR,eth_x_fg,asian_pi,all,first_gen,2002,ttd_mean,2.54,
TR,eth_x_fg,asian_pi,all,first_gen,2003,grad2,47.0,1480
TR,eth_x_fg,asian_pi,all,first_gen,2003,grad3,78.6,1480
TR,eth_x_fg,asian_pi,all,first_gen,2003,grad4,84.9,1480
TR,eth_x_fg,asian_pi,all,first_gen,2003,grad5p,86.9,1480
TR,eth_x_fg,asian_pi,all,first_gen,2003,gradgpa_mean,3.096,1286
TR,eth_x_fg,asian_pi,all,first_gen,2003,ret1,92.9,1480
TR,eth_x_fg,asian_pi,all,first_gen,2003,ttd_mean,2.47,
TR,eth_x_fg,asian_pi,all,first_gen,2004,grad2,49.5,1611
TR,eth_x_fg,asian_pi,all,first_gen,2004,grad3,78.9,1611
TR,eth_x_fg,asian_pi,all,first_gen,2004,grad4,85.2,1611
TR,eth_x_fg,asian_pi,all,first_gen,2004,grad5p,87.3,1611
TR,eth_x_fg,asian_pi,all,first_gen,2004,gradgpa_mean,3.069,1407
TR,eth_x_fg,asian_pi,all,first_gen,2004,ret1,93.0,1611
TR,eth_x_fg,asian_pi,all,first_gen,2004,ttd_mean,2.46,
TR,eth_x_fg,asian_pi,all,first_gen,2005,grad2,50.1,1753
TR,eth_x_fg,asian_pi,all,first_gen,2005,grad3,82.3,1753
TR,eth_x_fg,asian_pi,all,first_gen,2005,grad4,87.2,1753
TR,eth_x_fg,asian_pi,all,first_gen,2005,grad5p,88.6,1753
TR,eth_x_fg,asian_pi,all,first_gen,2005,gradgpa_mean,3.064,1554
TR,eth_x_fg,asian_pi,all,first_gen,2005,ret1,93.1,1753
TR,eth_x_fg,asian_pi,all,first_gen,2005,ttd_mean,2.44,
TR,eth_x_fg,asian_pi,all,first_gen,2006,grad2,49.7,1717
TR,eth_x_fg,asian_pi,all,first_gen,2006,grad3,80.1,1717
TR,eth_x_fg,asian_pi,all,first_gen,2006,grad4,85.7,1717
TR,eth_x_fg,asian_pi,all,first_gen,2006,grad5p,87.4,1717
TR,eth_x_fg,asian_pi,all,first_gen,2006,gradgpa_mean,3.096,1501
TR,eth_x_fg,asian_pi,all,first_gen,2006,ret1,92.1,1717
TR,eth_x_fg,asian_pi,all,first_gen,2006,ttd_mean,2.43,
TR,eth_x_fg,asian_pi,all,first_gen,2007,grad2,47.3,1707
TR,eth_x_fg,asian_pi,all,first_gen,2007,grad3,78.9,1707
TR,eth_x_fg,asian_pi,all,first_gen,2007,grad4,85.4,1707
TR,eth_x_fg,asian_pi,all,first_gen,2007,grad5p,87.0,1707
TR,eth_x_fg,asian_pi,all,first_gen,2007,gradgpa_mean,3.063,1485
TR,eth_x_fg,asian_pi,all,first_gen,2007,ret1,91.5,1707
TR,eth_x_fg,asian_pi,all,first_gen,2007,ttd_mean,2.47,
TR,eth_x_fg,asian_pi,all,first_gen,2008,grad2,48.4,1873
TR,eth_x_fg,asian_pi,all,first_gen,2008,grad3,80.7,1873
TR,eth_x_fg,asian_pi,all,first_gen,2008,grad4,86.6,1873
TR,eth_x_fg,asian_pi,all,first_gen,2008,grad5p,88.4,1873
TR,eth_x_fg,asian_pi,all,first_gen,2008,gradgpa_mean,3.149,1655
TR,eth_x_fg,asian_pi,all,first_gen,2008,ret1,93.2,1873
TR,eth_x_fg,asian_pi,all,first_gen,2008,ttd_mean,2.47,
TR,eth_x_fg,asian_pi,all,first_gen,2009,grad2,49.0,1921
TR,eth_x_fg,asian_pi,all,first_gen,2009,grad3,81.3,1921
TR,eth_x_fg,asian_pi,all,first_gen,2009,grad4,86.8,1921
TR,eth_x_fg,asian_pi,all,first_gen,2009,grad5p,88.2,1921
TR,eth_x_fg,asian_pi,all,first_gen,2009,gradgpa_mean,3.09,1695
TR,eth_x_fg,asian_pi,all,first_gen,2009,ret1,92.6,1921
TR,eth_x_fg,asian_pi,all,first_gen,2009,ttd_mean,2.46,
TR,eth_x_fg,asian_pi,all,first_gen,2010,grad2,53.5,2155
TR,eth_x_fg,asian_pi,all,first_gen,2010,grad3,84.1,2155
TR,eth_x_fg,asian_pi,all,first_gen,2010,grad4,88.9,2155
TR,eth_x_fg,asian_pi,all,first_gen,2010,grad5p,90.4,2155
TR,eth_x_fg,asian_pi,all,first_gen,2010,gradgpa_mean,3.092,1948
TR,eth_x_fg,asian_pi,all,first_gen,2010,ret1,94.1,2155
TR,eth_x_fg,asian_pi,all,first_gen,2010,ttd_mean,2.39,
TR,eth_x_fg,asian_pi,all,first_gen,2011,grad2,51.9,2314
TR,eth_x_fg,asian_pi,all,first_gen,2011,grad3,82.7,2314
TR,eth_x_fg,asian_pi,all,first_gen,2011,grad4,87.8,2314
TR,eth_x_fg,asian_pi,all,first_gen,2011,grad5p,89.5,2314
TR,eth_x_fg,asian_pi,all,first_gen,2011,gradgpa_mean,3.123,2070
TR,eth_x_fg,asian_pi,all,first_gen,2011,ret1,93.1,2314
TR,eth_x_fg,asian_pi,all,first_gen,2011,ttd_mean,2.42,
TR,eth_x_fg,asian_pi,all,first_gen,2012,grad2,54.0,2376
TR,eth_x_fg,asian_pi,all,first_gen,2012,grad3,85.4,2376
TR,eth_x_fg,asian_pi,all,first_gen,2012,grad4,90.4,2376
TR,eth_x_fg,asian_pi,all,first_gen,2012,grad5p,92.0,2376
TR,eth_x_fg,asian_pi,all,first_gen,2012,gradgpa_mean,3.124,2187
TR,eth_x_fg,asian_pi,all,first_gen,2012,ret1,94.5,2376
TR,eth_x_fg,asian_pi,all,first_gen,2012,ttd_mean,2.41,
TR,eth_x_fg,asian_pi,all,first_gen,2013,grad2,52.3,2314
TR,eth_x_fg,asian_pi,all,first_gen,2013,grad3,84.2,2314
TR,eth_x_fg,asian_pi,all,first_gen,2013,grad4,89.5,2314
TR,eth_x_fg,asian_pi,all,first_gen,2013,grad5p,90.7,2314
TR,eth_x_fg,asian_pi,all,first_gen,2013,gradgpa_mean,3.142,2098
TR,eth_x_fg,asian_pi,all,first_gen,2013,ret1,94.1,2314
TR,eth_x_fg,asian_pi,all,first_gen,2013,ttd_mean,2.42,
TR,eth_x_fg,asian_pi,all,first_gen,2014,grad2,55.4,2337
TR,eth_x_fg,asian_pi,all,first_gen,2014,grad3,86.1,2337
TR,eth_x_fg,asian_pi,all,first_gen,2014,grad4,90.8,2337
TR,eth_x_fg,asian_pi,all,first_gen,2014,grad5p,92.2,2337
TR,eth_x_fg,asian_pi,all,first_gen,2014,gradgpa_mean,3.194,2154
TR,eth_x_fg,asian_pi,all,first_gen,2014,ret1,94.3,2337
TR,eth_x_fg,asian_pi,all,first_gen,2014,ttd_mean,2.4,
TR,eth_x_fg,asian_pi,all,first_gen,2015,grad2,56.5,2177
TR,eth_x_fg,asian_pi,all,first_gen,2015,grad3,85.8,2177
TR,eth_x_fg,asian_pi,all,first_gen,2015,grad4,89.3,2177
TR,eth_x_fg,asian_pi,all,first_gen,2015,grad5p,90.3,2177
TR,eth_x_fg,asian_pi,all,first_gen,2015,gradgpa_mean,3.208,1966
TR,eth_x_fg,asian_pi,all,first_gen,2015,ret1,93.5,2177
TR,eth_x_fg,asian_pi,all,first_gen,2015,ttd_mean,2.36,
TR,eth_x_fg,asian_pi,all,first_gen,2016,grad2,53.0,2535
TR,eth_x_fg,asian_pi,all,first_gen,2016,grad3,83.4,2535
TR,eth_x_fg,asian_pi,all,first_gen,2016,grad4,89.1,2535
TR,eth_x_fg,asian_pi,all,first_gen,2016,grad5p,90.6,2535
TR,eth_x_fg,asian_pi,all,first_gen,2016,gradgpa_mean,3.154,2297
TR,eth_x_fg,asian_pi,all,first_gen,2016,ret1,93.1,2535
TR,eth_x_fg,asian_pi,all,first_gen,2016,ttd_mean,2.42,
TR,eth_x_fg,asian_pi,all,first_gen,2017,grad2,56.7,2534
TR,eth_x_fg,asian_pi,all,first_gen,2017,grad3,84.7,2534
TR,eth_x_fg,asian_pi,all,first_gen,2017,grad4,89.3,2534
TR,eth_x_fg,asian_pi,all,first_gen,2017,grad5p,90.4,2534
TR,eth_x_fg,asian_pi,all,first_gen,2017,gradgpa_mean,3.239,2290
TR,eth_x_fg,asian_pi,all,first_gen,2017,ret1,93.1,2534
TR,eth_x_fg,asian_pi,all,first_gen,2017,ttd_mean,2.33,
TR,eth_x_fg,asian_pi,all,first_gen,2018,grad2,58.2,2449
TR,eth_x_fg,asian_pi,all,first_gen,2018,grad3,87.1,2449
TR,eth_x_fg,asian_pi,all,first_gen,2018,grad4,90.6,2449
TR,eth_x_fg,asian_pi,all,first_gen,2018,grad5p,92.1,2449
TR,eth_x_fg,asian_pi,all,first_gen,2018,gradgpa_mean,3.365,2255
TR,eth_x_fg,asian_pi,all,first_gen,2018,ret1,93.7,2449
TR,eth_x_fg,asian_pi,all,first_gen,2018,ttd_mean,2.33,
TR,eth_x_fg,asian_pi,all,first_gen,2019,grad2,63.8,2497
TR,eth_x_fg,asian_pi,all,first_gen,2019,grad3,88.7,2497
TR,eth_x_fg,asian_pi,all,first_gen,2019,grad4,91.5,2497
TR,eth_x_fg,asian_pi,all,first_gen,2019,grad5p,92.2,2497
TR,eth_x_fg,asian_pi,all,first_gen,2019,gradgpa_mean,3.407,2303
TR,eth_x_fg,asian_pi,all,first_gen,2019,ret1,95.2,2497
TR,eth_x_fg,asian_pi,all,first_gen,2020,grad2,62.6,2650
TR,eth_x_fg,asian_pi,all,first_gen,2020,grad3,86.3,2650
TR,eth_x_fg,asian_pi,all,first_gen,2020,grad4,90.4,2650
TR,eth_x_fg,asian_pi,all,first_gen,2020,grad5p,91.6,2650
TR,eth_x_fg,asian_pi,all,first_gen,2020,gradgpa_mean,3.384,2427
TR,eth_x_fg,asian_pi,all,first_gen,2020,ret1,93.9,2650
TR,eth_x_fg,asian_pi,all,first_gen,2021,grad2,64.0,2859
TR,eth_x_fg,asian_pi,all,first_gen,2021,grad3,87.1,2859
TR,eth_x_fg,asian_pi,all,first_gen,2021,grad4,90.3,2859
TR,eth_x_fg,asian_pi,all,first_gen,2021,gradgpa_mean,3.335,2581
TR,eth_x_fg,asian_pi,all,first_gen,2021,ret1,94.4,2859
TR,eth_x_fg,asian_pi,all,first_gen,2022,grad2,61.6,2506
TR,eth_x_fg,asian_pi,all,first_gen,2022,grad3,86.1,2506
TR,eth_x_fg,asian_pi,all,first_gen,2022,gradgpa_mean,3.35,2158
TR,eth_x_fg,asian_pi,all,first_gen,2022,ret1,93.7,2506
TR,eth_x_fg,asian_pi,all,first_gen,2023,grad2,64.6,2446
TR,eth_x_fg,asian_pi,all,first_gen,2023,gradgpa_mean,3.43,1581
TR,eth_x_fg,asian_pi,all,first_gen,2023,ret1,94.3,2446
TR,eth_x_fg,asian_pi,all,first_gen,2024,ret1,94.9,2367
TR,eth_x_fg,asian_pi,all,not_first_gen,1999,grad2,37.9,673
TR,eth_x_fg,asian_pi,all,not_first_gen,1999,grad3,74.1,673
TR,eth_x_fg,asian_pi,all,not_first_gen,1999,grad4,82.8,673
TR,eth_x_fg,asian_pi,all,not_first_gen,1999,grad5p,84.8,673
TR,eth_x_fg,asian_pi,all,not_first_gen,1999,gradgpa_mean,3.101,571
TR,eth_x_fg,asian_pi,all,not_first_gen,1999,ret1,90.9,673
TR,eth_x_fg,asian_pi,all,not_first_gen,1999,ttd_mean,2.6,
TR,eth_x_fg,asian_pi,all,not_first_gen,2000,grad2,38.3,1221
TR,eth_x_fg,asian_pi,all,not_first_gen,2000,grad3,73.5,1221
TR,eth_x_fg,asian_pi,all,not_first_gen,2000,grad4,82.7,1221
TR,eth_x_fg,asian_pi,all,not_first_gen,2000,grad5p,85.2,1221
TR,eth_x_fg,asian_pi,all,not_first_gen,2000,gradgpa_mean,3.11,1040
TR,eth_x_fg,asian_pi,all,not_first_gen,2000,ret1,91.0,1221
TR,eth_x_fg,asian_pi,all,not_first_gen,2000,ttd_mean,2.6,
TR,eth_x_fg,asian_pi,all,not_first_gen,2001,grad2,42.5,1338
TR,eth_x_fg,asian_pi,all,not_first_gen,2001,grad3,75.9,1338
TR,eth_x_fg,asian_pi,all,not_first_gen,2001,grad4,84.6,1338
TR,eth_x_fg,asian_pi,all,not_first_gen,2001,grad5p,87.7,1338
TR,eth_x_fg,asian_pi,all,not_first_gen,2001,gradgpa_mean,3.125,1174
TR,eth_x_fg,asian_pi,all,not_first_gen,2001,ret1,93.9,1338
TR,eth_x_fg,asian_pi,all,not_first_gen,2001,ttd_mean,2.59,
TR,eth_x_fg,asian_pi,all,not_first_gen,2002,grad2,45.0,1457
TR,eth_x_fg,asian_pi,all,not_first_gen,2002,grad3,77.7,1457
TR,eth_x_fg,asian_pi,all,not_first_gen,2002,grad4,86.0,1457
TR,eth_x_fg,asian_pi,all,not_first_gen,2002,grad5p,88.0,1457
TR,eth_x_fg,asian_pi,all,not_first_gen,2002,gradgpa_mean,3.115,1282
TR,eth_x_fg,asian_pi,all,not_first_gen,2002,ret1,93.3,1457
TR,eth_x_fg,asian_pi,all,not_first_gen,2002,ttd_mean,2.55,
TR,eth_x_fg,asian_pi,all,not_first_gen,2003,grad2,46.0,1469
TR,eth_x_fg,asian_pi,all,not_first_gen,2003,grad3,79.1,1469
TR,eth_x_fg,asian_pi,all,not_first_gen,2003,grad4,86.2,1469
TR,eth_x_fg,asian_pi,all,not_first_gen,2003,grad5p,88.3,1469
TR,eth_x_fg,asian_pi,all,not_first_gen,2003,gradgpa_mean,3.095,1297
TR,eth_x_fg,asian_pi,all,not_first_gen,2003,ret1,92.5,1469
TR,eth_x_fg,asian_pi,all,not_first_gen,2003,ttd_mean,2.53,
TR,eth_x_fg,asian_pi,all,not_first_gen,2004,grad2,50.1,1533
TR,eth_x_fg,asian_pi,all,not_first_gen,2004,grad3,81.0,1533
TR,eth_x_fg,asian_pi,all,not_first_gen,2004,grad4,87.9,1533
TR,eth_x_fg,asian_pi,all,not_first_gen,2004,grad5p,90.1,1533
TR,eth_x_fg,asian_pi,all,not_first_gen,2004,gradgpa_mean,3.085,1381
TR,eth_x_fg,asian_pi,all,not_first_gen,2004,ret1,92.9,1533
TR,eth_x_fg,asian_pi,all,not_first_gen,2004,ttd_mean,2.47,
TR,eth_x_fg,asian_pi,all,not_first_gen,2005,grad2,47.0,1665
TR,eth_x_fg,asian_pi,all,not_first_gen,2005,grad3,80.9,1665
TR,eth_x_fg,asian_pi,all,not_first_gen,2005,grad4,87.6,1665
TR,eth_x_fg,asian_pi,all,not_first_gen,2005,grad5p,89.6,1665
TR,eth_x_fg,asian_pi,all,not_first_gen,2005,gradgpa_mean,3.117,1492
TR,eth_x_fg,asian_pi,all,not_first_gen,2005,ret1,92.4,1665
TR,eth_x_fg,asian_pi,all,not_first_gen,2005,ttd_mean,2.48,
TR,eth_x_fg,asian_pi,all,not_first_gen,2006,grad2,49.5,1501
TR,eth_x_fg,asian_pi,all,not_first_gen,2006,grad3,80.9,1501
TR,eth_x_fg,asian_pi,all,not_first_gen,2006,grad4,87.1,1501
TR,eth_x_fg,asian_pi,all,not_first_gen,2006,grad5p,88.9,1501
TR,eth_x_fg,asian_pi,all,not_first_gen,2006,gradgpa_mean,3.099,1334
TR,eth_x_fg,asian_pi,all,not_first_gen,2006,ret1,93.6,1501
TR,eth_x_fg,asian_pi,all,not_first_gen,2006,ttd_mean,2.45,
TR,eth_x_fg,asian_pi,all,not_first_gen,2007,grad2,48.9,1632
TR,eth_x_fg,asian_pi,all,not_first_gen,2007,grad3,81.8,1632
TR,eth_x_fg,asian_pi,all,not_first_gen,2007,grad4,88.2,1632
TR,eth_x_fg,asian_pi,all,not_first_gen,2007,grad5p,90.2,1632
TR,eth_x_fg,asian_pi,all,not_first_gen,2007,gradgpa_mean,3.091,1472
TR,eth_x_fg,asian_pi,all,not_first_gen,2007,ret1,94.1,1632
TR,eth_x_fg,asian_pi,all,not_first_gen,2007,ttd_mean,2.46,
TR,eth_x_fg,asian_pi,all,not_first_gen,2008,grad2,48.1,1661
TR,eth_x_fg,asian_pi,all,not_first_gen,2008,grad3,80.6,1661
TR,eth_x_fg,asian_pi,all,not_first_gen,2008,grad4,86.3,1661
TR,eth_x_fg,asian_pi,all,not_first_gen,2008,grad5p,88.2,1661
TR,eth_x_fg,asian_pi,all,not_first_gen,2008,gradgpa_mean,3.153,1465
TR,eth_x_fg,asian_pi,all,not_first_gen,2008,ret1,92.1,1661
TR,eth_x_fg,asian_pi,all,not_first_gen,2008,ttd_mean,2.47,
TR,eth_x_fg,asian_pi,all,not_first_gen,2009,grad2,50.9,1811
TR,eth_x_fg,asian_pi,all,not_first_gen,2009,grad3,80.0,1811
TR,eth_x_fg,asian_pi,all,not_first_gen,2009,grad4,85.8,1811
TR,eth_x_fg,asian_pi,all,not_first_gen,2009,grad5p,87.4,1811
TR,eth_x_fg,asian_pi,all,not_first_gen,2009,gradgpa_mean,3.15,1583
TR,eth_x_fg,asian_pi,all,not_first_gen,2009,ret1,92.3,1811
TR,eth_x_fg,asian_pi,all,not_first_gen,2009,ttd_mean,2.42,
TR,eth_x_fg,asian_pi,all,not_first_gen,2010,grad2,50.8,2124
TR,eth_x_fg,asian_pi,all,not_first_gen,2010,grad3,82.3,2124
TR,eth_x_fg,asian_pi,all,not_first_gen,2010,grad4,88.4,2124
TR,eth_x_fg,asian_pi,all,not_first_gen,2010,grad5p,90.1,2124
TR,eth_x_fg,asian_pi,all,not_first_gen,2010,gradgpa_mean,3.159,1913
TR,eth_x_fg,asian_pi,all,not_first_gen,2010,ret1,92.9,2124
TR,eth_x_fg,asian_pi,all,not_first_gen,2010,ttd_mean,2.43,
TR,eth_x_fg,asian_pi,all,not_first_gen,2011,grad2,52.1,2322
TR,eth_x_fg,asian_pi,all,not_first_gen,2011,grad3,83.4,2322
TR,eth_x_fg,asian_pi,all,not_first_gen,2011,grad4,89.8,2322
TR,eth_x_fg,asian_pi,all,not_first_gen,2011,grad5p,90.8,2322
TR,eth_x_fg,asian_pi,all,not_first_gen,2011,gradgpa_mean,3.154,2109
TR,eth_x_fg,asian_pi,all,not_first_gen,2011,ret1,94.0,2322
TR,eth_x_fg,asian_pi,all,not_first_gen,2011,ttd_mean,2.42,
TR,eth_x_fg,asian_pi,all,not_first_gen,2012,grad2,53.1,2226
TR,eth_x_fg,asian_pi,all,not_first_gen,2012,grad3,83.4,2226
TR,eth_x_fg,asian_pi,all,not_first_gen,2012,grad4,88.5,2226
TR,eth_x_fg,asian_pi,all,not_first_gen,2012,grad5p,90.1,2226
TR,eth_x_fg,asian_pi,all,not_first_gen,2012,gradgpa_mean,3.183,2006
TR,eth_x_fg,asian_pi,all,not_first_gen,2012,ret1,93.5,2226
TR,eth_x_fg,asian_pi,all,not_first_gen,2012,ttd_mean,2.42,
TR,eth_x_fg,asian_pi,all,not_first_gen,2013,grad2,54.0,2060
TR,eth_x_fg,asian_pi,all,not_first_gen,2013,grad3,83.9,2060
TR,eth_x_fg,asian_pi,all,not_first_gen,2013,grad4,89.3,2060
TR,eth_x_fg,asian_pi,all,not_first_gen,2013,grad5p,90.5,2060
TR,eth_x_fg,asian_pi,all,not_first_gen,2013,gradgpa_mean,3.156,1864
TR,eth_x_fg,asian_pi,all,not_first_gen,2013,ret1,93.9,2060
TR,eth_x_fg,asian_pi,all,not_first_gen,2013,ttd_mean,2.4,
TR,eth_x_fg,asian_pi,all,not_first_gen,2014,grad2,51.3,2143
TR,eth_x_fg,asian_pi,all,not_first_gen,2014,grad3,84.3,2143
TR,eth_x_fg,asian_pi,all,not_first_gen,2014,grad4,89.4,2143
TR,eth_x_fg,asian_pi,all,not_first_gen,2014,grad5p,90.8,2143
TR,eth_x_fg,asian_pi,all,not_first_gen,2014,gradgpa_mean,3.198,1945
TR,eth_x_fg,asian_pi,all,not_first_gen,2014,ret1,93.6,2143
TR,eth_x_fg,asian_pi,all,not_first_gen,2014,ttd_mean,2.43,
TR,eth_x_fg,asian_pi,all,not_first_gen,2015,grad2,55.3,2146
TR,eth_x_fg,asian_pi,all,not_first_gen,2015,grad3,85.6,2146
TR,eth_x_fg,asian_pi,all,not_first_gen,2015,grad4,90.2,2146
TR,eth_x_fg,asian_pi,all,not_first_gen,2015,grad5p,91.8,2146
TR,eth_x_fg,asian_pi,all,not_first_gen,2015,gradgpa_mean,3.217,1970
TR,eth_x_fg,asian_pi,all,not_first_gen,2015,ret1,93.9,2146
TR,eth_x_fg,asian_pi,all,not_first_gen,2015,ttd_mean,2.39,
TR,eth_x_fg,asian_pi,all,not_first_gen,2016,grad2,54.9,2443
TR,eth_x_fg,asian_pi,all,not_first_gen,2016,grad3,84.4,2443
TR,eth_x_fg,asian_pi,all,not_first_gen,2016,grad4,89.9,2443
TR,eth_x_fg,asian_pi,all,not_first_gen,2016,grad5p,91.7,2443
TR,eth_x_fg,asian_pi,all,not_first_gen,2016,gradgpa_mean,3.242,2241
TR,eth_x_fg,asian_pi,all,not_first_gen,2016,ret1,93.5,2443
TR,eth_x_fg,asian_pi,all,not_first_gen,2016,ttd_mean,2.39,
TR,eth_x_fg,asian_pi,all,not_first_gen,2017,grad2,58.4,2577
TR,eth_x_fg,asian_pi,all,not_first_gen,2017,grad3,87.1,2577
TR,eth_x_fg,asian_pi,all,not_first_gen,2017,grad4,91.0,2577
TR,eth_x_fg,asian_pi,all,not_first_gen,2017,grad5p,92.1,2577
TR,eth_x_fg,asian_pi,all,not_first_gen,2017,gradgpa_mean,3.305,2373
TR,eth_x_fg,asian_pi,all,not_first_gen,2017,ret1,94.4,2577
TR,eth_x_fg,asian_pi,all,not_first_gen,2017,ttd_mean,2.34,
TR,eth_x_fg,asian_pi,all,not_first_gen,2018,grad2,59.0,2707
TR,eth_x_fg,asian_pi,all,not_first_gen,2018,grad3,86.7,2707
TR,eth_x_fg,asian_pi,all,not_first_gen,2018,grad4,90.7,2707
TR,eth_x_fg,asian_pi,all,not_first_gen,2018,grad5p,92.0,2707
TR,eth_x_fg,asian_pi,all,not_first_gen,2018,gradgpa_mean,3.407,2490
TR,eth_x_fg,asian_pi,all,not_first_gen,2018,ret1,93.0,2707
TR,eth_x_fg,asian_pi,all,not_first_gen,2018,ttd_mean,2.33,
TR,eth_x_fg,asian_pi,all,not_first_gen,2019,grad2,60.8,2773
TR,eth_x_fg,asian_pi,all,not_first_gen,2019,grad3,88.3,2773
TR,eth_x_fg,asian_pi,all,not_first_gen,2019,grad4,92.0,2773
TR,eth_x_fg,asian_pi,all,not_first_gen,2019,grad5p,93.0,2773
TR,eth_x_fg,asian_pi,all,not_first_gen,2019,gradgpa_mean,3.437,2580
TR,eth_x_fg,asian_pi,all,not_first_gen,2019,ret1,94.3,2773
TR,eth_x_fg,asian_pi,all,not_first_gen,2020,grad2,60.9,3170
TR,eth_x_fg,asian_pi,all,not_first_gen,2020,grad3,87.1,3170
TR,eth_x_fg,asian_pi,all,not_first_gen,2020,grad4,91.3,3170
TR,eth_x_fg,asian_pi,all,not_first_gen,2020,grad5p,92.1,3170
TR,eth_x_fg,asian_pi,all,not_first_gen,2020,gradgpa_mean,3.411,2919
TR,eth_x_fg,asian_pi,all,not_first_gen,2020,ret1,94.4,3170
TR,eth_x_fg,asian_pi,all,not_first_gen,2021,grad2,63.7,3376
TR,eth_x_fg,asian_pi,all,not_first_gen,2021,grad3,86.6,3376
TR,eth_x_fg,asian_pi,all,not_first_gen,2021,grad4,90.3,3376
TR,eth_x_fg,asian_pi,all,not_first_gen,2021,gradgpa_mean,3.393,3049
TR,eth_x_fg,asian_pi,all,not_first_gen,2021,ret1,93.8,3376
TR,eth_x_fg,asian_pi,all,not_first_gen,2022,grad2,64.7,3435
TR,eth_x_fg,asian_pi,all,not_first_gen,2022,grad3,87.3,3435
TR,eth_x_fg,asian_pi,all,not_first_gen,2022,gradgpa_mean,3.396,3000
TR,eth_x_fg,asian_pi,all,not_first_gen,2022,ret1,94.8,3435
TR,eth_x_fg,asian_pi,all,not_first_gen,2023,grad2,65.4,3631
TR,eth_x_fg,asian_pi,all,not_first_gen,2023,gradgpa_mean,3.48,2374
TR,eth_x_fg,asian_pi,all,not_first_gen,2023,ret1,95.7,3631
TR,eth_x_fg,asian_pi,all,not_first_gen,2024,ret1,96.2,3919
TR,eth_x_fg,black,all,first_gen,1999,grad2,27.3,121
TR,eth_x_fg,black,all,first_gen,1999,grad3,61.2,121
TR,eth_x_fg,black,all,first_gen,1999,grad4,71.1,121
TR,eth_x_fg,black,all,first_gen,1999,grad5p,76.9,121
TR,eth_x_fg,black,all,first_gen,1999,gradgpa_mean,2.986,86
TR,eth_x_fg,black,all,first_gen,1999,ret1,92.6,121
TR,eth_x_fg,black,all,first_gen,1999,ttd_mean,2.83,
TR,eth_x_fg,black,all,first_gen,2000,grad2,25.3,170
TR,eth_x_fg,black,all,first_gen,2000,grad3,53.5,170
TR,eth_x_fg,black,all,first_gen,2000,grad4,65.9,170
TR,eth_x_fg,black,all,first_gen,2000,grad5p,69.4,170
TR,eth_x_fg,black,all,first_gen,2000,gradgpa_mean,3.089,112
TR,eth_x_fg,black,all,first_gen,2000,ret1,86.5,170
TR,eth_x_fg,black,all,first_gen,2000,ttd_mean,2.92,
TR,eth_x_fg,black,all,first_gen,2001,grad2,27.6,163
TR,eth_x_fg,black,all,first_gen,2001,grad3,57.7,163
TR,eth_x_fg,black,all,first_gen,2001,grad4,69.9,163
TR,eth_x_fg,black,all,first_gen,2001,grad5p,74.2,163
TR,eth_x_fg,black,all,first_gen,2001,gradgpa_mean,3.061,114
TR,eth_x_fg,black,all,first_gen,2001,ret1,89.0,163
TR,eth_x_fg,black,all,first_gen,2001,ttd_mean,2.87,
TR,eth_x_fg,black,all,first_gen,2002,grad2,33.7,175
TR,eth_x_fg,black,all,first_gen,2002,grad3,61.1,175
TR,eth_x_fg,black,all,first_gen,2002,grad4,72.0,175
TR,eth_x_fg,black,all,first_gen,2002,grad5p,75.4,175
TR,eth_x_fg,black,all,first_gen,2002,gradgpa_mean,3.087,126
TR,eth_x_fg,black,all,first_gen,2002,ret1,89.1,175
TR,eth_x_fg,black,all,first_gen,2002,ttd_mean,2.77,
TR,eth_x_fg,black,all,first_gen,2003,grad2,33.5,173
TR,eth_x_fg,black,all,first_gen,2003,grad3,66.5,173
TR,eth_x_fg,black,all,first_gen,2003,grad4,73.4,173
TR,eth_x_fg,black,all,first_gen,2003,grad5p,76.9,173
TR,eth_x_fg,black,all,first_gen,2003,gradgpa_mean,3.103,127
TR,eth_x_fg,black,all,first_gen,2003,ret1,91.9,173
TR,eth_x_fg,black,all,first_gen,2003,ttd_mean,2.76,
TR,eth_x_fg,black,all,first_gen,2004,grad2,36.8,182
TR,eth_x_fg,black,all,first_gen,2004,grad3,66.5,182
TR,eth_x_fg,black,all,first_gen,2004,grad4,77.5,182
TR,eth_x_fg,black,all,first_gen,2004,grad5p,81.3,182
TR,eth_x_fg,black,all,first_gen,2004,gradgpa_mean,3.043,141
TR,eth_x_fg,black,all,first_gen,2004,ret1,87.4,182
TR,eth_x_fg,black,all,first_gen,2004,ttd_mean,2.64,
TR,eth_x_fg,black,all,first_gen,2005,grad2,41.2,194
TR,eth_x_fg,black,all,first_gen,2005,grad3,68.6,194
TR,eth_x_fg,black,all,first_gen,2005,grad4,74.2,194
TR,eth_x_fg,black,all,first_gen,2005,grad5p,77.3,194
TR,eth_x_fg,black,all,first_gen,2005,gradgpa_mean,3.084,144
TR,eth_x_fg,black,all,first_gen,2005,ret1,92.3,194
TR,eth_x_fg,black,all,first_gen,2005,ttd_mean,2.63,
TR,eth_x_fg,black,all,first_gen,2006,grad2,33.2,226
TR,eth_x_fg,black,all,first_gen,2006,grad3,61.1,226
TR,eth_x_fg,black,all,first_gen,2006,grad4,73.0,226
TR,eth_x_fg,black,all,first_gen,2006,grad5p,77.0,226
TR,eth_x_fg,black,all,first_gen,2006,gradgpa_mean,3.089,165
TR,eth_x_fg,black,all,first_gen,2006,ret1,88.1,226
TR,eth_x_fg,black,all,first_gen,2006,ttd_mean,2.78,
TR,eth_x_fg,black,all,first_gen,2007,grad2,34.6,231
TR,eth_x_fg,black,all,first_gen,2007,grad3,68.4,231
TR,eth_x_fg,black,all,first_gen,2007,grad4,74.9,231
TR,eth_x_fg,black,all,first_gen,2007,grad5p,79.7,231
TR,eth_x_fg,black,all,first_gen,2007,gradgpa_mean,3.114,184
TR,eth_x_fg,black,all,first_gen,2007,ret1,89.6,231
TR,eth_x_fg,black,all,first_gen,2007,ttd_mean,2.77,
TR,eth_x_fg,black,all,first_gen,2008,grad2,36.1,205
TR,eth_x_fg,black,all,first_gen,2008,grad3,66.3,205
TR,eth_x_fg,black,all,first_gen,2008,grad4,72.7,205
TR,eth_x_fg,black,all,first_gen,2008,grad5p,74.6,205
TR,eth_x_fg,black,all,first_gen,2008,gradgpa_mean,3.048,149
TR,eth_x_fg,black,all,first_gen,2008,ret1,87.8,205
TR,eth_x_fg,black,all,first_gen,2008,ttd_mean,2.58,
TR,eth_x_fg,black,all,first_gen,2009,grad2,35.8,232
TR,eth_x_fg,black,all,first_gen,2009,grad3,66.8,232
TR,eth_x_fg,black,all,first_gen,2009,grad4,75.4,232
TR,eth_x_fg,black,all,first_gen,2009,grad5p,78.4,232
TR,eth_x_fg,black,all,first_gen,2009,gradgpa_mean,3.175,175
TR,eth_x_fg,black,all,first_gen,2009,ret1,88.4,232
TR,eth_x_fg,black,all,first_gen,2009,ttd_mean,2.61,
TR,eth_x_fg,black,all,first_gen,2010,grad2,34.0,335
TR,eth_x_fg,black,all,first_gen,2010,grad3,73.4,335
TR,eth_x_fg,black,all,first_gen,2010,grad4,80.0,335
TR,eth_x_fg,black,all,first_gen,2010,grad5p,80.9,335
TR,eth_x_fg,black,all,first_gen,2010,gradgpa_mean,3.112,268
TR,eth_x_fg,black,all,first_gen,2010,ret1,89.3,335
TR,eth_x_fg,black,all,first_gen,2010,ttd_mean,2.59,
TR,eth_x_fg,black,all,first_gen,2011,grad2,45.9,327
TR,eth_x_fg,black,all,first_gen,2011,grad3,76.5,327
TR,eth_x_fg,black,all,first_gen,2011,grad4,82.6,327
TR,eth_x_fg,black,all,first_gen,2011,grad5p,85.0,327
TR,eth_x_fg,black,all,first_gen,2011,gradgpa_mean,3.076,270
TR,eth_x_fg,black,all,first_gen,2011,ret1,89.9,327
TR,eth_x_fg,black,all,first_gen,2011,ttd_mean,2.52,
TR,eth_x_fg,black,all,first_gen,2012,grad2,41.8,280
TR,eth_x_fg,black,all,first_gen,2012,grad3,76.1,280
TR,eth_x_fg,black,all,first_gen,2012,grad4,83.6,280
TR,eth_x_fg,black,all,first_gen,2012,grad5p,84.3,280
TR,eth_x_fg,black,all,first_gen,2012,gradgpa_mean,3.103,234
TR,eth_x_fg,black,all,first_gen,2012,ret1,91.1,280
TR,eth_x_fg,black,all,first_gen,2012,ttd_mean,2.57,
TR,eth_x_fg,black,all,first_gen,2013,grad2,44.1,333
TR,eth_x_fg,black,all,first_gen,2013,grad3,73.6,333
TR,eth_x_fg,black,all,first_gen,2013,grad4,81.7,333
TR,eth_x_fg,black,all,first_gen,2013,grad5p,85.6,333
TR,eth_x_fg,black,all,first_gen,2013,gradgpa_mean,3.148,285
TR,eth_x_fg,black,all,first_gen,2013,ret1,92.2,333
TR,eth_x_fg,black,all,first_gen,2013,ttd_mean,2.54,
TR,eth_x_fg,black,all,first_gen,2014,grad2,44.1,356
TR,eth_x_fg,black,all,first_gen,2014,grad3,76.4,356
TR,eth_x_fg,black,all,first_gen,2014,grad4,84.0,356
TR,eth_x_fg,black,all,first_gen,2014,grad5p,85.1,356
TR,eth_x_fg,black,all,first_gen,2014,gradgpa_mean,3.155,299
TR,eth_x_fg,black,all,first_gen,2014,ret1,92.4,356
TR,eth_x_fg,black,all,first_gen,2014,ttd_mean,2.5,
TR,eth_x_fg,black,all,first_gen,2015,grad2,44.4,354
TR,eth_x_fg,black,all,first_gen,2015,grad3,72.3,354
TR,eth_x_fg,black,all,first_gen,2015,grad4,80.5,354
TR,eth_x_fg,black,all,first_gen,2015,grad5p,81.6,354
TR,eth_x_fg,black,all,first_gen,2015,gradgpa_mean,3.124,285
TR,eth_x_fg,black,all,first_gen,2015,ret1,89.8,354
TR,eth_x_fg,black,all,first_gen,2015,ttd_mean,2.61,
TR,eth_x_fg,black,all,first_gen,2016,grad2,48.8,445
TR,eth_x_fg,black,all,first_gen,2016,grad3,75.3,445
TR,eth_x_fg,black,all,first_gen,2016,grad4,82.5,445
TR,eth_x_fg,black,all,first_gen,2016,grad5p,84.5,445
TR,eth_x_fg,black,all,first_gen,2016,gradgpa_mean,3.203,367
TR,eth_x_fg,black,all,first_gen,2016,ret1,92.1,445
TR,eth_x_fg,black,all,first_gen,2016,ttd_mean,2.54,
TR,eth_x_fg,black,all,first_gen,2017,grad2,47.9,499
TR,eth_x_fg,black,all,first_gen,2017,grad3,74.9,499
TR,eth_x_fg,black,all,first_gen,2017,grad4,81.6,499
TR,eth_x_fg,black,all,first_gen,2017,grad5p,82.0,499
TR,eth_x_fg,black,all,first_gen,2017,gradgpa_mean,3.265,407
TR,eth_x_fg,black,all,first_gen,2017,ret1,89.6,499
TR,eth_x_fg,black,all,first_gen,2017,ttd_mean,2.46,
TR,eth_x_fg,black,all,first_gen,2018,grad2,47.8,519
TR,eth_x_fg,black,all,first_gen,2018,grad3,76.9,519
TR,eth_x_fg,black,all,first_gen,2018,grad4,84.6,519
TR,eth_x_fg,black,all,first_gen,2018,grad5p,86.5,519
TR,eth_x_fg,black,all,first_gen,2018,gradgpa_mean,3.261,449
TR,eth_x_fg,black,all,first_gen,2018,ret1,93.1,519
TR,eth_x_fg,black,all,first_gen,2018,ttd_mean,2.49,
TR,eth_x_fg,black,all,first_gen,2019,grad2,53.5,484
TR,eth_x_fg,black,all,first_gen,2019,grad3,75.6,484
TR,eth_x_fg,black,all,first_gen,2019,grad4,82.0,484
TR,eth_x_fg,black,all,first_gen,2019,grad5p,84.5,484
TR,eth_x_fg,black,all,first_gen,2019,gradgpa_mean,3.325,409
TR,eth_x_fg,black,all,first_gen,2019,ret1,91.5,484
TR,eth_x_fg,black,all,first_gen,2020,grad2,49.2,561
TR,eth_x_fg,black,all,first_gen,2020,grad3,74.0,561
TR,eth_x_fg,black,all,first_gen,2020,grad4,78.3,561
TR,eth_x_fg,black,all,first_gen,2020,grad5p,80.6,561
TR,eth_x_fg,black,all,first_gen,2020,gradgpa_mean,3.281,452
TR,eth_x_fg,black,all,first_gen,2020,ret1,87.3,561
TR,eth_x_fg,black,all,first_gen,2021,grad2,53.6,489
TR,eth_x_fg,black,all,first_gen,2021,grad3,78.5,489
TR,eth_x_fg,black,all,first_gen,2021,grad4,82.6,489
TR,eth_x_fg,black,all,first_gen,2021,gradgpa_mean,3.279,404
TR,eth_x_fg,black,all,first_gen,2021,ret1,92.6,489
TR,eth_x_fg,black,all,first_gen,2022,grad2,58.7,470
TR,eth_x_fg,black,all,first_gen,2022,grad3,77.4,470
TR,eth_x_fg,black,all,first_gen,2022,gradgpa_mean,3.259,364
TR,eth_x_fg,black,all,first_gen,2022,ret1,91.3,470
TR,eth_x_fg,black,all,first_gen,2023,grad2,53.6,485
TR,eth_x_fg,black,all,first_gen,2023,gradgpa_mean,3.36,260
TR,eth_x_fg,black,all,first_gen,2023,ret1,89.1,485
TR,eth_x_fg,black,all,first_gen,2024,ret1,92.6,497
TR,eth_x_fg,black,all,not_first_gen,1999,grad2,33.3,75
TR,eth_x_fg,black,all,not_first_gen,1999,grad3,66.7,75
TR,eth_x_fg,black,all,not_first_gen,1999,grad4,76.0,75
TR,eth_x_fg,black,all,not_first_gen,1999,grad5p,82.7,75
TR,eth_x_fg,black,all,not_first_gen,1999,gradgpa_mean,3.155,50
TR,eth_x_fg,black,all,not_first_gen,1999,ret1,89.3,75
TR,eth_x_fg,black,all,not_first_gen,1999,ttd_mean,2.75,
TR,eth_x_fg,black,all,not_first_gen,2000,grad2,26.0,96
TR,eth_x_fg,black,all,not_first_gen,2000,grad3,57.3,96
TR,eth_x_fg,black,all,not_first_gen,2000,grad4,68.8,96
TR,eth_x_fg,black,all,not_first_gen,2000,grad5p,74.0,96
TR,eth_x_fg,black,all,not_first_gen,2000,gradgpa_mean,2.972,66
TR,eth_x_fg,black,all,not_first_gen,2000,ret1,84.4,96
TR,eth_x_fg,black,all,not_first_gen,2000,ttd_mean,2.87,
TR,eth_x_fg,black,all,not_first_gen,2001,grad2,33.1,121
TR,eth_x_fg,black,all,not_first_gen,2001,grad3,67.8,121
TR,eth_x_fg,black,all,not_first_gen,2001,grad4,76.9,121
TR,eth_x_fg,black,all,not_first_gen,2001,grad5p,79.3,121
TR,eth_x_fg,black,all,not_first_gen,2001,gradgpa_mean,3.116,93
TR,eth_x_fg,black,all,not_first_gen,2001,ret1,88.4,121
TR,eth_x_fg,black,all,not_first_gen,2001,ttd_mean,2.69,
TR,eth_x_fg,black,all,not_first_gen,2002,grad2,33.3,126
TR,eth_x_fg,black,all,not_first_gen,2002,grad3,70.6,126
TR,eth_x_fg,black,all,not_first_gen,2002,grad4,81.0,126
TR,eth_x_fg,black,all,not_first_gen,2002,grad5p,83.3,126
TR,eth_x_fg,black,all,not_first_gen,2002,gradgpa_mean,3.053,102
TR,eth_x_fg,black,all,not_first_gen,2002,ret1,92.1,126
TR,eth_x_fg,black,all,not_first_gen,2002,ttd_mean,2.67,
TR,eth_x_fg,black,all,not_first_gen,2003,grad2,43.6,133
TR,eth_x_fg,black,all,not_first_gen,2003,grad3,71.4,133
TR,eth_x_fg,black,all,not_first_gen,2003,grad4,81.2,133
TR,eth_x_fg,black,all,not_first_gen,2003,grad5p,82.0,133
TR,eth_x_fg,black,all,not_first_gen,2003,gradgpa_mean,3.098,108
TR,eth_x_fg,black,all,not_first_gen,2003,ret1,92.5,133
TR,eth_x_fg,black,all,not_first_gen,2003,ttd_mean,2.63,
TR,eth_x_fg,black,all,not_first_gen,2004,grad2,43.6,133
TR,eth_x_fg,black,all,not_first_gen,2004,grad3,69.9,133
TR,eth_x_fg,black,all,not_first_gen,2004,grad4,80.5,133
TR,eth_x_fg,black,all,not_first_gen,2004,grad5p,84.2,133
TR,eth_x_fg,black,all,not_first_gen,2004,gradgpa_mean,2.954,107
TR,eth_x_fg,black,all,not_first_gen,2004,ret1,91.0,133
TR,eth_x_fg,black,all,not_first_gen,2004,ttd_mean,2.6,
TR,eth_x_fg,black,all,not_first_gen,2005,grad2,42.3,137
TR,eth_x_fg,black,all,not_first_gen,2005,grad3,72.3,137
TR,eth_x_fg,black,all,not_first_gen,2005,grad4,79.6,137
TR,eth_x_fg,black,all,not_first_gen,2005,grad5p,81.0,137
TR,eth_x_fg,black,all,not_first_gen,2005,gradgpa_mean,3.055,109
TR,eth_x_fg,black,all,not_first_gen,2005,ret1,89.8,137
TR,eth_x_fg,black,all,not_first_gen,2005,ttd_mean,2.51,
TR,eth_x_fg,black,all,not_first_gen,2006,grad2,42.5,160
TR,eth_x_fg,black,all,not_first_gen,2006,grad3,71.3,160
TR,eth_x_fg,black,all,not_first_gen,2006,grad4,78.8,160
TR,eth_x_fg,black,all,not_first_gen,2006,grad5p,81.9,160
TR,eth_x_fg,black,all,not_first_gen,2006,gradgpa_mean,3.085,126
TR,eth_x_fg,black,all,not_first_gen,2006,ret1,86.9,160
TR,eth_x_fg,black,all,not_first_gen,2006,ttd_mean,2.53,
TR,eth_x_fg,black,all,not_first_gen,2007,grad2,41.5,164
TR,eth_x_fg,black,all,not_first_gen,2007,grad3,70.1,164
TR,eth_x_fg,black,all,not_first_gen,2007,grad4,82.3,164
TR,eth_x_fg,black,all,not_first_gen,2007,grad5p,87.2,164
TR,eth_x_fg,black,all,not_first_gen,2007,gradgpa_mean,3.204,135
TR,eth_x_fg,black,all,not_first_gen,2007,ret1,92.1,164
TR,eth_x_fg,black,all,not_first_gen,2007,ttd_mean,2.69,
TR,eth_x_fg,black,all,not_first_gen,2008,grad2,46.3,162
TR,eth_x_fg,black,all,not_first_gen,2008,grad3,74.1,162
TR,eth_x_fg,black,all,not_first_gen,2008,grad4,81.5,162
TR,eth_x_fg,black,all,not_first_gen,2008,grad5p,83.3,162
TR,eth_x_fg,black,all,not_first_gen,2008,gradgpa_mean,3.137,132
TR,eth_x_fg,black,all,not_first_gen,2008,ret1,92.6,162
TR,eth_x_fg,black,all,not_first_gen,2008,ttd_mean,2.54,
TR,eth_x_fg,black,all,not_first_gen,2009,grad2,42.3,208
TR,eth_x_fg,black,all,not_first_gen,2009,grad3,74.5,208
TR,eth_x_fg,black,all,not_first_gen,2009,grad4,79.8,208
TR,eth_x_fg,black,all,not_first_gen,2009,grad5p,80.8,208
TR,eth_x_fg,black,all,not_first_gen,2009,gradgpa_mean,3.016,166
TR,eth_x_fg,black,all,not_first_gen,2009,ret1,89.4,208
TR,eth_x_fg,black,all,not_first_gen,2009,ttd_mean,2.52,
TR,eth_x_fg,black,all,not_first_gen,2010,grad2,43.5,239
TR,eth_x_fg,black,all,not_first_gen,2010,grad3,74.5,239
TR,eth_x_fg,black,all,not_first_gen,2010,grad4,82.4,239
TR,eth_x_fg,black,all,not_first_gen,2010,grad5p,85.4,239
TR,eth_x_fg,black,all,not_first_gen,2010,gradgpa_mean,3.1,197
TR,eth_x_fg,black,all,not_first_gen,2010,ret1,91.2,239
TR,eth_x_fg,black,all,not_first_gen,2010,ttd_mean,2.61,
TR,eth_x_fg,black,all,not_first_gen,2011,grad2,44.1,222
TR,eth_x_fg,black,all,not_first_gen,2011,grad3,74.8,222
TR,eth_x_fg,black,all,not_first_gen,2011,grad4,84.7,222
TR,eth_x_fg,black,all,not_first_gen,2011,grad5p,87.4,222
TR,eth_x_fg,black,all,not_first_gen,2011,gradgpa_mean,3.083,188
TR,eth_x_fg,black,all,not_first_gen,2011,ret1,91.0,222
TR,eth_x_fg,black,all,not_first_gen,2011,ttd_mean,2.58,
TR,eth_x_fg,black,all,not_first_gen,2012,grad2,46.0,226
TR,eth_x_fg,black,all,not_first_gen,2012,grad3,75.2,226
TR,eth_x_fg,black,all,not_first_gen,2012,grad4,82.3,226
TR,eth_x_fg,black,all,not_first_gen,2012,grad5p,85.4,226
TR,eth_x_fg,black,all,not_first_gen,2012,gradgpa_mean,3.121,186
TR,eth_x_fg,black,all,not_first_gen,2012,ret1,90.7,226
TR,eth_x_fg,black,all,not_first_gen,2012,ttd_mean,2.53,
TR,eth_x_fg,black,all,not_first_gen,2013,grad2,48.1,258
TR,eth_x_fg,black,all,not_first_gen,2013,grad3,79.1,258
TR,eth_x_fg,black,all,not_first_gen,2013,grad4,87.2,258
TR,eth_x_fg,black,all,not_first_gen,2013,grad5p,88.8,258
TR,eth_x_fg,black,all,not_first_gen,2013,gradgpa_mean,3.201,225
TR,eth_x_fg,black,all,not_first_gen,2013,ret1,96.1,258
TR,eth_x_fg,black,all,not_first_gen,2013,ttd_mean,2.56,
TR,eth_x_fg,black,all,not_first_gen,2014,grad2,46.7,276
TR,eth_x_fg,black,all,not_first_gen,2014,grad3,80.1,276
TR,eth_x_fg,black,all,not_first_gen,2014,grad4,86.6,276
TR,eth_x_fg,black,all,not_first_gen,2014,grad5p,87.7,276
TR,eth_x_fg,black,all,not_first_gen,2014,gradgpa_mean,3.115,239
TR,eth_x_fg,black,all,not_first_gen,2014,ret1,91.7,276
TR,eth_x_fg,black,all,not_first_gen,2014,ttd_mean,2.48,
TR,eth_x_fg,black,all,not_first_gen,2015,grad2,50.3,292
TR,eth_x_fg,black,all,not_first_gen,2015,grad3,76.7,292
TR,eth_x_fg,black,all,not_first_gen,2015,grad4,82.5,292
TR,eth_x_fg,black,all,not_first_gen,2015,grad5p,84.6,292
TR,eth_x_fg,black,all,not_first_gen,2015,gradgpa_mean,3.188,241
TR,eth_x_fg,black,all,not_first_gen,2015,ret1,92.5,292
TR,eth_x_fg,black,all,not_first_gen,2015,ttd_mean,2.46,
TR,eth_x_fg,black,all,not_first_gen,2016,grad2,51.6,399
TR,eth_x_fg,black,all,not_first_gen,2016,grad3,78.2,399
TR,eth_x_fg,black,all,not_first_gen,2016,grad4,85.5,399
TR,eth_x_fg,black,all,not_first_gen,2016,grad5p,87.2,399
TR,eth_x_fg,black,all,not_first_gen,2016,gradgpa_mean,3.192,341
TR,eth_x_fg,black,all,not_first_gen,2016,ret1,92.7,399
TR,eth_x_fg,black,all,not_first_gen,2016,ttd_mean,2.53,
TR,eth_x_fg,black,all,not_first_gen,2017,grad2,56.5,377
TR,eth_x_fg,black,all,not_first_gen,2017,grad3,80.6,377
TR,eth_x_fg,black,all,not_first_gen,2017,grad4,87.0,377
TR,eth_x_fg,black,all,not_first_gen,2017,grad5p,88.9,377
TR,eth_x_fg,black,all,not_first_gen,2017,gradgpa_mean,3.206,328
TR,eth_x_fg,black,all,not_first_gen,2017,ret1,93.1,377
TR,eth_x_fg,black,all,not_first_gen,2017,ttd_mean,2.39,
TR,eth_x_fg,black,all,not_first_gen,2018,grad2,57.2,418
TR,eth_x_fg,black,all,not_first_gen,2018,grad3,80.9,418
TR,eth_x_fg,black,all,not_first_gen,2018,grad4,84.9,418
TR,eth_x_fg,black,all,not_first_gen,2018,grad5p,86.6,418
TR,eth_x_fg,black,all,not_first_gen,2018,gradgpa_mean,3.392,355
TR,eth_x_fg,black,all,not_first_gen,2018,ret1,90.9,418
TR,eth_x_fg,black,all,not_first_gen,2018,ttd_mean,2.37,
TR,eth_x_fg,black,all,not_first_gen,2019,grad2,60.5,423
TR,eth_x_fg,black,all,not_first_gen,2019,grad3,83.9,423
TR,eth_x_fg,black,all,not_first_gen,2019,grad4,89.1,423
TR,eth_x_fg,black,all,not_first_gen,2019,grad5p,90.5,423
TR,eth_x_fg,black,all,not_first_gen,2019,gradgpa_mean,3.394,377
TR,eth_x_fg,black,all,not_first_gen,2019,ret1,95.0,423
TR,eth_x_fg,black,all,not_first_gen,2020,grad2,54.3,457
TR,eth_x_fg,black,all,not_first_gen,2020,grad3,77.0,457
TR,eth_x_fg,black,all,not_first_gen,2020,grad4,82.1,457
TR,eth_x_fg,black,all,not_first_gen,2020,grad5p,84.5,457
TR,eth_x_fg,black,all,not_first_gen,2020,gradgpa_mean,3.325,386
TR,eth_x_fg,black,all,not_first_gen,2020,ret1,92.3,457
TR,eth_x_fg,black,all,not_first_gen,2021,grad2,60.9,453
TR,eth_x_fg,black,all,not_first_gen,2021,grad3,81.7,453
TR,eth_x_fg,black,all,not_first_gen,2021,grad4,86.8,453
TR,eth_x_fg,black,all,not_first_gen,2021,gradgpa_mean,3.353,393
TR,eth_x_fg,black,all,not_first_gen,2021,ret1,90.9,453
TR,eth_x_fg,black,all,not_first_gen,2022,grad2,61.9,473
TR,eth_x_fg,black,all,not_first_gen,2022,grad3,82.0,473
TR,eth_x_fg,black,all,not_first_gen,2022,gradgpa_mean,3.336,388
TR,eth_x_fg,black,all,not_first_gen,2022,ret1,93.9,473
TR,eth_x_fg,black,all,not_first_gen,2023,grad2,66.0,482
TR,eth_x_fg,black,all,not_first_gen,2023,gradgpa_mean,3.41,318
TR,eth_x_fg,black,all,not_first_gen,2023,ret1,96.7,482
TR,eth_x_fg,black,all,not_first_gen,2024,ret1,93.3,505
TR,eth_x_fg,hispanic_latino,all,first_gen,1999,grad2,38.2,739
TR,eth_x_fg,hispanic_latino,all,first_gen,1999,grad3,69.0,739
TR,eth_x_fg,hispanic_latino,all,first_gen,1999,grad4,78.2,739
TR,eth_x_fg,hispanic_latino,all,first_gen,1999,grad5p,81.2,739
TR,eth_x_fg,hispanic_latino,all,first_gen,1999,gradgpa_mean,3.087,600
TR,eth_x_fg,hispanic_latino,all,first_gen,1999,ret1,90.3,739
TR,eth_x_fg,hispanic_latino,all,first_gen,1999,ttd_mean,2.65,
TR,eth_x_fg,hispanic_latino,all,first_gen,2000,grad2,40.8,989
TR,eth_x_fg,hispanic_latino,all,first_gen,2000,grad3,71.3,989
TR,eth_x_fg,hispanic_latino,all,first_gen,2000,grad4,80.1,989
TR,eth_x_fg,hispanic_latino,all,first_gen,2000,grad5p,82.6,989
TR,eth_x_fg,hispanic_latino,all,first_gen,2000,gradgpa_mean,3.116,817
TR,eth_x_fg,hispanic_latino,all,first_gen,2000,ret1,90.9,989
TR,eth_x_fg,hispanic_latino,all,first_gen,2000,ttd_mean,2.64,
TR,eth_x_fg,hispanic_latino,all,first_gen,2001,grad2,37.0,1154
TR,eth_x_fg,hispanic_latino,all,first_gen,2001,grad3,69.7,1154
TR,eth_x_fg,hispanic_latino,all,first_gen,2001,grad4,78.3,1154
TR,eth_x_fg,hispanic_latino,all,first_gen,2001,grad5p,81.0,1154
TR,eth_x_fg,hispanic_latino,all,first_gen,2001,gradgpa_mean,3.123,935
TR,eth_x_fg,hispanic_latino,all,first_gen,2001,ret1,88.8,1154
TR,eth_x_fg,hispanic_latino,all,first_gen,2001,ttd_mean,2.69,
TR,eth_x_fg,hispanic_latino,all,first_gen,2002,grad2,43.0,1200
TR,eth_x_fg,hispanic_latino,all,first_gen,2002,grad3,74.1,1200
TR,eth_x_fg,hispanic_latino,all,first_gen,2002,grad4,80.7,1200
TR,eth_x_fg,hispanic_latino,all,first_gen,2002,grad5p,83.1,1200
TR,eth_x_fg,hispanic_latino,all,first_gen,2002,gradgpa_mean,3.11,997
TR,eth_x_fg,hispanic_latino,all,first_gen,2002,ret1,91.0,1200
TR,eth_x_fg,hispanic_latino,all,first_gen,2002,ttd_mean,2.6,
TR,eth_x_fg,hispanic_latino,all,first_gen,2003,grad2,44.0,1364
TR,eth_x_fg,hispanic_latino,all,first_gen,2003,grad3,73.6,1364
TR,eth_x_fg,hispanic_latino,all,first_gen,2003,grad4,79.2,1364
TR,eth_x_fg,hispanic_latino,all,first_gen,2003,grad5p,81.8,1364
TR,eth_x_fg,hispanic_latino,all,first_gen,2003,gradgpa_mean,3.106,1116
TR,eth_x_fg,hispanic_latino,all,first_gen,2003,ret1,88.0,1364
TR,eth_x_fg,hispanic_latino,all,first_gen,2003,ttd_mean,2.54,
TR,eth_x_fg,hispanic_latino,all,first_gen,2004,grad2,45.3,1281
TR,eth_x_fg,hispanic_latino,all,first_gen,2004,grad3,75.1,1281
TR,eth_x_fg,hispanic_latino,all,first_gen,2004,grad4,81.5,1281
TR,eth_x_fg,hispanic_latino,all,first_gen,2004,grad5p,83.7,1281
TR,eth_x_fg,hispanic_latino,all,first_gen,2004,gradgpa_mean,3.127,1072
TR,eth_x_fg,hispanic_latino,all,first_gen,2004,ret1,89.8,1281
TR,eth_x_fg,hispanic_latino,all,first_gen,2004,ttd_mean,2.52,
TR,eth_x_fg,hispanic_latino,all,first_gen,2005,grad2,46.9,1351
TR,eth_x_fg,hispanic_latino,all,first_gen,2005,grad3,75.9,1351
TR,eth_x_fg,hispanic_latino,all,first_gen,2005,grad4,81.6,1351
TR,eth_x_fg,hispanic_latino,all,first_gen,2005,grad5p,83.5,1351
TR,eth_x_fg,hispanic_latino,all,first_gen,2005,gradgpa_mean,3.146,1128
TR,eth_x_fg,hispanic_latino,all,first_gen,2005,ret1,90.3,1351
TR,eth_x_fg,hispanic_latino,all,first_gen,2005,ttd_mean,2.51,
TR,eth_x_fg,hispanic_latino,all,first_gen,2006,grad2,45.7,1325
TR,eth_x_fg,hispanic_latino,all,first_gen,2006,grad3,75.6,1325
TR,eth_x_fg,hispanic_latino,all,first_gen,2006,grad4,82.0,1325
TR,eth_x_fg,hispanic_latino,all,first_gen,2006,grad5p,84.4,1325
TR,eth_x_fg,hispanic_latino,all,first_gen,2006,gradgpa_mean,3.164,1118
TR,eth_x_fg,hispanic_latino,all,first_gen,2006,ret1,91.2,1325
TR,eth_x_fg,hispanic_latino,all,first_gen,2006,ttd_mean,2.53,
TR,eth_x_fg,hispanic_latino,all,first_gen,2007,grad2,44.1,1405
TR,eth_x_fg,hispanic_latino,all,first_gen,2007,grad3,74.4,1405
TR,eth_x_fg,hispanic_latino,all,first_gen,2007,grad4,81.2,1405
TR,eth_x_fg,hispanic_latino,all,first_gen,2007,grad5p,83.8,1405
TR,eth_x_fg,hispanic_latino,all,first_gen,2007,gradgpa_mean,3.143,1178
TR,eth_x_fg,hispanic_latino,all,first_gen,2007,ret1,90.1,1405
TR,eth_x_fg,hispanic_latino,all,first_gen,2007,ttd_mean,2.55,
TR,eth_x_fg,hispanic_latino,all,first_gen,2008,grad2,45.4,1475
TR,eth_x_fg,hispanic_latino,all,first_gen,2008,grad3,77.4,1475
TR,eth_x_fg,hispanic_latino,all,first_gen,2008,grad4,84.2,1475
TR,eth_x_fg,hispanic_latino,all,first_gen,2008,grad5p,86.1,1475
TR,eth_x_fg,hispanic_latino,all,first_gen,2008,gradgpa_mean,3.129,1270
TR,eth_x_fg,hispanic_latino,all,first_gen,2008,ret1,90.7,1475
TR,eth_x_fg,hispanic_latino,all,first_gen,2008,ttd_mean,2.55,
TR,eth_x_fg,hispanic_latino,all,first_gen,2009,grad2,46.6,1653
TR,eth_x_fg,hispanic_latino,all,first_gen,2009,grad3,76.5,1653
TR,eth_x_fg,hispanic_latino,all,first_gen,2009,grad4,82.6,1653
TR,eth_x_fg,hispanic_latino,all,first_gen,2009,grad5p,85.4,1653
TR,eth_x_fg,hispanic_latino,all,first_gen,2009,gradgpa_mean,3.151,1411
TR,eth_x_fg,hispanic_latino,all,first_gen,2009,ret1,89.5,1653
TR,eth_x_fg,hispanic_latino,all,first_gen,2009,ttd_mean,2.54,
TR,eth_x_fg,hispanic_latino,all,first_gen,2010,grad2,47.7,1925
TR,eth_x_fg,hispanic_latino,all,first_gen,2010,grad3,78.8,1925
TR,eth_x_fg,hispanic_latino,all,first_gen,2010,grad4,83.9,1925
TR,eth_x_fg,hispanic_latino,all,first_gen,2010,grad5p,85.2,1925
TR,eth_x_fg,hispanic_latino,all,first_gen,2010,gradgpa_mean,3.139,1640
TR,eth_x_fg,hispanic_latino,all,first_gen,2010,ret1,91.4,1925
TR,eth_x_fg,hispanic_latino,all,first_gen,2010,ttd_mean,2.48,
TR,eth_x_fg,hispanic_latino,all,first_gen,2011,grad2,49.5,2165
TR,eth_x_fg,hispanic_latino,all,first_gen,2011,grad3,79.8,2165
TR,eth_x_fg,hispanic_latino,all,first_gen,2011,grad4,85.7,2165
TR,eth_x_fg,hispanic_latino,all,first_gen,2011,grad5p,87.3,2165
TR,eth_x_fg,hispanic_latino,all,first_gen,2011,gradgpa_mean,3.155,1891
TR,eth_x_fg,hispanic_latino,all,first_gen,2011,ret1,91.7,2165
TR,eth_x_fg,hispanic_latino,all,first_gen,2011,ttd_mean,2.5,
TR,eth_x_fg,hispanic_latino,all,first_gen,2012,grad2,51.0,2183
TR,eth_x_fg,hispanic_latino,all,first_gen,2012,grad3,81.9,2183
TR,eth_x_fg,hispanic_latino,all,first_gen,2012,grad4,86.7,2183
TR,eth_x_fg,hispanic_latino,all,first_gen,2012,grad5p,88.0,2183
TR,eth_x_fg,hispanic_latino,all,first_gen,2012,gradgpa_mean,3.174,1922
TR,eth_x_fg,hispanic_latino,all,first_gen,2012,ret1,93.2,2183
TR,eth_x_fg,hispanic_latino,all,first_gen,2012,ttd_mean,2.44,
TR,eth_x_fg,hispanic_latino,all,first_gen,2013,grad2,50.2,2456
TR,eth_x_fg,hispanic_latino,all,first_gen,2013,grad3,80.6,2456
TR,eth_x_fg,hispanic_latino,all,first_gen,2013,grad4,86.0,2456
TR,eth_x_fg,hispanic_latino,all,first_gen,2013,grad5p,87.5,2456
TR,eth_x_fg,hispanic_latino,all,first_gen,2013,gradgpa_mean,3.186,2150
TR,eth_x_fg,hispanic_latino,all,first_gen,2013,ret1,92.8,2456
TR,eth_x_fg,hispanic_latino,all,first_gen,2013,ttd_mean,2.46,
TR,eth_x_fg,hispanic_latino,all,first_gen,2014,grad2,50.8,2573
TR,eth_x_fg,hispanic_latino,all,first_gen,2014,grad3,82.2,2573
TR,eth_x_fg,hispanic_latino,all,first_gen,2014,grad4,87.1,2573
TR,eth_x_fg,hispanic_latino,all,first_gen,2014,grad5p,88.4,2573
TR,eth_x_fg,hispanic_latino,all,first_gen,2014,gradgpa_mean,3.192,2274
TR,eth_x_fg,hispanic_latino,all,first_gen,2014,ret1,92.9,2573
TR,eth_x_fg,hispanic_latino,all,first_gen,2014,ttd_mean,2.44,
TR,eth_x_fg,hispanic_latino,all,first_gen,2015,grad2,54.5,2541
TR,eth_x_fg,hispanic_latino,all,first_gen,2015,grad3,81.9,2541
TR,eth_x_fg,hispanic_latino,all,first_gen,2015,grad4,86.7,2541
TR,eth_x_fg,hispanic_latino,all,first_gen,2015,grad5p,88.1,2541
TR,eth_x_fg,hispanic_latino,all,first_gen,2015,gradgpa_mean,3.21,2238
TR,eth_x_fg,hispanic_latino,all,first_gen,2015,ret1,92.7,2541
TR,eth_x_fg,hispanic_latino,all,first_gen,2015,ttd_mean,2.43,
TR,eth_x_fg,hispanic_latino,all,first_gen,2016,grad2,54.5,3221
TR,eth_x_fg,hispanic_latino,all,first_gen,2016,grad3,81.2,3221
TR,eth_x_fg,hispanic_latino,all,first_gen,2016,grad4,85.9,3221
TR,eth_x_fg,hispanic_latino,all,first_gen,2016,grad5p,87.4,3221
TR,eth_x_fg,hispanic_latino,all,first_gen,2016,gradgpa_mean,3.226,2816
TR,eth_x_fg,hispanic_latino,all,first_gen,2016,ret1,92.0,3221
TR,eth_x_fg,hispanic_latino,all,first_gen,2016,ttd_mean,2.39,
TR,eth_x_fg,hispanic_latino,all,first_gen,2017,grad2,54.0,3476
TR,eth_x_fg,hispanic_latino,all,first_gen,2017,grad3,81.4,3476
TR,eth_x_fg,hispanic_latino,all,first_gen,2017,grad4,86.6,3476
TR,eth_x_fg,hispanic_latino,all,first_gen,2017,grad5p,87.9,3476
TR,eth_x_fg,hispanic_latino,all,first_gen,2017,gradgpa_mean,3.241,3057
TR,eth_x_fg,hispanic_latino,all,first_gen,2017,ret1,91.7,3476
TR,eth_x_fg,hispanic_latino,all,first_gen,2017,ttd_mean,2.4,
TR,eth_x_fg,hispanic_latino,all,first_gen,2018,grad2,56.1,3766
TR,eth_x_fg,hispanic_latino,all,first_gen,2018,grad3,82.2,3766
TR,eth_x_fg,hispanic_latino,all,first_gen,2018,grad4,86.2,3766
TR,eth_x_fg,hispanic_latino,all,first_gen,2018,grad5p,87.3,3766
TR,eth_x_fg,hispanic_latino,all,first_gen,2018,gradgpa_mean,3.35,3288
TR,eth_x_fg,hispanic_latino,all,first_gen,2018,ret1,91.2,3766
TR,eth_x_fg,hispanic_latino,all,first_gen,2018,ttd_mean,2.37,
TR,eth_x_fg,hispanic_latino,all,first_gen,2019,grad2,58.9,3717
TR,eth_x_fg,hispanic_latino,all,first_gen,2019,grad3,82.5,3717
TR,eth_x_fg,hispanic_latino,all,first_gen,2019,grad4,87.1,3717
TR,eth_x_fg,hispanic_latino,all,first_gen,2019,grad5p,88.7,3717
TR,eth_x_fg,hispanic_latino,all,first_gen,2019,gradgpa_mean,3.345,3298
TR,eth_x_fg,hispanic_latino,all,first_gen,2019,ret1,93.1,3717
TR,eth_x_fg,hispanic_latino,all,first_gen,2020,grad2,55.5,3991
TR,eth_x_fg,hispanic_latino,all,first_gen,2020,grad3,78.2,3991
TR,eth_x_fg,hispanic_latino,all,first_gen,2020,grad4,82.4,3991
TR,eth_x_fg,hispanic_latino,all,first_gen,2020,grad5p,83.7,3991
TR,eth_x_fg,hispanic_latino,all,first_gen,2020,gradgpa_mean,3.324,3342
TR,eth_x_fg,hispanic_latino,all,first_gen,2020,ret1,90.0,3991
TR,eth_x_fg,hispanic_latino,all,first_gen,2021,grad2,60.0,3909
TR,eth_x_fg,hispanic_latino,all,first_gen,2021,grad3,81.9,3909
TR,eth_x_fg,hispanic_latino,all,first_gen,2021,grad4,85.2,3909
TR,eth_x_fg,hispanic_latino,all,first_gen,2021,gradgpa_mean,3.291,3332
TR,eth_x_fg,hispanic_latino,all,first_gen,2021,ret1,91.1,3909
TR,eth_x_fg,hispanic_latino,all,first_gen,2022,grad2,61.7,3419
TR,eth_x_fg,hispanic_latino,all,first_gen,2022,grad3,82.5,3419
TR,eth_x_fg,hispanic_latino,all,first_gen,2022,gradgpa_mean,3.314,2821
TR,eth_x_fg,hispanic_latino,all,first_gen,2022,ret1,93.1,3419
TR,eth_x_fg,hispanic_latino,all,first_gen,2023,grad2,66.7,3305
TR,eth_x_fg,hispanic_latino,all,first_gen,2023,gradgpa_mean,3.39,2205
TR,eth_x_fg,hispanic_latino,all,first_gen,2023,ret1,93.6,3305
TR,eth_x_fg,hispanic_latino,all,first_gen,2024,ret1,93.7,3451
TR,eth_x_fg,hispanic_latino,all,not_first_gen,1999,grad2,38.1,236
TR,eth_x_fg,hispanic_latino,all,not_first_gen,1999,grad3,75.4,236
TR,eth_x_fg,hispanic_latino,all,not_first_gen,1999,grad4,81.4,236
TR,eth_x_fg,hispanic_latino,all,not_first_gen,1999,grad5p,84.3,236
TR,eth_x_fg,hispanic_latino,all,not_first_gen,1999,gradgpa_mean,3.155,192
TR,eth_x_fg,hispanic_latino,all,not_first_gen,1999,ret1,89.4,236
TR,eth_x_fg,hispanic_latino,all,not_first_gen,1999,ttd_mean,2.6,
TR,eth_x_fg,hispanic_latino,all,not_first_gen,2000,grad2,39.5,354
TR,eth_x_fg,hispanic_latino,all,not_first_gen,2000,grad3,72.9,354
TR,eth_x_fg,hispanic_latino,all,not_first_gen,2000,grad4,79.7,354
TR,eth_x_fg,hispanic_latino,all,not_first_gen,2000,grad5p,83.1,354
TR,eth_x_fg,hispanic_latino,all,not_first_gen,2000,gradgpa_mean,3.176,294
TR,eth_x_fg,hispanic_latino,all,not_first_gen,2000,ret1,89.3,354
TR,eth_x_fg,hispanic_latino,all,not_first_gen,2000,ttd_mean,2.64,
TR,eth_x_fg,hispanic_latino,all,not_first_gen,2001,grad2,40.9,403
TR,eth_x_fg,hispanic_latino,all,not_first_gen,2001,grad3,70.7,403
TR,eth_x_fg,hispanic_latino,all,not_first_gen,2001,grad4,80.4,403
TR,eth_x_fg,hispanic_latino,all,not_first_gen,2001,grad5p,81.6,403
TR,eth_x_fg,hispanic_latino,all,not_first_gen,2001,gradgpa_mean,3.137,324
TR,eth_x_fg,hispanic_latino,all,not_first_gen,2001,ret1,89.1,403
TR,eth_x_fg,hispanic_latino,all,not_first_gen,2001,ttd_mean,2.64,
TR,eth_x_fg,hispanic_latino,all,not_first_gen,2002,grad2,42.0,393
TR,eth_x_fg,hispanic_latino,all,not_first_gen,2002,grad3,74.0,393
TR,eth_x_fg,hispanic_latino,all,not_first_gen,2002,grad4,82.7,393
TR,eth_x_fg,hispanic_latino,all,not_first_gen,2002,grad5p,85.2,393
TR,eth_x_fg,hispanic_latino,all,not_first_gen,2002,gradgpa_mean,3.187,335
TR,eth_x_fg,hispanic_latino,all,not_first_gen,2002,ret1,92.4,393
TR,eth_x_fg,hispanic_latino,all,not_first_gen,2002,ttd_mean,2.56,
TR,eth_x_fg,hispanic_latino,all,not_first_gen,2003,grad2,44.7,452
TR,eth_x_fg,hispanic_latino,all,not_first_gen,2003,grad3,78.8,452
TR,eth_x_fg,hispanic_latino,all,not_first_gen,2003,grad4,84.1,452
TR,eth_x_fg,hispanic_latino,all,not_first_gen,2003,grad5p,86.9,452
TR,eth_x_fg,hispanic_latino,all,not_first_gen,2003,gradgpa_mean,3.173,393
TR,eth_x_fg,hispanic_latino,all,not_first_gen,2003,ret1,91.2,452
TR,eth_x_fg,hispanic_latino,all,not_first_gen,2003,ttd_mean,2.56,
TR,eth_x_fg,hispanic_latino,all,not_first_gen,2004,grad2,50.5,503
TR,eth_x_fg,hispanic_latino,all,not_first_gen,2004,grad3,79.3,503
TR,eth_x_fg,hispanic_latino,all,not_first_gen,2004,grad4,85.7,503
TR,eth_x_fg,hispanic_latino,all,not_first_gen,2004,grad5p,87.3,503
TR,eth_x_fg,hispanic_latino,all,not_first_gen,2004,gradgpa_mean,3.153,431
TR,eth_x_fg,hispanic_latino,all,not_first_gen,2004,ret1,91.5,503
TR,eth_x_fg,hispanic_latino,all,not_first_gen,2004,ttd_mean,2.46,
TR,eth_x_fg,hispanic_latino,all,not_first_gen,2005,grad2,51.7,493
TR,eth_x_fg,hispanic_latino,all,not_first_gen,2005,grad3,80.3,493
TR,eth_x_fg,hispanic_latino,all,not_first_gen,2005,grad4,88.4,493
TR,eth_x_fg,hispanic_latino,all,not_first_gen,2005,grad5p,89.7,493
TR,eth_x_fg,hispanic_latino,all,not_first_gen,2005,gradgpa_mean,3.184,436
TR,eth_x_fg,hispanic_latino,all,not_first_gen,2005,ret1,93.7,493
TR,eth_x_fg,hispanic_latino,all,not_first_gen,2005,ttd_mean,2.53,
TR,eth_x_fg,hispanic_latino,all,not_first_gen,2006,grad2,48.1,491
TR,eth_x_fg,hispanic_latino,all,not_first_gen,2006,grad3,77.2,491
TR,eth_x_fg,hispanic_latino,all,not_first_gen,2006,grad4,84.9,491
TR,eth_x_fg,hispanic_latino,all,not_first_gen,2006,grad5p,86.6,491
TR,eth_x_fg,hispanic_latino,all,not_first_gen,2006,gradgpa_mean,3.261,417
TR,eth_x_fg,hispanic_latino,all,not_first_gen,2006,ret1,93.1,491
TR,eth_x_fg,hispanic_latino,all,not_first_gen,2006,ttd_mean,2.52,
TR,eth_x_fg,hispanic_latino,all,not_first_gen,2007,grad2,49.6,510
TR,eth_x_fg,hispanic_latino,all,not_first_gen,2007,grad3,81.2,510
TR,eth_x_fg,hispanic_latino,all,not_first_gen,2007,grad4,85.5,510
TR,eth_x_fg,hispanic_latino,all,not_first_gen,2007,grad5p,87.5,510
TR,eth_x_fg,hispanic_latino,all,not_first_gen,2007,gradgpa_mean,3.222,446
TR,eth_x_fg,hispanic_latino,all,not_first_gen,2007,ret1,91.8,510
TR,eth_x_fg,hispanic_latino,all,not_first_gen,2007,ttd_mean,2.45,
TR,eth_x_fg,hispanic_latino,all,not_first_gen,2008,grad2,45.8,546
TR,eth_x_fg,hispanic_latino,all,not_first_gen,2008,grad3,78.6,546
TR,eth_x_fg,hispanic_latino,all,not_first_gen,2008,grad4,85.9,546
TR,eth_x_fg,hispanic_latino,all,not_first_gen,2008,grad5p,87.7,546
TR,eth_x_fg,hispanic_latino,all,not_first_gen,2008,gradgpa_mean,3.213,479
TR,eth_x_fg,hispanic_latino,all,not_first_gen,2008,ret1,91.9,546
TR,eth_x_fg,hispanic_latino,all,not_first_gen,2008,ttd_mean,2.5,
TR,eth_x_fg,hispanic_latino,all,not_first_gen,2009,grad2,53.8,626
TR,eth_x_fg,hispanic_latino,all,not_first_gen,2009,grad3,83.5,626
TR,eth_x_fg,hispanic_latino,all,not_first_gen,2009,grad4,89.3,626
TR,eth_x_fg,hispanic_latino,all,not_first_gen,2009,grad5p,90.4,626
TR,eth_x_fg,hispanic_latino,all,not_first_gen,2009,gradgpa_mean,3.229,559
TR,eth_x_fg,hispanic_latino,all,not_first_gen,2009,ret1,93.8,626
TR,eth_x_fg,hispanic_latino,all,not_first_gen,2009,ttd_mean,2.4,
TR,eth_x_fg,hispanic_latino,all,not_first_gen,2010,grad2,50.1,723
TR,eth_x_fg,hispanic_latino,all,not_first_gen,2010,grad3,78.3,723
TR,eth_x_fg,hispanic_latino,all,not_first_gen,2010,grad4,84.9,723
TR,eth_x_fg,hispanic_latino,all,not_first_gen,2010,grad5p,87.3,723
TR,eth_x_fg,hispanic_latino,all,not_first_gen,2010,gradgpa_mean,3.212,631
TR,eth_x_fg,hispanic_latino,all,not_first_gen,2010,ret1,90.3,723
TR,eth_x_fg,hispanic_latino,all,not_first_gen,2010,ttd_mean,2.48,
TR,eth_x_fg,hispanic_latino,all,not_first_gen,2011,grad2,55.6,847
TR,eth_x_fg,hispanic_latino,all,not_first_gen,2011,grad3,83.6,847
TR,eth_x_fg,hispanic_latino,all,not_first_gen,2011,grad4,88.5,847
TR,eth_x_fg,hispanic_latino,all,not_first_gen,2011,grad5p,89.7,847
TR,eth_x_fg,hispanic_latino,all,not_first_gen,2011,gradgpa_mean,3.23,760
TR,eth_x_fg,hispanic_latino,all,not_first_gen,2011,ret1,93.0,847
TR,eth_x_fg,hispanic_latino,all,not_first_gen,2011,ttd_mean,2.4,
TR,eth_x_fg,hispanic_latino,all,not_first_gen,2012,grad2,55.0,787
TR,eth_x_fg,hispanic_latino,all,not_first_gen,2012,grad3,84.5,787
TR,eth_x_fg,hispanic_latino,all,not_first_gen,2012,grad4,88.8,787
TR,eth_x_fg,hispanic_latino,all,not_first_gen,2012,grad5p,90.7,787
TR,eth_x_fg,hispanic_latino,all,not_first_gen,2012,gradgpa_mean,3.24,714
TR,eth_x_fg,hispanic_latino,all,not_first_gen,2012,ret1,92.4,787
TR,eth_x_fg,hispanic_latino,all,not_first_gen,2012,ttd_mean,2.38,
TR,eth_x_fg,hispanic_latino,all,not_first_gen,2013,grad2,55.9,860
TR,eth_x_fg,hispanic_latino,all,not_first_gen,2013,grad3,83.8,860
TR,eth_x_fg,hispanic_latino,all,not_first_gen,2013,grad4,90.1,860
TR,eth_x_fg,hispanic_latino,all,not_first_gen,2013,grad5p,91.6,860
TR,eth_x_fg,hispanic_latino,all,not_first_gen,2013,gradgpa_mean,3.22,788
TR,eth_x_fg,hispanic_latino,all,not_first_gen,2013,ret1,94.1,860
TR,eth_x_fg,hispanic_latino,all,not_first_gen,2013,ttd_mean,2.39,
TR,eth_x_fg,hispanic_latino,all,not_first_gen,2014,grad2,54.9,902
TR,eth_x_fg,hispanic_latino,all,not_first_gen,2014,grad3,83.8,902
TR,eth_x_fg,hispanic_latino,all,not_first_gen,2014,grad4,89.1,902
TR,eth_x_fg,hispanic_latino,all,not_first_gen,2014,grad5p,90.8,902
TR,eth_x_fg,hispanic_latino,all,not_first_gen,2014,gradgpa_mean,3.287,819
TR,eth_x_fg,hispanic_latino,all,not_first_gen,2014,ret1,93.8,902
TR,eth_x_fg,hispanic_latino,all,not_first_gen,2014,ttd_mean,2.42,
TR,eth_x_fg,hispanic_latino,all,not_first_gen,2015,grad2,55.4,904
TR,eth_x_fg,hispanic_latino,all,not_first_gen,2015,grad3,83.5,904
TR,eth_x_fg,hispanic_latino,all,not_first_gen,2015,grad4,88.7,904
TR,eth_x_fg,hispanic_latino,all,not_first_gen,2015,grad5p,90.3,904
TR,eth_x_fg,hispanic_latino,all,not_first_gen,2015,gradgpa_mean,3.294,816
TR,eth_x_fg,hispanic_latino,all,not_first_gen,2015,ret1,94.6,904
TR,eth_x_fg,hispanic_latino,all,not_first_gen,2015,ttd_mean,2.43,
TR,eth_x_fg,hispanic_latino,all,not_first_gen,2016,grad2,58.5,1028
TR,eth_x_fg,hispanic_latino,all,not_first_gen,2016,grad3,85.3,1028
TR,eth_x_fg,hispanic_latino,all,not_first_gen,2016,grad4,89.7,1028
TR,eth_x_fg,hispanic_latino,all,not_first_gen,2016,grad5p,91.0,1028
TR,eth_x_fg,hispanic_latino,all,not_first_gen,2016,gradgpa_mean,3.277,935
TR,eth_x_fg,hispanic_latino,all,not_first_gen,2016,ret1,94.9,1028
TR,eth_x_fg,hispanic_latino,all,not_first_gen,2016,ttd_mean,2.35,
TR,eth_x_fg,hispanic_latino,all,not_first_gen,2017,grad2,60.2,1177
TR,eth_x_fg,hispanic_latino,all,not_first_gen,2017,grad3,85.9,1177
TR,eth_x_fg,hispanic_latino,all,not_first_gen,2017,grad4,90.7,1177
TR,eth_x_fg,hispanic_latino,all,not_first_gen,2017,grad5p,91.9,1177
TR,eth_x_fg,hispanic_latino,all,not_first_gen,2017,gradgpa_mean,3.29,1082
TR,eth_x_fg,hispanic_latino,all,not_first_gen,2017,ret1,94.3,1177
TR,eth_x_fg,hispanic_latino,all,not_first_gen,2017,ttd_mean,2.36,
TR,eth_x_fg,hispanic_latino,all,not_first_gen,2018,grad2,61.9,1342
TR,eth_x_fg,hispanic_latino,all,not_first_gen,2018,grad3,84.6,1342
TR,eth_x_fg,hispanic_latino,all,not_first_gen,2018,grad4,88.2,1342
TR,eth_x_fg,hispanic_latino,all,not_first_gen,2018,grad5p,89.5,1342
TR,eth_x_fg,hispanic_latino,all,not_first_gen,2018,gradgpa_mean,3.416,1201
TR,eth_x_fg,hispanic_latino,all,not_first_gen,2018,ret1,93.5,1342
TR,eth_x_fg,hispanic_latino,all,not_first_gen,2018,ttd_mean,2.31,
TR,eth_x_fg,hispanic_latino,all,not_first_gen,2019,grad2,63.9,1342
TR,eth_x_fg,hispanic_latino,all,not_first_gen,2019,grad3,86.9,1342
TR,eth_x_fg,hispanic_latino,all,not_first_gen,2019,grad4,89.7,1342
TR,eth_x_fg,hispanic_latino,all,not_first_gen,2019,grad5p,91.2,1342
TR,eth_x_fg,hispanic_latino,all,not_first_gen,2019,gradgpa_mean,3.463,1224
TR,eth_x_fg,hispanic_latino,all,not_first_gen,2019,ret1,93.7,1342
TR,eth_x_fg,hispanic_latino,all,not_first_gen,2020,grad2,60.1,1396
TR,eth_x_fg,hispanic_latino,all,not_first_gen,2020,grad3,84.2,1396
TR,eth_x_fg,hispanic_latino,all,not_first_gen,2020,grad4,87.5,1396
TR,eth_x_fg,hispanic_latino,all,not_first_gen,2020,grad5p,88.8,1396
TR,eth_x_fg,hispanic_latino,all,not_first_gen,2020,gradgpa_mean,3.425,1240
TR,eth_x_fg,hispanic_latino,all,not_first_gen,2020,ret1,93.1,1396
TR,eth_x_fg,hispanic_latino,all,not_first_gen,2021,grad2,66.3,1529
TR,eth_x_fg,hispanic_latino,all,not_first_gen,2021,grad3,86.3,1529
TR,eth_x_fg,hispanic_latino,all,not_first_gen,2021,grad4,90.2,1529
TR,eth_x_fg,hispanic_latino,all,not_first_gen,2021,gradgpa_mean,3.399,1379
TR,eth_x_fg,hispanic_latino,all,not_first_gen,2021,ret1,93.9,1529
TR,eth_x_fg,hispanic_latino,all,not_first_gen,2022,grad2,67.1,1503
TR,eth_x_fg,hispanic_latino,all,not_first_gen,2022,grad3,87.6,1503
TR,eth_x_fg,hispanic_latino,all,not_first_gen,2022,gradgpa_mean,3.4,1316
TR,eth_x_fg,hispanic_latino,all,not_first_gen,2022,ret1,94.3,1503
TR,eth_x_fg,hispanic_latino,all,not_first_gen,2023,grad2,67.7,1578
TR,eth_x_fg,hispanic_latino,all,not_first_gen,2023,gradgpa_mean,3.48,1069
TR,eth_x_fg,hispanic_latino,all,not_first_gen,2023,ret1,95.9,1578
TR,eth_x_fg,hispanic_latino,all,not_first_gen,2024,ret1,95.8,1746
TR,eth_x_fg,international,all,first_gen,1999,grad2,50.9,228
TR,eth_x_fg,international,all,first_gen,1999,grad3,83.8,228
TR,eth_x_fg,international,all,first_gen,1999,grad4,89.0,228
TR,eth_x_fg,international,all,first_gen,1999,grad5p,91.2,228
TR,eth_x_fg,international,all,first_gen,1999,gradgpa_mean,3.053,203
TR,eth_x_fg,international,all,first_gen,1999,ret1,90.4,228
TR,eth_x_fg,international,all,first_gen,1999,ttd_mean,2.39,
TR,eth_x_fg,international,all,first_gen,2000,grad2,48.9,274
TR,eth_x_fg,international,all,first_gen,2000,grad3,84.3,274
TR,eth_x_fg,international,all,first_gen,2000,grad4,88.7,274
TR,eth_x_fg,international,all,first_gen,2000,grad5p,91.2,274
TR,eth_x_fg,international,all,first_gen,2000,gradgpa_mean,3.24,243
TR,eth_x_fg,international,all,first_gen,2000,ret1,91.2,274
TR,eth_x_fg,international,all,first_gen,2000,ttd_mean,2.39,
TR,eth_x_fg,international,all,first_gen,2001,grad2,53.2,310
TR,eth_x_fg,international,all,first_gen,2001,grad3,82.9,310
TR,eth_x_fg,international,all,first_gen,2001,grad4,88.1,310
TR,eth_x_fg,international,all,first_gen,2001,grad5p,89.0,310
TR,eth_x_fg,international,all,first_gen,2001,gradgpa_mean,3.13,273
TR,eth_x_fg,international,all,first_gen,2001,ret1,90.6,310
TR,eth_x_fg,international,all,first_gen,2001,ttd_mean,2.28,
TR,eth_x_fg,international,all,first_gen,2002,grad2,56.5,359
TR,eth_x_fg,international,all,first_gen,2002,grad3,86.9,359
TR,eth_x_fg,international,all,first_gen,2002,grad4,90.0,359
TR,eth_x_fg,international,all,first_gen,2002,grad5p,90.8,359
TR,eth_x_fg,international,all,first_gen,2002,gradgpa_mean,3.114,323
TR,eth_x_fg,international,all,first_gen,2002,ret1,89.7,359
TR,eth_x_fg,international,all,first_gen,2002,ttd_mean,2.28,
TR,eth_x_fg,international,all,first_gen,2003,grad2,62.7,451
TR,eth_x_fg,international,all,first_gen,2003,grad3,88.0,451
TR,eth_x_fg,international,all,first_gen,2003,grad4,90.9,451
TR,eth_x_fg,international,all,first_gen,2003,grad5p,91.8,451
TR,eth_x_fg,international,all,first_gen,2003,gradgpa_mean,3.146,410
TR,eth_x_fg,international,all,first_gen,2003,ret1,91.8,451
TR,eth_x_fg,international,all,first_gen,2003,ttd_mean,2.17,
TR,eth_x_fg,international,all,first_gen,2004,grad2,64.7,405
TR,eth_x_fg,international,all,first_gen,2004,grad3,88.4,405
TR,eth_x_fg,international,all,first_gen,2004,grad4,91.1,405
TR,eth_x_fg,international,all,first_gen,2004,grad5p,91.9,405
TR,eth_x_fg,international,all,first_gen,2004,gradgpa_mean,3.146,369
TR,eth_x_fg,international,all,first_gen,2004,ret1,92.8,405
TR,eth_x_fg,international,all,first_gen,2004,ttd_mean,2.16,
TR,eth_x_fg,international,all,first_gen,2005,grad2,63.3,349
TR,eth_x_fg,international,all,first_gen,2005,grad3,84.0,349
TR,eth_x_fg,international,all,first_gen,2005,grad4,87.1,349
TR,eth_x_fg,international,all,first_gen,2005,grad5p,88.5,349
TR,eth_x_fg,international,all,first_gen,2005,gradgpa_mean,3.233,304
TR,eth_x_fg,international,all,first_gen,2005,ret1,90.0,349
TR,eth_x_fg,international,all,first_gen,2005,ttd_mean,2.23,
TR,eth_x_fg,international,all,first_gen,2006,grad2,66.3,303
TR,eth_x_fg,international,all,first_gen,2006,grad3,88.4,303
TR,eth_x_fg,international,all,first_gen,2006,grad4,91.4,303
TR,eth_x_fg,international,all,first_gen,2006,grad5p,92.4,303
TR,eth_x_fg,international,all,first_gen,2006,gradgpa_mean,3.188,268
TR,eth_x_fg,international,all,first_gen,2006,ret1,91.7,303
TR,eth_x_fg,international,all,first_gen,2006,ttd_mean,2.2,
TR,eth_x_fg,international,all,first_gen,2007,grad2,64.7,331
TR,eth_x_fg,international,all,first_gen,2007,grad3,83.7,331
TR,eth_x_fg,international,all,first_gen,2007,grad4,88.5,331
TR,eth_x_fg,international,all,first_gen,2007,grad5p,90.9,331
TR,eth_x_fg,international,all,first_gen,2007,gradgpa_mean,3.081,293
TR,eth_x_fg,international,all,first_gen,2007,ret1,90.9,331
TR,eth_x_fg,international,all,first_gen,2007,ttd_mean,2.28,
TR,eth_x_fg,international,all,first_gen,2008,grad2,66.9,396
TR,eth_x_fg,international,all,first_gen,2008,grad3,85.4,396
TR,eth_x_fg,international,all,first_gen,2008,grad4,88.6,396
TR,eth_x_fg,international,all,first_gen,2008,grad5p,89.1,396
TR,eth_x_fg,international,all,first_gen,2008,gradgpa_mean,3.178,351
TR,eth_x_fg,international,all,first_gen,2008,ret1,91.2,396
TR,eth_x_fg,international,all,first_gen,2008,ttd_mean,2.18,
TR,eth_x_fg,international,all,first_gen,2009,grad2,68.5,444
TR,eth_x_fg,international,all,first_gen,2009,grad3,87.2,444
TR,eth_x_fg,international,all,first_gen,2009,grad4,90.3,444
TR,eth_x_fg,international,all,first_gen,2009,grad5p,91.7,444
TR,eth_x_fg,international,all,first_gen,2009,gradgpa_mean,3.189,401
TR,eth_x_fg,international,all,first_gen,2009,ret1,90.1,444
TR,eth_x_fg,international,all,first_gen,2009,ttd_mean,2.15,
TR,eth_x_fg,international,all,first_gen,2010,grad2,70.7,481
TR,eth_x_fg,international,all,first_gen,2010,grad3,90.6,481
TR,eth_x_fg,international,all,first_gen,2010,grad4,92.9,481
TR,eth_x_fg,international,all,first_gen,2010,grad5p,93.6,481
TR,eth_x_fg,international,all,first_gen,2010,gradgpa_mean,3.176,447
TR,eth_x_fg,international,all,first_gen,2010,ret1,91.3,481
TR,eth_x_fg,international,all,first_gen,2010,ttd_mean,2.11,
TR,eth_x_fg,international,all,first_gen,2011,grad2,65.6,700
TR,eth_x_fg,international,all,first_gen,2011,grad3,86.4,700
TR,eth_x_fg,international,all,first_gen,2011,grad4,90.4,700
TR,eth_x_fg,international,all,first_gen,2011,grad5p,92.0,700
TR,eth_x_fg,international,all,first_gen,2011,gradgpa_mean,3.137,644
TR,eth_x_fg,international,all,first_gen,2011,ret1,89.9,700
TR,eth_x_fg,international,all,first_gen,2011,ttd_mean,2.22,
TR,eth_x_fg,international,all,first_gen,2012,grad2,65.6,750
TR,eth_x_fg,international,all,first_gen,2012,grad3,87.3,750
TR,eth_x_fg,international,all,first_gen,2012,grad4,90.1,750
TR,eth_x_fg,international,all,first_gen,2012,grad5p,91.5,750
TR,eth_x_fg,international,all,first_gen,2012,gradgpa_mean,3.082,686
TR,eth_x_fg,international,all,first_gen,2012,ret1,90.8,750
TR,eth_x_fg,international,all,first_gen,2012,ttd_mean,2.2,
TR,eth_x_fg,international,all,first_gen,2013,grad2,67.5,946
TR,eth_x_fg,international,all,first_gen,2013,grad3,88.8,946
TR,eth_x_fg,international,all,first_gen,2013,grad4,91.4,946
TR,eth_x_fg,international,all,first_gen,2013,grad5p,92.4,946
TR,eth_x_fg,international,all,first_gen,2013,gradgpa_mean,3.146,865
TR,eth_x_fg,international,all,first_gen,2013,ret1,94.0,946
TR,eth_x_fg,international,all,first_gen,2013,ttd_mean,2.19,
TR,eth_x_fg,international,all,first_gen,2014,grad2,67.0,984
TR,eth_x_fg,international,all,first_gen,2014,grad3,87.7,984
TR,eth_x_fg,international,all,first_gen,2014,grad4,90.3,984
TR,eth_x_fg,international,all,first_gen,2014,grad5p,91.6,984
TR,eth_x_fg,international,all,first_gen,2014,gradgpa_mean,3.158,901
TR,eth_x_fg,international,all,first_gen,2014,ret1,91.7,984
TR,eth_x_fg,international,all,first_gen,2014,ttd_mean,2.2,
TR,eth_x_fg,international,all,first_gen,2015,grad2,67.5,1070
TR,eth_x_fg,international,all,first_gen,2015,grad3,87.9,1070
TR,eth_x_fg,international,all,first_gen,2015,grad4,90.9,1070
TR,eth_x_fg,international,all,first_gen,2015,grad5p,91.8,1070
TR,eth_x_fg,international,all,first_gen,2015,gradgpa_mean,3.158,973
TR,eth_x_fg,international,all,first_gen,2015,ret1,91.9,1070
TR,eth_x_fg,international,all,first_gen,2015,ttd_mean,2.17,
TR,eth_x_fg,international,all,first_gen,2016,grad2,69.5,1207
TR,eth_x_fg,international,all,first_gen,2016,grad3,89.3,1207
TR,eth_x_fg,international,all,first_gen,2016,grad4,91.5,1207
TR,eth_x_fg,international,all,first_gen,2016,grad5p,92.4,1207
TR,eth_x_fg,international,all,first_gen,2016,gradgpa_mean,3.141,1115
TR,eth_x_fg,international,all,first_gen,2016,ret1,92.1,1207
TR,eth_x_fg,international,all,first_gen,2016,ttd_mean,2.12,
TR,eth_x_fg,international,all,first_gen,2017,grad2,70.3,1112
TR,eth_x_fg,international,all,first_gen,2017,grad3,89.6,1112
TR,eth_x_fg,international,all,first_gen,2017,grad4,91.9,1112
TR,eth_x_fg,international,all,first_gen,2017,grad5p,92.5,1112
TR,eth_x_fg,international,all,first_gen,2017,gradgpa_mean,3.185,1022
TR,eth_x_fg,international,all,first_gen,2017,ret1,92.2,1112
TR,eth_x_fg,international,all,first_gen,2017,ttd_mean,2.1,
TR,eth_x_fg,international,all,first_gen,2018,grad2,71.8,1172
TR,eth_x_fg,international,all,first_gen,2018,grad3,90.6,1172
TR,eth_x_fg,international,all,first_gen,2018,grad4,92.7,1172
TR,eth_x_fg,international,all,first_gen,2018,grad5p,93.3,1172
TR,eth_x_fg,international,all,first_gen,2018,gradgpa_mean,3.318,1087
TR,eth_x_fg,international,all,first_gen,2018,ret1,92.9,1172
TR,eth_x_fg,international,all,first_gen,2018,ttd_mean,2.08,
TR,eth_x_fg,international,all,first_gen,2019,grad2,70.8,1167
TR,eth_x_fg,international,all,first_gen,2019,grad3,88.2,1167
TR,eth_x_fg,international,all,first_gen,2019,grad4,90.1,1167
TR,eth_x_fg,international,all,first_gen,2019,grad5p,91.7,1167
TR,eth_x_fg,international,all,first_gen,2019,gradgpa_mean,3.342,1070
TR,eth_x_fg,international,all,first_gen,2019,ret1,90.8,1167
TR,eth_x_fg,international,all,first_gen,2020,grad2,66.5,1084
TR,eth_x_fg,international,all,first_gen,2020,grad3,83.4,1084
TR,eth_x_fg,international,all,first_gen,2020,grad4,88.1,1084
TR,eth_x_fg,international,all,first_gen,2020,grad5p,89.3,1084
TR,eth_x_fg,international,all,first_gen,2020,gradgpa_mean,3.336,968
TR,eth_x_fg,international,all,first_gen,2020,ret1,84.3,1084
TR,eth_x_fg,international,all,first_gen,2021,grad2,68.2,974
TR,eth_x_fg,international,all,first_gen,2021,grad3,85.4,974
TR,eth_x_fg,international,all,first_gen,2021,grad4,89.4,974
TR,eth_x_fg,international,all,first_gen,2021,gradgpa_mean,3.337,871
TR,eth_x_fg,international,all,first_gen,2021,ret1,91.1,974
TR,eth_x_fg,international,all,first_gen,2022,grad2,69.6,608
TR,eth_x_fg,international,all,first_gen,2022,grad3,88.0,608
TR,eth_x_fg,international,all,first_gen,2022,gradgpa_mean,3.364,535
TR,eth_x_fg,international,all,first_gen,2022,ret1,92.1,608
TR,eth_x_fg,international,all,first_gen,2023,grad2,66.3,526
TR,eth_x_fg,international,all,first_gen,2023,gradgpa_mean,3.44,349
TR,eth_x_fg,international,all,first_gen,2023,ret1,91.1,526
TR,eth_x_fg,international,all,first_gen,2024,ret1,87.5,560
TR,eth_x_fg,international,all,not_first_gen,1999,grad2,52.7,245
TR,eth_x_fg,international,all,not_first_gen,1999,grad3,83.7,245
TR,eth_x_fg,international,all,not_first_gen,1999,grad4,89.0,245
TR,eth_x_fg,international,all,not_first_gen,1999,grad5p,91.4,245
TR,eth_x_fg,international,all,not_first_gen,1999,gradgpa_mean,3.134,218
TR,eth_x_fg,international,all,not_first_gen,1999,ret1,91.4,245
TR,eth_x_fg,international,all,not_first_gen,1999,ttd_mean,2.36,
TR,eth_x_fg,international,all,not_first_gen,2000,grad2,48.3,344
TR,eth_x_fg,international,all,not_first_gen,2000,grad3,81.7,344
TR,eth_x_fg,international,all,not_first_gen,2000,grad4,88.1,344
TR,eth_x_fg,international,all,not_first_gen,2000,grad5p,89.0,344
TR,eth_x_fg,international,all,not_first_gen,2000,gradgpa_mean,3.269,303
TR,eth_x_fg,international,all,not_first_gen,2000,ret1,91.6,344
TR,eth_x_fg,international,all,not_first_gen,2000,ttd_mean,2.35,
TR,eth_x_fg,international,all,not_first_gen,2001,grad2,51.9,370
TR,eth_x_fg,international,all,not_first_gen,2001,grad3,82.7,370
TR,eth_x_fg,international,all,not_first_gen,2001,grad4,87.0,370
TR,eth_x_fg,international,all,not_first_gen,2001,grad5p,88.1,370
TR,eth_x_fg,international,all,not_first_gen,2001,gradgpa_mean,3.235,322
TR,eth_x_fg,international,all,not_first_gen,2001,ret1,92.7,370
TR,eth_x_fg,international,all,not_first_gen,2001,ttd_mean,2.32,
TR,eth_x_fg,international,all,not_first_gen,2002,grad2,57.0,442
TR,eth_x_fg,international,all,not_first_gen,2002,grad3,85.5,442
TR,eth_x_fg,international,all,not_first_gen,2002,grad4,89.6,442
TR,eth_x_fg,international,all,not_first_gen,2002,grad5p,89.6,442
TR,eth_x_fg,international,all,not_first_gen,2002,gradgpa_mean,3.142,396
TR,eth_x_fg,international,all,not_first_gen,2002,ret1,90.0,442
TR,eth_x_fg,international,all,not_first_gen,2002,ttd_mean,2.24,
TR,eth_x_fg,international,all,not_first_gen,2003,grad2,56.4,505
TR,eth_x_fg,international,all,not_first_gen,2003,grad3,83.6,505
TR,eth_x_fg,international,all,not_first_gen,2003,grad4,89.7,505
TR,eth_x_fg,international,all,not_first_gen,2003,grad5p,91.1,505
TR,eth_x_fg,international,all,not_first_gen,2003,gradgpa_mean,3.116,453
TR,eth_x_fg,international,all,not_first_gen,2003,ret1,91.5,505
TR,eth_x_fg,international,all,not_first_gen,2003,ttd_mean,2.32,
TR,eth_x_fg,international,all,not_first_gen,2004,grad2,59.8,505
TR,eth_x_fg,international,all,not_first_gen,2004,grad3,84.4,505
TR,eth_x_fg,international,all,not_first_gen,2004,grad4,87.9,505
TR,eth_x_fg,international,all,not_first_gen,2004,grad5p,89.1,505
TR,eth_x_fg,international,all,not_first_gen,2004,gradgpa_mean,3.139,444
TR,eth_x_fg,international,all,not_first_gen,2004,ret1,91.3,505
TR,eth_x_fg,international,all,not_first_gen,2004,ttd_mean,2.27,
TR,eth_x_fg,international,all,not_first_gen,2005,grad2,61.0,456
TR,eth_x_fg,international,all,not_first_gen,2005,grad3,83.8,456
TR,eth_x_fg,international,all,not_first_gen,2005,grad4,88.8,456
TR,eth_x_fg,international,all,not_first_gen,2005,grad5p,90.8,456
TR,eth_x_fg,international,all,not_first_gen,2005,gradgpa_mean,3.122,405
TR,eth_x_fg,international,all,not_first_gen,2005,ret1,90.1,456
TR,eth_x_fg,international,all,not_first_gen,2005,ttd_mean,2.32,
TR,eth_x_fg,international,all,not_first_gen,2006,grad2,64.1,435
TR,eth_x_fg,international,all,not_first_gen,2006,grad3,87.1,435
TR,eth_x_fg,international,all,not_first_gen,2006,grad4,89.4,435
TR,eth_x_fg,international,all,not_first_gen,2006,grad5p,92.2,435
TR,eth_x_fg,international,all,not_first_gen,2006,gradgpa_mean,3.235,401
TR,eth_x_fg,international,all,not_first_gen,2006,ret1,92.4,435
TR,eth_x_fg,international,all,not_first_gen,2006,ttd_mean,2.25,
TR,eth_x_fg,international,all,not_first_gen,2007,grad2,58.2,462
TR,eth_x_fg,international,all,not_first_gen,2007,grad3,84.8,462
TR,eth_x_fg,international,all,not_first_gen,2007,grad4,88.7,462
TR,eth_x_fg,international,all,not_first_gen,2007,grad5p,89.8,462
TR,eth_x_fg,international,all,not_first_gen,2007,gradgpa_mean,3.136,410
TR,eth_x_fg,international,all,not_first_gen,2007,ret1,91.6,462
TR,eth_x_fg,international,all,not_first_gen,2007,ttd_mean,2.27,
TR,eth_x_fg,international,all,not_first_gen,2008,grad2,58.4,575
TR,eth_x_fg,international,all,not_first_gen,2008,grad3,81.7,575
TR,eth_x_fg,international,all,not_first_gen,2008,grad4,84.2,575
TR,eth_x_fg,international,all,not_first_gen,2008,grad5p,87.0,575
TR,eth_x_fg,international,all,not_first_gen,2008,gradgpa_mean,3.166,500
TR,eth_x_fg,international,all,not_first_gen,2008,ret1,88.3,575
TR,eth_x_fg,international,all,not_first_gen,2008,ttd_mean,2.3,
TR,eth_x_fg,international,all,not_first_gen,2009,grad2,57.4,680
TR,eth_x_fg,international,all,not_first_gen,2009,grad3,81.5,680
TR,eth_x_fg,international,all,not_first_gen,2009,grad4,84.7,680
TR,eth_x_fg,international,all,not_first_gen,2009,grad5p,87.5,680
TR,eth_x_fg,international,all,not_first_gen,2009,gradgpa_mean,3.142,595
TR,eth_x_fg,international,all,not_first_gen,2009,ret1,87.5,680
TR,eth_x_fg,international,all,not_first_gen,2009,ttd_mean,2.32,
TR,eth_x_fg,international,all,not_first_gen,2010,grad2,63.9,845
TR,eth_x_fg,international,all,not_first_gen,2010,grad3,85.0,845
TR,eth_x_fg,international,all,not_first_gen,2010,grad4,89.0,845
TR,eth_x_fg,international,all,not_first_gen,2010,grad5p,92.2,845
TR,eth_x_fg,international,all,not_first_gen,2010,gradgpa_mean,3.183,779
TR,eth_x_fg,international,all,not_first_gen,2010,ret1,87.7,845
TR,eth_x_fg,international,all,not_first_gen,2010,ttd_mean,2.27,
TR,eth_x_fg,international,all,not_first_gen,2011,grad2,59.6,994
TR,eth_x_fg,international,all,not_first_gen,2011,grad3,83.5,994
TR,eth_x_fg,international,all,not_first_gen,2011,grad4,88.4,994
TR,eth_x_fg,international,all,not_first_gen,2011,grad5p,91.6,994
TR,eth_x_fg,international,all,not_first_gen,2011,gradgpa_mean,3.11,911
TR,eth_x_fg,international,all,not_first_gen,2011,ret1,88.2,994
TR,eth_x_fg,international,all,not_first_gen,2011,ttd_mean,2.32,
TR,eth_x_fg,international,all,not_first_gen,2012,grad2,58.2,1102
TR,eth_x_fg,international,all,not_first_gen,2012,grad3,81.7,1102
TR,eth_x_fg,international,all,not_first_gen,2012,grad4,84.6,1102
TR,eth_x_fg,international,all,not_first_gen,2012,grad5p,88.4,1102
TR,eth_x_fg,international,all,not_first_gen,2012,gradgpa_mean,3.14,974
TR,eth_x_fg,international,all,not_first_gen,2012,ret1,87.8,1102
TR,eth_x_fg,international,all,not_first_gen,2012,ttd_mean,2.38,
TR,eth_x_fg,international,all,not_first_gen,2013,grad2,60.7,1266
TR,eth_x_fg,international,all,not_first_gen,2013,grad3,84.3,1266
TR,eth_x_fg,international,all,not_first_gen,2013,grad4,88.5,1266
TR,eth_x_fg,international,all,not_first_gen,2013,grad5p,91.9,1266
TR,eth_x_fg,international,all,not_first_gen,2013,gradgpa_mean,3.173,1163
TR,eth_x_fg,international,all,not_first_gen,2013,ret1,89.2,1266
TR,eth_x_fg,international,all,not_first_gen,2013,ttd_mean,2.36,
TR,eth_x_fg,international,all,not_first_gen,2014,grad2,65.5,1305
TR,eth_x_fg,international,all,not_first_gen,2014,grad3,87.0,1305
TR,eth_x_fg,international,all,not_first_gen,2014,grad4,91.0,1305
TR,eth_x_fg,international,all,not_first_gen,2014,grad5p,92.9,1305
TR,eth_x_fg,international,all,not_first_gen,2014,gradgpa_mean,3.178,1212
TR,eth_x_fg,international,all,not_first_gen,2014,ret1,91.3,1305
TR,eth_x_fg,international,all,not_first_gen,2014,ttd_mean,2.26,
TR,eth_x_fg,international,all,not_first_gen,2015,grad2,64.4,1361
TR,eth_x_fg,international,all,not_first_gen,2015,grad3,85.7,1361
TR,eth_x_fg,international,all,not_first_gen,2015,grad4,89.2,1361
TR,eth_x_fg,international,all,not_first_gen,2015,grad5p,91.3,1361
TR,eth_x_fg,international,all,not_first_gen,2015,gradgpa_mean,3.235,1243
TR,eth_x_fg,international,all,not_first_gen,2015,ret1,88.2,1361
TR,eth_x_fg,international,all,not_first_gen,2015,ttd_mean,2.25,
TR,eth_x_fg,international,all,not_first_gen,2016,grad2,64.3,1478
TR,eth_x_fg,international,all,not_first_gen,2016,grad3,85.6,1478
TR,eth_x_fg,international,all,not_first_gen,2016,grad4,89.3,1478
TR,eth_x_fg,international,all,not_first_gen,2016,grad5p,91.1,1478
TR,eth_x_fg,international,all,not_first_gen,2016,gradgpa_mean,3.233,1346
TR,eth_x_fg,international,all,not_first_gen,2016,ret1,89.4,1478
TR,eth_x_fg,international,all,not_first_gen,2016,ttd_mean,2.26,
TR,eth_x_fg,international,all,not_first_gen,2017,grad2,67.9,1562
TR,eth_x_fg,international,all,not_first_gen,2017,grad3,88.2,1562
TR,eth_x_fg,international,all,not_first_gen,2017,grad4,91.3,1562
TR,eth_x_fg,international,all,not_first_gen,2017,grad5p,92.6,1562
TR,eth_x_fg,international,all,not_first_gen,2017,gradgpa_mean,3.272,1446
TR,eth_x_fg,international,all,not_first_gen,2017,ret1,91.2,1562
TR,eth_x_fg,international,all,not_first_gen,2017,ttd_mean,2.2,
TR,eth_x_fg,international,all,not_first_gen,2018,grad2,69.6,1689
TR,eth_x_fg,international,all,not_first_gen,2018,grad3,88.0,1689
TR,eth_x_fg,international,all,not_first_gen,2018,grad4,90.3,1689
TR,eth_x_fg,international,all,not_first_gen,2018,grad5p,92.4,1689
TR,eth_x_fg,international,all,not_first_gen,2018,gradgpa_mean,3.347,1561
TR,eth_x_fg,international,all,not_first_gen,2018,ret1,90.6,1689
TR,eth_x_fg,international,all,not_first_gen,2018,ttd_mean,2.15,
TR,eth_x_fg,international,all,not_first_gen,2019,grad2,69.3,1592
TR,eth_x_fg,international,all,not_first_gen,2019,grad3,86.9,1592
TR,eth_x_fg,international,all,not_first_gen,2019,grad4,91.0,1592
TR,eth_x_fg,international,all,not_first_gen,2019,grad5p,92.3,1592
TR,eth_x_fg,international,all,not_first_gen,2019,gradgpa_mean,3.445,1470
TR,eth_x_fg,international,all,not_first_gen,2019,ret1,88.5,1592
TR,eth_x_fg,international,all,not_first_gen,2020,grad2,61.8,1585
TR,eth_x_fg,international,all,not_first_gen,2020,grad3,85.0,1585
TR,eth_x_fg,international,all,not_first_gen,2020,grad4,89.1,1585
TR,eth_x_fg,international,all,not_first_gen,2020,grad5p,91.3,1585
TR,eth_x_fg,international,all,not_first_gen,2020,gradgpa_mean,3.372,1447
TR,eth_x_fg,international,all,not_first_gen,2020,ret1,84.4,1585
TR,eth_x_fg,international,all,not_first_gen,2021,grad2,65.7,1448
TR,eth_x_fg,international,all,not_first_gen,2021,grad3,86.5,1448
TR,eth_x_fg,international,all,not_first_gen,2021,grad4,89.4,1448
TR,eth_x_fg,international,all,not_first_gen,2021,gradgpa_mean,3.401,1294
TR,eth_x_fg,international,all,not_first_gen,2021,ret1,90.1,1448
TR,eth_x_fg,international,all,not_first_gen,2022,grad2,65.2,958
TR,eth_x_fg,international,all,not_first_gen,2022,grad3,85.9,958
TR,eth_x_fg,international,all,not_first_gen,2022,gradgpa_mean,3.385,823
TR,eth_x_fg,international,all,not_first_gen,2022,ret1,90.8,958
TR,eth_x_fg,international,all,not_first_gen,2023,grad2,67.2,894
TR,eth_x_fg,international,all,not_first_gen,2023,gradgpa_mean,3.44,601
TR,eth_x_fg,international,all,not_first_gen,2023,ret1,89.3,894
TR,eth_x_fg,international,all,not_first_gen,2024,ret1,89.6,990
TR,eth_x_fg,unknown,all,first_gen,1999,grad2,38.8,289
TR,eth_x_fg,unknown,all,first_gen,1999,grad3,71.6,289
TR,eth_x_fg,unknown,all,first_gen,1999,grad4,78.9,289
TR,eth_x_fg,unknown,all,first_gen,1999,grad5p,81.7,289
TR,eth_x_fg,unknown,all,first_gen,1999,gradgpa_mean,3.182,228
TR,eth_x_fg,unknown,all,first_gen,1999,ret1,91.0,289
TR,eth_x_fg,unknown,all,first_gen,1999,ttd_mean,2.62,
TR,eth_x_fg,unknown,all,first_gen,2000,grad2,41.3,387
TR,eth_x_fg,unknown,all,first_gen,2000,grad3,73.1,387
TR,eth_x_fg,unknown,all,first_gen,2000,grad4,80.9,387
TR,eth_x_fg,unknown,all,first_gen,2000,grad5p,83.5,387
TR,eth_x_fg,unknown,all,first_gen,2000,gradgpa_mean,3.249,323
TR,eth_x_fg,unknown,all,first_gen,2000,ret1,89.1,387
TR,eth_x_fg,unknown,all,first_gen,2000,ttd_mean,2.59,
TR,eth_x_fg,unknown,all,first_gen,2001,grad2,38.7,398
TR,eth_x_fg,unknown,all,first_gen,2001,grad3,73.1,398
TR,eth_x_fg,unknown,all,first_gen,2001,grad4,80.9,398
TR,eth_x_fg,unknown,all,first_gen,2001,grad5p,83.4,398
TR,eth_x_fg,unknown,all,first_gen,2001,gradgpa_mean,3.207,332
TR,eth_x_fg,unknown,all,first_gen,2001,ret1,87.4,398
TR,eth_x_fg,unknown,all,first_gen,2001,ttd_mean,2.6,
TR,eth_x_fg,unknown,all,first_gen,2002,grad2,40.1,379
TR,eth_x_fg,unknown,all,first_gen,2002,grad3,74.7,379
TR,eth_x_fg,unknown,all,first_gen,2002,grad4,81.8,379
TR,eth_x_fg,unknown,all,first_gen,2002,grad5p,85.8,379
TR,eth_x_fg,unknown,all,first_gen,2002,gradgpa_mean,3.156,325
TR,eth_x_fg,unknown,all,first_gen,2002,ret1,89.2,379
TR,eth_x_fg,unknown,all,first_gen,2002,ttd_mean,2.61,
TR,eth_x_fg,unknown,all,first_gen,2003,grad2,43.9,469
TR,eth_x_fg,unknown,all,first_gen,2003,grad3,76.3,469
TR,eth_x_fg,unknown,all,first_gen,2003,grad4,82.9,469
TR,eth_x_fg,unknown,all,first_gen,2003,grad5p,84.9,469
TR,eth_x_fg,unknown,all,first_gen,2003,gradgpa_mean,3.197,389
TR,eth_x_fg,unknown,all,first_gen,2003,ret1,90.4,469
TR,eth_x_fg,unknown,all,first_gen,2003,ttd_mean,2.51,
TR,eth_x_fg,unknown,all,first_gen,2004,grad2,48.5,437
TR,eth_x_fg,unknown,all,first_gen,2004,grad3,78.5,437
TR,eth_x_fg,unknown,all,first_gen,2004,grad4,84.2,437
TR,eth_x_fg,unknown,all,first_gen,2004,grad5p,86.3,437
TR,eth_x_fg,unknown,all,first_gen,2004,gradgpa_mean,3.177,368
TR,eth_x_fg,unknown,all,first_gen,2004,ret1,90.8,437
TR,eth_x_fg,unknown,all,first_gen,2004,ttd_mean,2.49,
TR,eth_x_fg,unknown,all,first_gen,2005,grad2,46.0,422
TR,eth_x_fg,unknown,all,first_gen,2005,grad3,73.0,422
TR,eth_x_fg,unknown,all,first_gen,2005,grad4,80.8,422
TR,eth_x_fg,unknown,all,first_gen,2005,grad5p,83.9,422
TR,eth_x_fg,unknown,all,first_gen,2005,gradgpa_mean,3.165,354
TR,eth_x_fg,unknown,all,first_gen,2005,ret1,91.7,422
TR,eth_x_fg,unknown,all,first_gen,2005,ttd_mean,2.58,
TR,eth_x_fg,unknown,all,first_gen,2006,grad2,46.2,366
TR,eth_x_fg,unknown,all,first_gen,2006,grad3,74.6,366
TR,eth_x_fg,unknown,all,first_gen,2006,grad4,82.2,366
TR,eth_x_fg,unknown,all,first_gen,2006,grad5p,85.0,366
TR,eth_x_fg,unknown,all,first_gen,2006,gradgpa_mean,3.18,311
TR,eth_x_fg,unknown,all,first_gen,2006,ret1,89.3,366
TR,eth_x_fg,unknown,all,first_gen,2006,ttd_mean,2.6,
TR,eth_x_fg,unknown,all,first_gen,2007,grad2,50.8,382
TR,eth_x_fg,unknown,all,first_gen,2007,grad3,78.5,382
TR,eth_x_fg,unknown,all,first_gen,2007,grad4,84.6,382
TR,eth_x_fg,unknown,all,first_gen,2007,grad5p,87.2,382
TR,eth_x_fg,unknown,all,first_gen,2007,gradgpa_mean,3.14,333
TR,eth_x_fg,unknown,all,first_gen,2007,ret1,91.4,382
TR,eth_x_fg,unknown,all,first_gen,2007,ttd_mean,2.46,
TR,eth_x_fg,unknown,all,first_gen,2008,grad2,46.0,339
TR,eth_x_fg,unknown,all,first_gen,2008,grad3,78.2,339
TR,eth_x_fg,unknown,all,first_gen,2008,grad4,84.7,339
TR,eth_x_fg,unknown,all,first_gen,2008,grad5p,86.4,339
TR,eth_x_fg,unknown,all,first_gen,2008,gradgpa_mean,3.227,287
TR,eth_x_fg,unknown,all,first_gen,2008,ret1,92.6,339
TR,eth_x_fg,unknown,all,first_gen,2008,ttd_mean,2.48,
TR,eth_x_fg,unknown,all,first_gen,2009,grad2,49.5,376
TR,eth_x_fg,unknown,all,first_gen,2009,grad3,77.1,376
TR,eth_x_fg,unknown,all,first_gen,2009,grad4,84.0,376
TR,eth_x_fg,unknown,all,first_gen,2009,grad5p,85.6,376
TR,eth_x_fg,unknown,all,first_gen,2009,gradgpa_mean,3.208,316
TR,eth_x_fg,unknown,all,first_gen,2009,ret1,92.3,376
TR,eth_x_fg,unknown,all,first_gen,2009,ttd_mean,2.45,
TR,eth_x_fg,unknown,all,first_gen,2010,grad2,52.0,415
TR,eth_x_fg,unknown,all,first_gen,2010,grad3,77.3,415
TR,eth_x_fg,unknown,all,first_gen,2010,grad4,83.4,415
TR,eth_x_fg,unknown,all,first_gen,2010,grad5p,84.8,415
TR,eth_x_fg,unknown,all,first_gen,2010,gradgpa_mean,3.257,346
TR,eth_x_fg,unknown,all,first_gen,2010,ret1,92.3,415
TR,eth_x_fg,unknown,all,first_gen,2010,ttd_mean,2.39,
TR,eth_x_fg,unknown,all,first_gen,2011,grad2,45.5,187
TR,eth_x_fg,unknown,all,first_gen,2011,grad3,73.8,187
TR,eth_x_fg,unknown,all,first_gen,2011,grad4,78.1,187
TR,eth_x_fg,unknown,all,first_gen,2011,grad5p,81.3,187
TR,eth_x_fg,unknown,all,first_gen,2011,gradgpa_mean,3.239,138
TR,eth_x_fg,unknown,all,first_gen,2011,ret1,88.8,187
TR,eth_x_fg,unknown,all,first_gen,2011,ttd_mean,2.5,
TR,eth_x_fg,unknown,all,first_gen,2012,grad2,54.2,190
TR,eth_x_fg,unknown,all,first_gen,2012,grad3,80.5,190
TR,eth_x_fg,unknown,all,first_gen,2012,grad4,89.5,190
TR,eth_x_fg,unknown,all,first_gen,2012,grad5p,89.5,190
TR,eth_x_fg,unknown,all,first_gen,2012,gradgpa_mean,3.337,170
TR,eth_x_fg,unknown,all,first_gen,2012,ret1,94.2,190
TR,eth_x_fg,unknown,all,first_gen,2012,ttd_mean,2.44,
TR,eth_x_fg,unknown,all,first_gen,2013,grad2,43.7,151
TR,eth_x_fg,unknown,all,first_gen,2013,grad3,78.1,151
TR,eth_x_fg,unknown,all,first_gen,2013,grad4,84.1,151
TR,eth_x_fg,unknown,all,first_gen,2013,grad5p,84.8,151
TR,eth_x_fg,unknown,all,first_gen,2013,gradgpa_mean,3.247,118
TR,eth_x_fg,unknown,all,first_gen,2013,ret1,88.7,151
TR,eth_x_fg,unknown,all,first_gen,2013,ttd_mean,2.41,
TR,eth_x_fg,unknown,all,first_gen,2014,grad2,43.7,158
TR,eth_x_fg,unknown,all,first_gen,2014,grad3,74.1,158
TR,eth_x_fg,unknown,all,first_gen,2014,grad4,80.4,158
TR,eth_x_fg,unknown,all,first_gen,2014,grad5p,81.6,158
TR,eth_x_fg,unknown,all,first_gen,2014,gradgpa_mean,3.327,127
TR,eth_x_fg,unknown,all,first_gen,2014,ret1,90.5,158
TR,eth_x_fg,unknown,all,first_gen,2014,ttd_mean,2.47,
TR,eth_x_fg,unknown,all,first_gen,2015,grad2,56.3,151
TR,eth_x_fg,unknown,all,first_gen,2015,grad3,79.5,151
TR,eth_x_fg,unknown,all,first_gen,2015,grad4,85.4,151
TR,eth_x_fg,unknown,all,first_gen,2015,grad5p,86.1,151
TR,eth_x_fg,unknown,all,first_gen,2015,gradgpa_mean,3.29,120
TR,eth_x_fg,unknown,all,first_gen,2015,ret1,91.4,151
TR,eth_x_fg,unknown,all,first_gen,2015,ttd_mean,2.41,
TR,eth_x_fg,unknown,all,first_gen,2016,grad2,46.9,192
TR,eth_x_fg,unknown,all,first_gen,2016,grad3,77.6,192
TR,eth_x_fg,unknown,all,first_gen,2016,grad4,83.9,192
TR,eth_x_fg,unknown,all,first_gen,2016,grad5p,85.4,192
TR,eth_x_fg,unknown,all,first_gen,2016,gradgpa_mean,3.247,161
TR,eth_x_fg,unknown,all,first_gen,2016,ret1,90.1,192
TR,eth_x_fg,unknown,all,first_gen,2016,ttd_mean,2.55,
TR,eth_x_fg,unknown,all,first_gen,2017,grad2,58.1,179
TR,eth_x_fg,unknown,all,first_gen,2017,grad3,77.7,179
TR,eth_x_fg,unknown,all,first_gen,2017,grad4,83.8,179
TR,eth_x_fg,unknown,all,first_gen,2017,grad5p,84.4,179
TR,eth_x_fg,unknown,all,first_gen,2017,gradgpa_mean,3.295,150
TR,eth_x_fg,unknown,all,first_gen,2017,ret1,92.2,179
TR,eth_x_fg,unknown,all,first_gen,2017,ttd_mean,2.29,
TR,eth_x_fg,unknown,all,first_gen,2018,grad2,59.5,163
TR,eth_x_fg,unknown,all,first_gen,2018,grad3,79.8,163
TR,eth_x_fg,unknown,all,first_gen,2018,grad4,84.0,163
TR,eth_x_fg,unknown,all,first_gen,2018,grad5p,84.7,163
TR,eth_x_fg,unknown,all,first_gen,2018,gradgpa_mean,3.434,130
TR,eth_x_fg,unknown,all,first_gen,2018,ret1,90.8,163
TR,eth_x_fg,unknown,all,first_gen,2018,ttd_mean,2.32,
TR,eth_x_fg,unknown,all,first_gen,2019,grad2,55.4,148
TR,eth_x_fg,unknown,all,first_gen,2019,grad3,81.8,148
TR,eth_x_fg,unknown,all,first_gen,2019,grad4,86.5,148
TR,eth_x_fg,unknown,all,first_gen,2019,grad5p,89.2,148
TR,eth_x_fg,unknown,all,first_gen,2019,gradgpa_mean,3.422,121
TR,eth_x_fg,unknown,all,first_gen,2019,ret1,94.6,148
TR,eth_x_fg,unknown,all,first_gen,2020,grad2,55.2,259
TR,eth_x_fg,unknown,all,first_gen,2020,grad3,77.2,259
TR,eth_x_fg,unknown,all,first_gen,2020,grad4,82.2,259
TR,eth_x_fg,unknown,all,first_gen,2020,grad5p,83.4,259
TR,eth_x_fg,unknown,all,first_gen,2020,gradgpa_mean,3.448,213
TR,eth_x_fg,unknown,all,first_gen,2020,ret1,89.2,259
TR,eth_x_fg,unknown,all,first_gen,2021,grad2,56.6,83
TR,eth_x_fg,unknown,all,first_gen,2021,grad3,75.9,83
TR,eth_x_fg,unknown,all,first_gen,2021,grad4,79.5,83
TR,eth_x_fg,unknown,all,first_gen,2021,gradgpa_mean,3.442,63
TR,eth_x_fg,unknown,all,first_gen,2021,ret1,86.7,83
TR,eth_x_fg,unknown,all,first_gen,2022,grad2,57.5,87
TR,eth_x_fg,unknown,all,first_gen,2022,grad3,75.9,87
TR,eth_x_fg,unknown,all,first_gen,2022,gradgpa_mean,3.346,66
TR,eth_x_fg,unknown,all,first_gen,2022,ret1,88.5,87
TR,eth_x_fg,unknown,all,first_gen,2023,grad2,65.5,116
TR,eth_x_fg,unknown,all,first_gen,2023,gradgpa_mean,3.48,76
TR,eth_x_fg,unknown,all,first_gen,2023,ret1,92.2,116
TR,eth_x_fg,unknown,all,first_gen,2024,ret1,95.9,98
TR,eth_x_fg,unknown,all,not_first_gen,1999,grad2,42.2,344
TR,eth_x_fg,unknown,all,not_first_gen,1999,grad3,76.2,344
TR,eth_x_fg,unknown,all,not_first_gen,1999,grad4,84.0,344
TR,eth_x_fg,unknown,all,not_first_gen,1999,grad5p,85.2,344
TR,eth_x_fg,unknown,all,not_first_gen,1999,gradgpa_mean,3.197,289
TR,eth_x_fg,unknown,all,not_first_gen,1999,ret1,90.1,344
TR,eth_x_fg,unknown,all,not_first_gen,1999,ttd_mean,2.55,
TR,eth_x_fg,unknown,all,not_first_gen,2000,grad2,44.7,514
TR,eth_x_fg,unknown,all,not_first_gen,2000,grad3,76.3,514
TR,eth_x_fg,unknown,all,not_first_gen,2000,grad4,83.5,514
TR,eth_x_fg,unknown,all,not_first_gen,2000,grad5p,84.8,514
TR,eth_x_fg,unknown,all,not_first_gen,2000,gradgpa_mean,3.25,429
TR,eth_x_fg,unknown,all,not_first_gen,2000,ret1,89.3,514
TR,eth_x_fg,unknown,all,not_first_gen,2000,ttd_mean,2.52,
TR,eth_x_fg,unknown,all,not_first_gen,2001,grad2,43.2,623
TR,eth_x_fg,unknown,all,not_first_gen,2001,grad3,73.0,623
TR,eth_x_fg,unknown,all,not_first_gen,2001,grad4,82.3,623
TR,eth_x_fg,unknown,all,not_first_gen,2001,grad5p,83.6,623
TR,eth_x_fg,unknown,all,not_first_gen,2001,gradgpa_mean,3.295,513
TR,eth_x_fg,unknown,all,not_first_gen,2001,ret1,89.6,623
TR,eth_x_fg,unknown,all,not_first_gen,2001,ttd_mean,2.57,
TR,eth_x_fg,unknown,all,not_first_gen,2002,grad2,44.7,608
TR,eth_x_fg,unknown,all,not_first_gen,2002,grad3,73.8,608
TR,eth_x_fg,unknown,all,not_first_gen,2002,grad4,82.2,608
TR,eth_x_fg,unknown,all,not_first_gen,2002,grad5p,84.2,608
TR,eth_x_fg,unknown,all,not_first_gen,2002,gradgpa_mean,3.225,512
TR,eth_x_fg,unknown,all,not_first_gen,2002,ret1,91.0,608
TR,eth_x_fg,unknown,all,not_first_gen,2002,ttd_mean,2.58,
TR,eth_x_fg,unknown,all,not_first_gen,2003,grad2,48.2,666
TR,eth_x_fg,unknown,all,not_first_gen,2003,grad3,75.7,666
TR,eth_x_fg,unknown,all,not_first_gen,2003,grad4,82.9,666
TR,eth_x_fg,unknown,all,not_first_gen,2003,grad5p,85.3,666
TR,eth_x_fg,unknown,all,not_first_gen,2003,gradgpa_mean,3.231,568
TR,eth_x_fg,unknown,all,not_first_gen,2003,ret1,89.9,666
TR,eth_x_fg,unknown,all,not_first_gen,2003,ttd_mean,2.46,
TR,eth_x_fg,unknown,all,not_first_gen,2004,grad2,53.9,596
TR,eth_x_fg,unknown,all,not_first_gen,2004,grad3,78.2,596
TR,eth_x_fg,unknown,all,not_first_gen,2004,grad4,84.4,596
TR,eth_x_fg,unknown,all,not_first_gen,2004,grad5p,87.1,596
TR,eth_x_fg,unknown,all,not_first_gen,2004,gradgpa_mean,3.243,519
TR,eth_x_fg,unknown,all,not_first_gen,2004,ret1,90.1,596
TR,eth_x_fg,unknown,all,not_first_gen,2004,ttd_mean,2.42,
TR,eth_x_fg,unknown,all,not_first_gen,2005,grad2,49.3,537
TR,eth_x_fg,unknown,all,not_first_gen,2005,grad3,79.9,537
TR,eth_x_fg,unknown,all,not_first_gen,2005,grad4,84.9,537
TR,eth_x_fg,unknown,all,not_first_gen,2005,grad5p,86.6,537
TR,eth_x_fg,unknown,all,not_first_gen,2005,gradgpa_mean,3.302,456
TR,eth_x_fg,unknown,all,not_first_gen,2005,ret1,91.4,537
TR,eth_x_fg,unknown,all,not_first_gen,2005,ttd_mean,2.45,
TR,eth_x_fg,unknown,all,not_first_gen,2006,grad2,47.1,526
TR,eth_x_fg,unknown,all,not_first_gen,2006,grad3,77.6,526
TR,eth_x_fg,unknown,all,not_first_gen,2006,grad4,84.8,526
TR,eth_x_fg,unknown,all,not_first_gen,2006,grad5p,86.9,526
TR,eth_x_fg,unknown,all,not_first_gen,2006,gradgpa_mean,3.196,457
TR,eth_x_fg,unknown,all,not_first_gen,2006,ret1,90.1,526
TR,eth_x_fg,unknown,all,not_first_gen,2006,ttd_mean,2.49,
TR,eth_x_fg,unknown,all,not_first_gen,2007,grad2,51.0,453
TR,eth_x_fg,unknown,all,not_first_gen,2007,grad3,80.4,453
TR,eth_x_fg,unknown,all,not_first_gen,2007,grad4,87.6,453
TR,eth_x_fg,unknown,all,not_first_gen,2007,grad5p,90.1,453
TR,eth_x_fg,unknown,all,not_first_gen,2007,gradgpa_mean,3.264,408
TR,eth_x_fg,unknown,all,not_first_gen,2007,ret1,92.1,453
TR,eth_x_fg,unknown,all,not_first_gen,2007,ttd_mean,2.5,
TR,eth_x_fg,unknown,all,not_first_gen,2008,grad2,52.5,482
TR,eth_x_fg,unknown,all,not_first_gen,2008,grad3,78.6,482
TR,eth_x_fg,unknown,all,not_first_gen,2008,grad4,84.0,482
TR,eth_x_fg,unknown,all,not_first_gen,2008,grad5p,86.7,482
TR,eth_x_fg,unknown,all,not_first_gen,2008,gradgpa_mean,3.235,418
TR,eth_x_fg,unknown,all,not_first_gen,2008,ret1,91.1,482
TR,eth_x_fg,unknown,all,not_first_gen,2008,ttd_mean,2.45,
TR,eth_x_fg,unknown,all,not_first_gen,2009,grad2,52.7,520
TR,eth_x_fg,unknown,all,not_first_gen,2009,grad3,81.9,520
TR,eth_x_fg,unknown,all,not_first_gen,2009,grad4,86.5,520
TR,eth_x_fg,unknown,all,not_first_gen,2009,grad5p,88.7,520
TR,eth_x_fg,unknown,all,not_first_gen,2009,gradgpa_mean,3.259,461
TR,eth_x_fg,unknown,all,not_first_gen,2009,ret1,91.3,520
TR,eth_x_fg,unknown,all,not_first_gen,2009,ttd_mean,2.41,
TR,eth_x_fg,unknown,all,not_first_gen,2010,grad2,54.9,557
TR,eth_x_fg,unknown,all,not_first_gen,2010,grad3,79.7,557
TR,eth_x_fg,unknown,all,not_first_gen,2010,grad4,86.0,557
TR,eth_x_fg,unknown,all,not_first_gen,2010,grad5p,87.6,557
TR,eth_x_fg,unknown,all,not_first_gen,2010,gradgpa_mean,3.19,479
TR,eth_x_fg,unknown,all,not_first_gen,2010,ret1,92.5,557
TR,eth_x_fg,unknown,all,not_first_gen,2010,ttd_mean,2.42,
TR,eth_x_fg,unknown,all,not_first_gen,2011,grad2,60.5,319
TR,eth_x_fg,unknown,all,not_first_gen,2011,grad3,84.0,319
TR,eth_x_fg,unknown,all,not_first_gen,2011,grad4,89.0,319
TR,eth_x_fg,unknown,all,not_first_gen,2011,grad5p,89.3,319
TR,eth_x_fg,unknown,all,not_first_gen,2011,gradgpa_mean,3.276,284
TR,eth_x_fg,unknown,all,not_first_gen,2011,ret1,92.8,319
TR,eth_x_fg,unknown,all,not_first_gen,2011,ttd_mean,2.32,
TR,eth_x_fg,unknown,all,not_first_gen,2012,grad2,58.2,294
TR,eth_x_fg,unknown,all,not_first_gen,2012,grad3,86.4,294
TR,eth_x_fg,unknown,all,not_first_gen,2012,grad4,92.2,294
TR,eth_x_fg,unknown,all,not_first_gen,2012,grad5p,94.2,294
TR,eth_x_fg,unknown,all,not_first_gen,2012,gradgpa_mean,3.362,271
TR,eth_x_fg,unknown,all,not_first_gen,2012,ret1,96.3,294
TR,eth_x_fg,unknown,all,not_first_gen,2012,ttd_mean,2.38,
TR,eth_x_fg,unknown,all,not_first_gen,2013,grad2,56.6,235
TR,eth_x_fg,unknown,all,not_first_gen,2013,grad3,88.1,235
TR,eth_x_fg,unknown,all,not_first_gen,2013,grad4,92.8,235
TR,eth_x_fg,unknown,all,not_first_gen,2013,grad5p,95.3,235
TR,eth_x_fg,unknown,all,not_first_gen,2013,gradgpa_mean,3.311,218
TR,eth_x_fg,unknown,all,not_first_gen,2013,ret1,95.3,235
TR,eth_x_fg,unknown,all,not_first_gen,2013,ttd_mean,2.38,
TR,eth_x_fg,unknown,all,not_first_gen,2014,grad2,53.2,231
TR,eth_x_fg,unknown,all,not_first_gen,2014,grad3,85.7,231
TR,eth_x_fg,unknown,all,not_first_gen,2014,grad4,90.5,231
TR,eth_x_fg,unknown,all,not_first_gen,2014,grad5p,90.9,231
TR,eth_x_fg,unknown,all,not_first_gen,2014,gradgpa_mean,3.348,209
TR,eth_x_fg,unknown,all,not_first_gen,2014,ret1,93.1,231
TR,eth_x_fg,unknown,all,not_first_gen,2014,ttd_mean,2.39,
TR,eth_x_fg,unknown,all,not_first_gen,2015,grad2,55.1,234
TR,eth_x_fg,unknown,all,not_first_gen,2015,grad3,80.8,234
TR,eth_x_fg,unknown,all,not_first_gen,2015,grad4,88.0,234
TR,eth_x_fg,unknown,all,not_first_gen,2015,grad5p,90.2,234
TR,eth_x_fg,unknown,all,not_first_gen,2015,gradgpa_mean,3.39,206
TR,eth_x_fg,unknown,all,not_first_gen,2015,ret1,91.0,234
TR,eth_x_fg,unknown,all,not_first_gen,2015,ttd_mean,2.43,
TR,eth_x_fg,unknown,all,not_first_gen,2016,grad2,57.7,241
TR,eth_x_fg,unknown,all,not_first_gen,2016,grad3,84.6,241
TR,eth_x_fg,unknown,all,not_first_gen,2016,grad4,88.8,241
TR,eth_x_fg,unknown,all,not_first_gen,2016,grad5p,90.5,241
TR,eth_x_fg,unknown,all,not_first_gen,2016,gradgpa_mean,3.283,214
TR,eth_x_fg,unknown,all,not_first_gen,2016,ret1,93.4,241
TR,eth_x_fg,unknown,all,not_first_gen,2016,ttd_mean,2.39,
TR,eth_x_fg,unknown,all,not_first_gen,2017,grad2,57.5,219
TR,eth_x_fg,unknown,all,not_first_gen,2017,grad3,85.8,219
TR,eth_x_fg,unknown,all,not_first_gen,2017,grad4,89.0,219
TR,eth_x_fg,unknown,all,not_first_gen,2017,grad5p,90.0,219
TR,eth_x_fg,unknown,all,not_first_gen,2017,gradgpa_mean,3.467,188
TR,eth_x_fg,unknown,all,not_first_gen,2017,ret1,89.0,219
TR,eth_x_fg,unknown,all,not_first_gen,2017,ttd_mean,2.3,
TR,eth_x_fg,unknown,all,not_first_gen,2018,grad2,57.0,244
TR,eth_x_fg,unknown,all,not_first_gen,2018,grad3,82.8,244
TR,eth_x_fg,unknown,all,not_first_gen,2018,grad4,88.1,244
TR,eth_x_fg,unknown,all,not_first_gen,2018,grad5p,90.2,244
TR,eth_x_fg,unknown,all,not_first_gen,2018,gradgpa_mean,3.44,215
TR,eth_x_fg,unknown,all,not_first_gen,2018,ret1,93.9,244
TR,eth_x_fg,unknown,all,not_first_gen,2018,ttd_mean,2.39,
TR,eth_x_fg,unknown,all,not_first_gen,2019,grad2,58.2,249
TR,eth_x_fg,unknown,all,not_first_gen,2019,grad3,82.7,249
TR,eth_x_fg,unknown,all,not_first_gen,2019,grad4,87.1,249
TR,eth_x_fg,unknown,all,not_first_gen,2019,grad5p,89.2,249
TR,eth_x_fg,unknown,all,not_first_gen,2019,gradgpa_mean,3.489,217
TR,eth_x_fg,unknown,all,not_first_gen,2019,ret1,90.8,249
TR,eth_x_fg,unknown,all,not_first_gen,2020,grad2,56.3,334
TR,eth_x_fg,unknown,all,not_first_gen,2020,grad3,84.7,334
TR,eth_x_fg,unknown,all,not_first_gen,2020,grad4,88.6,334
TR,eth_x_fg,unknown,all,not_first_gen,2020,grad5p,90.4,334
TR,eth_x_fg,unknown,all,not_first_gen,2020,gradgpa_mean,3.476,296
TR,eth_x_fg,unknown,all,not_first_gen,2020,ret1,93.4,334
TR,eth_x_fg,unknown,all,not_first_gen,2021,grad2,63.6,184
TR,eth_x_fg,unknown,all,not_first_gen,2021,grad3,90.2,184
TR,eth_x_fg,unknown,all,not_first_gen,2021,grad4,92.9,184
TR,eth_x_fg,unknown,all,not_first_gen,2021,gradgpa_mean,3.482,166
TR,eth_x_fg,unknown,all,not_first_gen,2021,ret1,92.9,184
TR,eth_x_fg,unknown,all,not_first_gen,2022,grad2,58.1,198
TR,eth_x_fg,unknown,all,not_first_gen,2022,grad3,87.4,198
TR,eth_x_fg,unknown,all,not_first_gen,2022,gradgpa_mean,3.423,173
TR,eth_x_fg,unknown,all,not_first_gen,2022,ret1,93.9,198
TR,eth_x_fg,unknown,all,not_first_gen,2023,grad2,63.5,241
TR,eth_x_fg,unknown,all,not_first_gen,2023,gradgpa_mean,3.57,153
TR,eth_x_fg,unknown,all,not_first_gen,2023,ret1,94.2,241
TR,eth_x_fg,unknown,all,not_first_gen,2024,ret1,95.7,234
TR,eth_x_fg,white,all,first_gen,1999,grad2,44.4,1272
TR,eth_x_fg,white,all,first_gen,1999,grad3,74.4,1272
TR,eth_x_fg,white,all,first_gen,1999,grad4,81.2,1272
TR,eth_x_fg,white,all,first_gen,1999,grad5p,83.3,1272
TR,eth_x_fg,white,all,first_gen,1999,gradgpa_mean,3.214,1060
TR,eth_x_fg,white,all,first_gen,1999,ret1,89.5,1272
TR,eth_x_fg,white,all,first_gen,1999,ttd_mean,2.53,
TR,eth_x_fg,white,all,first_gen,2000,grad2,46.2,1628
TR,eth_x_fg,white,all,first_gen,2000,grad3,75.6,1628
TR,eth_x_fg,white,all,first_gen,2000,grad4,82.4,1628
TR,eth_x_fg,white,all,first_gen,2000,grad5p,84.4,1628
TR,eth_x_fg,white,all,first_gen,2000,gradgpa_mean,3.241,1374
TR,eth_x_fg,white,all,first_gen,2000,ret1,90.5,1628
TR,eth_x_fg,white,all,first_gen,2000,ttd_mean,2.51,
TR,eth_x_fg,white,all,first_gen,2001,grad2,46.4,1665
TR,eth_x_fg,white,all,first_gen,2001,grad3,75.7,1665
TR,eth_x_fg,white,all,first_gen,2001,grad4,82.2,1665
TR,eth_x_fg,white,all,first_gen,2001,grad5p,83.7,1665
TR,eth_x_fg,white,all,first_gen,2001,gradgpa_mean,3.242,1394
TR,eth_x_fg,white,all,first_gen,2001,ret1,89.7,1665
TR,eth_x_fg,white,all,first_gen,2001,ttd_mean,2.47,
TR,eth_x_fg,white,all,first_gen,2002,grad2,48.0,1610
TR,eth_x_fg,white,all,first_gen,2002,grad3,75.2,1610
TR,eth_x_fg,white,all,first_gen,2002,grad4,81.6,1610
TR,eth_x_fg,white,all,first_gen,2002,grad5p,83.6,1610
TR,eth_x_fg,white,all,first_gen,2002,gradgpa_mean,3.278,1346
TR,eth_x_fg,white,all,first_gen,2002,ret1,88.5,1610
TR,eth_x_fg,white,all,first_gen,2002,ttd_mean,2.49,
TR,eth_x_fg,white,all,first_gen,2003,grad2,51.2,1652
TR,eth_x_fg,white,all,first_gen,2003,grad3,79.1,1652
TR,eth_x_fg,white,all,first_gen,2003,grad4,84.4,1652
TR,eth_x_fg,white,all,first_gen,2003,grad5p,86.3,1652
TR,eth_x_fg,white,all,first_gen,2003,gradgpa_mean,3.225,1425
TR,eth_x_fg,white,all,first_gen,2003,ret1,91.5,1652
TR,eth_x_fg,white,all,first_gen,2003,ttd_mean,2.43,
TR,eth_x_fg,white,all,first_gen,2004,grad2,52.4,1700
TR,eth_x_fg,white,all,first_gen,2004,grad3,79.6,1700
TR,eth_x_fg,white,all,first_gen,2004,grad4,85.1,1700
TR,eth_x_fg,white,all,first_gen,2004,grad5p,87.2,1700
TR,eth_x_fg,white,all,first_gen,2004,gradgpa_mean,3.267,1482
TR,eth_x_fg,white,all,first_gen,2004,ret1,91.2,1700
TR,eth_x_fg,white,all,first_gen,2004,ttd_mean,2.4,
TR,eth_x_fg,white,all,first_gen,2005,grad2,53.9,1708
TR,eth_x_fg,white,all,first_gen,2005,grad3,80.2,1708
TR,eth_x_fg,white,all,first_gen,2005,grad4,84.5,1708
TR,eth_x_fg,white,all,first_gen,2005,grad5p,86.1,1708
TR,eth_x_fg,white,all,first_gen,2005,gradgpa_mean,3.27,1470
TR,eth_x_fg,white,all,first_gen,2005,ret1,90.6,1708
TR,eth_x_fg,white,all,first_gen,2005,ttd_mean,2.4,
TR,eth_x_fg,white,all,first_gen,2006,grad2,52.5,1766
TR,eth_x_fg,white,all,first_gen,2006,grad3,80.6,1766
TR,eth_x_fg,white,all,first_gen,2006,grad4,85.3,1766
TR,eth_x_fg,white,all,first_gen,2006,grad5p,86.5,1766
TR,eth_x_fg,white,all,first_gen,2006,gradgpa_mean,3.26,1527
TR,eth_x_fg,white,all,first_gen,2006,ret1,91.6,1766
TR,eth_x_fg,white,all,first_gen,2006,ttd_mean,2.4,
TR,eth_x_fg,white,all,first_gen,2007,grad2,50.7,1632
TR,eth_x_fg,white,all,first_gen,2007,grad3,78.2,1632
TR,eth_x_fg,white,all,first_gen,2007,grad4,84.1,1632
TR,eth_x_fg,white,all,first_gen,2007,grad5p,86.2,1632
TR,eth_x_fg,white,all,first_gen,2007,gradgpa_mean,3.279,1407
TR,eth_x_fg,white,all,first_gen,2007,ret1,90.1,1632
TR,eth_x_fg,white,all,first_gen,2007,ttd_mean,2.44,
TR,eth_x_fg,white,all,first_gen,2008,grad2,54.5,1726
TR,eth_x_fg,white,all,first_gen,2008,grad3,81.5,1726
TR,eth_x_fg,white,all,first_gen,2008,grad4,85.8,1726
TR,eth_x_fg,white,all,first_gen,2008,grad5p,87.1,1726
TR,eth_x_fg,white,all,first_gen,2008,gradgpa_mean,3.269,1503
TR,eth_x_fg,white,all,first_gen,2008,ret1,92.3,1726
TR,eth_x_fg,white,all,first_gen,2008,ttd_mean,2.37,
TR,eth_x_fg,white,all,first_gen,2009,grad2,55.8,1740
TR,eth_x_fg,white,all,first_gen,2009,grad3,81.5,1740
TR,eth_x_fg,white,all,first_gen,2009,grad4,85.6,1740
TR,eth_x_fg,white,all,first_gen,2009,grad5p,87.1,1740
TR,eth_x_fg,white,all,first_gen,2009,gradgpa_mean,3.278,1515
TR,eth_x_fg,white,all,first_gen,2009,ret1,92.6,1740
TR,eth_x_fg,white,all,first_gen,2009,ttd_mean,2.36,
TR,eth_x_fg,white,all,first_gen,2010,grad2,56.4,1875
TR,eth_x_fg,white,all,first_gen,2010,grad3,83.4,1875
TR,eth_x_fg,white,all,first_gen,2010,grad4,87.9,1875
TR,eth_x_fg,white,all,first_gen,2010,grad5p,89.1,1875
TR,eth_x_fg,white,all,first_gen,2010,gradgpa_mean,3.274,1671
TR,eth_x_fg,white,all,first_gen,2010,ret1,92.8,1875
TR,eth_x_fg,white,all,first_gen,2010,ttd_mean,2.36,
TR,eth_x_fg,white,all,first_gen,2011,grad2,56.5,2054
TR,eth_x_fg,white,all,first_gen,2011,grad3,84.2,2054
TR,eth_x_fg,white,all,first_gen,2011,grad4,87.9,2054
TR,eth_x_fg,white,all,first_gen,2011,grad5p,89.4,2054
TR,eth_x_fg,white,all,first_gen,2011,gradgpa_mean,3.281,1836
TR,eth_x_fg,white,all,first_gen,2011,ret1,93.8,2054
TR,eth_x_fg,white,all,first_gen,2011,ttd_mean,2.37,
TR,eth_x_fg,white,all,first_gen,2012,grad2,56.1,1947
TR,eth_x_fg,white,all,first_gen,2012,grad3,83.3,1947
TR,eth_x_fg,white,all,first_gen,2012,grad4,88.3,1947
TR,eth_x_fg,white,all,first_gen,2012,grad5p,89.7,1947
TR,eth_x_fg,white,all,first_gen,2012,gradgpa_mean,3.298,1746
TR,eth_x_fg,white,all,first_gen,2012,ret1,93.6,1947
TR,eth_x_fg,white,all,first_gen,2012,ttd_mean,2.38,
TR,eth_x_fg,white,all,first_gen,2013,grad2,57.8,1953
TR,eth_x_fg,white,all,first_gen,2013,grad3,85.1,1953
TR,eth_x_fg,white,all,first_gen,2013,grad4,89.2,1953
TR,eth_x_fg,white,all,first_gen,2013,grad5p,90.5,1953
TR,eth_x_fg,white,all,first_gen,2013,gradgpa_mean,3.326,1768
TR,eth_x_fg,white,all,first_gen,2013,ret1,93.9,1953
TR,eth_x_fg,white,all,first_gen,2013,ttd_mean,2.35,
TR,eth_x_fg,white,all,first_gen,2014,grad2,57.9,1883
TR,eth_x_fg,white,all,first_gen,2014,grad3,83.9,1883
TR,eth_x_fg,white,all,first_gen,2014,grad4,88.2,1883
TR,eth_x_fg,white,all,first_gen,2014,grad5p,89.4,1883
TR,eth_x_fg,white,all,first_gen,2014,gradgpa_mean,3.314,1683
TR,eth_x_fg,white,all,first_gen,2014,ret1,92.7,1883
TR,eth_x_fg,white,all,first_gen,2014,ttd_mean,2.37,
TR,eth_x_fg,white,all,first_gen,2015,grad2,58.9,1875
TR,eth_x_fg,white,all,first_gen,2015,grad3,85.2,1875
TR,eth_x_fg,white,all,first_gen,2015,grad4,89.0,1875
TR,eth_x_fg,white,all,first_gen,2015,grad5p,90.2,1875
TR,eth_x_fg,white,all,first_gen,2015,gradgpa_mean,3.333,1691
TR,eth_x_fg,white,all,first_gen,2015,ret1,93.7,1875
TR,eth_x_fg,white,all,first_gen,2015,ttd_mean,2.34,
TR,eth_x_fg,white,all,first_gen,2016,grad2,57.4,1988
TR,eth_x_fg,white,all,first_gen,2016,grad3,83.0,1988
TR,eth_x_fg,white,all,first_gen,2016,grad4,88.2,1988
TR,eth_x_fg,white,all,first_gen,2016,grad5p,89.4,1988
TR,eth_x_fg,white,all,first_gen,2016,gradgpa_mean,3.32,1778
TR,eth_x_fg,white,all,first_gen,2016,ret1,92.9,1988
TR,eth_x_fg,white,all,first_gen,2016,ttd_mean,2.35,
TR,eth_x_fg,white,all,first_gen,2017,grad2,59.6,1933
TR,eth_x_fg,white,all,first_gen,2017,grad3,83.1,1933
TR,eth_x_fg,white,all,first_gen,2017,grad4,88.2,1933
TR,eth_x_fg,white,all,first_gen,2017,grad5p,89.2,1933
TR,eth_x_fg,white,all,first_gen,2017,gradgpa_mean,3.354,1724
TR,eth_x_fg,white,all,first_gen,2017,ret1,92.0,1933
TR,eth_x_fg,white,all,first_gen,2017,ttd_mean,2.34,
TR,eth_x_fg,white,all,first_gen,2018,grad2,61.9,2007
TR,eth_x_fg,white,all,first_gen,2018,grad3,85.3,2007
TR,eth_x_fg,white,all,first_gen,2018,grad4,88.9,2007
TR,eth_x_fg,white,all,first_gen,2018,grad5p,90.1,2007
TR,eth_x_fg,white,all,first_gen,2018,gradgpa_mean,3.476,1808
TR,eth_x_fg,white,all,first_gen,2018,ret1,93.0,2007
TR,eth_x_fg,white,all,first_gen,2018,ttd_mean,2.29,
TR,eth_x_fg,white,all,first_gen,2019,grad2,64.7,1910
TR,eth_x_fg,white,all,first_gen,2019,grad3,85.6,1910
TR,eth_x_fg,white,all,first_gen,2019,grad4,89.1,1910
TR,eth_x_fg,white,all,first_gen,2019,grad5p,90.1,1910
TR,eth_x_fg,white,all,first_gen,2019,gradgpa_mean,3.489,1720
TR,eth_x_fg,white,all,first_gen,2019,ret1,93.1,1910
TR,eth_x_fg,white,all,first_gen,2020,grad2,62.2,1840
TR,eth_x_fg,white,all,first_gen,2020,grad3,82.6,1840
TR,eth_x_fg,white,all,first_gen,2020,grad4,86.4,1840
TR,eth_x_fg,white,all,first_gen,2020,grad5p,87.8,1840
TR,eth_x_fg,white,all,first_gen,2020,gradgpa_mean,3.475,1616
TR,eth_x_fg,white,all,first_gen,2020,ret1,92.5,1840
TR,eth_x_fg,white,all,first_gen,2021,grad2,65.9,1797
TR,eth_x_fg,white,all,first_gen,2021,grad3,85.1,1797
TR,eth_x_fg,white,all,first_gen,2021,grad4,88.8,1797
TR,eth_x_fg,white,all,first_gen,2021,gradgpa_mean,3.435,1596
TR,eth_x_fg,white,all,first_gen,2021,ret1,92.6,1797
TR,eth_x_fg,white,all,first_gen,2022,grad2,66.1,1558
TR,eth_x_fg,white,all,first_gen,2022,grad3,85.4,1558
TR,eth_x_fg,white,all,first_gen,2022,gradgpa_mean,3.448,1330
TR,eth_x_fg,white,all,first_gen,2022,ret1,93.5,1558
TR,eth_x_fg,white,all,first_gen,2023,grad2,70.0,1519
TR,eth_x_fg,white,all,first_gen,2023,gradgpa_mean,3.51,1064
TR,eth_x_fg,white,all,first_gen,2023,ret1,94.7,1519
TR,eth_x_fg,white,all,first_gen,2024,ret1,95.7,1412
TR,eth_x_fg,white,all,not_first_gen,1999,grad2,43.6,2018
TR,eth_x_fg,white,all,not_first_gen,1999,grad3,75.4,2018
TR,eth_x_fg,white,all,not_first_gen,1999,grad4,83.2,2018
TR,eth_x_fg,white,all,not_first_gen,1999,grad5p,85.2,2018
TR,eth_x_fg,white,all,not_first_gen,1999,gradgpa_mean,3.217,1719
TR,eth_x_fg,white,all,not_first_gen,1999,ret1,89.7,2018
TR,eth_x_fg,white,all,not_first_gen,1999,ttd_mean,2.57,
TR,eth_x_fg,white,all,not_first_gen,2000,grad2,45.4,2715
TR,eth_x_fg,white,all,not_first_gen,2000,grad3,78.6,2715
TR,eth_x_fg,white,all,not_first_gen,2000,grad4,85.3,2715
TR,eth_x_fg,white,all,not_first_gen,2000,grad5p,87.1,2715
TR,eth_x_fg,white,all,not_first_gen,2000,gradgpa_mean,3.262,2365
TR,eth_x_fg,white,all,not_first_gen,2000,ret1,90.2,2715
TR,eth_x_fg,white,all,not_first_gen,2000,ttd_mean,2.49,
TR,eth_x_fg,white,all,not_first_gen,2001,grad2,46.4,2894
TR,eth_x_fg,white,all,not_first_gen,2001,grad3,77.9,2894
TR,eth_x_fg,white,all,not_first_gen,2001,grad4,85.0,2894
TR,eth_x_fg,white,all,not_first_gen,2001,grad5p,87.4,2894
TR,eth_x_fg,white,all,not_first_gen,2001,gradgpa_mean,3.242,2528
TR,eth_x_fg,white,all,not_first_gen,2001,ret1,91.4,2894
TR,eth_x_fg,white,all,not_first_gen,2001,ttd_mean,2.52,
TR,eth_x_fg,white,all,not_first_gen,2002,grad2,46.4,2836
TR,eth_x_fg,white,all,not_first_gen,2002,grad3,78.7,2836
TR,eth_x_fg,white,all,not_first_gen,2002,grad4,85.4,2836
TR,eth_x_fg,white,all,not_first_gen,2002,grad5p,87.1,2836
TR,eth_x_fg,white,all,not_first_gen,2002,gradgpa_mean,3.27,2470
TR,eth_x_fg,white,all,not_first_gen,2002,ret1,90.1,2836
TR,eth_x_fg,white,all,not_first_gen,2002,ttd_mean,2.5,
TR,eth_x_fg,white,all,not_first_gen,2003,grad2,51.9,2972
TR,eth_x_fg,white,all,not_first_gen,2003,grad3,79.3,2972
TR,eth_x_fg,white,all,not_first_gen,2003,grad4,85.5,2972
TR,eth_x_fg,white,all,not_first_gen,2003,grad5p,88.0,2972
TR,eth_x_fg,white,all,not_first_gen,2003,gradgpa_mean,3.248,2615
TR,eth_x_fg,white,all,not_first_gen,2003,ret1,91.7,2972
TR,eth_x_fg,white,all,not_first_gen,2003,ttd_mean,2.45,
TR,eth_x_fg,white,all,not_first_gen,2004,grad2,51.3,2920
TR,eth_x_fg,white,all,not_first_gen,2004,grad3,80.4,2920
TR,eth_x_fg,white,all,not_first_gen,2004,grad4,86.3,2920
TR,eth_x_fg,white,all,not_first_gen,2004,grad5p,88.0,2920
TR,eth_x_fg,white,all,not_first_gen,2004,gradgpa_mean,3.266,2570
TR,eth_x_fg,white,all,not_first_gen,2004,ret1,91.7,2920
TR,eth_x_fg,white,all,not_first_gen,2004,ttd_mean,2.42,
TR,eth_x_fg,white,all,not_first_gen,2005,grad2,52.1,2978
TR,eth_x_fg,white,all,not_first_gen,2005,grad3,81.7,2978
TR,eth_x_fg,white,all,not_first_gen,2005,grad4,87.3,2978
TR,eth_x_fg,white,all,not_first_gen,2005,grad5p,89.0,2978
TR,eth_x_fg,white,all,not_first_gen,2005,gradgpa_mean,3.267,2651
TR,eth_x_fg,white,all,not_first_gen,2005,ret1,91.5,2978
TR,eth_x_fg,white,all,not_first_gen,2005,ttd_mean,2.42,
TR,eth_x_fg,white,all,not_first_gen,2006,grad2,53.5,3101
TR,eth_x_fg,white,all,not_first_gen,2006,grad3,81.7,3101
TR,eth_x_fg,white,all,not_first_gen,2006,grad4,87.2,3101
TR,eth_x_fg,white,all,not_first_gen,2006,grad5p,88.7,3101
TR,eth_x_fg,white,all,not_first_gen,2006,gradgpa_mean,3.297,2750
TR,eth_x_fg,white,all,not_first_gen,2006,ret1,92.2,3101
TR,eth_x_fg,white,all,not_first_gen,2006,ttd_mean,2.41,
TR,eth_x_fg,white,all,not_first_gen,2007,grad2,52.3,3068
TR,eth_x_fg,white,all,not_first_gen,2007,grad3,80.7,3068
TR,eth_x_fg,white,all,not_first_gen,2007,grad4,86.7,3068
TR,eth_x_fg,white,all,not_first_gen,2007,grad5p,88.1,3068
TR,eth_x_fg,white,all,not_first_gen,2007,gradgpa_mean,3.294,2702
TR,eth_x_fg,white,all,not_first_gen,2007,ret1,90.8,3068
TR,eth_x_fg,white,all,not_first_gen,2007,ttd_mean,2.41,
TR,eth_x_fg,white,all,not_first_gen,2008,grad2,57.0,3071
TR,eth_x_fg,white,all,not_first_gen,2008,grad3,82.9,3071
TR,eth_x_fg,white,all,not_first_gen,2008,grad4,88.1,3071
TR,eth_x_fg,white,all,not_first_gen,2008,grad5p,90.0,3071
TR,eth_x_fg,white,all,not_first_gen,2008,gradgpa_mean,3.275,2764
TR,eth_x_fg,white,all,not_first_gen,2008,ret1,92.9,3071
TR,eth_x_fg,white,all,not_first_gen,2008,ttd_mean,2.38,
TR,eth_x_fg,white,all,not_first_gen,2009,grad2,57.7,3360
TR,eth_x_fg,white,all,not_first_gen,2009,grad3,84.2,3360
TR,eth_x_fg,white,all,not_first_gen,2009,grad4,89.5,3360
TR,eth_x_fg,white,all,not_first_gen,2009,grad5p,90.9,3360
TR,eth_x_fg,white,all,not_first_gen,2009,gradgpa_mean,3.286,3055
TR,eth_x_fg,white,all,not_first_gen,2009,ret1,93.2,3360
TR,eth_x_fg,white,all,not_first_gen,2009,ttd_mean,2.35,
TR,eth_x_fg,white,all,not_first_gen,2010,grad2,58.5,3389
TR,eth_x_fg,white,all,not_first_gen,2010,grad3,84.3,3389
TR,eth_x_fg,white,all,not_first_gen,2010,grad4,90.1,3389
TR,eth_x_fg,white,all,not_first_gen,2010,grad5p,91.6,3389
TR,eth_x_fg,white,all,not_first_gen,2010,gradgpa_mean,3.283,3103
TR,eth_x_fg,white,all,not_first_gen,2010,ret1,93.6,3389
TR,eth_x_fg,white,all,not_first_gen,2010,ttd_mean,2.36,
TR,eth_x_fg,white,all,not_first_gen,2011,grad2,58.2,3801
TR,eth_x_fg,white,all,not_first_gen,2011,grad3,84.6,3801
TR,eth_x_fg,white,all,not_first_gen,2011,grad4,89.1,3801
TR,eth_x_fg,white,all,not_first_gen,2011,grad5p,90.4,3801
TR,eth_x_fg,white,all,not_first_gen,2011,gradgpa_mean,3.297,3435
TR,eth_x_fg,white,all,not_first_gen,2011,ret1,93.6,3801
TR,eth_x_fg,white,all,not_first_gen,2011,ttd_mean,2.36,
TR,eth_x_fg,white,all,not_first_gen,2012,grad2,58.0,3335
TR,eth_x_fg,white,all,not_first_gen,2012,grad3,85.4,3335
TR,eth_x_fg,white,all,not_first_gen,2012,grad4,89.9,3335
TR,eth_x_fg,white,all,not_first_gen,2012,grad5p,91.0,3335
TR,eth_x_fg,white,all,not_first_gen,2012,gradgpa_mean,3.328,3035
TR,eth_x_fg,white,all,not_first_gen,2012,ret1,94.6,3335
TR,eth_x_fg,white,all,not_first_gen,2012,ttd_mean,2.37,
TR,eth_x_fg,white,all,not_first_gen,2013,grad2,56.3,3320
TR,eth_x_fg,white,all,not_first_gen,2013,grad3,85.7,3320
TR,eth_x_fg,white,all,not_first_gen,2013,grad4,90.4,3320
TR,eth_x_fg,white,all,not_first_gen,2013,grad5p,91.6,3320
TR,eth_x_fg,white,all,not_first_gen,2013,gradgpa_mean,3.321,3042
TR,eth_x_fg,white,all,not_first_gen,2013,ret1,94.1,3320
TR,eth_x_fg,white,all,not_first_gen,2013,ttd_mean,2.39,
TR,eth_x_fg,white,all,not_first_gen,2014,grad2,57.9,3152
TR,eth_x_fg,white,all,not_first_gen,2014,grad3,85.9,3152
TR,eth_x_fg,white,all,not_first_gen,2014,grad4,90.0,3152
TR,eth_x_fg,white,all,not_first_gen,2014,grad5p,91.2,3152
TR,eth_x_fg,white,all,not_first_gen,2014,gradgpa_mean,3.344,2876
TR,eth_x_fg,white,all,not_first_gen,2014,ret1,93.2,3152
TR,eth_x_fg,white,all,not_first_gen,2014,ttd_mean,2.35,
TR,eth_x_fg,white,all,not_first_gen,2015,grad2,60.3,3091
TR,eth_x_fg,white,all,not_first_gen,2015,grad3,86.2,3091
TR,eth_x_fg,white,all,not_first_gen,2015,grad4,90.2,3091
TR,eth_x_fg,white,all,not_first_gen,2015,grad5p,91.8,3091
TR,eth_x_fg,white,all,not_first_gen,2015,gradgpa_mean,3.354,2836
TR,eth_x_fg,white,all,not_first_gen,2015,ret1,94.3,3091
TR,eth_x_fg,white,all,not_first_gen,2015,ttd_mean,2.33,
TR,eth_x_fg,white,all,not_first_gen,2016,grad2,60.3,3424
TR,eth_x_fg,white,all,not_first_gen,2016,grad3,85.3,3424
TR,eth_x_fg,white,all,not_first_gen,2016,grad4,90.3,3424
TR,eth_x_fg,white,all,not_first_gen,2016,grad5p,91.6,3424
TR,eth_x_fg,white,all,not_first_gen,2016,gradgpa_mean,3.367,3137
TR,eth_x_fg,white,all,not_first_gen,2016,ret1,94.1,3424
TR,eth_x_fg,white,all,not_first_gen,2016,ttd_mean,2.33,
TR,eth_x_fg,white,all,not_first_gen,2017,grad2,62.6,3443
TR,eth_x_fg,white,all,not_first_gen,2017,grad3,86.7,3443
TR,eth_x_fg,white,all,not_first_gen,2017,grad4,91.5,3443
TR,eth_x_fg,white,all,not_first_gen,2017,grad5p,92.4,3443
TR,eth_x_fg,white,all,not_first_gen,2017,gradgpa_mean,3.367,3183
TR,eth_x_fg,white,all,not_first_gen,2017,ret1,94.7,3443
TR,eth_x_fg,white,all,not_first_gen,2017,ttd_mean,2.3,
TR,eth_x_fg,white,all,not_first_gen,2018,grad2,65.5,3582
TR,eth_x_fg,white,all,not_first_gen,2018,grad3,88.2,3582
TR,eth_x_fg,white,all,not_first_gen,2018,grad4,91.4,3582
TR,eth_x_fg,white,all,not_first_gen,2018,grad5p,92.5,3582
TR,eth_x_fg,white,all,not_first_gen,2018,gradgpa_mean,3.507,3313
TR,eth_x_fg,white,all,not_first_gen,2018,ret1,94.1,3582
TR,eth_x_fg,white,all,not_first_gen,2018,ttd_mean,2.26,
TR,eth_x_fg,white,all,not_first_gen,2019,grad2,64.8,3625
TR,eth_x_fg,white,all,not_first_gen,2019,grad3,86.5,3625
TR,eth_x_fg,white,all,not_first_gen,2019,grad4,90.6,3625
TR,eth_x_fg,white,all,not_first_gen,2019,grad5p,92.1,3625
TR,eth_x_fg,white,all,not_first_gen,2019,gradgpa_mean,3.511,3340
TR,eth_x_fg,white,all,not_first_gen,2019,ret1,92.9,3625
TR,eth_x_fg,white,all,not_first_gen,2020,grad2,62.1,3656
TR,eth_x_fg,white,all,not_first_gen,2020,grad3,85.6,3656
TR,eth_x_fg,white,all,not_first_gen,2020,grad4,89.4,3656
TR,eth_x_fg,white,all,not_first_gen,2020,grad5p,90.8,3656
TR,eth_x_fg,white,all,not_first_gen,2020,gradgpa_mean,3.485,3319
TR,eth_x_fg,white,all,not_first_gen,2020,ret1,92.8,3656
TR,eth_x_fg,white,all,not_first_gen,2021,grad2,68.1,3747
TR,eth_x_fg,white,all,not_first_gen,2021,grad3,88.8,3747
TR,eth_x_fg,white,all,not_first_gen,2021,grad4,91.9,3747
TR,eth_x_fg,white,all,not_first_gen,2021,gradgpa_mean,3.462,3443
TR,eth_x_fg,white,all,not_first_gen,2021,ret1,94.7,3747
TR,eth_x_fg,white,all,not_first_gen,2022,grad2,69.2,3676
TR,eth_x_fg,white,all,not_first_gen,2022,grad3,89.6,3676
TR,eth_x_fg,white,all,not_first_gen,2022,gradgpa_mean,3.485,3294
TR,eth_x_fg,white,all,not_first_gen,2022,ret1,95.9,3676
TR,eth_x_fg,white,all,not_first_gen,2023,grad2,70.2,3614
TR,eth_x_fg,white,all,not_first_gen,2023,gradgpa_mean,3.52,2537
TR,eth_x_fg,white,all,not_first_gen,2023,ret1,96.1,3614
TR,eth_x_fg,white,all,not_first_gen,2024,ret1,96.2,3868
TR,eth_x_pell,aian,non_pell,all,2003,grad2,50.0,42
TR,eth_x_pell,aian,non_pell,all,2003,grad3,66.7,42
TR,eth_x_pell,aian,non_pell,all,2003,grad4,78.6,42
TR,eth_x_pell,aian,non_pell,all,2003,grad5p,78.6,42
TR,eth_x_pell,aian,non_pell,all,2003,gradgpa_mean,3.64,21
TR,eth_x_pell,aian,non_pell,all,2003,ret1,88.1,42
TR,eth_x_pell,aian,non_pell,all,2003,ttd_mean,2.51,
TR,eth_x_pell,aian,non_pell,all,2004,grad2,46.8,47
TR,eth_x_pell,aian,non_pell,all,2004,grad3,74.5,47
TR,eth_x_pell,aian,non_pell,all,2004,grad4,80.9,47
TR,eth_x_pell,aian,non_pell,all,2004,grad5p,85.1,47
TR,eth_x_pell,aian,non_pell,all,2004,gradgpa_mean,3.364,35
TR,eth_x_pell,aian,non_pell,all,2004,ret1,89.4,47
TR,eth_x_pell,aian,non_pell,all,2004,ttd_mean,2.48,
TR,eth_x_pell,aian,non_pell,all,2005,grad2,46.2,39
TR,eth_x_pell,aian,non_pell,all,2005,grad3,71.8,39
TR,eth_x_pell,aian,non_pell,all,2005,grad4,76.9,39
TR,eth_x_pell,aian,non_pell,all,2005,grad5p,76.9,39
TR,eth_x_pell,aian,non_pell,all,2005,gradgpa_mean,3.146,28
TR,eth_x_pell,aian,non_pell,all,2005,ret1,92.3,39
TR,eth_x_pell,aian,non_pell,all,2005,ttd_mean,2.5,
TR,eth_x_pell,aian,non_pell,all,2006,grad2,57.9,57
TR,eth_x_pell,aian,non_pell,all,2006,grad3,73.7,57
TR,eth_x_pell,aian,non_pell,all,2006,grad4,82.5,57
TR,eth_x_pell,aian,non_pell,all,2006,grad5p,82.5,57
TR,eth_x_pell,aian,non_pell,all,2006,gradgpa_mean,3.36,33
TR,eth_x_pell,aian,non_pell,all,2006,ret1,87.7,57
TR,eth_x_pell,aian,non_pell,all,2006,ttd_mean,2.27,
TR,eth_x_pell,aian,non_pell,all,2007,grad2,49.0,49
TR,eth_x_pell,aian,non_pell,all,2007,grad3,69.4,49
TR,eth_x_pell,aian,non_pell,all,2007,grad4,69.4,49
TR,eth_x_pell,aian,non_pell,all,2007,grad5p,77.6,49
TR,eth_x_pell,aian,non_pell,all,2007,gradgpa_mean,3.143,34
TR,eth_x_pell,aian,non_pell,all,2007,ret1,85.7,49
TR,eth_x_pell,aian,non_pell,all,2007,ttd_mean,2.35,
TR,eth_x_pell,aian,non_pell,all,2008,grad2,46.0,50
TR,eth_x_pell,aian,non_pell,all,2008,grad3,76.0,50
TR,eth_x_pell,aian,non_pell,all,2008,grad4,82.0,50
TR,eth_x_pell,aian,non_pell,all,2008,grad5p,86.0,50
TR,eth_x_pell,aian,non_pell,all,2008,gradgpa_mean,3.064,38
TR,eth_x_pell,aian,non_pell,all,2008,ret1,88.0,50
TR,eth_x_pell,aian,non_pell,all,2008,ttd_mean,2.52,
TR,eth_x_pell,aian,non_pell,all,2009,grad2,65.2,66
TR,eth_x_pell,aian,non_pell,all,2009,grad3,81.8,66
TR,eth_x_pell,aian,non_pell,all,2009,grad4,84.8,66
TR,eth_x_pell,aian,non_pell,all,2009,grad5p,89.4,66
TR,eth_x_pell,aian,non_pell,all,2009,gradgpa_mean,3.35,54
TR,eth_x_pell,aian,non_pell,all,2009,ret1,90.9,66
TR,eth_x_pell,aian,non_pell,all,2009,ttd_mean,2.34,
TR,eth_x_pell,aian,non_pell,all,2010,grad2,66.2,74
TR,eth_x_pell,aian,non_pell,all,2010,grad3,90.5,74
TR,eth_x_pell,aian,non_pell,all,2010,grad4,90.5,74
TR,eth_x_pell,aian,non_pell,all,2010,grad5p,91.9,74
TR,eth_x_pell,aian,non_pell,all,2010,gradgpa_mean,3.179,67
TR,eth_x_pell,aian,non_pell,all,2010,ret1,91.9,74
TR,eth_x_pell,aian,non_pell,all,2010,ttd_mean,2.28,
TR,eth_x_pell,aian,non_pell,all,2011,grad2,75.5,49
TR,eth_x_pell,aian,non_pell,all,2011,grad3,89.8,49
TR,eth_x_pell,aian,non_pell,all,2011,grad4,93.9,49
TR,eth_x_pell,aian,non_pell,all,2011,grad5p,93.9,49
TR,eth_x_pell,aian,non_pell,all,2011,gradgpa_mean,3.39,37
TR,eth_x_pell,aian,non_pell,all,2011,ret1,95.9,49
TR,eth_x_pell,aian,non_pell,all,2011,ttd_mean,2.23,
TR,eth_x_pell,aian,non_pell,all,2012,grad2,57.1,56
TR,eth_x_pell,aian,non_pell,all,2012,grad3,76.8,56
TR,eth_x_pell,aian,non_pell,all,2012,grad4,85.7,56
TR,eth_x_pell,aian,non_pell,all,2012,grad5p,85.7,56
TR,eth_x_pell,aian,non_pell,all,2012,gradgpa_mean,3.534,43
TR,eth_x_pell,aian,non_pell,all,2012,ret1,85.7,56
TR,eth_x_pell,aian,non_pell,all,2012,ttd_mean,2.28,
TR,eth_x_pell,aian,non_pell,all,2013,grad2,65.0,60
TR,eth_x_pell,aian,non_pell,all,2013,grad3,85.0,60
TR,eth_x_pell,aian,non_pell,all,2013,grad4,86.7,60
TR,eth_x_pell,aian,non_pell,all,2013,grad5p,86.7,60
TR,eth_x_pell,aian,non_pell,all,2013,gradgpa_mean,3.262,51
TR,eth_x_pell,aian,non_pell,all,2013,ret1,88.3,60
TR,eth_x_pell,aian,non_pell,all,2013,ttd_mean,2.31,
TR,eth_x_pell,aian,non_pell,all,2014,grad2,59.3,54
TR,eth_x_pell,aian,non_pell,all,2014,grad3,75.9,54
TR,eth_x_pell,aian,non_pell,all,2014,grad4,81.5,54
TR,eth_x_pell,aian,non_pell,all,2014,grad5p,85.2,54
TR,eth_x_pell,aian,non_pell,all,2014,gradgpa_mean,3.3,32
TR,eth_x_pell,aian,non_pell,all,2014,ret1,83.3,54
TR,eth_x_pell,aian,non_pell,all,2014,ttd_mean,2.35,
TR,eth_x_pell,aian,non_pell,all,2015,grad2,65.1,43
TR,eth_x_pell,aian,non_pell,all,2015,grad3,90.7,43
TR,eth_x_pell,aian,non_pell,all,2015,grad4,93.0,43
TR,eth_x_pell,aian,non_pell,all,2015,grad5p,93.0,43
TR,eth_x_pell,aian,non_pell,all,2015,gradgpa_mean,3.309,39
TR,eth_x_pell,aian,non_pell,all,2015,ret1,93.0,43
TR,eth_x_pell,aian,non_pell,all,2015,ttd_mean,2.2,
TR,eth_x_pell,aian,non_pell,all,2016,grad2,66.7,51
TR,eth_x_pell,aian,non_pell,all,2016,grad3,86.3,51
TR,eth_x_pell,aian,non_pell,all,2016,grad4,94.1,51
TR,eth_x_pell,aian,non_pell,all,2016,grad5p,96.1,51
TR,eth_x_pell,aian,non_pell,all,2016,gradgpa_mean,3.352,44
TR,eth_x_pell,aian,non_pell,all,2016,ret1,98.0,51
TR,eth_x_pell,aian,non_pell,all,2016,ttd_mean,2.37,
TR,eth_x_pell,aian,non_pell,all,2017,grad2,63.3,49
TR,eth_x_pell,aian,non_pell,all,2017,grad3,87.8,49
TR,eth_x_pell,aian,non_pell,all,2017,grad4,87.8,49
TR,eth_x_pell,aian,non_pell,all,2017,grad5p,87.8,49
TR,eth_x_pell,aian,non_pell,all,2017,gradgpa_mean,3.443,43
TR,eth_x_pell,aian,non_pell,all,2017,ret1,89.8,49
TR,eth_x_pell,aian,non_pell,all,2017,ttd_mean,2.23,
TR,eth_x_pell,aian,non_pell,all,2018,grad2,60.0,45
TR,eth_x_pell,aian,non_pell,all,2018,grad3,77.8,45
TR,eth_x_pell,aian,non_pell,all,2018,grad4,82.2,45
TR,eth_x_pell,aian,non_pell,all,2018,grad5p,86.7,45
TR,eth_x_pell,aian,non_pell,all,2018,gradgpa_mean,3.65,27
TR,eth_x_pell,aian,non_pell,all,2018,ret1,91.1,45
TR,eth_x_pell,aian,non_pell,all,2018,ttd_mean,2.32,
TR,eth_x_pell,aian,non_pell,all,2019,grad2,55.3,47
TR,eth_x_pell,aian,non_pell,all,2019,grad3,80.9,47
TR,eth_x_pell,aian,non_pell,all,2019,grad4,83.0,47
TR,eth_x_pell,aian,non_pell,all,2019,grad5p,87.2,47
TR,eth_x_pell,aian,non_pell,all,2019,gradgpa_mean,3.461,38
TR,eth_x_pell,aian,non_pell,all,2019,ret1,91.5,47
TR,eth_x_pell,aian,non_pell,all,2020,grad2,47.1,51
TR,eth_x_pell,aian,non_pell,all,2020,grad3,80.4,51
TR,eth_x_pell,aian,non_pell,all,2020,grad4,84.3,51
TR,eth_x_pell,aian,non_pell,all,2020,grad5p,88.2,51
TR,eth_x_pell,aian,non_pell,all,2020,gradgpa_mean,3.552,41
TR,eth_x_pell,aian,non_pell,all,2020,ret1,88.2,51
TR,eth_x_pell,aian,non_pell,all,2021,grad2,67.4,43
TR,eth_x_pell,aian,non_pell,all,2021,grad3,83.7,43
TR,eth_x_pell,aian,non_pell,all,2021,grad4,86.0,43
TR,eth_x_pell,aian,non_pell,all,2021,gradgpa_mean,3.54,29
TR,eth_x_pell,aian,non_pell,all,2021,ret1,90.7,43
TR,eth_x_pell,aian,non_pell,all,2022,grad2,71.8,71
TR,eth_x_pell,aian,non_pell,all,2022,grad3,91.5,71
TR,eth_x_pell,aian,non_pell,all,2022,gradgpa_mean,3.576,65
TR,eth_x_pell,aian,non_pell,all,2022,ret1,97.2,71
TR,eth_x_pell,aian,non_pell,all,2023,grad2,68.8,80
TR,eth_x_pell,aian,non_pell,all,2023,gradgpa_mean,3.57,55
TR,eth_x_pell,aian,non_pell,all,2023,ret1,93.8,80
TR,eth_x_pell,aian,non_pell,all,2024,ret1,92.5,93
TR,eth_x_pell,aian,pell,all,2003,grad2,28.8,52
TR,eth_x_pell,aian,pell,all,2003,grad3,55.8,52
TR,eth_x_pell,aian,pell,all,2003,grad4,67.3,52
TR,eth_x_pell,aian,pell,all,2003,grad5p,75.0,52
TR,eth_x_pell,aian,pell,all,2003,gradgpa_mean,3.042,29
TR,eth_x_pell,aian,pell,all,2003,ret1,84.6,52
TR,eth_x_pell,aian,pell,all,2003,ttd_mean,3.1,
TR,eth_x_pell,aian,pell,all,2004,grad2,49.1,57
TR,eth_x_pell,aian,pell,all,2004,grad3,80.7,57
TR,eth_x_pell,aian,pell,all,2004,grad4,86.0,57
TR,eth_x_pell,aian,pell,all,2004,grad5p,86.0,57
TR,eth_x_pell,aian,pell,all,2004,gradgpa_mean,3.105,46
TR,eth_x_pell,aian,pell,all,2004,ret1,91.2,57
TR,eth_x_pell,aian,pell,all,2004,ttd_mean,2.43,
TR,eth_x_pell,aian,pell,all,2005,grad2,42.1,38
TR,eth_x_pell,aian,pell,all,2005,grad3,63.2,38
TR,eth_x_pell,aian,pell,all,2005,grad4,71.1,38
TR,eth_x_pell,aian,pell,all,2005,grad5p,73.7,38
TR,eth_x_pell,aian,pell,all,2005,gradgpa_mean,3.45,16
TR,eth_x_pell,aian,pell,all,2005,ret1,86.8,38
TR,eth_x_pell,aian,pell,all,2005,ttd_mean,2.57,
TR,eth_x_pell,aian,pell,all,2006,grad2,35.7,42
TR,eth_x_pell,aian,pell,all,2006,grad3,73.8,42
TR,eth_x_pell,aian,pell,all,2006,grad4,83.3,42
TR,eth_x_pell,aian,pell,all,2006,grad5p,90.5,42
TR,eth_x_pell,aian,pell,all,2006,gradgpa_mean,3.106,31
TR,eth_x_pell,aian,pell,all,2006,ret1,92.9,42
TR,eth_x_pell,aian,pell,all,2006,ttd_mean,2.73,
TR,eth_x_pell,aian,pell,all,2007,grad2,24.5,53
TR,eth_x_pell,aian,pell,all,2007,grad3,60.4,53
TR,eth_x_pell,aian,pell,all,2007,grad4,73.6,53
TR,eth_x_pell,aian,pell,all,2007,grad5p,77.4,53
TR,eth_x_pell,aian,pell,all,2007,gradgpa_mean,3.084,32
TR,eth_x_pell,aian,pell,all,2007,ret1,90.6,53
TR,eth_x_pell,aian,pell,all,2007,ttd_mean,2.78,
TR,eth_x_pell,aian,pell,all,2008,grad2,26.3,57
TR,eth_x_pell,aian,pell,all,2008,grad3,56.1,57
TR,eth_x_pell,aian,pell,all,2008,grad4,63.2,57
TR,eth_x_pell,aian,pell,all,2008,grad5p,68.4,57
TR,eth_x_pell,aian,pell,all,2008,gradgpa_mean,3.093,32
TR,eth_x_pell,aian,pell,all,2008,ret1,84.2,57
TR,eth_x_pell,aian,pell,all,2008,ttd_mean,3.02,
TR,eth_x_pell,aian,pell,all,2009,grad2,32.8,67
TR,eth_x_pell,aian,pell,all,2009,grad3,73.1,67
TR,eth_x_pell,aian,pell,all,2009,grad4,79.1,67
TR,eth_x_pell,aian,pell,all,2009,grad5p,83.6,67
TR,eth_x_pell,aian,pell,all,2009,gradgpa_mean,3.249,49
TR,eth_x_pell,aian,pell,all,2009,ret1,94.0,67
TR,eth_x_pell,aian,pell,all,2009,ttd_mean,2.75,
TR,eth_x_pell,aian,pell,all,2010,grad2,45.5,101
TR,eth_x_pell,aian,pell,all,2010,grad3,76.2,101
TR,eth_x_pell,aian,pell,all,2010,grad4,81.2,101
TR,eth_x_pell,aian,pell,all,2010,grad5p,84.2,101
TR,eth_x_pell,aian,pell,all,2010,gradgpa_mean,3.188,77
TR,eth_x_pell,aian,pell,all,2010,ret1,95.0,101
TR,eth_x_pell,aian,pell,all,2010,ttd_mean,2.47,
TR,eth_x_pell,aian,pell,all,2011,grad2,42.9,98
TR,eth_x_pell,aian,pell,all,2011,grad3,75.5,98
TR,eth_x_pell,aian,pell,all,2011,grad4,80.6,98
TR,eth_x_pell,aian,pell,all,2011,grad5p,80.6,98
TR,eth_x_pell,aian,pell,all,2011,gradgpa_mean,3.315,74
TR,eth_x_pell,aian,pell,all,2011,ret1,90.8,98
TR,eth_x_pell,aian,pell,all,2011,ttd_mean,2.5,
TR,eth_x_pell,aian,pell,all,2012,grad2,47.7,107
TR,eth_x_pell,aian,pell,all,2012,grad3,82.2,107
TR,eth_x_pell,aian,pell,all,2012,grad4,84.1,107
TR,eth_x_pell,aian,pell,all,2012,grad5p,86.0,107
TR,eth_x_pell,aian,pell,all,2012,gradgpa_mean,3.312,88
TR,eth_x_pell,aian,pell,all,2012,ret1,94.4,107
TR,eth_x_pell,aian,pell,all,2012,ttd_mean,2.51,
TR,eth_x_pell,aian,pell,all,2013,grad2,46.9,81
TR,eth_x_pell,aian,pell,all,2013,grad3,80.2,81
TR,eth_x_pell,aian,pell,all,2013,grad4,86.4,81
TR,eth_x_pell,aian,pell,all,2013,grad5p,87.7,81
TR,eth_x_pell,aian,pell,all,2013,gradgpa_mean,3.214,65
TR,eth_x_pell,aian,pell,all,2013,ret1,90.1,81
TR,eth_x_pell,aian,pell,all,2013,ttd_mean,2.53,
TR,eth_x_pell,aian,pell,all,2014,grad2,47.0,117
TR,eth_x_pell,aian,pell,all,2014,grad3,75.2,117
TR,eth_x_pell,aian,pell,all,2014,grad4,82.1,117
TR,eth_x_pell,aian,pell,all,2014,grad5p,84.6,117
TR,eth_x_pell,aian,pell,all,2014,gradgpa_mean,3.301,88
TR,eth_x_pell,aian,pell,all,2014,ret1,93.2,117
TR,eth_x_pell,aian,pell,all,2014,ttd_mean,2.55,
TR,eth_x_pell,aian,pell,all,2015,grad2,44.6,83
TR,eth_x_pell,aian,pell,all,2015,grad3,79.5,83
TR,eth_x_pell,aian,pell,all,2015,grad4,85.5,83
TR,eth_x_pell,aian,pell,all,2015,grad5p,86.7,83
TR,eth_x_pell,aian,pell,all,2015,gradgpa_mean,3.42,66
TR,eth_x_pell,aian,pell,all,2015,ret1,94.0,83
TR,eth_x_pell,aian,pell,all,2015,ttd_mean,2.58,
TR,eth_x_pell,aian,pell,all,2016,grad2,41.8,98
TR,eth_x_pell,aian,pell,all,2016,grad3,70.4,98
TR,eth_x_pell,aian,pell,all,2016,grad4,75.5,98
TR,eth_x_pell,aian,pell,all,2016,grad5p,77.6,98
TR,eth_x_pell,aian,pell,all,2016,gradgpa_mean,3.178,69
TR,eth_x_pell,aian,pell,all,2016,ret1,86.7,98
TR,eth_x_pell,aian,pell,all,2016,ttd_mean,2.47,
TR,eth_x_pell,aian,pell,all,2017,grad2,56.5,85
TR,eth_x_pell,aian,pell,all,2017,grad3,76.5,85
TR,eth_x_pell,aian,pell,all,2017,grad4,88.2,85
TR,eth_x_pell,aian,pell,all,2017,grad5p,90.6,85
TR,eth_x_pell,aian,pell,all,2017,gradgpa_mean,3.31,75
TR,eth_x_pell,aian,pell,all,2017,ret1,90.6,85
TR,eth_x_pell,aian,pell,all,2017,ttd_mean,2.46,
TR,eth_x_pell,aian,pell,all,2018,grad2,42.5,80
TR,eth_x_pell,aian,pell,all,2018,grad3,73.8,80
TR,eth_x_pell,aian,pell,all,2018,grad4,80.0,80
TR,eth_x_pell,aian,pell,all,2018,grad5p,81.3,80
TR,eth_x_pell,aian,pell,all,2018,gradgpa_mean,3.47,59
TR,eth_x_pell,aian,pell,all,2018,ret1,90.0,80
TR,eth_x_pell,aian,pell,all,2018,ttd_mean,2.49,
TR,eth_x_pell,aian,pell,all,2019,grad2,62.9,70
TR,eth_x_pell,aian,pell,all,2019,grad3,82.9,70
TR,eth_x_pell,aian,pell,all,2019,grad4,84.3,70
TR,eth_x_pell,aian,pell,all,2019,grad5p,87.1,70
TR,eth_x_pell,aian,pell,all,2019,gradgpa_mean,3.512,58
TR,eth_x_pell,aian,pell,all,2019,ret1,95.7,70
TR,eth_x_pell,aian,pell,all,2020,grad2,36.6,71
TR,eth_x_pell,aian,pell,all,2020,grad3,66.2,71
TR,eth_x_pell,aian,pell,all,2020,grad4,74.6,71
TR,eth_x_pell,aian,pell,all,2020,grad5p,77.5,71
TR,eth_x_pell,aian,pell,all,2020,gradgpa_mean,3.43,47
TR,eth_x_pell,aian,pell,all,2020,ret1,88.7,71
TR,eth_x_pell,aian,pell,all,2021,grad2,39.2,51
TR,eth_x_pell,aian,pell,all,2021,grad3,60.8,51
TR,eth_x_pell,aian,pell,all,2021,grad4,76.5,51
TR,eth_x_pell,aian,pell,all,2021,gradgpa_mean,3.431,31
TR,eth_x_pell,aian,pell,all,2021,ret1,80.4,51
TR,eth_x_pell,aian,pell,all,2022,grad2,58.6,70
TR,eth_x_pell,aian,pell,all,2022,grad3,78.6,70
TR,eth_x_pell,aian,pell,all,2022,gradgpa_mean,3.578,55
TR,eth_x_pell,aian,pell,all,2022,ret1,92.9,70
TR,eth_x_pell,aian,pell,all,2023,grad2,62.1,87
TR,eth_x_pell,aian,pell,all,2023,gradgpa_mean,3.51,54
TR,eth_x_pell,aian,pell,all,2023,ret1,94.3,87
TR,eth_x_pell,aian,pell,all,2024,ret1,92.8,69
TR,eth_x_pell,asian_pi,non_pell,all,2003,grad2,50.8,1361
TR,eth_x_pell,asian_pi,non_pell,all,2003,grad3,81.0,1361
TR,eth_x_pell,asian_pi,non_pell,all,2003,grad4,86.3,1361
TR,eth_x_pell,asian_pi,non_pell,all,2003,grad5p,87.5,1361
TR,eth_x_pell,asian_pi,non_pell,all,2003,gradgpa_mean,3.129,1191
TR,eth_x_pell,asian_pi,non_pell,all,2003,ret1,92.1,1361
TR,eth_x_pell,asian_pi,non_pell,all,2003,ttd_mean,2.41,
TR,eth_x_pell,asian_pi,non_pell,all,2004,grad2,54.3,1492
TR,eth_x_pell,asian_pi,non_pell,all,2004,grad3,81.1,1492
TR,eth_x_pell,asian_pi,non_pell,all,2004,grad4,87.3,1492
TR,eth_x_pell,asian_pi,non_pell,all,2004,grad5p,89.2,1492
TR,eth_x_pell,asian_pi,non_pell,all,2004,gradgpa_mean,3.087,1331
TR,eth_x_pell,asian_pi,non_pell,all,2004,ret1,92.2,1492
TR,eth_x_pell,asian_pi,non_pell,all,2004,ttd_mean,2.4,
TR,eth_x_pell,asian_pi,non_pell,all,2005,grad2,52.9,1645
TR,eth_x_pell,asian_pi,non_pell,all,2005,grad3,82.5,1645
TR,eth_x_pell,asian_pi,non_pell,all,2005,grad4,88.2,1645
TR,eth_x_pell,asian_pi,non_pell,all,2005,grad5p,89.8,1645
TR,eth_x_pell,asian_pi,non_pell,all,2005,gradgpa_mean,3.097,1477
TR,eth_x_pell,asian_pi,non_pell,all,2005,ret1,92.0,1645
TR,eth_x_pell,asian_pi,non_pell,all,2005,ttd_mean,2.4,
TR,eth_x_pell,asian_pi,non_pell,all,2006,grad2,53.8,1551
TR,eth_x_pell,asian_pi,non_pell,all,2006,grad3,81.8,1551
TR,eth_x_pell,asian_pi,non_pell,all,2006,grad4,86.3,1551
TR,eth_x_pell,asian_pi,non_pell,all,2006,grad5p,87.7,1551
TR,eth_x_pell,asian_pi,non_pell,all,2006,gradgpa_mean,3.103,1360
TR,eth_x_pell,asian_pi,non_pell,all,2006,ret1,92.4,1551
TR,eth_x_pell,asian_pi,non_pell,all,2006,ttd_mean,2.37,
TR,eth_x_pell,asian_pi,non_pell,all,2007,grad2,52.6,1547
TR,eth_x_pell,asian_pi,non_pell,all,2007,grad3,82.4,1547
TR,eth_x_pell,asian_pi,non_pell,all,2007,grad4,86.8,1547
TR,eth_x_pell,asian_pi,non_pell,all,2007,grad5p,88.0,1547
TR,eth_x_pell,asian_pi,non_pell,all,2007,gradgpa_mean,3.108,1361
TR,eth_x_pell,asian_pi,non_pell,all,2007,ret1,91.6,1547
TR,eth_x_pell,asian_pi,non_pell,all,2007,ttd_mean,2.36,
TR,eth_x_pell,asian_pi,non_pell,all,2008,grad2,54.5,1572
TR,eth_x_pell,asian_pi,non_pell,all,2008,grad3,82.6,1572
TR,eth_x_pell,asian_pi,non_pell,all,2008,grad4,87.9,1572
TR,eth_x_pell,asian_pi,non_pell,all,2008,grad5p,89.3,1572
TR,eth_x_pell,asian_pi,non_pell,all,2008,gradgpa_mean,3.151,1404
TR,eth_x_pell,asian_pi,non_pell,all,2008,ret1,92.0,1572
TR,eth_x_pell,asian_pi,non_pell,all,2008,ttd_mean,2.38,
TR,eth_x_pell,asian_pi,non_pell,all,2009,grad2,55.1,1534
TR,eth_x_pell,asian_pi,non_pell,all,2009,grad3,81.4,1534
TR,eth_x_pell,asian_pi,non_pell,all,2009,grad4,85.6,1534
TR,eth_x_pell,asian_pi,non_pell,all,2009,grad5p,87.0,1534
TR,eth_x_pell,asian_pi,non_pell,all,2009,gradgpa_mean,3.16,1334
TR,eth_x_pell,asian_pi,non_pell,all,2009,ret1,91.3,1534
TR,eth_x_pell,asian_pi,non_pell,all,2009,ttd_mean,2.35,
TR,eth_x_pell,asian_pi,non_pell,all,2010,grad2,58.5,1649
TR,eth_x_pell,asian_pi,non_pell,all,2010,grad3,84.7,1649
TR,eth_x_pell,asian_pi,non_pell,all,2010,grad4,89.7,1649
TR,eth_x_pell,asian_pi,non_pell,all,2010,grad5p,91.1,1649
TR,eth_x_pell,asian_pi,non_pell,all,2010,gradgpa_mean,3.177,1503
TR,eth_x_pell,asian_pi,non_pell,all,2010,ret1,93.3,1649
TR,eth_x_pell,asian_pi,non_pell,all,2010,ttd_mean,2.33,
TR,eth_x_pell,asian_pi,non_pell,all,2011,grad2,58.6,1729
TR,eth_x_pell,asian_pi,non_pell,all,2011,grad3,84.6,1729
TR,eth_x_pell,asian_pi,non_pell,all,2011,grad4,90.2,1729
TR,eth_x_pell,asian_pi,non_pell,all,2011,grad5p,91.2,1729
TR,eth_x_pell,asian_pi,non_pell,all,2011,gradgpa_mean,3.153,1577
TR,eth_x_pell,asian_pi,non_pell,all,2011,ret1,93.2,1729
TR,eth_x_pell,asian_pi,non_pell,all,2011,ttd_mean,2.34,
TR,eth_x_pell,asian_pi,non_pell,all,2012,grad2,59.5,1646
TR,eth_x_pell,asian_pi,non_pell,all,2012,grad3,86.0,1646
TR,eth_x_pell,asian_pi,non_pell,all,2012,grad4,89.8,1646
TR,eth_x_pell,asian_pi,non_pell,all,2012,grad5p,91.3,1646
TR,eth_x_pell,asian_pi,non_pell,all,2012,gradgpa_mean,3.181,1503
TR,eth_x_pell,asian_pi,non_pell,all,2012,ret1,93.9,1646
TR,eth_x_pell,asian_pi,non_pell,all,2012,ttd_mean,2.31,
TR,eth_x_pell,asian_pi,non_pell,all,2013,grad2,58.0,1586
TR,eth_x_pell,asian_pi,non_pell,all,2013,grad3,85.4,1586
TR,eth_x_pell,asian_pi,non_pell,all,2013,grad4,89.5,1586
TR,eth_x_pell,asian_pi,non_pell,all,2013,grad5p,90.4,1586
TR,eth_x_pell,asian_pi,non_pell,all,2013,gradgpa_mean,3.17,1433
TR,eth_x_pell,asian_pi,non_pell,all,2013,ret1,93.8,1586
TR,eth_x_pell,asian_pi,non_pell,all,2013,ttd_mean,2.34,
TR,eth_x_pell,asian_pi,non_pell,all,2014,grad2,57.7,1612
TR,eth_x_pell,asian_pi,non_pell,all,2014,grad3,87.3,1612
TR,eth_x_pell,asian_pi,non_pell,all,2014,grad4,90.8,1612
TR,eth_x_pell,asian_pi,non_pell,all,2014,grad5p,91.6,1612
TR,eth_x_pell,asian_pi,non_pell,all,2014,gradgpa_mean,3.223,1476
TR,eth_x_pell,asian_pi,non_pell,all,2014,ret1,93.5,1612
TR,eth_x_pell,asian_pi,non_pell,all,2014,ttd_mean,2.33,
TR,eth_x_pell,asian_pi,non_pell,all,2015,grad2,59.3,1651
TR,eth_x_pell,asian_pi,non_pell,all,2015,grad3,86.7,1651
TR,eth_x_pell,asian_pi,non_pell,all,2015,grad4,90.1,1651
TR,eth_x_pell,asian_pi,non_pell,all,2015,grad5p,91.2,1651
TR,eth_x_pell,asian_pi,non_pell,all,2015,gradgpa_mean,3.221,1506
TR,eth_x_pell,asian_pi,non_pell,all,2015,ret1,92.7,1651
TR,eth_x_pell,asian_pi,non_pell,all,2015,ttd_mean,2.33,
TR,eth_x_pell,asian_pi,non_pell,all,2016,grad2,59.7,2006
TR,eth_x_pell,asian_pi,non_pell,all,2016,grad3,87.0,2006
TR,eth_x_pell,asian_pi,non_pell,all,2016,grad4,91.2,2006
TR,eth_x_pell,asian_pi,non_pell,all,2016,grad5p,92.2,2006
TR,eth_x_pell,asian_pi,non_pell,all,2016,gradgpa_mean,3.248,1850
TR,eth_x_pell,asian_pi,non_pell,all,2016,ret1,93.3,2006
TR,eth_x_pell,asian_pi,non_pell,all,2016,ttd_mean,2.31,
TR,eth_x_pell,asian_pi,non_pell,all,2017,grad2,61.2,2166
TR,eth_x_pell,asian_pi,non_pell,all,2017,grad3,87.9,2166
TR,eth_x_pell,asian_pi,non_pell,all,2017,grad4,91.3,2166
TR,eth_x_pell,asian_pi,non_pell,all,2017,grad5p,92.1,2166
TR,eth_x_pell,asian_pi,non_pell,all,2017,gradgpa_mean,3.292,1995
TR,eth_x_pell,asian_pi,non_pell,all,2017,ret1,94.2,2166
TR,eth_x_pell,asian_pi,non_pell,all,2017,ttd_mean,2.28,
TR,eth_x_pell,asian_pi,non_pell,all,2018,grad2,63.3,2314
TR,eth_x_pell,asian_pi,non_pell,all,2018,grad3,88.6,2314
TR,eth_x_pell,asian_pi,non_pell,all,2018,grad4,91.6,2314
TR,eth_x_pell,asian_pi,non_pell,all,2018,grad5p,92.4,2314
TR,eth_x_pell,asian_pi,non_pell,all,2018,gradgpa_mean,3.397,2138
TR,eth_x_pell,asian_pi,non_pell,all,2018,ret1,93.3,2314
TR,eth_x_pell,asian_pi,non_pell,all,2018,ttd_mean,2.25,
TR,eth_x_pell,asian_pi,non_pell,all,2019,grad2,65.8,2449
TR,eth_x_pell,asian_pi,non_pell,all,2019,grad3,89.7,2449
TR,eth_x_pell,asian_pi,non_pell,all,2019,grad4,92.0,2449
TR,eth_x_pell,asian_pi,non_pell,all,2019,grad5p,92.8,2449
TR,eth_x_pell,asian_pi,non_pell,all,2019,gradgpa_mean,3.449,2273
TR,eth_x_pell,asian_pi,non_pell,all,2019,ret1,93.5,2449
TR,eth_x_pell,asian_pi,non_pell,all,2020,grad2,65.1,2821
TR,eth_x_pell,asian_pi,non_pell,all,2020,grad3,87.8,2821
TR,eth_x_pell,asian_pi,non_pell,all,2020,grad4,90.8,2821
TR,eth_x_pell,asian_pi,non_pell,all,2020,grad5p,91.5,2821
TR,eth_x_pell,asian_pi,non_pell,all,2020,gradgpa_mean,3.412,2581
TR,eth_x_pell,asian_pi,non_pell,all,2020,ret1,93.5,2821
TR,eth_x_pell,asian_pi,non_pell,all,2021,grad2,67.5,2981
TR,eth_x_pell,asian_pi,non_pell,all,2021,grad3,88.1,2981
TR,eth_x_pell,asian_pi,non_pell,all,2021,grad4,90.9,2981
TR,eth_x_pell,asian_pi,non_pell,all,2021,gradgpa_mean,3.387,2709
TR,eth_x_pell,asian_pi,non_pell,all,2021,ret1,93.9,2981
TR,eth_x_pell,asian_pi,non_pell,all,2022,grad2,67.6,3094
TR,eth_x_pell,asian_pi,non_pell,all,2022,grad3,88.0,3094
TR,eth_x_pell,asian_pi,non_pell,all,2022,gradgpa_mean,3.413,2722
TR,eth_x_pell,asian_pi,non_pell,all,2022,ret1,94.1,3094
TR,eth_x_pell,asian_pi,non_pell,all,2023,grad2,66.7,3297
TR,eth_x_pell,asian_pi,non_pell,all,2023,gradgpa_mean,3.47,2198
TR,eth_x_pell,asian_pi,non_pell,all,2023,ret1,94.5,3297
TR,eth_x_pell,asian_pi,non_pell,all,2024,ret1,95.8,3767
TR,eth_x_pell,asian_pi,pell,all,2003,grad2,43.8,1745
TR,eth_x_pell,asian_pi,pell,all,2003,grad3,77.7,1745
TR,eth_x_pell,asian_pi,pell,all,2003,grad4,85.2,1745
TR,eth_x_pell,asian_pi,pell,all,2003,grad5p,87.8,1745
TR,eth_x_pell,asian_pi,pell,all,2003,gradgpa_mean,3.081,1532
TR,eth_x_pell,asian_pi,pell,all,2003,ret1,93.4,1745
TR,eth_x_pell,asian_pi,pell,all,2003,ttd_mean,2.56,
TR,eth_x_pell,asian_pi,pell,all,2004,grad2,46.7,1838
TR,eth_x_pell,asian_pi,pell,all,2004,grad3,78.6,1838
TR,eth_x_pell,asian_pi,pell,all,2004,grad4,85.7,1838
TR,eth_x_pell,asian_pi,pell,all,2004,grad5p,88.1,1838
TR,eth_x_pell,asian_pi,pell,all,2004,gradgpa_mean,3.075,1619
TR,eth_x_pell,asian_pi,pell,all,2004,ret1,93.8,1838
TR,eth_x_pell,asian_pi,pell,all,2004,ttd_mean,2.52,
TR,eth_x_pell,asian_pi,pell,all,2005,grad2,44.3,1994
TR,eth_x_pell,asian_pi,pell,all,2005,grad3,80.0,1994
TR,eth_x_pell,asian_pi,pell,all,2005,grad4,86.2,1994
TR,eth_x_pell,asian_pi,pell,all,2005,grad5p,88.1,1994
TR,eth_x_pell,asian_pi,pell,all,2005,gradgpa_mean,3.1,1756
TR,eth_x_pell,asian_pi,pell,all,2005,ret1,92.9,1994
TR,eth_x_pell,asian_pi,pell,all,2005,ttd_mean,2.52,
TR,eth_x_pell,asian_pi,pell,all,2006,grad2,47.0,1953
TR,eth_x_pell,asian_pi,pell,all,2006,grad3,79.9,1953
TR,eth_x_pell,asian_pi,pell,all,2006,grad4,86.4,1953
TR,eth_x_pell,asian_pi,pell,all,2006,grad5p,88.5,1953
TR,eth_x_pell,asian_pi,pell,all,2006,gradgpa_mean,3.088,1728
TR,eth_x_pell,asian_pi,pell,all,2006,ret1,93.2,1953
TR,eth_x_pell,asian_pi,pell,all,2006,ttd_mean,2.5,
TR,eth_x_pell,asian_pi,pell,all,2007,grad2,44.6,2077
TR,eth_x_pell,asian_pi,pell,all,2007,grad3,78.7,2077
TR,eth_x_pell,asian_pi,pell,all,2007,grad4,86.5,2077
TR,eth_x_pell,asian_pi,pell,all,2007,grad5p,88.7,2077
TR,eth_x_pell,asian_pi,pell,all,2007,gradgpa_mean,3.063,1842
TR,eth_x_pell,asian_pi,pell,all,2007,ret1,93.5,2077
TR,eth_x_pell,asian_pi,pell,all,2007,ttd_mean,2.54,
TR,eth_x_pell,asian_pi,pell,all,2008,grad2,44.3,2260
TR,eth_x_pell,asian_pi,pell,all,2008,grad3,79.2,2260
TR,eth_x_pell,asian_pi,pell,all,2008,grad4,85.6,2260
TR,eth_x_pell,asian_pi,pell,all,2008,grad5p,87.6,2260
TR,eth_x_pell,asian_pi,pell,all,2008,gradgpa_mean,3.15,1980
TR,eth_x_pell,asian_pi,pell,all,2008,ret1,93.2,2260
TR,eth_x_pell,asian_pi,pell,all,2008,ttd_mean,2.53,
TR,eth_x_pell,asian_pi,pell,all,2009,grad2,46.4,2516
TR,eth_x_pell,asian_pi,pell,all,2009,grad3,79.8,2516
TR,eth_x_pell,asian_pi,pell,all,2009,grad4,86.3,2516
TR,eth_x_pell,asian_pi,pell,all,2009,grad5p,88.0,2516
TR,eth_x_pell,asian_pi,pell,all,2009,gradgpa_mean,3.094,2215
TR,eth_x_pell,asian_pi,pell,all,2009,ret1,93.4,2516
TR,eth_x_pell,asian_pi,pell,all,2009,ttd_mean,2.5,
TR,eth_x_pell,asian_pi,pell,all,2010,grad2,49.2,2980
TR,eth_x_pell,asian_pi,pell,all,2010,grad3,82.3,2980
TR,eth_x_pell,asian_pi,pell,all,2010,grad4,88.2,2980
TR,eth_x_pell,asian_pi,pell,all,2010,grad5p,89.9,2980
TR,eth_x_pell,asian_pi,pell,all,2010,gradgpa_mean,3.104,2678
TR,eth_x_pell,asian_pi,pell,all,2010,ret1,93.8,2980
TR,eth_x_pell,asian_pi,pell,all,2010,ttd_mean,2.45,
TR,eth_x_pell,asian_pi,pell,all,2011,grad2,48.2,3071
TR,eth_x_pell,asian_pi,pell,all,2011,grad3,82.0,3071
TR,eth_x_pell,asian_pi,pell,all,2011,grad4,87.7,3071
TR,eth_x_pell,asian_pi,pell,all,2011,grad5p,89.4,3071
TR,eth_x_pell,asian_pi,pell,all,2011,gradgpa_mean,3.125,2745
TR,eth_x_pell,asian_pi,pell,all,2011,ret1,93.7,3071
TR,eth_x_pell,asian_pi,pell,all,2011,ttd_mean,2.47,
TR,eth_x_pell,asian_pi,pell,all,2012,grad2,50.4,3097
TR,eth_x_pell,asian_pi,pell,all,2012,grad3,83.5,3097
TR,eth_x_pell,asian_pi,pell,all,2012,grad4,89.1,3097
TR,eth_x_pell,asian_pi,pell,all,2012,grad5p,90.8,3097
TR,eth_x_pell,asian_pi,pell,all,2012,gradgpa_mean,3.138,2811
TR,eth_x_pell,asian_pi,pell,all,2012,ret1,94.1,3097
TR,eth_x_pell,asian_pi,pell,all,2012,ttd_mean,2.46,
TR,eth_x_pell,asian_pi,pell,all,2013,grad2,49.9,2934
TR,eth_x_pell,asian_pi,pell,all,2013,grad3,83.0,2934
TR,eth_x_pell,asian_pi,pell,all,2013,grad4,89.1,2934
TR,eth_x_pell,asian_pi,pell,all,2013,grad5p,90.4,2934
TR,eth_x_pell,asian_pi,pell,all,2013,gradgpa_mean,3.132,2653
TR,eth_x_pell,asian_pi,pell,all,2013,ret1,93.9,2934
TR,eth_x_pell,asian_pi,pell,all,2013,ttd_mean,2.46,
TR,eth_x_pell,asian_pi,pell,all,2014,grad2,51.0,2999
TR,eth_x_pell,asian_pi,pell,all,2014,grad3,83.9,2999
TR,eth_x_pell,asian_pi,pell,all,2014,grad4,89.6,2999
TR,eth_x_pell,asian_pi,pell,all,2014,grad5p,91.3,2999
TR,eth_x_pell,asian_pi,pell,all,2014,gradgpa_mean,3.174,2737
TR,eth_x_pell,asian_pi,pell,all,2014,ret1,94.1,2999
TR,eth_x_pell,asian_pi,pell,all,2014,ttd_mean,2.46,
TR,eth_x_pell,asian_pi,pell,all,2015,grad2,53.5,2840
TR,eth_x_pell,asian_pi,pell,all,2015,grad3,84.8,2840
TR,eth_x_pell,asian_pi,pell,all,2015,grad4,89.6,2840
TR,eth_x_pell,asian_pi,pell,all,2015,grad5p,91.0,2840
TR,eth_x_pell,asian_pi,pell,all,2015,gradgpa_mean,3.204,2583
TR,eth_x_pell,asian_pi,pell,all,2015,ret1,94.2,2840
TR,eth_x_pell,asian_pi,pell,all,2015,ttd_mean,2.41,
TR,eth_x_pell,asian_pi,pell,all,2016,grad2,50.0,3150
TR,eth_x_pell,asian_pi,pell,all,2016,grad3,82.0,3150
TR,eth_x_pell,asian_pi,pell,all,2016,grad4,88.5,3150
TR,eth_x_pell,asian_pi,pell,all,2016,grad5p,90.5,3150
TR,eth_x_pell,asian_pi,pell,all,2016,gradgpa_mean,3.164,2851
TR,eth_x_pell,asian_pi,pell,all,2016,ret1,93.3,3150
TR,eth_x_pell,asian_pi,pell,all,2016,ttd_mean,2.47,
TR,eth_x_pell,asian_pi,pell,all,2017,grad2,54.9,3150
TR,eth_x_pell,asian_pi,pell,all,2017,grad3,84.3,3150
TR,eth_x_pell,asian_pi,pell,all,2017,grad4,89.3,3150
TR,eth_x_pell,asian_pi,pell,all,2017,grad5p,90.7,3150
TR,eth_x_pell,asian_pi,pell,all,2017,gradgpa_mean,3.249,2856
TR,eth_x_pell,asian_pi,pell,all,2017,ret1,93.4,3150
TR,eth_x_pell,asian_pi,pell,all,2017,ttd_mean,2.38,
TR,eth_x_pell,asian_pi,pell,all,2018,grad2,54.8,3064
TR,eth_x_pell,asian_pi,pell,all,2018,grad3,85.4,3064
TR,eth_x_pell,asian_pi,pell,all,2018,grad4,89.7,3064
TR,eth_x_pell,asian_pi,pell,all,2018,grad5p,91.5,3064
TR,eth_x_pell,asian_pi,pell,all,2018,gradgpa_mean,3.379,2803
TR,eth_x_pell,asian_pi,pell,all,2018,ret1,93.1,3064
TR,eth_x_pell,asian_pi,pell,all,2018,ttd_mean,2.39,
TR,eth_x_pell,asian_pi,pell,all,2019,grad2,59.6,3018
TR,eth_x_pell,asian_pi,pell,all,2019,grad3,87.5,3018
TR,eth_x_pell,asian_pi,pell,all,2019,grad4,91.5,3018
TR,eth_x_pell,asian_pi,pell,all,2019,grad5p,92.4,3018
TR,eth_x_pell,asian_pi,pell,all,2019,gradgpa_mean,3.409,2790
TR,eth_x_pell,asian_pi,pell,all,2019,ret1,95.7,3018
TR,eth_x_pell,asian_pi,pell,all,2020,grad2,58.7,3179
TR,eth_x_pell,asian_pi,pell,all,2020,grad3,85.7,3179
TR,eth_x_pell,asian_pi,pell,all,2020,grad4,90.8,3179
TR,eth_x_pell,asian_pi,pell,all,2020,grad5p,92.1,3179
TR,eth_x_pell,asian_pi,pell,all,2020,gradgpa_mean,3.389,2927
TR,eth_x_pell,asian_pi,pell,all,2020,ret1,94.5,3179
TR,eth_x_pell,asian_pi,pell,all,2021,grad2,60.9,3422
TR,eth_x_pell,asian_pi,pell,all,2021,grad3,85.8,3422
TR,eth_x_pell,asian_pi,pell,all,2021,grad4,89.9,3422
TR,eth_x_pell,asian_pi,pell,all,2021,gradgpa_mean,3.347,3078
TR,eth_x_pell,asian_pi,pell,all,2021,ret1,94.2,3422
TR,eth_x_pell,asian_pi,pell,all,2022,grad2,59.0,3054
TR,eth_x_pell,asian_pi,pell,all,2022,grad3,85.8,3054
TR,eth_x_pell,asian_pi,pell,all,2022,gradgpa_mean,3.338,2620
TR,eth_x_pell,asian_pi,pell,all,2022,ret1,94.6,3054
TR,eth_x_pell,asian_pi,pell,all,2023,grad2,63.1,2979
TR,eth_x_pell,asian_pi,pell,all,2023,gradgpa_mean,3.44,1880
TR,eth_x_pell,asian_pi,pell,all,2023,ret1,95.8,2979
TR,eth_x_pell,asian_pi,pell,all,2024,ret1,95.6,2741
TR,eth_x_pell,black,non_pell,all,2003,grad2,48.6,105
TR,eth_x_pell,black,non_pell,all,2003,grad3,81.0,105
TR,eth_x_pell,black,non_pell,all,2003,grad4,86.7,105
TR,eth_x_pell,black,non_pell,all,2003,grad5p,86.7,105
TR,eth_x_pell,black,non_pell,all,2003,gradgpa_mean,3.284,85
TR,eth_x_pell,black,non_pell,all,2003,ret1,95.2,105
TR,eth_x_pell,black,non_pell,all,2003,ttd_mean,2.43,
TR,eth_x_pell,black,non_pell,all,2004,grad2,41.3,121
TR,eth_x_pell,black,non_pell,all,2004,grad3,67.8,121
TR,eth_x_pell,black,non_pell,all,2004,grad4,76.9,121
TR,eth_x_pell,black,non_pell,all,2004,grad5p,80.2,121
TR,eth_x_pell,black,non_pell,all,2004,gradgpa_mean,2.946,93
TR,eth_x_pell,black,non_pell,all,2004,ret1,87.6,121
TR,eth_x_pell,black,non_pell,all,2004,ttd_mean,2.54,
TR,eth_x_pell,black,non_pell,all,2005,grad2,44.6,139
TR,eth_x_pell,black,non_pell,all,2005,grad3,66.2,139
TR,eth_x_pell,black,non_pell,all,2005,grad4,71.9,139
TR,eth_x_pell,black,non_pell,all,2005,grad5p,74.8,139
TR,eth_x_pell,black,non_pell,all,2005,gradgpa_mean,3.095,92
TR,eth_x_pell,black,non_pell,all,2005,ret1,87.8,139
TR,eth_x_pell,black,non_pell,all,2005,ttd_mean,2.41,
TR,eth_x_pell,black,non_pell,all,2006,grad2,41.7,175
TR,eth_x_pell,black,non_pell,all,2006,grad3,68.0,175
TR,eth_x_pell,black,non_pell,all,2006,grad4,76.0,175
TR,eth_x_pell,black,non_pell,all,2006,grad5p,79.4,175
TR,eth_x_pell,black,non_pell,all,2006,gradgpa_mean,3.053,133
TR,eth_x_pell,black,non_pell,all,2006,ret1,83.4,175
TR,eth_x_pell,black,non_pell,all,2006,ttd_mean,2.51,
TR,eth_x_pell,black,non_pell,all,2007,grad2,53.2,139
TR,eth_x_pell,black,non_pell,all,2007,grad3,79.1,139
TR,eth_x_pell,black,non_pell,all,2007,grad4,85.6,139
TR,eth_x_pell,black,non_pell,all,2007,grad5p,88.5,139
TR,eth_x_pell,black,non_pell,all,2007,gradgpa_mean,3.227,110
TR,eth_x_pell,black,non_pell,all,2007,ret1,89.9,139
TR,eth_x_pell,black,non_pell,all,2007,ttd_mean,2.45,
TR,eth_x_pell,black,non_pell,all,2008,grad2,45.2,135
TR,eth_x_pell,black,non_pell,all,2008,grad3,74.1,135
TR,eth_x_pell,black,non_pell,all,2008,grad4,81.5,135
TR,eth_x_pell,black,non_pell,all,2008,grad5p,83.7,135
TR,eth_x_pell,black,non_pell,all,2008,gradgpa_mean,3.105,110
TR,eth_x_pell,black,non_pell,all,2008,ret1,88.9,135
TR,eth_x_pell,black,non_pell,all,2008,ttd_mean,2.5,
TR,eth_x_pell,black,non_pell,all,2009,grad2,45.5,134
TR,eth_x_pell,black,non_pell,all,2009,grad3,73.1,134
TR,eth_x_pell,black,non_pell,all,2009,grad4,77.6,134
TR,eth_x_pell,black,non_pell,all,2009,grad5p,79.1,134
TR,eth_x_pell,black,non_pell,all,2009,gradgpa_mean,3.008,98
TR,eth_x_pell,black,non_pell,all,2009,ret1,84.3,134
TR,eth_x_pell,black,non_pell,all,2009,ttd_mean,2.46,
TR,eth_x_pell,black,non_pell,all,2010,grad2,49.1,159
TR,eth_x_pell,black,non_pell,all,2010,grad3,80.5,159
TR,eth_x_pell,black,non_pell,all,2010,grad4,83.6,159
TR,eth_x_pell,black,non_pell,all,2010,grad5p,84.3,159
TR,eth_x_pell,black,non_pell,all,2010,gradgpa_mean,3.165,128
TR,eth_x_pell,black,non_pell,all,2010,ret1,88.7,159
TR,eth_x_pell,black,non_pell,all,2010,ttd_mean,2.37,
TR,eth_x_pell,black,non_pell,all,2011,grad2,51.2,125
TR,eth_x_pell,black,non_pell,all,2011,grad3,78.4,125
TR,eth_x_pell,black,non_pell,all,2011,grad4,86.4,125
TR,eth_x_pell,black,non_pell,all,2011,grad5p,86.4,125
TR,eth_x_pell,black,non_pell,all,2011,gradgpa_mean,3.13,108
TR,eth_x_pell,black,non_pell,all,2011,ret1,84.0,125
TR,eth_x_pell,black,non_pell,all,2011,ttd_mean,2.35,
TR,eth_x_pell,black,non_pell,all,2012,grad2,51.4,146
TR,eth_x_pell,black,non_pell,all,2012,grad3,83.6,146
TR,eth_x_pell,black,non_pell,all,2012,grad4,85.6,146
TR,eth_x_pell,black,non_pell,all,2012,grad5p,88.4,146
TR,eth_x_pell,black,non_pell,all,2012,gradgpa_mean,3.232,122
TR,eth_x_pell,black,non_pell,all,2012,ret1,89.7,146
TR,eth_x_pell,black,non_pell,all,2012,ttd_mean,2.41,
TR,eth_x_pell,black,non_pell,all,2013,grad2,57.2,145
TR,eth_x_pell,black,non_pell,all,2013,grad3,82.8,145
TR,eth_x_pell,black,non_pell,all,2013,grad4,90.3,145
TR,eth_x_pell,black,non_pell,all,2013,grad5p,92.4,145
TR,eth_x_pell,black,non_pell,all,2013,gradgpa_mean,3.218,131
TR,eth_x_pell,black,non_pell,all,2013,ret1,95.2,145
TR,eth_x_pell,black,non_pell,all,2013,ttd_mean,2.41,
TR,eth_x_pell,black,non_pell,all,2014,grad2,59.9,162
TR,eth_x_pell,black,non_pell,all,2014,grad3,86.4,162
TR,eth_x_pell,black,non_pell,all,2014,grad4,91.4,162
TR,eth_x_pell,black,non_pell,all,2014,grad5p,92.0,162
TR,eth_x_pell,black,non_pell,all,2014,gradgpa_mean,3.181,140
TR,eth_x_pell,black,non_pell,all,2014,ret1,92.6,162
TR,eth_x_pell,black,non_pell,all,2014,ttd_mean,2.32,
TR,eth_x_pell,black,non_pell,all,2015,grad2,51.2,164
TR,eth_x_pell,black,non_pell,all,2015,grad3,81.7,164
TR,eth_x_pell,black,non_pell,all,2015,grad4,84.1,164
TR,eth_x_pell,black,non_pell,all,2015,grad5p,87.2,164
TR,eth_x_pell,black,non_pell,all,2015,gradgpa_mean,3.214,134
TR,eth_x_pell,black,non_pell,all,2015,ret1,91.5,164
TR,eth_x_pell,black,non_pell,all,2015,ttd_mean,2.45,
TR,eth_x_pell,black,non_pell,all,2016,grad2,64.1,262
TR,eth_x_pell,black,non_pell,all,2016,grad3,85.1,262
TR,eth_x_pell,black,non_pell,all,2016,grad4,88.5,262
TR,eth_x_pell,black,non_pell,all,2016,grad5p,90.1,262
TR,eth_x_pell,black,non_pell,all,2016,gradgpa_mean,3.268,223
TR,eth_x_pell,black,non_pell,all,2016,ret1,93.1,262
TR,eth_x_pell,black,non_pell,all,2016,ttd_mean,2.36,
TR,eth_x_pell,black,non_pell,all,2017,grad2,61.8,254
TR,eth_x_pell,black,non_pell,all,2017,grad3,81.9,254
TR,eth_x_pell,black,non_pell,all,2017,grad4,88.2,254
TR,eth_x_pell,black,non_pell,all,2017,grad5p,89.4,254
TR,eth_x_pell,black,non_pell,all,2017,gradgpa_mean,3.272,224
TR,eth_x_pell,black,non_pell,all,2017,ret1,90.6,254
TR,eth_x_pell,black,non_pell,all,2017,ttd_mean,2.29,
TR,eth_x_pell,black,non_pell,all,2018,grad2,64.8,304
TR,eth_x_pell,black,non_pell,all,2018,grad3,84.9,304
TR,eth_x_pell,black,non_pell,all,2018,grad4,87.5,304
TR,eth_x_pell,black,non_pell,all,2018,grad5p,88.8,304
TR,eth_x_pell,black,non_pell,all,2018,gradgpa_mean,3.417,258
TR,eth_x_pell,black,non_pell,all,2018,ret1,90.5,304
TR,eth_x_pell,black,non_pell,all,2018,ttd_mean,2.25,
TR,eth_x_pell,black,non_pell,all,2019,grad2,68.2,292
TR,eth_x_pell,black,non_pell,all,2019,grad3,86.0,292
TR,eth_x_pell,black,non_pell,all,2019,grad4,88.7,292
TR,eth_x_pell,black,non_pell,all,2019,grad5p,89.7,292
TR,eth_x_pell,black,non_pell,all,2019,gradgpa_mean,3.477,251
TR,eth_x_pell,black,non_pell,all,2019,ret1,96.2,292
TR,eth_x_pell,black,non_pell,all,2020,grad2,60.3,350
TR,eth_x_pell,black,non_pell,all,2020,grad3,81.1,350
TR,eth_x_pell,black,non_pell,all,2020,grad4,84.9,350
TR,eth_x_pell,black,non_pell,all,2020,grad5p,85.7,350
TR,eth_x_pell,black,non_pell,all,2020,gradgpa_mean,3.354,297
TR,eth_x_pell,black,non_pell,all,2020,ret1,89.1,350
TR,eth_x_pell,black,non_pell,all,2021,grad2,69.9,345
TR,eth_x_pell,black,non_pell,all,2021,grad3,85.8,345
TR,eth_x_pell,black,non_pell,all,2021,grad4,88.7,345
TR,eth_x_pell,black,non_pell,all,2021,gradgpa_mean,3.368,306
TR,eth_x_pell,black,non_pell,all,2021,ret1,90.7,345
TR,eth_x_pell,black,non_pell,all,2022,grad2,67.6,352
TR,eth_x_pell,black,non_pell,all,2022,grad3,83.8,352
TR,eth_x_pell,black,non_pell,all,2022,gradgpa_mean,3.337,295
TR,eth_x_pell,black,non_pell,all,2022,ret1,94.0,352
TR,eth_x_pell,black,non_pell,all,2023,grad2,64.7,323
TR,eth_x_pell,black,non_pell,all,2023,gradgpa_mean,3.43,209
TR,eth_x_pell,black,non_pell,all,2023,ret1,92.0,323
TR,eth_x_pell,black,non_pell,all,2024,ret1,90.8,424
TR,eth_x_pell,black,pell,all,2003,grad2,32.2,233
TR,eth_x_pell,black,pell,all,2003,grad3,63.5,233
TR,eth_x_pell,black,pell,all,2003,grad4,72.5,233
TR,eth_x_pell,black,pell,all,2003,grad5p,76.4,233
TR,eth_x_pell,black,pell,all,2003,gradgpa_mean,3.019,169
TR,eth_x_pell,black,pell,all,2003,ret1,91.4,233
TR,eth_x_pell,black,pell,all,2003,ttd_mean,2.83,
TR,eth_x_pell,black,pell,all,2004,grad2,36.9,222
TR,eth_x_pell,black,pell,all,2004,grad3,67.1,222
TR,eth_x_pell,black,pell,all,2004,grad4,78.8,222
TR,eth_x_pell,black,pell,all,2004,grad5p,83.3,222
TR,eth_x_pell,black,pell,all,2004,gradgpa_mean,3.001,185
TR,eth_x_pell,black,pell,all,2004,ret1,89.2,222
TR,eth_x_pell,black,pell,all,2004,ttd_mean,2.69,
TR,eth_x_pell,black,pell,all,2005,grad2,38.1,231
TR,eth_x_pell,black,pell,all,2005,grad3,69.7,231
TR,eth_x_pell,black,pell,all,2005,grad4,77.9,231
TR,eth_x_pell,black,pell,all,2005,grad5p,81.0,231
TR,eth_x_pell,black,pell,all,2005,gradgpa_mean,3.081,180
TR,eth_x_pell,black,pell,all,2005,ret1,93.1,231
TR,eth_x_pell,black,pell,all,2005,ttd_mean,2.73,
TR,eth_x_pell,black,pell,all,2006,grad2,33.1,251
TR,eth_x_pell,black,pell,all,2006,grad3,62.2,251
TR,eth_x_pell,black,pell,all,2006,grad4,74.1,251
TR,eth_x_pell,black,pell,all,2006,grad5p,77.3,251
TR,eth_x_pell,black,pell,all,2006,gradgpa_mean,3.11,186
TR,eth_x_pell,black,pell,all,2006,ret1,90.0,251
TR,eth_x_pell,black,pell,all,2006,ttd_mean,2.78,
TR,eth_x_pell,black,pell,all,2007,grad2,29.8,295
TR,eth_x_pell,black,pell,all,2007,grad3,63.1,295
TR,eth_x_pell,black,pell,all,2007,grad4,72.9,295
TR,eth_x_pell,black,pell,all,2007,grad5p,78.3,295
TR,eth_x_pell,black,pell,all,2007,gradgpa_mean,3.111,231
TR,eth_x_pell,black,pell,all,2007,ret1,89.8,295
TR,eth_x_pell,black,pell,all,2007,ttd_mean,2.88,
TR,eth_x_pell,black,pell,all,2008,grad2,37.7,265
TR,eth_x_pell,black,pell,all,2008,grad3,67.9,265
TR,eth_x_pell,black,pell,all,2008,grad4,75.5,265
TR,eth_x_pell,black,pell,all,2008,grad5p,77.0,265
TR,eth_x_pell,black,pell,all,2008,gradgpa_mean,3.081,200
TR,eth_x_pell,black,pell,all,2008,ret1,90.9,265
TR,eth_x_pell,black,pell,all,2008,ttd_mean,2.65,
TR,eth_x_pell,black,pell,all,2009,grad2,37.0,338
TR,eth_x_pell,black,pell,all,2009,grad3,69.8,338
TR,eth_x_pell,black,pell,all,2009,grad4,77.5,338
TR,eth_x_pell,black,pell,all,2009,grad5p,79.6,338
TR,eth_x_pell,black,pell,all,2009,gradgpa_mean,3.106,262
TR,eth_x_pell,black,pell,all,2009,ret1,90.5,338
TR,eth_x_pell,black,pell,all,2009,ttd_mean,2.62,
TR,eth_x_pell,black,pell,all,2010,grad2,34.0,462
TR,eth_x_pell,black,pell,all,2010,grad3,71.2,462
TR,eth_x_pell,black,pell,all,2010,grad4,79.7,462
TR,eth_x_pell,black,pell,all,2010,grad5p,81.6,462
TR,eth_x_pell,black,pell,all,2010,gradgpa_mean,3.078,368
TR,eth_x_pell,black,pell,all,2010,ret1,89.8,462
TR,eth_x_pell,black,pell,all,2010,ttd_mean,2.66,
TR,eth_x_pell,black,pell,all,2011,grad2,44.0,445
TR,eth_x_pell,black,pell,all,2011,grad3,75.1,445
TR,eth_x_pell,black,pell,all,2011,grad4,82.9,445
TR,eth_x_pell,black,pell,all,2011,grad5p,86.1,445
TR,eth_x_pell,black,pell,all,2011,gradgpa_mean,3.059,383
TR,eth_x_pell,black,pell,all,2011,ret1,92.4,445
TR,eth_x_pell,black,pell,all,2011,ttd_mean,2.59,
TR,eth_x_pell,black,pell,all,2012,grad2,40.2,388
TR,eth_x_pell,black,pell,all,2012,grad3,71.9,388
TR,eth_x_pell,black,pell,all,2012,grad4,81.7,388
TR,eth_x_pell,black,pell,all,2012,grad5p,83.2,388
TR,eth_x_pell,black,pell,all,2012,gradgpa_mean,3.066,317
TR,eth_x_pell,black,pell,all,2012,ret1,91.0,388
TR,eth_x_pell,black,pell,all,2012,ttd_mean,2.62,
TR,eth_x_pell,black,pell,all,2013,grad2,42.7,464
TR,eth_x_pell,black,pell,all,2013,grad3,73.5,464
TR,eth_x_pell,black,pell,all,2013,grad4,82.1,464
TR,eth_x_pell,black,pell,all,2013,grad5p,85.3,464
TR,eth_x_pell,black,pell,all,2013,gradgpa_mean,3.146,396
TR,eth_x_pell,black,pell,all,2013,ret1,93.5,464
TR,eth_x_pell,black,pell,all,2013,ttd_mean,2.6,
TR,eth_x_pell,black,pell,all,2014,grad2,40.2,498
TR,eth_x_pell,black,pell,all,2014,grad3,74.3,498
TR,eth_x_pell,black,pell,all,2014,grad4,82.5,498
TR,eth_x_pell,black,pell,all,2014,grad5p,83.9,498
TR,eth_x_pell,black,pell,all,2014,gradgpa_mean,3.113,411
TR,eth_x_pell,black,pell,all,2014,ret1,92.0,498
TR,eth_x_pell,black,pell,all,2014,ttd_mean,2.56,
TR,eth_x_pell,black,pell,all,2015,grad2,45.6,504
TR,eth_x_pell,black,pell,all,2015,grad3,72.2,504
TR,eth_x_pell,black,pell,all,2015,grad4,80.8,504
TR,eth_x_pell,black,pell,all,2015,grad5p,81.7,504
TR,eth_x_pell,black,pell,all,2015,gradgpa_mean,3.142,407
TR,eth_x_pell,black,pell,all,2015,ret1,91.1,504
TR,eth_x_pell,black,pell,all,2015,ttd_mean,2.57,
TR,eth_x_pell,black,pell,all,2016,grad2,43.7,630
TR,eth_x_pell,black,pell,all,2016,grad3,73.2,630
TR,eth_x_pell,black,pell,all,2016,grad4,82.1,630
TR,eth_x_pell,black,pell,all,2016,grad5p,84.0,630
TR,eth_x_pell,black,pell,all,2016,gradgpa_mean,3.169,529
TR,eth_x_pell,black,pell,all,2016,ret1,92.4,630
TR,eth_x_pell,black,pell,all,2016,ttd_mean,2.61,
TR,eth_x_pell,black,pell,all,2017,grad2,47.2,670
TR,eth_x_pell,black,pell,all,2017,grad3,75.2,670
TR,eth_x_pell,black,pell,all,2017,grad4,81.9,670
TR,eth_x_pell,black,pell,all,2017,grad5p,83.0,670
TR,eth_x_pell,black,pell,all,2017,gradgpa_mean,3.225,549
TR,eth_x_pell,black,pell,all,2017,ret1,91.3,670
TR,eth_x_pell,black,pell,all,2017,ttd_mean,2.49,
TR,eth_x_pell,black,pell,all,2018,grad2,45.7,681
TR,eth_x_pell,black,pell,all,2018,grad3,75.2,681
TR,eth_x_pell,black,pell,all,2018,grad4,82.8,681
TR,eth_x_pell,black,pell,all,2018,grad5p,84.9,681
TR,eth_x_pell,black,pell,all,2018,gradgpa_mean,3.26,578
TR,eth_x_pell,black,pell,all,2018,ret1,92.4,681
TR,eth_x_pell,black,pell,all,2018,ttd_mean,2.53,
TR,eth_x_pell,black,pell,all,2019,grad2,52.1,674
TR,eth_x_pell,black,pell,all,2019,grad3,75.5,674
TR,eth_x_pell,black,pell,all,2019,grad4,82.9,674
TR,eth_x_pell,black,pell,all,2019,grad5p,85.5,674
TR,eth_x_pell,black,pell,all,2019,gradgpa_mean,3.296,576
TR,eth_x_pell,black,pell,all,2019,ret1,91.7,674
TR,eth_x_pell,black,pell,all,2020,grad2,46.7,696
TR,eth_x_pell,black,pell,all,2020,grad3,72.3,696
TR,eth_x_pell,black,pell,all,2020,grad4,77.4,696
TR,eth_x_pell,black,pell,all,2020,grad5p,80.5,696
TR,eth_x_pell,black,pell,all,2020,gradgpa_mean,3.279,560
TR,eth_x_pell,black,pell,all,2020,ret1,89.9,696
TR,eth_x_pell,black,pell,all,2021,grad2,49.7,618
TR,eth_x_pell,black,pell,all,2021,grad3,76.7,618
TR,eth_x_pell,black,pell,all,2021,grad4,82.2,618
TR,eth_x_pell,black,pell,all,2021,gradgpa_mean,3.28,508
TR,eth_x_pell,black,pell,all,2021,ret1,92.6,618
TR,eth_x_pell,black,pell,all,2022,grad2,55.3,606
TR,eth_x_pell,black,pell,all,2022,grad3,77.6,606
TR,eth_x_pell,black,pell,all,2022,gradgpa_mean,3.27,470
TR,eth_x_pell,black,pell,all,2022,ret1,91.6,606
TR,eth_x_pell,black,pell,all,2023,grad2,58.0,671
TR,eth_x_pell,black,pell,all,2023,gradgpa_mean,3.36,389
TR,eth_x_pell,black,pell,all,2023,ret1,93.6,671
TR,eth_x_pell,black,pell,all,2024,ret1,94.0,602
TR,eth_x_pell,hispanic_latino,non_pell,all,2003,grad2,53.1,767
TR,eth_x_pell,hispanic_latino,non_pell,all,2003,grad3,76.4,767
TR,eth_x_pell,hispanic_latino,non_pell,all,2003,grad4,80.6,767
TR,eth_x_pell,hispanic_latino,non_pell,all,2003,grad5p,83.3,767
TR,eth_x_pell,hispanic_latino,non_pell,all,2003,gradgpa_mean,3.16,639
TR,eth_x_pell,hispanic_latino,non_pell,all,2003,ret1,88.1,767
TR,eth_x_pell,hispanic_latino,non_pell,all,2003,ttd_mean,2.38,
TR,eth_x_pell,hispanic_latino,non_pell,all,2004,grad2,53.7,767
TR,eth_x_pell,hispanic_latino,non_pell,all,2004,grad3,79.1,767
TR,eth_x_pell,hispanic_latino,non_pell,all,2004,grad4,84.5,767
TR,eth_x_pell,hispanic_latino,non_pell,all,2004,grad5p,85.4,767
TR,eth_x_pell,hispanic_latino,non_pell,all,2004,gradgpa_mean,3.192,648
TR,eth_x_pell,hispanic_latino,non_pell,all,2004,ret1,89.7,767
TR,eth_x_pell,hispanic_latino,non_pell,all,2004,ttd_mean,2.36,
TR,eth_x_pell,hispanic_latino,non_pell,all,2005,grad2,56.7,824
TR,eth_x_pell,hispanic_latino,non_pell,all,2005,grad3,80.9,824
TR,eth_x_pell,hispanic_latino,non_pell,all,2005,grad4,85.6,824
TR,eth_x_pell,hispanic_latino,non_pell,all,2005,grad5p,86.7,824
TR,eth_x_pell,hispanic_latino,non_pell,all,2005,gradgpa_mean,3.215,705
TR,eth_x_pell,hispanic_latino,non_pell,all,2005,ret1,89.7,824
TR,eth_x_pell,hispanic_latino,non_pell,all,2005,ttd_mean,2.38,
TR,eth_x_pell,hispanic_latino,non_pell,all,2006,grad2,55.9,817
TR,eth_x_pell,hispanic_latino,non_pell,all,2006,grad3,80.8,817
TR,eth_x_pell,hispanic_latino,non_pell,all,2006,grad4,85.2,817
TR,eth_x_pell,hispanic_latino,non_pell,all,2006,grad5p,86.5,817
TR,eth_x_pell,hispanic_latino,non_pell,all,2006,gradgpa_mean,3.178,707
TR,eth_x_pell,hispanic_latino,non_pell,all,2006,ret1,90.1,817
TR,eth_x_pell,hispanic_latino,non_pell,all,2006,ttd_mean,2.33,
TR,eth_x_pell,hispanic_latino,non_pell,all,2007,grad2,56.4,816
TR,eth_x_pell,hispanic_latino,non_pell,all,2007,grad3,81.6,816
TR,eth_x_pell,hispanic_latino,non_pell,all,2007,grad4,85.2,816
TR,eth_x_pell,hispanic_latino,non_pell,all,2007,grad5p,86.3,816
TR,eth_x_pell,hispanic_latino,non_pell,all,2007,gradgpa_mean,3.19,695
TR,eth_x_pell,hispanic_latino,non_pell,all,2007,ret1,89.5,816
TR,eth_x_pell,hispanic_latino,non_pell,all,2007,ttd_mean,2.32,
TR,eth_x_pell,hispanic_latino,non_pell,all,2008,grad2,56.6,777
TR,eth_x_pell,hispanic_latino,non_pell,all,2008,grad3,82.6,777
TR,eth_x_pell,hispanic_latino,non_pell,all,2008,grad4,86.6,777
TR,eth_x_pell,hispanic_latino,non_pell,all,2008,grad5p,87.8,777
TR,eth_x_pell,hispanic_latino,non_pell,all,2008,gradgpa_mean,3.2,673
TR,eth_x_pell,hispanic_latino,non_pell,all,2008,ret1,88.7,777
TR,eth_x_pell,hispanic_latino,non_pell,all,2008,ttd_mean,2.31,
TR,eth_x_pell,hispanic_latino,non_pell,all,2009,grad2,59.2,816
TR,eth_x_pell,hispanic_latino,non_pell,all,2009,grad3,81.0,816
TR,eth_x_pell,hispanic_latino,non_pell,all,2009,grad4,85.7,816
TR,eth_x_pell,hispanic_latino,non_pell,all,2009,grad5p,87.6,816
TR,eth_x_pell,hispanic_latino,non_pell,all,2009,gradgpa_mean,3.204,715
TR,eth_x_pell,hispanic_latino,non_pell,all,2009,ret1,89.7,816
TR,eth_x_pell,hispanic_latino,non_pell,all,2009,ttd_mean,2.35,
TR,eth_x_pell,hispanic_latino,non_pell,all,2010,grad2,61.3,811
TR,eth_x_pell,hispanic_latino,non_pell,all,2010,grad3,83.2,811
TR,eth_x_pell,hispanic_latino,non_pell,all,2010,grad4,86.9,811
TR,eth_x_pell,hispanic_latino,non_pell,all,2010,grad5p,87.9,811
TR,eth_x_pell,hispanic_latino,non_pell,all,2010,gradgpa_mean,3.196,705
TR,eth_x_pell,hispanic_latino,non_pell,all,2010,ret1,90.0,811
TR,eth_x_pell,hispanic_latino,non_pell,all,2010,ttd_mean,2.29,
TR,eth_x_pell,hispanic_latino,non_pell,all,2011,grad2,61.9,886
TR,eth_x_pell,hispanic_latino,non_pell,all,2011,grad3,84.8,886
TR,eth_x_pell,hispanic_latino,non_pell,all,2011,grad4,88.1,886
TR,eth_x_pell,hispanic_latino,non_pell,all,2011,grad5p,89.2,886
TR,eth_x_pell,hispanic_latino,non_pell,all,2011,gradgpa_mean,3.232,781
TR,eth_x_pell,hispanic_latino,non_pell,all,2011,ret1,90.7,886
TR,eth_x_pell,hispanic_latino,non_pell,all,2011,ttd_mean,2.29,
TR,eth_x_pell,hispanic_latino,non_pell,all,2012,grad2,61.6,848
TR,eth_x_pell,hispanic_latino,non_pell,all,2012,grad3,86.0,848
TR,eth_x_pell,hispanic_latino,non_pell,all,2012,grad4,89.2,848
TR,eth_x_pell,hispanic_latino,non_pell,all,2012,grad5p,90.3,848
TR,eth_x_pell,hispanic_latino,non_pell,all,2012,gradgpa_mean,3.249,766
TR,eth_x_pell,hispanic_latino,non_pell,all,2012,ret1,92.6,848
TR,eth_x_pell,hispanic_latino,non_pell,all,2012,ttd_mean,2.29,
TR,eth_x_pell,hispanic_latino,non_pell,all,2013,grad2,64.2,929
TR,eth_x_pell,hispanic_latino,non_pell,all,2013,grad3,86.7,929
TR,eth_x_pell,hispanic_latino,non_pell,all,2013,grad4,89.9,929
TR,eth_x_pell,hispanic_latino,non_pell,all,2013,grad5p,90.6,929
TR,eth_x_pell,hispanic_latino,non_pell,all,2013,gradgpa_mean,3.243,835
TR,eth_x_pell,hispanic_latino,non_pell,all,2013,ret1,92.7,929
TR,eth_x_pell,hispanic_latino,non_pell,all,2013,ttd_mean,2.26,
TR,eth_x_pell,hispanic_latino,non_pell,all,2014,grad2,61.6,961
TR,eth_x_pell,hispanic_latino,non_pell,all,2014,grad3,87.0,961
TR,eth_x_pell,hispanic_latino,non_pell,all,2014,grad4,90.4,961
TR,eth_x_pell,hispanic_latino,non_pell,all,2014,grad5p,91.2,961
TR,eth_x_pell,hispanic_latino,non_pell,all,2014,gradgpa_mean,3.27,869
TR,eth_x_pell,hispanic_latino,non_pell,all,2014,ret1,93.1,961
TR,eth_x_pell,hispanic_latino,non_pell,all,2014,ttd_mean,2.3,
TR,eth_x_pell,hispanic_latino,non_pell,all,2015,grad2,63.5,1018
TR,eth_x_pell,hispanic_latino,non_pell,all,2015,grad3,86.2,1018
TR,eth_x_pell,hispanic_latino,non_pell,all,2015,grad4,89.9,1018
TR,eth_x_pell,hispanic_latino,non_pell,all,2015,grad5p,90.4,1018
TR,eth_x_pell,hispanic_latino,non_pell,all,2015,gradgpa_mean,3.303,915
TR,eth_x_pell,hispanic_latino,non_pell,all,2015,ret1,92.9,1018
TR,eth_x_pell,hispanic_latino,non_pell,all,2015,ttd_mean,2.29,
TR,eth_x_pell,hispanic_latino,non_pell,all,2016,grad2,65.1,1362
TR,eth_x_pell,hispanic_latino,non_pell,all,2016,grad3,86.8,1362
TR,eth_x_pell,hispanic_latino,non_pell,all,2016,grad4,89.6,1362
TR,eth_x_pell,hispanic_latino,non_pell,all,2016,grad5p,90.0,1362
TR,eth_x_pell,hispanic_latino,non_pell,all,2016,gradgpa_mean,3.283,1221
TR,eth_x_pell,hispanic_latino,non_pell,all,2016,ret1,93.8,1362
TR,eth_x_pell,hispanic_latino,non_pell,all,2016,ttd_mean,2.23,
TR,eth_x_pell,hispanic_latino,non_pell,all,2017,grad2,64.4,1428
TR,eth_x_pell,hispanic_latino,non_pell,all,2017,grad3,86.8,1428
TR,eth_x_pell,hispanic_latino,non_pell,all,2017,grad4,90.1,1428
TR,eth_x_pell,hispanic_latino,non_pell,all,2017,grad5p,91.1,1428
TR,eth_x_pell,hispanic_latino,non_pell,all,2017,gradgpa_mean,3.281,1301
TR,eth_x_pell,hispanic_latino,non_pell,all,2017,ret1,92.7,1428
TR,eth_x_pell,hispanic_latino,non_pell,all,2017,ttd_mean,2.25,
TR,eth_x_pell,hispanic_latino,non_pell,all,2018,grad2,64.7,1663
TR,eth_x_pell,hispanic_latino,non_pell,all,2018,grad3,84.6,1663
TR,eth_x_pell,hispanic_latino,non_pell,all,2018,grad4,87.5,1663
TR,eth_x_pell,hispanic_latino,non_pell,all,2018,grad5p,88.2,1663
TR,eth_x_pell,hispanic_latino,non_pell,all,2018,gradgpa_mean,3.397,1467
TR,eth_x_pell,hispanic_latino,non_pell,all,2018,ret1,91.0,1663
TR,eth_x_pell,hispanic_latino,non_pell,all,2018,ttd_mean,2.24,
TR,eth_x_pell,hispanic_latino,non_pell,all,2019,grad2,68.5,1725
TR,eth_x_pell,hispanic_latino,non_pell,all,2019,grad3,88.2,1725
TR,eth_x_pell,hispanic_latino,non_pell,all,2019,grad4,90.0,1725
TR,eth_x_pell,hispanic_latino,non_pell,all,2019,grad5p,90.9,1725
TR,eth_x_pell,hispanic_latino,non_pell,all,2019,gradgpa_mean,3.44,1568
TR,eth_x_pell,hispanic_latino,non_pell,all,2019,ret1,93.8,1725
TR,eth_x_pell,hispanic_latino,non_pell,all,2020,grad2,61.4,1921
TR,eth_x_pell,hispanic_latino,non_pell,all,2020,grad3,82.5,1921
TR,eth_x_pell,hispanic_latino,non_pell,all,2020,grad4,84.8,1921
TR,eth_x_pell,hispanic_latino,non_pell,all,2020,grad5p,85.5,1921
TR,eth_x_pell,hispanic_latino,non_pell,all,2020,gradgpa_mean,3.395,1642
TR,eth_x_pell,hispanic_latino,non_pell,all,2020,ret1,90.3,1921
TR,eth_x_pell,hispanic_latino,non_pell,all,2021,grad2,67.5,2048
TR,eth_x_pell,hispanic_latino,non_pell,all,2021,grad3,84.8,2048
TR,eth_x_pell,hispanic_latino,non_pell,all,2021,grad4,87.2,2048
TR,eth_x_pell,hispanic_latino,non_pell,all,2021,gradgpa_mean,3.384,1786
TR,eth_x_pell,hispanic_latino,non_pell,all,2021,ret1,90.9,2048
TR,eth_x_pell,hispanic_latino,non_pell,all,2022,grad2,69.1,1961
TR,eth_x_pell,hispanic_latino,non_pell,all,2022,grad3,86.2,1961
TR,eth_x_pell,hispanic_latino,non_pell,all,2022,gradgpa_mean,3.374,1691
TR,eth_x_pell,hispanic_latino,non_pell,all,2022,ret1,92.7,1961
TR,eth_x_pell,hispanic_latino,non_pell,all,2023,grad2,71.3,1843
TR,eth_x_pell,hispanic_latino,non_pell,all,2023,gradgpa_mean,3.46,1314
TR,eth_x_pell,hispanic_latino,non_pell,all,2023,ret1,93.5,1843
TR,eth_x_pell,hispanic_latino,non_pell,all,2024,ret1,94.5,2244
TR,eth_x_pell,hispanic_latino,pell,all,2003,grad2,37.5,1131
TR,eth_x_pell,hispanic_latino,pell,all,2003,grad3,73.7,1131
TR,eth_x_pell,hispanic_latino,pell,all,2003,grad4,80.4,1131
TR,eth_x_pell,hispanic_latino,pell,all,2003,grad5p,83.1,1131
TR,eth_x_pell,hispanic_latino,pell,all,2003,gradgpa_mean,3.107,940
TR,eth_x_pell,hispanic_latino,pell,all,2003,ret1,89.5,1131
TR,eth_x_pell,hispanic_latino,pell,all,2003,ttd_mean,2.66,
TR,eth_x_pell,hispanic_latino,pell,all,2004,grad2,41.8,1104
TR,eth_x_pell,hispanic_latino,pell,all,2004,grad3,73.8,1104
TR,eth_x_pell,hispanic_latino,pell,all,2004,grad4,81.3,1104
TR,eth_x_pell,hispanic_latino,pell,all,2004,grad5p,84.1,1104
TR,eth_x_pell,hispanic_latino,pell,all,2004,gradgpa_mean,3.101,929
TR,eth_x_pell,hispanic_latino,pell,all,2004,ret1,90.6,1104
TR,eth_x_pell,hispanic_latino,pell,all,2004,ttd_mean,2.61,
TR,eth_x_pell,hispanic_latino,pell,all,2005,grad2,42.0,1099
TR,eth_x_pell,hispanic_latino,pell,all,2005,grad3,74.2,1099
TR,eth_x_pell,hispanic_latino,pell,all,2005,grad4,81.6,1099
TR,eth_x_pell,hispanic_latino,pell,all,2005,grad5p,84.1,1099
TR,eth_x_pell,hispanic_latino,pell,all,2005,gradgpa_mean,3.116,924
TR,eth_x_pell,hispanic_latino,pell,all,2005,ret1,92.6,1099
TR,eth_x_pell,hispanic_latino,pell,all,2005,ttd_mean,2.61,
TR,eth_x_pell,hispanic_latino,pell,all,2006,grad2,39.8,1120
TR,eth_x_pell,hispanic_latino,pell,all,2006,grad3,72.8,1120
TR,eth_x_pell,hispanic_latino,pell,all,2006,grad4,81.0,1120
TR,eth_x_pell,hispanic_latino,pell,all,2006,grad5p,83.8,1120
TR,eth_x_pell,hispanic_latino,pell,all,2006,gradgpa_mean,3.196,939
TR,eth_x_pell,hispanic_latino,pell,all,2006,ret1,92.9,1120
TR,eth_x_pell,hispanic_latino,pell,all,2006,ttd_mean,2.66,
TR,eth_x_pell,hispanic_latino,pell,all,2007,grad2,38.1,1214
TR,eth_x_pell,hispanic_latino,pell,all,2007,grad3,72.2,1214
TR,eth_x_pell,hispanic_latino,pell,all,2007,grad4,80.4,1214
TR,eth_x_pell,hispanic_latino,pell,all,2007,grad5p,83.9,1214
TR,eth_x_pell,hispanic_latino,pell,all,2007,gradgpa_mean,3.14,1018
TR,eth_x_pell,hispanic_latino,pell,all,2007,ret1,91.3,1214
TR,eth_x_pell,hispanic_latino,pell,all,2007,ttd_mean,2.68,
TR,eth_x_pell,hispanic_latino,pell,all,2008,grad2,38.9,1355
TR,eth_x_pell,hispanic_latino,pell,all,2008,grad3,75.4,1355
TR,eth_x_pell,hispanic_latino,pell,all,2008,grad4,84.1,1355
TR,eth_x_pell,hispanic_latino,pell,all,2008,grad5p,86.3,1355
TR,eth_x_pell,hispanic_latino,pell,all,2008,gradgpa_mean,3.12,1169
TR,eth_x_pell,hispanic_latino,pell,all,2008,ret1,92.7,1355
TR,eth_x_pell,hispanic_latino,pell,all,2008,ttd_mean,2.66,
TR,eth_x_pell,hispanic_latino,pell,all,2009,grad2,42.9,1613
TR,eth_x_pell,hispanic_latino,pell,all,2009,grad3,76.4,1613
TR,eth_x_pell,hispanic_latino,pell,all,2009,grad4,83.3,1613
TR,eth_x_pell,hispanic_latino,pell,all,2009,grad5p,85.8,1613
TR,eth_x_pell,hispanic_latino,pell,all,2009,gradgpa_mean,3.139,1384
TR,eth_x_pell,hispanic_latino,pell,all,2009,ret1,91.3,1613
TR,eth_x_pell,hispanic_latino,pell,all,2009,ttd_mean,2.59,
TR,eth_x_pell,hispanic_latino,pell,all,2010,grad2,43.4,1970
TR,eth_x_pell,hispanic_latino,pell,all,2010,grad3,77.1,1970
TR,eth_x_pell,hispanic_latino,pell,all,2010,grad4,83.4,1970
TR,eth_x_pell,hispanic_latino,pell,all,2010,grad5p,85.1,1970
TR,eth_x_pell,hispanic_latino,pell,all,2010,gradgpa_mean,3.15,1677
TR,eth_x_pell,hispanic_latino,pell,all,2010,ret1,91.8,1970
TR,eth_x_pell,hispanic_latino,pell,all,2010,ttd_mean,2.56,
TR,eth_x_pell,hispanic_latino,pell,all,2011,grad2,46.8,2225
TR,eth_x_pell,hispanic_latino,pell,all,2011,grad3,79.5,2225
TR,eth_x_pell,hispanic_latino,pell,all,2011,grad4,85.9,2225
TR,eth_x_pell,hispanic_latino,pell,all,2011,grad5p,87.6,2225
TR,eth_x_pell,hispanic_latino,pell,all,2011,gradgpa_mean,3.156,1950
TR,eth_x_pell,hispanic_latino,pell,all,2011,ret1,92.8,2225
TR,eth_x_pell,hispanic_latino,pell,all,2011,ttd_mean,2.54,
TR,eth_x_pell,hispanic_latino,pell,all,2012,grad2,47.9,2219
TR,eth_x_pell,hispanic_latino,pell,all,2012,grad3,80.7,2219
TR,eth_x_pell,hispanic_latino,pell,all,2012,grad4,86.1,2219
TR,eth_x_pell,hispanic_latino,pell,all,2012,grad5p,87.9,2219
TR,eth_x_pell,hispanic_latino,pell,all,2012,gradgpa_mean,3.17,1950
TR,eth_x_pell,hispanic_latino,pell,all,2012,ret1,92.9,2219
TR,eth_x_pell,hispanic_latino,pell,all,2012,ttd_mean,2.48,
TR,eth_x_pell,hispanic_latino,pell,all,2013,grad2,47.0,2471
TR,eth_x_pell,hispanic_latino,pell,all,2013,grad3,79.2,2471
TR,eth_x_pell,hispanic_latino,pell,all,2013,grad4,85.9,2471
TR,eth_x_pell,hispanic_latino,pell,all,2013,grad5p,87.8,2471
TR,eth_x_pell,hispanic_latino,pell,all,2013,gradgpa_mean,3.166,2169
TR,eth_x_pell,hispanic_latino,pell,all,2013,ret1,93.1,2471
TR,eth_x_pell,hispanic_latino,pell,all,2013,ttd_mean,2.52,
TR,eth_x_pell,hispanic_latino,pell,all,2014,grad2,48.3,2610
TR,eth_x_pell,hispanic_latino,pell,all,2014,grad3,81.1,2610
TR,eth_x_pell,hispanic_latino,pell,all,2014,grad4,86.7,2610
TR,eth_x_pell,hispanic_latino,pell,all,2014,grad5p,88.3,2610
TR,eth_x_pell,hispanic_latino,pell,all,2014,gradgpa_mean,3.205,2304
TR,eth_x_pell,hispanic_latino,pell,all,2014,ret1,93.1,2610
TR,eth_x_pell,hispanic_latino,pell,all,2014,ttd_mean,2.49,
TR,eth_x_pell,hispanic_latino,pell,all,2015,grad2,50.7,2526
TR,eth_x_pell,hispanic_latino,pell,all,2015,grad3,80.5,2526
TR,eth_x_pell,hispanic_latino,pell,all,2015,grad4,86.0,2526
TR,eth_x_pell,hispanic_latino,pell,all,2015,grad5p,87.8,2526
TR,eth_x_pell,hispanic_latino,pell,all,2015,gradgpa_mean,3.196,2218
TR,eth_x_pell,hispanic_latino,pell,all,2015,ret1,92.9,2526
TR,eth_x_pell,hispanic_latino,pell,all,2015,ttd_mean,2.49,
TR,eth_x_pell,hispanic_latino,pell,all,2016,grad2,51.1,3025
TR,eth_x_pell,hispanic_latino,pell,all,2016,grad3,79.9,3025
TR,eth_x_pell,hispanic_latino,pell,all,2016,grad4,85.5,3025
TR,eth_x_pell,hispanic_latino,pell,all,2016,grad5p,87.4,3025
TR,eth_x_pell,hispanic_latino,pell,all,2016,gradgpa_mean,3.22,2645
TR,eth_x_pell,hispanic_latino,pell,all,2016,ret1,92.0,3025
TR,eth_x_pell,hispanic_latino,pell,all,2016,ttd_mean,2.46,
TR,eth_x_pell,hispanic_latino,pell,all,2017,grad2,51.6,3361
TR,eth_x_pell,hispanic_latino,pell,all,2017,grad3,80.7,3361
TR,eth_x_pell,hispanic_latino,pell,all,2017,grad4,86.5,3361
TR,eth_x_pell,hispanic_latino,pell,all,2017,grad5p,88.0,3361
TR,eth_x_pell,hispanic_latino,pell,all,2017,gradgpa_mean,3.231,2956
TR,eth_x_pell,hispanic_latino,pell,all,2017,ret1,92.3,3361
TR,eth_x_pell,hispanic_latino,pell,all,2017,ttd_mean,2.45,
TR,eth_x_pell,hispanic_latino,pell,all,2018,grad2,54.4,3606
TR,eth_x_pell,hispanic_latino,pell,all,2018,grad3,81.8,3606
TR,eth_x_pell,hispanic_latino,pell,all,2018,grad4,86.2,3606
TR,eth_x_pell,hispanic_latino,pell,all,2018,grad5p,87.5,3606
TR,eth_x_pell,hispanic_latino,pell,all,2018,gradgpa_mean,3.35,3155
TR,eth_x_pell,hispanic_latino,pell,all,2018,ret1,92.2,3606
TR,eth_x_pell,hispanic_latino,pell,all,2018,ttd_mean,2.41,
TR,eth_x_pell,hispanic_latino,pell,all,2019,grad2,55.5,3457
TR,eth_x_pell,hispanic_latino,pell,all,2019,grad3,81.2,3457
TR,eth_x_pell,hispanic_latino,pell,all,2019,grad4,86.5,3457
TR,eth_x_pell,hispanic_latino,pell,all,2019,grad5p,88.5,3457
TR,eth_x_pell,hispanic_latino,pell,all,2019,gradgpa_mean,3.34,3061
TR,eth_x_pell,hispanic_latino,pell,all,2019,ret1,92.9,3457
TR,eth_x_pell,hispanic_latino,pell,all,2020,grad2,54.2,3549
TR,eth_x_pell,hispanic_latino,pell,all,2020,grad3,78.2,3549
TR,eth_x_pell,hispanic_latino,pell,all,2020,grad4,83.2,3549
TR,eth_x_pell,hispanic_latino,pell,all,2020,grad5p,84.9,3549
TR,eth_x_pell,hispanic_latino,pell,all,2020,gradgpa_mean,3.327,3013
TR,eth_x_pell,hispanic_latino,pell,all,2020,ret1,91.0,3549
TR,eth_x_pell,hispanic_latino,pell,all,2021,grad2,58.4,3467
TR,eth_x_pell,hispanic_latino,pell,all,2021,grad3,82.1,3467
TR,eth_x_pell,hispanic_latino,pell,all,2021,grad4,86.2,3467
TR,eth_x_pell,hispanic_latino,pell,all,2021,gradgpa_mean,3.283,2990
TR,eth_x_pell,hispanic_latino,pell,all,2021,ret1,92.5,3467
TR,eth_x_pell,hispanic_latino,pell,all,2022,grad2,59.5,3030
TR,eth_x_pell,hispanic_latino,pell,all,2022,grad3,82.6,3030
TR,eth_x_pell,hispanic_latino,pell,all,2022,gradgpa_mean,3.311,2503
TR,eth_x_pell,hispanic_latino,pell,all,2022,ret1,94.0,3030
TR,eth_x_pell,hispanic_latino,pell,all,2023,grad2,64.6,3125
TR,eth_x_pell,hispanic_latino,pell,all,2023,gradgpa_mean,3.39,2018
TR,eth_x_pell,hispanic_latino,pell,all,2023,ret1,94.8,3125
TR,eth_x_pell,hispanic_latino,pell,all,2024,ret1,94.3,3046
TR,eth_x_pell,international,non_pell,all,2003,grad2,61.7,1035
TR,eth_x_pell,international,non_pell,all,2003,grad3,86.5,1035
TR,eth_x_pell,international,non_pell,all,2003,grad4,90.5,1035
TR,eth_x_pell,international,non_pell,all,2003,grad5p,91.5,1035
TR,eth_x_pell,international,non_pell,all,2003,gradgpa_mean,3.134,947
TR,eth_x_pell,international,non_pell,all,2003,ret1,92.0,1035
TR,eth_x_pell,international,non_pell,all,2003,ttd_mean,2.21,
TR,eth_x_pell,international,non_pell,all,2004,grad2,63.2,988
TR,eth_x_pell,international,non_pell,all,2004,grad3,86.9,988
TR,eth_x_pell,international,non_pell,all,2004,grad4,89.6,988
TR,eth_x_pell,international,non_pell,all,2004,grad5p,90.6,988
TR,eth_x_pell,international,non_pell,all,2004,gradgpa_mean,3.148,895
TR,eth_x_pell,international,non_pell,all,2004,ret1,91.9,988
TR,eth_x_pell,international,non_pell,all,2004,ttd_mean,2.2,
TR,eth_x_pell,international,non_pell,all,2005,grad2,61.3,870
TR,eth_x_pell,international,non_pell,all,2005,grad3,84.3,870
TR,eth_x_pell,international,non_pell,all,2005,grad4,88.4,870
TR,eth_x_pell,international,non_pell,all,2005,grad5p,90.2,870
TR,eth_x_pell,international,non_pell,all,2005,gradgpa_mean,3.164,785
TR,eth_x_pell,international,non_pell,all,2005,ret1,89.8,870
TR,eth_x_pell,international,non_pell,all,2005,ttd_mean,2.28,
TR,eth_x_pell,international,non_pell,all,2006,grad2,65.6,840
TR,eth_x_pell,international,non_pell,all,2006,grad3,88.1,840
TR,eth_x_pell,international,non_pell,all,2006,grad4,90.6,840
TR,eth_x_pell,international,non_pell,all,2006,grad5p,92.4,840
TR,eth_x_pell,international,non_pell,all,2006,gradgpa_mean,3.203,776
TR,eth_x_pell,international,non_pell,all,2006,ret1,92.5,840
TR,eth_x_pell,international,non_pell,all,2006,ttd_mean,2.21,
TR,eth_x_pell,international,non_pell,all,2007,grad2,62.7,925
TR,eth_x_pell,international,non_pell,all,2007,grad3,84.8,925
TR,eth_x_pell,international,non_pell,all,2007,grad4,89.1,925
TR,eth_x_pell,international,non_pell,all,2007,grad5p,90.5,925
TR,eth_x_pell,international,non_pell,all,2007,gradgpa_mean,3.105,837
TR,eth_x_pell,international,non_pell,all,2007,ret1,90.6,925
TR,eth_x_pell,international,non_pell,all,2007,ttd_mean,2.25,
TR,eth_x_pell,international,non_pell,all,2008,grad2,63.2,1116
TR,eth_x_pell,international,non_pell,all,2008,grad3,84.6,1116
TR,eth_x_pell,international,non_pell,all,2008,grad4,87.5,1116
TR,eth_x_pell,international,non_pell,all,2008,grad5p,89.1,1116
TR,eth_x_pell,international,non_pell,all,2008,gradgpa_mean,3.159,994
TR,eth_x_pell,international,non_pell,all,2008,ret1,90.1,1116
TR,eth_x_pell,international,non_pell,all,2008,ttd_mean,2.21,
TR,eth_x_pell,international,non_pell,all,2009,grad2,62.8,1308
TR,eth_x_pell,international,non_pell,all,2009,grad3,84.6,1308
TR,eth_x_pell,international,non_pell,all,2009,grad4,87.7,1308
TR,eth_x_pell,international,non_pell,all,2009,grad5p,89.8,1308
TR,eth_x_pell,international,non_pell,all,2009,gradgpa_mean,3.166,1175
TR,eth_x_pell,international,non_pell,all,2009,ret1,89.1,1308
TR,eth_x_pell,international,non_pell,all,2009,ttd_mean,2.24,
TR,eth_x_pell,international,non_pell,all,2010,grad2,67.5,1497
TR,eth_x_pell,international,non_pell,all,2010,grad3,87.4,1497
TR,eth_x_pell,international,non_pell,all,2010,grad4,90.7,1497
TR,eth_x_pell,international,non_pell,all,2010,grad5p,92.8,1497
TR,eth_x_pell,international,non_pell,all,2010,gradgpa_mean,3.188,1389
TR,eth_x_pell,international,non_pell,all,2010,ret1,90.0,1497
TR,eth_x_pell,international,non_pell,all,2010,ttd_mean,2.2,
TR,eth_x_pell,international,non_pell,all,2011,grad2,62.3,1694
TR,eth_x_pell,international,non_pell,all,2011,grad3,84.8,1694
TR,eth_x_pell,international,non_pell,all,2011,grad4,89.3,1694
TR,eth_x_pell,international,non_pell,all,2011,grad5p,91.6,1694
TR,eth_x_pell,international,non_pell,all,2011,gradgpa_mean,3.12,1552
TR,eth_x_pell,international,non_pell,all,2011,ret1,88.9,1694
TR,eth_x_pell,international,non_pell,all,2011,ttd_mean,2.26,
TR,eth_x_pell,international,non_pell,all,2012,grad2,61.7,1873
TR,eth_x_pell,international,non_pell,all,2012,grad3,84.0,1873
TR,eth_x_pell,international,non_pell,all,2012,grad4,87.0,1873
TR,eth_x_pell,international,non_pell,all,2012,grad5p,89.7,1873
TR,eth_x_pell,international,non_pell,all,2012,gradgpa_mean,3.115,1680
TR,eth_x_pell,international,non_pell,all,2012,ret1,89.3,1873
TR,eth_x_pell,international,non_pell,all,2012,ttd_mean,2.29,
TR,eth_x_pell,international,non_pell,all,2013,grad2,64.3,2235
TR,eth_x_pell,international,non_pell,all,2013,grad3,86.4,2235
TR,eth_x_pell,international,non_pell,all,2013,grad4,89.8,2235
TR,eth_x_pell,international,non_pell,all,2013,grad5p,92.1,2235
TR,eth_x_pell,international,non_pell,all,2013,gradgpa_mean,3.16,2058
TR,eth_x_pell,international,non_pell,all,2013,ret1,91.5,2235
TR,eth_x_pell,international,non_pell,all,2013,ttd_mean,2.27,
TR,eth_x_pell,international,non_pell,all,2014,grad2,66.6,2356
TR,eth_x_pell,international,non_pell,all,2014,grad3,87.7,2356
TR,eth_x_pell,international,non_pell,all,2014,grad4,91.0,2356
TR,eth_x_pell,international,non_pell,all,2014,grad5p,92.5,2356
TR,eth_x_pell,international,non_pell,all,2014,gradgpa_mean,3.174,2180
TR,eth_x_pell,international,non_pell,all,2014,ret1,91.6,2356
TR,eth_x_pell,international,non_pell,all,2014,ttd_mean,2.23,
TR,eth_x_pell,international,non_pell,all,2015,grad2,66.2,2506
TR,eth_x_pell,international,non_pell,all,2015,grad3,86.9,2506
TR,eth_x_pell,international,non_pell,all,2015,grad4,89.9,2506
TR,eth_x_pell,international,non_pell,all,2015,grad5p,91.4,2506
TR,eth_x_pell,international,non_pell,all,2015,gradgpa_mean,3.202,2291
TR,eth_x_pell,international,non_pell,all,2015,ret1,90.1,2506
TR,eth_x_pell,international,non_pell,all,2015,ttd_mean,2.2,
TR,eth_x_pell,international,non_pell,all,2016,grad2,66.5,2792
TR,eth_x_pell,international,non_pell,all,2016,grad3,87.2,2792
TR,eth_x_pell,international,non_pell,all,2016,grad4,90.4,2792
TR,eth_x_pell,international,non_pell,all,2016,grad5p,91.7,2792
TR,eth_x_pell,international,non_pell,all,2016,gradgpa_mean,3.187,2561
TR,eth_x_pell,international,non_pell,all,2016,ret1,90.7,2792
TR,eth_x_pell,international,non_pell,all,2016,ttd_mean,2.19,
TR,eth_x_pell,international,non_pell,all,2017,grad2,69.3,2770
TR,eth_x_pell,international,non_pell,all,2017,grad3,88.9,2770
TR,eth_x_pell,international,non_pell,all,2017,grad4,91.6,2770
TR,eth_x_pell,international,non_pell,all,2017,grad5p,92.5,2770
TR,eth_x_pell,international,non_pell,all,2017,gradgpa_mean,3.23,2562
TR,eth_x_pell,international,non_pell,all,2017,ret1,91.8,2770
TR,eth_x_pell,international,non_pell,all,2017,ttd_mean,2.16,
TR,eth_x_pell,international,non_pell,all,2018,grad2,70.9,3003
TR,eth_x_pell,international,non_pell,all,2018,grad3,89.0,3003
TR,eth_x_pell,international,non_pell,all,2018,grad4,91.1,3003
TR,eth_x_pell,international,non_pell,all,2018,grad5p,92.5,3003
TR,eth_x_pell,international,non_pell,all,2018,gradgpa_mean,3.334,2777
TR,eth_x_pell,international,non_pell,all,2018,ret1,91.6,3003
TR,eth_x_pell,international,non_pell,all,2018,ttd_mean,2.11,
TR,eth_x_pell,international,non_pell,all,2019,grad2,69.9,2946
TR,eth_x_pell,international,non_pell,all,2019,grad3,87.4,2946
TR,eth_x_pell,international,non_pell,all,2019,grad4,90.4,2946
TR,eth_x_pell,international,non_pell,all,2019,grad5p,91.8,2946
TR,eth_x_pell,international,non_pell,all,2019,gradgpa_mean,3.398,2705
TR,eth_x_pell,international,non_pell,all,2019,ret1,89.4,2946
TR,eth_x_pell,international,non_pell,all,2020,grad2,63.8,2869
TR,eth_x_pell,international,non_pell,all,2020,grad3,84.3,2869
TR,eth_x_pell,international,non_pell,all,2020,grad4,88.6,2869
TR,eth_x_pell,international,non_pell,all,2020,grad5p,90.5,2869
TR,eth_x_pell,international,non_pell,all,2020,gradgpa_mean,3.35,2596
TR,eth_x_pell,international,non_pell,all,2020,ret1,84.1,2869
TR,eth_x_pell,international,non_pell,all,2021,grad2,67.6,2614
TR,eth_x_pell,international,non_pell,all,2021,grad3,86.3,2614
TR,eth_x_pell,international,non_pell,all,2021,grad4,89.4,2614
TR,eth_x_pell,international,non_pell,all,2021,gradgpa_mean,3.385,2338
TR,eth_x_pell,international,non_pell,all,2021,ret1,90.1,2614
TR,eth_x_pell,international,non_pell,all,2022,grad2,66.8,1688
TR,eth_x_pell,international,non_pell,all,2022,grad3,86.1,1688
TR,eth_x_pell,international,non_pell,all,2022,gradgpa_mean,3.378,1453
TR,eth_x_pell,international,non_pell,all,2022,ret1,90.9,1688
TR,eth_x_pell,international,non_pell,all,2023,grad2,66.4,1514
TR,eth_x_pell,international,non_pell,all,2023,gradgpa_mean,3.44,1006
TR,eth_x_pell,international,non_pell,all,2023,ret1,89.6,1514
TR,eth_x_pell,international,non_pell,all,2024,ret1,88.4,1658
TR,eth_x_pell,international,pell,all,2003,grad2,30.3,33
TR,eth_x_pell,international,pell,all,2003,grad3,72.7,33
TR,eth_x_pell,international,pell,all,2003,grad4,87.9,33
TR,eth_x_pell,international,pell,all,2003,grad5p,90.9,33
TR,eth_x_pell,international,pell,all,2003,gradgpa_mean,3.082,24
TR,eth_x_pell,international,pell,all,2003,ret1,81.8,33
TR,eth_x_pell,international,pell,all,2003,ttd_mean,2.68,
TR,eth_x_pell,international,pell,all,2004,grad2,34.5,29
TR,eth_x_pell,international,pell,all,2004,grad3,69.0,29
TR,eth_x_pell,international,pell,all,2004,grad4,82.8,29
TR,eth_x_pell,international,pell,all,2004,grad5p,82.8,29
TR,eth_x_pell,international,pell,all,2004,gradgpa_mean,3.445,20
TR,eth_x_pell,international,pell,all,2004,ret1,89.7,29
TR,eth_x_pell,international,pell,all,2004,ttd_mean,2.67,
TR,eth_x_pell,international,pell,all,2005,grad2,47.4,19
TR,eth_x_pell,international,pell,all,2005,grad3,73.7,19
TR,eth_x_pell,international,pell,all,2005,grad4,73.7,19
TR,eth_x_pell,international,pell,all,2005,grad5p,73.7,19
TR,eth_x_pell,international,pell,all,2005,ret1,78.9,19
TR,eth_x_pell,international,pell,all,2005,ttd_mean,2.5,
TR,eth_x_pell,international,pell,all,2006,grad2,38.5,26
TR,eth_x_pell,international,pell,all,2006,grad3,76.9,26
TR,eth_x_pell,international,pell,all,2006,grad4,80.8,26
TR,eth_x_pell,international,pell,all,2006,grad5p,96.2,26
TR,eth_x_pell,international,pell,all,2006,gradgpa_mean,3.295,20
TR,eth_x_pell,international,pell,all,2006,ret1,80.8,26
TR,eth_x_pell,international,pell,all,2006,ttd_mean,2.85,
TR,eth_x_pell,international,pell,all,2007,grad2,18.4,38
TR,eth_x_pell,international,pell,all,2007,grad3,65.8,38
TR,eth_x_pell,international,pell,all,2007,grad4,73.7,38
TR,eth_x_pell,international,pell,all,2007,grad5p,86.8,38
TR,eth_x_pell,international,pell,all,2007,gradgpa_mean,3.13,18
TR,eth_x_pell,international,pell,all,2007,ret1,94.7,38
TR,eth_x_pell,international,pell,all,2007,ttd_mean,3.15,
TR,eth_x_pell,international,pell,all,2008,grad2,19.5,41
TR,eth_x_pell,international,pell,all,2008,grad3,61.0,41
TR,eth_x_pell,international,pell,all,2008,grad4,68.3,41
TR,eth_x_pell,international,pell,all,2008,grad5p,73.2,41
TR,eth_x_pell,international,pell,all,2008,gradgpa_mean,3.33,17
TR,eth_x_pell,international,pell,all,2008,ret1,78.0,41
TR,eth_x_pell,international,pell,all,2008,ttd_mean,3.36,
TR,eth_x_pell,international,pell,all,2009,grad2,55.2,29
TR,eth_x_pell,international,pell,all,2009,grad3,79.3,29
TR,eth_x_pell,international,pell,all,2009,grad4,86.2,29
TR,eth_x_pell,international,pell,all,2009,grad5p,93.1,29
TR,eth_x_pell,international,pell,all,2009,gradgpa_mean,3.16,16
TR,eth_x_pell,international,pell,all,2009,ret1,79.3,29
TR,eth_x_pell,international,pell,all,2009,ttd_mean,2.54,
TR,eth_x_pell,international,pell,all,2010,grad2,26.2,42
TR,eth_x_pell,international,pell,all,2010,grad3,71.4,42
TR,eth_x_pell,international,pell,all,2010,grad4,83.3,42
TR,eth_x_pell,international,pell,all,2010,grad5p,90.5,42
TR,eth_x_pell,international,pell,all,2010,gradgpa_mean,3.438,30
TR,eth_x_pell,international,pell,all,2010,ret1,78.6,42
TR,eth_x_pell,international,pell,all,2010,ttd_mean,2.86,
TR,eth_x_pell,international,pell,all,2011,grad2,34.2,38
TR,eth_x_pell,international,pell,all,2011,grad3,68.4,38
TR,eth_x_pell,international,pell,all,2011,grad4,78.9,38
TR,eth_x_pell,international,pell,all,2011,grad5p,92.1,38
TR,eth_x_pell,international,pell,all,2011,gradgpa_mean,3.185,26
TR,eth_x_pell,international,pell,all,2011,ret1,84.2,38
TR,eth_x_pell,international,pell,all,2011,ttd_mean,3.1,
TR,eth_x_pell,international,pell,all,2012,grad2,29.7,37
TR,eth_x_pell,international,pell,all,2012,grad3,62.2,37
TR,eth_x_pell,international,pell,all,2012,grad4,78.4,37
TR,eth_x_pell,international,pell,all,2012,grad5p,83.8,37
TR,eth_x_pell,international,pell,all,2012,gradgpa_mean,3.17,23
TR,eth_x_pell,international,pell,all,2012,ret1,70.3,37
TR,eth_x_pell,international,pell,all,2012,ttd_mean,3.11,
TR,eth_x_pell,international,pell,all,2013,grad2,27.5,40
TR,eth_x_pell,international,pell,all,2013,grad3,72.5,40
TR,eth_x_pell,international,pell,all,2013,grad4,80.0,40
TR,eth_x_pell,international,pell,all,2013,grad5p,87.5,40
TR,eth_x_pell,international,pell,all,2013,gradgpa_mean,3.221,29
TR,eth_x_pell,international,pell,all,2013,ret1,72.5,40
TR,eth_x_pell,international,pell,all,2013,ttd_mean,2.99,
TR,eth_x_pell,international,pell,all,2014,grad2,35.3,34
TR,eth_x_pell,international,pell,all,2014,grad3,58.8,34
TR,eth_x_pell,international,pell,all,2014,grad4,76.5,34
TR,eth_x_pell,international,pell,all,2014,grad5p,82.4,34
TR,eth_x_pell,international,pell,all,2014,gradgpa_mean,3.73,12
TR,eth_x_pell,international,pell,all,2014,ret1,79.4,34
TR,eth_x_pell,international,pell,all,2014,ttd_mean,2.96,
TR,eth_x_pell,international,pell,all,2015,grad2,27.9,43
TR,eth_x_pell,international,pell,all,2015,grad3,67.4,43
TR,eth_x_pell,international,pell,all,2015,grad4,83.7,43
TR,eth_x_pell,international,pell,all,2015,grad5p,86.0,43
TR,eth_x_pell,international,pell,all,2015,gradgpa_mean,3.403,29
TR,eth_x_pell,international,pell,all,2015,ret1,67.4,43
TR,eth_x_pell,international,pell,all,2015,ttd_mean,3.06,
TR,eth_x_pell,international,pell,all,2016,grad2,35.7,28
TR,eth_x_pell,international,pell,all,2016,grad3,75.0,28
TR,eth_x_pell,international,pell,all,2016,grad4,78.6,28
TR,eth_x_pell,international,pell,all,2016,grad5p,85.7,28
TR,eth_x_pell,international,pell,all,2016,gradgpa_mean,3.442,21
TR,eth_x_pell,international,pell,all,2016,ret1,85.7,28
TR,eth_x_pell,international,pell,all,2016,ttd_mean,3.04,
TR,eth_x_pell,international,pell,all,2017,grad2,26.7,30
TR,eth_x_pell,international,pell,all,2017,grad3,63.3,30
TR,eth_x_pell,international,pell,all,2017,grad4,80.0,30
TR,eth_x_pell,international,pell,all,2017,grad5p,93.3,30
TR,eth_x_pell,international,pell,all,2017,gradgpa_mean,3.52,11
TR,eth_x_pell,international,pell,all,2017,ret1,76.7,30
TR,eth_x_pell,international,pell,all,2017,ttd_mean,2.98,
TR,eth_x_pell,international,pell,all,2018,grad2,50.0,40
TR,eth_x_pell,international,pell,all,2018,grad3,77.5,40
TR,eth_x_pell,international,pell,all,2018,grad4,92.5,40
TR,eth_x_pell,international,pell,all,2018,grad5p,97.5,40
TR,eth_x_pell,international,pell,all,2018,gradgpa_mean,3.39,31
TR,eth_x_pell,international,pell,all,2018,ret1,75.0,40
TR,eth_x_pell,international,pell,all,2018,ttd_mean,2.64,
TR,eth_x_pell,international,pell,all,2019,grad2,40.0,25
TR,eth_x_pell,international,pell,all,2019,grad3,56.0,25
TR,eth_x_pell,international,pell,all,2019,grad4,84.0,25
TR,eth_x_pell,international,pell,all,2019,grad5p,88.0,25
TR,eth_x_pell,international,pell,all,2019,gradgpa_mean,3.42,10
TR,eth_x_pell,international,pell,all,2019,ret1,72.0,25
TR,eth_x_pell,international,pell,all,2020,grad2,56.5,23
TR,eth_x_pell,international,pell,all,2020,grad3,73.9,23
TR,eth_x_pell,international,pell,all,2020,grad4,78.3,23
TR,eth_x_pell,international,pell,all,2020,grad5p,82.6,23
TR,eth_x_pell,international,pell,all,2020,gradgpa_mean,3.54,13
TR,eth_x_pell,international,pell,all,2020,ret1,82.6,23
TR,eth_x_pell,international,pell,all,2021,grad2,32.1,28
TR,eth_x_pell,international,pell,all,2021,grad3,75.0,28
TR,eth_x_pell,international,pell,all,2021,grad4,96.4,28
TR,eth_x_pell,international,pell,all,2021,gradgpa_mean,3.57,12
TR,eth_x_pell,international,pell,all,2021,ret1,92.9,28
TR,eth_x_pell,international,pell,all,2022,grad2,31.6,19
TR,eth_x_pell,international,pell,all,2022,grad3,63.2,19
TR,eth_x_pell,international,pell,all,2022,ret1,89.5,19
TR,eth_x_pell,international,pell,all,2023,grad2,41.7,12
TR,eth_x_pell,international,pell,all,2023,ret1,100.0,12
TR,eth_x_pell,unknown,non_pell,all,2003,grad2,49.9,729
TR,eth_x_pell,unknown,non_pell,all,2003,grad3,77.2,729
TR,eth_x_pell,unknown,non_pell,all,2003,grad4,82.3,729
TR,eth_x_pell,unknown,non_pell,all,2003,grad5p,84.1,729
TR,eth_x_pell,unknown,non_pell,all,2003,gradgpa_mean,3.207,613
TR,eth_x_pell,unknown,non_pell,all,2003,ret1,87.5,729
TR,eth_x_pell,unknown,non_pell,all,2003,ttd_mean,2.41,
TR,eth_x_pell,unknown,non_pell,all,2004,grad2,56.2,719
TR,eth_x_pell,unknown,non_pell,all,2004,grad3,81.5,719
TR,eth_x_pell,unknown,non_pell,all,2004,grad4,87.2,719
TR,eth_x_pell,unknown,non_pell,all,2004,grad5p,88.7,719
TR,eth_x_pell,unknown,non_pell,all,2004,gradgpa_mean,3.232,638
TR,eth_x_pell,unknown,non_pell,all,2004,ret1,89.6,719
TR,eth_x_pell,unknown,non_pell,all,2004,ttd_mean,2.37,
TR,eth_x_pell,unknown,non_pell,all,2005,grad2,52.2,627
TR,eth_x_pell,unknown,non_pell,all,2005,grad3,78.8,627
TR,eth_x_pell,unknown,non_pell,all,2005,grad4,85.2,627
TR,eth_x_pell,unknown,non_pell,all,2005,grad5p,86.8,627
TR,eth_x_pell,unknown,non_pell,all,2005,gradgpa_mean,3.252,544
TR,eth_x_pell,unknown,non_pell,all,2005,ret1,90.4,627
TR,eth_x_pell,unknown,non_pell,all,2005,ttd_mean,2.41,
TR,eth_x_pell,unknown,non_pell,all,2006,grad2,49.3,609
TR,eth_x_pell,unknown,non_pell,all,2006,grad3,80.0,609
TR,eth_x_pell,unknown,non_pell,all,2006,grad4,85.9,609
TR,eth_x_pell,unknown,non_pell,all,2006,grad5p,87.4,609
TR,eth_x_pell,unknown,non_pell,all,2006,gradgpa_mean,3.215,523
TR,eth_x_pell,unknown,non_pell,all,2006,ret1,87.8,609
TR,eth_x_pell,unknown,non_pell,all,2006,ttd_mean,2.43,
TR,eth_x_pell,unknown,non_pell,all,2007,grad2,55.3,552
TR,eth_x_pell,unknown,non_pell,all,2007,grad3,81.3,552
TR,eth_x_pell,unknown,non_pell,all,2007,grad4,88.0,552
TR,eth_x_pell,unknown,non_pell,all,2007,grad5p,89.3,552
TR,eth_x_pell,unknown,non_pell,all,2007,gradgpa_mean,3.263,486
TR,eth_x_pell,unknown,non_pell,all,2007,ret1,91.7,552
TR,eth_x_pell,unknown,non_pell,all,2007,ttd_mean,2.34,
TR,eth_x_pell,unknown,non_pell,all,2008,grad2,59.6,530
TR,eth_x_pell,unknown,non_pell,all,2008,grad3,83.2,530
TR,eth_x_pell,unknown,non_pell,all,2008,grad4,87.0,530
TR,eth_x_pell,unknown,non_pell,all,2008,grad5p,88.5,530
TR,eth_x_pell,unknown,non_pell,all,2008,gradgpa_mean,3.295,461
TR,eth_x_pell,unknown,non_pell,all,2008,ret1,92.6,530
TR,eth_x_pell,unknown,non_pell,all,2008,ttd_mean,2.31,
TR,eth_x_pell,unknown,non_pell,all,2009,grad2,59.7,494
TR,eth_x_pell,unknown,non_pell,all,2009,grad3,82.8,494
TR,eth_x_pell,unknown,non_pell,all,2009,grad4,86.4,494
TR,eth_x_pell,unknown,non_pell,all,2009,grad5p,87.7,494
TR,eth_x_pell,unknown,non_pell,all,2009,gradgpa_mean,3.276,427
TR,eth_x_pell,unknown,non_pell,all,2009,ret1,88.5,494
TR,eth_x_pell,unknown,non_pell,all,2009,ttd_mean,2.26,
TR,eth_x_pell,unknown,non_pell,all,2010,grad2,60.2,561
TR,eth_x_pell,unknown,non_pell,all,2010,grad3,83.2,561
TR,eth_x_pell,unknown,non_pell,all,2010,grad4,87.3,561
TR,eth_x_pell,unknown,non_pell,all,2010,grad5p,88.4,561
TR,eth_x_pell,unknown,non_pell,all,2010,gradgpa_mean,3.235,490
TR,eth_x_pell,unknown,non_pell,all,2010,ret1,91.3,561
TR,eth_x_pell,unknown,non_pell,all,2010,ttd_mean,2.28,
TR,eth_x_pell,unknown,non_pell,all,2011,grad2,62.3,260
TR,eth_x_pell,unknown,non_pell,all,2011,grad3,85.8,260
TR,eth_x_pell,unknown,non_pell,all,2011,grad4,89.6,260
TR,eth_x_pell,unknown,non_pell,all,2011,grad5p,90.0,260
TR,eth_x_pell,unknown,non_pell,all,2011,gradgpa_mean,3.275,233
TR,eth_x_pell,unknown,non_pell,all,2011,ret1,90.8,260
TR,eth_x_pell,unknown,non_pell,all,2011,ttd_mean,2.21,
TR,eth_x_pell,unknown,non_pell,all,2012,grad2,63.2,247
TR,eth_x_pell,unknown,non_pell,all,2012,grad3,86.6,247
TR,eth_x_pell,unknown,non_pell,all,2012,grad4,93.1,247
TR,eth_x_pell,unknown,non_pell,all,2012,grad5p,93.9,247
TR,eth_x_pell,unknown,non_pell,all,2012,gradgpa_mean,3.394,230
TR,eth_x_pell,unknown,non_pell,all,2012,ret1,95.5,247
TR,eth_x_pell,unknown,non_pell,all,2012,ttd_mean,2.31,
TR,eth_x_pell,unknown,non_pell,all,2013,grad2,59.9,192
TR,eth_x_pell,unknown,non_pell,all,2013,grad3,88.5,192
TR,eth_x_pell,unknown,non_pell,all,2013,grad4,91.7,192
TR,eth_x_pell,unknown,non_pell,all,2013,grad5p,92.7,192
TR,eth_x_pell,unknown,non_pell,all,2013,gradgpa_mean,3.294,170
TR,eth_x_pell,unknown,non_pell,all,2013,ret1,93.2,192
TR,eth_x_pell,unknown,non_pell,all,2013,ttd_mean,2.27,
TR,eth_x_pell,unknown,non_pell,all,2014,grad2,55.1,198
TR,eth_x_pell,unknown,non_pell,all,2014,grad3,84.8,198
TR,eth_x_pell,unknown,non_pell,all,2014,grad4,89.4,198
TR,eth_x_pell,unknown,non_pell,all,2014,grad5p,89.9,198
TR,eth_x_pell,unknown,non_pell,all,2014,gradgpa_mean,3.364,168
TR,eth_x_pell,unknown,non_pell,all,2014,ret1,92.4,198
TR,eth_x_pell,unknown,non_pell,all,2014,ttd_mean,2.32,
TR,eth_x_pell,unknown,non_pell,all,2015,grad2,63.5,181
TR,eth_x_pell,unknown,non_pell,all,2015,grad3,84.5,181
TR,eth_x_pell,unknown,non_pell,all,2015,grad4,89.5,181
TR,eth_x_pell,unknown,non_pell,all,2015,grad5p,91.2,181
TR,eth_x_pell,unknown,non_pell,all,2015,gradgpa_mean,3.45,153
TR,eth_x_pell,unknown,non_pell,all,2015,ret1,91.2,181
TR,eth_x_pell,unknown,non_pell,all,2015,ttd_mean,2.33,
TR,eth_x_pell,unknown,non_pell,all,2016,grad2,60.8,199
TR,eth_x_pell,unknown,non_pell,all,2016,grad3,85.4,199
TR,eth_x_pell,unknown,non_pell,all,2016,grad4,89.4,199
TR,eth_x_pell,unknown,non_pell,all,2016,grad5p,89.9,199
TR,eth_x_pell,unknown,non_pell,all,2016,gradgpa_mean,3.348,170
TR,eth_x_pell,unknown,non_pell,all,2016,ret1,91.0,199
TR,eth_x_pell,unknown,non_pell,all,2016,ttd_mean,2.33,
TR,eth_x_pell,unknown,non_pell,all,2017,grad2,65.2,207
TR,eth_x_pell,unknown,non_pell,all,2017,grad3,85.0,207
TR,eth_x_pell,unknown,non_pell,all,2017,grad4,87.4,207
TR,eth_x_pell,unknown,non_pell,all,2017,grad5p,87.9,207
TR,eth_x_pell,unknown,non_pell,all,2017,gradgpa_mean,3.412,176
TR,eth_x_pell,unknown,non_pell,all,2017,ret1,89.4,207
TR,eth_x_pell,unknown,non_pell,all,2017,ttd_mean,2.17,
TR,eth_x_pell,unknown,non_pell,all,2018,grad2,61.6,216
TR,eth_x_pell,unknown,non_pell,all,2018,grad3,86.1,216
TR,eth_x_pell,unknown,non_pell,all,2018,grad4,92.6,216
TR,eth_x_pell,unknown,non_pell,all,2018,grad5p,93.5,216
TR,eth_x_pell,unknown,non_pell,all,2018,gradgpa_mean,3.366,200
TR,eth_x_pell,unknown,non_pell,all,2018,ret1,93.1,216
TR,eth_x_pell,unknown,non_pell,all,2018,ttd_mean,2.32,
TR,eth_x_pell,unknown,non_pell,all,2019,grad2,62.3,239
TR,eth_x_pell,unknown,non_pell,all,2019,grad3,85.4,239
TR,eth_x_pell,unknown,non_pell,all,2019,grad4,88.7,239
TR,eth_x_pell,unknown,non_pell,all,2019,grad5p,91.2,239
TR,eth_x_pell,unknown,non_pell,all,2019,gradgpa_mean,3.513,204
TR,eth_x_pell,unknown,non_pell,all,2019,ret1,90.8,239
TR,eth_x_pell,unknown,non_pell,all,2020,grad2,63.3,313
TR,eth_x_pell,unknown,non_pell,all,2020,grad3,84.7,313
TR,eth_x_pell,unknown,non_pell,all,2020,grad4,87.9,313
TR,eth_x_pell,unknown,non_pell,all,2020,grad5p,88.8,313
TR,eth_x_pell,unknown,non_pell,all,2020,gradgpa_mean,3.486,275
TR,eth_x_pell,unknown,non_pell,all,2020,ret1,90.4,313
TR,eth_x_pell,unknown,non_pell,all,2021,grad2,67.0,197
TR,eth_x_pell,unknown,non_pell,all,2021,grad3,90.4,197
TR,eth_x_pell,unknown,non_pell,all,2021,grad4,93.9,197
TR,eth_x_pell,unknown,non_pell,all,2021,gradgpa_mean,3.482,178
TR,eth_x_pell,unknown,non_pell,all,2021,ret1,92.4,197
TR,eth_x_pell,unknown,non_pell,all,2022,grad2,61.3,238
TR,eth_x_pell,unknown,non_pell,all,2022,grad3,85.7,238
TR,eth_x_pell,unknown,non_pell,all,2022,gradgpa_mean,3.45,204
TR,eth_x_pell,unknown,non_pell,all,2022,ret1,91.6,238
TR,eth_x_pell,unknown,non_pell,all,2023,grad2,64.9,276
TR,eth_x_pell,unknown,non_pell,all,2023,gradgpa_mean,3.54,179
TR,eth_x_pell,unknown,non_pell,all,2023,ret1,91.3,276
TR,eth_x_pell,unknown,non_pell,all,2024,ret1,95.4,285
TR,eth_x_pell,unknown,pell,all,2003,grad2,43.1,599
TR,eth_x_pell,unknown,pell,all,2003,grad3,76.0,599
TR,eth_x_pell,unknown,pell,all,2003,grad4,84.3,599
TR,eth_x_pell,unknown,pell,all,2003,grad5p,86.8,599
TR,eth_x_pell,unknown,pell,all,2003,gradgpa_mean,3.215,520
TR,eth_x_pell,unknown,pell,all,2003,ret1,93.0,599
TR,eth_x_pell,unknown,pell,all,2003,ttd_mean,2.56,
TR,eth_x_pell,unknown,pell,all,2004,grad2,45.2,511
TR,eth_x_pell,unknown,pell,all,2004,grad3,75.3,511
TR,eth_x_pell,unknown,pell,all,2004,grad4,81.6,511
TR,eth_x_pell,unknown,pell,all,2004,grad5p,85.1,511
TR,eth_x_pell,unknown,pell,all,2004,gradgpa_mean,3.196,435
TR,eth_x_pell,unknown,pell,all,2004,ret1,91.8,511
TR,eth_x_pell,unknown,pell,all,2004,ttd_mean,2.57,
TR,eth_x_pell,unknown,pell,all,2005,grad2,43.9,535
TR,eth_x_pell,unknown,pell,all,2005,grad3,74.6,535
TR,eth_x_pell,unknown,pell,all,2005,grad4,81.1,535
TR,eth_x_pell,unknown,pell,all,2005,grad5p,84.1,535
TR,eth_x_pell,unknown,pell,all,2005,gradgpa_mean,3.207,450
TR,eth_x_pell,unknown,pell,all,2005,ret1,91.8,535
TR,eth_x_pell,unknown,pell,all,2005,ttd_mean,2.58,
TR,eth_x_pell,unknown,pell,all,2006,grad2,42.3,541
TR,eth_x_pell,unknown,pell,all,2006,grad3,70.4,541
TR,eth_x_pell,unknown,pell,all,2006,grad4,80.2,541
TR,eth_x_pell,unknown,pell,all,2006,grad5p,83.2,541
TR,eth_x_pell,unknown,pell,all,2006,gradgpa_mean,3.181,450
TR,eth_x_pell,unknown,pell,all,2006,ret1,91.5,541
TR,eth_x_pell,unknown,pell,all,2006,ttd_mean,2.66,
TR,eth_x_pell,unknown,pell,all,2007,grad2,44.2,500
TR,eth_x_pell,unknown,pell,all,2007,grad3,74.6,500
TR,eth_x_pell,unknown,pell,all,2007,grad4,82.2,500
TR,eth_x_pell,unknown,pell,all,2007,grad5p,85.6,500
TR,eth_x_pell,unknown,pell,all,2007,gradgpa_mean,3.135,428
TR,eth_x_pell,unknown,pell,all,2007,ret1,91.8,500
TR,eth_x_pell,unknown,pell,all,2007,ttd_mean,2.63,
TR,eth_x_pell,unknown,pell,all,2008,grad2,41.2,483
TR,eth_x_pell,unknown,pell,all,2008,grad3,72.9,483
TR,eth_x_pell,unknown,pell,all,2008,grad4,81.6,483
TR,eth_x_pell,unknown,pell,all,2008,grad5p,84.3,483
TR,eth_x_pell,unknown,pell,all,2008,gradgpa_mean,3.175,407
TR,eth_x_pell,unknown,pell,all,2008,ret1,91.1,483
TR,eth_x_pell,unknown,pell,all,2008,ttd_mean,2.62,
TR,eth_x_pell,unknown,pell,all,2009,grad2,43.6,608
TR,eth_x_pell,unknown,pell,all,2009,grad3,77.1,608
TR,eth_x_pell,unknown,pell,all,2009,grad4,84.0,608
TR,eth_x_pell,unknown,pell,all,2009,grad5p,86.3,608
TR,eth_x_pell,unknown,pell,all,2009,gradgpa_mean,3.23,525
TR,eth_x_pell,unknown,pell,all,2009,ret1,92.9,608
TR,eth_x_pell,unknown,pell,all,2009,ttd_mean,2.55,
TR,eth_x_pell,unknown,pell,all,2010,grad2,46.5,654
TR,eth_x_pell,unknown,pell,all,2010,grad3,74.5,654
TR,eth_x_pell,unknown,pell,all,2010,grad4,81.8,654
TR,eth_x_pell,unknown,pell,all,2010,grad5p,83.9,654
TR,eth_x_pell,unknown,pell,all,2010,gradgpa_mean,3.187,549
TR,eth_x_pell,unknown,pell,all,2010,ret1,92.4,654
TR,eth_x_pell,unknown,pell,all,2010,ttd_mean,2.51,
TR,eth_x_pell,unknown,pell,all,2011,grad2,46.6,292
TR,eth_x_pell,unknown,pell,all,2011,grad3,74.0,292
TR,eth_x_pell,unknown,pell,all,2011,grad4,80.8,292
TR,eth_x_pell,unknown,pell,all,2011,grad5p,83.2,292
TR,eth_x_pell,unknown,pell,all,2011,gradgpa_mean,3.212,236
TR,eth_x_pell,unknown,pell,all,2011,ret1,91.1,292
TR,eth_x_pell,unknown,pell,all,2011,ttd_mean,2.57,
TR,eth_x_pell,unknown,pell,all,2012,grad2,49.5,279
TR,eth_x_pell,unknown,pell,all,2012,grad3,80.6,279
TR,eth_x_pell,unknown,pell,all,2012,grad4,88.5,279
TR,eth_x_pell,unknown,pell,all,2012,grad5p,90.3,279
TR,eth_x_pell,unknown,pell,all,2012,gradgpa_mean,3.294,247
TR,eth_x_pell,unknown,pell,all,2012,ret1,95.0,279
TR,eth_x_pell,unknown,pell,all,2012,ttd_mean,2.5,
TR,eth_x_pell,unknown,pell,all,2013,grad2,45.1,237
TR,eth_x_pell,unknown,pell,all,2013,grad3,80.6,237
TR,eth_x_pell,unknown,pell,all,2013,grad4,87.3,237
TR,eth_x_pell,unknown,pell,all,2013,grad5p,89.5,237
TR,eth_x_pell,unknown,pell,all,2013,gradgpa_mean,3.276,207
TR,eth_x_pell,unknown,pell,all,2013,ret1,91.1,237
TR,eth_x_pell,unknown,pell,all,2013,ttd_mean,2.48,
TR,eth_x_pell,unknown,pell,all,2014,grad2,43.4,228
TR,eth_x_pell,unknown,pell,all,2014,grad3,75.0,228
TR,eth_x_pell,unknown,pell,all,2014,grad4,81.6,228
TR,eth_x_pell,unknown,pell,all,2014,grad5p,83.8,228
TR,eth_x_pell,unknown,pell,all,2014,gradgpa_mean,3.359,186
TR,eth_x_pell,unknown,pell,all,2014,ret1,89.9,228
TR,eth_x_pell,unknown,pell,all,2014,ttd_mean,2.55,
TR,eth_x_pell,unknown,pell,all,2015,grad2,50.2,251
TR,eth_x_pell,unknown,pell,all,2015,grad3,78.5,251
TR,eth_x_pell,unknown,pell,all,2015,grad4,85.7,251
TR,eth_x_pell,unknown,pell,all,2015,grad5p,87.3,251
TR,eth_x_pell,unknown,pell,all,2015,gradgpa_mean,3.267,215
TR,eth_x_pell,unknown,pell,all,2015,ret1,92.0,251
TR,eth_x_pell,unknown,pell,all,2015,ttd_mean,2.49,
TR,eth_x_pell,unknown,pell,all,2016,grad2,48.1,287
TR,eth_x_pell,unknown,pell,all,2016,grad3,78.0,287
TR,eth_x_pell,unknown,pell,all,2016,grad4,84.3,287
TR,eth_x_pell,unknown,pell,all,2016,grad5p,86.8,287
TR,eth_x_pell,unknown,pell,all,2016,gradgpa_mean,3.223,242
TR,eth_x_pell,unknown,pell,all,2016,ret1,92.0,287
TR,eth_x_pell,unknown,pell,all,2016,ttd_mean,2.53,
TR,eth_x_pell,unknown,pell,all,2017,grad2,48.2,253
TR,eth_x_pell,unknown,pell,all,2017,grad3,77.1,253
TR,eth_x_pell,unknown,pell,all,2017,grad4,83.0,253
TR,eth_x_pell,unknown,pell,all,2017,grad5p,84.2,253
TR,eth_x_pell,unknown,pell,all,2017,gradgpa_mean,3.376,210
TR,eth_x_pell,unknown,pell,all,2017,ret1,89.3,253
TR,eth_x_pell,unknown,pell,all,2017,ttd_mean,2.42,
TR,eth_x_pell,unknown,pell,all,2018,grad2,51.0,247
TR,eth_x_pell,unknown,pell,all,2018,grad3,77.7,247
TR,eth_x_pell,unknown,pell,all,2018,grad4,81.4,247
TR,eth_x_pell,unknown,pell,all,2018,grad5p,83.0,247
TR,eth_x_pell,unknown,pell,all,2018,gradgpa_mean,3.492,192
TR,eth_x_pell,unknown,pell,all,2018,ret1,91.1,247
TR,eth_x_pell,unknown,pell,all,2018,ttd_mean,2.41,
TR,eth_x_pell,unknown,pell,all,2019,grad2,51.0,210
TR,eth_x_pell,unknown,pell,all,2019,grad3,77.1,210
TR,eth_x_pell,unknown,pell,all,2019,grad4,84.8,210
TR,eth_x_pell,unknown,pell,all,2019,grad5p,86.7,210
TR,eth_x_pell,unknown,pell,all,2019,gradgpa_mean,3.413,178
TR,eth_x_pell,unknown,pell,all,2019,ret1,93.3,210
TR,eth_x_pell,unknown,pell,all,2020,grad2,49.7,344
TR,eth_x_pell,unknown,pell,all,2020,grad3,79.4,344
TR,eth_x_pell,unknown,pell,all,2020,grad4,84.0,344
TR,eth_x_pell,unknown,pell,all,2020,grad5p,85.8,344
TR,eth_x_pell,unknown,pell,all,2020,gradgpa_mean,3.425,289
TR,eth_x_pell,unknown,pell,all,2020,ret1,91.9,344
TR,eth_x_pell,unknown,pell,all,2021,grad2,54.8,146
TR,eth_x_pell,unknown,pell,all,2021,grad3,80.8,146
TR,eth_x_pell,unknown,pell,all,2021,grad4,84.9,146
TR,eth_x_pell,unknown,pell,all,2021,gradgpa_mean,3.459,118
TR,eth_x_pell,unknown,pell,all,2021,ret1,90.4,146
TR,eth_x_pell,unknown,pell,all,2022,grad2,54.2,131
TR,eth_x_pell,unknown,pell,all,2022,grad3,80.9,131
TR,eth_x_pell,unknown,pell,all,2022,gradgpa_mean,3.307,106
TR,eth_x_pell,unknown,pell,all,2022,ret1,94.7,131
TR,eth_x_pell,unknown,pell,all,2023,grad2,58.5,171
TR,eth_x_pell,unknown,pell,all,2023,gradgpa_mean,3.5,100
TR,eth_x_pell,unknown,pell,all,2023,ret1,95.3,171
TR,eth_x_pell,unknown,pell,all,2024,ret1,96.9,159
TR,eth_x_pell,white,non_pell,all,2003,grad2,56.8,3063
TR,eth_x_pell,white,non_pell,all,2003,grad3,81.1,3063
TR,eth_x_pell,white,non_pell,all,2003,grad4,86.3,3063
TR,eth_x_pell,white,non_pell,all,2003,grad5p,88.0,3063
TR,eth_x_pell,white,non_pell,all,2003,gradgpa_mean,3.24,2695
TR,eth_x_pell,white,non_pell,all,2003,ret1,91.0,3063
TR,eth_x_pell,white,non_pell,all,2003,ttd_mean,2.35,
TR,eth_x_pell,white,non_pell,all,2004,grad2,55.7,3045
TR,eth_x_pell,white,non_pell,all,2004,grad3,81.8,3045
TR,eth_x_pell,white,non_pell,all,2004,grad4,86.5,3045
TR,eth_x_pell,white,non_pell,all,2004,grad5p,87.8,3045
TR,eth_x_pell,white,non_pell,all,2004,gradgpa_mean,3.269,2674
TR,eth_x_pell,white,non_pell,all,2004,ret1,90.6,3045
TR,eth_x_pell,white,non_pell,all,2004,ttd_mean,2.34,
TR,eth_x_pell,white,non_pell,all,2005,grad2,56.8,3202
TR,eth_x_pell,white,non_pell,all,2005,grad3,82.2,3202
TR,eth_x_pell,white,non_pell,all,2005,grad4,86.5,3202
TR,eth_x_pell,white,non_pell,all,2005,grad5p,87.8,3202
TR,eth_x_pell,white,non_pell,all,2005,gradgpa_mean,3.267,2810
TR,eth_x_pell,white,non_pell,all,2005,ret1,90.2,3202
TR,eth_x_pell,white,non_pell,all,2005,ttd_mean,2.33,
TR,eth_x_pell,white,non_pell,all,2006,grad2,58.0,3363
TR,eth_x_pell,white,non_pell,all,2006,grad3,83.1,3363
TR,eth_x_pell,white,non_pell,all,2006,grad4,86.9,3363
TR,eth_x_pell,white,non_pell,all,2006,grad5p,88.0,3363
TR,eth_x_pell,white,non_pell,all,2006,gradgpa_mean,3.302,2958
TR,eth_x_pell,white,non_pell,all,2006,ret1,90.9,3363
TR,eth_x_pell,white,non_pell,all,2006,ttd_mean,2.32,
TR,eth_x_pell,white,non_pell,all,2007,grad2,57.2,3120
TR,eth_x_pell,white,non_pell,all,2007,grad3,82.6,3120
TR,eth_x_pell,white,non_pell,all,2007,grad4,87.3,3120
TR,eth_x_pell,white,non_pell,all,2007,grad5p,88.4,3120
TR,eth_x_pell,white,non_pell,all,2007,gradgpa_mean,3.31,2758
TR,eth_x_pell,white,non_pell,all,2007,ret1,90.1,3120
TR,eth_x_pell,white,non_pell,all,2007,ttd_mean,2.33,
TR,eth_x_pell,white,non_pell,all,2008,grad2,62.6,3073
TR,eth_x_pell,white,non_pell,all,2008,grad3,85.1,3073
TR,eth_x_pell,white,non_pell,all,2008,grad4,88.7,3073
TR,eth_x_pell,white,non_pell,all,2008,grad5p,89.9,3073
TR,eth_x_pell,white,non_pell,all,2008,gradgpa_mean,3.283,2762
TR,eth_x_pell,white,non_pell,all,2008,ret1,92.1,3073
TR,eth_x_pell,white,non_pell,all,2008,ttd_mean,2.26,
TR,eth_x_pell,white,non_pell,all,2009,grad2,62.5,3083
TR,eth_x_pell,white,non_pell,all,2009,grad3,85.3,3083
TR,eth_x_pell,white,non_pell,all,2009,grad4,89.4,3083
TR,eth_x_pell,white,non_pell,all,2009,grad5p,90.5,3083
TR,eth_x_pell,white,non_pell,all,2009,gradgpa_mean,3.297,2790
TR,eth_x_pell,white,non_pell,all,2009,ret1,92.3,3083
TR,eth_x_pell,white,non_pell,all,2009,ttd_mean,2.26,
TR,eth_x_pell,white,non_pell,all,2010,grad2,64.4,2967
TR,eth_x_pell,white,non_pell,all,2010,grad3,85.9,2967
TR,eth_x_pell,white,non_pell,all,2010,grad4,90.0,2967
TR,eth_x_pell,white,non_pell,all,2010,grad5p,91.3,2967
TR,eth_x_pell,white,non_pell,all,2010,gradgpa_mean,3.285,2708
TR,eth_x_pell,white,non_pell,all,2010,ret1,92.6,2967
TR,eth_x_pell,white,non_pell,all,2010,ttd_mean,2.26,
TR,eth_x_pell,white,non_pell,all,2011,grad2,64.0,2952
TR,eth_x_pell,white,non_pell,all,2011,grad3,86.5,2952
TR,eth_x_pell,white,non_pell,all,2011,grad4,89.9,2952
TR,eth_x_pell,white,non_pell,all,2011,grad5p,91.1,2952
TR,eth_x_pell,white,non_pell,all,2011,gradgpa_mean,3.312,2690
TR,eth_x_pell,white,non_pell,all,2011,ret1,93.3,2952
TR,eth_x_pell,white,non_pell,all,2011,ttd_mean,2.26,
TR,eth_x_pell,white,non_pell,all,2012,grad2,64.6,2536
TR,eth_x_pell,white,non_pell,all,2012,grad3,87.6,2536
TR,eth_x_pell,white,non_pell,all,2012,grad4,91.0,2536
TR,eth_x_pell,white,non_pell,all,2012,grad5p,91.6,2536
TR,eth_x_pell,white,non_pell,all,2012,gradgpa_mean,3.326,2323
TR,eth_x_pell,white,non_pell,all,2012,ret1,93.8,2536
TR,eth_x_pell,white,non_pell,all,2012,ttd_mean,2.26,
TR,eth_x_pell,white,non_pell,all,2013,grad2,64.5,2462
TR,eth_x_pell,white,non_pell,all,2013,grad3,87.9,2462
TR,eth_x_pell,white,non_pell,all,2013,grad4,91.3,2462
TR,eth_x_pell,white,non_pell,all,2013,grad5p,92.1,2462
TR,eth_x_pell,white,non_pell,all,2013,gradgpa_mean,3.336,2268
TR,eth_x_pell,white,non_pell,all,2013,ret1,93.9,2462
TR,eth_x_pell,white,non_pell,all,2013,ttd_mean,2.26,
TR,eth_x_pell,white,non_pell,all,2014,grad2,65.2,2309
TR,eth_x_pell,white,non_pell,all,2014,grad3,87.8,2309
TR,eth_x_pell,white,non_pell,all,2014,grad4,91.3,2309
TR,eth_x_pell,white,non_pell,all,2014,grad5p,92.1,2309
TR,eth_x_pell,white,non_pell,all,2014,gradgpa_mean,3.352,2126
TR,eth_x_pell,white,non_pell,all,2014,ret1,93.0,2309
TR,eth_x_pell,white,non_pell,all,2014,ttd_mean,2.26,
TR,eth_x_pell,white,non_pell,all,2015,grad2,66.3,2351
TR,eth_x_pell,white,non_pell,all,2015,grad3,88.3,2351
TR,eth_x_pell,white,non_pell,all,2015,grad4,91.0,2351
TR,eth_x_pell,white,non_pell,all,2015,grad5p,91.8,2351
TR,eth_x_pell,white,non_pell,all,2015,gradgpa_mean,3.375,2158
TR,eth_x_pell,white,non_pell,all,2015,ret1,94.3,2351
TR,eth_x_pell,white,non_pell,all,2015,ttd_mean,2.24,
TR,eth_x_pell,white,non_pell,all,2016,grad2,65.8,2730
TR,eth_x_pell,white,non_pell,all,2016,grad3,86.8,2730
TR,eth_x_pell,white,non_pell,all,2016,grad4,90.4,2730
TR,eth_x_pell,white,non_pell,all,2016,grad5p,91.6,2730
TR,eth_x_pell,white,non_pell,all,2016,gradgpa_mean,3.377,2500
TR,eth_x_pell,white,non_pell,all,2016,ret1,93.6,2730
TR,eth_x_pell,white,non_pell,all,2016,ttd_mean,2.24,
TR,eth_x_pell,white,non_pell,all,2017,grad2,68.1,2672
TR,eth_x_pell,white,non_pell,all,2017,grad3,87.9,2672
TR,eth_x_pell,white,non_pell,all,2017,grad4,91.3,2672
TR,eth_x_pell,white,non_pell,all,2017,grad5p,91.9,2672
TR,eth_x_pell,white,non_pell,all,2017,gradgpa_mean,3.379,2455
TR,eth_x_pell,white,non_pell,all,2017,ret1,93.6,2672
TR,eth_x_pell,white,non_pell,all,2017,ttd_mean,2.21,
TR,eth_x_pell,white,non_pell,all,2018,grad2,71.6,2872
TR,eth_x_pell,white,non_pell,all,2018,grad3,89.7,2872
TR,eth_x_pell,white,non_pell,all,2018,grad4,92.1,2872
TR,eth_x_pell,white,non_pell,all,2018,grad5p,92.7,2872
TR,eth_x_pell,white,non_pell,all,2018,gradgpa_mean,3.505,2662
TR,eth_x_pell,white,non_pell,all,2018,ret1,94.0,2872
TR,eth_x_pell,white,non_pell,all,2018,ttd_mean,2.17,
TR,eth_x_pell,white,non_pell,all,2019,grad2,70.0,3002
TR,eth_x_pell,white,non_pell,all,2019,grad3,88.4,3002
TR,eth_x_pell,white,non_pell,all,2019,grad4,91.7,3002
TR,eth_x_pell,white,non_pell,all,2019,grad5p,92.5,3002
TR,eth_x_pell,white,non_pell,all,2019,gradgpa_mean,3.521,2778
TR,eth_x_pell,white,non_pell,all,2019,ret1,92.1,3002
TR,eth_x_pell,white,non_pell,all,2020,grad2,65.3,2961
TR,eth_x_pell,white,non_pell,all,2020,grad3,86.3,2961
TR,eth_x_pell,white,non_pell,all,2020,grad4,89.8,2961
TR,eth_x_pell,white,non_pell,all,2020,grad5p,90.6,2961
TR,eth_x_pell,white,non_pell,all,2020,gradgpa_mean,3.509,2683
TR,eth_x_pell,white,non_pell,all,2020,ret1,92.2,2961
TR,eth_x_pell,white,non_pell,all,2021,grad2,70.9,3112
TR,eth_x_pell,white,non_pell,all,2021,grad3,89.4,3112
TR,eth_x_pell,white,non_pell,all,2021,grad4,91.9,3112
TR,eth_x_pell,white,non_pell,all,2021,gradgpa_mean,3.471,2861
TR,eth_x_pell,white,non_pell,all,2021,ret1,93.6,3112
TR,eth_x_pell,white,non_pell,all,2022,grad2,72.6,3031
TR,eth_x_pell,white,non_pell,all,2022,grad3,90.4,3031
TR,eth_x_pell,white,non_pell,all,2022,gradgpa_mean,3.493,2740
TR,eth_x_pell,white,non_pell,all,2022,ret1,95.0,3031
TR,eth_x_pell,white,non_pell,all,2023,grad2,72.5,3032
TR,eth_x_pell,white,non_pell,all,2023,gradgpa_mean,3.51,2199
TR,eth_x_pell,white,non_pell,all,2023,ret1,95.4,3032
TR,eth_x_pell,white,non_pell,all,2024,ret1,96.2,3373
TR,eth_x_pell,white,pell,all,2003,grad2,43.5,1847
TR,eth_x_pell,white,pell,all,2003,grad3,76.3,1847
TR,eth_x_pell,white,pell,all,2003,grad4,83.3,1847
TR,eth_x_pell,white,pell,all,2003,grad5p,86.3,1847
TR,eth_x_pell,white,pell,all,2003,gradgpa_mean,3.236,1594
TR,eth_x_pell,white,pell,all,2003,ret1,92.7,1847
TR,eth_x_pell,white,pell,all,2003,ttd_mean,2.59,
TR,eth_x_pell,white,pell,all,2004,grad2,45.4,1924
TR,eth_x_pell,white,pell,all,2004,grad3,77.1,1924
TR,eth_x_pell,white,pell,all,2004,grad4,84.8,1924
TR,eth_x_pell,white,pell,all,2004,grad5p,87.4,1924
TR,eth_x_pell,white,pell,all,2004,gradgpa_mean,3.267,1682
TR,eth_x_pell,white,pell,all,2004,ret1,93.1,1924
TR,eth_x_pell,white,pell,all,2004,ttd_mean,2.53,
TR,eth_x_pell,white,pell,all,2005,grad2,45.1,1919
TR,eth_x_pell,white,pell,all,2005,grad3,78.5,1919
TR,eth_x_pell,white,pell,all,2005,grad4,84.9,1919
TR,eth_x_pell,white,pell,all,2005,grad5p,87.5,1919
TR,eth_x_pell,white,pell,all,2005,gradgpa_mean,3.267,1679
TR,eth_x_pell,white,pell,all,2005,ret1,92.8,1919
TR,eth_x_pell,white,pell,all,2005,ttd_mean,2.55,
TR,eth_x_pell,white,pell,all,2006,grad2,44.3,1985
TR,eth_x_pell,white,pell,all,2006,grad3,77.8,1985
TR,eth_x_pell,white,pell,all,2006,grad4,85.3,1985
TR,eth_x_pell,white,pell,all,2006,grad5p,87.2,1985
TR,eth_x_pell,white,pell,all,2006,gradgpa_mean,3.26,1731
TR,eth_x_pell,white,pell,all,2006,ret1,93.2,1985
TR,eth_x_pell,white,pell,all,2006,ttd_mean,2.55,
TR,eth_x_pell,white,pell,all,2007,grad2,43.7,2057
TR,eth_x_pell,white,pell,all,2007,grad3,75.5,2057
TR,eth_x_pell,white,pell,all,2007,grad4,83.6,2057
TR,eth_x_pell,white,pell,all,2007,grad5p,86.0,2057
TR,eth_x_pell,white,pell,all,2007,gradgpa_mean,3.276,1769
TR,eth_x_pell,white,pell,all,2007,ret1,91.4,2057
TR,eth_x_pell,white,pell,all,2007,ttd_mean,2.57,
TR,eth_x_pell,white,pell,all,2008,grad2,45.9,2123
TR,eth_x_pell,white,pell,all,2008,grad3,78.0,2123
TR,eth_x_pell,white,pell,all,2008,grad4,85.1,2123
TR,eth_x_pell,white,pell,all,2008,grad5p,87.3,2123
TR,eth_x_pell,white,pell,all,2008,gradgpa_mean,3.261,1854
TR,eth_x_pell,white,pell,all,2008,ret1,93.5,2123
TR,eth_x_pell,white,pell,all,2008,ttd_mean,2.55,
TR,eth_x_pell,white,pell,all,2009,grad2,49.8,2537
TR,eth_x_pell,white,pell,all,2009,grad3,80.3,2537
TR,eth_x_pell,white,pell,all,2009,grad4,86.1,2537
TR,eth_x_pell,white,pell,all,2009,grad5p,88.0,2537
TR,eth_x_pell,white,pell,all,2009,gradgpa_mean,3.264,2233
TR,eth_x_pell,white,pell,all,2009,ret1,93.7,2537
TR,eth_x_pell,white,pell,all,2009,ttd_mean,2.47,
TR,eth_x_pell,white,pell,all,2010,grad2,49.5,2836
TR,eth_x_pell,white,pell,all,2010,grad3,81.0,2836
TR,eth_x_pell,white,pell,all,2010,grad4,87.6,2836
TR,eth_x_pell,white,pell,all,2010,grad5p,89.2,2836
TR,eth_x_pell,white,pell,all,2010,gradgpa_mean,3.274,2531
TR,eth_x_pell,white,pell,all,2010,ret1,93.3,2836
TR,eth_x_pell,white,pell,all,2010,ttd_mean,2.47,
TR,eth_x_pell,white,pell,all,2011,grad2,51.4,3104
TR,eth_x_pell,white,pell,all,2011,grad3,82.3,3104
TR,eth_x_pell,white,pell,all,2011,grad4,87.4,3104
TR,eth_x_pell,white,pell,all,2011,grad5p,89.0,3104
TR,eth_x_pell,white,pell,all,2011,gradgpa_mean,3.273,2762
TR,eth_x_pell,white,pell,all,2011,ret1,94.0,3104
TR,eth_x_pell,white,pell,all,2011,ttd_mean,2.46,
TR,eth_x_pell,white,pell,all,2012,grad2,50.5,2916
TR,eth_x_pell,white,pell,all,2012,grad3,81.7,2916
TR,eth_x_pell,white,pell,all,2012,grad4,87.6,2916
TR,eth_x_pell,white,pell,all,2012,grad5p,89.3,2916
TR,eth_x_pell,white,pell,all,2012,gradgpa_mean,3.308,2604
TR,eth_x_pell,white,pell,all,2012,ret1,94.6,2916
TR,eth_x_pell,white,pell,all,2012,ttd_mean,2.48,
TR,eth_x_pell,white,pell,all,2013,grad2,50.3,2949
TR,eth_x_pell,white,pell,all,2013,grad3,83.2,2949
TR,eth_x_pell,white,pell,all,2013,grad4,88.7,2949
TR,eth_x_pell,white,pell,all,2013,grad5p,90.3,2949
TR,eth_x_pell,white,pell,all,2013,gradgpa_mean,3.309,2663
TR,eth_x_pell,white,pell,all,2013,ret1,94.1,2949
TR,eth_x_pell,white,pell,all,2013,ttd_mean,2.48,
TR,eth_x_pell,white,pell,all,2014,grad2,51.7,2902
TR,eth_x_pell,white,pell,all,2014,grad3,82.8,2902
TR,eth_x_pell,white,pell,all,2014,grad4,87.7,2902
TR,eth_x_pell,white,pell,all,2014,grad5p,89.3,2902
TR,eth_x_pell,white,pell,all,2014,gradgpa_mean,3.321,2592
TR,eth_x_pell,white,pell,all,2014,ret1,93.0,2902
TR,eth_x_pell,white,pell,all,2014,ttd_mean,2.45,
TR,eth_x_pell,white,pell,all,2015,grad2,53.5,2779
TR,eth_x_pell,white,pell,all,2015,grad3,83.4,2779
TR,eth_x_pell,white,pell,all,2015,grad4,88.6,2779
TR,eth_x_pell,white,pell,all,2015,grad5p,90.5,2779
TR,eth_x_pell,white,pell,all,2015,gradgpa_mean,3.323,2515
TR,eth_x_pell,white,pell,all,2015,ret1,93.7,2779
TR,eth_x_pell,white,pell,all,2015,ttd_mean,2.42,
TR,eth_x_pell,white,pell,all,2016,grad2,52.4,2854
TR,eth_x_pell,white,pell,all,2016,grad3,81.9,2854
TR,eth_x_pell,white,pell,all,2016,grad4,88.4,2854
TR,eth_x_pell,white,pell,all,2016,grad5p,89.8,2854
TR,eth_x_pell,white,pell,all,2016,gradgpa_mean,3.316,2563
TR,eth_x_pell,white,pell,all,2016,ret1,93.3,2854
TR,eth_x_pell,white,pell,all,2016,ttd_mean,2.44,
TR,eth_x_pell,white,pell,all,2017,grad2,54.9,2914
TR,eth_x_pell,white,pell,all,2017,grad3,82.8,2914
TR,eth_x_pell,white,pell,all,2017,grad4,89.2,2914
TR,eth_x_pell,white,pell,all,2017,grad5p,90.6,2914
TR,eth_x_pell,white,pell,all,2017,gradgpa_mean,3.35,2639
TR,eth_x_pell,white,pell,all,2017,ret1,93.8,2914
TR,eth_x_pell,white,pell,all,2017,ttd_mean,2.42,
TR,eth_x_pell,white,pell,all,2018,grad2,56.5,2909
TR,eth_x_pell,white,pell,all,2018,grad3,84.4,2909
TR,eth_x_pell,white,pell,all,2018,grad4,88.9,2909
TR,eth_x_pell,white,pell,all,2018,grad5p,90.5,2909
TR,eth_x_pell,white,pell,all,2018,gradgpa_mean,3.482,2633
TR,eth_x_pell,white,pell,all,2018,ret1,93.4,2909
TR,eth_x_pell,white,pell,all,2018,ttd_mean,2.37,
TR,eth_x_pell,white,pell,all,2019,grad2,58.3,2720
TR,eth_x_pell,white,pell,all,2019,grad3,83.3,2720
TR,eth_x_pell,white,pell,all,2019,grad4,87.9,2720
TR,eth_x_pell,white,pell,all,2019,grad5p,89.7,2720
TR,eth_x_pell,white,pell,all,2019,gradgpa_mean,3.478,2441
TR,eth_x_pell,white,pell,all,2019,ret1,93.6,2720
TR,eth_x_pell,white,pell,all,2020,grad2,58.4,2629
TR,eth_x_pell,white,pell,all,2020,grad3,82.4,2629
TR,eth_x_pell,white,pell,all,2020,grad4,86.6,2629
TR,eth_x_pell,white,pell,all,2020,grad5p,88.6,2629
TR,eth_x_pell,white,pell,all,2020,gradgpa_mean,3.447,2330
TR,eth_x_pell,white,pell,all,2020,ret1,93.2,2629
TR,eth_x_pell,white,pell,all,2021,grad2,63.0,2514
TR,eth_x_pell,white,pell,all,2021,grad3,85.1,2514
TR,eth_x_pell,white,pell,all,2021,grad4,89.4,2514
TR,eth_x_pell,white,pell,all,2021,gradgpa_mean,3.435,2248
TR,eth_x_pell,white,pell,all,2021,ret1,94.5,2514
TR,eth_x_pell,white,pell,all,2022,grad2,62.5,2286
TR,eth_x_pell,white,pell,all,2022,grad3,85.7,2286
TR,eth_x_pell,white,pell,all,2022,gradgpa_mean,3.437,1959
TR,eth_x_pell,white,pell,all,2022,ret1,95.5,2286
TR,eth_x_pell,white,pell,all,2023,grad2,67.3,2204
TR,eth_x_pell,white,pell,all,2023,gradgpa_mean,3.52,1483
TR,eth_x_pell,white,pell,all,2023,ret1,96.1,2204
TR,eth_x_pell,white,pell,all,2024,ret1,95.5,2029
