level,family,subgroup,school,cohort,measure,rate_pct,numer,denom
FR,eth,aian,Biology,2024,ret1,90.91,10,11
FR,eth,aian,Engineering,2024,ret1,100.0,10,10
FR,eth,aian,Social Sciences,2022,ret1,100.0,10,10
FR,eth,asian,Arts & Humanities,2013,grad4,76.47,39,51
FR,eth,asian,Arts & Humanities,2013,grad5,84.31,43,51
FR,eth,asian,Arts & Humanities,2013,grad6,86.27,44,51
FR,eth,asian,Arts & Humanities,2013,ret1,94.12,48,51
FR,eth,asian,Arts & Humanities,2013,ret2,92.16,47,51
FR,eth,asian,Arts & Humanities,2014,grad4,68.42,26,38
FR,eth,asian,Arts & Humanities,2014,grad5,84.21,32,38
FR,eth,asian,Arts & Humanities,2014,grad6,86.84,33,38
FR,eth,asian,Arts & Humanities,2014,ret1,89.47,34,38
FR,eth,asian,Arts & Humanities,2014,ret2,89.47,34,38
FR,eth,asian,Arts & Humanities,2015,grad4,75.86,44,58
FR,eth,asian,Arts & Humanities,2015,grad5,89.66,52,58
FR,eth,asian,Arts & Humanities,2015,grad6,91.38,53,58
FR,eth,asian,Arts & Humanities,2015,ret1,96.55,56,58
FR,eth,asian,Arts & Humanities,2015,ret2,87.93,51,58
FR,eth,asian,Arts & Humanities,2016,grad4,80.88,55,68
FR,eth,asian,Arts & Humanities,2016,grad5,94.12,64,68
FR,eth,asian,Arts & Humanities,2016,grad6,94.12,64,68
FR,eth,asian,Arts & Humanities,2016,ret1,98.53,67,68
FR,eth,asian,Arts & Humanities,2016,ret2,95.59,65,68
FR,eth,asian,Arts & Humanities,2017,grad4,72.29,60,83
FR,eth,asian,Arts & Humanities,2017,grad5,87.95,73,83
FR,eth,asian,Arts & Humanities,2017,grad6,89.16,74,83
FR,eth,asian,Arts & Humanities,2017,ret1,95.18,79,83
FR,eth,asian,Arts & Humanities,2017,ret2,91.57,76,83
FR,eth,asian,Arts & Humanities,2018,grad4,72.73,72,99
FR,eth,asian,Arts & Humanities,2018,grad5,84.85,84,99
FR,eth,asian,Arts & Humanities,2018,grad6,86.87,86,99
FR,eth,asian,Arts & Humanities,2018,ret1,91.92,91,99
FR,eth,asian,Arts & Humanities,2018,ret2,89.9,89,99
FR,eth,asian,Arts & Humanities,2019,grad4,74.65,53,71
FR,eth,asian,Arts & Humanities,2019,grad5,87.32,62,71
FR,eth,asian,Arts & Humanities,2019,grad6,88.73,63,71
FR,eth,asian,Arts & Humanities,2019,ret1,98.59,70,71
FR,eth,asian,Arts & Humanities,2019,ret2,92.96,66,71
FR,eth,asian,Arts & Humanities,2020,grad4,77.78,91,117
FR,eth,asian,Arts & Humanities,2020,grad5,86.32,101,117
FR,eth,asian,Arts & Humanities,2020,ret1,93.16,109,117
FR,eth,asian,Arts & Humanities,2020,ret2,89.74,105,117
FR,eth,asian,Arts & Humanities,2021,grad4,79.44,85,107
FR,eth,asian,Arts & Humanities,2021,ret1,92.52,99,107
FR,eth,asian,Arts & Humanities,2021,ret2,91.59,98,107
FR,eth,asian,Arts & Humanities,2022,ret1,95.56,172,180
FR,eth,asian,Arts & Humanities,2022,ret2,91.67,165,180
FR,eth,asian,Arts & Humanities,2023,ret1,99.35,153,154
FR,eth,asian,Arts & Humanities,2023,ret2,95.45,147,154
FR,eth,asian,Arts & Humanities,2024,ret1,97.24,141,145
FR,eth,asian,Biology,2013,grad4,76.58,533,696
FR,eth,asian,Biology,2013,grad5,89.94,626,696
FR,eth,asian,Biology,2013,grad6,92.1,641,696
FR,eth,asian,Biology,2013,ret1,96.7,673,696
FR,eth,asian,Biology,2013,ret2,95.55,665,696
FR,eth,asian,Biology,2014,grad4,78.55,465,592
FR,eth,asian,Biology,2014,grad5,90.54,536,592
FR,eth,asian,Biology,2014,grad6,92.57,548,592
FR,eth,asian,Biology,2014,ret1,96.96,574,592
FR,eth,asian,Biology,2014,ret2,94.93,562,592
FR,eth,asian,Biology,2015,grad4,81.09,519,640
FR,eth,asian,Biology,2015,grad5,92.5,592,640
FR,eth,asian,Biology,2015,grad6,94.06,602,640
FR,eth,asian,Biology,2015,ret1,97.81,626,640
FR,eth,asian,Biology,2015,ret2,96.09,615,640
FR,eth,asian,Biology,2016,grad4,83.31,514,617
FR,eth,asian,Biology,2016,grad5,93.68,578,617
FR,eth,asian,Biology,2016,grad6,94.65,584,617
FR,eth,asian,Biology,2016,ret1,97.41,601,617
FR,eth,asian,Biology,2016,ret2,95.14,587,617
FR,eth,asian,Biology,2017,grad4,84.39,438,519
FR,eth,asian,Biology,2017,grad5,92.29,479,519
FR,eth,asian,Biology,2017,grad6,93.45,485,519
FR,eth,asian,Biology,2017,ret1,97.5,506,519
FR,eth,asian,Biology,2017,ret2,95.18,494,519
FR,eth,asian,Biology,2018,grad4,84.42,428,507
FR,eth,asian,Biology,2018,grad5,89.94,456,507
FR,eth,asian,Biology,2018,grad6,91.72,465,507
FR,eth,asian,Biology,2018,ret1,95.86,486,507
FR,eth,asian,Biology,2018,ret2,95.66,485,507
FR,eth,asian,Biology,2019,grad4,83.91,412,491
FR,eth,asian,Biology,2019,grad5,90.02,442,491
FR,eth,asian,Biology,2019,grad6,92.06,452,491
FR,eth,asian,Biology,2019,ret1,96.95,476,491
FR,eth,asian,Biology,2019,ret2,94.7,465,491
FR,eth,asian,Biology,2020,grad4,86.75,563,649
FR,eth,asian,Biology,2020,grad5,94.14,611,649
FR,eth,asian,Biology,2020,ret1,99.23,644,649
FR,eth,asian,Biology,2020,ret2,96.76,628,649
FR,eth,asian,Biology,2021,grad4,87.15,522,599
FR,eth,asian,Biology,2021,ret1,97.5,584,599
FR,eth,asian,Biology,2021,ret2,96.66,579,599
FR,eth,asian,Biology,2022,ret1,96.77,420,434
FR,eth,asian,Biology,2022,ret2,95.62,415,434
FR,eth,asian,Biology,2023,ret1,97.19,589,606
FR,eth,asian,Biology,2023,ret2,95.71,580,606
FR,eth,asian,Biology,2024,ret1,97.59,649,665
FR,eth,asian,Engineering,2013,grad4,64.63,402,622
FR,eth,asian,Engineering,2013,grad5,90.19,561,622
FR,eth,asian,Engineering,2013,grad6,92.93,578,622
FR,eth,asian,Engineering,2013,ret1,97.43,606,622
FR,eth,asian,Engineering,2013,ret2,95.34,593,622
FR,eth,asian,Engineering,2014,grad4,71.7,337,470
FR,eth,asian,Engineering,2014,grad5,90.85,427,470
FR,eth,asian,Engineering,2014,grad6,93.83,441,470
FR,eth,asian,Engineering,2014,ret1,98.3,462,470
FR,eth,asian,Engineering,2014,ret2,96.6,454,470
FR,eth,asian,Engineering,2015,grad4,76.15,364,478
FR,eth,asian,Engineering,2015,grad5,93.72,448,478
FR,eth,asian,Engineering,2015,grad6,94.98,454,478
FR,eth,asian,Engineering,2015,ret1,98.74,472,478
FR,eth,asian,Engineering,2015,ret2,97.07,464,478
FR,eth,asian,Engineering,2016,grad4,70.74,220,311
FR,eth,asian,Engineering,2016,grad5,88.1,274,311
FR,eth,asian,Engineering,2016,grad6,91.64,285,311
FR,eth,asian,Engineering,2016,ret1,96.14,299,311
FR,eth,asian,Engineering,2016,ret2,94.53,294,311
FR,eth,asian,Engineering,2017,grad4,76.44,386,505
FR,eth,asian,Engineering,2017,grad5,87.92,444,505
FR,eth,asian,Engineering,2017,grad6,90.5,457,505
FR,eth,asian,Engineering,2017,ret1,95.25,481,505
FR,eth,asian,Engineering,2017,ret2,92.28,466,505
FR,eth,asian,Engineering,2018,grad4,78.32,437,558
FR,eth,asian,Engineering,2018,grad5,89.61,500,558
FR,eth,asian,Engineering,2018,grad6,90.86,507,558
FR,eth,asian,Engineering,2018,ret1,97.31,543,558
FR,eth,asian,Engineering,2018,ret2,95.34,532,558
FR,eth,asian,Engineering,2019,grad4,81.13,387,477
FR,eth,asian,Engineering,2019,grad5,90.57,432,477
FR,eth,asian,Engineering,2019,grad6,92.45,441,477
FR,eth,asian,Engineering,2019,ret1,96.86,462,477
FR,eth,asian,Engineering,2019,ret2,95.39,455,477
FR,eth,asian,Engineering,2020,grad4,81.01,435,537
FR,eth,asian,Engineering,2020,grad5,90.5,486,537
FR,eth,asian,Engineering,2020,ret1,98.14,527,537
FR,eth,asian,Engineering,2020,ret2,95.16,511,537
FR,eth,asian,Engineering,2021,grad4,78.86,455,577
FR,eth,asian,Engineering,2021,ret1,97.05,560,577
FR,eth,asian,Engineering,2021,ret2,94.63,546,577
FR,eth,asian,Engineering,2022,ret1,97.6,487,499
FR,eth,asian,Engineering,2022,ret2,94.99,474,499
FR,eth,asian,Engineering,2023,ret1,94.95,395,416
FR,eth,asian,Engineering,2023,ret2,94.23,392,416
FR,eth,asian,Engineering,2024,ret1,97.94,475,485
FR,eth,asian,Global Policy & Strategy,2014,grad4,77.27,17,22
FR,eth,asian,Global Policy & Strategy,2014,grad5,90.91,20,22
FR,eth,asian,Global Policy & Strategy,2014,grad6,90.91,20,22
FR,eth,asian,Global Policy & Strategy,2014,ret1,95.45,21,22
FR,eth,asian,Global Policy & Strategy,2014,ret2,95.45,21,22
FR,eth,asian,Global Policy & Strategy,2015,grad4,80.0,24,30
FR,eth,asian,Global Policy & Strategy,2015,grad5,90.0,27,30
FR,eth,asian,Global Policy & Strategy,2015,grad6,96.67,29,30
FR,eth,asian,Global Policy & Strategy,2015,ret1,96.67,29,30
FR,eth,asian,Global Policy & Strategy,2015,ret2,93.33,28,30
FR,eth,asian,Global Policy & Strategy,2016,grad4,78.0,39,50
FR,eth,asian,Global Policy & Strategy,2016,grad5,86.0,43,50
FR,eth,asian,Global Policy & Strategy,2016,grad6,88.0,44,50
FR,eth,asian,Global Policy & Strategy,2016,ret1,96.0,48,50
FR,eth,asian,Global Policy & Strategy,2016,ret2,88.0,44,50
FR,eth,asian,Global Policy & Strategy,2017,grad4,84.78,39,46
FR,eth,asian,Global Policy & Strategy,2017,grad5,97.83,45,46
FR,eth,asian,Global Policy & Strategy,2017,grad6,97.83,45,46
FR,eth,asian,Global Policy & Strategy,2017,ret1,100.0,46,46
FR,eth,asian,Global Policy & Strategy,2017,ret2,93.48,43,46
FR,eth,asian,Global Policy & Strategy,2018,grad4,73.13,49,67
FR,eth,asian,Global Policy & Strategy,2018,grad5,82.09,55,67
FR,eth,asian,Global Policy & Strategy,2018,grad6,85.07,57,67
FR,eth,asian,Global Policy & Strategy,2018,ret1,83.58,56,67
FR,eth,asian,Global Policy & Strategy,2018,ret2,83.58,56,67
FR,eth,asian,Global Policy & Strategy,2019,grad4,78.33,47,60
FR,eth,asian,Global Policy & Strategy,2019,grad5,86.67,52,60
FR,eth,asian,Global Policy & Strategy,2019,grad6,86.67,52,60
FR,eth,asian,Global Policy & Strategy,2019,ret1,95.0,57,60
FR,eth,asian,Global Policy & Strategy,2019,ret2,93.33,56,60
FR,eth,asian,Global Policy & Strategy,2020,grad4,78.95,60,76
FR,eth,asian,Global Policy & Strategy,2020,grad5,86.84,66,76
FR,eth,asian,Global Policy & Strategy,2020,ret1,98.68,75,76
FR,eth,asian,Global Policy & Strategy,2020,ret2,93.42,71,76
FR,eth,asian,Global Policy & Strategy,2021,grad4,86.76,59,68
FR,eth,asian,Global Policy & Strategy,2021,ret1,98.53,67,68
FR,eth,asian,Global Policy & Strategy,2021,ret2,94.12,64,68
FR,eth,asian,Global Policy & Strategy,2022,ret1,95.38,62,65
FR,eth,asian,Global Policy & Strategy,2022,ret2,93.85,61,65
FR,eth,asian,Global Policy & Strategy,2023,ret1,100.0,57,57
FR,eth,asian,Global Policy & Strategy,2023,ret2,96.49,55,57
FR,eth,asian,Global Policy & Strategy,2024,ret1,100.0,50,50
FR,eth,asian,Halicioğlu Data Science Institute,2017,grad4,82.14,23,28
FR,eth,asian,Halicioğlu Data Science Institute,2017,grad5,89.29,25,28
FR,eth,asian,Halicioğlu Data Science Institute,2017,grad6,92.86,26,28
FR,eth,asian,Halicioğlu Data Science Institute,2017,ret1,100.0,28,28
FR,eth,asian,Halicioğlu Data Science Institute,2017,ret2,100.0,28,28
FR,eth,asian,Halicioğlu Data Science Institute,2018,grad4,87.88,58,66
FR,eth,asian,Halicioğlu Data Science Institute,2018,grad5,93.94,62,66
FR,eth,asian,Halicioğlu Data Science Institute,2018,grad6,96.97,64,66
FR,eth,asian,Halicioğlu Data Science Institute,2018,ret1,100.0,66,66
FR,eth,asian,Halicioğlu Data Science Institute,2018,ret2,96.97,64,66
FR,eth,asian,Halicioğlu Data Science Institute,2019,grad4,84.48,49,58
FR,eth,asian,Halicioğlu Data Science Institute,2019,grad5,91.38,53,58
FR,eth,asian,Halicioğlu Data Science Institute,2019,grad6,93.1,54,58
FR,eth,asian,Halicioğlu Data Science Institute,2019,ret1,100.0,58,58
FR,eth,asian,Halicioğlu Data Science Institute,2019,ret2,98.28,57,58
FR,eth,asian,Halicioğlu Data Science Institute,2020,grad4,82.0,82,100
FR,eth,asian,Halicioğlu Data Science Institute,2020,grad5,92.0,92,100
FR,eth,asian,Halicioğlu Data Science Institute,2020,ret1,98.0,98,100
FR,eth,asian,Halicioğlu Data Science Institute,2020,ret2,93.0,93,100
FR,eth,asian,Halicioğlu Data Science Institute,2021,grad4,87.32,62,71
FR,eth,asian,Halicioğlu Data Science Institute,2021,ret1,90.14,64,71
FR,eth,asian,Halicioğlu Data Science Institute,2021,ret2,92.96,66,71
FR,eth,asian,Halicioğlu Data Science Institute,2022,ret1,95.04,115,121
FR,eth,asian,Halicioğlu Data Science Institute,2022,ret2,96.69,117,121
FR,eth,asian,Halicioğlu Data Science Institute,2023,ret1,97.52,157,161
FR,eth,asian,Halicioğlu Data Science Institute,2023,ret2,94.41,152,161
FR,eth,asian,Halicioğlu Data Science Institute,2024,ret1,97.78,132,135
FR,eth,asian,Physical Sciences,2013,grad4,67.26,152,226
FR,eth,asian,Physical Sciences,2013,grad5,85.84,194,226
FR,eth,asian,Physical Sciences,2013,grad6,88.05,199,226
FR,eth,asian,Physical Sciences,2013,ret1,96.9,219,226
FR,eth,asian,Physical Sciences,2013,ret2,92.48,209,226
FR,eth,asian,Physical Sciences,2014,grad4,72.0,198,275
FR,eth,asian,Physical Sciences,2014,grad5,88.73,244,275
FR,eth,asian,Physical Sciences,2014,grad6,90.55,249,275
FR,eth,asian,Physical Sciences,2014,ret1,97.45,268,275
FR,eth,asian,Physical Sciences,2014,ret2,93.45,257,275
FR,eth,asian,Physical Sciences,2015,grad4,79.93,243,304
FR,eth,asian,Physical Sciences,2015,grad5,89.14,271,304
FR,eth,asian,Physical Sciences,2015,grad6,90.79,276,304
FR,eth,asian,Physical Sciences,2015,ret1,98.03,298,304
FR,eth,asian,Physical Sciences,2015,ret2,94.41,287,304
FR,eth,asian,Physical Sciences,2016,grad4,74.92,224,299
FR,eth,asian,Physical Sciences,2016,grad5,89.3,267,299
FR,eth,asian,Physical Sciences,2016,grad6,90.97,272,299
FR,eth,asian,Physical Sciences,2016,ret1,95.32,285,299
FR,eth,asian,Physical Sciences,2016,ret2,91.97,275,299
FR,eth,asian,Physical Sciences,2017,grad4,82.3,186,226
FR,eth,asian,Physical Sciences,2017,grad5,92.48,209,226
FR,eth,asian,Physical Sciences,2017,grad6,93.36,211,226
FR,eth,asian,Physical Sciences,2017,ret1,97.35,220,226
FR,eth,asian,Physical Sciences,2017,ret2,92.92,210,226
FR,eth,asian,Physical Sciences,2018,grad4,85.5,336,393
FR,eth,asian,Physical Sciences,2018,grad5,89.82,353,393
FR,eth,asian,Physical Sciences,2018,grad6,91.6,360,393
FR,eth,asian,Physical Sciences,2018,ret1,95.93,377,393
FR,eth,asian,Physical Sciences,2018,ret2,95.67,376,393
FR,eth,asian,Physical Sciences,2019,grad4,81.25,273,336
FR,eth,asian,Physical Sciences,2019,grad5,89.58,301,336
FR,eth,asian,Physical Sciences,2019,grad6,91.67,308,336
FR,eth,asian,Physical Sciences,2019,ret1,97.62,328,336
FR,eth,asian,Physical Sciences,2019,ret2,93.75,315,336
FR,eth,asian,Physical Sciences,2020,grad4,81.69,299,366
FR,eth,asian,Physical Sciences,2020,grad5,89.07,326,366
FR,eth,asian,Physical Sciences,2020,ret1,96.45,353,366
FR,eth,asian,Physical Sciences,2020,ret2,94.26,345,366
FR,eth,asian,Physical Sciences,2021,grad4,84.9,371,437
FR,eth,asian,Physical Sciences,2021,ret1,95.65,418,437
FR,eth,asian,Physical Sciences,2021,ret2,93.59,409,437
FR,eth,asian,Physical Sciences,2022,ret1,96.0,360,375
FR,eth,asian,Physical Sciences,2022,ret2,93.87,352,375
FR,eth,asian,Physical Sciences,2023,ret1,95.34,327,343
FR,eth,asian,Physical Sciences,2023,ret2,92.13,316,343
FR,eth,asian,Physical Sciences,2024,ret1,97.49,388,398
FR,eth,asian,Public Health (Wertheim),2014,grad4,81.82,18,22
FR,eth,asian,Public Health (Wertheim),2014,grad5,100.0,22,22
FR,eth,asian,Public Health (Wertheim),2014,grad6,100.0,22,22
FR,eth,asian,Public Health (Wertheim),2014,ret1,100.0,22,22
FR,eth,asian,Public Health (Wertheim),2014,ret2,95.45,21,22
FR,eth,asian,Public Health (Wertheim),2015,grad4,76.47,13,17
FR,eth,asian,Public Health (Wertheim),2015,grad5,94.12,16,17
FR,eth,asian,Public Health (Wertheim),2015,grad6,94.12,16,17
FR,eth,asian,Public Health (Wertheim),2015,ret1,100.0,17,17
FR,eth,asian,Public Health (Wertheim),2015,ret2,100.0,17,17
FR,eth,asian,Public Health (Wertheim),2016,grad4,86.67,26,30
FR,eth,asian,Public Health (Wertheim),2016,grad5,90.0,27,30
FR,eth,asian,Public Health (Wertheim),2016,grad6,90.0,27,30
FR,eth,asian,Public Health (Wertheim),2016,ret1,100.0,30,30
FR,eth,asian,Public Health (Wertheim),2016,ret2,100.0,30,30
FR,eth,asian,Public Health (Wertheim),2017,grad4,94.74,18,19
FR,eth,asian,Public Health (Wertheim),2017,grad5,94.74,18,19
FR,eth,asian,Public Health (Wertheim),2017,grad6,94.74,18,19
FR,eth,asian,Public Health (Wertheim),2017,ret1,94.74,18,19
FR,eth,asian,Public Health (Wertheim),2017,ret2,94.74,18,19
FR,eth,asian,Public Health (Wertheim),2019,grad4,94.12,16,17
FR,eth,asian,Public Health (Wertheim),2019,grad5,94.12,16,17
FR,eth,asian,Public Health (Wertheim),2019,grad6,94.12,16,17
FR,eth,asian,Public Health (Wertheim),2019,ret1,94.12,16,17
FR,eth,asian,Public Health (Wertheim),2019,ret2,94.12,16,17
FR,eth,asian,Public Health (Wertheim),2020,grad4,81.82,27,33
FR,eth,asian,Public Health (Wertheim),2020,grad5,90.91,30,33
FR,eth,asian,Public Health (Wertheim),2020,ret1,96.97,32,33
FR,eth,asian,Public Health (Wertheim),2020,ret2,93.94,31,33
FR,eth,asian,Public Health (Wertheim),2021,grad4,87.72,50,57
FR,eth,asian,Public Health (Wertheim),2021,ret1,96.49,55,57
FR,eth,asian,Public Health (Wertheim),2021,ret2,94.74,54,57
FR,eth,asian,Public Health (Wertheim),2022,ret1,96.97,32,33
FR,eth,asian,Public Health (Wertheim),2022,ret2,96.97,32,33
FR,eth,asian,Public Health (Wertheim),2023,ret1,92.11,35,38
FR,eth,asian,Public Health (Wertheim),2023,ret2,94.74,36,38
FR,eth,asian,Public Health (Wertheim),2024,ret1,93.75,60,64
FR,eth,asian,Scripps Institution of Oceanography,2013,grad4,61.11,11,18
FR,eth,asian,Scripps Institution of Oceanography,2013,grad5,83.33,15,18
FR,eth,asian,Scripps Institution of Oceanography,2013,grad6,83.33,15,18
FR,eth,asian,Scripps Institution of Oceanography,2013,ret1,94.44,17,18
FR,eth,asian,Scripps Institution of Oceanography,2013,ret2,88.89,16,18
FR,eth,asian,Scripps Institution of Oceanography,2014,grad4,70.0,21,30
FR,eth,asian,Scripps Institution of Oceanography,2014,grad5,86.67,26,30
FR,eth,asian,Scripps Institution of Oceanography,2014,grad6,90.0,27,30
FR,eth,asian,Scripps Institution of Oceanography,2014,ret1,96.67,29,30
FR,eth,asian,Scripps Institution of Oceanography,2014,ret2,93.33,28,30
FR,eth,asian,Scripps Institution of Oceanography,2015,grad4,75.76,25,33
FR,eth,asian,Scripps Institution of Oceanography,2015,grad5,96.97,32,33
FR,eth,asian,Scripps Institution of Oceanography,2015,grad6,100.0,33,33
FR,eth,asian,Scripps Institution of Oceanography,2015,ret1,100.0,33,33
FR,eth,asian,Scripps Institution of Oceanography,2015,ret2,100.0,33,33
FR,eth,asian,Scripps Institution of Oceanography,2016,grad4,70.97,22,31
FR,eth,asian,Scripps Institution of Oceanography,2016,grad5,90.32,28,31
FR,eth,asian,Scripps Institution of Oceanography,2016,grad6,90.32,28,31
FR,eth,asian,Scripps Institution of Oceanography,2016,ret1,93.55,29,31
FR,eth,asian,Scripps Institution of Oceanography,2016,ret2,90.32,28,31
FR,eth,asian,Scripps Institution of Oceanography,2017,grad4,82.86,29,35
FR,eth,asian,Scripps Institution of Oceanography,2017,grad5,94.29,33,35
FR,eth,asian,Scripps Institution of Oceanography,2017,grad6,100.0,35,35
FR,eth,asian,Scripps Institution of Oceanography,2017,ret1,100.0,35,35
FR,eth,asian,Scripps Institution of Oceanography,2017,ret2,97.14,34,35
FR,eth,asian,Scripps Institution of Oceanography,2018,grad4,90.2,46,51
FR,eth,asian,Scripps Institution of Oceanography,2018,grad5,94.12,48,51
FR,eth,asian,Scripps Institution of Oceanography,2018,grad6,94.12,48,51
FR,eth,asian,Scripps Institution of Oceanography,2018,ret1,96.08,49,51
FR,eth,asian,Scripps Institution of Oceanography,2018,ret2,96.08,49,51
FR,eth,asian,Scripps Institution of Oceanography,2019,grad4,72.09,31,43
FR,eth,asian,Scripps Institution of Oceanography,2019,grad5,74.42,32,43
FR,eth,asian,Scripps Institution of Oceanography,2019,grad6,83.72,36,43
FR,eth,asian,Scripps Institution of Oceanography,2019,ret1,93.02,40,43
FR,eth,asian,Scripps Institution of Oceanography,2019,ret2,90.7,39,43
FR,eth,asian,Scripps Institution of Oceanography,2020,grad4,86.0,43,50
FR,eth,asian,Scripps Institution of Oceanography,2020,grad5,90.0,45,50
FR,eth,asian,Scripps Institution of Oceanography,2020,ret1,96.0,48,50
FR,eth,asian,Scripps Institution of Oceanography,2020,ret2,92.0,46,50
FR,eth,asian,Scripps Institution of Oceanography,2021,grad4,76.47,39,51
FR,eth,asian,Scripps Institution of Oceanography,2021,ret1,92.16,47,51
FR,eth,asian,Scripps Institution of Oceanography,2021,ret2,86.27,44,51
FR,eth,asian,Scripps Institution of Oceanography,2022,ret1,93.75,45,48
FR,eth,asian,Scripps Institution of Oceanography,2022,ret2,89.58,43,48
FR,eth,asian,Scripps Institution of Oceanography,2023,ret1,94.12,64,68
FR,eth,asian,Scripps Institution of Oceanography,2023,ret2,89.71,61,68
FR,eth,asian,Scripps Institution of Oceanography,2024,ret1,98.59,70,71
FR,eth,asian,Social Sciences,2013,grad4,80.3,265,330
FR,eth,asian,Social Sciences,2013,grad5,90.91,300,330
FR,eth,asian,Social Sciences,2013,grad6,92.12,304,330
FR,eth,asian,Social Sciences,2013,ret1,97.27,321,330
FR,eth,asian,Social Sciences,2013,ret2,94.24,311,330
FR,eth,asian,Social Sciences,2014,grad4,81.35,205,252
FR,eth,asian,Social Sciences,2014,grad5,91.27,230,252
FR,eth,asian,Social Sciences,2014,grad6,92.86,234,252
FR,eth,asian,Social Sciences,2014,ret1,96.83,244,252
FR,eth,asian,Social Sciences,2014,ret2,94.44,238,252
FR,eth,asian,Social Sciences,2015,grad4,82.99,200,241
FR,eth,asian,Social Sciences,2015,grad5,92.12,222,241
FR,eth,asian,Social Sciences,2015,grad6,93.36,225,241
FR,eth,asian,Social Sciences,2015,ret1,97.1,234,241
FR,eth,asian,Social Sciences,2015,ret2,95.44,230,241
FR,eth,asian,Social Sciences,2016,grad4,80.05,345,431
FR,eth,asian,Social Sciences,2016,grad5,89.1,384,431
FR,eth,asian,Social Sciences,2016,grad6,90.26,389,431
FR,eth,asian,Social Sciences,2016,ret1,96.06,414,431
FR,eth,asian,Social Sciences,2016,ret2,93.04,401,431
FR,eth,asian,Social Sciences,2017,grad4,84.71,349,412
FR,eth,asian,Social Sciences,2017,grad5,91.5,377,412
FR,eth,asian,Social Sciences,2017,grad6,93.2,384,412
FR,eth,asian,Social Sciences,2017,ret1,96.36,397,412
FR,eth,asian,Social Sciences,2017,ret2,93.2,384,412
FR,eth,asian,Social Sciences,2018,grad4,80.87,444,549
FR,eth,asian,Social Sciences,2018,grad5,88.71,487,549
FR,eth,asian,Social Sciences,2018,grad6,90.71,498,549
FR,eth,asian,Social Sciences,2018,ret1,96.9,532,549
FR,eth,asian,Social Sciences,2018,ret2,93.08,511,549
FR,eth,asian,Social Sciences,2019,grad4,80.42,386,480
FR,eth,asian,Social Sciences,2019,grad5,87.08,418,480
FR,eth,asian,Social Sciences,2019,grad6,88.54,425,480
FR,eth,asian,Social Sciences,2019,ret1,94.17,452,480
FR,eth,asian,Social Sciences,2019,ret2,91.46,439,480
FR,eth,asian,Social Sciences,2020,grad4,82.28,506,615
FR,eth,asian,Social Sciences,2020,grad5,91.06,560,615
FR,eth,asian,Social Sciences,2020,ret1,95.61,588,615
FR,eth,asian,Social Sciences,2020,ret2,92.52,569,615
FR,eth,asian,Social Sciences,2021,grad4,87.65,596,680
FR,eth,asian,Social Sciences,2021,ret1,95.88,652,680
FR,eth,asian,Social Sciences,2021,ret2,93.68,637,680
FR,eth,asian,Social Sciences,2022,ret1,96.3,677,703
FR,eth,asian,Social Sciences,2022,ret2,94.59,665,703
FR,eth,asian,Social Sciences,2023,ret1,97.33,692,711
FR,eth,asian,Social Sciences,2023,ret2,93.25,663,711
FR,eth,asian,Social Sciences,2024,ret1,95.71,780,815
FR,eth,asian,Special,2013,grad4,62.16,184,296
FR,eth,asian,Special,2013,grad5,86.49,256,296
FR,eth,asian,Special,2013,grad6,91.55,271,296
FR,eth,asian,Special,2013,ret1,95.27,282,296
FR,eth,asian,Special,2013,ret2,91.55,271,296
FR,eth,asian,Special,2014,grad4,66.87,218,326
FR,eth,asian,Special,2014,grad5,86.2,281,326
FR,eth,asian,Special,2014,grad6,88.65,289,326
FR,eth,asian,Special,2014,ret1,96.32,314,326
FR,eth,asian,Special,2014,ret2,91.72,299,326
FR,eth,asian,Special,2015,grad4,70.36,216,307
FR,eth,asian,Special,2015,grad5,88.93,273,307
FR,eth,asian,Special,2015,grad6,92.51,284,307
FR,eth,asian,Special,2015,ret1,97.07,298,307
FR,eth,asian,Special,2015,ret2,95.44,293,307
FR,eth,asian,Special,2016,grad4,69.8,208,298
FR,eth,asian,Special,2016,grad5,86.91,259,298
FR,eth,asian,Special,2016,grad6,88.93,265,298
FR,eth,asian,Special,2016,ret1,94.3,281,298
FR,eth,asian,Special,2016,ret2,89.93,268,298
FR,eth,asian,Special,2017,grad4,73.73,160,217
FR,eth,asian,Special,2017,grad5,88.02,191,217
FR,eth,asian,Special,2017,grad6,91.24,198,217
FR,eth,asian,Special,2017,ret1,94.93,206,217
FR,eth,asian,Special,2017,ret2,93.55,203,217
FR,eth,asian,Special,2018,grad4,69.35,172,248
FR,eth,asian,Special,2018,grad5,83.47,207,248
FR,eth,asian,Special,2018,grad6,86.29,214,248
FR,eth,asian,Special,2018,ret1,93.15,231,248
FR,eth,asian,Special,2018,ret2,92.74,230,248
FR,eth,asian,Special,2019,grad4,72.43,134,185
FR,eth,asian,Special,2019,grad5,88.11,163,185
FR,eth,asian,Special,2019,grad6,90.27,167,185
FR,eth,asian,Special,2019,ret1,96.22,178,185
FR,eth,asian,Special,2019,ret2,90.81,168,185
FR,eth,asian,Special,2020,grad4,73.29,118,161
FR,eth,asian,Special,2020,grad5,87.58,141,161
FR,eth,asian,Special,2020,ret1,95.03,153,161
FR,eth,asian,Special,2020,ret2,90.06,145,161
FR,eth,asian,Special,2021,grad4,79.59,195,245
FR,eth,asian,Special,2021,ret1,94.69,232,245
FR,eth,asian,Special,2021,ret2,92.65,227,245
FR,eth,asian,Special,2022,ret1,93.06,134,144
FR,eth,asian,Special,2022,ret2,92.36,133,144
FR,eth,asian,Special,2023,ret1,93.6,117,125
FR,eth,asian,Special,2023,ret2,85.6,107,125
FR,eth,asian,Special,2024,ret1,92.41,134,145
FR,eth,black,Arts & Humanities,2019,grad5,68.75,11,16
FR,eth,black,Arts & Humanities,2019,grad6,68.75,11,16
FR,eth,black,Arts & Humanities,2019,ret1,93.75,15,16
FR,eth,black,Arts & Humanities,2019,ret2,81.25,13,16
FR,eth,black,Arts & Humanities,2020,ret1,84.62,11,13
FR,eth,black,Arts & Humanities,2022,ret1,81.82,18,22
FR,eth,black,Arts & Humanities,2022,ret2,81.82,18,22
FR,eth,black,Arts & Humanities,2023,ret1,90.0,18,20
FR,eth,black,Arts & Humanities,2023,ret2,90.0,18,20
FR,eth,black,Arts & Humanities,2024,ret1,100.0,18,18
FR,eth,black,Biology,2013,grad4,50.0,19,38
FR,eth,black,Biology,2013,grad5,78.95,30,38
FR,eth,black,Biology,2013,grad6,78.95,30,38
FR,eth,black,Biology,2013,ret1,94.74,36,38
FR,eth,black,Biology,2013,ret2,86.84,33,38
FR,eth,black,Biology,2014,grad4,59.38,19,32
FR,eth,black,Biology,2014,grad5,84.38,27,32
FR,eth,black,Biology,2014,grad6,84.38,27,32
FR,eth,black,Biology,2014,ret1,93.75,30,32
FR,eth,black,Biology,2014,ret2,93.75,30,32
FR,eth,black,Biology,2015,grad4,63.64,14,22
FR,eth,black,Biology,2015,grad5,86.36,19,22
FR,eth,black,Biology,2015,grad6,86.36,19,22
FR,eth,black,Biology,2015,ret1,95.45,21,22
FR,eth,black,Biology,2015,ret2,86.36,19,22
FR,eth,black,Biology,2016,grad4,69.7,23,33
FR,eth,black,Biology,2016,grad5,75.76,25,33
FR,eth,black,Biology,2016,grad6,84.85,28,33
FR,eth,black,Biology,2016,ret1,93.94,31,33
FR,eth,black,Biology,2016,ret2,87.88,29,33
FR,eth,black,Biology,2017,grad4,60.0,27,45
FR,eth,black,Biology,2017,grad5,75.56,34,45
FR,eth,black,Biology,2017,grad6,77.78,35,45
FR,eth,black,Biology,2017,ret1,88.89,40,45
FR,eth,black,Biology,2017,ret2,88.89,40,45
FR,eth,black,Biology,2018,grad4,48.57,17,35
FR,eth,black,Biology,2018,grad5,62.86,22,35
FR,eth,black,Biology,2018,grad6,77.14,27,35
FR,eth,black,Biology,2018,ret1,94.29,33,35
FR,eth,black,Biology,2018,ret2,94.29,33,35
FR,eth,black,Biology,2019,grad4,56.82,25,44
FR,eth,black,Biology,2019,grad5,63.64,28,44
FR,eth,black,Biology,2019,grad6,63.64,28,44
FR,eth,black,Biology,2019,ret1,88.64,39,44
FR,eth,black,Biology,2019,ret2,86.36,38,44
FR,eth,black,Biology,2020,grad4,56.82,25,44
FR,eth,black,Biology,2020,grad5,81.82,36,44
FR,eth,black,Biology,2020,ret1,88.64,39,44
FR,eth,black,Biology,2020,ret2,81.82,36,44
FR,eth,black,Biology,2021,grad4,66.67,34,51
FR,eth,black,Biology,2021,ret1,90.2,46,51
FR,eth,black,Biology,2021,ret2,92.16,47,51
FR,eth,black,Biology,2022,ret1,94.34,50,53
FR,eth,black,Biology,2022,ret2,88.68,47,53
FR,eth,black,Biology,2023,ret1,90.57,48,53
FR,eth,black,Biology,2023,ret2,90.57,48,53
FR,eth,black,Biology,2024,ret1,90.74,49,54
FR,eth,black,Engineering,2013,grad5,70.0,14,20
FR,eth,black,Engineering,2013,grad6,75.0,15,20
FR,eth,black,Engineering,2013,ret1,90.0,18,20
FR,eth,black,Engineering,2013,ret2,80.0,16,20
FR,eth,black,Engineering,2014,ret1,100.0,11,11
FR,eth,black,Engineering,2014,ret2,100.0,11,11
FR,eth,black,Engineering,2015,grad5,85.71,12,14
FR,eth,black,Engineering,2015,grad6,85.71,12,14
FR,eth,black,Engineering,2015,ret1,92.86,13,14
FR,eth,black,Engineering,2015,ret2,92.86,13,14
FR,eth,black,Engineering,2016,ret1,91.67,11,12
FR,eth,black,Engineering,2016,ret2,83.33,10,12
FR,eth,black,Engineering,2017,ret1,83.33,10,12
FR,eth,black,Engineering,2017,ret2,83.33,10,12
FR,eth,black,Engineering,2018,grad4,70.0,14,20
FR,eth,black,Engineering,2018,grad5,75.0,15,20
FR,eth,black,Engineering,2018,grad6,80.0,16,20
FR,eth,black,Engineering,2018,ret1,95.0,19,20
FR,eth,black,Engineering,2018,ret2,90.0,18,20
FR,eth,black,Engineering,2019,grad6,90.91,10,11
FR,eth,black,Engineering,2019,ret1,90.91,10,11
FR,eth,black,Engineering,2019,ret2,90.91,10,11
FR,eth,black,Engineering,2020,grad4,57.14,16,28
FR,eth,black,Engineering,2020,grad5,64.29,18,28
FR,eth,black,Engineering,2020,ret1,96.43,27,28
FR,eth,black,Engineering,2020,ret2,89.29,25,28
FR,eth,black,Engineering,2021,grad4,41.03,16,39
FR,eth,black,Engineering,2021,ret1,84.62,33,39
FR,eth,black,Engineering,2021,ret2,82.05,32,39
FR,eth,black,Engineering,2022,ret1,89.29,25,28
FR,eth,black,Engineering,2022,ret2,85.71,24,28
FR,eth,black,Engineering,2023,ret1,88.57,31,35
FR,eth,black,Engineering,2023,ret2,74.29,26,35
FR,eth,black,Engineering,2024,ret1,85.71,30,35
FR,eth,black,Physical Sciences,2013,grad6,76.92,10,13
FR,eth,black,Physical Sciences,2013,ret1,92.31,12,13
FR,eth,black,Physical Sciences,2013,ret2,76.92,10,13
FR,eth,black,Physical Sciences,2016,grad5,82.35,14,17
FR,eth,black,Physical Sciences,2016,grad6,82.35,14,17
FR,eth,black,Physical Sciences,2016,ret1,100.0,17,17
FR,eth,black,Physical Sciences,2016,ret2,100.0,17,17
FR,eth,black,Physical Sciences,2017,grad6,100.0,10,10
FR,eth,black,Physical Sciences,2017,ret1,100.0,10,10
FR,eth,black,Physical Sciences,2017,ret2,100.0,10,10
FR,eth,black,Physical Sciences,2018,grad4,65.22,15,23
FR,eth,black,Physical Sciences,2018,grad5,69.57,16,23
FR,eth,black,Physical Sciences,2018,grad6,78.26,18,23
FR,eth,black,Physical Sciences,2018,ret1,95.65,22,23
FR,eth,black,Physical Sciences,2018,ret2,91.3,21,23
FR,eth,black,Physical Sciences,2019,grad4,51.72,15,29
FR,eth,black,Physical Sciences,2019,grad5,68.97,20,29
FR,eth,black,Physical Sciences,2019,grad6,72.41,21,29
FR,eth,black,Physical Sciences,2019,ret1,93.1,27,29
FR,eth,black,Physical Sciences,2019,ret2,82.76,24,29
FR,eth,black,Physical Sciences,2020,grad4,72.22,13,18
FR,eth,black,Physical Sciences,2020,grad5,88.89,16,18
FR,eth,black,Physical Sciences,2020,ret1,94.44,17,18
FR,eth,black,Physical Sciences,2020,ret2,88.89,16,18
FR,eth,black,Physical Sciences,2021,grad4,70.0,14,20
FR,eth,black,Physical Sciences,2021,ret1,85.0,17,20
FR,eth,black,Physical Sciences,2021,ret2,85.0,17,20
FR,eth,black,Physical Sciences,2022,ret1,90.91,20,22
FR,eth,black,Physical Sciences,2022,ret2,90.91,20,22
FR,eth,black,Physical Sciences,2023,ret1,100.0,24,24
FR,eth,black,Physical Sciences,2023,ret2,95.83,23,24
FR,eth,black,Physical Sciences,2024,ret1,80.95,17,21
FR,eth,black,Social Sciences,2013,grad4,57.14,12,21
FR,eth,black,Social Sciences,2013,grad5,76.19,16,21
FR,eth,black,Social Sciences,2013,grad6,85.71,18,21
FR,eth,black,Social Sciences,2013,ret1,95.24,20,21
FR,eth,black,Social Sciences,2013,ret2,90.48,19,21
FR,eth,black,Social Sciences,2014,grad4,66.67,12,18
FR,eth,black,Social Sciences,2014,grad5,72.22,13,18
FR,eth,black,Social Sciences,2014,grad6,72.22,13,18
FR,eth,black,Social Sciences,2014,ret1,88.89,16,18
FR,eth,black,Social Sciences,2014,ret2,72.22,13,18
FR,eth,black,Social Sciences,2015,grad4,75.0,12,16
FR,eth,black,Social Sciences,2015,grad5,87.5,14,16
FR,eth,black,Social Sciences,2015,grad6,93.75,15,16
FR,eth,black,Social Sciences,2015,ret1,93.75,15,16
FR,eth,black,Social Sciences,2015,ret2,93.75,15,16
FR,eth,black,Social Sciences,2016,grad4,55.26,21,38
FR,eth,black,Social Sciences,2016,grad5,71.05,27,38
FR,eth,black,Social Sciences,2016,grad6,73.68,28,38
FR,eth,black,Social Sciences,2016,ret1,92.11,35,38
FR,eth,black,Social Sciences,2016,ret2,92.11,35,38
FR,eth,black,Social Sciences,2017,grad4,81.82,27,33
FR,eth,black,Social Sciences,2017,grad5,87.88,29,33
FR,eth,black,Social Sciences,2017,grad6,93.94,31,33
FR,eth,black,Social Sciences,2017,ret1,96.97,32,33
FR,eth,black,Social Sciences,2017,ret2,96.97,32,33
FR,eth,black,Social Sciences,2018,grad4,63.64,28,44
FR,eth,black,Social Sciences,2018,grad5,70.45,31,44
FR,eth,black,Social Sciences,2018,grad6,79.55,35,44
FR,eth,black,Social Sciences,2018,ret1,93.18,41,44
FR,eth,black,Social Sciences,2018,ret2,88.64,39,44
FR,eth,black,Social Sciences,2019,grad4,66.67,32,48
FR,eth,black,Social Sciences,2019,grad5,81.25,39,48
FR,eth,black,Social Sciences,2019,grad6,83.33,40,48
FR,eth,black,Social Sciences,2019,ret1,95.83,46,48
FR,eth,black,Social Sciences,2019,ret2,87.5,42,48
FR,eth,black,Social Sciences,2020,grad4,69.49,41,59
FR,eth,black,Social Sciences,2020,grad5,76.27,45,59
FR,eth,black,Social Sciences,2020,ret1,94.92,56,59
FR,eth,black,Social Sciences,2020,ret2,88.14,52,59
FR,eth,black,Social Sciences,2021,grad4,60.71,34,56
FR,eth,black,Social Sciences,2021,ret1,85.71,48,56
FR,eth,black,Social Sciences,2021,ret2,83.93,47,56
FR,eth,black,Social Sciences,2022,ret1,93.83,76,81
FR,eth,black,Social Sciences,2022,ret2,86.42,70,81
FR,eth,black,Social Sciences,2023,ret1,86.36,76,88
FR,eth,black,Social Sciences,2023,ret2,76.14,67,88
FR,eth,black,Social Sciences,2024,ret1,95.18,79,83
FR,eth,black,Special,2013,grad4,62.5,10,16
FR,eth,black,Special,2013,grad5,75.0,12,16
FR,eth,black,Special,2013,grad6,81.25,13,16
FR,eth,black,Special,2013,ret1,87.5,14,16
FR,eth,black,Special,2013,ret2,75.0,12,16
FR,eth,black,Special,2014,ret1,100.0,14,14
FR,eth,black,Special,2014,ret2,85.71,12,14
FR,eth,black,Special,2016,grad4,61.54,16,26
FR,eth,black,Special,2016,grad5,73.08,19,26
FR,eth,black,Special,2016,grad6,76.92,20,26
FR,eth,black,Special,2016,ret1,92.31,24,26
FR,eth,black,Special,2016,ret2,84.62,22,26
FR,eth,black,Special,2017,grad4,66.67,10,15
FR,eth,black,Special,2017,grad5,73.33,11,15
FR,eth,black,Special,2017,grad6,73.33,11,15
FR,eth,black,Special,2017,ret1,93.33,14,15
FR,eth,black,Special,2017,ret2,86.67,13,15
FR,eth,black,Special,2018,grad5,56.0,14,25
FR,eth,black,Special,2018,grad6,60.0,15,25
FR,eth,black,Special,2018,ret1,76.0,19,25
FR,eth,black,Special,2018,ret2,72.0,18,25
FR,eth,black,Special,2019,grad4,52.38,11,21
FR,eth,black,Special,2019,grad5,71.43,15,21
FR,eth,black,Special,2019,grad6,71.43,15,21
FR,eth,black,Special,2019,ret1,85.71,18,21
FR,eth,black,Special,2019,ret2,76.19,16,21
FR,eth,black,Special,2020,ret1,92.31,12,13
FR,eth,black,Special,2020,ret2,76.92,10,13
FR,eth,black,Special,2021,grad4,42.86,12,28
FR,eth,black,Special,2021,ret1,71.43,20,28
FR,eth,black,Special,2021,ret2,67.86,19,28
FR,eth,black,Special,2022,ret1,83.87,26,31
FR,eth,black,Special,2022,ret2,70.97,22,31
FR,eth,black,Special,2023,ret1,92.86,13,14
FR,eth,black,Special,2023,ret2,85.71,12,14
FR,eth,black,Special,2024,ret1,94.44,17,18
FR,eth,hispanic_latino,Arts & Humanities,2013,grad4,51.61,16,31
FR,eth,hispanic_latino,Arts & Humanities,2013,grad5,83.87,26,31
FR,eth,hispanic_latino,Arts & Humanities,2013,grad6,83.87,26,31
FR,eth,hispanic_latino,Arts & Humanities,2013,ret1,93.55,29,31
FR,eth,hispanic_latino,Arts & Humanities,2013,ret2,83.87,26,31
FR,eth,hispanic_latino,Arts & Humanities,2014,grad4,74.29,26,35
FR,eth,hispanic_latino,Arts & Humanities,2014,grad5,82.86,29,35
FR,eth,hispanic_latino,Arts & Humanities,2014,grad6,82.86,29,35
FR,eth,hispanic_latino,Arts & Humanities,2014,ret1,88.57,31,35
FR,eth,hispanic_latino,Arts & Humanities,2014,ret2,88.57,31,35
FR,eth,hispanic_latino,Arts & Humanities,2015,grad4,65.62,21,32
FR,eth,hispanic_latino,Arts & Humanities,2015,grad5,78.12,25,32
FR,eth,hispanic_latino,Arts & Humanities,2015,grad6,84.38,27,32
FR,eth,hispanic_latino,Arts & Humanities,2015,ret1,100.0,32,32
FR,eth,hispanic_latino,Arts & Humanities,2015,ret2,90.62,29,32
FR,eth,hispanic_latino,Arts & Humanities,2016,grad4,73.47,36,49
FR,eth,hispanic_latino,Arts & Humanities,2016,grad5,85.71,42,49
FR,eth,hispanic_latino,Arts & Humanities,2016,grad6,91.84,45,49
FR,eth,hispanic_latino,Arts & Humanities,2016,ret1,97.96,48,49
FR,eth,hispanic_latino,Arts & Humanities,2016,ret2,87.76,43,49
FR,eth,hispanic_latino,Arts & Humanities,2017,grad4,68.25,43,63
FR,eth,hispanic_latino,Arts & Humanities,2017,grad5,73.02,46,63
FR,eth,hispanic_latino,Arts & Humanities,2017,grad6,73.02,46,63
FR,eth,hispanic_latino,Arts & Humanities,2017,ret1,93.65,59,63
FR,eth,hispanic_latino,Arts & Humanities,2017,ret2,88.89,56,63
FR,eth,hispanic_latino,Arts & Humanities,2018,grad4,60.49,49,81
FR,eth,hispanic_latino,Arts & Humanities,2018,grad5,69.14,56,81
FR,eth,hispanic_latino,Arts & Humanities,2018,grad6,75.31,61,81
FR,eth,hispanic_latino,Arts & Humanities,2018,ret1,85.19,69,81
FR,eth,hispanic_latino,Arts & Humanities,2018,ret2,82.72,67,81
FR,eth,hispanic_latino,Arts & Humanities,2019,grad4,58.49,31,53
FR,eth,hispanic_latino,Arts & Humanities,2019,grad5,67.92,36,53
FR,eth,hispanic_latino,Arts & Humanities,2019,grad6,69.81,37,53
FR,eth,hispanic_latino,Arts & Humanities,2019,ret1,90.57,48,53
FR,eth,hispanic_latino,Arts & Humanities,2019,ret2,79.25,42,53
FR,eth,hispanic_latino,Arts & Humanities,2020,grad4,78.18,43,55
FR,eth,hispanic_latino,Arts & Humanities,2020,grad5,85.45,47,55
FR,eth,hispanic_latino,Arts & Humanities,2020,ret1,96.36,53,55
FR,eth,hispanic_latino,Arts & Humanities,2020,ret2,90.91,50,55
FR,eth,hispanic_latino,Arts & Humanities,2021,grad4,61.73,50,81
FR,eth,hispanic_latino,Arts & Humanities,2021,ret1,86.42,70,81
FR,eth,hispanic_latino,Arts & Humanities,2021,ret2,79.01,64,81
FR,eth,hispanic_latino,Arts & Humanities,2022,ret1,95.83,92,96
FR,eth,hispanic_latino,Arts & Humanities,2022,ret2,89.58,86,96
FR,eth,hispanic_latino,Arts & Humanities,2023,ret1,88.68,94,106
FR,eth,hispanic_latino,Arts & Humanities,2023,ret2,85.85,91,106
FR,eth,hispanic_latino,Arts & Humanities,2024,ret1,86.9,73,84
FR,eth,hispanic_latino,Biology,2013,grad4,57.71,116,201
FR,eth,hispanic_latino,Biology,2013,grad5,82.09,165,201
FR,eth,hispanic_latino,Biology,2013,grad6,84.58,170,201
FR,eth,hispanic_latino,Biology,2013,ret1,97.01,195,201
FR,eth,hispanic_latino,Biology,2013,ret2,89.55,180,201
FR,eth,hispanic_latino,Biology,2014,grad4,56.42,123,218
FR,eth,hispanic_latino,Biology,2014,grad5,72.48,158,218
FR,eth,hispanic_latino,Biology,2014,grad6,79.36,173,218
FR,eth,hispanic_latino,Biology,2014,ret1,91.28,199,218
FR,eth,hispanic_latino,Biology,2014,ret2,88.07,192,218
FR,eth,hispanic_latino,Biology,2015,grad4,62.69,121,193
FR,eth,hispanic_latino,Biology,2015,grad5,81.87,158,193
FR,eth,hispanic_latino,Biology,2015,grad6,84.46,163,193
FR,eth,hispanic_latino,Biology,2015,ret1,95.85,185,193
FR,eth,hispanic_latino,Biology,2015,ret2,91.71,177,193
FR,eth,hispanic_latino,Biology,2016,grad4,61.27,193,315
FR,eth,hispanic_latino,Biology,2016,grad5,80.95,255,315
FR,eth,hispanic_latino,Biology,2016,grad6,84.13,265,315
FR,eth,hispanic_latino,Biology,2016,ret1,92.38,291,315
FR,eth,hispanic_latino,Biology,2016,ret2,88.89,280,315
FR,eth,hispanic_latino,Biology,2017,grad4,69.16,213,308
FR,eth,hispanic_latino,Biology,2017,grad5,79.55,245,308
FR,eth,hispanic_latino,Biology,2017,grad6,83.12,256,308
FR,eth,hispanic_latino,Biology,2017,ret1,92.21,284,308
FR,eth,hispanic_latino,Biology,2017,ret2,85.71,264,308
FR,eth,hispanic_latino,Biology,2018,grad4,60.26,188,312
FR,eth,hispanic_latino,Biology,2018,grad5,73.72,230,312
FR,eth,hispanic_latino,Biology,2018,grad6,75.96,237,312
FR,eth,hispanic_latino,Biology,2018,ret1,90.71,283,312
FR,eth,hispanic_latino,Biology,2018,ret2,85.26,266,312
FR,eth,hispanic_latino,Biology,2019,grad4,60.48,202,334
FR,eth,hispanic_latino,Biology,2019,grad5,73.35,245,334
FR,eth,hispanic_latino,Biology,2019,grad6,76.35,255,334
FR,eth,hispanic_latino,Biology,2019,ret1,92.51,309,334
FR,eth,hispanic_latino,Biology,2019,ret2,85.93,287,334
FR,eth,hispanic_latino,Biology,2020,grad4,67.29,179,266
FR,eth,hispanic_latino,Biology,2020,grad5,75.94,202,266
FR,eth,hispanic_latino,Biology,2020,ret1,92.11,245,266
FR,eth,hispanic_latino,Biology,2020,ret2,86.84,231,266
FR,eth,hispanic_latino,Biology,2021,grad4,67.46,228,338
FR,eth,hispanic_latino,Biology,2021,ret1,87.87,297,338
FR,eth,hispanic_latino,Biology,2021,ret2,84.62,286,338
FR,eth,hispanic_latino,Biology,2022,ret1,92.84,337,363
FR,eth,hispanic_latino,Biology,2022,ret2,90.91,330,363
FR,eth,hispanic_latino,Biology,2023,ret1,92.97,410,441
FR,eth,hispanic_latino,Biology,2023,ret2,88.66,391,441
FR,eth,hispanic_latino,Biology,2024,ret1,91.52,356,389
FR,eth,hispanic_latino,Engineering,2013,grad4,47.78,97,203
FR,eth,hispanic_latino,Engineering,2013,grad5,74.88,152,203
FR,eth,hispanic_latino,Engineering,2013,grad6,79.8,162,203
FR,eth,hispanic_latino,Engineering,2013,ret1,96.06,195,203
FR,eth,hispanic_latino,Engineering,2013,ret2,88.18,179,203
FR,eth,hispanic_latino,Engineering,2014,grad4,37.86,39,103
FR,eth,hispanic_latino,Engineering,2014,grad5,76.7,79,103
FR,eth,hispanic_latino,Engineering,2014,grad6,83.5,86,103
FR,eth,hispanic_latino,Engineering,2014,ret1,92.23,95,103
FR,eth,hispanic_latino,Engineering,2014,ret2,88.35,91,103
FR,eth,hispanic_latino,Engineering,2015,grad4,48.28,56,116
FR,eth,hispanic_latino,Engineering,2015,grad5,79.31,92,116
FR,eth,hispanic_latino,Engineering,2015,grad6,87.07,101,116
FR,eth,hispanic_latino,Engineering,2015,ret1,92.24,107,116
FR,eth,hispanic_latino,Engineering,2015,ret2,89.66,104,116
FR,eth,hispanic_latino,Engineering,2016,grad4,46.85,52,111
FR,eth,hispanic_latino,Engineering,2016,grad5,79.28,88,111
FR,eth,hispanic_latino,Engineering,2016,grad6,82.88,92,111
FR,eth,hispanic_latino,Engineering,2016,ret1,95.5,106,111
FR,eth,hispanic_latino,Engineering,2016,ret2,93.69,104,111
FR,eth,hispanic_latino,Engineering,2017,grad4,59.62,158,265
FR,eth,hispanic_latino,Engineering,2017,grad5,78.11,207,265
FR,eth,hispanic_latino,Engineering,2017,grad6,81.51,216,265
FR,eth,hispanic_latino,Engineering,2017,ret1,93.96,249,265
FR,eth,hispanic_latino,Engineering,2017,ret2,88.3,234,265
FR,eth,hispanic_latino,Engineering,2018,grad4,55.91,123,220
FR,eth,hispanic_latino,Engineering,2018,grad5,75.45,166,220
FR,eth,hispanic_latino,Engineering,2018,grad6,79.55,175,220
FR,eth,hispanic_latino,Engineering,2018,ret1,93.18,205,220
FR,eth,hispanic_latino,Engineering,2018,ret2,90.0,198,220
FR,eth,hispanic_latino,Engineering,2019,grad4,56.08,106,189
FR,eth,hispanic_latino,Engineering,2019,grad5,71.96,136,189
FR,eth,hispanic_latino,Engineering,2019,grad6,78.84,149,189
FR,eth,hispanic_latino,Engineering,2019,ret1,96.83,183,189
FR,eth,hispanic_latino,Engineering,2019,ret2,91.53,173,189
FR,eth,hispanic_latino,Engineering,2020,grad4,55.85,105,188
FR,eth,hispanic_latino,Engineering,2020,grad5,77.66,146,188
FR,eth,hispanic_latino,Engineering,2020,ret1,92.55,174,188
FR,eth,hispanic_latino,Engineering,2020,ret2,86.7,163,188
FR,eth,hispanic_latino,Engineering,2021,grad4,54.39,161,296
FR,eth,hispanic_latino,Engineering,2021,ret1,90.2,267,296
FR,eth,hispanic_latino,Engineering,2021,ret2,86.49,256,296
FR,eth,hispanic_latino,Engineering,2022,ret1,93.31,251,269
FR,eth,hispanic_latino,Engineering,2022,ret2,89.59,241,269
FR,eth,hispanic_latino,Engineering,2023,ret1,90.65,281,310
FR,eth,hispanic_latino,Engineering,2023,ret2,83.87,260,310
FR,eth,hispanic_latino,Engineering,2024,ret1,94.65,301,318
FR,eth,hispanic_latino,Global Policy & Strategy,2014,ret1,100.0,11,11
FR,eth,hispanic_latino,Global Policy & Strategy,2015,ret1,100.0,10,10
FR,eth,hispanic_latino,Global Policy & Strategy,2016,grad4,69.57,32,46
FR,eth,hispanic_latino,Global Policy & Strategy,2016,grad5,80.43,37,46
FR,eth,hispanic_latino,Global Policy & Strategy,2016,grad6,80.43,37,46
FR,eth,hispanic_latino,Global Policy & Strategy,2016,ret1,84.78,39,46
FR,eth,hispanic_latino,Global Policy & Strategy,2016,ret2,84.78,39,46
FR,eth,hispanic_latino,Global Policy & Strategy,2017,grad4,84.0,21,25
FR,eth,hispanic_latino,Global Policy & Strategy,2017,grad5,92.0,23,25
FR,eth,hispanic_latino,Global Policy & Strategy,2017,grad6,92.0,23,25
FR,eth,hispanic_latino,Global Policy & Strategy,2017,ret1,100.0,25,25
FR,eth,hispanic_latino,Global Policy & Strategy,2017,ret2,100.0,25,25
FR,eth,hispanic_latino,Global Policy & Strategy,2018,grad4,76.6,36,47
FR,eth,hispanic_latino,Global Policy & Strategy,2018,grad5,87.23,41,47
FR,eth,hispanic_latino,Global Policy & Strategy,2018,grad6,87.23,41,47
FR,eth,hispanic_latino,Global Policy & Strategy,2018,ret1,93.62,44,47
FR,eth,hispanic_latino,Global Policy & Strategy,2018,ret2,87.23,41,47
FR,eth,hispanic_latino,Global Policy & Strategy,2019,grad4,78.43,40,51
FR,eth,hispanic_latino,Global Policy & Strategy,2019,grad5,84.31,43,51
FR,eth,hispanic_latino,Global Policy & Strategy,2019,grad6,84.31,43,51
FR,eth,hispanic_latino,Global Policy & Strategy,2019,ret1,98.04,50,51
FR,eth,hispanic_latino,Global Policy & Strategy,2019,ret2,94.12,48,51
FR,eth,hispanic_latino,Global Policy & Strategy,2020,grad4,65.0,26,40
FR,eth,hispanic_latino,Global Policy & Strategy,2020,grad5,72.5,29,40
FR,eth,hispanic_latino,Global Policy & Strategy,2020,ret1,95.0,38,40
FR,eth,hispanic_latino,Global Policy & Strategy,2020,ret2,82.5,33,40
FR,eth,hispanic_latino,Global Policy & Strategy,2021,grad4,76.47,39,51
FR,eth,hispanic_latino,Global Policy & Strategy,2021,ret1,92.16,47,51
FR,eth,hispanic_latino,Global Policy & Strategy,2021,ret2,86.27,44,51
FR,eth,hispanic_latino,Global Policy & Strategy,2022,ret1,86.89,53,61
FR,eth,hispanic_latino,Global Policy & Strategy,2022,ret2,81.97,50,61
FR,eth,hispanic_latino,Global Policy & Strategy,2023,ret1,91.14,72,79
FR,eth,hispanic_latino,Global Policy & Strategy,2023,ret2,86.08,68,79
FR,eth,hispanic_latino,Global Policy & Strategy,2024,ret1,91.04,61,67
FR,eth,hispanic_latino,Halicioğlu Data Science Institute,2022,ret1,94.12,16,17
FR,eth,hispanic_latino,Halicioğlu Data Science Institute,2022,ret2,94.12,16,17
FR,eth,hispanic_latino,Halicioğlu Data Science Institute,2023,ret1,100.0,16,16
FR,eth,hispanic_latino,Halicioğlu Data Science Institute,2023,ret2,100.0,16,16
FR,eth,hispanic_latino,Halicioğlu Data Science Institute,2024,ret1,92.31,24,26
FR,eth,hispanic_latino,Physical Sciences,2013,grad4,50.72,35,69
FR,eth,hispanic_latino,Physical Sciences,2013,grad5,71.01,49,69
FR,eth,hispanic_latino,Physical Sciences,2013,grad6,75.36,52,69
FR,eth,hispanic_latino,Physical Sciences,2013,ret1,91.3,63,69
FR,eth,hispanic_latino,Physical Sciences,2013,ret2,86.96,60,69
FR,eth,hispanic_latino,Physical Sciences,2014,grad4,55.56,60,108
FR,eth,hispanic_latino,Physical Sciences,2014,grad5,76.85,83,108
FR,eth,hispanic_latino,Physical Sciences,2014,grad6,79.63,86,108
FR,eth,hispanic_latino,Physical Sciences,2014,ret1,92.59,100,108
FR,eth,hispanic_latino,Physical Sciences,2014,ret2,87.04,94,108
FR,eth,hispanic_latino,Physical Sciences,2015,grad4,51.81,43,83
FR,eth,hispanic_latino,Physical Sciences,2015,grad5,81.93,68,83
FR,eth,hispanic_latino,Physical Sciences,2015,grad6,83.13,69,83
FR,eth,hispanic_latino,Physical Sciences,2015,ret1,92.77,77,83
FR,eth,hispanic_latino,Physical Sciences,2015,ret2,86.75,72,83
FR,eth,hispanic_latino,Physical Sciences,2016,grad4,52.85,65,123
FR,eth,hispanic_latino,Physical Sciences,2016,grad5,71.54,88,123
FR,eth,hispanic_latino,Physical Sciences,2016,grad6,73.98,91,123
FR,eth,hispanic_latino,Physical Sciences,2016,ret1,86.99,107,123
FR,eth,hispanic_latino,Physical Sciences,2016,ret2,84.55,104,123
FR,eth,hispanic_latino,Physical Sciences,2017,grad4,61.15,85,139
FR,eth,hispanic_latino,Physical Sciences,2017,grad5,76.98,107,139
FR,eth,hispanic_latino,Physical Sciences,2017,grad6,76.98,107,139
FR,eth,hispanic_latino,Physical Sciences,2017,ret1,90.65,126,139
FR,eth,hispanic_latino,Physical Sciences,2017,ret2,83.45,116,139
FR,eth,hispanic_latino,Physical Sciences,2018,grad4,56.99,110,193
FR,eth,hispanic_latino,Physical Sciences,2018,grad5,70.98,137,193
FR,eth,hispanic_latino,Physical Sciences,2018,grad6,74.61,144,193
FR,eth,hispanic_latino,Physical Sciences,2018,ret1,90.16,174,193
FR,eth,hispanic_latino,Physical Sciences,2018,ret2,85.49,165,193
FR,eth,hispanic_latino,Physical Sciences,2019,grad4,63.55,129,203
FR,eth,hispanic_latino,Physical Sciences,2019,grad5,75.86,154,203
FR,eth,hispanic_latino,Physical Sciences,2019,grad6,78.33,159,203
FR,eth,hispanic_latino,Physical Sciences,2019,ret1,93.1,189,203
FR,eth,hispanic_latino,Physical Sciences,2019,ret2,84.73,172,203
FR,eth,hispanic_latino,Physical Sciences,2020,grad4,63.41,78,123
FR,eth,hispanic_latino,Physical Sciences,2020,grad5,71.54,88,123
FR,eth,hispanic_latino,Physical Sciences,2020,ret1,89.43,110,123
FR,eth,hispanic_latino,Physical Sciences,2020,ret2,83.74,103,123
FR,eth,hispanic_latino,Physical Sciences,2021,grad4,63.13,113,179
FR,eth,hispanic_latino,Physical Sciences,2021,ret1,94.41,169,179
FR,eth,hispanic_latino,Physical Sciences,2021,ret2,88.83,159,179
FR,eth,hispanic_latino,Physical Sciences,2022,ret1,91.37,180,197
FR,eth,hispanic_latino,Physical Sciences,2022,ret2,85.79,169,197
FR,eth,hispanic_latino,Physical Sciences,2023,ret1,91.58,174,190
FR,eth,hispanic_latino,Physical Sciences,2023,ret2,87.37,166,190
FR,eth,hispanic_latino,Physical Sciences,2024,ret1,88.79,190,214
FR,eth,hispanic_latino,Public Health (Wertheim),2014,grad5,85.71,12,14
FR,eth,hispanic_latino,Public Health (Wertheim),2014,grad6,85.71,12,14
FR,eth,hispanic_latino,Public Health (Wertheim),2014,ret1,85.71,12,14
FR,eth,hispanic_latino,Public Health (Wertheim),2014,ret2,85.71,12,14
FR,eth,hispanic_latino,Public Health (Wertheim),2016,grad4,90.91,10,11
FR,eth,hispanic_latino,Public Health (Wertheim),2016,grad5,90.91,10,11
FR,eth,hispanic_latino,Public Health (Wertheim),2016,grad6,90.91,10,11
FR,eth,hispanic_latino,Public Health (Wertheim),2016,ret1,90.91,10,11
FR,eth,hispanic_latino,Public Health (Wertheim),2016,ret2,90.91,10,11
FR,eth,hispanic_latino,Public Health (Wertheim),2017,grad4,73.33,11,15
FR,eth,hispanic_latino,Public Health (Wertheim),2017,grad5,86.67,13,15
FR,eth,hispanic_latino,Public Health (Wertheim),2017,grad6,86.67,13,15
FR,eth,hispanic_latino,Public Health (Wertheim),2017,ret1,86.67,13,15
FR,eth,hispanic_latino,Public Health (Wertheim),2017,ret2,86.67,13,15
FR,eth,hispanic_latino,Public Health (Wertheim),2019,grad4,75.0,12,16
FR,eth,hispanic_latino,Public Health (Wertheim),2019,grad5,81.25,13,16
FR,eth,hispanic_latino,Public Health (Wertheim),2019,grad6,87.5,14,16
FR,eth,hispanic_latino,Public Health (Wertheim),2019,ret1,87.5,14,16
FR,eth,hispanic_latino,Public Health (Wertheim),2019,ret2,87.5,14,16
FR,eth,hispanic_latino,Public Health (Wertheim),2020,grad4,61.11,11,18
FR,eth,hispanic_latino,Public Health (Wertheim),2020,grad5,66.67,12,18
FR,eth,hispanic_latino,Public Health (Wertheim),2020,ret1,83.33,15,18
FR,eth,hispanic_latino,Public Health (Wertheim),2020,ret2,66.67,12,18
FR,eth,hispanic_latino,Public Health (Wertheim),2021,grad4,72.73,24,33
FR,eth,hispanic_latino,Public Health (Wertheim),2021,ret1,90.91,30,33
FR,eth,hispanic_latino,Public Health (Wertheim),2021,ret2,90.91,30,33
FR,eth,hispanic_latino,Public Health (Wertheim),2022,ret1,90.24,37,41
FR,eth,hispanic_latino,Public Health (Wertheim),2022,ret2,90.24,37,41
FR,eth,hispanic_latino,Public Health (Wertheim),2023,ret1,87.32,62,71
FR,eth,hispanic_latino,Public Health (Wertheim),2023,ret2,85.92,61,71
FR,eth,hispanic_latino,Public Health (Wertheim),2024,ret1,90.24,37,41
FR,eth,hispanic_latino,Scripps Institution of Oceanography,2013,grad4,61.11,11,18
FR,eth,hispanic_latino,Scripps Institution of Oceanography,2013,grad5,88.89,16,18
FR,eth,hispanic_latino,Scripps Institution of Oceanography,2013,grad6,88.89,16,18
FR,eth,hispanic_latino,Scripps Institution of Oceanography,2013,ret1,83.33,15,18
FR,eth,hispanic_latino,Scripps Institution of Oceanography,2013,ret2,88.89,16,18
FR,eth,hispanic_latino,Scripps Institution of Oceanography,2014,grad5,88.89,16,18
FR,eth,hispanic_latino,Scripps Institution of Oceanography,2014,grad6,88.89,16,18
FR,eth,hispanic_latino,Scripps Institution of Oceanography,2014,ret1,94.44,17,18
FR,eth,hispanic_latino,Scripps Institution of Oceanography,2014,ret2,88.89,16,18
FR,eth,hispanic_latino,Scripps Institution of Oceanography,2015,grad4,58.82,10,17
FR,eth,hispanic_latino,Scripps Institution of Oceanography,2015,grad5,70.59,12,17
FR,eth,hispanic_latino,Scripps Institution of Oceanography,2015,grad6,70.59,12,17
FR,eth,hispanic_latino,Scripps Institution of Oceanography,2015,ret1,82.35,14,17
FR,eth,hispanic_latino,Scripps Institution of Oceanography,2015,ret2,76.47,13,17
FR,eth,hispanic_latino,Scripps Institution of Oceanography,2016,grad4,48.15,13,27
FR,eth,hispanic_latino,Scripps Institution of Oceanography,2016,grad5,77.78,21,27
FR,eth,hispanic_latino,Scripps Institution of Oceanography,2016,grad6,85.19,23,27
FR,eth,hispanic_latino,Scripps Institution of Oceanography,2016,ret1,85.19,23,27
FR,eth,hispanic_latino,Scripps Institution of Oceanography,2016,ret2,88.89,24,27
FR,eth,hispanic_latino,Scripps Institution of Oceanography,2017,grad4,55.17,16,29
FR,eth,hispanic_latino,Scripps Institution of Oceanography,2017,grad5,68.97,20,29
FR,eth,hispanic_latino,Scripps Institution of Oceanography,2017,grad6,68.97,20,29
FR,eth,hispanic_latino,Scripps Institution of Oceanography,2017,ret1,82.76,24,29
FR,eth,hispanic_latino,Scripps Institution of Oceanography,2017,ret2,75.86,22,29
FR,eth,hispanic_latino,Scripps Institution of Oceanography,2018,grad4,58.82,30,51
FR,eth,hispanic_latino,Scripps Institution of Oceanography,2018,grad5,74.51,38,51
FR,eth,hispanic_latino,Scripps Institution of Oceanography,2018,grad6,78.43,40,51
FR,eth,hispanic_latino,Scripps Institution of Oceanography,2018,ret1,90.2,46,51
FR,eth,hispanic_latino,Scripps Institution of Oceanography,2018,ret2,88.24,45,51
FR,eth,hispanic_latino,Scripps Institution of Oceanography,2019,grad4,72.22,39,54
FR,eth,hispanic_latino,Scripps Institution of Oceanography,2019,grad5,77.78,42,54
FR,eth,hispanic_latino,Scripps Institution of Oceanography,2019,grad6,79.63,43,54
FR,eth,hispanic_latino,Scripps Institution of Oceanography,2019,ret1,87.04,47,54
FR,eth,hispanic_latino,Scripps Institution of Oceanography,2019,ret2,87.04,47,54
FR,eth,hispanic_latino,Scripps Institution of Oceanography,2020,grad4,74.07,40,54
FR,eth,hispanic_latino,Scripps Institution of Oceanography,2020,grad5,79.63,43,54
FR,eth,hispanic_latino,Scripps Institution of Oceanography,2020,ret1,92.59,50,54
FR,eth,hispanic_latino,Scripps Institution of Oceanography,2020,ret2,85.19,46,54
FR,eth,hispanic_latino,Scripps Institution of Oceanography,2021,grad4,61.7,29,47
FR,eth,hispanic_latino,Scripps Institution of Oceanography,2021,ret1,93.62,44,47
FR,eth,hispanic_latino,Scripps Institution of Oceanography,2021,ret2,91.49,43,47
FR,eth,hispanic_latino,Scripps Institution of Oceanography,2022,ret1,91.67,55,60
FR,eth,hispanic_latino,Scripps Institution of Oceanography,2022,ret2,85.0,51,60
FR,eth,hispanic_latino,Scripps Institution of Oceanography,2023,ret1,95.59,65,68
FR,eth,hispanic_latino,Scripps Institution of Oceanography,2023,ret2,92.65,63,68
FR,eth,hispanic_latino,Scripps Institution of Oceanography,2024,ret1,93.15,68,73
FR,eth,hispanic_latino,Social Sciences,2013,grad4,62.77,86,137
FR,eth,hispanic_latino,Social Sciences,2013,grad5,86.13,118,137
FR,eth,hispanic_latino,Social Sciences,2013,grad6,88.32,121,137
FR,eth,hispanic_latino,Social Sciences,2013,ret1,93.43,128,137
FR,eth,hispanic_latino,Social Sciences,2013,ret2,89.78,123,137
FR,eth,hispanic_latino,Social Sciences,2014,grad4,64.71,88,136
FR,eth,hispanic_latino,Social Sciences,2014,grad5,77.94,106,136
FR,eth,hispanic_latino,Social Sciences,2014,grad6,80.88,110,136
FR,eth,hispanic_latino,Social Sciences,2014,ret1,90.44,123,136
FR,eth,hispanic_latino,Social Sciences,2014,ret2,86.76,118,136
FR,eth,hispanic_latino,Social Sciences,2015,grad4,70.8,80,113
FR,eth,hispanic_latino,Social Sciences,2015,grad5,88.5,100,113
FR,eth,hispanic_latino,Social Sciences,2015,grad6,88.5,100,113
FR,eth,hispanic_latino,Social Sciences,2015,ret1,96.46,109,113
FR,eth,hispanic_latino,Social Sciences,2015,ret2,92.04,104,113
FR,eth,hispanic_latino,Social Sciences,2016,grad4,68.44,167,244
FR,eth,hispanic_latino,Social Sciences,2016,grad5,82.79,202,244
FR,eth,hispanic_latino,Social Sciences,2016,grad6,84.43,206,244
FR,eth,hispanic_latino,Social Sciences,2016,ret1,91.39,223,244
FR,eth,hispanic_latino,Social Sciences,2016,ret2,88.11,215,244
FR,eth,hispanic_latino,Social Sciences,2017,grad4,70.87,180,254
FR,eth,hispanic_latino,Social Sciences,2017,grad5,77.56,197,254
FR,eth,hispanic_latino,Social Sciences,2017,grad6,79.13,201,254
FR,eth,hispanic_latino,Social Sciences,2017,ret1,88.98,226,254
FR,eth,hispanic_latino,Social Sciences,2017,ret2,83.46,212,254
FR,eth,hispanic_latino,Social Sciences,2018,grad4,67.52,264,391
FR,eth,hispanic_latino,Social Sciences,2018,grad5,74.42,291,391
FR,eth,hispanic_latino,Social Sciences,2018,grad6,79.54,311,391
FR,eth,hispanic_latino,Social Sciences,2018,ret1,90.03,352,391
FR,eth,hispanic_latino,Social Sciences,2018,ret2,86.7,339,391
FR,eth,hispanic_latino,Social Sciences,2019,grad4,72.73,272,374
FR,eth,hispanic_latino,Social Sciences,2019,grad5,81.28,304,374
FR,eth,hispanic_latino,Social Sciences,2019,grad6,83.16,311,374
FR,eth,hispanic_latino,Social Sciences,2019,ret1,94.39,353,374
FR,eth,hispanic_latino,Social Sciences,2019,ret2,89.04,333,374
FR,eth,hispanic_latino,Social Sciences,2020,grad4,76.41,230,301
FR,eth,hispanic_latino,Social Sciences,2020,grad5,84.05,253,301
FR,eth,hispanic_latino,Social Sciences,2020,ret1,92.69,279,301
FR,eth,hispanic_latino,Social Sciences,2020,ret2,89.04,268,301
FR,eth,hispanic_latino,Social Sciences,2021,grad4,71.94,323,449
FR,eth,hispanic_latino,Social Sciences,2021,ret1,90.65,407,449
FR,eth,hispanic_latino,Social Sciences,2021,ret2,85.97,386,449
FR,eth,hispanic_latino,Social Sciences,2022,ret1,89.35,604,676
FR,eth,hispanic_latino,Social Sciences,2022,ret2,87.13,589,676
FR,eth,hispanic_latino,Social Sciences,2023,ret1,91.63,613,669
FR,eth,hispanic_latino,Social Sciences,2023,ret2,88.64,593,669
FR,eth,hispanic_latino,Social Sciences,2024,ret1,95.41,623,653
FR,eth,hispanic_latino,Special,2013,grad4,45.11,60,133
FR,eth,hispanic_latino,Special,2013,grad5,74.44,99,133
FR,eth,hispanic_latino,Special,2013,grad6,78.2,104,133
FR,eth,hispanic_latino,Special,2013,ret1,87.22,116,133
FR,eth,hispanic_latino,Special,2013,ret2,82.71,110,133
FR,eth,hispanic_latino,Special,2014,grad4,41.71,78,187
FR,eth,hispanic_latino,Special,2014,grad5,70.59,132,187
FR,eth,hispanic_latino,Special,2014,grad6,75.4,141,187
FR,eth,hispanic_latino,Special,2014,ret1,91.98,172,187
FR,eth,hispanic_latino,Special,2014,ret2,86.63,162,187
FR,eth,hispanic_latino,Special,2015,grad4,47.76,64,134
FR,eth,hispanic_latino,Special,2015,grad5,65.67,88,134
FR,eth,hispanic_latino,Special,2015,grad6,68.66,92,134
FR,eth,hispanic_latino,Special,2015,ret1,83.58,112,134
FR,eth,hispanic_latino,Special,2015,ret2,74.63,100,134
FR,eth,hispanic_latino,Special,2016,grad4,47.69,103,216
FR,eth,hispanic_latino,Special,2016,grad5,73.15,158,216
FR,eth,hispanic_latino,Special,2016,grad6,74.54,161,216
FR,eth,hispanic_latino,Special,2016,ret1,88.43,191,216
FR,eth,hispanic_latino,Special,2016,ret2,83.33,180,216
FR,eth,hispanic_latino,Special,2017,grad4,47.02,71,151
FR,eth,hispanic_latino,Special,2017,grad5,61.59,93,151
FR,eth,hispanic_latino,Special,2017,grad6,64.24,97,151
FR,eth,hispanic_latino,Special,2017,ret1,80.13,121,151
FR,eth,hispanic_latino,Special,2017,ret2,70.2,106,151
FR,eth,hispanic_latino,Special,2018,grad4,58.46,114,195
FR,eth,hispanic_latino,Special,2018,grad5,69.23,135,195
FR,eth,hispanic_latino,Special,2018,grad6,74.36,145,195
FR,eth,hispanic_latino,Special,2018,ret1,88.72,173,195
FR,eth,hispanic_latino,Special,2018,ret2,81.54,159,195
FR,eth,hispanic_latino,Special,2019,grad4,50.99,77,151
FR,eth,hispanic_latino,Special,2019,grad5,66.23,100,151
FR,eth,hispanic_latino,Special,2019,grad6,69.54,105,151
FR,eth,hispanic_latino,Special,2019,ret1,89.4,135,151
FR,eth,hispanic_latino,Special,2019,ret2,79.47,120,151
FR,eth,hispanic_latino,Special,2020,grad4,58.62,34,58
FR,eth,hispanic_latino,Special,2020,grad5,62.07,36,58
FR,eth,hispanic_latino,Special,2020,ret1,91.38,53,58
FR,eth,hispanic_latino,Special,2020,ret2,79.31,46,58
FR,eth,hispanic_latino,Special,2021,grad4,59.46,88,148
FR,eth,hispanic_latino,Special,2021,ret1,85.14,126,148
FR,eth,hispanic_latino,Special,2021,ret2,79.05,117,148
FR,eth,hispanic_latino,Special,2022,ret1,86.11,155,180
FR,eth,hispanic_latino,Special,2022,ret2,81.67,147,180
FR,eth,hispanic_latino,Special,2023,ret1,86.23,144,167
FR,eth,hispanic_latino,Special,2023,ret2,79.64,133,167
FR,eth,hispanic_latino,Special,2024,ret1,82.24,125,152
FR,eth,international,Arts & Humanities,2013,grad4,58.82,10,17
FR,eth,international,Arts & Humanities,2013,grad5,76.47,13,17
FR,eth,international,Arts & Humanities,2013,grad6,76.47,13,17
FR,eth,international,Arts & Humanities,2013,ret1,94.12,16,17
FR,eth,international,Arts & Humanities,2013,ret2,88.24,15,17
FR,eth,international,Arts & Humanities,2014,grad5,71.43,10,14
FR,eth,international,Arts & Humanities,2014,grad6,71.43,10,14
FR,eth,international,Arts & Humanities,2014,ret1,92.86,13,14
FR,eth,international,Arts & Humanities,2014,ret2,85.71,12,14
FR,eth,international,Arts & Humanities,2015,grad4,75.86,22,29
FR,eth,international,Arts & Humanities,2015,grad5,86.21,25,29
FR,eth,international,Arts & Humanities,2015,grad6,86.21,25,29
FR,eth,international,Arts & Humanities,2015,ret1,93.1,27,29
FR,eth,international,Arts & Humanities,2015,ret2,86.21,25,29
FR,eth,international,Arts & Humanities,2016,grad4,72.0,18,25
FR,eth,international,Arts & Humanities,2016,grad5,84.0,21,25
FR,eth,international,Arts & Humanities,2016,grad6,84.0,21,25
FR,eth,international,Arts & Humanities,2016,ret1,96.0,24,25
FR,eth,international,Arts & Humanities,2016,ret2,88.0,22,25
FR,eth,international,Arts & Humanities,2017,grad4,58.62,17,29
FR,eth,international,Arts & Humanities,2017,grad5,82.76,24,29
FR,eth,international,Arts & Humanities,2017,grad6,86.21,25,29
FR,eth,international,Arts & Humanities,2017,ret1,96.55,28,29
FR,eth,international,Arts & Humanities,2017,ret2,82.76,24,29
FR,eth,international,Arts & Humanities,2018,grad4,86.96,20,23
FR,eth,international,Arts & Humanities,2018,grad5,91.3,21,23
FR,eth,international,Arts & Humanities,2018,grad6,91.3,21,23
FR,eth,international,Arts & Humanities,2018,ret1,86.96,20,23
FR,eth,international,Arts & Humanities,2018,ret2,86.96,20,23
FR,eth,international,Arts & Humanities,2019,grad4,77.78,14,18
FR,eth,international,Arts & Humanities,2019,grad5,94.44,17,18
FR,eth,international,Arts & Humanities,2019,grad6,94.44,17,18
FR,eth,international,Arts & Humanities,2019,ret1,83.33,15,18
FR,eth,international,Arts & Humanities,2019,ret2,94.44,17,18
FR,eth,international,Arts & Humanities,2020,grad4,72.41,21,29
FR,eth,international,Arts & Humanities,2020,grad5,79.31,23,29
FR,eth,international,Arts & Humanities,2020,ret1,89.66,26,29
FR,eth,international,Arts & Humanities,2020,ret2,82.76,24,29
FR,eth,international,Arts & Humanities,2021,grad4,74.19,23,31
FR,eth,international,Arts & Humanities,2021,ret1,80.65,25,31
FR,eth,international,Arts & Humanities,2021,ret2,77.42,24,31
FR,eth,international,Arts & Humanities,2024,ret1,85.29,29,34
FR,eth,international,Biology,2013,grad4,66.67,80,120
FR,eth,international,Biology,2013,grad5,85.0,102,120
FR,eth,international,Biology,2013,grad6,88.33,106,120
FR,eth,international,Biology,2013,ret1,95.83,115,120
FR,eth,international,Biology,2013,ret2,88.33,106,120
FR,eth,international,Biology,2014,grad4,66.03,103,156
FR,eth,international,Biology,2014,grad5,83.97,131,156
FR,eth,international,Biology,2014,grad6,84.62,132,156
FR,eth,international,Biology,2014,ret1,92.95,145,156
FR,eth,international,Biology,2014,ret2,85.9,134,156
FR,eth,international,Biology,2015,grad4,79.52,132,166
FR,eth,international,Biology,2015,grad5,87.95,146,166
FR,eth,international,Biology,2015,grad6,89.76,149,166
FR,eth,international,Biology,2015,ret1,96.39,160,166
FR,eth,international,Biology,2015,ret2,91.57,152,166
FR,eth,international,Biology,2016,grad4,80.57,141,175
FR,eth,international,Biology,2016,grad5,87.43,153,175
FR,eth,international,Biology,2016,grad6,88.57,155,175
FR,eth,international,Biology,2016,ret1,96.0,168,175
FR,eth,international,Biology,2016,ret2,90.86,159,175
FR,eth,international,Biology,2017,grad4,78.69,48,61
FR,eth,international,Biology,2017,grad5,88.52,54,61
FR,eth,international,Biology,2017,grad6,91.8,56,61
FR,eth,international,Biology,2017,ret1,95.08,58,61
FR,eth,international,Biology,2017,ret2,90.16,55,61
FR,eth,international,Biology,2018,grad4,78.1,82,105
FR,eth,international,Biology,2018,grad5,85.71,90,105
FR,eth,international,Biology,2018,grad6,86.67,91,105
FR,eth,international,Biology,2018,ret1,93.33,98,105
FR,eth,international,Biology,2018,ret2,91.43,96,105
FR,eth,international,Biology,2019,grad4,82.26,102,124
FR,eth,international,Biology,2019,grad5,89.52,111,124
FR,eth,international,Biology,2019,grad6,91.13,113,124
FR,eth,international,Biology,2019,ret1,91.94,114,124
FR,eth,international,Biology,2019,ret2,89.52,111,124
FR,eth,international,Biology,2020,grad4,85.86,85,99
FR,eth,international,Biology,2020,grad5,94.95,94,99
FR,eth,international,Biology,2020,ret1,94.95,94,99
FR,eth,international,Biology,2020,ret2,95.96,95,99
FR,eth,international,Biology,2021,grad4,82.86,87,105
FR,eth,international,Biology,2021,ret1,96.19,101,105
FR,eth,international,Biology,2021,ret2,93.33,98,105
FR,eth,international,Biology,2022,ret1,97.01,65,67
FR,eth,international,Biology,2022,ret2,92.54,62,67
FR,eth,international,Biology,2023,ret1,95.65,88,92
FR,eth,international,Biology,2023,ret2,88.04,81,92
FR,eth,international,Biology,2024,ret1,97.67,84,86
FR,eth,international,Engineering,2013,grad4,60.21,115,191
FR,eth,international,Engineering,2013,grad5,76.44,146,191
FR,eth,international,Engineering,2013,grad6,80.63,154,191
FR,eth,international,Engineering,2013,ret1,95.81,183,191
FR,eth,international,Engineering,2013,ret2,84.29,161,191
FR,eth,international,Engineering,2014,grad4,72.22,39,54
FR,eth,international,Engineering,2014,grad5,85.19,46,54
FR,eth,international,Engineering,2014,grad6,88.89,48,54
FR,eth,international,Engineering,2014,ret1,94.44,51,54
FR,eth,international,Engineering,2014,ret2,88.89,48,54
FR,eth,international,Engineering,2015,grad4,55.1,27,49
FR,eth,international,Engineering,2015,grad5,83.67,41,49
FR,eth,international,Engineering,2015,grad6,87.76,43,49
FR,eth,international,Engineering,2015,ret1,89.8,44,49
FR,eth,international,Engineering,2015,ret2,83.67,41,49
FR,eth,international,Engineering,2016,grad4,68.89,93,135
FR,eth,international,Engineering,2016,grad5,83.7,113,135
FR,eth,international,Engineering,2016,grad6,88.15,119,135
FR,eth,international,Engineering,2016,ret1,95.56,129,135
FR,eth,international,Engineering,2016,ret2,92.59,125,135
FR,eth,international,Engineering,2017,grad4,74.83,107,143
FR,eth,international,Engineering,2017,grad5,89.51,128,143
FR,eth,international,Engineering,2017,grad6,90.21,129,143
FR,eth,international,Engineering,2017,ret1,95.1,136,143
FR,eth,international,Engineering,2017,ret2,93.01,133,143
FR,eth,international,Engineering,2018,grad4,66.33,65,98
FR,eth,international,Engineering,2018,grad5,75.51,74,98
FR,eth,international,Engineering,2018,grad6,82.65,81,98
FR,eth,international,Engineering,2018,ret1,94.9,93,98
FR,eth,international,Engineering,2018,ret2,80.61,79,98
FR,eth,international,Engineering,2019,grad4,80.18,89,111
FR,eth,international,Engineering,2019,grad5,88.29,98,111
FR,eth,international,Engineering,2019,grad6,90.09,100,111
FR,eth,international,Engineering,2019,ret1,92.79,103,111
FR,eth,international,Engineering,2019,ret2,88.29,98,111
FR,eth,international,Engineering,2020,grad4,73.04,84,115
FR,eth,international,Engineering,2020,grad5,84.35,97,115
FR,eth,international,Engineering,2020,ret1,92.17,106,115
FR,eth,international,Engineering,2020,ret2,87.83,101,115
FR,eth,international,Engineering,2021,grad4,77.39,89,115
FR,eth,international,Engineering,2021,ret1,93.04,107,115
FR,eth,international,Engineering,2021,ret2,93.04,107,115
FR,eth,international,Engineering,2022,ret1,96.93,158,163
FR,eth,international,Engineering,2022,ret2,92.64,151,163
FR,eth,international,Engineering,2023,ret1,94.34,150,159
FR,eth,international,Engineering,2023,ret2,90.57,144,159
FR,eth,international,Engineering,2024,ret1,93.1,135,145
FR,eth,international,Global Policy & Strategy,2014,grad4,83.33,10,12
FR,eth,international,Global Policy & Strategy,2014,grad5,91.67,11,12
FR,eth,international,Global Policy & Strategy,2014,grad6,100.0,12,12
FR,eth,international,Global Policy & Strategy,2014,ret1,91.67,11,12
FR,eth,international,Global Policy & Strategy,2014,ret2,100.0,12,12
FR,eth,international,Global Policy & Strategy,2015,grad4,70.97,22,31
FR,eth,international,Global Policy & Strategy,2015,grad5,80.65,25,31
FR,eth,international,Global Policy & Strategy,2015,grad6,83.87,26,31
FR,eth,international,Global Policy & Strategy,2015,ret1,83.87,26,31
FR,eth,international,Global Policy & Strategy,2015,ret2,77.42,24,31
FR,eth,international,Global Policy & Strategy,2016,grad4,66.67,28,42
FR,eth,international,Global Policy & Strategy,2016,grad5,85.71,36,42
FR,eth,international,Global Policy & Strategy,2016,grad6,88.1,37,42
FR,eth,international,Global Policy & Strategy,2016,ret1,97.62,41,42
FR,eth,international,Global Policy & Strategy,2016,ret2,90.48,38,42
FR,eth,international,Global Policy & Strategy,2017,grad4,76.47,26,34
FR,eth,international,Global Policy & Strategy,2017,grad5,88.24,30,34
FR,eth,international,Global Policy & Strategy,2017,grad6,88.24,30,34
FR,eth,international,Global Policy & Strategy,2017,ret1,100.0,34,34
FR,eth,international,Global Policy & Strategy,2017,ret2,88.24,30,34
FR,eth,international,Global Policy & Strategy,2018,grad4,82.5,33,40
FR,eth,international,Global Policy & Strategy,2018,grad5,87.5,35,40
FR,eth,international,Global Policy & Strategy,2018,grad6,87.5,35,40
FR,eth,international,Global Policy & Strategy,2018,ret1,92.5,37,40
FR,eth,international,Global Policy & Strategy,2018,ret2,85.0,34,40
FR,eth,international,Global Policy & Strategy,2019,grad4,59.09,13,22
FR,eth,international,Global Policy & Strategy,2019,grad5,77.27,17,22
FR,eth,international,Global Policy & Strategy,2019,grad6,77.27,17,22
FR,eth,international,Global Policy & Strategy,2019,ret1,86.36,19,22
FR,eth,international,Global Policy & Strategy,2019,ret2,72.73,16,22
FR,eth,international,Global Policy & Strategy,2020,grad4,73.17,30,41
FR,eth,international,Global Policy & Strategy,2020,grad5,80.49,33,41
FR,eth,international,Global Policy & Strategy,2020,ret1,82.93,34,41
FR,eth,international,Global Policy & Strategy,2020,ret2,78.05,32,41
FR,eth,international,Global Policy & Strategy,2021,grad4,67.74,21,31
FR,eth,international,Global Policy & Strategy,2021,ret1,83.87,26,31
FR,eth,international,Global Policy & Strategy,2021,ret2,77.42,24,31
FR,eth,international,Global Policy & Strategy,2022,ret1,85.71,12,14
FR,eth,international,Global Policy & Strategy,2022,ret2,92.86,13,14
FR,eth,international,Global Policy & Strategy,2023,ret1,100.0,12,12
FR,eth,international,Global Policy & Strategy,2023,ret2,91.67,11,12
FR,eth,international,Halicioğlu Data Science Institute,2017,grad4,88.46,23,26
FR,eth,international,Halicioğlu Data Science Institute,2017,grad5,88.46,23,26
FR,eth,international,Halicioğlu Data Science Institute,2017,grad6,88.46,23,26
FR,eth,international,Halicioğlu Data Science Institute,2017,ret1,92.31,24,26
FR,eth,international,Halicioğlu Data Science Institute,2017,ret2,84.62,22,26
FR,eth,international,Halicioğlu Data Science Institute,2018,grad4,80.95,17,21
FR,eth,international,Halicioğlu Data Science Institute,2018,grad5,100.0,21,21
FR,eth,international,Halicioğlu Data Science Institute,2018,grad6,100.0,21,21
FR,eth,international,Halicioğlu Data Science Institute,2018,ret1,100.0,21,21
FR,eth,international,Halicioğlu Data Science Institute,2018,ret2,90.48,19,21
FR,eth,international,Halicioğlu Data Science Institute,2019,grad4,83.33,20,24
FR,eth,international,Halicioğlu Data Science Institute,2019,grad5,95.83,23,24
FR,eth,international,Halicioğlu Data Science Institute,2019,grad6,100.0,24,24
FR,eth,international,Halicioğlu Data Science Institute,2019,ret1,95.83,23,24
FR,eth,international,Halicioğlu Data Science Institute,2019,ret2,100.0,24,24
FR,eth,international,Halicioğlu Data Science Institute,2020,grad4,62.5,10,16
FR,eth,international,Halicioğlu Data Science Institute,2020,grad5,87.5,14,16
FR,eth,international,Halicioğlu Data Science Institute,2020,ret1,87.5,14,16
FR,eth,international,Halicioğlu Data Science Institute,2020,ret2,87.5,14,16
FR,eth,international,Halicioğlu Data Science Institute,2021,grad4,80.0,20,25
FR,eth,international,Halicioğlu Data Science Institute,2021,ret1,96.0,24,25
FR,eth,international,Halicioğlu Data Science Institute,2021,ret2,88.0,22,25
FR,eth,international,Halicioğlu Data Science Institute,2022,ret1,95.24,40,42
FR,eth,international,Halicioğlu Data Science Institute,2022,ret2,97.62,41,42
FR,eth,international,Halicioğlu Data Science Institute,2023,ret1,94.59,35,37
FR,eth,international,Halicioğlu Data Science Institute,2023,ret2,91.89,34,37
FR,eth,international,Halicioğlu Data Science Institute,2024,ret1,94.12,32,34
FR,eth,international,Physical Sciences,2013,grad4,65.06,108,166
FR,eth,international,Physical Sciences,2013,grad5,80.72,134,166
FR,eth,international,Physical Sciences,2013,grad6,84.34,140,166
FR,eth,international,Physical Sciences,2013,ret1,93.98,156,166
FR,eth,international,Physical Sciences,2013,ret2,85.54,142,166
FR,eth,international,Physical Sciences,2014,grad4,76.05,181,238
FR,eth,international,Physical Sciences,2014,grad5,85.29,203,238
FR,eth,international,Physical Sciences,2014,grad6,87.39,208,238
FR,eth,international,Physical Sciences,2014,ret1,94.54,225,238
FR,eth,international,Physical Sciences,2014,ret2,90.34,215,238
FR,eth,international,Physical Sciences,2015,grad4,76.61,285,372
FR,eth,international,Physical Sciences,2015,grad5,86.02,320,372
FR,eth,international,Physical Sciences,2015,grad6,88.17,328,372
FR,eth,international,Physical Sciences,2015,ret1,95.16,354,372
FR,eth,international,Physical Sciences,2015,ret2,88.17,328,372
FR,eth,international,Physical Sciences,2016,grad4,77.82,221,284
FR,eth,international,Physical Sciences,2016,grad5,84.86,241,284
FR,eth,international,Physical Sciences,2016,grad6,88.03,250,284
FR,eth,international,Physical Sciences,2016,ret1,93.66,266,284
FR,eth,international,Physical Sciences,2016,ret2,88.38,251,284
FR,eth,international,Physical Sciences,2017,grad4,80.18,182,227
FR,eth,international,Physical Sciences,2017,grad5,89.87,204,227
FR,eth,international,Physical Sciences,2017,grad6,90.31,205,227
FR,eth,international,Physical Sciences,2017,ret1,96.48,219,227
FR,eth,international,Physical Sciences,2017,ret2,90.31,205,227
FR,eth,international,Physical Sciences,2018,grad4,78.57,231,294
FR,eth,international,Physical Sciences,2018,grad5,85.71,252,294
FR,eth,international,Physical Sciences,2018,grad6,89.12,262,294
FR,eth,international,Physical Sciences,2018,ret1,93.88,276,294
FR,eth,international,Physical Sciences,2018,ret2,89.46,263,294
FR,eth,international,Physical Sciences,2019,grad4,73.09,163,223
FR,eth,international,Physical Sciences,2019,grad5,80.72,180,223
FR,eth,international,Physical Sciences,2019,grad6,82.51,184,223
FR,eth,international,Physical Sciences,2019,ret1,95.52,213,223
FR,eth,international,Physical Sciences,2019,ret2,83.41,186,223
FR,eth,international,Physical Sciences,2020,grad4,74.67,171,229
FR,eth,international,Physical Sciences,2020,grad5,88.21,202,229
FR,eth,international,Physical Sciences,2020,ret1,93.45,214,229
FR,eth,international,Physical Sciences,2020,ret2,90.39,207,229
FR,eth,international,Physical Sciences,2021,grad4,81.15,198,244
FR,eth,international,Physical Sciences,2021,ret1,95.08,232,244
FR,eth,international,Physical Sciences,2021,ret2,89.75,219,244
FR,eth,international,Physical Sciences,2022,ret1,95.28,101,106
FR,eth,international,Physical Sciences,2022,ret2,89.62,95,106
FR,eth,international,Physical Sciences,2023,ret1,93.98,125,133
FR,eth,international,Physical Sciences,2023,ret2,92.48,123,133
FR,eth,international,Physical Sciences,2024,ret1,92.71,178,192
FR,eth,international,Scripps Institution of Oceanography,2014,grad4,72.22,13,18
FR,eth,international,Scripps Institution of Oceanography,2014,grad5,88.89,16,18
FR,eth,international,Scripps Institution of Oceanography,2014,grad6,94.44,17,18
FR,eth,international,Scripps Institution of Oceanography,2014,ret1,94.44,17,18
FR,eth,international,Scripps Institution of Oceanography,2014,ret2,94.44,17,18
FR,eth,international,Scripps Institution of Oceanography,2015,grad4,87.5,14,16
FR,eth,international,Scripps Institution of Oceanography,2015,grad5,87.5,14,16
FR,eth,international,Scripps Institution of Oceanography,2015,grad6,87.5,14,16
FR,eth,international,Scripps Institution of Oceanography,2015,ret1,93.75,15,16
FR,eth,international,Scripps Institution of Oceanography,2015,ret2,81.25,13,16
FR,eth,international,Scripps Institution of Oceanography,2016,grad4,63.64,14,22
FR,eth,international,Scripps Institution of Oceanography,2016,grad5,86.36,19,22
FR,eth,international,Scripps Institution of Oceanography,2016,grad6,86.36,19,22
FR,eth,international,Scripps Institution of Oceanography,2016,ret1,95.45,21,22
FR,eth,international,Scripps Institution of Oceanography,2016,ret2,81.82,18,22
FR,eth,international,Scripps Institution of Oceanography,2017,grad4,68.75,11,16
FR,eth,international,Scripps Institution of Oceanography,2017,grad5,81.25,13,16
FR,eth,international,Scripps Institution of Oceanography,2017,grad6,81.25,13,16
FR,eth,international,Scripps Institution of Oceanography,2017,ret1,93.75,15,16
FR,eth,international,Scripps Institution of Oceanography,2017,ret2,93.75,15,16
FR,eth,international,Scripps Institution of Oceanography,2018,grad4,78.95,15,19
FR,eth,international,Scripps Institution of Oceanography,2018,grad5,84.21,16,19
FR,eth,international,Scripps Institution of Oceanography,2018,grad6,89.47,17,19
FR,eth,international,Scripps Institution of Oceanography,2018,ret1,100.0,19,19
FR,eth,international,Scripps Institution of Oceanography,2018,ret2,89.47,17,19
FR,eth,international,Scripps Institution of Oceanography,2019,grad5,83.33,10,12
FR,eth,international,Scripps Institution of Oceanography,2019,grad6,91.67,11,12
FR,eth,international,Scripps Institution of Oceanography,2019,ret1,83.33,10,12
FR,eth,international,Scripps Institution of Oceanography,2019,ret2,83.33,10,12
FR,eth,international,Scripps Institution of Oceanography,2020,grad4,94.44,17,18
FR,eth,international,Scripps Institution of Oceanography,2020,grad5,100.0,18,18
FR,eth,international,Scripps Institution of Oceanography,2020,ret1,94.44,17,18
FR,eth,international,Scripps Institution of Oceanography,2020,ret2,100.0,18,18
FR,eth,international,Scripps Institution of Oceanography,2021,ret1,91.67,11,12
FR,eth,international,Scripps Institution of Oceanography,2021,ret2,91.67,11,12
FR,eth,international,Scripps Institution of Oceanography,2024,ret1,100.0,10,10
FR,eth,international,Social Sciences,2013,grad4,65.37,151,231
FR,eth,international,Social Sciences,2013,grad5,78.35,181,231
FR,eth,international,Social Sciences,2013,grad6,82.68,191,231
FR,eth,international,Social Sciences,2013,ret1,87.01,201,231
FR,eth,international,Social Sciences,2013,ret2,78.35,181,231
FR,eth,international,Social Sciences,2014,grad4,72.8,174,239
FR,eth,international,Social Sciences,2014,grad5,80.75,193,239
FR,eth,international,Social Sciences,2014,grad6,85.36,204,239
FR,eth,international,Social Sciences,2014,ret1,89.54,214,239
FR,eth,international,Social Sciences,2014,ret2,84.1,201,239
FR,eth,international,Social Sciences,2015,grad4,77.66,212,273
FR,eth,international,Social Sciences,2015,grad5,83.52,228,273
FR,eth,international,Social Sciences,2015,grad6,86.45,236,273
FR,eth,international,Social Sciences,2015,ret1,91.21,249,273
FR,eth,international,Social Sciences,2015,ret2,86.08,235,273
FR,eth,international,Social Sciences,2016,grad4,76.3,206,270
FR,eth,international,Social Sciences,2016,grad5,84.07,227,270
FR,eth,international,Social Sciences,2016,grad6,85.56,231,270
FR,eth,international,Social Sciences,2016,ret1,92.22,249,270
FR,eth,international,Social Sciences,2016,ret2,85.93,232,270
FR,eth,international,Social Sciences,2017,grad4,78.85,220,279
FR,eth,international,Social Sciences,2017,grad5,86.38,241,279
FR,eth,international,Social Sciences,2017,grad6,87.81,245,279
FR,eth,international,Social Sciences,2017,ret1,93.55,261,279
FR,eth,international,Social Sciences,2017,ret2,90.32,252,279
FR,eth,international,Social Sciences,2018,grad4,77.21,210,272
FR,eth,international,Social Sciences,2018,grad5,87.5,238,272
FR,eth,international,Social Sciences,2018,grad6,87.87,239,272
FR,eth,international,Social Sciences,2018,ret1,93.75,255,272
FR,eth,international,Social Sciences,2018,ret2,85.29,232,272
FR,eth,international,Social Sciences,2019,grad4,76.64,210,274
FR,eth,international,Social Sciences,2019,grad5,84.31,231,274
FR,eth,international,Social Sciences,2019,grad6,85.4,234,274
FR,eth,international,Social Sciences,2019,ret1,90.15,247,274
FR,eth,international,Social Sciences,2019,ret2,85.4,234,274
FR,eth,international,Social Sciences,2020,grad4,76.7,316,412
FR,eth,international,Social Sciences,2020,grad5,84.22,347,412
FR,eth,international,Social Sciences,2020,ret1,91.26,376,412
FR,eth,international,Social Sciences,2020,ret2,84.47,348,412
FR,eth,international,Social Sciences,2021,grad4,82.86,353,426
FR,eth,international,Social Sciences,2021,ret1,93.9,400,426
FR,eth,international,Social Sciences,2021,ret2,88.03,375,426
FR,eth,international,Social Sciences,2022,ret1,86.75,144,166
FR,eth,international,Social Sciences,2022,ret2,80.72,134,166
FR,eth,international,Social Sciences,2023,ret1,89.9,187,208
FR,eth,international,Social Sciences,2023,ret2,84.13,175,208
FR,eth,international,Social Sciences,2024,ret1,91.21,218,239
FR,eth,international,Special,2013,grad4,60.16,74,123
FR,eth,international,Special,2013,grad5,82.11,101,123
FR,eth,international,Special,2013,grad6,86.18,106,123
FR,eth,international,Special,2013,ret1,91.87,113,123
FR,eth,international,Special,2013,ret2,82.93,102,123
FR,eth,international,Special,2014,grad4,62.37,174,279
FR,eth,international,Special,2014,grad5,79.93,223,279
FR,eth,international,Special,2014,grad6,83.87,234,279
FR,eth,international,Special,2014,ret1,94.98,265,279
FR,eth,international,Special,2014,ret2,87.1,243,279
FR,eth,international,Special,2015,grad4,72.11,256,355
FR,eth,international,Special,2015,grad5,82.25,292,355
FR,eth,international,Special,2015,grad6,86.76,308,355
FR,eth,international,Special,2015,ret1,93.24,331,355
FR,eth,international,Special,2015,ret2,88.17,313,355
FR,eth,international,Special,2016,grad4,69.18,202,292
FR,eth,international,Special,2016,grad5,81.16,237,292
FR,eth,international,Special,2016,grad6,83.22,243,292
FR,eth,international,Special,2016,ret1,94.18,275,292
FR,eth,international,Special,2016,ret2,87.67,256,292
FR,eth,international,Special,2017,grad4,76.09,175,230
FR,eth,international,Special,2017,grad5,85.22,196,230
FR,eth,international,Special,2017,grad6,87.83,202,230
FR,eth,international,Special,2017,ret1,95.22,219,230
FR,eth,international,Special,2017,ret2,88.7,204,230
FR,eth,international,Special,2018,grad4,74.68,177,237
FR,eth,international,Special,2018,grad5,84.81,201,237
FR,eth,international,Special,2018,grad6,88.61,210,237
FR,eth,international,Special,2018,ret1,91.98,218,237
FR,eth,international,Special,2018,ret2,87.34,207,237
FR,eth,international,Special,2019,grad4,74.42,128,172
FR,eth,international,Special,2019,grad5,87.79,151,172
FR,eth,international,Special,2019,grad6,90.7,156,172
FR,eth,international,Special,2019,ret1,93.6,161,172
FR,eth,international,Special,2019,ret2,87.79,151,172
FR,eth,international,Special,2020,grad4,75.76,125,165
FR,eth,international,Special,2020,grad5,85.45,141,165
FR,eth,international,Special,2020,ret1,90.91,150,165
FR,eth,international,Special,2020,ret2,89.7,148,165
FR,eth,international,Special,2021,grad4,79.44,85,107
FR,eth,international,Special,2021,ret1,93.46,100,107
FR,eth,international,Special,2021,ret2,89.72,96,107
FR,eth,international,Special,2022,ret1,100.0,17,17
FR,eth,international,Special,2022,ret2,82.35,14,17
FR,eth,international,Special,2023,ret1,96.55,28,29
FR,eth,international,Special,2023,ret2,93.1,27,29
FR,eth,international,Special,2024,ret1,96.72,59,61
FR,eth,unknown,Arts & Humanities,2015,ret1,100.0,10,10
FR,eth,unknown,Arts & Humanities,2023,ret1,91.67,11,12
FR,eth,unknown,Arts & Humanities,2023,ret2,91.67,11,12
FR,eth,unknown,Arts & Humanities,2024,ret1,91.67,11,12
FR,eth,unknown,Biology,2013,grad4,67.65,23,34
FR,eth,unknown,Biology,2013,grad5,85.29,29,34
FR,eth,unknown,Biology,2013,grad6,88.24,30,34
FR,eth,unknown,Biology,2013,ret1,97.06,33,34
FR,eth,unknown,Biology,2013,ret2,91.18,31,34
FR,eth,unknown,Biology,2014,grad4,89.66,26,29
FR,eth,unknown,Biology,2014,grad5,93.1,27,29
FR,eth,unknown,Biology,2014,grad6,93.1,27,29
FR,eth,unknown,Biology,2014,ret1,96.55,28,29
FR,eth,unknown,Biology,2014,ret2,93.1,27,29
FR,eth,unknown,Biology,2015,grad4,81.63,40,49
FR,eth,unknown,Biology,2015,grad5,91.84,45,49
FR,eth,unknown,Biology,2015,grad6,93.88,46,49
FR,eth,unknown,Biology,2015,ret1,95.92,47,49
FR,eth,unknown,Biology,2015,ret2,93.88,46,49
FR,eth,unknown,Biology,2016,grad4,72.5,29,40
FR,eth,unknown,Biology,2016,grad5,92.5,37,40
FR,eth,unknown,Biology,2016,grad6,92.5,37,40
FR,eth,unknown,Biology,2016,ret1,97.5,39,40
FR,eth,unknown,Biology,2016,ret2,95.0,38,40
FR,eth,unknown,Biology,2017,grad4,88.89,24,27
FR,eth,unknown,Biology,2017,grad5,88.89,24,27
FR,eth,unknown,Biology,2017,grad6,92.59,25,27
FR,eth,unknown,Biology,2017,ret1,96.3,26,27
FR,eth,unknown,Biology,2017,ret2,96.3,26,27
FR,eth,unknown,Biology,2018,grad4,75.0,15,20
FR,eth,unknown,Biology,2018,grad5,90.0,18,20
FR,eth,unknown,Biology,2018,grad6,95.0,19,20
FR,eth,unknown,Biology,2018,ret1,95.0,19,20
FR,eth,unknown,Biology,2018,ret2,95.0,19,20
FR,eth,unknown,Biology,2019,grad4,63.33,19,30
FR,eth,unknown,Biology,2019,grad5,83.33,25,30
FR,eth,unknown,Biology,2019,grad6,86.67,26,30
FR,eth,unknown,Biology,2019,ret1,93.33,28,30
FR,eth,unknown,Biology,2019,ret2,93.33,28,30
FR,eth,unknown,Biology,2020,grad4,92.59,25,27
FR,eth,unknown,Biology,2020,grad5,96.3,26,27
FR,eth,unknown,Biology,2020,ret1,100.0,27,27
FR,eth,unknown,Biology,2020,ret2,100.0,27,27
FR,eth,unknown,Biology,2021,grad4,88.89,24,27
FR,eth,unknown,Biology,2021,ret1,96.3,26,27
FR,eth,unknown,Biology,2021,ret2,92.59,25,27
FR,eth,unknown,Biology,2022,ret1,100.0,17,17
FR,eth,unknown,Biology,2022,ret2,94.12,16,17
FR,eth,unknown,Biology,2023,ret1,96.0,24,25
FR,eth,unknown,Biology,2023,ret2,92.0,23,25
FR,eth,unknown,Biology,2024,ret1,94.29,33,35
FR,eth,unknown,Engineering,2013,grad4,65.12,28,43
FR,eth,unknown,Engineering,2013,grad5,90.7,39,43
FR,eth,unknown,Engineering,2013,grad6,93.02,40,43
FR,eth,unknown,Engineering,2013,ret1,97.67,42,43
FR,eth,unknown,Engineering,2013,ret2,95.35,41,43
FR,eth,unknown,Engineering,2014,grad4,60.0,18,30
FR,eth,unknown,Engineering,2014,grad5,83.33,25,30
FR,eth,unknown,Engineering,2014,grad6,83.33,25,30
FR,eth,unknown,Engineering,2014,ret1,96.67,29,30
FR,eth,unknown,Engineering,2014,ret2,90.0,27,30
FR,eth,unknown,Engineering,2015,grad4,75.0,27,36
FR,eth,unknown,Engineering,2015,grad5,91.67,33,36
FR,eth,unknown,Engineering,2015,grad6,91.67,33,36
FR,eth,unknown,Engineering,2015,ret1,97.22,35,36
FR,eth,unknown,Engineering,2015,ret2,91.67,33,36
FR,eth,unknown,Engineering,2016,grad4,50.0,12,24
FR,eth,unknown,Engineering,2016,grad5,79.17,19,24
FR,eth,unknown,Engineering,2016,grad6,83.33,20,24
FR,eth,unknown,Engineering,2016,ret1,95.83,23,24
FR,eth,unknown,Engineering,2016,ret2,83.33,20,24
FR,eth,unknown,Engineering,2017,grad4,84.62,22,26
FR,eth,unknown,Engineering,2017,grad5,96.15,25,26
FR,eth,unknown,Engineering,2017,grad6,96.15,25,26
FR,eth,unknown,Engineering,2017,ret1,96.15,25,26
FR,eth,unknown,Engineering,2017,ret2,96.15,25,26
FR,eth,unknown,Engineering,2018,grad4,67.5,27,40
FR,eth,unknown,Engineering,2018,grad5,90.0,36,40
FR,eth,unknown,Engineering,2018,grad6,92.5,37,40
FR,eth,unknown,Engineering,2018,ret1,97.5,39,40
FR,eth,unknown,Engineering,2018,ret2,95.0,38,40
FR,eth,unknown,Engineering,2019,grad4,84.62,33,39
FR,eth,unknown,Engineering,2019,grad5,92.31,36,39
FR,eth,unknown,Engineering,2019,grad6,92.31,36,39
FR,eth,unknown,Engineering,2019,ret1,97.44,38,39
FR,eth,unknown,Engineering,2019,ret2,92.31,36,39
FR,eth,unknown,Engineering,2020,grad4,78.18,43,55
FR,eth,unknown,Engineering,2020,grad5,90.91,50,55
FR,eth,unknown,Engineering,2020,ret1,100.0,55,55
FR,eth,unknown,Engineering,2020,ret2,96.36,53,55
FR,eth,unknown,Engineering,2021,grad4,91.11,41,45
FR,eth,unknown,Engineering,2021,ret1,95.56,43,45
FR,eth,unknown,Engineering,2021,ret2,93.33,42,45
FR,eth,unknown,Engineering,2022,ret1,100.0,32,32
FR,eth,unknown,Engineering,2022,ret2,93.75,30,32
FR,eth,unknown,Engineering,2023,ret1,100.0,28,28
FR,eth,unknown,Engineering,2023,ret2,92.86,26,28
FR,eth,unknown,Engineering,2024,ret1,86.11,31,36
FR,eth,unknown,Halicioğlu Data Science Institute,2020,ret1,100.0,10,10
FR,eth,unknown,Halicioğlu Data Science Institute,2020,ret2,100.0,10,10
FR,eth,unknown,Halicioğlu Data Science Institute,2023,ret1,100.0,17,17
FR,eth,unknown,Halicioğlu Data Science Institute,2023,ret2,100.0,17,17
FR,eth,unknown,Physical Sciences,2013,ret1,91.67,11,12
FR,eth,unknown,Physical Sciences,2013,ret2,83.33,10,12
FR,eth,unknown,Physical Sciences,2014,grad4,66.67,10,15
FR,eth,unknown,Physical Sciences,2014,grad5,86.67,13,15
FR,eth,unknown,Physical Sciences,2014,grad6,86.67,13,15
FR,eth,unknown,Physical Sciences,2014,ret1,93.33,14,15
FR,eth,unknown,Physical Sciences,2014,ret2,93.33,14,15
FR,eth,unknown,Physical Sciences,2015,grad4,61.9,13,21
FR,eth,unknown,Physical Sciences,2015,grad5,76.19,16,21
FR,eth,unknown,Physical Sciences,2015,grad6,76.19,16,21
FR,eth,unknown,Physical Sciences,2015,ret1,95.24,20,21
FR,eth,unknown,Physical Sciences,2015,ret2,80.95,17,21
FR,eth,unknown,Physical Sciences,2016,grad4,93.75,15,16
FR,eth,unknown,Physical Sciences,2016,grad5,93.75,15,16
FR,eth,unknown,Physical Sciences,2016,grad6,93.75,15,16
FR,eth,unknown,Physical Sciences,2016,ret1,100.0,16,16
FR,eth,unknown,Physical Sciences,2016,ret2,93.75,15,16
FR,eth,unknown,Physical Sciences,2017,grad4,55.56,10,18
FR,eth,unknown,Physical Sciences,2017,grad5,88.89,16,18
FR,eth,unknown,Physical Sciences,2017,grad6,88.89,16,18
FR,eth,unknown,Physical Sciences,2017,ret1,94.44,17,18
FR,eth,unknown,Physical Sciences,2017,ret2,88.89,16,18
FR,eth,unknown,Physical Sciences,2018,grad4,75.0,21,28
FR,eth,unknown,Physical Sciences,2018,grad5,85.71,24,28
FR,eth,unknown,Physical Sciences,2018,grad6,85.71,24,28
FR,eth,unknown,Physical Sciences,2018,ret1,92.86,26,28
FR,eth,unknown,Physical Sciences,2018,ret2,89.29,25,28
FR,eth,unknown,Physical Sciences,2020,grad4,74.19,23,31
FR,eth,unknown,Physical Sciences,2020,grad5,77.42,24,31
FR,eth,unknown,Physical Sciences,2020,ret1,93.55,29,31
FR,eth,unknown,Physical Sciences,2020,ret2,90.32,28,31
FR,eth,unknown,Physical Sciences,2021,grad4,82.35,28,34
FR,eth,unknown,Physical Sciences,2021,ret1,97.06,33,34
FR,eth,unknown,Physical Sciences,2021,ret2,94.12,32,34
FR,eth,unknown,Physical Sciences,2022,ret1,100.0,16,16
FR,eth,unknown,Physical Sciences,2022,ret2,81.25,13,16
FR,eth,unknown,Physical Sciences,2023,ret1,100.0,10,10
FR,eth,unknown,Physical Sciences,2023,ret2,100.0,10,10
FR,eth,unknown,Physical Sciences,2024,ret1,97.06,33,34
FR,eth,unknown,Scripps Institution of Oceanography,2023,ret1,100.0,10,10
FR,eth,unknown,Social Sciences,2013,grad4,66.67,16,24
FR,eth,unknown,Social Sciences,2013,grad5,79.17,19,24
FR,eth,unknown,Social Sciences,2013,grad6,83.33,20,24
FR,eth,unknown,Social Sciences,2013,ret1,91.67,22,24
FR,eth,unknown,Social Sciences,2013,ret2,87.5,21,24
FR,eth,unknown,Social Sciences,2014,grad4,82.61,19,23
FR,eth,unknown,Social Sciences,2014,grad5,82.61,19,23
FR,eth,unknown,Social Sciences,2014,grad6,86.96,20,23
FR,eth,unknown,Social Sciences,2014,ret1,100.0,23,23
FR,eth,unknown,Social Sciences,2014,ret2,91.3,21,23
FR,eth,unknown,Social Sciences,2015,grad4,85.0,17,20
FR,eth,unknown,Social Sciences,2015,grad5,90.0,18,20
FR,eth,unknown,Social Sciences,2015,grad6,90.0,18,20
FR,eth,unknown,Social Sciences,2015,ret1,100.0,20,20
FR,eth,unknown,Social Sciences,2015,ret2,95.0,19,20
FR,eth,unknown,Social Sciences,2016,grad4,80.95,17,21
FR,eth,unknown,Social Sciences,2016,grad5,95.24,20,21
FR,eth,unknown,Social Sciences,2016,grad6,95.24,20,21
FR,eth,unknown,Social Sciences,2016,ret1,95.24,20,21
FR,eth,unknown,Social Sciences,2016,ret2,95.24,20,21
FR,eth,unknown,Social Sciences,2017,grad4,72.0,18,25
FR,eth,unknown,Social Sciences,2017,grad5,76.0,19,25
FR,eth,unknown,Social Sciences,2017,grad6,76.0,19,25
FR,eth,unknown,Social Sciences,2017,ret1,100.0,25,25
FR,eth,unknown,Social Sciences,2017,ret2,92.0,23,25
FR,eth,unknown,Social Sciences,2018,grad4,82.61,38,46
FR,eth,unknown,Social Sciences,2018,grad5,91.3,42,46
FR,eth,unknown,Social Sciences,2018,grad6,91.3,42,46
FR,eth,unknown,Social Sciences,2018,ret1,93.48,43,46
FR,eth,unknown,Social Sciences,2018,ret2,89.13,41,46
FR,eth,unknown,Social Sciences,2019,grad4,76.0,19,25
FR,eth,unknown,Social Sciences,2019,grad5,88.0,22,25
FR,eth,unknown,Social Sciences,2019,grad6,88.0,22,25
FR,eth,unknown,Social Sciences,2019,ret1,88.0,22,25
FR,eth,unknown,Social Sciences,2019,ret2,88.0,22,25
FR,eth,unknown,Social Sciences,2020,grad4,85.37,35,41
FR,eth,unknown,Social Sciences,2020,grad5,87.8,36,41
FR,eth,unknown,Social Sciences,2020,ret1,95.12,39,41
FR,eth,unknown,Social Sciences,2020,ret2,87.8,36,41
FR,eth,unknown,Social Sciences,2021,grad4,87.76,43,49
FR,eth,unknown,Social Sciences,2021,ret1,97.96,48,49
FR,eth,unknown,Social Sciences,2021,ret2,91.84,45,49
FR,eth,unknown,Social Sciences,2022,ret1,93.94,31,33
FR,eth,unknown,Social Sciences,2022,ret2,87.88,29,33
FR,eth,unknown,Social Sciences,2023,ret1,90.7,39,43
FR,eth,unknown,Social Sciences,2023,ret2,86.05,37,43
FR,eth,unknown,Social Sciences,2024,ret1,94.64,53,56
FR,eth,unknown,Special,2013,grad5,76.92,10,13
FR,eth,unknown,Special,2013,grad6,76.92,10,13
FR,eth,unknown,Special,2013,ret1,84.62,11,13
FR,eth,unknown,Special,2013,ret2,84.62,11,13
FR,eth,unknown,Special,2014,grad4,65.22,15,23
FR,eth,unknown,Special,2014,grad5,78.26,18,23
FR,eth,unknown,Special,2014,grad6,78.26,18,23
FR,eth,unknown,Special,2014,ret1,91.3,21,23
FR,eth,unknown,Special,2014,ret2,91.3,21,23
FR,eth,unknown,Special,2015,grad4,75.0,18,24
FR,eth,unknown,Special,2015,grad5,91.67,22,24
FR,eth,unknown,Special,2015,grad6,91.67,22,24
FR,eth,unknown,Special,2015,ret1,100.0,24,24
FR,eth,unknown,Special,2015,ret2,91.67,22,24
FR,eth,unknown,Special,2016,grad4,55.56,15,27
FR,eth,unknown,Special,2016,grad5,88.89,24,27
FR,eth,unknown,Special,2016,grad6,88.89,24,27
FR,eth,unknown,Special,2016,ret1,96.3,26,27
FR,eth,unknown,Special,2016,ret2,85.19,23,27
FR,eth,unknown,Special,2018,grad4,57.89,11,19
FR,eth,unknown,Special,2018,grad5,63.16,12,19
FR,eth,unknown,Special,2018,grad6,63.16,12,19
FR,eth,unknown,Special,2018,ret1,68.42,13,19
FR,eth,unknown,Special,2018,ret2,68.42,13,19
FR,eth,unknown,Special,2019,grad4,66.67,12,18
FR,eth,unknown,Special,2019,grad5,77.78,14,18
FR,eth,unknown,Special,2019,grad6,77.78,14,18
FR,eth,unknown,Special,2019,ret1,88.89,16,18
FR,eth,unknown,Special,2019,ret2,88.89,16,18
FR,eth,unknown,Special,2021,grad4,73.33,11,15
FR,eth,unknown,Special,2021,ret1,86.67,13,15
FR,eth,unknown,Special,2021,ret2,86.67,13,15
FR,eth,unknown,Special,2022,ret2,100.0,10,10
FR,eth,unknown,Special,2024,ret1,100.0,11,11
FR,eth,white,Arts & Humanities,2013,grad4,69.44,25,36
FR,eth,white,Arts & Humanities,2013,grad5,80.56,29,36
FR,eth,white,Arts & Humanities,2013,grad6,80.56,29,36
FR,eth,white,Arts & Humanities,2013,ret1,94.44,34,36
FR,eth,white,Arts & Humanities,2013,ret2,80.56,29,36
FR,eth,white,Arts & Humanities,2014,grad4,61.29,19,31
FR,eth,white,Arts & Humanities,2014,grad5,87.1,27,31
FR,eth,white,Arts & Humanities,2014,grad6,87.1,27,31
FR,eth,white,Arts & Humanities,2014,ret1,96.77,30,31
FR,eth,white,Arts & Humanities,2014,ret2,93.55,29,31
FR,eth,white,Arts & Humanities,2015,grad4,74.36,29,39
FR,eth,white,Arts & Humanities,2015,grad5,84.62,33,39
FR,eth,white,Arts & Humanities,2015,grad6,87.18,34,39
FR,eth,white,Arts & Humanities,2015,ret1,92.31,36,39
FR,eth,white,Arts & Humanities,2015,ret2,82.05,32,39
FR,eth,white,Arts & Humanities,2016,grad4,70.45,31,44
FR,eth,white,Arts & Humanities,2016,grad5,79.55,35,44
FR,eth,white,Arts & Humanities,2016,grad6,81.82,36,44
FR,eth,white,Arts & Humanities,2016,ret1,97.73,43,44
FR,eth,white,Arts & Humanities,2016,ret2,81.82,36,44
FR,eth,white,Arts & Humanities,2017,grad4,66.28,57,86
FR,eth,white,Arts & Humanities,2017,grad5,74.42,64,86
FR,eth,white,Arts & Humanities,2017,grad6,74.42,64,86
FR,eth,white,Arts & Humanities,2017,ret1,83.72,72,86
FR,eth,white,Arts & Humanities,2017,ret2,75.58,65,86
FR,eth,white,Arts & Humanities,2018,grad4,68.29,56,82
FR,eth,white,Arts & Humanities,2018,grad5,81.71,67,82
FR,eth,white,Arts & Humanities,2018,grad6,85.37,70,82
FR,eth,white,Arts & Humanities,2018,ret1,92.68,76,82
FR,eth,white,Arts & Humanities,2018,ret2,90.24,74,82
FR,eth,white,Arts & Humanities,2019,grad4,73.91,34,46
FR,eth,white,Arts & Humanities,2019,grad5,86.96,40,46
FR,eth,white,Arts & Humanities,2019,grad6,89.13,41,46
FR,eth,white,Arts & Humanities,2019,ret1,91.3,42,46
FR,eth,white,Arts & Humanities,2019,ret2,91.3,42,46
FR,eth,white,Arts & Humanities,2020,grad4,82.76,48,58
FR,eth,white,Arts & Humanities,2020,grad5,87.93,51,58
FR,eth,white,Arts & Humanities,2020,ret1,93.1,54,58
FR,eth,white,Arts & Humanities,2020,ret2,86.21,50,58
FR,eth,white,Arts & Humanities,2021,grad4,80.25,65,81
FR,eth,white,Arts & Humanities,2021,ret1,92.59,75,81
FR,eth,white,Arts & Humanities,2021,ret2,88.89,72,81
FR,eth,white,Arts & Humanities,2022,ret1,91.45,107,117
FR,eth,white,Arts & Humanities,2022,ret2,82.05,96,117
FR,eth,white,Arts & Humanities,2023,ret1,92.44,110,119
FR,eth,white,Arts & Humanities,2023,ret2,89.08,106,119
FR,eth,white,Arts & Humanities,2024,ret1,93.83,76,81
FR,eth,white,Biology,2013,grad4,70.79,206,291
FR,eth,white,Biology,2013,grad5,85.22,248,291
FR,eth,white,Biology,2013,grad6,87.63,255,291
FR,eth,white,Biology,2013,ret1,94.5,275,291
FR,eth,white,Biology,2013,ret2,90.38,263,291
FR,eth,white,Biology,2014,grad4,69.82,155,222
FR,eth,white,Biology,2014,grad5,81.53,181,222
FR,eth,white,Biology,2014,grad6,83.33,185,222
FR,eth,white,Biology,2014,ret1,92.34,205,222
FR,eth,white,Biology,2014,ret2,85.59,190,222
FR,eth,white,Biology,2015,grad4,73.09,163,223
FR,eth,white,Biology,2015,grad5,87.0,194,223
FR,eth,white,Biology,2015,grad6,89.24,199,223
FR,eth,white,Biology,2015,ret1,95.52,213,223
FR,eth,white,Biology,2015,ret2,91.48,204,223
FR,eth,white,Biology,2016,grad4,77.73,185,238
FR,eth,white,Biology,2016,grad5,90.34,215,238
FR,eth,white,Biology,2016,grad6,90.76,216,238
FR,eth,white,Biology,2016,ret1,95.8,228,238
FR,eth,white,Biology,2016,ret2,91.6,218,238
FR,eth,white,Biology,2017,grad4,81.86,176,215
FR,eth,white,Biology,2017,grad5,89.3,192,215
FR,eth,white,Biology,2017,grad6,90.7,195,215
FR,eth,white,Biology,2017,ret1,95.35,205,215
FR,eth,white,Biology,2017,ret2,93.02,200,215
FR,eth,white,Biology,2018,grad4,81.28,191,235
FR,eth,white,Biology,2018,grad5,89.36,210,235
FR,eth,white,Biology,2018,grad6,91.91,216,235
FR,eth,white,Biology,2018,ret1,95.74,225,235
FR,eth,white,Biology,2018,ret2,94.04,221,235
FR,eth,white,Biology,2019,grad4,77.69,188,242
FR,eth,white,Biology,2019,grad5,87.6,212,242
FR,eth,white,Biology,2019,grad6,89.67,217,242
FR,eth,white,Biology,2019,ret1,95.45,231,242
FR,eth,white,Biology,2019,ret2,92.56,224,242
FR,eth,white,Biology,2020,grad4,80.28,171,213
FR,eth,white,Biology,2020,grad5,90.14,192,213
FR,eth,white,Biology,2020,ret1,95.77,204,213
FR,eth,white,Biology,2020,ret2,91.08,194,213
FR,eth,white,Biology,2021,grad4,84.56,252,298
FR,eth,white,Biology,2021,ret1,94.3,281,298
FR,eth,white,Biology,2021,ret2,92.28,275,298
FR,eth,white,Biology,2022,ret1,92.09,163,177
FR,eth,white,Biology,2022,ret2,90.4,160,177
FR,eth,white,Biology,2023,ret1,96.2,177,184
FR,eth,white,Biology,2023,ret2,93.48,172,184
FR,eth,white,Biology,2024,ret1,97.37,185,190
FR,eth,white,Engineering,2013,grad4,58.84,163,277
FR,eth,white,Engineering,2013,grad5,84.48,234,277
FR,eth,white,Engineering,2013,grad6,85.2,236,277
FR,eth,white,Engineering,2013,ret1,93.5,259,277
FR,eth,white,Engineering,2013,ret2,88.45,245,277
FR,eth,white,Engineering,2014,grad4,63.68,128,201
FR,eth,white,Engineering,2014,grad5,83.08,167,201
FR,eth,white,Engineering,2014,grad6,86.57,174,201
FR,eth,white,Engineering,2014,ret1,93.53,188,201
FR,eth,white,Engineering,2014,ret2,88.06,177,201
FR,eth,white,Engineering,2015,grad4,67.53,131,194
FR,eth,white,Engineering,2015,grad5,86.08,167,194
FR,eth,white,Engineering,2015,grad6,88.14,171,194
FR,eth,white,Engineering,2015,ret1,94.85,184,194
FR,eth,white,Engineering,2015,ret2,92.78,180,194
FR,eth,white,Engineering,2016,grad4,69.08,105,152
FR,eth,white,Engineering,2016,grad5,89.47,136,152
FR,eth,white,Engineering,2016,grad6,90.79,138,152
FR,eth,white,Engineering,2016,ret1,95.39,145,152
FR,eth,white,Engineering,2016,ret2,92.76,141,152
FR,eth,white,Engineering,2017,grad4,74.36,174,234
FR,eth,white,Engineering,2017,grad5,88.89,208,234
FR,eth,white,Engineering,2017,grad6,91.03,213,234
FR,eth,white,Engineering,2017,ret1,95.73,224,234
FR,eth,white,Engineering,2017,ret2,94.44,221,234
FR,eth,white,Engineering,2018,grad4,78.95,165,209
FR,eth,white,Engineering,2018,grad5,89.95,188,209
FR,eth,white,Engineering,2018,grad6,91.87,192,209
FR,eth,white,Engineering,2018,ret1,96.17,201,209
FR,eth,white,Engineering,2018,ret2,95.22,199,209
FR,eth,white,Engineering,2019,grad4,81.93,136,166
FR,eth,white,Engineering,2019,grad5,89.76,149,166
FR,eth,white,Engineering,2019,grad6,92.77,154,166
FR,eth,white,Engineering,2019,ret1,96.99,161,166
FR,eth,white,Engineering,2019,ret2,95.18,158,166
FR,eth,white,Engineering,2020,grad4,72.38,173,239
FR,eth,white,Engineering,2020,grad5,85.36,204,239
FR,eth,white,Engineering,2020,ret1,96.23,230,239
FR,eth,white,Engineering,2020,ret2,92.05,220,239
FR,eth,white,Engineering,2021,grad4,74.7,186,249
FR,eth,white,Engineering,2021,ret1,93.17,232,249
FR,eth,white,Engineering,2021,ret2,89.16,222,249
FR,eth,white,Engineering,2022,ret1,95.95,142,148
FR,eth,white,Engineering,2022,ret2,93.24,138,148
FR,eth,white,Engineering,2023,ret1,95.49,127,133
FR,eth,white,Engineering,2023,ret2,93.98,125,133
FR,eth,white,Engineering,2024,ret1,97.79,133,136
FR,eth,white,Global Policy & Strategy,2015,grad4,83.33,20,24
FR,eth,white,Global Policy & Strategy,2015,grad5,95.83,23,24
FR,eth,white,Global Policy & Strategy,2015,grad6,95.83,23,24
FR,eth,white,Global Policy & Strategy,2015,ret1,95.83,23,24
FR,eth,white,Global Policy & Strategy,2015,ret2,91.67,22,24
FR,eth,white,Global Policy & Strategy,2016,grad4,75.0,15,20
FR,eth,white,Global Policy & Strategy,2016,grad5,90.0,18,20
FR,eth,white,Global Policy & Strategy,2016,grad6,90.0,18,20
FR,eth,white,Global Policy & Strategy,2016,ret1,85.0,17,20
FR,eth,white,Global Policy & Strategy,2016,ret2,85.0,17,20
FR,eth,white,Global Policy & Strategy,2017,grad4,78.12,25,32
FR,eth,white,Global Policy & Strategy,2017,grad5,84.38,27,32
FR,eth,white,Global Policy & Strategy,2017,grad6,84.38,27,32
FR,eth,white,Global Policy & Strategy,2017,ret1,84.38,27,32
FR,eth,white,Global Policy & Strategy,2017,ret2,87.5,28,32
FR,eth,white,Global Policy & Strategy,2018,grad4,83.87,26,31
FR,eth,white,Global Policy & Strategy,2018,grad5,93.55,29,31
FR,eth,white,Global Policy & Strategy,2018,grad6,93.55,29,31
FR,eth,white,Global Policy & Strategy,2018,ret1,96.77,30,31
FR,eth,white,Global Policy & Strategy,2018,ret2,96.77,30,31
FR,eth,white,Global Policy & Strategy,2019,grad4,80.0,28,35
FR,eth,white,Global Policy & Strategy,2019,grad5,91.43,32,35
FR,eth,white,Global Policy & Strategy,2019,grad6,91.43,32,35
FR,eth,white,Global Policy & Strategy,2019,ret1,97.14,34,35
FR,eth,white,Global Policy & Strategy,2019,ret2,91.43,32,35
FR,eth,white,Global Policy & Strategy,2020,grad4,64.52,20,31
FR,eth,white,Global Policy & Strategy,2020,grad5,80.65,25,31
FR,eth,white,Global Policy & Strategy,2020,ret1,83.87,26,31
FR,eth,white,Global Policy & Strategy,2020,ret2,83.87,26,31
FR,eth,white,Global Policy & Strategy,2021,grad4,83.33,35,42
FR,eth,white,Global Policy & Strategy,2021,ret1,90.48,38,42
FR,eth,white,Global Policy & Strategy,2021,ret2,83.33,35,42
FR,eth,white,Global Policy & Strategy,2022,ret1,93.75,30,32
FR,eth,white,Global Policy & Strategy,2022,ret2,87.5,28,32
FR,eth,white,Global Policy & Strategy,2023,ret1,87.5,21,24
FR,eth,white,Global Policy & Strategy,2023,ret2,79.17,19,24
FR,eth,white,Global Policy & Strategy,2024,ret1,96.55,28,29
FR,eth,white,Halicioğlu Data Science Institute,2018,grad5,70.59,12,17
FR,eth,white,Halicioğlu Data Science Institute,2018,grad6,76.47,13,17
FR,eth,white,Halicioğlu Data Science Institute,2018,ret1,94.12,16,17
FR,eth,white,Halicioğlu Data Science Institute,2018,ret2,76.47,13,17
FR,eth,white,Halicioğlu Data Science Institute,2019,grad4,80.77,21,26
FR,eth,white,Halicioğlu Data Science Institute,2019,grad5,84.62,22,26
FR,eth,white,Halicioğlu Data Science Institute,2019,grad6,88.46,23,26
FR,eth,white,Halicioğlu Data Science Institute,2019,ret1,96.15,25,26
FR,eth,white,Halicioğlu Data Science Institute,2019,ret2,96.15,25,26
FR,eth,white,Halicioğlu Data Science Institute,2020,grad4,81.25,13,16
FR,eth,white,Halicioğlu Data Science Institute,2020,grad5,93.75,15,16
FR,eth,white,Halicioğlu Data Science Institute,2020,ret1,100.0,16,16
FR,eth,white,Halicioğlu Data Science Institute,2020,ret2,93.75,15,16
FR,eth,white,Halicioğlu Data Science Institute,2021,grad4,100.0,13,13
FR,eth,white,Halicioğlu Data Science Institute,2021,ret1,100.0,13,13
FR,eth,white,Halicioğlu Data Science Institute,2021,ret2,100.0,13,13
FR,eth,white,Halicioğlu Data Science Institute,2023,ret1,86.67,13,15
FR,eth,white,Halicioğlu Data Science Institute,2023,ret2,93.33,14,15
FR,eth,white,Halicioğlu Data Science Institute,2024,ret1,100.0,18,18
FR,eth,white,Physical Sciences,2013,grad4,62.34,48,77
FR,eth,white,Physical Sciences,2013,grad5,85.71,66,77
FR,eth,white,Physical Sciences,2013,grad6,85.71,66,77
FR,eth,white,Physical Sciences,2013,ret1,96.1,74,77
FR,eth,white,Physical Sciences,2013,ret2,92.21,71,77
FR,eth,white,Physical Sciences,2014,grad4,72.22,65,90
FR,eth,white,Physical Sciences,2014,grad5,82.22,74,90
FR,eth,white,Physical Sciences,2014,grad6,86.67,78,90
FR,eth,white,Physical Sciences,2014,ret1,93.33,84,90
FR,eth,white,Physical Sciences,2014,ret2,87.78,79,90
FR,eth,white,Physical Sciences,2015,grad4,71.05,81,114
FR,eth,white,Physical Sciences,2015,grad5,81.58,93,114
FR,eth,white,Physical Sciences,2015,grad6,85.09,97,114
FR,eth,white,Physical Sciences,2015,ret1,89.47,102,114
FR,eth,white,Physical Sciences,2015,ret2,86.84,99,114
FR,eth,white,Physical Sciences,2016,grad4,67.0,67,100
FR,eth,white,Physical Sciences,2016,grad5,84.0,84,100
FR,eth,white,Physical Sciences,2016,grad6,86.0,86,100
FR,eth,white,Physical Sciences,2016,ret1,95.0,95,100
FR,eth,white,Physical Sciences,2016,ret2,88.0,88,100
FR,eth,white,Physical Sciences,2017,grad4,73.86,65,88
FR,eth,white,Physical Sciences,2017,grad5,88.64,78,88
FR,eth,white,Physical Sciences,2017,grad6,89.77,79,88
FR,eth,white,Physical Sciences,2017,ret1,95.45,84,88
FR,eth,white,Physical Sciences,2017,ret2,94.32,83,88
FR,eth,white,Physical Sciences,2018,grad4,67.61,96,142
FR,eth,white,Physical Sciences,2018,grad5,78.17,111,142
FR,eth,white,Physical Sciences,2018,grad6,80.28,114,142
FR,eth,white,Physical Sciences,2018,ret1,89.44,127,142
FR,eth,white,Physical Sciences,2018,ret2,85.21,121,142
FR,eth,white,Physical Sciences,2019,grad4,73.08,95,130
FR,eth,white,Physical Sciences,2019,grad5,83.85,109,130
FR,eth,white,Physical Sciences,2019,grad6,85.38,111,130
FR,eth,white,Physical Sciences,2019,ret1,92.31,120,130
FR,eth,white,Physical Sciences,2019,ret2,89.23,116,130
FR,eth,white,Physical Sciences,2020,grad4,80.54,120,149
FR,eth,white,Physical Sciences,2020,grad5,87.92,131,149
FR,eth,white,Physical Sciences,2020,ret1,98.66,147,149
FR,eth,white,Physical Sciences,2020,ret2,91.28,136,149
FR,eth,white,Physical Sciences,2021,grad4,78.79,130,165
FR,eth,white,Physical Sciences,2021,ret1,90.3,149,165
FR,eth,white,Physical Sciences,2021,ret2,87.27,144,165
FR,eth,white,Physical Sciences,2022,ret1,96.97,96,99
FR,eth,white,Physical Sciences,2022,ret2,94.95,94,99
FR,eth,white,Physical Sciences,2023,ret1,97.76,131,134
FR,eth,white,Physical Sciences,2023,ret2,95.52,128,134
FR,eth,white,Physical Sciences,2024,ret1,96.43,108,112
FR,eth,white,Public Health (Wertheim),2019,ret1,90.91,10,11
FR,eth,white,Public Health (Wertheim),2020,grad4,100.0,16,16
FR,eth,white,Public Health (Wertheim),2020,grad5,100.0,16,16
FR,eth,white,Public Health (Wertheim),2020,ret1,100.0,16,16
FR,eth,white,Public Health (Wertheim),2020,ret2,93.75,15,16
FR,eth,white,Public Health (Wertheim),2021,grad4,84.21,16,19
FR,eth,white,Public Health (Wertheim),2021,ret1,94.74,18,19
FR,eth,white,Public Health (Wertheim),2021,ret2,89.47,17,19
FR,eth,white,Public Health (Wertheim),2023,ret1,100.0,15,15
FR,eth,white,Public Health (Wertheim),2023,ret2,80.0,12,15
FR,eth,white,Public Health (Wertheim),2024,ret1,100.0,15,15
FR,eth,white,Scripps Institution of Oceanography,2013,grad4,46.34,19,41
FR,eth,white,Scripps Institution of Oceanography,2013,grad5,80.49,33,41
FR,eth,white,Scripps Institution of Oceanography,2013,grad6,82.93,34,41
FR,eth,white,Scripps Institution of Oceanography,2013,ret1,90.24,37,41
FR,eth,white,Scripps Institution of Oceanography,2013,ret2,75.61,31,41
FR,eth,white,Scripps Institution of Oceanography,2014,grad4,64.0,16,25
FR,eth,white,Scripps Institution of Oceanography,2014,grad5,72.0,18,25
FR,eth,white,Scripps Institution of Oceanography,2014,grad6,72.0,18,25
FR,eth,white,Scripps Institution of Oceanography,2014,ret1,96.0,24,25
FR,eth,white,Scripps Institution of Oceanography,2014,ret2,80.0,20,25
FR,eth,white,Scripps Institution of Oceanography,2015,grad4,77.78,21,27
FR,eth,white,Scripps Institution of Oceanography,2015,grad5,92.59,25,27
FR,eth,white,Scripps Institution of Oceanography,2015,grad6,92.59,25,27
FR,eth,white,Scripps Institution of Oceanography,2015,ret1,92.59,25,27
FR,eth,white,Scripps Institution of Oceanography,2015,ret2,88.89,24,27
FR,eth,white,Scripps Institution of Oceanography,2016,grad4,84.62,33,39
FR,eth,white,Scripps Institution of Oceanography,2016,grad5,92.31,36,39
FR,eth,white,Scripps Institution of Oceanography,2016,grad6,94.87,37,39
FR,eth,white,Scripps Institution of Oceanography,2016,ret1,94.87,37,39
FR,eth,white,Scripps Institution of Oceanography,2016,ret2,94.87,37,39
FR,eth,white,Scripps Institution of Oceanography,2017,grad4,66.67,28,42
FR,eth,white,Scripps Institution of Oceanography,2017,grad5,80.95,34,42
FR,eth,white,Scripps Institution of Oceanography,2017,grad6,85.71,36,42
FR,eth,white,Scripps Institution of Oceanography,2017,ret1,88.1,37,42
FR,eth,white,Scripps Institution of Oceanography,2017,ret2,90.48,38,42
FR,eth,white,Scripps Institution of Oceanography,2018,grad4,76.67,46,60
FR,eth,white,Scripps Institution of Oceanography,2018,grad5,81.67,49,60
FR,eth,white,Scripps Institution of Oceanography,2018,grad6,85.0,51,60
FR,eth,white,Scripps Institution of Oceanography,2018,ret1,91.67,55,60
FR,eth,white,Scripps Institution of Oceanography,2018,ret2,86.67,52,60
FR,eth,white,Scripps Institution of Oceanography,2019,grad4,68.0,34,50
FR,eth,white,Scripps Institution of Oceanography,2019,grad5,78.0,39,50
FR,eth,white,Scripps Institution of Oceanography,2019,grad6,82.0,41,50
FR,eth,white,Scripps Institution of Oceanography,2019,ret1,90.0,45,50
FR,eth,white,Scripps Institution of Oceanography,2019,ret2,88.0,44,50
FR,eth,white,Scripps Institution of Oceanography,2020,grad4,78.69,48,61
FR,eth,white,Scripps Institution of Oceanography,2020,grad5,88.52,54,61
FR,eth,white,Scripps Institution of Oceanography,2020,ret1,95.08,58,61
FR,eth,white,Scripps Institution of Oceanography,2020,ret2,91.8,56,61
FR,eth,white,Scripps Institution of Oceanography,2021,grad4,80.72,67,83
FR,eth,white,Scripps Institution of Oceanography,2021,ret1,90.36,75,83
FR,eth,white,Scripps Institution of Oceanography,2021,ret2,83.13,69,83
FR,eth,white,Scripps Institution of Oceanography,2022,ret1,100.0,43,43
FR,eth,white,Scripps Institution of Oceanography,2022,ret2,97.67,42,43
FR,eth,white,Scripps Institution of Oceanography,2023,ret1,93.1,54,58
FR,eth,white,Scripps Institution of Oceanography,2023,ret2,91.38,53,58
FR,eth,white,Scripps Institution of Oceanography,2024,ret1,93.83,76,81
FR,eth,white,Social Sciences,2013,grad4,69.64,117,168
FR,eth,white,Social Sciences,2013,grad5,83.93,141,168
FR,eth,white,Social Sciences,2013,grad6,85.12,143,168
FR,eth,white,Social Sciences,2013,ret1,86.9,146,168
FR,eth,white,Social Sciences,2013,ret2,82.74,139,168
FR,eth,white,Social Sciences,2014,grad4,73.08,76,104
FR,eth,white,Social Sciences,2014,grad5,80.77,84,104
FR,eth,white,Social Sciences,2014,grad6,86.54,90,104
FR,eth,white,Social Sciences,2014,ret1,92.31,96,104
FR,eth,white,Social Sciences,2014,ret2,88.46,92,104
FR,eth,white,Social Sciences,2015,grad4,73.39,91,124
FR,eth,white,Social Sciences,2015,grad5,85.48,106,124
FR,eth,white,Social Sciences,2015,grad6,85.48,106,124
FR,eth,white,Social Sciences,2015,ret1,90.32,112,124
FR,eth,white,Social Sciences,2015,ret2,87.1,108,124
FR,eth,white,Social Sciences,2016,grad4,77.91,127,163
FR,eth,white,Social Sciences,2016,grad5,85.28,139,163
FR,eth,white,Social Sciences,2016,grad6,85.89,140,163
FR,eth,white,Social Sciences,2016,ret1,91.41,149,163
FR,eth,white,Social Sciences,2016,ret2,88.96,145,163
FR,eth,white,Social Sciences,2017,grad4,77.2,149,193
FR,eth,white,Social Sciences,2017,grad5,89.64,173,193
FR,eth,white,Social Sciences,2017,grad6,90.16,174,193
FR,eth,white,Social Sciences,2017,ret1,94.3,182,193
FR,eth,white,Social Sciences,2017,ret2,90.67,175,193
FR,eth,white,Social Sciences,2018,grad4,77.57,204,263
FR,eth,white,Social Sciences,2018,grad5,85.17,224,263
FR,eth,white,Social Sciences,2018,grad6,86.31,227,263
FR,eth,white,Social Sciences,2018,ret1,91.63,241,263
FR,eth,white,Social Sciences,2018,ret2,87.45,230,263
FR,eth,white,Social Sciences,2019,grad4,77.83,165,212
FR,eth,white,Social Sciences,2019,grad5,83.49,177,212
FR,eth,white,Social Sciences,2019,grad6,84.91,180,212
FR,eth,white,Social Sciences,2019,ret1,92.92,197,212
FR,eth,white,Social Sciences,2019,ret2,87.26,185,212
FR,eth,white,Social Sciences,2020,grad4,85.85,182,212
FR,eth,white,Social Sciences,2020,grad5,91.51,194,212
FR,eth,white,Social Sciences,2020,ret1,96.7,205,212
FR,eth,white,Social Sciences,2020,ret2,95.28,202,212
FR,eth,white,Social Sciences,2021,grad4,83.78,315,376
FR,eth,white,Social Sciences,2021,ret1,92.29,347,376
FR,eth,white,Social Sciences,2021,ret2,89.1,335,376
FR,eth,white,Social Sciences,2022,ret1,93.95,264,281
FR,eth,white,Social Sciences,2022,ret2,87.19,245,281
FR,eth,white,Social Sciences,2023,ret1,93.48,301,322
FR,eth,white,Social Sciences,2023,ret2,90.99,293,322
FR,eth,white,Social Sciences,2024,ret1,94.86,277,292
FR,eth,white,Special,2013,grad4,63.46,99,156
FR,eth,white,Special,2013,grad5,82.05,128,156
FR,eth,white,Special,2013,grad6,85.26,133,156
FR,eth,white,Special,2013,ret1,94.23,147,156
FR,eth,white,Special,2013,ret2,87.82,137,156
FR,eth,white,Special,2014,grad4,66.92,87,130
FR,eth,white,Special,2014,grad5,83.85,109,130
FR,eth,white,Special,2014,grad6,86.92,113,130
FR,eth,white,Special,2014,ret1,93.08,121,130
FR,eth,white,Special,2014,ret2,87.69,114,130
FR,eth,white,Special,2015,grad4,67.28,109,162
FR,eth,white,Special,2015,grad5,87.65,142,162
FR,eth,white,Special,2015,grad6,90.74,147,162
FR,eth,white,Special,2015,ret1,98.15,159,162
FR,eth,white,Special,2015,ret2,95.06,154,162
FR,eth,white,Special,2016,grad4,69.23,90,130
FR,eth,white,Special,2016,grad5,84.62,110,130
FR,eth,white,Special,2016,grad6,86.92,113,130
FR,eth,white,Special,2016,ret1,88.46,115,130
FR,eth,white,Special,2016,ret2,84.62,110,130
FR,eth,white,Special,2017,grad4,70.08,89,127
FR,eth,white,Special,2017,grad5,86.61,110,127
FR,eth,white,Special,2017,grad6,88.19,112,127
FR,eth,white,Special,2017,ret1,92.91,118,127
FR,eth,white,Special,2017,ret2,88.98,113,127
FR,eth,white,Special,2018,grad4,58.27,81,139
FR,eth,white,Special,2018,grad5,73.38,102,139
FR,eth,white,Special,2018,grad6,76.98,107,139
FR,eth,white,Special,2018,ret1,86.33,120,139
FR,eth,white,Special,2018,ret2,80.58,112,139
FR,eth,white,Special,2019,grad4,66.67,90,135
FR,eth,white,Special,2019,grad5,78.52,106,135
FR,eth,white,Special,2019,grad6,80.0,108,135
FR,eth,white,Special,2019,ret1,83.7,113,135
FR,eth,white,Special,2019,ret2,83.7,113,135
FR,eth,white,Special,2020,grad4,72.09,62,86
FR,eth,white,Special,2020,grad5,82.56,71,86
FR,eth,white,Special,2020,ret1,91.86,79,86
FR,eth,white,Special,2020,ret2,87.21,75,86
FR,eth,white,Special,2021,grad4,70.99,93,131
FR,eth,white,Special,2021,ret1,92.37,121,131
FR,eth,white,Special,2021,ret2,87.79,115,131
FR,eth,white,Special,2022,ret1,93.1,54,58
FR,eth,white,Special,2022,ret2,87.93,51,58
FR,eth,white,Special,2023,ret1,92.54,62,67
FR,eth,white,Special,2023,ret2,83.58,56,67
FR,eth,white,Special,2024,ret1,92.96,66,71
FR,fg,first_gen,Arts & Humanities,2013,grad4,57.63,34,59
FR,fg,first_gen,Arts & Humanities,2013,grad5,76.27,45,59
FR,fg,first_gen,Arts & Humanities,2013,grad6,76.27,45,59
FR,fg,first_gen,Arts & Humanities,2013,ret1,89.83,53,59
FR,fg,first_gen,Arts & Humanities,2013,ret2,84.75,50,59
FR,fg,first_gen,Arts & Humanities,2014,grad4,60.34,35,58
FR,fg,first_gen,Arts & Humanities,2014,grad5,77.59,45,58
FR,fg,first_gen,Arts & Humanities,2014,grad6,79.31,46,58
FR,fg,first_gen,Arts & Humanities,2014,ret1,87.93,51,58
FR,fg,first_gen,Arts & Humanities,2014,ret2,87.93,51,58
FR,fg,first_gen,Arts & Humanities,2015,grad4,72.0,36,50
FR,fg,first_gen,Arts & Humanities,2015,grad5,84.0,42,50
FR,fg,first_gen,Arts & Humanities,2015,grad6,86.0,43,50
FR,fg,first_gen,Arts & Humanities,2015,ret1,96.0,48,50
FR,fg,first_gen,Arts & Humanities,2015,ret2,88.0,44,50
FR,fg,first_gen,Arts & Humanities,2016,grad4,74.03,57,77
FR,fg,first_gen,Arts & Humanities,2016,grad5,87.01,67,77
FR,fg,first_gen,Arts & Humanities,2016,grad6,89.61,69,77
FR,fg,first_gen,Arts & Humanities,2016,ret1,98.7,76,77
FR,fg,first_gen,Arts & Humanities,2016,ret2,90.91,70,77
FR,fg,first_gen,Arts & Humanities,2017,grad4,68.13,62,91
FR,fg,first_gen,Arts & Humanities,2017,grad5,75.82,69,91
FR,fg,first_gen,Arts & Humanities,2017,grad6,75.82,69,91
FR,fg,first_gen,Arts & Humanities,2017,ret1,89.01,81,91
FR,fg,first_gen,Arts & Humanities,2017,ret2,85.71,78,91
FR,fg,first_gen,Arts & Humanities,2018,grad4,62.79,81,129
FR,fg,first_gen,Arts & Humanities,2018,grad5,74.42,96,129
FR,fg,first_gen,Arts & Humanities,2018,grad6,78.29,101,129
FR,fg,first_gen,Arts & Humanities,2018,ret1,88.37,114,129
FR,fg,first_gen,Arts & Humanities,2018,ret2,87.6,113,129
FR,fg,first_gen,Arts & Humanities,2019,grad4,53.12,34,64
FR,fg,first_gen,Arts & Humanities,2019,grad5,70.31,45,64
FR,fg,first_gen,Arts & Humanities,2019,grad6,71.88,46,64
FR,fg,first_gen,Arts & Humanities,2019,ret1,92.19,59,64
FR,fg,first_gen,Arts & Humanities,2019,ret2,82.81,53,64
FR,fg,first_gen,Arts & Humanities,2020,grad4,67.16,45,67
FR,fg,first_gen,Arts & Humanities,2020,grad5,73.13,49,67
FR,fg,first_gen,Arts & Humanities,2020,ret1,94.03,63,67
FR,fg,first_gen,Arts & Humanities,2020,ret2,83.58,56,67
FR,fg,first_gen,Arts & Humanities,2021,grad4,70.3,71,101
FR,fg,first_gen,Arts & Humanities,2021,ret1,85.15,86,101
FR,fg,first_gen,Arts & Humanities,2021,ret2,83.17,84,101
FR,fg,first_gen,Arts & Humanities,2022,ret1,90.0,117,130
FR,fg,first_gen,Arts & Humanities,2022,ret2,83.08,108,130
FR,fg,first_gen,Arts & Humanities,2023,ret1,92.73,102,110
FR,fg,first_gen,Arts & Humanities,2023,ret2,90.91,100,110
FR,fg,first_gen,Arts & Humanities,2024,ret1,90.65,97,107
FR,fg,first_gen,Biology,2013,grad4,64.48,325,504
FR,fg,first_gen,Biology,2013,grad5,83.53,421,504
FR,fg,first_gen,Biology,2013,grad6,86.31,435,504
FR,fg,first_gen,Biology,2013,ret1,96.23,485,504
FR,fg,first_gen,Biology,2013,ret2,91.27,460,504
FR,fg,first_gen,Biology,2014,grad4,65.06,337,518
FR,fg,first_gen,Biology,2014,grad5,78.19,405,518
FR,fg,first_gen,Biology,2014,grad6,82.82,429,518
FR,fg,first_gen,Biology,2014,ret1,93.24,483,518
FR,fg,first_gen,Biology,2014,ret2,88.8,460,518
FR,fg,first_gen,Biology,2015,grad4,69.97,275,393
FR,fg,first_gen,Biology,2015,grad5,83.46,328,393
FR,fg,first_gen,Biology,2015,grad6,86.51,340,393
FR,fg,first_gen,Biology,2015,ret1,96.69,380,393
FR,fg,first_gen,Biology,2015,ret2,91.86,361,393
FR,fg,first_gen,Biology,2016,grad4,71.2,403,566
FR,fg,first_gen,Biology,2016,grad5,86.04,487,566
FR,fg,first_gen,Biology,2016,grad6,88.52,501,566
FR,fg,first_gen,Biology,2016,ret1,94.35,534,566
FR,fg,first_gen,Biology,2016,ret2,91.34,517,566
FR,fg,first_gen,Biology,2017,grad4,73.61,371,504
FR,fg,first_gen,Biology,2017,grad5,84.13,424,504
FR,fg,first_gen,Biology,2017,grad6,86.71,437,504
FR,fg,first_gen,Biology,2017,ret1,94.05,474,504
FR,fg,first_gen,Biology,2017,ret2,90.28,455,504
FR,fg,first_gen,Biology,2018,grad4,70.24,347,494
FR,fg,first_gen,Biology,2018,grad5,80.36,397,494
FR,fg,first_gen,Biology,2018,grad6,83.0,410,494
FR,fg,first_gen,Biology,2018,ret1,93.72,463,494
FR,fg,first_gen,Biology,2018,ret2,90.69,448,494
FR,fg,first_gen,Biology,2019,grad4,66.3,301,454
FR,fg,first_gen,Biology,2019,grad5,77.53,352,454
FR,fg,first_gen,Biology,2019,grad6,79.74,362,454
FR,fg,first_gen,Biology,2019,ret1,93.83,426,454
FR,fg,first_gen,Biology,2019,ret2,87.89,399,454
FR,fg,first_gen,Biology,2020,grad4,72.31,269,372
FR,fg,first_gen,Biology,2020,grad5,80.91,301,372
FR,fg,first_gen,Biology,2020,ret1,92.74,345,372
FR,fg,first_gen,Biology,2020,ret2,88.17,328,372
FR,fg,first_gen,Biology,2021,grad4,73.0,338,463
FR,fg,first_gen,Biology,2021,ret1,92.01,426,463
FR,fg,first_gen,Biology,2021,ret2,89.85,416,463
FR,fg,first_gen,Biology,2022,ret1,93.22,481,516
FR,fg,first_gen,Biology,2022,ret2,91.09,470,516
FR,fg,first_gen,Biology,2023,ret1,94.47,547,579
FR,fg,first_gen,Biology,2023,ret2,90.5,524,579
FR,fg,first_gen,Biology,2024,ret1,92.38,461,499
FR,fg,first_gen,Engineering,2013,grad4,48.53,214,441
FR,fg,first_gen,Engineering,2013,grad5,76.87,339,441
FR,fg,first_gen,Engineering,2013,grad6,80.73,356,441
FR,fg,first_gen,Engineering,2013,ret1,95.92,423,441
FR,fg,first_gen,Engineering,2013,ret2,88.66,391,441
FR,fg,first_gen,Engineering,2014,grad4,54.75,144,263
FR,fg,first_gen,Engineering,2014,grad5,80.23,211,263
FR,fg,first_gen,Engineering,2014,grad6,85.93,226,263
FR,fg,first_gen,Engineering,2014,ret1,95.44,251,263
FR,fg,first_gen,Engineering,2014,ret2,91.63,241,263
FR,fg,first_gen,Engineering,2015,grad4,58.19,135,232
FR,fg,first_gen,Engineering,2015,grad5,85.34,198,232
FR,fg,first_gen,Engineering,2015,grad6,88.36,205,232
FR,fg,first_gen,Engineering,2015,ret1,95.69,222,232
FR,fg,first_gen,Engineering,2015,ret2,93.1,216,232
FR,fg,first_gen,Engineering,2016,grad4,53.85,119,221
FR,fg,first_gen,Engineering,2016,grad5,81.9,181,221
FR,fg,first_gen,Engineering,2016,grad6,85.07,188,221
FR,fg,first_gen,Engineering,2016,ret1,95.02,210,221
FR,fg,first_gen,Engineering,2016,ret2,91.4,202,221
FR,fg,first_gen,Engineering,2017,grad4,61.74,255,413
FR,fg,first_gen,Engineering,2017,grad5,79.9,330,413
FR,fg,first_gen,Engineering,2017,grad6,83.78,346,413
FR,fg,first_gen,Engineering,2017,ret1,93.95,388,413
FR,fg,first_gen,Engineering,2017,ret2,89.59,370,413
FR,fg,first_gen,Engineering,2018,grad4,64.61,230,356
FR,fg,first_gen,Engineering,2018,grad5,81.18,289,356
FR,fg,first_gen,Engineering,2018,grad6,83.43,297,356
FR,fg,first_gen,Engineering,2018,ret1,94.66,337,356
FR,fg,first_gen,Engineering,2018,ret2,92.13,328,356
FR,fg,first_gen,Engineering,2019,grad4,66.1,193,292
FR,fg,first_gen,Engineering,2019,grad5,79.11,231,292
FR,fg,first_gen,Engineering,2019,grad6,84.25,246,292
FR,fg,first_gen,Engineering,2019,ret1,95.89,280,292
FR,fg,first_gen,Engineering,2019,ret2,93.49,273,292
FR,fg,first_gen,Engineering,2020,grad4,61.03,166,272
FR,fg,first_gen,Engineering,2020,grad5,77.21,210,272
FR,fg,first_gen,Engineering,2020,ret1,93.01,253,272
FR,fg,first_gen,Engineering,2020,ret2,86.76,236,272
FR,fg,first_gen,Engineering,2021,grad4,61.31,225,367
FR,fg,first_gen,Engineering,2021,ret1,90.19,331,367
FR,fg,first_gen,Engineering,2021,ret2,88.01,323,367
FR,fg,first_gen,Engineering,2022,ret1,94.76,362,382
FR,fg,first_gen,Engineering,2022,ret2,90.84,347,382
FR,fg,first_gen,Engineering,2023,ret1,90.84,337,371
FR,fg,first_gen,Engineering,2023,ret2,84.91,315,371
FR,fg,first_gen,Engineering,2024,ret1,94.23,359,381
FR,fg,first_gen,Global Policy & Strategy,2014,grad4,78.26,18,23
FR,fg,first_gen,Global Policy & Strategy,2014,grad5,86.96,20,23
FR,fg,first_gen,Global Policy & Strategy,2014,grad6,91.3,21,23
FR,fg,first_gen,Global Policy & Strategy,2014,ret1,95.65,22,23
FR,fg,first_gen,Global Policy & Strategy,2014,ret2,91.3,21,23
FR,fg,first_gen,Global Policy & Strategy,2015,grad4,82.61,19,23
FR,fg,first_gen,Global Policy & Strategy,2015,grad5,86.96,20,23
FR,fg,first_gen,Global Policy & Strategy,2015,grad6,86.96,20,23
FR,fg,first_gen,Global Policy & Strategy,2015,ret1,100.0,23,23
FR,fg,first_gen,Global Policy & Strategy,2015,ret2,91.3,21,23
FR,fg,first_gen,Global Policy & Strategy,2016,grad4,70.83,51,72
FR,fg,first_gen,Global Policy & Strategy,2016,grad5,83.33,60,72
FR,fg,first_gen,Global Policy & Strategy,2016,grad6,84.72,61,72
FR,fg,first_gen,Global Policy & Strategy,2016,ret1,90.28,65,72
FR,fg,first_gen,Global Policy & Strategy,2016,ret2,87.5,63,72
FR,fg,first_gen,Global Policy & Strategy,2017,grad4,79.25,42,53
FR,fg,first_gen,Global Policy & Strategy,2017,grad5,94.34,50,53
FR,fg,first_gen,Global Policy & Strategy,2017,grad6,94.34,50,53
FR,fg,first_gen,Global Policy & Strategy,2017,ret1,100.0,53,53
FR,fg,first_gen,Global Policy & Strategy,2017,ret2,98.11,52,53
FR,fg,first_gen,Global Policy & Strategy,2018,grad4,79.01,64,81
FR,fg,first_gen,Global Policy & Strategy,2018,grad5,90.12,73,81
FR,fg,first_gen,Global Policy & Strategy,2018,grad6,91.36,74,81
FR,fg,first_gen,Global Policy & Strategy,2018,ret1,90.12,73,81
FR,fg,first_gen,Global Policy & Strategy,2018,ret2,90.12,73,81
FR,fg,first_gen,Global Policy & Strategy,2019,grad4,80.0,56,70
FR,fg,first_gen,Global Policy & Strategy,2019,grad5,85.71,60,70
FR,fg,first_gen,Global Policy & Strategy,2019,grad6,85.71,60,70
FR,fg,first_gen,Global Policy & Strategy,2019,ret1,97.14,68,70
FR,fg,first_gen,Global Policy & Strategy,2019,ret2,94.29,66,70
FR,fg,first_gen,Global Policy & Strategy,2020,grad4,69.57,48,69
FR,fg,first_gen,Global Policy & Strategy,2020,grad5,81.16,56,69
FR,fg,first_gen,Global Policy & Strategy,2020,ret1,95.65,66,69
FR,fg,first_gen,Global Policy & Strategy,2020,ret2,88.41,61,69
FR,fg,first_gen,Global Policy & Strategy,2021,grad4,75.34,55,73
FR,fg,first_gen,Global Policy & Strategy,2021,ret1,93.15,68,73
FR,fg,first_gen,Global Policy & Strategy,2021,ret2,84.93,62,73
FR,fg,first_gen,Global Policy & Strategy,2022,ret1,90.14,64,71
FR,fg,first_gen,Global Policy & Strategy,2022,ret2,85.92,61,71
FR,fg,first_gen,Global Policy & Strategy,2023,ret1,93.41,85,91
FR,fg,first_gen,Global Policy & Strategy,2023,ret2,90.11,82,91
FR,fg,first_gen,Global Policy & Strategy,2024,ret1,93.15,68,73
FR,fg,first_gen,Halicioğlu Data Science Institute,2017,grad4,70.0,14,20
FR,fg,first_gen,Halicioğlu Data Science Institute,2017,grad5,85.0,17,20
FR,fg,first_gen,Halicioğlu Data Science Institute,2017,grad6,90.0,18,20
FR,fg,first_gen,Halicioğlu Data Science Institute,2017,ret1,100.0,20,20
FR,fg,first_gen,Halicioğlu Data Science Institute,2017,ret2,100.0,20,20
FR,fg,first_gen,Halicioğlu Data Science Institute,2018,grad4,81.48,22,27
FR,fg,first_gen,Halicioğlu Data Science Institute,2018,grad5,96.3,26,27
FR,fg,first_gen,Halicioğlu Data Science Institute,2018,grad6,96.3,26,27
FR,fg,first_gen,Halicioğlu Data Science Institute,2018,ret1,100.0,27,27
FR,fg,first_gen,Halicioğlu Data Science Institute,2018,ret2,100.0,27,27
FR,fg,first_gen,Halicioğlu Data Science Institute,2019,grad4,81.82,18,22
FR,fg,first_gen,Halicioğlu Data Science Institute,2019,grad5,86.36,19,22
FR,fg,first_gen,Halicioğlu Data Science Institute,2019,grad6,86.36,19,22
FR,fg,first_gen,Halicioğlu Data Science Institute,2019,ret1,100.0,22,22
FR,fg,first_gen,Halicioğlu Data Science Institute,2019,ret2,90.91,20,22
FR,fg,first_gen,Halicioğlu Data Science Institute,2020,grad4,78.26,18,23
FR,fg,first_gen,Halicioğlu Data Science Institute,2020,grad5,95.65,22,23
FR,fg,first_gen,Halicioğlu Data Science Institute,2020,ret1,100.0,23,23
FR,fg,first_gen,Halicioğlu Data Science Institute,2020,ret2,95.65,22,23
FR,fg,first_gen,Halicioğlu Data Science Institute,2021,grad4,90.91,20,22
FR,fg,first_gen,Halicioğlu Data Science Institute,2021,ret1,86.36,19,22
FR,fg,first_gen,Halicioğlu Data Science Institute,2021,ret2,95.45,21,22
FR,fg,first_gen,Halicioğlu Data Science Institute,2022,ret1,93.33,56,60
FR,fg,first_gen,Halicioğlu Data Science Institute,2022,ret2,96.67,58,60
FR,fg,first_gen,Halicioğlu Data Science Institute,2023,ret1,96.49,55,57
FR,fg,first_gen,Halicioğlu Data Science Institute,2023,ret2,96.49,55,57
FR,fg,first_gen,Halicioğlu Data Science Institute,2024,ret1,95.08,58,61
FR,fg,first_gen,Physical Sciences,2013,grad4,57.14,112,196
FR,fg,first_gen,Physical Sciences,2013,grad5,77.55,152,196
FR,fg,first_gen,Physical Sciences,2013,grad6,80.1,157,196
FR,fg,first_gen,Physical Sciences,2013,ret1,92.86,182,196
FR,fg,first_gen,Physical Sciences,2013,ret2,88.27,173,196
FR,fg,first_gen,Physical Sciences,2014,grad4,65.75,192,292
FR,fg,first_gen,Physical Sciences,2014,grad5,83.9,245,292
FR,fg,first_gen,Physical Sciences,2014,grad6,86.3,252,292
FR,fg,first_gen,Physical Sciences,2014,ret1,94.86,277,292
FR,fg,first_gen,Physical Sciences,2014,ret2,90.75,265,292
FR,fg,first_gen,Physical Sciences,2015,grad4,72.05,183,254
FR,fg,first_gen,Physical Sciences,2015,grad5,87.01,221,254
FR,fg,first_gen,Physical Sciences,2015,grad6,88.98,226,254
FR,fg,first_gen,Physical Sciences,2015,ret1,97.24,247,254
FR,fg,first_gen,Physical Sciences,2015,ret2,93.7,238,254
FR,fg,first_gen,Physical Sciences,2016,grad4,63.89,184,288
FR,fg,first_gen,Physical Sciences,2016,grad5,79.86,230,288
FR,fg,first_gen,Physical Sciences,2016,grad6,82.99,239,288
FR,fg,first_gen,Physical Sciences,2016,ret1,92.36,266,288
FR,fg,first_gen,Physical Sciences,2016,ret2,88.89,256,288
FR,fg,first_gen,Physical Sciences,2017,grad4,72.38,207,286
FR,fg,first_gen,Physical Sciences,2017,grad5,85.66,245,286
FR,fg,first_gen,Physical Sciences,2017,grad6,86.36,247,286
FR,fg,first_gen,Physical Sciences,2017,ret1,94.76,271,286
FR,fg,first_gen,Physical Sciences,2017,ret2,90.21,258,286
FR,fg,first_gen,Physical Sciences,2018,grad4,71.63,308,430
FR,fg,first_gen,Physical Sciences,2018,grad5,80.23,345,430
FR,fg,first_gen,Physical Sciences,2018,grad6,83.49,359,430
FR,fg,first_gen,Physical Sciences,2018,ret1,93.49,402,430
FR,fg,first_gen,Physical Sciences,2018,ret2,90.7,390,430
FR,fg,first_gen,Physical Sciences,2019,grad4,71.43,240,336
FR,fg,first_gen,Physical Sciences,2019,grad5,81.55,274,336
FR,fg,first_gen,Physical Sciences,2019,grad6,84.23,283,336
FR,fg,first_gen,Physical Sciences,2019,ret1,95.24,320,336
FR,fg,first_gen,Physical Sciences,2019,ret2,89.29,300,336
FR,fg,first_gen,Physical Sciences,2020,grad4,71.2,178,250
FR,fg,first_gen,Physical Sciences,2020,grad5,80.4,201,250
FR,fg,first_gen,Physical Sciences,2020,ret1,92.0,230,250
FR,fg,first_gen,Physical Sciences,2020,ret2,88.0,220,250
FR,fg,first_gen,Physical Sciences,2021,grad4,74.77,246,329
FR,fg,first_gen,Physical Sciences,2021,ret1,94.22,310,329
FR,fg,first_gen,Physical Sciences,2021,ret2,90.58,298,329
FR,fg,first_gen,Physical Sciences,2022,ret1,93.23,303,325
FR,fg,first_gen,Physical Sciences,2022,ret2,89.23,290,325
FR,fg,first_gen,Physical Sciences,2023,ret1,94.22,277,294
FR,fg,first_gen,Physical Sciences,2023,ret2,90.82,267,294
FR,fg,first_gen,Physical Sciences,2024,ret1,94.23,294,312
FR,fg,first_gen,Public Health (Wertheim),2014,grad4,80.77,21,26
FR,fg,first_gen,Public Health (Wertheim),2014,grad5,88.46,23,26
FR,fg,first_gen,Public Health (Wertheim),2014,grad6,92.31,24,26
FR,fg,first_gen,Public Health (Wertheim),2014,ret1,92.31,24,26
FR,fg,first_gen,Public Health (Wertheim),2014,ret2,88.46,23,26
FR,fg,first_gen,Public Health (Wertheim),2015,ret1,90.91,10,11
FR,fg,first_gen,Public Health (Wertheim),2016,grad4,90.0,18,20
FR,fg,first_gen,Public Health (Wertheim),2016,grad5,90.0,18,20
FR,fg,first_gen,Public Health (Wertheim),2016,grad6,90.0,18,20
FR,fg,first_gen,Public Health (Wertheim),2016,ret1,95.0,19,20
FR,fg,first_gen,Public Health (Wertheim),2016,ret2,95.0,19,20
FR,fg,first_gen,Public Health (Wertheim),2017,grad4,88.0,22,25
FR,fg,first_gen,Public Health (Wertheim),2017,grad5,92.0,23,25
FR,fg,first_gen,Public Health (Wertheim),2017,grad6,92.0,23,25
FR,fg,first_gen,Public Health (Wertheim),2017,ret1,92.0,23,25
FR,fg,first_gen,Public Health (Wertheim),2017,ret2,92.0,23,25
FR,fg,first_gen,Public Health (Wertheim),2019,grad4,72.73,16,22
FR,fg,first_gen,Public Health (Wertheim),2019,grad5,81.82,18,22
FR,fg,first_gen,Public Health (Wertheim),2019,grad6,86.36,19,22
FR,fg,first_gen,Public Health (Wertheim),2019,ret1,90.91,20,22
FR,fg,first_gen,Public Health (Wertheim),2019,ret2,86.36,19,22
FR,fg,first_gen,Public Health (Wertheim),2020,grad4,80.0,28,35
FR,fg,first_gen,Public Health (Wertheim),2020,grad5,82.86,29,35
FR,fg,first_gen,Public Health (Wertheim),2020,ret1,91.43,32,35
FR,fg,first_gen,Public Health (Wertheim),2020,ret2,82.86,29,35
FR,fg,first_gen,Public Health (Wertheim),2021,grad4,86.0,43,50
FR,fg,first_gen,Public Health (Wertheim),2021,ret1,94.0,47,50
FR,fg,first_gen,Public Health (Wertheim),2021,ret2,92.0,46,50
FR,fg,first_gen,Public Health (Wertheim),2022,ret1,90.74,49,54
FR,fg,first_gen,Public Health (Wertheim),2022,ret2,88.89,48,54
FR,fg,first_gen,Public Health (Wertheim),2023,ret1,86.75,72,83
FR,fg,first_gen,Public Health (Wertheim),2023,ret2,85.54,71,83
FR,fg,first_gen,Public Health (Wertheim),2024,ret1,96.3,52,54
FR,fg,first_gen,Scripps Institution of Oceanography,2013,grad4,53.33,16,30
FR,fg,first_gen,Scripps Institution of Oceanography,2013,grad5,86.67,26,30
FR,fg,first_gen,Scripps Institution of Oceanography,2013,grad6,86.67,26,30
FR,fg,first_gen,Scripps Institution of Oceanography,2013,ret1,86.67,26,30
FR,fg,first_gen,Scripps Institution of Oceanography,2013,ret2,86.67,26,30
FR,fg,first_gen,Scripps Institution of Oceanography,2014,grad4,47.5,19,40
FR,fg,first_gen,Scripps Institution of Oceanography,2014,grad5,80.0,32,40
FR,fg,first_gen,Scripps Institution of Oceanography,2014,grad6,82.5,33,40
FR,fg,first_gen,Scripps Institution of Oceanography,2014,ret1,97.5,39,40
FR,fg,first_gen,Scripps Institution of Oceanography,2014,ret2,87.5,35,40
FR,fg,first_gen,Scripps Institution of Oceanography,2015,grad4,65.71,23,35
FR,fg,first_gen,Scripps Institution of Oceanography,2015,grad5,80.0,28,35
FR,fg,first_gen,Scripps Institution of Oceanography,2015,grad6,82.86,29,35
FR,fg,first_gen,Scripps Institution of Oceanography,2015,ret1,94.29,33,35
FR,fg,first_gen,Scripps Institution of Oceanography,2015,ret2,91.43,32,35
FR,fg,first_gen,Scripps Institution of Oceanography,2016,grad4,53.85,21,39
FR,fg,first_gen,Scripps Institution of Oceanography,2016,grad5,82.05,32,39
FR,fg,first_gen,Scripps Institution of Oceanography,2016,grad6,84.62,33,39
FR,fg,first_gen,Scripps Institution of Oceanography,2016,ret1,89.74,35,39
FR,fg,first_gen,Scripps Institution of Oceanography,2016,ret2,89.74,35,39
FR,fg,first_gen,Scripps Institution of Oceanography,2017,grad4,58.33,28,48
FR,fg,first_gen,Scripps Institution of Oceanography,2017,grad5,75.0,36,48
FR,fg,first_gen,Scripps Institution of Oceanography,2017,grad6,77.08,37,48
FR,fg,first_gen,Scripps Institution of Oceanography,2017,ret1,87.5,42,48
FR,fg,first_gen,Scripps Institution of Oceanography,2017,ret2,81.25,39,48
FR,fg,first_gen,Scripps Institution of Oceanography,2018,grad4,66.2,47,71
FR,fg,first_gen,Scripps Institution of Oceanography,2018,grad5,78.87,56,71
FR,fg,first_gen,Scripps Institution of Oceanography,2018,grad6,80.28,57,71
FR,fg,first_gen,Scripps Institution of Oceanography,2018,ret1,92.96,66,71
FR,fg,first_gen,Scripps Institution of Oceanography,2018,ret2,92.96,66,71
FR,fg,first_gen,Scripps Institution of Oceanography,2019,grad4,76.0,38,50
FR,fg,first_gen,Scripps Institution of Oceanography,2019,grad5,76.0,38,50
FR,fg,first_gen,Scripps Institution of Oceanography,2019,grad6,80.0,40,50
FR,fg,first_gen,Scripps Institution of Oceanography,2019,ret1,92.0,46,50
FR,fg,first_gen,Scripps Institution of Oceanography,2019,ret2,86.0,43,50
FR,fg,first_gen,Scripps Institution of Oceanography,2020,grad4,74.51,38,51
FR,fg,first_gen,Scripps Institution of Oceanography,2020,grad5,78.43,40,51
FR,fg,first_gen,Scripps Institution of Oceanography,2020,ret1,90.2,46,51
FR,fg,first_gen,Scripps Institution of Oceanography,2020,ret2,86.27,44,51
FR,fg,first_gen,Scripps Institution of Oceanography,2021,grad4,59.09,26,44
FR,fg,first_gen,Scripps Institution of Oceanography,2021,ret1,90.91,40,44
FR,fg,first_gen,Scripps Institution of Oceanography,2021,ret2,86.36,38,44
FR,fg,first_gen,Scripps Institution of Oceanography,2022,ret1,95.16,59,62
FR,fg,first_gen,Scripps Institution of Oceanography,2022,ret2,90.32,56,62
FR,fg,first_gen,Scripps Institution of Oceanography,2023,ret1,93.65,59,63
FR,fg,first_gen,Scripps Institution of Oceanography,2023,ret2,90.48,57,63
FR,fg,first_gen,Scripps Institution of Oceanography,2024,ret1,92.65,63,68
FR,fg,first_gen,Social Sciences,2013,grad4,70.23,217,309
FR,fg,first_gen,Social Sciences,2013,grad5,86.73,268,309
FR,fg,first_gen,Social Sciences,2013,grad6,89.97,278,309
FR,fg,first_gen,Social Sciences,2013,ret1,94.82,293,309
FR,fg,first_gen,Social Sciences,2013,ret2,89.97,278,309
FR,fg,first_gen,Social Sciences,2014,grad4,71.86,240,334
FR,fg,first_gen,Social Sciences,2014,grad5,82.63,276,334
FR,fg,first_gen,Social Sciences,2014,grad6,85.33,285,334
FR,fg,first_gen,Social Sciences,2014,ret1,93.41,312,334
FR,fg,first_gen,Social Sciences,2014,ret2,88.92,297,334
FR,fg,first_gen,Social Sciences,2015,grad4,73.5,172,234
FR,fg,first_gen,Social Sciences,2015,grad5,87.18,204,234
FR,fg,first_gen,Social Sciences,2015,grad6,88.03,206,234
FR,fg,first_gen,Social Sciences,2015,ret1,93.59,219,234
FR,fg,first_gen,Social Sciences,2015,ret2,90.6,212,234
FR,fg,first_gen,Social Sciences,2016,grad4,71.11,315,443
FR,fg,first_gen,Social Sciences,2016,grad5,81.94,363,443
FR,fg,first_gen,Social Sciences,2016,grad6,83.3,369,443
FR,fg,first_gen,Social Sciences,2016,ret1,91.2,404,443
FR,fg,first_gen,Social Sciences,2016,ret2,88.49,392,443
FR,fg,first_gen,Social Sciences,2017,grad4,74.12,338,456
FR,fg,first_gen,Social Sciences,2017,grad5,81.36,371,456
FR,fg,first_gen,Social Sciences,2017,grad6,82.46,376,456
FR,fg,first_gen,Social Sciences,2017,ret1,91.23,416,456
FR,fg,first_gen,Social Sciences,2017,ret2,86.84,396,456
FR,fg,first_gen,Social Sciences,2018,grad4,72.95,437,599
FR,fg,first_gen,Social Sciences,2018,grad5,79.47,476,599
FR,fg,first_gen,Social Sciences,2018,grad6,83.64,501,599
FR,fg,first_gen,Social Sciences,2018,ret1,91.82,550,599
FR,fg,first_gen,Social Sciences,2018,ret2,88.98,533,599
FR,fg,first_gen,Social Sciences,2019,grad4,74.52,389,522
FR,fg,first_gen,Social Sciences,2019,grad5,82.57,431,522
FR,fg,first_gen,Social Sciences,2019,grad6,84.1,439,522
FR,fg,first_gen,Social Sciences,2019,ret1,94.25,492,522
FR,fg,first_gen,Social Sciences,2019,ret2,89.46,467,522
FR,fg,first_gen,Social Sciences,2020,grad4,77.18,372,482
FR,fg,first_gen,Social Sciences,2020,grad5,84.44,407,482
FR,fg,first_gen,Social Sciences,2020,ret1,91.29,440,482
FR,fg,first_gen,Social Sciences,2020,ret2,88.17,425,482
FR,fg,first_gen,Social Sciences,2021,grad4,79.2,518,654
FR,fg,first_gen,Social Sciences,2021,ret1,92.51,605,654
FR,fg,first_gen,Social Sciences,2021,ret2,89.3,584,654
FR,fg,first_gen,Social Sciences,2022,ret1,90.08,808,897
FR,fg,first_gen,Social Sciences,2022,ret2,87.07,781,897
FR,fg,first_gen,Social Sciences,2023,ret1,92.35,748,810
FR,fg,first_gen,Social Sciences,2023,ret2,88.27,715,810
FR,fg,first_gen,Social Sciences,2024,ret1,94.73,791,835
FR,fg,first_gen,Special,2013,grad4,54.74,150,274
FR,fg,first_gen,Special,2013,grad5,81.39,223,274
FR,fg,first_gen,Special,2013,grad6,84.67,232,274
FR,fg,first_gen,Special,2013,ret1,91.97,252,274
FR,fg,first_gen,Special,2013,ret2,86.13,236,274
FR,fg,first_gen,Special,2014,grad4,54.66,223,408
FR,fg,first_gen,Special,2014,grad5,76.96,314,408
FR,fg,first_gen,Special,2014,grad6,81.37,332,408
FR,fg,first_gen,Special,2014,ret1,94.85,387,408
FR,fg,first_gen,Special,2014,ret2,88.97,363,408
FR,fg,first_gen,Special,2015,grad4,61.42,199,324
FR,fg,first_gen,Special,2015,grad5,78.4,254,324
FR,fg,first_gen,Special,2015,grad6,80.86,262,324
FR,fg,first_gen,Special,2015,ret1,91.36,296,324
FR,fg,first_gen,Special,2015,ret2,86.73,281,324
FR,fg,first_gen,Special,2016,grad4,54.42,203,373
FR,fg,first_gen,Special,2016,grad5,75.34,281,373
FR,fg,first_gen,Special,2016,grad6,77.21,288,373
FR,fg,first_gen,Special,2016,ret1,90.08,336,373
FR,fg,first_gen,Special,2016,ret2,80.97,302,373
FR,fg,first_gen,Special,2017,grad4,56.99,155,272
FR,fg,first_gen,Special,2017,grad5,71.69,195,272
FR,fg,first_gen,Special,2017,grad6,75.37,205,272
FR,fg,first_gen,Special,2017,ret1,87.5,238,272
FR,fg,first_gen,Special,2017,ret2,80.88,220,272
FR,fg,first_gen,Special,2018,grad4,59.64,198,332
FR,fg,first_gen,Special,2018,grad5,70.78,235,332
FR,fg,first_gen,Special,2018,grad6,75.6,251,332
FR,fg,first_gen,Special,2018,ret1,88.55,294,332
FR,fg,first_gen,Special,2018,ret2,84.34,280,332
FR,fg,first_gen,Special,2019,grad4,58.59,133,227
FR,fg,first_gen,Special,2019,grad5,74.01,168,227
FR,fg,first_gen,Special,2019,grad6,76.21,173,227
FR,fg,first_gen,Special,2019,ret1,91.19,207,227
FR,fg,first_gen,Special,2019,ret2,83.26,189,227
FR,fg,first_gen,Special,2020,grad4,63.31,88,139
FR,fg,first_gen,Special,2020,grad5,75.54,105,139
FR,fg,first_gen,Special,2020,ret1,89.93,125,139
FR,fg,first_gen,Special,2020,ret2,79.86,111,139
FR,fg,first_gen,Special,2021,grad4,65.99,130,197
FR,fg,first_gen,Special,2021,ret1,89.34,176,197
FR,fg,first_gen,Special,2021,ret2,83.25,164,197
FR,fg,first_gen,Special,2022,ret1,86.03,197,229
FR,fg,first_gen,Special,2022,ret2,81.66,187,229
FR,fg,first_gen,Special,2023,ret1,85.94,165,192
FR,fg,first_gen,Special,2023,ret2,79.69,153,192
FR,fg,first_gen,Special,2024,ret1,88.04,184,209
FR,fg,not_first_gen,Arts & Humanities,2013,grad4,73.56,64,87
FR,fg,not_first_gen,Arts & Humanities,2013,grad5,85.06,74,87
FR,fg,not_first_gen,Arts & Humanities,2013,grad6,86.21,75,87
FR,fg,not_first_gen,Arts & Humanities,2013,ret1,94.25,82,87
FR,fg,not_first_gen,Arts & Humanities,2013,ret2,86.21,75,87
FR,fg,not_first_gen,Arts & Humanities,2014,grad4,70.31,45,64
FR,fg,not_first_gen,Arts & Humanities,2014,grad5,85.94,55,64
FR,fg,not_first_gen,Arts & Humanities,2014,grad6,85.94,55,64
FR,fg,not_first_gen,Arts & Humanities,2014,ret1,95.31,61,64
FR,fg,not_first_gen,Arts & Humanities,2014,ret2,92.19,59,64
FR,fg,not_first_gen,Arts & Humanities,2015,grad4,74.58,88,118
FR,fg,not_first_gen,Arts & Humanities,2015,grad5,86.44,102,118
FR,fg,not_first_gen,Arts & Humanities,2015,grad6,88.98,105,118
FR,fg,not_first_gen,Arts & Humanities,2015,ret1,95.76,113,118
FR,fg,not_first_gen,Arts & Humanities,2015,ret2,86.44,102,118
FR,fg,not_first_gen,Arts & Humanities,2016,grad4,72.95,89,122
FR,fg,not_first_gen,Arts & Humanities,2016,grad5,84.43,103,122
FR,fg,not_first_gen,Arts & Humanities,2016,grad6,86.07,105,122
FR,fg,not_first_gen,Arts & Humanities,2016,ret1,95.9,117,122
FR,fg,not_first_gen,Arts & Humanities,2016,ret2,87.7,107,122
FR,fg,not_first_gen,Arts & Humanities,2017,grad4,67.42,120,178
FR,fg,not_first_gen,Arts & Humanities,2017,grad5,80.34,143,178
FR,fg,not_first_gen,Arts & Humanities,2017,grad6,81.46,145,178
FR,fg,not_first_gen,Arts & Humanities,2017,ret1,92.13,164,178
FR,fg,not_first_gen,Arts & Humanities,2017,ret2,83.71,149,178
FR,fg,not_first_gen,Arts & Humanities,2018,grad4,72.12,119,165
FR,fg,not_first_gen,Arts & Humanities,2018,grad5,83.64,138,165
FR,fg,not_first_gen,Arts & Humanities,2018,grad6,87.88,145,165
FR,fg,not_first_gen,Arts & Humanities,2018,ret1,92.12,152,165
FR,fg,not_first_gen,Arts & Humanities,2018,ret2,87.27,144,165
FR,fg,not_first_gen,Arts & Humanities,2019,grad4,74.64,103,138
FR,fg,not_first_gen,Arts & Humanities,2019,grad5,86.23,119,138
FR,fg,not_first_gen,Arts & Humanities,2019,grad6,87.68,121,138
FR,fg,not_first_gen,Arts & Humanities,2019,ret1,94.2,130,138
FR,fg,not_first_gen,Arts & Humanities,2019,ret2,90.58,125,138
FR,fg,not_first_gen,Arts & Humanities,2020,grad4,79.61,164,206
FR,fg,not_first_gen,Arts & Humanities,2020,grad5,86.89,179,206
FR,fg,not_first_gen,Arts & Humanities,2020,ret1,92.23,190,206
FR,fg,not_first_gen,Arts & Humanities,2020,ret2,87.86,181,206
FR,fg,not_first_gen,Arts & Humanities,2021,grad4,74.41,157,211
FR,fg,not_first_gen,Arts & Humanities,2021,ret1,90.52,191,211
FR,fg,not_first_gen,Arts & Humanities,2021,ret2,86.26,182,211
FR,fg,not_first_gen,Arts & Humanities,2022,ret1,95.27,282,296
FR,fg,not_first_gen,Arts & Humanities,2022,ret2,89.86,266,296
FR,fg,not_first_gen,Arts & Humanities,2023,ret1,93.65,280,299
FR,fg,not_first_gen,Arts & Humanities,2023,ret2,89.97,269,299
FR,fg,not_first_gen,Arts & Humanities,2024,ret1,94.62,246,260
FR,fg,not_first_gen,Biology,2013,grad4,74.45,647,869
FR,fg,not_first_gen,Biology,2013,grad5,88.95,773,869
FR,fg,not_first_gen,Biology,2013,grad6,90.91,790,869
FR,fg,not_first_gen,Biology,2013,ret1,95.97,834,869
FR,fg,not_first_gen,Biology,2013,ret2,93.33,811,869
FR,fg,not_first_gen,Biology,2014,grad4,75.97,547,720
FR,fg,not_first_gen,Biology,2014,grad5,90.0,648,720
FR,fg,not_first_gen,Biology,2014,grad6,91.11,656,720
FR,fg,not_first_gen,Biology,2014,ret1,95.42,687,720
FR,fg,not_first_gen,Biology,2014,ret2,92.5,666,720
FR,fg,not_first_gen,Biology,2015,grad4,79.37,704,887
FR,fg,not_first_gen,Biology,2015,grad5,91.66,813,887
FR,fg,not_first_gen,Biology,2015,grad6,93.12,826,887
FR,fg,not_first_gen,Biology,2015,ret1,96.73,858,887
FR,fg,not_first_gen,Biology,2015,ret2,94.7,840,887
FR,fg,not_first_gen,Biology,2016,grad4,80.19,676,843
FR,fg,not_first_gen,Biology,2016,grad5,91.22,769,843
FR,fg,not_first_gen,Biology,2016,grad6,92.05,776,843
FR,fg,not_first_gen,Biology,2016,ret1,96.68,815,843
FR,fg,not_first_gen,Biology,2016,ret2,93.24,786,843
FR,fg,not_first_gen,Biology,2017,grad4,83.05,544,655
FR,fg,not_first_gen,Biology,2017,grad5,90.08,590,655
FR,fg,not_first_gen,Biology,2017,grad6,91.76,601,655
FR,fg,not_first_gen,Biology,2017,ret1,96.18,630,655
FR,fg,not_first_gen,Biology,2017,ret2,93.13,610,655
FR,fg,not_first_gen,Biology,2018,grad4,79.61,566,711
FR,fg,not_first_gen,Biology,2018,grad5,87.48,622,711
FR,fg,not_first_gen,Biology,2018,grad6,89.73,638,711
FR,fg,not_first_gen,Biology,2018,ret1,94.66,673,711
FR,fg,not_first_gen,Biology,2018,ret2,93.53,665,711
FR,fg,not_first_gen,Biology,2019,grad4,80.26,618,770
FR,fg,not_first_gen,Biology,2019,grad5,88.05,678,770
FR,fg,not_first_gen,Biology,2019,grad6,90.26,695,770
FR,fg,not_first_gen,Biology,2019,ret1,95.19,733,770
FR,fg,not_first_gen,Biology,2019,ret2,93.38,719,770
FR,fg,not_first_gen,Biology,2020,grad4,83.92,762,908
FR,fg,not_first_gen,Biology,2020,grad5,92.73,842,908
FR,fg,not_first_gen,Biology,2020,ret1,97.91,889,908
FR,fg,not_first_gen,Biology,2020,ret2,95.37,866,908
FR,fg,not_first_gen,Biology,2021,grad4,84.48,795,941
FR,fg,not_first_gen,Biology,2021,ret1,95.32,897,941
FR,fg,not_first_gen,Biology,2021,ret2,93.62,881,941
FR,fg,not_first_gen,Biology,2022,ret1,96.36,556,577
FR,fg,not_first_gen,Biology,2022,ret2,94.28,544,577
FR,fg,not_first_gen,Biology,2023,ret1,95.91,750,782
FR,fg,not_first_gen,Biology,2023,ret2,93.73,733,782
FR,fg,not_first_gen,Biology,2024,ret1,97.29,863,887
FR,fg,not_first_gen,Engineering,2013,grad4,65.56,594,906
FR,fg,not_first_gen,Engineering,2013,grad5,88.19,799,906
FR,fg,not_first_gen,Engineering,2013,grad6,90.51,820,906
FR,fg,not_first_gen,Engineering,2013,ret1,96.25,872,906
FR,fg,not_first_gen,Engineering,2013,ret2,92.27,836,906
FR,fg,not_first_gen,Engineering,2014,grad4,69.18,413,597
FR,fg,not_first_gen,Engineering,2014,grad5,89.11,532,597
FR,fg,not_first_gen,Engineering,2014,grad6,91.96,549,597
FR,fg,not_first_gen,Engineering,2014,ret1,96.31,575,597
FR,fg,not_first_gen,Engineering,2014,ret2,93.8,560,597
FR,fg,not_first_gen,Engineering,2015,grad4,72.33,468,647
FR,fg,not_first_gen,Engineering,2015,grad5,91.04,589,647
FR,fg,not_first_gen,Engineering,2015,grad6,92.89,601,647
FR,fg,not_first_gen,Engineering,2015,ret1,96.6,625,647
FR,fg,not_first_gen,Engineering,2015,ret2,94.28,610,647
FR,fg,not_first_gen,Engineering,2016,grad4,69.66,365,524
FR,fg,not_first_gen,Engineering,2016,grad5,86.83,455,524
FR,fg,not_first_gen,Engineering,2016,grad6,90.08,472,524
FR,fg,not_first_gen,Engineering,2016,ret1,95.8,502,524
FR,fg,not_first_gen,Engineering,2016,ret2,93.7,491,524
FR,fg,not_first_gen,Engineering,2017,grad4,77.7,589,758
FR,fg,not_first_gen,Engineering,2017,grad5,89.31,677,758
FR,fg,not_first_gen,Engineering,2017,grad6,91.29,692,758
FR,fg,not_first_gen,Engineering,2017,ret1,95.65,725,758
FR,fg,not_first_gen,Engineering,2017,ret2,93.4,708,758
FR,fg,not_first_gen,Engineering,2018,grad4,76.68,592,772
FR,fg,not_first_gen,Engineering,2018,grad5,87.56,676,772
FR,fg,not_first_gen,Engineering,2018,grad6,90.16,696,772
FR,fg,not_first_gen,Engineering,2018,ret1,96.63,746,772
FR,fg,not_first_gen,Engineering,2018,ret2,93.13,719,772
FR,fg,not_first_gen,Engineering,2019,grad4,80.76,554,686
FR,fg,not_first_gen,Engineering,2019,grad5,89.8,616,686
FR,fg,not_first_gen,Engineering,2019,grad6,91.84,630,686
FR,fg,not_first_gen,Engineering,2019,ret1,96.5,662,686
FR,fg,not_first_gen,Engineering,2019,ret2,93.59,642,686
FR,fg,not_first_gen,Engineering,2020,grad4,77.17,659,854
FR,fg,not_first_gen,Engineering,2020,grad5,88.99,760,854
FR,fg,not_first_gen,Engineering,2020,ret1,97.19,830,854
FR,fg,not_first_gen,Engineering,2020,ret2,94.03,803,854
FR,fg,not_first_gen,Engineering,2021,grad4,75.86,707,932
FR,fg,not_first_gen,Engineering,2021,ret1,95.39,889,932
FR,fg,not_first_gen,Engineering,2021,ret2,92.38,861,932
FR,fg,not_first_gen,Engineering,2022,ret1,96.71,706,730
FR,fg,not_first_gen,Engineering,2022,ret2,93.7,684,730
FR,fg,not_first_gen,Engineering,2023,ret1,95.1,641,674
FR,fg,not_first_gen,Engineering,2023,ret2,92.88,626,674
FR,fg,not_first_gen,Engineering,2024,ret1,96.53,724,750
FR,fg,not_first_gen,Global Policy & Strategy,2014,grad4,75.0,24,32
FR,fg,not_first_gen,Global Policy & Strategy,2014,grad5,90.62,29,32
FR,fg,not_first_gen,Global Policy & Strategy,2014,grad6,90.62,29,32
FR,fg,not_first_gen,Global Policy & Strategy,2014,ret1,96.88,31,32
FR,fg,not_first_gen,Global Policy & Strategy,2014,ret2,87.5,28,32
FR,fg,not_first_gen,Global Policy & Strategy,2015,grad4,73.97,54,73
FR,fg,not_first_gen,Global Policy & Strategy,2015,grad5,86.3,63,73
FR,fg,not_first_gen,Global Policy & Strategy,2015,grad6,90.41,66,73
FR,fg,not_first_gen,Global Policy & Strategy,2015,ret1,90.41,66,73
FR,fg,not_first_gen,Global Policy & Strategy,2015,ret2,83.56,61,73
FR,fg,not_first_gen,Global Policy & Strategy,2016,grad4,71.28,67,94
FR,fg,not_first_gen,Global Policy & Strategy,2016,grad5,84.04,79,94
FR,fg,not_first_gen,Global Policy & Strategy,2016,grad6,86.17,81,94
FR,fg,not_first_gen,Global Policy & Strategy,2016,ret1,91.49,86,94
FR,fg,not_first_gen,Global Policy & Strategy,2016,ret2,81.91,77,94
FR,fg,not_first_gen,Global Policy & Strategy,2017,grad4,81.18,69,85
FR,fg,not_first_gen,Global Policy & Strategy,2017,grad5,89.41,76,85
FR,fg,not_first_gen,Global Policy & Strategy,2017,grad6,89.41,76,85
FR,fg,not_first_gen,Global Policy & Strategy,2017,ret1,94.12,80,85
FR,fg,not_first_gen,Global Policy & Strategy,2017,ret2,89.41,76,85
FR,fg,not_first_gen,Global Policy & Strategy,2018,grad4,79.31,92,116
FR,fg,not_first_gen,Global Policy & Strategy,2018,grad5,85.34,99,116
FR,fg,not_first_gen,Global Policy & Strategy,2018,grad6,87.07,101,116
FR,fg,not_first_gen,Global Policy & Strategy,2018,ret1,92.24,107,116
FR,fg,not_first_gen,Global Policy & Strategy,2018,ret2,87.07,101,116
FR,fg,not_first_gen,Global Policy & Strategy,2019,grad4,73.2,71,97
FR,fg,not_first_gen,Global Policy & Strategy,2019,grad5,83.51,81,97
FR,fg,not_first_gen,Global Policy & Strategy,2019,grad6,83.51,81,97
FR,fg,not_first_gen,Global Policy & Strategy,2019,ret1,93.81,91,97
FR,fg,not_first_gen,Global Policy & Strategy,2019,ret2,87.63,85,97
FR,fg,not_first_gen,Global Policy & Strategy,2020,grad4,75.78,97,128
FR,fg,not_first_gen,Global Policy & Strategy,2020,grad5,82.81,106,128
FR,fg,not_first_gen,Global Policy & Strategy,2020,ret1,92.19,118,128
FR,fg,not_first_gen,Global Policy & Strategy,2020,ret2,87.5,112,128
FR,fg,not_first_gen,Global Policy & Strategy,2021,grad4,80.16,101,126
FR,fg,not_first_gen,Global Policy & Strategy,2021,ret1,92.86,117,126
FR,fg,not_first_gen,Global Policy & Strategy,2021,ret2,88.1,111,126
FR,fg,not_first_gen,Global Policy & Strategy,2022,ret1,91.59,98,107
FR,fg,not_first_gen,Global Policy & Strategy,2022,ret2,89.72,96,107
FR,fg,not_first_gen,Global Policy & Strategy,2023,ret1,94.57,87,92
FR,fg,not_first_gen,Global Policy & Strategy,2023,ret2,88.04,81,92
FR,fg,not_first_gen,Global Policy & Strategy,2024,ret1,97.47,77,79
FR,fg,not_first_gen,Halicioğlu Data Science Institute,2017,grad4,85.71,36,42
FR,fg,not_first_gen,Halicioğlu Data Science Institute,2017,grad5,90.48,38,42
FR,fg,not_first_gen,Halicioğlu Data Science Institute,2017,grad6,90.48,38,42
FR,fg,not_first_gen,Halicioğlu Data Science Institute,2017,ret1,95.24,40,42
FR,fg,not_first_gen,Halicioğlu Data Science Institute,2017,ret2,90.48,38,42
FR,fg,not_first_gen,Halicioğlu Data Science Institute,2018,grad4,77.42,72,93
FR,fg,not_first_gen,Halicioğlu Data Science Institute,2018,grad5,89.25,83,93
FR,fg,not_first_gen,Halicioğlu Data Science Institute,2018,grad6,92.47,86,93
FR,fg,not_first_gen,Halicioğlu Data Science Institute,2018,ret1,97.85,91,93
FR,fg,not_first_gen,Halicioğlu Data Science Institute,2018,ret2,90.32,84,93
FR,fg,not_first_gen,Halicioğlu Data Science Institute,2019,grad4,82.02,73,89
FR,fg,not_first_gen,Halicioğlu Data Science Institute,2019,grad5,89.89,80,89
FR,fg,not_first_gen,Halicioğlu Data Science Institute,2019,grad6,94.38,84,89
FR,fg,not_first_gen,Halicioğlu Data Science Institute,2019,ret1,97.75,87,89
FR,fg,not_first_gen,Halicioğlu Data Science Institute,2019,ret2,98.88,88,89
FR,fg,not_first_gen,Halicioğlu Data Science Institute,2020,grad4,77.24,95,123
FR,fg,not_first_gen,Halicioğlu Data Science Institute,2020,grad5,87.8,108,123
FR,fg,not_first_gen,Halicioğlu Data Science Institute,2020,ret1,95.93,118,123
FR,fg,not_first_gen,Halicioğlu Data Science Institute,2020,ret2,91.06,112,123
FR,fg,not_first_gen,Halicioğlu Data Science Institute,2021,grad4,87.37,83,95
FR,fg,not_first_gen,Halicioğlu Data Science Institute,2021,ret1,94.74,90,95
FR,fg,not_first_gen,Halicioğlu Data Science Institute,2021,ret2,93.68,89,95
FR,fg,not_first_gen,Halicioğlu Data Science Institute,2022,ret1,95.38,124,130
FR,fg,not_first_gen,Halicioğlu Data Science Institute,2022,ret2,96.15,125,130
FR,fg,not_first_gen,Halicioğlu Data Science Institute,2023,ret1,96.7,176,182
FR,fg,not_first_gen,Halicioğlu Data Science Institute,2023,ret2,93.96,171,182
FR,fg,not_first_gen,Halicioğlu Data Science Institute,2024,ret1,97.5,156,160
FR,fg,not_first_gen,Physical Sciences,2013,grad4,66.29,236,356
FR,fg,not_first_gen,Physical Sciences,2013,grad5,83.43,297,356
FR,fg,not_first_gen,Physical Sciences,2013,grad6,86.8,309,356
FR,fg,not_first_gen,Physical Sciences,2013,ret1,95.79,341,356
FR,fg,not_first_gen,Physical Sciences,2013,ret2,89.33,318,356
FR,fg,not_first_gen,Physical Sciences,2014,grad4,73.07,312,427
FR,fg,not_first_gen,Physical Sciences,2014,grad5,85.01,363,427
FR,fg,not_first_gen,Physical Sciences,2014,grad6,87.12,372,427
FR,fg,not_first_gen,Physical Sciences,2014,ret1,95.08,406,427
FR,fg,not_first_gen,Physical Sciences,2014,ret2,90.4,386,427
FR,fg,not_first_gen,Physical Sciences,2015,grad4,74.68,472,632
FR,fg,not_first_gen,Physical Sciences,2015,grad5,85.13,538,632
FR,fg,not_first_gen,Physical Sciences,2015,grad6,87.34,552,632
FR,fg,not_first_gen,Physical Sciences,2015,ret1,94.3,596,632
FR,fg,not_first_gen,Physical Sciences,2015,ret2,88.13,557,632
FR,fg,not_first_gen,Physical Sciences,2016,grad4,75.57,399,528
FR,fg,not_first_gen,Physical Sciences,2016,grad5,86.93,459,528
FR,fg,not_first_gen,Physical Sciences,2016,grad6,88.83,469,528
FR,fg,not_first_gen,Physical Sciences,2016,ret1,94.7,500,528
FR,fg,not_first_gen,Physical Sciences,2016,ret2,90.15,476,528
FR,fg,not_first_gen,Physical Sciences,2017,grad4,77.37,318,411
FR,fg,not_first_gen,Physical Sciences,2017,grad5,89.29,367,411
FR,fg,not_first_gen,Physical Sciences,2017,grad6,90.02,370,411
FR,fg,not_first_gen,Physical Sciences,2017,ret1,95.86,394,411
FR,fg,not_first_gen,Physical Sciences,2017,ret2,90.51,372,411
FR,fg,not_first_gen,Physical Sciences,2018,grad4,77.55,487,628
FR,fg,not_first_gen,Physical Sciences,2018,grad5,84.87,533,628
FR,fg,not_first_gen,Physical Sciences,2018,grad6,87.42,549,628
FR,fg,not_first_gen,Physical Sciences,2018,ret1,93.15,585,628
FR,fg,not_first_gen,Physical Sciences,2018,ret2,90.13,566,628
FR,fg,not_first_gen,Physical Sciences,2019,grad4,75.0,417,556
FR,fg,not_first_gen,Physical Sciences,2019,grad5,83.99,467,556
FR,fg,not_first_gen,Physical Sciences,2019,grad6,85.79,477,556
FR,fg,not_first_gen,Physical Sciences,2019,ret1,95.32,530,556
FR,fg,not_first_gen,Physical Sciences,2019,ret2,87.59,487,556
FR,fg,not_first_gen,Physical Sciences,2020,grad4,79.44,514,647
FR,fg,not_first_gen,Physical Sciences,2020,grad5,88.41,572,647
FR,fg,not_first_gen,Physical Sciences,2020,ret1,96.14,622,647
FR,fg,not_first_gen,Physical Sciences,2020,ret2,92.43,598,647
FR,fg,not_first_gen,Physical Sciences,2021,grad4,80.99,588,726
FR,fg,not_first_gen,Physical Sciences,2021,ret1,94.08,683,726
FR,fg,not_first_gen,Physical Sciences,2021,ret2,90.36,656,726
FR,fg,not_first_gen,Physical Sciences,2022,ret1,96.0,456,475
FR,fg,not_first_gen,Physical Sciences,2022,ret2,92.42,439,475
FR,fg,not_first_gen,Physical Sciences,2023,ret1,95.28,485,509
FR,fg,not_first_gen,Physical Sciences,2023,ret2,92.53,471,509
FR,fg,not_first_gen,Physical Sciences,2024,ret1,94.06,586,623
FR,fg,not_first_gen,Public Health (Wertheim),2014,grad4,70.0,14,20
FR,fg,not_first_gen,Public Health (Wertheim),2014,grad5,100.0,20,20
FR,fg,not_first_gen,Public Health (Wertheim),2014,grad6,100.0,20,20
FR,fg,not_first_gen,Public Health (Wertheim),2014,ret1,100.0,20,20
FR,fg,not_first_gen,Public Health (Wertheim),2014,ret2,100.0,20,20
FR,fg,not_first_gen,Public Health (Wertheim),2015,grad4,82.61,19,23
FR,fg,not_first_gen,Public Health (Wertheim),2015,grad5,91.3,21,23
FR,fg,not_first_gen,Public Health (Wertheim),2015,grad6,91.3,21,23
FR,fg,not_first_gen,Public Health (Wertheim),2015,ret1,100.0,23,23
FR,fg,not_first_gen,Public Health (Wertheim),2015,ret2,100.0,23,23
FR,fg,not_first_gen,Public Health (Wertheim),2016,grad4,89.66,26,29
FR,fg,not_first_gen,Public Health (Wertheim),2016,grad5,93.1,27,29
FR,fg,not_first_gen,Public Health (Wertheim),2016,grad6,93.1,27,29
FR,fg,not_first_gen,Public Health (Wertheim),2016,ret1,100.0,29,29
FR,fg,not_first_gen,Public Health (Wertheim),2016,ret2,100.0,29,29
FR,fg,not_first_gen,Public Health (Wertheim),2017,grad4,94.44,17,18
FR,fg,not_first_gen,Public Health (Wertheim),2017,grad5,100.0,18,18
FR,fg,not_first_gen,Public Health (Wertheim),2017,grad6,100.0,18,18
FR,fg,not_first_gen,Public Health (Wertheim),2017,ret1,100.0,18,18
FR,fg,not_first_gen,Public Health (Wertheim),2017,ret2,100.0,18,18
FR,fg,not_first_gen,Public Health (Wertheim),2019,grad4,91.67,22,24
FR,fg,not_first_gen,Public Health (Wertheim),2019,grad5,91.67,22,24
FR,fg,not_first_gen,Public Health (Wertheim),2019,grad6,91.67,22,24
FR,fg,not_first_gen,Public Health (Wertheim),2019,ret1,91.67,22,24
FR,fg,not_first_gen,Public Health (Wertheim),2019,ret2,91.67,22,24
FR,fg,not_first_gen,Public Health (Wertheim),2020,grad4,85.71,36,42
FR,fg,not_first_gen,Public Health (Wertheim),2020,grad5,92.86,39,42
FR,fg,not_first_gen,Public Health (Wertheim),2020,ret1,97.62,41,42
FR,fg,not_first_gen,Public Health (Wertheim),2020,ret2,92.86,39,42
FR,fg,not_first_gen,Public Health (Wertheim),2021,grad4,82.19,60,73
FR,fg,not_first_gen,Public Health (Wertheim),2021,ret1,95.89,70,73
FR,fg,not_first_gen,Public Health (Wertheim),2021,ret2,94.52,69,73
FR,fg,not_first_gen,Public Health (Wertheim),2022,ret1,100.0,33,33
FR,fg,not_first_gen,Public Health (Wertheim),2022,ret2,96.97,32,33
FR,fg,not_first_gen,Public Health (Wertheim),2023,ret1,94.12,48,51
FR,fg,not_first_gen,Public Health (Wertheim),2023,ret2,88.24,45,51
FR,fg,not_first_gen,Public Health (Wertheim),2024,ret1,92.31,60,65
FR,fg,not_first_gen,Scripps Institution of Oceanography,2013,grad4,59.02,36,61
FR,fg,not_first_gen,Scripps Institution of Oceanography,2013,grad5,81.97,50,61
FR,fg,not_first_gen,Scripps Institution of Oceanography,2013,grad6,83.61,51,61
FR,fg,not_first_gen,Scripps Institution of Oceanography,2013,ret1,91.8,56,61
FR,fg,not_first_gen,Scripps Institution of Oceanography,2013,ret2,81.97,50,61
FR,fg,not_first_gen,Scripps Institution of Oceanography,2014,grad4,78.85,41,52
FR,fg,not_first_gen,Scripps Institution of Oceanography,2014,grad5,88.46,46,52
FR,fg,not_first_gen,Scripps Institution of Oceanography,2014,grad6,90.38,47,52
FR,fg,not_first_gen,Scripps Institution of Oceanography,2014,ret1,94.23,49,52
FR,fg,not_first_gen,Scripps Institution of Oceanography,2014,ret2,92.31,48,52
FR,fg,not_first_gen,Scripps Institution of Oceanography,2015,grad4,80.88,55,68
FR,fg,not_first_gen,Scripps Institution of Oceanography,2015,grad5,92.65,63,68
FR,fg,not_first_gen,Scripps Institution of Oceanography,2015,grad6,92.65,63,68
FR,fg,not_first_gen,Scripps Institution of Oceanography,2015,ret1,94.12,64,68
FR,fg,not_first_gen,Scripps Institution of Oceanography,2015,ret2,88.24,60,68
FR,fg,not_first_gen,Scripps Institution of Oceanography,2016,grad4,73.56,64,87
FR,fg,not_first_gen,Scripps Institution of Oceanography,2016,grad5,88.51,77,87
FR,fg,not_first_gen,Scripps Institution of Oceanography,2016,grad6,90.8,79,87
FR,fg,not_first_gen,Scripps Institution of Oceanography,2016,ret1,93.1,81,87
FR,fg,not_first_gen,Scripps Institution of Oceanography,2016,ret2,89.66,78,87
FR,fg,not_first_gen,Scripps Institution of Oceanography,2017,grad4,71.25,57,80
FR,fg,not_first_gen,Scripps Institution of Oceanography,2017,grad5,85.0,68,80
FR,fg,not_first_gen,Scripps Institution of Oceanography,2017,grad6,88.75,71,80
FR,fg,not_first_gen,Scripps Institution of Oceanography,2017,ret1,93.75,75,80
FR,fg,not_first_gen,Scripps Institution of Oceanography,2017,ret2,93.75,75,80
FR,fg,not_first_gen,Scripps Institution of Oceanography,2018,grad4,79.31,92,116
FR,fg,not_first_gen,Scripps Institution of Oceanography,2018,grad5,85.34,99,116
FR,fg,not_first_gen,Scripps Institution of Oceanography,2018,grad6,88.79,103,116
FR,fg,not_first_gen,Scripps Institution of Oceanography,2018,ret1,93.97,109,116
FR,fg,not_first_gen,Scripps Institution of Oceanography,2018,ret2,88.79,103,116
FR,fg,not_first_gen,Scripps Institution of Oceanography,2019,grad4,68.42,78,114
FR,fg,not_first_gen,Scripps Institution of Oceanography,2019,grad5,77.19,88,114
FR,fg,not_first_gen,Scripps Institution of Oceanography,2019,grad6,82.46,94,114
FR,fg,not_first_gen,Scripps Institution of Oceanography,2019,ret1,87.72,100,114
FR,fg,not_first_gen,Scripps Institution of Oceanography,2019,ret2,87.72,100,114
FR,fg,not_first_gen,Scripps Institution of Oceanography,2020,grad4,81.69,116,142
FR,fg,not_first_gen,Scripps Institution of Oceanography,2020,grad5,89.44,127,142
FR,fg,not_first_gen,Scripps Institution of Oceanography,2020,ret1,95.77,136,142
FR,fg,not_first_gen,Scripps Institution of Oceanography,2020,ret2,92.25,131,142
FR,fg,not_first_gen,Scripps Institution of Oceanography,2021,grad4,79.11,125,158
FR,fg,not_first_gen,Scripps Institution of Oceanography,2021,ret1,92.41,146,158
FR,fg,not_first_gen,Scripps Institution of Oceanography,2021,ret2,86.71,137,158
FR,fg,not_first_gen,Scripps Institution of Oceanography,2022,ret1,94.12,96,102
FR,fg,not_first_gen,Scripps Institution of Oceanography,2022,ret2,91.18,93,102
FR,fg,not_first_gen,Scripps Institution of Oceanography,2023,ret1,95.54,150,157
FR,fg,not_first_gen,Scripps Institution of Oceanography,2023,ret2,92.36,145,157
FR,fg,not_first_gen,Scripps Institution of Oceanography,2024,ret1,95.53,171,179
FR,fg,not_first_gen,Social Sciences,2013,grad4,71.64,427,596
FR,fg,not_first_gen,Social Sciences,2013,grad5,84.56,504,596
FR,fg,not_first_gen,Social Sciences,2013,grad6,86.58,516,596
FR,fg,not_first_gen,Social Sciences,2013,ret1,90.6,540,596
FR,fg,not_first_gen,Social Sciences,2013,ret2,85.74,511,596
FR,fg,not_first_gen,Social Sciences,2014,grad4,76.47,325,425
FR,fg,not_first_gen,Social Sciences,2014,grad5,84.24,358,425
FR,fg,not_first_gen,Social Sciences,2014,grad6,87.76,373,425
FR,fg,not_first_gen,Social Sciences,2014,ret1,92.0,391,425
FR,fg,not_first_gen,Social Sciences,2014,ret2,88.24,375,425
FR,fg,not_first_gen,Social Sciences,2015,grad4,79.71,436,547
FR,fg,not_first_gen,Social Sciences,2015,grad5,87.75,480,547
FR,fg,not_first_gen,Social Sciences,2015,grad6,89.4,489,547
FR,fg,not_first_gen,Social Sciences,2015,ret1,93.97,514,547
FR,fg,not_first_gen,Social Sciences,2015,ret2,90.31,494,547
FR,fg,not_first_gen,Social Sciences,2016,grad4,78.87,560,710
FR,fg,not_first_gen,Social Sciences,2016,grad5,88.17,626,710
FR,fg,not_first_gen,Social Sciences,2016,grad6,89.3,634,710
FR,fg,not_first_gen,Social Sciences,2016,ret1,94.93,674,710
FR,fg,not_first_gen,Social Sciences,2016,ret2,90.85,645,710
FR,fg,not_first_gen,Social Sciences,2017,grad4,82.34,592,719
FR,fg,not_first_gen,Social Sciences,2017,grad5,90.26,649,719
FR,fg,not_first_gen,Social Sciences,2017,grad6,92.07,662,719
FR,fg,not_first_gen,Social Sciences,2017,ret1,95.41,686,719
FR,fg,not_first_gen,Social Sciences,2017,ret2,92.49,665,719
FR,fg,not_first_gen,Social Sciences,2018,grad4,77.77,738,949
FR,fg,not_first_gen,Social Sciences,2018,grad5,86.72,823,949
FR,fg,not_first_gen,Social Sciences,2018,grad6,88.09,836,949
FR,fg,not_first_gen,Social Sciences,2018,ret1,94.73,899,949
FR,fg,not_first_gen,Social Sciences,2018,ret2,89.04,845,949
FR,fg,not_first_gen,Social Sciences,2019,grad4,78.34,669,854
FR,fg,not_first_gen,Social Sciences,2019,grad5,85.48,730,854
FR,fg,not_first_gen,Social Sciences,2019,grad6,86.77,741,854
FR,fg,not_first_gen,Social Sciences,2019,ret1,92.62,791,854
FR,fg,not_first_gen,Social Sciences,2019,ret2,88.17,753,854
FR,fg,not_first_gen,Social Sciences,2020,grad4,81.18,919,1132
FR,fg,not_first_gen,Social Sciences,2020,grad5,88.78,1005,1132
FR,fg,not_first_gen,Social Sciences,2020,ret1,95.23,1078,1132
FR,fg,not_first_gen,Social Sciences,2020,ret2,90.81,1028,1132
FR,fg,not_first_gen,Social Sciences,2021,grad4,82.69,1108,1340
FR,fg,not_first_gen,Social Sciences,2021,ret1,93.66,1255,1340
FR,fg,not_first_gen,Social Sciences,2021,ret2,89.63,1201,1340
FR,fg,not_first_gen,Social Sciences,2022,ret1,94.88,963,1015
FR,fg,not_first_gen,Social Sciences,2022,ret2,91.13,925,1015
FR,fg,not_first_gen,Social Sciences,2023,ret1,94.27,1119,1187
FR,fg,not_first_gen,Social Sciences,2023,ret2,90.31,1072,1187
FR,fg,not_first_gen,Social Sciences,2024,ret1,95.13,1173,1233
FR,fg,not_first_gen,Special,2013,grad4,61.23,278,454
FR,fg,not_first_gen,Special,2013,grad5,82.38,374,454
FR,fg,not_first_gen,Special,2013,grad6,87.0,395,454
FR,fg,not_first_gen,Special,2013,ret1,92.95,422,454
FR,fg,not_first_gen,Special,2013,ret2,87.44,397,454
FR,fg,not_first_gen,Special,2014,grad4,64.61,345,534
FR,fg,not_first_gen,Special,2014,grad5,83.33,445,534
FR,fg,not_first_gen,Special,2014,grad6,86.14,460,534
FR,fg,not_first_gen,Special,2014,ret1,94.38,504,534
FR,fg,not_first_gen,Special,2014,ret2,88.76,474,534
FR,fg,not_first_gen,Special,2015,grad4,69.81,451,646
FR,fg,not_first_gen,Special,2015,grad5,84.98,549,646
FR,fg,not_first_gen,Special,2015,grad6,89.63,579,646
FR,fg,not_first_gen,Special,2015,ret1,95.98,620,646
FR,fg,not_first_gen,Special,2015,ret2,91.33,590,646
FR,fg,not_first_gen,Special,2016,grad4,69.93,414,592
FR,fg,not_first_gen,Special,2016,grad5,85.47,506,592
FR,fg,not_first_gen,Special,2016,grad6,87.33,517,592
FR,fg,not_first_gen,Special,2016,ret1,93.07,551,592
FR,fg,not_first_gen,Special,2016,ret2,89.86,532,592
FR,fg,not_first_gen,Special,2017,grad4,73.63,349,474
FR,fg,not_first_gen,Special,2017,grad5,85.44,405,474
FR,fg,not_first_gen,Special,2017,grad6,87.76,416,474
FR,fg,not_first_gen,Special,2017,ret1,93.04,441,474
FR,fg,not_first_gen,Special,2017,ret2,88.61,420,474
FR,fg,not_first_gen,Special,2018,grad4,68.41,353,516
FR,fg,not_first_gen,Special,2018,grad5,81.98,423,516
FR,fg,not_first_gen,Special,2018,grad6,84.88,438,516
FR,fg,not_first_gen,Special,2018,ret1,89.92,464,516
FR,fg,not_first_gen,Special,2018,ret2,86.05,444,516
FR,fg,not_first_gen,Special,2019,grad4,69.12,300,434
FR,fg,not_first_gen,Special,2019,grad5,82.95,360,434
FR,fg,not_first_gen,Special,2019,grad6,85.25,370,434
FR,fg,not_first_gen,Special,2019,ret1,90.55,393,434
FR,fg,not_first_gen,Special,2019,ret2,85.94,373,434
FR,fg,not_first_gen,Special,2020,grad4,74.55,249,334
FR,fg,not_first_gen,Special,2020,grad5,84.73,283,334
FR,fg,not_first_gen,Special,2020,ret1,93.11,311,334
FR,fg,not_first_gen,Special,2020,ret2,90.12,301,334
FR,fg,not_first_gen,Special,2021,grad4,74.13,341,460
FR,fg,not_first_gen,Special,2021,ret1,91.74,422,460
FR,fg,not_first_gen,Special,2021,ret2,88.7,408,460
FR,fg,not_first_gen,Special,2022,ret1,93.94,186,198
FR,fg,not_first_gen,Special,2022,ret2,90.91,180,198
FR,fg,not_first_gen,Special,2023,ret1,94.76,199,210
FR,fg,not_first_gen,Special,2023,ret2,87.62,184,210
FR,fg,not_first_gen,Special,2024,ret1,92.0,207,225
FR,pell,non_pell,Arts & Humanities,2013,grad4,71.11,64,90
FR,pell,non_pell,Arts & Humanities,2013,grad5,80.0,72,90
FR,pell,non_pell,Arts & Humanities,2013,grad6,81.11,73,90
FR,pell,non_pell,Arts & Humanities,2013,ret1,93.33,84,90
FR,pell,non_pell,Arts & Humanities,2013,ret2,84.44,76,90
FR,pell,non_pell,Arts & Humanities,2014,grad4,69.86,51,73
FR,pell,non_pell,Arts & Humanities,2014,grad5,86.3,63,73
FR,pell,non_pell,Arts & Humanities,2014,grad6,87.67,64,73
FR,pell,non_pell,Arts & Humanities,2014,ret1,95.89,70,73
FR,pell,non_pell,Arts & Humanities,2014,ret2,93.15,68,73
FR,pell,non_pell,Arts & Humanities,2015,grad4,72.44,92,127
FR,pell,non_pell,Arts & Humanities,2015,grad5,84.25,107,127
FR,pell,non_pell,Arts & Humanities,2015,grad6,86.61,110,127
FR,pell,non_pell,Arts & Humanities,2015,ret1,94.49,120,127
FR,pell,non_pell,Arts & Humanities,2015,ret2,85.04,108,127
FR,pell,non_pell,Arts & Humanities,2016,grad4,73.85,96,130
FR,pell,non_pell,Arts & Humanities,2016,grad5,85.38,111,130
FR,pell,non_pell,Arts & Humanities,2016,grad6,87.69,114,130
FR,pell,non_pell,Arts & Humanities,2016,ret1,97.69,127,130
FR,pell,non_pell,Arts & Humanities,2016,ret2,87.69,114,130
FR,pell,non_pell,Arts & Humanities,2017,grad4,68.16,122,179
FR,pell,non_pell,Arts & Humanities,2017,grad5,81.01,145,179
FR,pell,non_pell,Arts & Humanities,2017,grad6,82.12,147,179
FR,pell,non_pell,Arts & Humanities,2017,ret1,91.62,164,179
FR,pell,non_pell,Arts & Humanities,2017,ret2,83.8,150,179
FR,pell,non_pell,Arts & Humanities,2018,grad4,74.18,135,182
FR,pell,non_pell,Arts & Humanities,2018,grad5,84.62,154,182
FR,pell,non_pell,Arts & Humanities,2018,grad6,87.36,159,182
FR,pell,non_pell,Arts & Humanities,2018,ret1,92.31,168,182
FR,pell,non_pell,Arts & Humanities,2018,ret2,88.46,161,182
FR,pell,non_pell,Arts & Humanities,2019,grad4,73.76,104,141
FR,pell,non_pell,Arts & Humanities,2019,grad5,86.52,122,141
FR,pell,non_pell,Arts & Humanities,2019,grad6,87.23,123,141
FR,pell,non_pell,Arts & Humanities,2019,ret1,93.62,132,141
FR,pell,non_pell,Arts & Humanities,2019,ret2,89.36,126,141
FR,pell,non_pell,Arts & Humanities,2020,grad4,78.24,169,216
FR,pell,non_pell,Arts & Humanities,2020,grad5,85.19,184,216
FR,pell,non_pell,Arts & Humanities,2020,ret1,92.59,200,216
FR,pell,non_pell,Arts & Humanities,2020,ret2,86.11,186,216
FR,pell,non_pell,Arts & Humanities,2021,grad4,75.81,163,215
FR,pell,non_pell,Arts & Humanities,2021,ret1,90.23,194,215
FR,pell,non_pell,Arts & Humanities,2021,ret2,85.58,184,215
FR,pell,non_pell,Arts & Humanities,2022,ret1,92.73,268,289
FR,pell,non_pell,Arts & Humanities,2022,ret2,86.85,251,289
FR,pell,non_pell,Arts & Humanities,2023,ret1,94.79,291,307
FR,pell,non_pell,Arts & Humanities,2023,ret2,91.53,281,307
FR,pell,non_pell,Arts & Humanities,2024,ret1,92.57,249,269
FR,pell,non_pell,Biology,2013,grad4,74.48,677,909
FR,pell,non_pell,Biology,2013,grad5,89.22,811,909
FR,pell,non_pell,Biology,2013,grad6,91.2,829,909
FR,pell,non_pell,Biology,2013,ret1,96.48,877,909
FR,pell,non_pell,Biology,2013,ret2,93.18,847,909
FR,pell,non_pell,Biology,2014,grad4,74.34,594,799
FR,pell,non_pell,Biology,2014,grad5,88.11,704,799
FR,pell,non_pell,Biology,2014,grad6,88.86,710,799
FR,pell,non_pell,Biology,2014,ret1,95.12,760,799
FR,pell,non_pell,Biology,2014,ret2,90.99,727,799
FR,pell,non_pell,Biology,2015,grad4,79.21,720,909
FR,pell,non_pell,Biology,2015,grad5,90.54,823,909
FR,pell,non_pell,Biology,2015,grad6,92.08,837,909
FR,pell,non_pell,Biology,2015,ret1,97.03,882,909
FR,pell,non_pell,Biology,2015,ret2,94.28,857,909
FR,pell,non_pell,Biology,2016,grad4,80.94,760,939
FR,pell,non_pell,Biology,2016,grad5,91.05,855,939
FR,pell,non_pell,Biology,2016,grad6,92.01,864,939
FR,pell,non_pell,Biology,2016,ret1,96.7,908,939
FR,pell,non_pell,Biology,2016,ret2,93.5,878,939
FR,pell,non_pell,Biology,2017,grad4,82.31,577,701
FR,pell,non_pell,Biology,2017,grad5,90.3,633,701
FR,pell,non_pell,Biology,2017,grad6,92.15,646,701
FR,pell,non_pell,Biology,2017,ret1,96.29,675,701
FR,pell,non_pell,Biology,2017,ret2,94.01,659,701
FR,pell,non_pell,Biology,2018,grad4,79.17,593,749
FR,pell,non_pell,Biology,2018,grad5,86.78,650,749
FR,pell,non_pell,Biology,2018,grad6,88.38,662,749
FR,pell,non_pell,Biology,2018,ret1,94.93,711,749
FR,pell,non_pell,Biology,2018,ret2,92.39,692,749
FR,pell,non_pell,Biology,2019,grad4,79.1,647,818
FR,pell,non_pell,Biology,2019,grad5,87.65,717,818
FR,pell,non_pell,Biology,2019,grad6,89.85,735,818
FR,pell,non_pell,Biology,2019,ret1,94.74,775,818
FR,pell,non_pell,Biology,2019,ret2,92.67,758,818
FR,pell,non_pell,Biology,2020,grad4,83.97,786,936
FR,pell,non_pell,Biology,2020,grad5,92.41,865,936
FR,pell,non_pell,Biology,2020,ret1,97.76,915,936
FR,pell,non_pell,Biology,2020,ret2,95.19,891,936
FR,pell,non_pell,Biology,2021,grad4,85.11,840,987
FR,pell,non_pell,Biology,2021,ret1,96.25,950,987
FR,pell,non_pell,Biology,2021,ret2,94.63,934,987
FR,pell,non_pell,Biology,2022,ret1,95.83,621,648
FR,pell,non_pell,Biology,2022,ret2,93.83,608,648
FR,pell,non_pell,Biology,2023,ret1,95.72,828,865
FR,pell,non_pell,Biology,2023,ret2,93.06,805,865
FR,pell,non_pell,Biology,2024,ret1,97.74,866,886
FR,pell,non_pell,Engineering,2013,grad4,64.31,618,961
FR,pell,non_pell,Engineering,2013,grad5,86.16,828,961
FR,pell,non_pell,Engineering,2013,grad6,88.87,854,961
FR,pell,non_pell,Engineering,2013,ret1,96.15,924,961
FR,pell,non_pell,Engineering,2013,ret2,91.16,876,961
FR,pell,non_pell,Engineering,2014,grad4,69.52,438,630
FR,pell,non_pell,Engineering,2014,grad5,89.37,563,630
FR,pell,non_pell,Engineering,2014,grad6,91.59,577,630
FR,pell,non_pell,Engineering,2014,ret1,96.35,607,630
FR,pell,non_pell,Engineering,2014,ret2,93.02,586,630
FR,pell,non_pell,Engineering,2015,grad4,71.27,454,637
FR,pell,non_pell,Engineering,2015,grad5,89.8,572,637
FR,pell,non_pell,Engineering,2015,grad6,91.52,583,637
FR,pell,non_pell,Engineering,2015,ret1,96.08,612,637
FR,pell,non_pell,Engineering,2015,ret2,93.72,597,637
FR,pell,non_pell,Engineering,2016,grad4,68.84,380,552
FR,pell,non_pell,Engineering,2016,grad5,87.5,483,552
FR,pell,non_pell,Engineering,2016,grad6,90.04,497,552
FR,pell,non_pell,Engineering,2016,ret1,96.38,532,552
FR,pell,non_pell,Engineering,2016,ret2,93.3,515,552
FR,pell,non_pell,Engineering,2017,grad4,77.81,617,793
FR,pell,non_pell,Engineering,2017,grad5,89.28,708,793
FR,pell,non_pell,Engineering,2017,grad6,91.17,723,793
FR,pell,non_pell,Engineering,2017,ret1,95.21,755,793
FR,pell,non_pell,Engineering,2017,ret2,93.32,740,793
FR,pell,non_pell,Engineering,2018,grad4,75.98,601,791
FR,pell,non_pell,Engineering,2018,grad5,87.74,694,791
FR,pell,non_pell,Engineering,2018,grad6,90.27,714,791
FR,pell,non_pell,Engineering,2018,ret1,96.84,766,791
FR,pell,non_pell,Engineering,2018,ret2,93.3,738,791
FR,pell,non_pell,Engineering,2019,grad4,80.99,588,726
FR,pell,non_pell,Engineering,2019,grad5,89.53,650,726
FR,pell,non_pell,Engineering,2019,grad6,91.6,665,726
FR,pell,non_pell,Engineering,2019,ret1,96.42,700,726
FR,pell,non_pell,Engineering,2019,ret2,93.53,679,726
FR,pell,non_pell,Engineering,2020,grad4,76.61,701,915
FR,pell,non_pell,Engineering,2020,grad5,88.42,809,915
FR,pell,non_pell,Engineering,2020,ret1,96.83,886,915
FR,pell,non_pell,Engineering,2020,ret2,93.55,856,915
FR,pell,non_pell,Engineering,2021,grad4,77.22,749,970
FR,pell,non_pell,Engineering,2021,ret1,95.15,923,970
FR,pell,non_pell,Engineering,2021,ret2,92.78,900,970
FR,pell,non_pell,Engineering,2022,ret1,97.08,764,787
FR,pell,non_pell,Engineering,2022,ret2,94.03,740,787
FR,pell,non_pell,Engineering,2023,ret1,94.67,675,713
FR,pell,non_pell,Engineering,2023,ret2,91.87,655,713
FR,pell,non_pell,Engineering,2024,ret1,96.77,749,774
FR,pell,non_pell,Global Policy & Strategy,2014,grad4,77.14,27,35
FR,pell,non_pell,Global Policy & Strategy,2014,grad5,88.57,31,35
FR,pell,non_pell,Global Policy & Strategy,2014,grad6,91.43,32,35
FR,pell,non_pell,Global Policy & Strategy,2014,ret1,97.14,34,35
FR,pell,non_pell,Global Policy & Strategy,2014,ret2,85.71,30,35
FR,pell,non_pell,Global Policy & Strategy,2015,grad4,78.48,62,79
FR,pell,non_pell,Global Policy & Strategy,2015,grad5,86.08,68,79
FR,pell,non_pell,Global Policy & Strategy,2015,grad6,89.87,71,79
FR,pell,non_pell,Global Policy & Strategy,2015,ret1,92.41,73,79
FR,pell,non_pell,Global Policy & Strategy,2015,ret2,83.54,66,79
FR,pell,non_pell,Global Policy & Strategy,2016,grad4,71.05,81,114
FR,pell,non_pell,Global Policy & Strategy,2016,grad5,86.84,99,114
FR,pell,non_pell,Global Policy & Strategy,2016,grad6,87.72,100,114
FR,pell,non_pell,Global Policy & Strategy,2016,ret1,92.98,106,114
FR,pell,non_pell,Global Policy & Strategy,2016,ret2,87.72,100,114
FR,pell,non_pell,Global Policy & Strategy,2017,grad4,82.11,78,95
FR,pell,non_pell,Global Policy & Strategy,2017,grad5,90.53,86,95
FR,pell,non_pell,Global Policy & Strategy,2017,grad6,90.53,86,95
FR,pell,non_pell,Global Policy & Strategy,2017,ret1,94.74,90,95
FR,pell,non_pell,Global Policy & Strategy,2017,ret2,89.47,85,95
FR,pell,non_pell,Global Policy & Strategy,2018,grad4,78.05,96,123
FR,pell,non_pell,Global Policy & Strategy,2018,grad5,85.37,105,123
FR,pell,non_pell,Global Policy & Strategy,2018,grad6,86.18,106,123
FR,pell,non_pell,Global Policy & Strategy,2018,ret1,90.24,111,123
FR,pell,non_pell,Global Policy & Strategy,2018,ret2,86.18,106,123
FR,pell,non_pell,Global Policy & Strategy,2019,grad4,76.92,90,117
FR,pell,non_pell,Global Policy & Strategy,2019,grad5,87.18,102,117
FR,pell,non_pell,Global Policy & Strategy,2019,grad6,87.18,102,117
FR,pell,non_pell,Global Policy & Strategy,2019,ret1,94.02,110,117
FR,pell,non_pell,Global Policy & Strategy,2019,ret2,88.03,103,117
FR,pell,non_pell,Global Policy & Strategy,2020,grad4,74.65,106,142
FR,pell,non_pell,Global Policy & Strategy,2020,grad5,81.69,116,142
FR,pell,non_pell,Global Policy & Strategy,2020,ret1,90.14,128,142
FR,pell,non_pell,Global Policy & Strategy,2020,ret2,85.92,122,142
FR,pell,non_pell,Global Policy & Strategy,2021,grad4,79.85,107,134
FR,pell,non_pell,Global Policy & Strategy,2021,ret1,91.79,123,134
FR,pell,non_pell,Global Policy & Strategy,2021,ret2,87.31,117,134
FR,pell,non_pell,Global Policy & Strategy,2022,ret1,91.96,103,112
FR,pell,non_pell,Global Policy & Strategy,2022,ret2,89.29,100,112
FR,pell,non_pell,Global Policy & Strategy,2023,ret1,96.19,101,105
FR,pell,non_pell,Global Policy & Strategy,2023,ret2,89.52,94,105
FR,pell,non_pell,Global Policy & Strategy,2024,ret1,96.3,78,81
FR,pell,non_pell,Halicioğlu Data Science Institute,2017,grad4,87.23,41,47
FR,pell,non_pell,Halicioğlu Data Science Institute,2017,grad5,89.36,42,47
FR,pell,non_pell,Halicioğlu Data Science Institute,2017,grad6,89.36,42,47
FR,pell,non_pell,Halicioğlu Data Science Institute,2017,ret1,95.74,45,47
FR,pell,non_pell,Halicioğlu Data Science Institute,2017,ret2,91.49,43,47
FR,pell,non_pell,Halicioğlu Data Science Institute,2018,grad4,80.81,80,99
FR,pell,non_pell,Halicioğlu Data Science Institute,2018,grad5,90.91,90,99
FR,pell,non_pell,Halicioğlu Data Science Institute,2018,grad6,93.94,93,99
FR,pell,non_pell,Halicioğlu Data Science Institute,2018,ret1,98.99,98,99
FR,pell,non_pell,Halicioğlu Data Science Institute,2018,ret2,91.92,91,99
FR,pell,non_pell,Halicioğlu Data Science Institute,2019,grad4,83.51,81,97
FR,pell,non_pell,Halicioğlu Data Science Institute,2019,grad5,90.72,88,97
FR,pell,non_pell,Halicioğlu Data Science Institute,2019,grad6,94.85,92,97
FR,pell,non_pell,Halicioğlu Data Science Institute,2019,ret1,97.94,95,97
FR,pell,non_pell,Halicioğlu Data Science Institute,2019,ret2,98.97,96,97
FR,pell,non_pell,Halicioğlu Data Science Institute,2020,grad4,77.61,104,134
FR,pell,non_pell,Halicioğlu Data Science Institute,2020,grad5,88.81,119,134
FR,pell,non_pell,Halicioğlu Data Science Institute,2020,ret1,96.27,129,134
FR,pell,non_pell,Halicioğlu Data Science Institute,2020,ret2,91.79,123,134
FR,pell,non_pell,Halicioğlu Data Science Institute,2021,grad4,87.25,89,102
FR,pell,non_pell,Halicioğlu Data Science Institute,2021,ret1,93.14,95,102
FR,pell,non_pell,Halicioğlu Data Science Institute,2021,ret2,92.16,94,102
FR,pell,non_pell,Halicioğlu Data Science Institute,2022,ret1,95.8,137,143
FR,pell,non_pell,Halicioğlu Data Science Institute,2022,ret2,96.5,138,143
FR,pell,non_pell,Halicioğlu Data Science Institute,2023,ret1,95.59,195,204
FR,pell,non_pell,Halicioğlu Data Science Institute,2023,ret2,93.63,191,204
FR,pell,non_pell,Halicioğlu Data Science Institute,2024,ret1,96.91,157,162
FR,pell,non_pell,Physical Sciences,2013,grad4,67.59,269,398
FR,pell,non_pell,Physical Sciences,2013,grad5,84.42,336,398
FR,pell,non_pell,Physical Sciences,2013,grad6,87.44,348,398
FR,pell,non_pell,Physical Sciences,2013,ret1,95.48,380,398
FR,pell,non_pell,Physical Sciences,2013,ret2,90.2,359,398
FR,pell,non_pell,Physical Sciences,2014,grad4,73.63,363,493
FR,pell,non_pell,Physical Sciences,2014,grad5,85.4,421,493
FR,pell,non_pell,Physical Sciences,2014,grad6,87.63,432,493
FR,pell,non_pell,Physical Sciences,2014,ret1,94.93,468,493
FR,pell,non_pell,Physical Sciences,2014,ret2,90.87,448,493
FR,pell,non_pell,Physical Sciences,2015,grad4,75.49,539,714
FR,pell,non_pell,Physical Sciences,2015,grad5,85.99,614,714
FR,pell,non_pell,Physical Sciences,2015,grad6,87.96,628,714
FR,pell,non_pell,Physical Sciences,2015,ret1,94.68,676,714
FR,pell,non_pell,Physical Sciences,2015,ret2,88.52,632,714
FR,pell,non_pell,Physical Sciences,2016,grad4,74.88,468,625
FR,pell,non_pell,Physical Sciences,2016,grad5,86.08,538,625
FR,pell,non_pell,Physical Sciences,2016,grad6,88.32,552,625
FR,pell,non_pell,Physical Sciences,2016,ret1,93.76,586,625
FR,pell,non_pell,Physical Sciences,2016,ret2,89.28,558,625
FR,pell,non_pell,Physical Sciences,2017,grad4,78.03,348,446
FR,pell,non_pell,Physical Sciences,2017,grad5,89.46,399,446
FR,pell,non_pell,Physical Sciences,2017,grad6,89.91,401,446
FR,pell,non_pell,Physical Sciences,2017,ret1,96.19,429,446
FR,pell,non_pell,Physical Sciences,2017,ret2,90.58,404,446
FR,pell,non_pell,Physical Sciences,2018,grad4,77.21,559,724
FR,pell,non_pell,Physical Sciences,2018,grad5,84.81,614,724
FR,pell,non_pell,Physical Sciences,2018,grad6,86.74,628,724
FR,pell,non_pell,Physical Sciences,2018,ret1,93.23,675,724
FR,pell,non_pell,Physical Sciences,2018,ret2,90.33,654,724
FR,pell,non_pell,Physical Sciences,2019,grad4,75.62,490,648
FR,pell,non_pell,Physical Sciences,2019,grad5,84.72,549,648
FR,pell,non_pell,Physical Sciences,2019,grad6,86.57,561,648
FR,pell,non_pell,Physical Sciences,2019,ret1,95.37,618,648
FR,pell,non_pell,Physical Sciences,2019,ret2,88.27,572,648
FR,pell,non_pell,Physical Sciences,2020,grad4,78.32,560,715
FR,pell,non_pell,Physical Sciences,2020,grad5,87.41,625,715
FR,pell,non_pell,Physical Sciences,2020,ret1,95.1,680,715
FR,pell,non_pell,Physical Sciences,2020,ret2,91.33,653,715
FR,pell,non_pell,Physical Sciences,2021,grad4,79.63,649,815
FR,pell,non_pell,Physical Sciences,2021,ret1,93.74,764,815
FR,pell,non_pell,Physical Sciences,2021,ret2,89.94,733,815
FR,pell,non_pell,Physical Sciences,2022,ret1,95.9,491,512
FR,pell,non_pell,Physical Sciences,2022,ret2,92.77,475,512
FR,pell,non_pell,Physical Sciences,2023,ret1,94.6,526,556
FR,pell,non_pell,Physical Sciences,2023,ret2,91.55,509,556
FR,pell,non_pell,Physical Sciences,2024,ret1,94.74,630,665
FR,pell,non_pell,Public Health (Wertheim),2014,grad4,82.14,23,28
FR,pell,non_pell,Public Health (Wertheim),2014,grad5,100.0,28,28
FR,pell,non_pell,Public Health (Wertheim),2014,grad6,100.0,28,28
FR,pell,non_pell,Public Health (Wertheim),2014,ret1,100.0,28,28
FR,pell,non_pell,Public Health (Wertheim),2014,ret2,100.0,28,28
FR,pell,non_pell,Public Health (Wertheim),2015,grad4,82.14,23,28
FR,pell,non_pell,Public Health (Wertheim),2015,grad5,92.86,26,28
FR,pell,non_pell,Public Health (Wertheim),2015,grad6,92.86,26,28
FR,pell,non_pell,Public Health (Wertheim),2015,ret1,100.0,28,28
FR,pell,non_pell,Public Health (Wertheim),2015,ret2,96.43,27,28
FR,pell,non_pell,Public Health (Wertheim),2016,grad4,89.29,25,28
FR,pell,non_pell,Public Health (Wertheim),2016,grad5,92.86,26,28
FR,pell,non_pell,Public Health (Wertheim),2016,grad6,92.86,26,28
FR,pell,non_pell,Public Health (Wertheim),2016,ret1,96.43,27,28
FR,pell,non_pell,Public Health (Wertheim),2016,ret2,96.43,27,28
FR,pell,non_pell,Public Health (Wertheim),2017,grad4,95.0,19,20
FR,pell,non_pell,Public Health (Wertheim),2017,grad5,100.0,20,20
FR,pell,non_pell,Public Health (Wertheim),2017,grad6,100.0,20,20
FR,pell,non_pell,Public Health (Wertheim),2017,ret1,100.0,20,20
FR,pell,non_pell,Public Health (Wertheim),2017,ret2,100.0,20,20
FR,pell,non_pell,Public Health (Wertheim),2019,grad4,87.5,28,32
FR,pell,non_pell,Public Health (Wertheim),2019,grad5,87.5,28,32
FR,pell,non_pell,Public Health (Wertheim),2019,grad6,87.5,28,32
FR,pell,non_pell,Public Health (Wertheim),2019,ret1,93.75,30,32
FR,pell,non_pell,Public Health (Wertheim),2019,ret2,87.5,28,32
FR,pell,non_pell,Public Health (Wertheim),2020,grad4,85.42,41,48
FR,pell,non_pell,Public Health (Wertheim),2020,grad5,91.67,44,48
FR,pell,non_pell,Public Health (Wertheim),2020,ret1,97.92,47,48
FR,pell,non_pell,Public Health (Wertheim),2020,ret2,91.67,44,48
FR,pell,non_pell,Public Health (Wertheim),2021,grad4,82.5,66,80
FR,pell,non_pell,Public Health (Wertheim),2021,ret1,93.75,75,80
FR,pell,non_pell,Public Health (Wertheim),2021,ret2,92.5,74,80
FR,pell,non_pell,Public Health (Wertheim),2022,ret1,94.59,35,37
FR,pell,non_pell,Public Health (Wertheim),2022,ret2,94.59,35,37
FR,pell,non_pell,Public Health (Wertheim),2023,ret1,96.08,49,51
FR,pell,non_pell,Public Health (Wertheim),2023,ret2,90.2,46,51
FR,pell,non_pell,Public Health (Wertheim),2024,ret1,95.71,67,70
FR,pell,non_pell,Scripps Institution of Oceanography,2013,grad4,56.45,35,62
FR,pell,non_pell,Scripps Institution of Oceanography,2013,grad5,82.26,51,62
FR,pell,non_pell,Scripps Institution of Oceanography,2013,grad6,83.87,52,62
FR,pell,non_pell,Scripps Institution of Oceanography,2013,ret1,91.94,57,62
FR,pell,non_pell,Scripps Institution of Oceanography,2013,ret2,82.26,51,62
FR,pell,non_pell,Scripps Institution of Oceanography,2014,grad4,76.67,46,60
FR,pell,non_pell,Scripps Institution of Oceanography,2014,grad5,88.33,53,60
FR,pell,non_pell,Scripps Institution of Oceanography,2014,grad6,90.0,54,60
FR,pell,non_pell,Scripps Institution of Oceanography,2014,ret1,95.0,57,60
FR,pell,non_pell,Scripps Institution of Oceanography,2014,ret2,91.67,55,60
FR,pell,non_pell,Scripps Institution of Oceanography,2015,grad4,76.32,58,76
FR,pell,non_pell,Scripps Institution of Oceanography,2015,grad5,89.47,68,76
FR,pell,non_pell,Scripps Institution of Oceanography,2015,grad6,90.79,69,76
FR,pell,non_pell,Scripps Institution of Oceanography,2015,ret1,93.42,71,76
FR,pell,non_pell,Scripps Institution of Oceanography,2015,ret2,89.47,68,76
FR,pell,non_pell,Scripps Institution of Oceanography,2016,grad4,74.75,74,99
FR,pell,non_pell,Scripps Institution of Oceanography,2016,grad5,90.91,90,99
FR,pell,non_pell,Scripps Institution of Oceanography,2016,grad6,91.92,91,99
FR,pell,non_pell,Scripps Institution of Oceanography,2016,ret1,94.95,94,99
FR,pell,non_pell,Scripps Institution of Oceanography,2016,ret2,90.91,90,99
FR,pell,non_pell,Scripps Institution of Oceanography,2017,grad4,72.94,62,85
FR,pell,non_pell,Scripps Institution of Oceanography,2017,grad5,87.06,74,85
FR,pell,non_pell,Scripps Institution of Oceanography,2017,grad6,90.59,77,85
FR,pell,non_pell,Scripps Institution of Oceanography,2017,ret1,95.29,81,85
FR,pell,non_pell,Scripps Institution of Oceanography,2017,ret2,92.94,79,85
FR,pell,non_pell,Scripps Institution of Oceanography,2018,grad4,78.63,103,131
FR,pell,non_pell,Scripps Institution of Oceanography,2018,grad5,85.5,112,131
FR,pell,non_pell,Scripps Institution of Oceanography,2018,grad6,87.79,115,131
FR,pell,non_pell,Scripps Institution of Oceanography,2018,ret1,93.89,123,131
FR,pell,non_pell,Scripps Institution of Oceanography,2018,ret2,91.6,120,131
FR,pell,non_pell,Scripps Institution of Oceanography,2019,grad4,74.14,86,116
FR,pell,non_pell,Scripps Institution of Oceanography,2019,grad5,80.17,93,116
FR,pell,non_pell,Scripps Institution of Oceanography,2019,grad6,86.21,100,116
FR,pell,non_pell,Scripps Institution of Oceanography,2019,ret1,90.52,105,116
FR,pell,non_pell,Scripps Institution of Oceanography,2019,ret2,87.93,102,116
FR,pell,non_pell,Scripps Institution of Oceanography,2020,grad4,83.44,126,151
FR,pell,non_pell,Scripps Institution of Oceanography,2020,grad5,90.07,136,151
FR,pell,non_pell,Scripps Institution of Oceanography,2020,ret1,96.03,145,151
FR,pell,non_pell,Scripps Institution of Oceanography,2020,ret2,92.72,140,151
FR,pell,non_pell,Scripps Institution of Oceanography,2021,grad4,76.97,127,165
FR,pell,non_pell,Scripps Institution of Oceanography,2021,ret1,92.12,152,165
FR,pell,non_pell,Scripps Institution of Oceanography,2021,ret2,86.06,142,165
FR,pell,non_pell,Scripps Institution of Oceanography,2022,ret1,94.06,95,101
FR,pell,non_pell,Scripps Institution of Oceanography,2022,ret2,93.07,94,101
FR,pell,non_pell,Scripps Institution of Oceanography,2023,ret1,95.24,160,168
FR,pell,non_pell,Scripps Institution of Oceanography,2023,ret2,91.67,154,168
FR,pell,non_pell,Scripps Institution of Oceanography,2024,ret1,96.69,175,181
FR,pell,non_pell,Social Sciences,2013,grad4,73.83,474,642
FR,pell,non_pell,Social Sciences,2013,grad5,85.2,547,642
FR,pell,non_pell,Social Sciences,2013,grad6,87.23,560,642
FR,pell,non_pell,Social Sciences,2013,ret1,91.12,585,642
FR,pell,non_pell,Social Sciences,2013,ret2,85.83,551,642
FR,pell,non_pell,Social Sciences,2014,grad4,76.25,411,539
FR,pell,non_pell,Social Sciences,2014,grad5,83.86,452,539
FR,pell,non_pell,Social Sciences,2014,grad6,87.38,471,539
FR,pell,non_pell,Social Sciences,2014,ret1,91.84,495,539
FR,pell,non_pell,Social Sciences,2014,ret2,87.76,473,539
FR,pell,non_pell,Social Sciences,2015,grad4,79.17,475,600
FR,pell,non_pell,Social Sciences,2015,grad5,87.0,522,600
FR,pell,non_pell,Social Sciences,2015,grad6,88.67,532,600
FR,pell,non_pell,Social Sciences,2015,ret1,93.83,563,600
FR,pell,non_pell,Social Sciences,2015,ret2,90.33,542,600
FR,pell,non_pell,Social Sciences,2016,grad4,79.3,636,802
FR,pell,non_pell,Social Sciences,2016,grad5,87.78,704,802
FR,pell,non_pell,Social Sciences,2016,grad6,88.9,713,802
FR,pell,non_pell,Social Sciences,2016,ret1,94.26,756,802
FR,pell,non_pell,Social Sciences,2016,ret2,89.9,721,802
FR,pell,non_pell,Social Sciences,2017,grad4,81.23,645,794
FR,pell,non_pell,Social Sciences,2017,grad5,89.17,708,794
FR,pell,non_pell,Social Sciences,2017,grad6,90.55,719,794
FR,pell,non_pell,Social Sciences,2017,ret1,94.46,750,794
FR,pell,non_pell,Social Sciences,2017,ret2,91.31,725,794
FR,pell,non_pell,Social Sciences,2018,grad4,77.63,798,1028
FR,pell,non_pell,Social Sciences,2018,grad5,86.48,889,1028
FR,pell,non_pell,Social Sciences,2018,grad6,88.04,905,1028
FR,pell,non_pell,Social Sciences,2018,ret1,94.36,970,1028
FR,pell,non_pell,Social Sciences,2018,ret2,88.91,914,1028
FR,pell,non_pell,Social Sciences,2019,grad4,77.66,730,940
FR,pell,non_pell,Social Sciences,2019,grad5,85.0,799,940
FR,pell,non_pell,Social Sciences,2019,grad6,86.17,810,940
FR,pell,non_pell,Social Sciences,2019,ret1,92.87,873,940
FR,pell,non_pell,Social Sciences,2019,ret2,88.09,828,940
FR,pell,non_pell,Social Sciences,2020,grad4,79.92,995,1245
FR,pell,non_pell,Social Sciences,2020,grad5,87.87,1094,1245
FR,pell,non_pell,Social Sciences,2020,ret1,93.98,1170,1245
FR,pell,non_pell,Social Sciences,2020,ret2,89.72,1117,1245
FR,pell,non_pell,Social Sciences,2021,grad4,83.71,1218,1455
FR,pell,non_pell,Social Sciences,2021,ret1,94.16,1370,1455
FR,pell,non_pell,Social Sciences,2021,ret2,90.17,1312,1455
FR,pell,non_pell,Social Sciences,2022,ret1,93.14,1019,1094
FR,pell,non_pell,Social Sciences,2022,ret2,89.67,981,1094
FR,pell,non_pell,Social Sciences,2023,ret1,94.54,1229,1300
FR,pell,non_pell,Social Sciences,2023,ret2,90.77,1180,1300
FR,pell,non_pell,Social Sciences,2024,ret1,94.22,1256,1333
FR,pell,non_pell,Special,2013,grad4,61.05,290,475
FR,pell,non_pell,Special,2013,grad5,82.53,392,475
FR,pell,non_pell,Special,2013,grad6,86.11,409,475
FR,pell,non_pell,Special,2013,ret1,92.0,437,475
FR,pell,non_pell,Special,2013,ret2,86.74,412,475
FR,pell,non_pell,Special,2014,grad4,65.81,410,623
FR,pell,non_pell,Special,2014,grad5,83.15,518,623
FR,pell,non_pell,Special,2014,grad6,86.2,537,623
FR,pell,non_pell,Special,2014,ret1,95.18,593,623
FR,pell,non_pell,Special,2014,ret2,89.41,557,623
FR,pell,non_pell,Special,2015,grad4,70.57,530,751
FR,pell,non_pell,Special,2015,grad5,84.82,637,751
FR,pell,non_pell,Special,2015,grad6,89.21,670,751
FR,pell,non_pell,Special,2015,ret1,95.21,715,751
FR,pell,non_pell,Special,2015,ret2,90.55,680,751
FR,pell,non_pell,Special,2016,grad4,68.91,481,698
FR,pell,non_pell,Special,2016,grad5,84.67,591,698
FR,pell,non_pell,Special,2016,grad6,86.82,606,698
FR,pell,non_pell,Special,2016,ret1,93.12,650,698
FR,pell,non_pell,Special,2016,ret2,87.25,609,698
FR,pell,non_pell,Special,2017,grad4,75.2,367,488
FR,pell,non_pell,Special,2017,grad5,86.89,424,488
FR,pell,non_pell,Special,2017,grad6,88.93,434,488
FR,pell,non_pell,Special,2017,ret1,94.26,460,488
FR,pell,non_pell,Special,2017,ret2,89.55,437,488
FR,pell,non_pell,Special,2018,grad4,68.64,394,574
FR,pell,non_pell,Special,2018,grad5,81.71,469,574
FR,pell,non_pell,Special,2018,grad6,85.71,492,574
FR,pell,non_pell,Special,2018,ret1,91.11,523,574
FR,pell,non_pell,Special,2018,ret2,87.11,500,574
FR,pell,non_pell,Special,2019,grad4,69.31,341,492
FR,pell,non_pell,Special,2019,grad5,83.74,412,492
FR,pell,non_pell,Special,2019,grad6,86.18,424,492
FR,pell,non_pell,Special,2019,ret1,91.06,448,492
FR,pell,non_pell,Special,2019,ret2,86.99,428,492
FR,pell,non_pell,Special,2020,grad4,72.91,288,395
FR,pell,non_pell,Special,2020,grad5,83.8,331,395
FR,pell,non_pell,Special,2020,ret1,92.66,366,395
FR,pell,non_pell,Special,2020,ret2,88.1,348,395
FR,pell,non_pell,Special,2021,grad4,74.47,353,474
FR,pell,non_pell,Special,2021,ret1,91.77,435,474
FR,pell,non_pell,Special,2021,ret2,89.24,423,474
FR,pell,non_pell,Special,2022,ret1,92.86,195,210
FR,pell,non_pell,Special,2022,ret2,89.52,188,210
FR,pell,non_pell,Special,2023,ret1,92.02,196,213
FR,pell,non_pell,Special,2023,ret2,84.51,180,213
FR,pell,non_pell,Special,2024,ret1,91.16,227,249
FR,pell,pell,Arts & Humanities,2013,grad4,60.34,35,58
FR,pell,pell,Arts & Humanities,2013,grad5,82.76,48,58
FR,pell,pell,Arts & Humanities,2013,grad6,82.76,48,58
FR,pell,pell,Arts & Humanities,2013,ret1,91.38,53,58
FR,pell,pell,Arts & Humanities,2013,ret2,87.93,51,58
FR,pell,pell,Arts & Humanities,2014,grad4,58.0,29,50
FR,pell,pell,Arts & Humanities,2014,grad5,76.0,38,50
FR,pell,pell,Arts & Humanities,2014,grad6,76.0,38,50
FR,pell,pell,Arts & Humanities,2014,ret1,86.0,43,50
FR,pell,pell,Arts & Humanities,2014,ret2,86.0,43,50
FR,pell,pell,Arts & Humanities,2015,grad4,76.74,33,43
FR,pell,pell,Arts & Humanities,2015,grad5,90.7,39,43
FR,pell,pell,Arts & Humanities,2015,grad6,93.02,40,43
FR,pell,pell,Arts & Humanities,2015,ret1,100.0,43,43
FR,pell,pell,Arts & Humanities,2015,ret2,93.02,40,43
FR,pell,pell,Arts & Humanities,2016,grad4,73.61,53,72
FR,pell,pell,Arts & Humanities,2016,grad5,86.11,62,72
FR,pell,pell,Arts & Humanities,2016,grad6,87.5,63,72
FR,pell,pell,Arts & Humanities,2016,ret1,95.83,69,72
FR,pell,pell,Arts & Humanities,2016,ret2,91.67,66,72
FR,pell,pell,Arts & Humanities,2017,grad4,68.09,64,94
FR,pell,pell,Arts & Humanities,2017,grad5,75.53,71,94
FR,pell,pell,Arts & Humanities,2017,grad6,75.53,71,94
FR,pell,pell,Arts & Humanities,2017,ret1,90.43,85,94
FR,pell,pell,Arts & Humanities,2017,ret2,86.17,81,94
FR,pell,pell,Arts & Humanities,2018,grad4,59.17,71,120
FR,pell,pell,Arts & Humanities,2018,grad5,72.5,87,120
FR,pell,pell,Arts & Humanities,2018,grad6,78.33,94,120
FR,pell,pell,Arts & Humanities,2018,ret1,87.5,105,120
FR,pell,pell,Arts & Humanities,2018,ret2,85.83,103,120
FR,pell,pell,Arts & Humanities,2019,grad4,57.35,39,68
FR,pell,pell,Arts & Humanities,2019,grad5,70.59,48,68
FR,pell,pell,Arts & Humanities,2019,grad6,73.53,50,68
FR,pell,pell,Arts & Humanities,2019,ret1,92.65,63,68
FR,pell,pell,Arts & Humanities,2019,ret2,85.29,58,68
FR,pell,pell,Arts & Humanities,2020,grad4,70.77,46,65
FR,pell,pell,Arts & Humanities,2020,grad5,78.46,51,65
FR,pell,pell,Arts & Humanities,2020,ret1,93.85,61,65
FR,pell,pell,Arts & Humanities,2020,ret2,90.77,59,65
FR,pell,pell,Arts & Humanities,2021,grad4,69.52,73,105
FR,pell,pell,Arts & Humanities,2021,ret1,86.67,91,105
FR,pell,pell,Arts & Humanities,2021,ret2,84.76,89,105
FR,pell,pell,Arts & Humanities,2022,ret1,95.14,137,144
FR,pell,pell,Arts & Humanities,2022,ret2,89.58,129,144
FR,pell,pell,Arts & Humanities,2023,ret1,90.43,104,115
FR,pell,pell,Arts & Humanities,2023,ret2,87.83,101,115
FR,pell,pell,Arts & Humanities,2024,ret1,94.5,103,109
FR,pell,pell,Biology,2013,grad4,63.84,309,484
FR,pell,pell,Biology,2013,grad5,82.64,400,484
FR,pell,pell,Biology,2013,grad6,85.54,414,484
FR,pell,pell,Biology,2013,ret1,95.45,462,484
FR,pell,pell,Biology,2013,ret2,91.53,443,484
FR,pell,pell,Biology,2014,grad4,66.0,299,453
FR,pell,pell,Biology,2014,grad5,79.25,359,453
FR,pell,pell,Biology,2014,grad6,84.99,385,453
FR,pell,pell,Biology,2014,ret1,93.6,424,453
FR,pell,pell,Biology,2014,ret2,90.73,411,453
FR,pell,pell,Biology,2015,grad4,69.37,274,395
FR,pell,pell,Biology,2015,grad5,85.82,339,395
FR,pell,pell,Biology,2015,grad6,88.61,350,395
FR,pell,pell,Biology,2015,ret1,96.2,380,395
FR,pell,pell,Biology,2015,ret2,92.66,366,395
FR,pell,pell,Biology,2016,grad4,68.24,333,488
FR,pell,pell,Biology,2016,grad5,85.45,417,488
FR,pell,pell,Biology,2016,grad6,88.11,430,488
FR,pell,pell,Biology,2016,ret1,94.06,459,488
FR,pell,pell,Biology,2016,ret2,90.57,442,488
FR,pell,pell,Biology,2017,grad4,73.74,351,476
FR,pell,pell,Biology,2017,grad5,83.4,397,476
FR,pell,pell,Biology,2017,grad6,85.71,408,476
FR,pell,pell,Biology,2017,ret1,93.7,446,476
FR,pell,pell,Biology,2017,ret2,88.66,422,476
FR,pell,pell,Biology,2018,grad4,70.7,333,471
FR,pell,pell,Biology,2018,grad5,81.1,382,471
FR,pell,pell,Biology,2018,grad6,84.71,399,471
FR,pell,pell,Biology,2018,ret1,93.21,439,471
FR,pell,pell,Biology,2018,ret2,92.14,434,471
FR,pell,pell,Biology,2019,grad4,67.41,304,451
FR,pell,pell,Biology,2019,grad5,77.38,349,451
FR,pell,pell,Biology,2019,grad6,79.6,359,451
FR,pell,pell,Biology,2019,ret1,94.46,426,451
FR,pell,pell,Biology,2019,ret2,88.47,399,451
FR,pell,pell,Biology,2020,grad4,72.09,266,369
FR,pell,pell,Biology,2020,grad5,81.3,300,369
FR,pell,pell,Biology,2020,ret1,93.22,344,369
FR,pell,pell,Biology,2020,ret2,88.35,326,369
FR,pell,pell,Biology,2021,grad4,71.07,312,439
FR,pell,pell,Biology,2021,ret1,89.52,393,439
FR,pell,pell,Biology,2021,ret2,87.47,384,439
FR,pell,pell,Biology,2022,ret1,93.16,436,468
FR,pell,pell,Biology,2022,ret2,91.24,427,468
FR,pell,pell,Biology,2023,ret1,94.86,517,545
FR,pell,pell,Biology,2023,ret2,91.56,499,545
FR,pell,pell,Biology,2024,ret1,91.94,502,546
FR,pell,pell,Engineering,2013,grad4,48.76,196,402
FR,pell,pell,Engineering,2013,grad5,80.35,323,402
FR,pell,pell,Engineering,2013,grad6,83.58,336,402
FR,pell,pell,Engineering,2013,ret1,96.02,386,402
FR,pell,pell,Engineering,2013,ret2,90.55,364,402
FR,pell,pell,Engineering,2014,grad4,52.87,129,244
FR,pell,pell,Engineering,2014,grad5,78.69,192,244
FR,pell,pell,Engineering,2014,grad6,86.07,210,244
FR,pell,pell,Engineering,2014,ret1,95.49,233,244
FR,pell,pell,Engineering,2014,ret2,93.03,227,244
FR,pell,pell,Engineering,2015,grad4,62.6,159,254
FR,pell,pell,Engineering,2015,grad5,88.58,225,254
FR,pell,pell,Engineering,2015,grad6,92.52,235,254
FR,pell,pell,Engineering,2015,ret1,97.24,247,254
FR,pell,pell,Engineering,2015,ret2,94.88,241,254
FR,pell,pell,Engineering,2016,grad4,54.55,108,198
FR,pell,pell,Engineering,2016,grad5,79.8,158,198
FR,pell,pell,Engineering,2016,grad6,84.85,168,198
FR,pell,pell,Engineering,2016,ret1,93.43,185,198
FR,pell,pell,Engineering,2016,ret2,92.42,183,198
FR,pell,pell,Engineering,2017,grad4,59.55,237,398
FR,pell,pell,Engineering,2017,grad5,78.64,313,398
FR,pell,pell,Engineering,2017,grad6,82.66,329,398
FR,pell,pell,Engineering,2017,ret1,94.22,375,398
FR,pell,pell,Engineering,2017,ret2,88.94,354,398
FR,pell,pell,Engineering,2018,grad4,65.27,233,357
FR,pell,pell,Engineering,2018,grad5,80.67,288,357
FR,pell,pell,Engineering,2018,grad6,83.19,297,357
FR,pell,pell,Engineering,2018,ret1,94.4,337,357
FR,pell,pell,Engineering,2018,ret2,92.16,329,357
FR,pell,pell,Engineering,2019,grad4,63.97,174,272
FR,pell,pell,Engineering,2019,grad5,79.04,215,272
FR,pell,pell,Engineering,2019,grad6,84.56,230,272
FR,pell,pell,Engineering,2019,ret1,96.32,262,272
FR,pell,pell,Engineering,2019,ret2,94.12,256,272
FR,pell,pell,Engineering,2020,grad4,62.8,157,250
FR,pell,pell,Engineering,2020,grad5,77.6,194,250
FR,pell,pell,Engineering,2020,ret1,94.4,236,250
FR,pell,pell,Engineering,2020,ret2,88.0,220,250
FR,pell,pell,Engineering,2021,grad4,57.54,206,358
FR,pell,pell,Engineering,2021,ret1,91.06,326,358
FR,pell,pell,Engineering,2021,ret2,87.15,312,358
FR,pell,pell,Engineering,2022,ret1,94.08,334,355
FR,pell,pell,Engineering,2022,ret2,90.42,321,355
FR,pell,pell,Engineering,2023,ret1,91.58,337,368
FR,pell,pell,Engineering,2023,ret2,86.41,318,368
FR,pell,pell,Engineering,2024,ret1,93.67,370,395
FR,pell,pell,Global Policy & Strategy,2014,grad4,71.43,15,21
FR,pell,pell,Global Policy & Strategy,2014,grad5,85.71,18,21
FR,pell,pell,Global Policy & Strategy,2014,grad6,85.71,18,21
FR,pell,pell,Global Policy & Strategy,2014,ret1,95.24,20,21
FR,pell,pell,Global Policy & Strategy,2014,ret2,90.48,19,21
FR,pell,pell,Global Policy & Strategy,2015,grad4,63.16,12,19
FR,pell,pell,Global Policy & Strategy,2015,grad5,84.21,16,19
FR,pell,pell,Global Policy & Strategy,2015,grad6,89.47,17,19
FR,pell,pell,Global Policy & Strategy,2015,ret1,94.74,18,19
FR,pell,pell,Global Policy & Strategy,2015,ret2,89.47,17,19
FR,pell,pell,Global Policy & Strategy,2016,grad4,72.22,39,54
FR,pell,pell,Global Policy & Strategy,2016,grad5,77.78,42,54
FR,pell,pell,Global Policy & Strategy,2016,grad6,81.48,44,54
FR,pell,pell,Global Policy & Strategy,2016,ret1,87.04,47,54
FR,pell,pell,Global Policy & Strategy,2016,ret2,77.78,42,54
FR,pell,pell,Global Policy & Strategy,2017,grad4,76.6,36,47
FR,pell,pell,Global Policy & Strategy,2017,grad5,91.49,43,47
FR,pell,pell,Global Policy & Strategy,2017,grad6,91.49,43,47
FR,pell,pell,Global Policy & Strategy,2017,ret1,100.0,47,47
FR,pell,pell,Global Policy & Strategy,2017,ret2,97.87,46,47
FR,pell,pell,Global Policy & Strategy,2018,grad4,79.49,62,78
FR,pell,pell,Global Policy & Strategy,2018,grad5,88.46,69,78
FR,pell,pell,Global Policy & Strategy,2018,grad6,91.03,71,78
FR,pell,pell,Global Policy & Strategy,2018,ret1,91.03,71,78
FR,pell,pell,Global Policy & Strategy,2018,ret2,89.74,70,78
FR,pell,pell,Global Policy & Strategy,2019,grad4,73.21,41,56
FR,pell,pell,Global Policy & Strategy,2019,grad5,80.36,45,56
FR,pell,pell,Global Policy & Strategy,2019,grad6,80.36,45,56
FR,pell,pell,Global Policy & Strategy,2019,ret1,98.21,55,56
FR,pell,pell,Global Policy & Strategy,2019,ret2,96.43,54,56
FR,pell,pell,Global Policy & Strategy,2020,grad4,67.8,40,59
FR,pell,pell,Global Policy & Strategy,2020,grad5,79.66,47,59
FR,pell,pell,Global Policy & Strategy,2020,ret1,96.61,57,59
FR,pell,pell,Global Policy & Strategy,2020,ret2,88.14,52,59
FR,pell,pell,Global Policy & Strategy,2021,grad4,75.36,52,69
FR,pell,pell,Global Policy & Strategy,2021,ret1,92.75,64,69
FR,pell,pell,Global Policy & Strategy,2021,ret2,85.51,59,69
FR,pell,pell,Global Policy & Strategy,2022,ret1,89.04,65,73
FR,pell,pell,Global Policy & Strategy,2022,ret2,86.3,63,73
FR,pell,pell,Global Policy & Strategy,2023,ret1,91.36,74,81
FR,pell,pell,Global Policy & Strategy,2023,ret2,88.89,72,81
FR,pell,pell,Global Policy & Strategy,2024,ret1,94.81,73,77
FR,pell,pell,Halicioğlu Data Science Institute,2017,grad4,66.67,12,18
FR,pell,pell,Halicioğlu Data Science Institute,2017,grad5,88.89,16,18
FR,pell,pell,Halicioğlu Data Science Institute,2017,grad6,94.44,17,18
FR,pell,pell,Halicioğlu Data Science Institute,2017,ret1,100.0,18,18
FR,pell,pell,Halicioğlu Data Science Institute,2017,ret2,100.0,18,18
FR,pell,pell,Halicioğlu Data Science Institute,2018,grad4,68.18,15,22
FR,pell,pell,Halicioğlu Data Science Institute,2018,grad5,90.91,20,22
FR,pell,pell,Halicioğlu Data Science Institute,2018,grad6,90.91,20,22
FR,pell,pell,Halicioğlu Data Science Institute,2018,ret1,95.45,21,22
FR,pell,pell,Halicioğlu Data Science Institute,2018,ret2,95.45,21,22
FR,pell,pell,Halicioğlu Data Science Institute,2019,grad4,76.47,13,17
FR,pell,pell,Halicioğlu Data Science Institute,2019,grad5,82.35,14,17
FR,pell,pell,Halicioğlu Data Science Institute,2019,grad6,82.35,14,17
FR,pell,pell,Halicioğlu Data Science Institute,2019,ret1,100.0,17,17
FR,pell,pell,Halicioğlu Data Science Institute,2019,ret2,88.24,15,17
FR,pell,pell,Halicioğlu Data Science Institute,2020,grad4,76.19,16,21
FR,pell,pell,Halicioğlu Data Science Institute,2020,grad5,90.48,19,21
FR,pell,pell,Halicioğlu Data Science Institute,2020,ret1,100.0,21,21
FR,pell,pell,Halicioğlu Data Science Institute,2020,ret2,95.24,20,21
FR,pell,pell,Halicioğlu Data Science Institute,2021,grad4,90.48,19,21
FR,pell,pell,Halicioğlu Data Science Institute,2021,ret1,95.24,20,21
FR,pell,pell,Halicioğlu Data Science Institute,2021,ret2,100.0,21,21
FR,pell,pell,Halicioğlu Data Science Institute,2022,ret1,92.73,51,55
FR,pell,pell,Halicioğlu Data Science Institute,2022,ret2,96.36,53,55
FR,pell,pell,Halicioğlu Data Science Institute,2023,ret1,100.0,51,51
FR,pell,pell,Halicioğlu Data Science Institute,2023,ret2,98.04,50,51
FR,pell,pell,Halicioğlu Data Science Institute,2024,ret1,95.52,64,67
FR,pell,pell,Physical Sciences,2013,grad4,51.81,86,166
FR,pell,pell,Physical Sciences,2013,grad5,74.1,123,166
FR,pell,pell,Physical Sciences,2013,grad6,77.11,128,166
FR,pell,pell,Physical Sciences,2013,ret1,93.37,155,166
FR,pell,pell,Physical Sciences,2013,ret2,86.14,143,166
FR,pell,pell,Physical Sciences,2014,grad4,63.49,153,241
FR,pell,pell,Physical Sciences,2014,grad5,83.4,201,241
FR,pell,pell,Physical Sciences,2014,grad6,85.89,207,241
FR,pell,pell,Physical Sciences,2014,ret1,95.44,230,241
FR,pell,pell,Physical Sciences,2014,ret2,90.46,218,241
FR,pell,pell,Physical Sciences,2015,grad4,69.68,131,188
FR,pell,pell,Physical Sciences,2015,grad5,85.64,161,188
FR,pell,pell,Physical Sciences,2015,grad6,88.3,166,188
FR,pell,pell,Physical Sciences,2015,ret1,97.34,183,188
FR,pell,pell,Physical Sciences,2015,ret2,95.21,179,188
FR,pell,pell,Physical Sciences,2016,grad4,61.75,134,217
FR,pell,pell,Physical Sciences,2016,grad5,79.72,173,217
FR,pell,pell,Physical Sciences,2016,grad6,82.03,178,217
FR,pell,pell,Physical Sciences,2016,ret1,93.55,203,217
FR,pell,pell,Physical Sciences,2016,ret2,89.86,195,217
FR,pell,pell,Physical Sciences,2017,grad4,71.32,189,265
FR,pell,pell,Physical Sciences,2017,grad5,85.66,227,265
FR,pell,pell,Physical Sciences,2017,grad6,86.79,230,265
FR,pell,pell,Physical Sciences,2017,ret1,94.34,250,265
FR,pell,pell,Physical Sciences,2017,ret2,90.19,239,265
FR,pell,pell,Physical Sciences,2018,grad4,71.31,251,352
FR,pell,pell,Physical Sciences,2018,grad5,79.55,280,352
FR,pell,pell,Physical Sciences,2018,grad6,84.09,296,352
FR,pell,pell,Physical Sciences,2018,ret1,93.75,330,352
FR,pell,pell,Physical Sciences,2018,ret2,90.91,320,352
FR,pell,pell,Physical Sciences,2019,grad4,67.48,193,286
FR,pell,pell,Physical Sciences,2019,grad5,78.67,225,286
FR,pell,pell,Physical Sciences,2019,grad6,81.12,232,286
FR,pell,pell,Physical Sciences,2019,ret1,94.41,270,286
FR,pell,pell,Physical Sciences,2019,ret2,87.76,251,286
FR,pell,pell,Physical Sciences,2020,grad4,71.84,148,206
FR,pell,pell,Physical Sciences,2020,grad5,81.07,167,206
FR,pell,pell,Physical Sciences,2020,ret1,94.66,195,206
FR,pell,pell,Physical Sciences,2020,ret2,90.78,187,206
FR,pell,pell,Physical Sciences,2021,grad4,77.12,209,271
FR,pell,pell,Physical Sciences,2021,ret1,95.94,260,271
FR,pell,pell,Physical Sciences,2021,ret2,92.99,252,271
FR,pell,pell,Physical Sciences,2022,ret1,93.11,284,305
FR,pell,pell,Physical Sciences,2022,ret2,88.52,270,305
FR,pell,pell,Physical Sciences,2023,ret1,95.36,267,280
FR,pell,pell,Physical Sciences,2023,ret2,92.5,259,280
FR,pell,pell,Physical Sciences,2024,ret1,92.88,287,309
FR,pell,pell,Public Health (Wertheim),2014,grad4,68.42,13,19
FR,pell,pell,Public Health (Wertheim),2014,grad5,84.21,16,19
FR,pell,pell,Public Health (Wertheim),2014,grad6,89.47,17,19
FR,pell,pell,Public Health (Wertheim),2014,ret1,89.47,17,19
FR,pell,pell,Public Health (Wertheim),2014,ret2,84.21,16,19
FR,pell,pell,Public Health (Wertheim),2016,grad4,90.48,19,21
FR,pell,pell,Public Health (Wertheim),2016,grad5,90.48,19,21
FR,pell,pell,Public Health (Wertheim),2016,grad6,90.48,19,21
FR,pell,pell,Public Health (Wertheim),2016,ret1,100.0,21,21
FR,pell,pell,Public Health (Wertheim),2016,ret2,100.0,21,21
FR,pell,pell,Public Health (Wertheim),2017,grad4,84.0,21,25
FR,pell,pell,Public Health (Wertheim),2017,grad5,88.0,22,25
FR,pell,pell,Public Health (Wertheim),2017,grad6,88.0,22,25
FR,pell,pell,Public Health (Wertheim),2017,ret1,88.0,22,25
FR,pell,pell,Public Health (Wertheim),2017,ret2,88.0,22,25
FR,pell,pell,Public Health (Wertheim),2019,grad4,75.0,12,16
FR,pell,pell,Public Health (Wertheim),2019,grad5,87.5,14,16
FR,pell,pell,Public Health (Wertheim),2019,grad6,93.75,15,16
FR,pell,pell,Public Health (Wertheim),2019,ret1,87.5,14,16
FR,pell,pell,Public Health (Wertheim),2019,ret2,93.75,15,16
FR,pell,pell,Public Health (Wertheim),2020,grad4,80.0,24,30
FR,pell,pell,Public Health (Wertheim),2020,grad5,83.33,25,30
FR,pell,pell,Public Health (Wertheim),2020,ret1,90.0,27,30
FR,pell,pell,Public Health (Wertheim),2020,ret2,83.33,25,30
FR,pell,pell,Public Health (Wertheim),2021,grad4,86.05,37,43
FR,pell,pell,Public Health (Wertheim),2021,ret1,97.67,42,43
FR,pell,pell,Public Health (Wertheim),2021,ret2,95.35,41,43
FR,pell,pell,Public Health (Wertheim),2022,ret1,94.0,47,50
FR,pell,pell,Public Health (Wertheim),2022,ret2,90.0,45,50
FR,pell,pell,Public Health (Wertheim),2023,ret1,85.71,72,84
FR,pell,pell,Public Health (Wertheim),2023,ret2,84.52,71,84
FR,pell,pell,Public Health (Wertheim),2024,ret1,91.07,51,56
FR,pell,pell,Scripps Institution of Oceanography,2013,grad4,56.67,17,30
FR,pell,pell,Scripps Institution of Oceanography,2013,grad5,86.67,26,30
FR,pell,pell,Scripps Institution of Oceanography,2013,grad6,86.67,26,30
FR,pell,pell,Scripps Institution of Oceanography,2013,ret1,86.67,26,30
FR,pell,pell,Scripps Institution of Oceanography,2013,ret2,86.67,26,30
FR,pell,pell,Scripps Institution of Oceanography,2014,grad4,42.42,14,33
FR,pell,pell,Scripps Institution of Oceanography,2014,grad5,75.76,25,33
FR,pell,pell,Scripps Institution of Oceanography,2014,grad6,78.79,26,33
FR,pell,pell,Scripps Institution of Oceanography,2014,ret1,96.97,32,33
FR,pell,pell,Scripps Institution of Oceanography,2014,ret2,84.85,28,33
FR,pell,pell,Scripps Institution of Oceanography,2015,grad4,71.43,20,28
FR,pell,pell,Scripps Institution of Oceanography,2015,grad5,82.14,23,28
FR,pell,pell,Scripps Institution of Oceanography,2015,grad6,85.71,24,28
FR,pell,pell,Scripps Institution of Oceanography,2015,ret1,96.43,27,28
FR,pell,pell,Scripps Institution of Oceanography,2015,ret2,89.29,25,28
FR,pell,pell,Scripps Institution of Oceanography,2016,grad4,48.48,16,33
FR,pell,pell,Scripps Institution of Oceanography,2016,grad5,75.76,25,33
FR,pell,pell,Scripps Institution of Oceanography,2016,grad6,81.82,27,33
FR,pell,pell,Scripps Institution of Oceanography,2016,ret1,84.85,28,33
FR,pell,pell,Scripps Institution of Oceanography,2016,ret2,87.88,29,33
FR,pell,pell,Scripps Institution of Oceanography,2017,grad4,54.55,24,44
FR,pell,pell,Scripps Institution of Oceanography,2017,grad5,70.45,31,44
FR,pell,pell,Scripps Institution of Oceanography,2017,grad6,72.73,32,44
FR,pell,pell,Scripps Institution of Oceanography,2017,ret1,84.09,37,44
FR,pell,pell,Scripps Institution of Oceanography,2017,ret2,81.82,36,44
FR,pell,pell,Scripps Institution of Oceanography,2018,grad4,65.52,38,58
FR,pell,pell,Scripps Institution of Oceanography,2018,grad5,77.59,45,58
FR,pell,pell,Scripps Institution of Oceanography,2018,grad6,81.03,47,58
FR,pell,pell,Scripps Institution of Oceanography,2018,ret1,93.1,54,58
FR,pell,pell,Scripps Institution of Oceanography,2018,ret2,87.93,51,58
FR,pell,pell,Scripps Institution of Oceanography,2019,grad4,64.15,34,53
FR,pell,pell,Scripps Institution of Oceanography,2019,grad5,69.81,37,53
FR,pell,pell,Scripps Institution of Oceanography,2019,grad6,71.7,38,53
FR,pell,pell,Scripps Institution of Oceanography,2019,ret1,84.91,45,53
FR,pell,pell,Scripps Institution of Oceanography,2019,ret2,84.91,45,53
FR,pell,pell,Scripps Institution of Oceanography,2020,grad4,69.57,32,46
FR,pell,pell,Scripps Institution of Oceanography,2020,grad5,76.09,35,46
FR,pell,pell,Scripps Institution of Oceanography,2020,ret1,89.13,41,46
FR,pell,pell,Scripps Institution of Oceanography,2020,ret2,84.78,39,46
FR,pell,pell,Scripps Institution of Oceanography,2021,grad4,65.22,30,46
FR,pell,pell,Scripps Institution of Oceanography,2021,ret1,91.3,42,46
FR,pell,pell,Scripps Institution of Oceanography,2021,ret2,89.13,41,46
FR,pell,pell,Scripps Institution of Oceanography,2022,ret1,95.71,67,70
FR,pell,pell,Scripps Institution of Oceanography,2022,ret2,87.14,61,70
FR,pell,pell,Scripps Institution of Oceanography,2023,ret1,93.1,54,58
FR,pell,pell,Scripps Institution of Oceanography,2023,ret2,91.38,53,58
FR,pell,pell,Scripps Institution of Oceanography,2024,ret1,90.41,66,73
FR,pell,pell,Social Sciences,2013,grad4,64.84,177,273
FR,pell,pell,Social Sciences,2013,grad5,84.98,232,273
FR,pell,pell,Social Sciences,2013,grad6,88.28,241,273
FR,pell,pell,Social Sciences,2013,ret1,94.14,257,273
FR,pell,pell,Social Sciences,2013,ret2,90.48,247,273
FR,pell,pell,Social Sciences,2014,grad4,70.17,167,238
FR,pell,pell,Social Sciences,2014,grad5,82.77,197,238
FR,pell,pell,Social Sciences,2014,grad6,85.71,204,238
FR,pell,pell,Social Sciences,2014,ret1,94.54,225,238
FR,pell,pell,Social Sciences,2014,ret2,89.92,214,238
FR,pell,pell,Social Sciences,2015,grad4,73.3,140,191
FR,pell,pell,Social Sciences,2015,grad5,88.48,169,191
FR,pell,pell,Social Sciences,2015,grad6,89.53,171,191
FR,pell,pell,Social Sciences,2015,ret1,93.72,179,191
FR,pell,pell,Social Sciences,2015,ret2,90.05,172,191
FR,pell,pell,Social Sciences,2016,grad4,67.66,249,368
FR,pell,pell,Social Sciences,2016,grad5,80.71,297,368
FR,pell,pell,Social Sciences,2016,grad6,82.34,303,368
FR,pell,pell,Social Sciences,2016,ret1,91.58,337,368
FR,pell,pell,Social Sciences,2016,ret2,89.67,330,368
FR,pell,pell,Social Sciences,2017,grad4,74.33,307,413
FR,pell,pell,Social Sciences,2017,grad5,81.6,337,413
FR,pell,pell,Social Sciences,2017,grad6,83.29,344,413
FR,pell,pell,Social Sciences,2017,ret1,92.49,382,413
FR,pell,pell,Social Sciences,2017,ret2,87.65,362,413
FR,pell,pell,Social Sciences,2018,grad4,72.68,399,549
FR,pell,pell,Social Sciences,2018,grad5,79.05,434,549
FR,pell,pell,Social Sciences,2018,grad6,83.24,457,549
FR,pell,pell,Social Sciences,2018,ret1,91.99,505,549
FR,pell,pell,Social Sciences,2018,ret2,88.89,488,549
FR,pell,pell,Social Sciences,2019,grad4,74.53,357,479
FR,pell,pell,Social Sciences,2019,grad5,82.46,395,479
FR,pell,pell,Social Sciences,2019,grad6,84.55,405,479
FR,pell,pell,Social Sciences,2019,ret1,93.53,448,479
FR,pell,pell,Social Sciences,2019,ret2,89.77,430,479
FR,pell,pell,Social Sciences,2020,grad4,79.85,325,407
FR,pell,pell,Social Sciences,2020,grad5,86.49,352,407
FR,pell,pell,Social Sciences,2020,ret1,94.1,383,407
FR,pell,pell,Social Sciences,2020,ret2,90.66,369,407
FR,pell,pell,Social Sciences,2021,grad4,76.56,454,593
FR,pell,pell,Social Sciences,2021,ret1,91.4,542,593
FR,pell,pell,Social Sciences,2021,ret2,88.03,522,593
FR,pell,pell,Social Sciences,2022,ret1,92.0,793,862
FR,pell,pell,Social Sciences,2022,ret2,88.75,765,862
FR,pell,pell,Social Sciences,2023,ret1,91.7,685,747
FR,pell,pell,Social Sciences,2023,ret2,87.55,654,747
FR,pell,pell,Social Sciences,2024,ret1,96.07,783,815
FR,pell,pell,Special,2013,grad4,54.14,144,266
FR,pell,pell,Special,2013,grad5,81.2,216,266
FR,pell,pell,Special,2013,grad6,86.47,230,266
FR,pell,pell,Special,2013,ret1,93.61,249,266
FR,pell,pell,Special,2013,ret2,87.97,234,266
FR,pell,pell,Special,2014,grad4,50.44,173,343
FR,pell,pell,Special,2014,grad5,75.8,260,343
FR,pell,pell,Special,2014,grad6,79.88,274,343
FR,pell,pell,Special,2014,ret1,93.59,321,343
FR,pell,pell,Special,2014,ret2,87.76,301,343
FR,pell,pell,Special,2015,grad4,56.15,137,244
FR,pell,pell,Special,2015,grad5,76.64,187,244
FR,pell,pell,Special,2015,grad6,79.1,193,244
FR,pell,pell,Special,2015,ret1,90.98,222,244
FR,pell,pell,Special,2015,ret2,87.3,213,244
FR,pell,pell,Special,2016,grad4,52.54,155,295
FR,pell,pell,Special,2016,grad5,73.9,218,295
FR,pell,pell,Special,2016,grad6,75.25,222,295
FR,pell,pell,Special,2016,ret1,89.83,265,295
FR,pell,pell,Special,2016,ret2,85.42,252,295
FR,pell,pell,Special,2017,grad4,54.98,149,271
FR,pell,pell,Special,2017,grad5,69.37,188,271
FR,pell,pell,Special,2017,grad6,73.43,199,271
FR,pell,pell,Special,2017,ret1,85.24,231,271
FR,pell,pell,Special,2017,ret2,79.34,215,271
FR,pell,pell,Special,2018,grad4,58.16,171,294
FR,pell,pell,Special,2018,grad5,69.73,205,294
FR,pell,pell,Special,2018,grad6,72.79,214,294
FR,pell,pell,Special,2018,ret1,86.39,254,294
FR,pell,pell,Special,2018,ret2,82.31,242,294
FR,pell,pell,Special,2019,grad4,58.08,115,198
FR,pell,pell,Special,2019,grad5,71.72,142,198
FR,pell,pell,Special,2019,grad6,73.74,146,198
FR,pell,pell,Special,2019,ret1,90.91,180,198
FR,pell,pell,Special,2019,ret2,81.82,162,198
FR,pell,pell,Special,2020,grad4,65.98,64,97
FR,pell,pell,Special,2020,grad5,75.26,73,97
FR,pell,pell,Special,2020,ret1,91.75,89,97
FR,pell,pell,Special,2020,ret2,84.54,82,97
FR,pell,pell,Special,2021,grad4,65.84,133,202
FR,pell,pell,Special,2021,ret1,88.61,179,202
FR,pell,pell,Special,2021,ret2,82.18,166,202
FR,pell,pell,Special,2022,ret1,87.01,201,231
FR,pell,pell,Special,2022,ret2,82.25,190,231
FR,pell,pell,Special,2023,ret1,89.29,175,196
FR,pell,pell,Special,2023,ret2,82.65,162,196
FR,pell,pell,Special,2024,ret1,88.73,189,213
TR,eth,aian,Social Sciences,2023,grad2,66.67,8,12
TR,eth,aian,Social Sciences,2023,ret1,100.0,12,12
TR,eth,aian,Social Sciences,2024,ret1,100.0,18,18
TR,eth,asian,Arts & Humanities,2014,grad2,28.57,10,35
TR,eth,asian,Arts & Humanities,2014,grad3,77.14,27,35
TR,eth,asian,Arts & Humanities,2014,grad4,82.86,29,35
TR,eth,asian,Arts & Humanities,2014,grad5,2.86,1,35
TR,eth,asian,Arts & Humanities,2014,ret1,91.43,32,35
TR,eth,asian,Arts & Humanities,2015,grad2,32.43,12,37
TR,eth,asian,Arts & Humanities,2015,grad3,75.68,28,37
TR,eth,asian,Arts & Humanities,2015,grad4,89.19,33,37
TR,eth,asian,Arts & Humanities,2015,ret1,89.19,33,37
TR,eth,asian,Arts & Humanities,2016,grad2,48.78,20,41
TR,eth,asian,Arts & Humanities,2016,grad3,82.93,34,41
TR,eth,asian,Arts & Humanities,2016,grad4,85.37,35,41
TR,eth,asian,Arts & Humanities,2016,ret1,95.12,39,41
TR,eth,asian,Arts & Humanities,2017,grad2,47.83,22,46
TR,eth,asian,Arts & Humanities,2017,grad3,76.09,35,46
TR,eth,asian,Arts & Humanities,2017,grad4,84.78,39,46
TR,eth,asian,Arts & Humanities,2017,ret1,100.0,46,46
TR,eth,asian,Arts & Humanities,2018,grad2,58.33,28,48
TR,eth,asian,Arts & Humanities,2018,grad3,85.42,41,48
TR,eth,asian,Arts & Humanities,2018,grad4,87.5,42,48
TR,eth,asian,Arts & Humanities,2018,ret1,93.75,45,48
TR,eth,asian,Arts & Humanities,2019,grad2,69.23,36,52
TR,eth,asian,Arts & Humanities,2019,grad3,82.69,43,52
TR,eth,asian,Arts & Humanities,2019,grad4,90.38,47,52
TR,eth,asian,Arts & Humanities,2019,grad5,1.92,1,52
TR,eth,asian,Arts & Humanities,2019,ret1,86.54,45,52
TR,eth,asian,Arts & Humanities,2020,grad2,52.94,36,68
TR,eth,asian,Arts & Humanities,2020,grad3,80.88,55,68
TR,eth,asian,Arts & Humanities,2020,grad4,88.24,60,68
TR,eth,asian,Arts & Humanities,2020,ret1,89.71,61,68
TR,eth,asian,Arts & Humanities,2021,grad2,62.5,45,72
TR,eth,asian,Arts & Humanities,2021,grad3,81.94,59,72
TR,eth,asian,Arts & Humanities,2021,grad4,86.11,62,72
TR,eth,asian,Arts & Humanities,2021,ret1,94.44,68,72
TR,eth,asian,Arts & Humanities,2022,grad2,63.64,35,55
TR,eth,asian,Arts & Humanities,2022,grad3,85.45,47,55
TR,eth,asian,Arts & Humanities,2022,ret1,96.36,53,55
TR,eth,asian,Arts & Humanities,2023,grad2,50.0,36,72
TR,eth,asian,Arts & Humanities,2023,ret1,94.44,68,72
TR,eth,asian,Arts & Humanities,2024,ret1,95.52,64,67
TR,eth,asian,Biology,2014,grad2,46.67,56,120
TR,eth,asian,Biology,2014,grad3,82.5,99,120
TR,eth,asian,Biology,2014,grad4,89.17,107,120
TR,eth,asian,Biology,2014,grad5,4.17,5,120
TR,eth,asian,Biology,2014,ret1,94.17,113,120
TR,eth,asian,Biology,2015,grad2,47.56,78,164
TR,eth,asian,Biology,2015,grad3,79.27,130,164
TR,eth,asian,Biology,2015,grad4,86.59,142,164
TR,eth,asian,Biology,2015,ret1,96.34,158,164
TR,eth,asian,Biology,2016,grad2,46.88,60,128
TR,eth,asian,Biology,2016,grad3,82.81,106,128
TR,eth,asian,Biology,2016,grad4,87.5,112,128
TR,eth,asian,Biology,2016,ret1,93.75,120,128
TR,eth,asian,Biology,2017,grad2,58.26,67,115
TR,eth,asian,Biology,2017,grad3,89.57,103,115
TR,eth,asian,Biology,2017,grad4,95.65,110,115
TR,eth,asian,Biology,2017,ret1,98.26,113,115
TR,eth,asian,Biology,2018,grad2,75.76,75,99
TR,eth,asian,Biology,2018,grad3,86.87,86,99
TR,eth,asian,Biology,2018,grad4,87.88,87,99
TR,eth,asian,Biology,2018,grad5,2.02,2,99
TR,eth,asian,Biology,2018,ret1,95.96,95,99
TR,eth,asian,Biology,2019,grad2,67.24,78,116
TR,eth,asian,Biology,2019,grad3,93.1,108,116
TR,eth,asian,Biology,2019,grad4,93.97,109,116
TR,eth,asian,Biology,2019,grad5,0.86,1,116
TR,eth,asian,Biology,2019,ret1,97.41,113,116
TR,eth,asian,Biology,2020,grad2,75.63,90,119
TR,eth,asian,Biology,2020,grad3,94.12,112,119
TR,eth,asian,Biology,2020,grad4,94.96,113,119
TR,eth,asian,Biology,2020,ret1,97.48,116,119
TR,eth,asian,Biology,2021,grad2,69.29,97,140
TR,eth,asian,Biology,2021,grad3,86.43,121,140
TR,eth,asian,Biology,2021,grad4,89.29,125,140
TR,eth,asian,Biology,2021,ret1,98.57,138,140
TR,eth,asian,Biology,2022,grad2,59.31,86,145
TR,eth,asian,Biology,2022,grad3,82.07,119,145
TR,eth,asian,Biology,2022,ret1,95.17,138,145
TR,eth,asian,Biology,2023,grad2,69.78,97,139
TR,eth,asian,Biology,2023,ret1,97.84,136,139
TR,eth,asian,Biology,2024,ret1,97.2,139,143
TR,eth,asian,Engineering,2014,grad2,4.44,11,248
TR,eth,asian,Engineering,2014,grad3,69.76,173,248
TR,eth,asian,Engineering,2014,grad4,85.89,213,248
TR,eth,asian,Engineering,2014,grad5,2.42,6,248
TR,eth,asian,Engineering,2014,ret1,95.56,237,248
TR,eth,asian,Engineering,2015,grad3,78.5,84,107
TR,eth,asian,Engineering,2015,grad4,90.65,97,107
TR,eth,asian,Engineering,2015,ret1,96.26,103,107
TR,eth,asian,Engineering,2016,grad2,13.04,12,92
TR,eth,asian,Engineering,2016,grad3,72.83,67,92
TR,eth,asian,Engineering,2016,grad4,84.78,78,92
TR,eth,asian,Engineering,2016,ret1,92.39,85,92
TR,eth,asian,Engineering,2017,grad2,8.87,11,124
TR,eth,asian,Engineering,2017,grad3,86.29,107,124
TR,eth,asian,Engineering,2017,grad4,93.55,116,124
TR,eth,asian,Engineering,2017,ret1,97.58,121,124
TR,eth,asian,Engineering,2018,grad2,16.15,42,260
TR,eth,asian,Engineering,2018,grad3,78.46,204,260
TR,eth,asian,Engineering,2018,grad4,88.85,231,260
TR,eth,asian,Engineering,2018,grad5,3.46,9,260
TR,eth,asian,Engineering,2018,ret1,95.38,248,260
TR,eth,asian,Engineering,2019,grad2,22.6,33,146
TR,eth,asian,Engineering,2019,grad3,82.19,120,146
TR,eth,asian,Engineering,2019,grad4,90.41,132,146
TR,eth,asian,Engineering,2019,grad5,0.68,1,146
TR,eth,asian,Engineering,2019,ret1,98.63,144,146
TR,eth,asian,Engineering,2020,grad2,22.16,37,167
TR,eth,asian,Engineering,2020,grad3,77.25,129,167
TR,eth,asian,Engineering,2020,grad4,91.02,152,167
TR,eth,asian,Engineering,2020,grad5,1.2,2,167
TR,eth,asian,Engineering,2020,ret1,95.81,160,167
TR,eth,asian,Engineering,2021,grad2,29.94,50,167
TR,eth,asian,Engineering,2021,grad3,85.03,142,167
TR,eth,asian,Engineering,2021,grad4,91.02,152,167
TR,eth,asian,Engineering,2021,ret1,95.81,160,167
TR,eth,asian,Engineering,2022,grad2,25.56,34,133
TR,eth,asian,Engineering,2022,grad3,78.2,104,133
TR,eth,asian,Engineering,2022,ret1,97.74,130,133
TR,eth,asian,Engineering,2023,grad2,35.61,47,132
TR,eth,asian,Engineering,2023,ret1,95.45,126,132
TR,eth,asian,Engineering,2024,ret1,96.88,217,224
TR,eth,asian,Global Policy & Strategy,2014,grad2,50.0,6,12
TR,eth,asian,Global Policy & Strategy,2014,grad3,25.0,3,12
TR,eth,asian,Global Policy & Strategy,2014,ret1,91.67,11,12
TR,eth,asian,Global Policy & Strategy,2015,grad3,62.96,17,27
TR,eth,asian,Global Policy & Strategy,2015,grad4,77.78,21,27
TR,eth,asian,Global Policy & Strategy,2015,ret1,74.07,20,27
TR,eth,asian,Global Policy & Strategy,2016,grad2,53.95,41,76
TR,eth,asian,Global Policy & Strategy,2016,grad3,81.58,62,76
TR,eth,asian,Global Policy & Strategy,2016,grad4,85.53,65,76
TR,eth,asian,Global Policy & Strategy,2016,ret1,90.79,69,76
TR,eth,asian,Global Policy & Strategy,2017,grad2,57.33,43,75
TR,eth,asian,Global Policy & Strategy,2017,grad3,82.67,62,75
TR,eth,asian,Global Policy & Strategy,2017,grad4,89.33,67,75
TR,eth,asian,Global Policy & Strategy,2017,ret1,98.67,74,75
TR,eth,asian,Global Policy & Strategy,2018,grad2,56.76,42,74
TR,eth,asian,Global Policy & Strategy,2018,grad3,86.49,64,74
TR,eth,asian,Global Policy & Strategy,2018,grad4,87.84,65,74
TR,eth,asian,Global Policy & Strategy,2018,grad5,4.05,3,74
TR,eth,asian,Global Policy & Strategy,2018,ret1,91.89,68,74
TR,eth,asian,Global Policy & Strategy,2019,grad2,65.15,43,66
TR,eth,asian,Global Policy & Strategy,2019,grad3,89.39,59,66
TR,eth,asian,Global Policy & Strategy,2019,grad4,92.42,61,66
TR,eth,asian,Global Policy & Strategy,2019,ret1,95.45,63,66
TR,eth,asian,Global Policy & Strategy,2020,grad2,64.95,63,97
TR,eth,asian,Global Policy & Strategy,2020,grad3,82.47,80,97
TR,eth,asian,Global Policy & Strategy,2020,grad4,87.63,85,97
TR,eth,asian,Global Policy & Strategy,2020,grad5,1.03,1,97
TR,eth,asian,Global Policy & Strategy,2020,ret1,92.78,90,97
TR,eth,asian,Global Policy & Strategy,2021,grad2,61.11,55,90
TR,eth,asian,Global Policy & Strategy,2021,grad3,84.44,76,90
TR,eth,asian,Global Policy & Strategy,2021,grad4,86.67,78,90
TR,eth,asian,Global Policy & Strategy,2021,ret1,88.89,80,90
TR,eth,asian,Global Policy & Strategy,2022,grad2,51.72,30,58
TR,eth,asian,Global Policy & Strategy,2022,grad3,75.86,44,58
TR,eth,asian,Global Policy & Strategy,2022,ret1,94.83,55,58
TR,eth,asian,Global Policy & Strategy,2023,grad2,57.58,38,66
TR,eth,asian,Global Policy & Strategy,2023,ret1,92.42,61,66
TR,eth,asian,Global Policy & Strategy,2024,ret1,96.49,55,57
TR,eth,asian,Halicioğlu Data Science Institute,2020,grad3,77.27,17,22
TR,eth,asian,Halicioğlu Data Science Institute,2020,grad4,86.36,19,22
TR,eth,asian,Halicioğlu Data Science Institute,2020,grad5,4.55,1,22
TR,eth,asian,Halicioğlu Data Science Institute,2020,ret1,90.91,20,22
TR,eth,asian,Halicioğlu Data Science Institute,2021,grad3,68.75,11,16
TR,eth,asian,Halicioğlu Data Science Institute,2021,grad4,87.5,14,16
TR,eth,asian,Halicioğlu Data Science Institute,2021,ret1,93.75,15,16
TR,eth,asian,Halicioğlu Data Science Institute,2022,grad2,3.23,1,31
TR,eth,asian,Halicioğlu Data Science Institute,2022,grad3,90.32,28,31
TR,eth,asian,Halicioğlu Data Science Institute,2022,ret1,90.32,28,31
TR,eth,asian,Halicioğlu Data Science Institute,2023,grad2,5.66,3,53
TR,eth,asian,Halicioğlu Data Science Institute,2023,ret1,98.11,52,53
TR,eth,asian,Halicioğlu Data Science Institute,2024,ret1,98.46,64,65
TR,eth,asian,Physical Sciences,2014,grad2,31.37,16,51
TR,eth,asian,Physical Sciences,2014,grad3,76.47,39,51
TR,eth,asian,Physical Sciences,2014,grad4,90.2,46,51
TR,eth,asian,Physical Sciences,2014,grad5,1.96,1,51
TR,eth,asian,Physical Sciences,2014,ret1,100.0,51,51
TR,eth,asian,Physical Sciences,2015,grad2,23.7,32,135
TR,eth,asian,Physical Sciences,2015,grad3,69.63,94,135
TR,eth,asian,Physical Sciences,2015,grad4,78.52,106,135
TR,eth,asian,Physical Sciences,2015,ret1,93.33,126,135
TR,eth,asian,Physical Sciences,2016,grad2,28.47,39,137
TR,eth,asian,Physical Sciences,2016,grad3,70.8,97,137
TR,eth,asian,Physical Sciences,2016,grad4,81.02,111,137
TR,eth,asian,Physical Sciences,2016,ret1,89.78,123,137
TR,eth,asian,Physical Sciences,2017,grad2,36.63,37,101
TR,eth,asian,Physical Sciences,2017,grad3,73.27,74,101
TR,eth,asian,Physical Sciences,2017,grad4,84.16,85,101
TR,eth,asian,Physical Sciences,2017,ret1,93.07,94,101
TR,eth,asian,Physical Sciences,2018,grad2,47.47,47,99
TR,eth,asian,Physical Sciences,2018,grad3,78.79,78,99
TR,eth,asian,Physical Sciences,2018,grad4,87.88,87,99
TR,eth,asian,Physical Sciences,2018,grad5,3.03,3,99
TR,eth,asian,Physical Sciences,2018,ret1,90.91,90,99
TR,eth,asian,Physical Sciences,2019,grad2,50.91,56,110
TR,eth,asian,Physical Sciences,2019,grad3,85.45,94,110
TR,eth,asian,Physical Sciences,2019,grad4,90.0,99,110
TR,eth,asian,Physical Sciences,2019,grad5,0.91,1,110
TR,eth,asian,Physical Sciences,2019,ret1,98.18,108,110
TR,eth,asian,Physical Sciences,2020,grad2,53.76,50,93
TR,eth,asian,Physical Sciences,2020,grad3,78.49,73,93
TR,eth,asian,Physical Sciences,2020,grad4,86.02,80,93
TR,eth,asian,Physical Sciences,2020,grad5,4.3,4,93
TR,eth,asian,Physical Sciences,2020,ret1,94.62,88,93
TR,eth,asian,Physical Sciences,2021,grad2,58.68,71,121
TR,eth,asian,Physical Sciences,2021,grad3,83.47,101,121
TR,eth,asian,Physical Sciences,2021,grad4,91.74,111,121
TR,eth,asian,Physical Sciences,2021,ret1,98.35,119,121
TR,eth,asian,Physical Sciences,2022,grad2,53.66,44,82
TR,eth,asian,Physical Sciences,2022,grad3,75.61,62,82
TR,eth,asian,Physical Sciences,2022,ret1,92.68,76,82
TR,eth,asian,Physical Sciences,2023,grad2,58.73,74,126
TR,eth,asian,Physical Sciences,2023,ret1,93.65,118,126
TR,eth,asian,Physical Sciences,2024,ret1,95.0,114,120
TR,eth,asian,Public Health (Wertheim),2014,grad2,72.73,8,11
TR,eth,asian,Public Health (Wertheim),2014,grad3,100.0,11,11
TR,eth,asian,Public Health (Wertheim),2014,grad4,100.0,11,11
TR,eth,asian,Public Health (Wertheim),2014,ret1,100.0,11,11
TR,eth,asian,Public Health (Wertheim),2015,grad3,83.33,10,12
TR,eth,asian,Public Health (Wertheim),2015,grad4,91.67,11,12
TR,eth,asian,Public Health (Wertheim),2015,ret1,91.67,11,12
TR,eth,asian,Public Health (Wertheim),2016,grad3,90.91,10,11
TR,eth,asian,Public Health (Wertheim),2016,grad4,100.0,11,11
TR,eth,asian,Public Health (Wertheim),2016,ret1,100.0,11,11
TR,eth,asian,Public Health (Wertheim),2019,grad2,100.0,11,11
TR,eth,asian,Public Health (Wertheim),2019,grad3,100.0,11,11
TR,eth,asian,Public Health (Wertheim),2019,grad4,100.0,11,11
TR,eth,asian,Public Health (Wertheim),2019,ret1,100.0,11,11
TR,eth,asian,Public Health (Wertheim),2020,grad2,85.19,23,27
TR,eth,asian,Public Health (Wertheim),2020,grad3,96.3,26,27
TR,eth,asian,Public Health (Wertheim),2020,grad4,96.3,26,27
TR,eth,asian,Public Health (Wertheim),2020,ret1,92.59,25,27
TR,eth,asian,Public Health (Wertheim),2021,grad2,81.82,27,33
TR,eth,asian,Public Health (Wertheim),2021,grad3,90.91,30,33
TR,eth,asian,Public Health (Wertheim),2021,grad4,96.97,32,33
TR,eth,asian,Public Health (Wertheim),2021,ret1,100.0,33,33
TR,eth,asian,Public Health (Wertheim),2022,grad2,83.33,25,30
TR,eth,asian,Public Health (Wertheim),2022,grad3,96.67,29,30
TR,eth,asian,Public Health (Wertheim),2022,ret1,96.67,29,30
TR,eth,asian,Public Health (Wertheim),2023,grad2,78.57,22,28
TR,eth,asian,Public Health (Wertheim),2023,ret1,96.43,27,28
TR,eth,asian,Public Health (Wertheim),2024,ret1,97.22,35,36
TR,eth,asian,Scripps Institution of Oceanography,2017,grad3,66.67,12,18
TR,eth,asian,Scripps Institution of Oceanography,2017,grad4,72.22,13,18
TR,eth,asian,Scripps Institution of Oceanography,2017,ret1,94.44,17,18
TR,eth,asian,Scripps Institution of Oceanography,2018,grad2,35.71,5,14
TR,eth,asian,Scripps Institution of Oceanography,2018,grad3,85.71,12,14
TR,eth,asian,Scripps Institution of Oceanography,2018,grad4,92.86,13,14
TR,eth,asian,Scripps Institution of Oceanography,2018,ret1,92.86,13,14
TR,eth,asian,Scripps Institution of Oceanography,2019,grad2,52.94,9,17
TR,eth,asian,Scripps Institution of Oceanography,2019,grad3,94.12,16,17
TR,eth,asian,Scripps Institution of Oceanography,2019,grad4,94.12,16,17
TR,eth,asian,Scripps Institution of Oceanography,2019,grad5,5.88,1,17
TR,eth,asian,Scripps Institution of Oceanography,2019,ret1,100.0,17,17
TR,eth,asian,Scripps Institution of Oceanography,2020,grad2,81.82,9,11
TR,eth,asian,Scripps Institution of Oceanography,2020,grad3,90.91,10,11
TR,eth,asian,Scripps Institution of Oceanography,2020,grad4,100.0,11,11
TR,eth,asian,Scripps Institution of Oceanography,2020,ret1,90.91,10,11
TR,eth,asian,Scripps Institution of Oceanography,2021,grad2,43.75,7,16
TR,eth,asian,Scripps Institution of Oceanography,2021,grad3,68.75,11,16
TR,eth,asian,Scripps Institution of Oceanography,2021,grad4,75.0,12,16
TR,eth,asian,Scripps Institution of Oceanography,2021,ret1,87.5,14,16
TR,eth,asian,Scripps Institution of Oceanography,2022,grad2,46.15,6,13
TR,eth,asian,Scripps Institution of Oceanography,2022,grad3,76.92,10,13
TR,eth,asian,Scripps Institution of Oceanography,2022,ret1,84.62,11,13
TR,eth,asian,Scripps Institution of Oceanography,2024,ret1,100.0,14,14
TR,eth,asian,Social Sciences,2014,grad2,55.56,160,288
TR,eth,asian,Social Sciences,2014,grad3,86.81,250,288
TR,eth,asian,Social Sciences,2014,grad4,91.32,263,288
TR,eth,asian,Social Sciences,2014,grad5,1.04,3,288
TR,eth,asian,Social Sciences,2014,ret1,94.79,273,288
TR,eth,asian,Social Sciences,2015,grad2,56.82,175,308
TR,eth,asian,Social Sciences,2015,grad3,85.71,264,308
TR,eth,asian,Social Sciences,2015,grad4,90.26,278,308
TR,eth,asian,Social Sciences,2015,ret1,95.78,295,308
TR,eth,asian,Social Sciences,2016,grad2,53.22,157,295
TR,eth,asian,Social Sciences,2016,grad3,82.03,242,295
TR,eth,asian,Social Sciences,2016,grad4,89.83,265,295
TR,eth,asian,Social Sciences,2016,ret1,94.24,278,295
TR,eth,asian,Social Sciences,2017,grad2,60.54,201,332
TR,eth,asian,Social Sciences,2017,grad3,86.75,288,332
TR,eth,asian,Social Sciences,2017,grad4,92.17,306,332
TR,eth,asian,Social Sciences,2017,ret1,95.18,316,332
TR,eth,asian,Social Sciences,2018,grad2,65.65,216,329
TR,eth,asian,Social Sciences,2018,grad3,86.93,286,329
TR,eth,asian,Social Sciences,2018,grad4,91.49,301,329
TR,eth,asian,Social Sciences,2018,grad5,0.91,3,329
TR,eth,asian,Social Sciences,2018,ret1,93.31,307,329
TR,eth,asian,Social Sciences,2019,grad2,63.59,227,357
TR,eth,asian,Social Sciences,2019,grad3,89.64,320,357
TR,eth,asian,Social Sciences,2019,grad4,91.88,328,357
TR,eth,asian,Social Sciences,2019,grad5,0.84,3,357
TR,eth,asian,Social Sciences,2019,ret1,96.92,346,357
TR,eth,asian,Social Sciences,2020,grad2,65.06,257,395
TR,eth,asian,Social Sciences,2020,grad3,83.29,329,395
TR,eth,asian,Social Sciences,2020,grad4,87.09,344,395
TR,eth,asian,Social Sciences,2020,grad5,1.52,6,395
TR,eth,asian,Social Sciences,2020,ret1,94.68,374,395
TR,eth,asian,Social Sciences,2021,grad2,62.24,305,490
TR,eth,asian,Social Sciences,2021,grad3,81.63,400,490
TR,eth,asian,Social Sciences,2021,grad4,87.76,430,490
TR,eth,asian,Social Sciences,2021,ret1,93.47,458,490
TR,eth,asian,Social Sciences,2022,grad2,61.27,337,550
TR,eth,asian,Social Sciences,2022,grad3,83.82,461,550
TR,eth,asian,Social Sciences,2022,ret1,93.45,514,550
TR,eth,asian,Social Sciences,2023,grad2,66.84,383,573
TR,eth,asian,Social Sciences,2023,ret1,96.51,553,573
TR,eth,asian,Social Sciences,2024,ret1,96.57,620,642
TR,eth,asian,Special,2015,grad3,62.86,22,35
TR,eth,asian,Special,2015,grad4,74.29,26,35
TR,eth,asian,Special,2015,ret1,91.43,32,35
TR,eth,asian,Special,2016,grad2,12.36,11,89
TR,eth,asian,Special,2016,grad3,57.3,51,89
TR,eth,asian,Special,2016,grad4,76.4,68,89
TR,eth,asian,Special,2016,ret1,87.64,78,89
TR,eth,black,Arts & Humanities,2017,grad4,76.92,10,13
TR,eth,black,Arts & Humanities,2017,ret1,84.62,11,13
TR,eth,black,Arts & Humanities,2018,grad2,58.33,7,12
TR,eth,black,Arts & Humanities,2018,grad3,83.33,10,12
TR,eth,black,Arts & Humanities,2018,grad4,91.67,11,12
TR,eth,black,Arts & Humanities,2018,ret1,100.0,12,12
TR,eth,black,Arts & Humanities,2019,grad2,45.45,5,11
TR,eth,black,Arts & Humanities,2019,grad3,27.27,3,11
TR,eth,black,Arts & Humanities,2019,grad4,90.91,10,11
TR,eth,black,Arts & Humanities,2020,grad2,60.0,9,15
TR,eth,black,Arts & Humanities,2020,grad3,80.0,12,15
TR,eth,black,Arts & Humanities,2020,grad4,80.0,12,15
TR,eth,black,Arts & Humanities,2020,ret1,93.33,14,15
TR,eth,black,Arts & Humanities,2021,grad2,50.0,7,14
TR,eth,black,Arts & Humanities,2021,grad3,7.14,1,14
TR,eth,black,Arts & Humanities,2021,grad4,7.14,1,14
TR,eth,black,Arts & Humanities,2021,ret1,92.86,13,14
TR,eth,black,Arts & Humanities,2022,grad2,46.15,6,13
TR,eth,black,Arts & Humanities,2022,grad3,23.08,3,13
TR,eth,black,Arts & Humanities,2022,ret1,100.0,13,13
TR,eth,black,Arts & Humanities,2023,grad2,66.67,14,21
TR,eth,black,Arts & Humanities,2023,ret1,95.24,20,21
TR,eth,black,Arts & Humanities,2024,ret1,84.21,16,19
TR,eth,black,Biology,2014,grad2,7.69,1,13
TR,eth,black,Biology,2014,grad3,76.92,10,13
TR,eth,black,Biology,2014,grad4,76.92,10,13
TR,eth,black,Biology,2014,ret1,100.0,13,13
TR,eth,black,Biology,2015,grad3,70.0,14,20
TR,eth,black,Biology,2015,grad4,80.0,16,20
TR,eth,black,Biology,2015,ret1,100.0,20,20
TR,eth,black,Biology,2016,grad3,66.67,14,21
TR,eth,black,Biology,2016,grad4,95.24,20,21
TR,eth,black,Biology,2016,ret1,95.24,20,21
TR,eth,black,Biology,2018,grad2,76.92,10,13
TR,eth,black,Biology,2018,grad3,84.62,11,13
TR,eth,black,Biology,2018,grad4,92.31,12,13
TR,eth,black,Biology,2018,ret1,100.0,13,13
TR,eth,black,Biology,2019,grad2,50.0,6,12
TR,eth,black,Biology,2019,grad3,25.0,3,12
TR,eth,black,Biology,2019,grad5,8.33,1,12
TR,eth,black,Biology,2019,ret1,100.0,12,12
TR,eth,black,Biology,2020,grad2,50.0,5,10
TR,eth,black,Biology,2020,grad3,20.0,2,10
TR,eth,black,Biology,2020,ret1,100.0,10,10
TR,eth,black,Biology,2021,grad2,73.33,11,15
TR,eth,black,Biology,2021,grad3,93.33,14,15
TR,eth,black,Biology,2021,grad4,93.33,14,15
TR,eth,black,Biology,2021,ret1,93.33,14,15
TR,eth,black,Biology,2022,grad2,57.14,8,14
TR,eth,black,Biology,2022,grad3,7.14,1,14
TR,eth,black,Biology,2022,ret1,85.71,12,14
TR,eth,black,Biology,2023,grad2,68.75,11,16
TR,eth,black,Biology,2023,ret1,93.75,15,16
TR,eth,black,Biology,2024,ret1,100.0,10,10
TR,eth,black,Engineering,2014,grad3,36.36,4,11
TR,eth,black,Engineering,2014,grad4,18.18,2,11
TR,eth,black,Engineering,2014,ret1,100.0,11,11
TR,eth,black,Engineering,2017,ret1,100.0,10,10
TR,eth,black,Engineering,2018,grad2,3.85,1,26
TR,eth,black,Engineering,2018,grad3,53.85,14,26
TR,eth,black,Engineering,2018,grad4,73.08,19,26
TR,eth,black,Engineering,2018,grad5,7.69,2,26
TR,eth,black,Engineering,2018,ret1,92.31,24,26
TR,eth,black,Engineering,2019,grad2,18.18,2,11
TR,eth,black,Engineering,2019,grad3,54.55,6,11
TR,eth,black,Engineering,2019,grad4,9.09,1,11
TR,eth,black,Engineering,2019,grad5,9.09,1,11
TR,eth,black,Engineering,2019,ret1,100.0,11,11
TR,eth,black,Engineering,2020,grad3,61.54,8,13
TR,eth,black,Engineering,2020,grad4,7.69,1,13
TR,eth,black,Engineering,2020,ret1,92.31,12,13
TR,eth,black,Engineering,2023,grad2,27.27,3,11
TR,eth,black,Engineering,2023,ret1,90.91,10,11
TR,eth,black,Engineering,2024,ret1,100.0,10,10
TR,eth,black,Physical Sciences,2023,grad2,30.0,3,10
TR,eth,black,Social Sciences,2014,grad2,58.82,10,17
TR,eth,black,Social Sciences,2014,grad3,88.24,15,17
TR,eth,black,Social Sciences,2014,grad4,94.12,16,17
TR,eth,black,Social Sciences,2014,grad5,5.88,1,17
TR,eth,black,Social Sciences,2014,ret1,100.0,17,17
TR,eth,black,Social Sciences,2015,grad2,42.31,11,26
TR,eth,black,Social Sciences,2015,grad3,61.54,16,26
TR,eth,black,Social Sciences,2015,grad4,69.23,18,26
TR,eth,black,Social Sciences,2015,ret1,84.62,22,26
TR,eth,black,Social Sciences,2016,grad2,54.17,26,48
TR,eth,black,Social Sciences,2016,grad3,60.42,29,48
TR,eth,black,Social Sciences,2016,grad4,75.0,36,48
TR,eth,black,Social Sciences,2016,ret1,95.83,46,48
TR,eth,black,Social Sciences,2017,grad2,42.37,25,59
TR,eth,black,Social Sciences,2017,grad3,77.97,46,59
TR,eth,black,Social Sciences,2017,grad4,84.75,50,59
TR,eth,black,Social Sciences,2017,ret1,93.22,55,59
TR,eth,black,Social Sciences,2018,grad2,64.44,29,45
TR,eth,black,Social Sciences,2018,grad3,82.22,37,45
TR,eth,black,Social Sciences,2018,grad4,84.44,38,45
TR,eth,black,Social Sciences,2018,grad5,2.22,1,45
TR,eth,black,Social Sciences,2018,ret1,97.78,44,45
TR,eth,black,Social Sciences,2019,grad2,65.08,41,63
TR,eth,black,Social Sciences,2019,grad3,80.95,51,63
TR,eth,black,Social Sciences,2019,grad4,84.13,53,63
TR,eth,black,Social Sciences,2019,grad5,3.17,2,63
TR,eth,black,Social Sciences,2019,ret1,96.83,61,63
TR,eth,black,Social Sciences,2020,grad2,53.45,31,58
TR,eth,black,Social Sciences,2020,grad3,75.86,44,58
TR,eth,black,Social Sciences,2020,grad4,82.76,48,58
TR,eth,black,Social Sciences,2020,grad5,5.17,3,58
TR,eth,black,Social Sciences,2020,ret1,91.38,53,58
TR,eth,black,Social Sciences,2021,grad2,63.49,40,63
TR,eth,black,Social Sciences,2021,grad3,82.54,52,63
TR,eth,black,Social Sciences,2021,grad4,84.13,53,63
TR,eth,black,Social Sciences,2021,ret1,95.24,60,63
TR,eth,black,Social Sciences,2022,grad2,54.29,38,70
TR,eth,black,Social Sciences,2022,grad3,72.86,51,70
TR,eth,black,Social Sciences,2022,ret1,94.29,66,70
TR,eth,black,Social Sciences,2023,grad2,55.13,43,78
TR,eth,black,Social Sciences,2023,ret1,88.46,69,78
TR,eth,black,Social Sciences,2024,ret1,95.12,78,82
TR,eth,hispanic_latino,Arts & Humanities,2014,grad2,50.0,10,20
TR,eth,hispanic_latino,Arts & Humanities,2014,grad3,90.0,18,20
TR,eth,hispanic_latino,Arts & Humanities,2014,grad4,95.0,19,20
TR,eth,hispanic_latino,Arts & Humanities,2014,ret1,100.0,20,20
TR,eth,hispanic_latino,Arts & Humanities,2015,grad2,58.33,21,36
TR,eth,hispanic_latino,Arts & Humanities,2015,grad3,91.67,33,36
TR,eth,hispanic_latino,Arts & Humanities,2015,grad4,94.44,34,36
TR,eth,hispanic_latino,Arts & Humanities,2015,ret1,94.44,34,36
TR,eth,hispanic_latino,Arts & Humanities,2016,grad2,38.46,15,39
TR,eth,hispanic_latino,Arts & Humanities,2016,grad3,82.05,32,39
TR,eth,hispanic_latino,Arts & Humanities,2016,grad4,89.74,35,39
TR,eth,hispanic_latino,Arts & Humanities,2016,ret1,92.31,36,39
TR,eth,hispanic_latino,Arts & Humanities,2017,grad2,49.23,32,65
TR,eth,hispanic_latino,Arts & Humanities,2017,grad3,78.46,51,65
TR,eth,hispanic_latino,Arts & Humanities,2017,grad4,80.0,52,65
TR,eth,hispanic_latino,Arts & Humanities,2017,ret1,90.77,59,65
TR,eth,hispanic_latino,Arts & Humanities,2018,grad2,53.42,39,73
TR,eth,hispanic_latino,Arts & Humanities,2018,grad3,80.82,59,73
TR,eth,hispanic_latino,Arts & Humanities,2018,grad4,86.3,63,73
TR,eth,hispanic_latino,Arts & Humanities,2018,ret1,97.26,71,73
TR,eth,hispanic_latino,Arts & Humanities,2019,grad2,50.0,31,62
TR,eth,hispanic_latino,Arts & Humanities,2019,grad3,69.35,43,62
TR,eth,hispanic_latino,Arts & Humanities,2019,grad4,77.42,48,62
TR,eth,hispanic_latino,Arts & Humanities,2019,grad5,1.61,1,62
TR,eth,hispanic_latino,Arts & Humanities,2019,ret1,95.16,59,62
TR,eth,hispanic_latino,Arts & Humanities,2020,grad2,48.48,32,66
TR,eth,hispanic_latino,Arts & Humanities,2020,grad3,75.76,50,66
TR,eth,hispanic_latino,Arts & Humanities,2020,grad4,83.33,55,66
TR,eth,hispanic_latino,Arts & Humanities,2020,ret1,96.97,64,66
TR,eth,hispanic_latino,Arts & Humanities,2021,grad2,55.13,43,78
TR,eth,hispanic_latino,Arts & Humanities,2021,grad3,79.49,62,78
TR,eth,hispanic_latino,Arts & Humanities,2021,grad4,84.62,66,78
TR,eth,hispanic_latino,Arts & Humanities,2021,ret1,92.31,72,78
TR,eth,hispanic_latino,Arts & Humanities,2022,grad2,57.41,31,54
TR,eth,hispanic_latino,Arts & Humanities,2022,grad3,85.19,46,54
TR,eth,hispanic_latino,Arts & Humanities,2022,ret1,96.3,52,54
TR,eth,hispanic_latino,Arts & Humanities,2023,grad2,58.21,39,67
TR,eth,hispanic_latino,Arts & Humanities,2023,ret1,92.54,62,67
TR,eth,hispanic_latino,Arts & Humanities,2024,ret1,95.45,63,66
TR,eth,hispanic_latino,Biology,2014,grad2,34.92,22,63
TR,eth,hispanic_latino,Biology,2014,grad3,80.95,51,63
TR,eth,hispanic_latino,Biology,2014,grad4,93.65,59,63
TR,eth,hispanic_latino,Biology,2014,grad5,1.59,1,63
TR,eth,hispanic_latino,Biology,2014,ret1,98.41,62,63
TR,eth,hispanic_latino,Biology,2015,grad2,33.33,30,90
TR,eth,hispanic_latino,Biology,2015,grad3,66.67,60,90
TR,eth,hispanic_latino,Biology,2015,grad4,85.56,77,90
TR,eth,hispanic_latino,Biology,2015,ret1,88.89,80,90
TR,eth,hispanic_latino,Biology,2016,grad2,42.25,30,71
TR,eth,hispanic_latino,Biology,2016,grad3,76.06,54,71
TR,eth,hispanic_latino,Biology,2016,grad4,85.92,61,71
TR,eth,hispanic_latino,Biology,2016,ret1,97.18,69,71
TR,eth,hispanic_latino,Biology,2017,grad2,43.75,35,80
TR,eth,hispanic_latino,Biology,2017,grad3,81.25,65,80
TR,eth,hispanic_latino,Biology,2017,grad4,85.0,68,80
TR,eth,hispanic_latino,Biology,2017,ret1,92.5,74,80
TR,eth,hispanic_latino,Biology,2018,grad2,54.29,38,70
TR,eth,hispanic_latino,Biology,2018,grad3,87.14,61,70
TR,eth,hispanic_latino,Biology,2018,grad4,91.43,64,70
TR,eth,hispanic_latino,Biology,2018,grad5,2.86,2,70
TR,eth,hispanic_latino,Biology,2018,ret1,97.14,68,70
TR,eth,hispanic_latino,Biology,2019,grad2,73.75,59,80
TR,eth,hispanic_latino,Biology,2019,grad3,90.0,72,80
TR,eth,hispanic_latino,Biology,2019,grad4,92.5,74,80
TR,eth,hispanic_latino,Biology,2019,ret1,97.5,78,80
TR,eth,hispanic_latino,Biology,2020,grad2,77.63,59,76
TR,eth,hispanic_latino,Biology,2020,grad3,92.11,70,76
TR,eth,hispanic_latino,Biology,2020,grad4,92.11,70,76
TR,eth,hispanic_latino,Biology,2020,ret1,97.37,74,76
TR,eth,hispanic_latino,Biology,2021,grad2,57.26,71,124
TR,eth,hispanic_latino,Biology,2021,grad3,79.84,99,124
TR,eth,hispanic_latino,Biology,2021,grad4,86.29,107,124
TR,eth,hispanic_latino,Biology,2021,ret1,91.13,113,124
TR,eth,hispanic_latino,Biology,2022,grad2,59.7,40,67
TR,eth,hispanic_latino,Biology,2022,grad3,85.07,57,67
TR,eth,hispanic_latino,Biology,2022,ret1,98.51,66,67
TR,eth,hispanic_latino,Biology,2023,grad2,72.15,57,79
TR,eth,hispanic_latino,Biology,2023,ret1,93.67,74,79
TR,eth,hispanic_latino,Biology,2024,ret1,98.48,65,66
TR,eth,hispanic_latino,Engineering,2014,grad2,5.75,5,87
TR,eth,hispanic_latino,Engineering,2014,grad3,60.92,53,87
TR,eth,hispanic_latino,Engineering,2014,grad4,74.71,65,87
TR,eth,hispanic_latino,Engineering,2014,grad5,8.05,7,87
TR,eth,hispanic_latino,Engineering,2014,ret1,93.1,81,87
TR,eth,hispanic_latino,Engineering,2015,grad3,71.43,25,35
TR,eth,hispanic_latino,Engineering,2015,grad4,82.86,29,35
TR,eth,hispanic_latino,Engineering,2015,ret1,97.14,34,35
TR,eth,hispanic_latino,Engineering,2016,grad3,64.0,16,25
TR,eth,hispanic_latino,Engineering,2016,grad4,84.0,21,25
TR,eth,hispanic_latino,Engineering,2016,ret1,96.0,24,25
TR,eth,hispanic_latino,Engineering,2017,grad3,75.0,36,48
TR,eth,hispanic_latino,Engineering,2017,grad4,89.58,43,48
TR,eth,hispanic_latino,Engineering,2017,ret1,97.92,47,48
TR,eth,hispanic_latino,Engineering,2018,grad2,6.25,6,96
TR,eth,hispanic_latino,Engineering,2018,grad3,60.42,58,96
TR,eth,hispanic_latino,Engineering,2018,grad4,80.21,77,96
TR,eth,hispanic_latino,Engineering,2018,grad5,4.17,4,96
TR,eth,hispanic_latino,Engineering,2018,ret1,93.75,90,96
TR,eth,hispanic_latino,Engineering,2019,grad2,5.88,4,68
TR,eth,hispanic_latino,Engineering,2019,grad3,64.71,44,68
TR,eth,hispanic_latino,Engineering,2019,grad4,77.94,53,68
TR,eth,hispanic_latino,Engineering,2019,grad5,8.82,6,68
TR,eth,hispanic_latino,Engineering,2019,ret1,95.59,65,68
TR,eth,hispanic_latino,Engineering,2020,grad2,17.5,14,80
TR,eth,hispanic_latino,Engineering,2020,grad3,67.5,54,80
TR,eth,hispanic_latino,Engineering,2020,grad4,81.25,65,80
TR,eth,hispanic_latino,Engineering,2020,grad5,1.25,1,80
TR,eth,hispanic_latino,Engineering,2020,ret1,95.0,76,80
TR,eth,hispanic_latino,Engineering,2021,grad2,8.33,6,72
TR,eth,hispanic_latino,Engineering,2021,grad3,73.61,53,72
TR,eth,hispanic_latino,Engineering,2021,grad4,86.11,62,72
TR,eth,hispanic_latino,Engineering,2021,ret1,97.22,70,72
TR,eth,hispanic_latino,Engineering,2022,grad2,10.91,6,55
TR,eth,hispanic_latino,Engineering,2022,grad3,61.82,34,55
TR,eth,hispanic_latino,Engineering,2022,ret1,94.55,52,55
TR,eth,hispanic_latino,Engineering,2023,grad2,26.09,12,46
TR,eth,hispanic_latino,Engineering,2023,ret1,97.83,45,46
TR,eth,hispanic_latino,Engineering,2024,ret1,97.53,79,81
TR,eth,hispanic_latino,Global Policy & Strategy,2015,grad3,100.0,10,10
TR,eth,hispanic_latino,Global Policy & Strategy,2015,grad4,100.0,10,10
TR,eth,hispanic_latino,Global Policy & Strategy,2015,ret1,100.0,10,10
TR,eth,hispanic_latino,Global Policy & Strategy,2016,grad2,65.22,15,23
TR,eth,hispanic_latino,Global Policy & Strategy,2016,grad3,73.91,17,23
TR,eth,hispanic_latino,Global Policy & Strategy,2016,grad4,86.96,20,23
TR,eth,hispanic_latino,Global Policy & Strategy,2016,ret1,95.65,22,23
TR,eth,hispanic_latino,Global Policy & Strategy,2017,grad2,60.71,17,28
TR,eth,hispanic_latino,Global Policy & Strategy,2017,grad3,78.57,22,28
TR,eth,hispanic_latino,Global Policy & Strategy,2017,grad4,85.71,24,28
TR,eth,hispanic_latino,Global Policy & Strategy,2017,ret1,96.43,27,28
TR,eth,hispanic_latino,Global Policy & Strategy,2018,grad2,60.71,17,28
TR,eth,hispanic_latino,Global Policy & Strategy,2018,grad3,82.14,23,28
TR,eth,hispanic_latino,Global Policy & Strategy,2018,grad4,89.29,25,28
TR,eth,hispanic_latino,Global Policy & Strategy,2018,ret1,89.29,25,28
TR,eth,hispanic_latino,Global Policy & Strategy,2019,grad2,72.22,13,18
TR,eth,hispanic_latino,Global Policy & Strategy,2019,grad3,88.89,16,18
TR,eth,hispanic_latino,Global Policy & Strategy,2019,grad4,94.44,17,18
TR,eth,hispanic_latino,Global Policy & Strategy,2019,ret1,100.0,18,18
TR,eth,hispanic_latino,Global Policy & Strategy,2020,grad2,53.33,16,30
TR,eth,hispanic_latino,Global Policy & Strategy,2020,grad3,83.33,25,30
TR,eth,hispanic_latino,Global Policy & Strategy,2020,grad4,86.67,26,30
TR,eth,hispanic_latino,Global Policy & Strategy,2020,ret1,93.33,28,30
TR,eth,hispanic_latino,Global Policy & Strategy,2021,grad2,57.58,19,33
TR,eth,hispanic_latino,Global Policy & Strategy,2021,grad3,78.79,26,33
TR,eth,hispanic_latino,Global Policy & Strategy,2021,grad4,81.82,27,33
TR,eth,hispanic_latino,Global Policy & Strategy,2021,ret1,93.94,31,33
TR,eth,hispanic_latino,Global Policy & Strategy,2022,grad2,54.29,19,35
TR,eth,hispanic_latino,Global Policy & Strategy,2022,grad3,77.14,27,35
TR,eth,hispanic_latino,Global Policy & Strategy,2022,ret1,88.57,31,35
TR,eth,hispanic_latino,Global Policy & Strategy,2023,grad2,67.65,23,34
TR,eth,hispanic_latino,Global Policy & Strategy,2023,ret1,100.0,34,34
TR,eth,hispanic_latino,Global Policy & Strategy,2024,ret1,100.0,23,23
TR,eth,hispanic_latino,Physical Sciences,2014,grad2,17.24,5,29
TR,eth,hispanic_latino,Physical Sciences,2014,grad3,58.62,17,29
TR,eth,hispanic_latino,Physical Sciences,2014,grad4,82.76,24,29
TR,eth,hispanic_latino,Physical Sciences,2014,ret1,93.1,27,29
TR,eth,hispanic_latino,Physical Sciences,2015,grad2,23.29,17,73
TR,eth,hispanic_latino,Physical Sciences,2015,grad3,61.64,45,73
TR,eth,hispanic_latino,Physical Sciences,2015,grad4,73.97,54,73
TR,eth,hispanic_latino,Physical Sciences,2015,ret1,86.3,63,73
TR,eth,hispanic_latino,Physical Sciences,2016,grad2,31.11,14,45
TR,eth,hispanic_latino,Physical Sciences,2016,grad3,62.22,28,45
TR,eth,hispanic_latino,Physical Sciences,2016,grad4,84.44,38,45
TR,eth,hispanic_latino,Physical Sciences,2016,ret1,93.33,42,45
TR,eth,hispanic_latino,Physical Sciences,2017,grad2,32.14,18,56
TR,eth,hispanic_latino,Physical Sciences,2017,grad3,66.07,37,56
TR,eth,hispanic_latino,Physical Sciences,2017,grad4,73.21,41,56
TR,eth,hispanic_latino,Physical Sciences,2017,ret1,92.86,52,56
TR,eth,hispanic_latino,Physical Sciences,2018,grad2,33.33,15,45
TR,eth,hispanic_latino,Physical Sciences,2018,grad3,73.33,33,45
TR,eth,hispanic_latino,Physical Sciences,2018,grad4,75.56,34,45
TR,eth,hispanic_latino,Physical Sciences,2018,grad5,4.44,2,45
TR,eth,hispanic_latino,Physical Sciences,2018,ret1,93.33,42,45
TR,eth,hispanic_latino,Physical Sciences,2019,grad2,47.95,35,73
TR,eth,hispanic_latino,Physical Sciences,2019,grad3,83.56,61,73
TR,eth,hispanic_latino,Physical Sciences,2019,grad4,86.3,63,73
TR,eth,hispanic_latino,Physical Sciences,2019,grad5,1.37,1,73
TR,eth,hispanic_latino,Physical Sciences,2019,ret1,94.52,69,73
TR,eth,hispanic_latino,Physical Sciences,2020,grad2,41.82,23,55
TR,eth,hispanic_latino,Physical Sciences,2020,grad3,70.91,39,55
TR,eth,hispanic_latino,Physical Sciences,2020,grad4,74.55,41,55
TR,eth,hispanic_latino,Physical Sciences,2020,grad5,1.82,1,55
TR,eth,hispanic_latino,Physical Sciences,2020,ret1,87.27,48,55
TR,eth,hispanic_latino,Physical Sciences,2021,grad2,43.33,26,60
TR,eth,hispanic_latino,Physical Sciences,2021,grad3,78.33,47,60
TR,eth,hispanic_latino,Physical Sciences,2021,grad4,83.33,50,60
TR,eth,hispanic_latino,Physical Sciences,2021,ret1,90.0,54,60
TR,eth,hispanic_latino,Physical Sciences,2022,grad2,45.0,18,40
TR,eth,hispanic_latino,Physical Sciences,2022,grad3,67.5,27,40
TR,eth,hispanic_latino,Physical Sciences,2022,ret1,85.0,34,40
TR,eth,hispanic_latino,Physical Sciences,2023,grad2,53.12,17,32
TR,eth,hispanic_latino,Physical Sciences,2023,ret1,93.75,30,32
TR,eth,hispanic_latino,Physical Sciences,2024,ret1,95.74,45,47
TR,eth,hispanic_latino,Public Health (Wertheim),2020,grad2,81.82,18,22
TR,eth,hispanic_latino,Public Health (Wertheim),2020,grad3,95.45,21,22
TR,eth,hispanic_latino,Public Health (Wertheim),2020,grad4,95.45,21,22
TR,eth,hispanic_latino,Public Health (Wertheim),2020,ret1,100.0,22,22
TR,eth,hispanic_latino,Public Health (Wertheim),2021,grad2,82.35,14,17
TR,eth,hispanic_latino,Public Health (Wertheim),2021,grad3,88.24,15,17
TR,eth,hispanic_latino,Public Health (Wertheim),2021,grad4,88.24,15,17
TR,eth,hispanic_latino,Public Health (Wertheim),2021,ret1,94.12,16,17
TR,eth,hispanic_latino,Public Health (Wertheim),2022,grad2,71.43,20,28
TR,eth,hispanic_latino,Public Health (Wertheim),2022,grad3,89.29,25,28
TR,eth,hispanic_latino,Public Health (Wertheim),2022,ret1,96.43,27,28
TR,eth,hispanic_latino,Public Health (Wertheim),2023,grad2,60.0,9,15
TR,eth,hispanic_latino,Public Health (Wertheim),2023,ret1,93.33,14,15
TR,eth,hispanic_latino,Public Health (Wertheim),2024,ret1,100.0,22,22
TR,eth,hispanic_latino,Scripps Institution of Oceanography,2017,grad3,91.67,11,12
TR,eth,hispanic_latino,Scripps Institution of Oceanography,2017,grad4,91.67,11,12
TR,eth,hispanic_latino,Scripps Institution of Oceanography,2017,ret1,100.0,12,12
TR,eth,hispanic_latino,Scripps Institution of Oceanography,2018,grad2,29.17,7,24
TR,eth,hispanic_latino,Scripps Institution of Oceanography,2018,grad3,54.17,13,24
TR,eth,hispanic_latino,Scripps Institution of Oceanography,2018,grad4,58.33,14,24
TR,eth,hispanic_latino,Scripps Institution of Oceanography,2018,ret1,83.33,20,24
TR,eth,hispanic_latino,Scripps Institution of Oceanography,2019,grad2,43.75,7,16
TR,eth,hispanic_latino,Scripps Institution of Oceanography,2019,grad3,75.0,12,16
TR,eth,hispanic_latino,Scripps Institution of Oceanography,2019,grad4,75.0,12,16
TR,eth,hispanic_latino,Scripps Institution of Oceanography,2019,ret1,100.0,16,16
TR,eth,hispanic_latino,Scripps Institution of Oceanography,2020,grad2,58.82,10,17
TR,eth,hispanic_latino,Scripps Institution of Oceanography,2020,grad3,82.35,14,17
TR,eth,hispanic_latino,Scripps Institution of Oceanography,2020,grad4,94.12,16,17
TR,eth,hispanic_latino,Scripps Institution of Oceanography,2020,ret1,100.0,17,17
TR,eth,hispanic_latino,Scripps Institution of Oceanography,2021,grad2,36.84,7,19
TR,eth,hispanic_latino,Scripps Institution of Oceanography,2021,grad3,73.68,14,19
TR,eth,hispanic_latino,Scripps Institution of Oceanography,2021,grad4,78.95,15,19
TR,eth,hispanic_latino,Scripps Institution of Oceanography,2021,ret1,89.47,17,19
TR,eth,hispanic_latino,Scripps Institution of Oceanography,2022,grad2,55.88,19,34
TR,eth,hispanic_latino,Scripps Institution of Oceanography,2022,grad3,85.29,29,34
TR,eth,hispanic_latino,Scripps Institution of Oceanography,2022,ret1,94.12,32,34
TR,eth,hispanic_latino,Scripps Institution of Oceanography,2023,grad2,45.45,5,11
TR,eth,hispanic_latino,Scripps Institution of Oceanography,2023,ret1,90.91,10,11
TR,eth,hispanic_latino,Scripps Institution of Oceanography,2024,ret1,100.0,16,16
TR,eth,hispanic_latino,Social Sciences,2014,grad2,54.05,80,148
TR,eth,hispanic_latino,Social Sciences,2014,grad3,89.86,133,148
TR,eth,hispanic_latino,Social Sciences,2014,grad4,95.27,141,148
TR,eth,hispanic_latino,Social Sciences,2014,grad5,1.35,2,148
TR,eth,hispanic_latino,Social Sciences,2014,ret1,97.3,144,148
TR,eth,hispanic_latino,Social Sciences,2015,grad2,56.77,88,155
TR,eth,hispanic_latino,Social Sciences,2015,grad3,85.16,132,155
TR,eth,hispanic_latino,Social Sciences,2015,grad4,90.97,141,155
TR,eth,hispanic_latino,Social Sciences,2015,ret1,94.84,147,155
TR,eth,hispanic_latino,Social Sciences,2016,grad2,56.44,92,163
TR,eth,hispanic_latino,Social Sciences,2016,grad3,77.91,127,163
TR,eth,hispanic_latino,Social Sciences,2016,grad4,85.28,139,163
TR,eth,hispanic_latino,Social Sciences,2016,ret1,94.48,154,163
TR,eth,hispanic_latino,Social Sciences,2017,grad2,55.17,144,261
TR,eth,hispanic_latino,Social Sciences,2017,grad3,81.23,212,261
TR,eth,hispanic_latino,Social Sciences,2017,grad4,87.36,228,261
TR,eth,hispanic_latino,Social Sciences,2017,ret1,93.49,244,261
TR,eth,hispanic_latino,Social Sciences,2018,grad2,55.36,155,280
TR,eth,hispanic_latino,Social Sciences,2018,grad3,76.07,213,280
TR,eth,hispanic_latino,Social Sciences,2018,grad4,81.43,228,280
TR,eth,hispanic_latino,Social Sciences,2018,grad5,1.07,3,280
TR,eth,hispanic_latino,Social Sciences,2018,ret1,91.07,255,280
TR,eth,hispanic_latino,Social Sciences,2019,grad2,70.31,225,320
TR,eth,hispanic_latino,Social Sciences,2019,grad3,84.69,271,320
TR,eth,hispanic_latino,Social Sciences,2019,grad4,87.5,280,320
TR,eth,hispanic_latino,Social Sciences,2019,grad5,2.5,8,320
TR,eth,hispanic_latino,Social Sciences,2019,ret1,95.62,306,320
TR,eth,hispanic_latino,Social Sciences,2020,grad2,58.48,169,289
TR,eth,hispanic_latino,Social Sciences,2020,grad3,76.12,220,289
TR,eth,hispanic_latino,Social Sciences,2020,grad4,81.66,236,289
TR,eth,hispanic_latino,Social Sciences,2020,grad5,1.73,5,289
TR,eth,hispanic_latino,Social Sciences,2020,ret1,90.31,261,289
TR,eth,hispanic_latino,Social Sciences,2021,grad2,60.67,216,356
TR,eth,hispanic_latino,Social Sciences,2021,grad3,76.69,273,356
TR,eth,hispanic_latino,Social Sciences,2021,grad4,82.02,292,356
TR,eth,hispanic_latino,Social Sciences,2021,ret1,89.33,318,356
TR,eth,hispanic_latino,Social Sciences,2022,grad2,64.4,246,382
TR,eth,hispanic_latino,Social Sciences,2022,grad3,77.75,297,382
TR,eth,hispanic_latino,Social Sciences,2022,ret1,92.41,353,382
TR,eth,hispanic_latino,Social Sciences,2023,grad2,65.07,244,375
TR,eth,hispanic_latino,Social Sciences,2023,ret1,93.33,350,375
TR,eth,hispanic_latino,Social Sciences,2024,ret1,93.33,406,435
TR,eth,hispanic_latino,Special,2016,grad3,50.0,21,42
TR,eth,hispanic_latino,Special,2016,grad4,71.43,30,42
TR,eth,hispanic_latino,Special,2016,ret1,85.71,36,42
TR,eth,international,Arts & Humanities,2014,grad2,50.0,5,10
TR,eth,international,Arts & Humanities,2014,grad3,30.0,3,10
TR,eth,international,Arts & Humanities,2014,grad4,100.0,10,10
TR,eth,international,Arts & Humanities,2014,ret1,100.0,10,10
TR,eth,international,Arts & Humanities,2015,grad2,58.82,10,17
TR,eth,international,Arts & Humanities,2015,grad3,82.35,14,17
TR,eth,international,Arts & Humanities,2015,grad4,88.24,15,17
TR,eth,international,Arts & Humanities,2015,ret1,88.24,15,17
TR,eth,international,Arts & Humanities,2016,grad2,40.0,12,30
TR,eth,international,Arts & Humanities,2016,grad3,86.67,26,30
TR,eth,international,Arts & Humanities,2016,grad4,90.0,27,30
TR,eth,international,Arts & Humanities,2016,ret1,93.33,28,30
TR,eth,international,Arts & Humanities,2017,grad2,67.86,19,28
TR,eth,international,Arts & Humanities,2017,grad3,92.86,26,28
TR,eth,international,Arts & Humanities,2017,grad4,92.86,26,28
TR,eth,international,Arts & Humanities,2017,ret1,96.43,27,28
TR,eth,international,Arts & Humanities,2018,grad2,80.0,32,40
TR,eth,international,Arts & Humanities,2018,grad3,95.0,38,40
TR,eth,international,Arts & Humanities,2018,grad4,95.0,38,40
TR,eth,international,Arts & Humanities,2018,ret1,97.5,39,40
TR,eth,international,Arts & Humanities,2019,grad2,63.89,23,36
TR,eth,international,Arts & Humanities,2019,grad3,83.33,30,36
TR,eth,international,Arts & Humanities,2019,grad4,83.33,30,36
TR,eth,international,Arts & Humanities,2019,grad5,2.78,1,36
TR,eth,international,Arts & Humanities,2019,ret1,83.33,30,36
TR,eth,international,Arts & Humanities,2020,grad2,45.95,17,37
TR,eth,international,Arts & Humanities,2020,grad3,81.08,30,37
TR,eth,international,Arts & Humanities,2020,grad4,89.19,33,37
TR,eth,international,Arts & Humanities,2020,grad5,8.11,3,37
TR,eth,international,Arts & Humanities,2020,ret1,78.38,29,37
TR,eth,international,Arts & Humanities,2021,grad2,56.0,14,25
TR,eth,international,Arts & Humanities,2021,grad3,88.0,22,25
TR,eth,international,Arts & Humanities,2021,grad4,92.0,23,25
TR,eth,international,Arts & Humanities,2021,ret1,80.0,20,25
TR,eth,international,Arts & Humanities,2023,grad2,56.25,9,16
TR,eth,international,Arts & Humanities,2023,ret1,75.0,12,16
TR,eth,international,Arts & Humanities,2024,ret1,90.0,18,20
TR,eth,international,Biology,2014,grad2,53.33,8,15
TR,eth,international,Biology,2014,grad3,86.67,13,15
TR,eth,international,Biology,2014,grad4,93.33,14,15
TR,eth,international,Biology,2014,ret1,100.0,15,15
TR,eth,international,Biology,2015,grad2,68.42,13,19
TR,eth,international,Biology,2015,grad3,100.0,19,19
TR,eth,international,Biology,2015,grad4,100.0,19,19
TR,eth,international,Biology,2015,ret1,100.0,19,19
TR,eth,international,Biology,2016,grad2,50.0,10,20
TR,eth,international,Biology,2016,grad3,70.0,14,20
TR,eth,international,Biology,2016,grad4,70.0,14,20
TR,eth,international,Biology,2016,ret1,100.0,20,20
TR,eth,international,Biology,2017,grad2,83.33,10,12
TR,eth,international,Biology,2017,grad3,100.0,12,12
TR,eth,international,Biology,2017,grad4,100.0,12,12
TR,eth,international,Biology,2017,ret1,100.0,12,12
TR,eth,international,Biology,2019,grad2,68.18,15,22
TR,eth,international,Biology,2019,grad3,81.82,18,22
TR,eth,international,Biology,2019,grad4,90.91,20,22
TR,eth,international,Biology,2019,ret1,77.27,17,22
TR,eth,international,Biology,2020,grad2,52.63,10,19
TR,eth,international,Biology,2020,grad3,89.47,17,19
TR,eth,international,Biology,2020,grad4,89.47,17,19
TR,eth,international,Biology,2020,grad5,5.26,1,19
TR,eth,international,Biology,2020,ret1,84.21,16,19
TR,eth,international,Biology,2021,grad2,78.57,11,14
TR,eth,international,Biology,2021,grad3,100.0,14,14
TR,eth,international,Biology,2021,grad4,100.0,14,14
TR,eth,international,Biology,2021,ret1,100.0,14,14
TR,eth,international,Biology,2024,ret1,91.3,21,23
TR,eth,international,Engineering,2014,grad2,16.88,13,77
TR,eth,international,Engineering,2014,grad3,83.12,64,77
TR,eth,international,Engineering,2014,grad4,89.61,69,77
TR,eth,international,Engineering,2014,grad5,5.19,4,77
TR,eth,international,Engineering,2014,ret1,93.51,72,77
TR,eth,international,Engineering,2015,grad3,83.02,44,53
TR,eth,international,Engineering,2015,grad4,90.57,48,53
TR,eth,international,Engineering,2015,ret1,98.11,52,53
TR,eth,international,Engineering,2016,grad2,15.71,11,70
TR,eth,international,Engineering,2016,grad3,75.71,53,70
TR,eth,international,Engineering,2016,grad4,90.0,63,70
TR,eth,international,Engineering,2016,ret1,91.43,64,70
TR,eth,international,Engineering,2017,grad2,23.96,23,96
TR,eth,international,Engineering,2017,grad3,84.38,81,96
TR,eth,international,Engineering,2017,grad4,87.5,84,96
TR,eth,international,Engineering,2017,ret1,90.62,87,96
TR,eth,international,Engineering,2018,grad2,25.0,10,40
TR,eth,international,Engineering,2018,grad3,82.5,33,40
TR,eth,international,Engineering,2018,grad4,90.0,36,40
TR,eth,international,Engineering,2018,grad5,5.0,2,40
TR,eth,international,Engineering,2018,ret1,95.0,38,40
TR,eth,international,Engineering,2019,grad2,34.18,27,79
TR,eth,international,Engineering,2019,grad3,83.54,66,79
TR,eth,international,Engineering,2019,grad4,92.41,73,79
TR,eth,international,Engineering,2019,grad5,2.53,2,79
TR,eth,international,Engineering,2019,ret1,89.87,71,79
TR,eth,international,Engineering,2020,grad2,39.53,34,86
TR,eth,international,Engineering,2020,grad3,80.23,69,86
TR,eth,international,Engineering,2020,grad4,87.21,75,86
TR,eth,international,Engineering,2020,grad5,4.65,4,86
TR,eth,international,Engineering,2020,ret1,84.88,73,86
TR,eth,international,Engineering,2021,grad2,38.03,27,71
TR,eth,international,Engineering,2021,grad3,85.92,61,71
TR,eth,international,Engineering,2021,grad4,97.18,69,71
TR,eth,international,Engineering,2021,ret1,94.37,67,71
TR,eth,international,Engineering,2022,grad2,21.88,7,32
TR,eth,international,Engineering,2022,grad3,84.38,27,32
TR,eth,international,Engineering,2022,ret1,87.5,28,32
TR,eth,international,Engineering,2023,grad2,32.26,10,31
TR,eth,international,Engineering,2023,ret1,90.32,28,31
TR,eth,international,Engineering,2024,ret1,96.97,64,66
TR,eth,international,Global Policy & Strategy,2014,grad2,70.0,7,10
TR,eth,international,Global Policy & Strategy,2014,grad3,20.0,2,10
TR,eth,international,Global Policy & Strategy,2014,ret1,100.0,10,10
TR,eth,international,Global Policy & Strategy,2015,grad2,72.0,18,25
TR,eth,international,Global Policy & Strategy,2015,grad3,92.0,23,25
TR,eth,international,Global Policy & Strategy,2015,grad4,92.0,23,25
TR,eth,international,Global Policy & Strategy,2015,ret1,92.0,23,25
TR,eth,international,Global Policy & Strategy,2016,grad2,69.05,58,84
TR,eth,international,Global Policy & Strategy,2016,grad3,95.24,80,84
TR,eth,international,Global Policy & Strategy,2016,grad4,97.62,82,84
TR,eth,international,Global Policy & Strategy,2016,ret1,94.05,79,84
TR,eth,international,Global Policy & Strategy,2017,grad2,82.81,53,64
TR,eth,international,Global Policy & Strategy,2017,grad3,90.62,58,64
TR,eth,international,Global Policy & Strategy,2017,grad4,95.31,61,64
TR,eth,international,Global Policy & Strategy,2017,ret1,90.62,58,64
TR,eth,international,Global Policy & Strategy,2018,grad2,82.82,135,163
TR,eth,international,Global Policy & Strategy,2018,grad3,93.87,153,163
TR,eth,international,Global Policy & Strategy,2018,grad4,93.87,153,163
TR,eth,international,Global Policy & Strategy,2018,grad5,1.23,2,163
TR,eth,international,Global Policy & Strategy,2018,ret1,90.8,148,163
TR,eth,international,Global Policy & Strategy,2019,grad2,77.78,77,99
TR,eth,international,Global Policy & Strategy,2019,grad3,89.9,89,99
TR,eth,international,Global Policy & Strategy,2019,grad4,90.91,90,99
TR,eth,international,Global Policy & Strategy,2019,grad5,1.01,1,99
TR,eth,international,Global Policy & Strategy,2019,ret1,89.9,89,99
TR,eth,international,Global Policy & Strategy,2020,grad2,64.44,87,135
TR,eth,international,Global Policy & Strategy,2020,grad3,80.74,109,135
TR,eth,international,Global Policy & Strategy,2020,grad4,84.44,114,135
TR,eth,international,Global Policy & Strategy,2020,grad5,1.48,2,135
TR,eth,international,Global Policy & Strategy,2020,ret1,80.74,109,135
TR,eth,international,Global Policy & Strategy,2021,grad2,70.37,76,108
TR,eth,international,Global Policy & Strategy,2021,grad3,84.26,91,108
TR,eth,international,Global Policy & Strategy,2021,grad4,85.19,92,108
TR,eth,international,Global Policy & Strategy,2021,ret1,83.33,90,108
TR,eth,international,Global Policy & Strategy,2022,grad2,70.69,41,58
TR,eth,international,Global Policy & Strategy,2022,grad3,86.21,50,58
TR,eth,international,Global Policy & Strategy,2022,ret1,96.55,56,58
TR,eth,international,Global Policy & Strategy,2023,grad2,53.33,16,30
TR,eth,international,Global Policy & Strategy,2023,ret1,90.0,27,30
TR,eth,international,Global Policy & Strategy,2024,ret1,82.69,43,52
TR,eth,international,Halicioğlu Data Science Institute,2023,grad2,6.67,1,15
TR,eth,international,Halicioğlu Data Science Institute,2023,ret1,86.67,13,15
TR,eth,international,Halicioğlu Data Science Institute,2024,ret1,92.11,35,38
TR,eth,international,Physical Sciences,2014,grad2,29.41,5,17
TR,eth,international,Physical Sciences,2014,grad3,76.47,13,17
TR,eth,international,Physical Sciences,2014,grad4,88.24,15,17
TR,eth,international,Physical Sciences,2014,grad5,5.88,1,17
TR,eth,international,Physical Sciences,2014,ret1,94.12,16,17
TR,eth,international,Physical Sciences,2015,grad2,45.31,29,64
TR,eth,international,Physical Sciences,2015,grad3,84.38,54,64
TR,eth,international,Physical Sciences,2015,grad4,90.62,58,64
TR,eth,international,Physical Sciences,2015,ret1,93.75,60,64
TR,eth,international,Physical Sciences,2016,grad2,53.75,43,80
TR,eth,international,Physical Sciences,2016,grad3,83.75,67,80
TR,eth,international,Physical Sciences,2016,grad4,88.75,71,80
TR,eth,international,Physical Sciences,2016,ret1,91.25,73,80
TR,eth,international,Physical Sciences,2017,grad2,56.52,26,46
TR,eth,international,Physical Sciences,2017,grad3,89.13,41,46
TR,eth,international,Physical Sciences,2017,grad4,93.48,43,46
TR,eth,international,Physical Sciences,2017,ret1,84.78,39,46
TR,eth,international,Physical Sciences,2018,grad2,69.57,48,69
TR,eth,international,Physical Sciences,2018,grad3,86.96,60,69
TR,eth,international,Physical Sciences,2018,grad4,89.86,62,69
TR,eth,international,Physical Sciences,2018,grad5,2.9,2,69
TR,eth,international,Physical Sciences,2018,ret1,91.3,63,69
TR,eth,international,Physical Sciences,2019,grad2,70.54,79,112
TR,eth,international,Physical Sciences,2019,grad3,91.07,102,112
TR,eth,international,Physical Sciences,2019,grad4,94.64,106,112
TR,eth,international,Physical Sciences,2019,grad5,1.79,2,112
TR,eth,international,Physical Sciences,2019,ret1,95.54,107,112
TR,eth,international,Physical Sciences,2020,grad2,56.98,49,86
TR,eth,international,Physical Sciences,2020,grad3,83.72,72,86
TR,eth,international,Physical Sciences,2020,grad4,89.53,77,86
TR,eth,international,Physical Sciences,2020,grad5,2.33,2,86
TR,eth,international,Physical Sciences,2020,ret1,79.07,68,86
TR,eth,international,Physical Sciences,2021,grad2,60.58,63,104
TR,eth,international,Physical Sciences,2021,grad3,83.65,87,104
TR,eth,international,Physical Sciences,2021,grad4,87.5,91,104
TR,eth,international,Physical Sciences,2021,ret1,88.46,92,104
TR,eth,international,Physical Sciences,2022,grad2,68.18,15,22
TR,eth,international,Physical Sciences,2022,grad3,90.91,20,22
TR,eth,international,Physical Sciences,2022,ret1,81.82,18,22
TR,eth,international,Physical Sciences,2023,grad2,64.1,25,39
TR,eth,international,Physical Sciences,2023,ret1,89.74,35,39
TR,eth,international,Physical Sciences,2024,ret1,85.25,52,61
TR,eth,international,Social Sciences,2014,grad2,79.39,262,330
TR,eth,international,Social Sciences,2014,grad3,93.94,310,330
TR,eth,international,Social Sciences,2014,grad4,96.06,317,330
TR,eth,international,Social Sciences,2014,grad5,0.3,1,330
TR,eth,international,Social Sciences,2014,ret1,92.42,305,330
TR,eth,international,Social Sciences,2015,grad2,73.08,247,338
TR,eth,international,Social Sciences,2015,grad3,89.05,301,338
TR,eth,international,Social Sciences,2015,grad4,91.42,309,338
TR,eth,international,Social Sciences,2015,ret1,89.94,304,338
TR,eth,international,Social Sciences,2016,grad2,71.05,243,342
TR,eth,international,Social Sciences,2016,grad3,88.6,303,342
TR,eth,international,Social Sciences,2016,grad4,92.69,317,342
TR,eth,international,Social Sciences,2016,ret1,92.98,318,342
TR,eth,international,Social Sciences,2017,grad2,75.1,184,245
TR,eth,international,Social Sciences,2017,grad3,89.8,220,245
TR,eth,international,Social Sciences,2017,grad4,92.24,226,245
TR,eth,international,Social Sciences,2017,ret1,89.39,219,245
TR,eth,international,Social Sciences,2018,grad2,76.86,176,229
TR,eth,international,Social Sciences,2018,grad3,90.83,208,229
TR,eth,international,Social Sciences,2018,grad4,92.14,211,229
TR,eth,international,Social Sciences,2018,grad5,1.31,3,229
TR,eth,international,Social Sciences,2018,ret1,91.7,210,229
TR,eth,international,Social Sciences,2019,grad2,76.03,241,317
TR,eth,international,Social Sciences,2019,grad3,90.22,286,317
TR,eth,international,Social Sciences,2019,grad4,93.69,297,317
TR,eth,international,Social Sciences,2019,grad5,0.95,3,317
TR,eth,international,Social Sciences,2019,ret1,91.8,291,317
TR,eth,international,Social Sciences,2020,grad2,73.35,267,364
TR,eth,international,Social Sciences,2020,grad3,89.01,324,364
TR,eth,international,Social Sciences,2020,grad4,91.76,334,364
TR,eth,international,Social Sciences,2020,grad5,1.65,6,364
TR,eth,international,Social Sciences,2020,ret1,86.54,315,364
TR,eth,international,Social Sciences,2021,grad2,72.83,260,357
TR,eth,international,Social Sciences,2021,grad3,86.55,309,357
TR,eth,international,Social Sciences,2021,grad4,89.64,320,357
TR,eth,international,Social Sciences,2021,ret1,88.8,317,357
TR,eth,international,Social Sciences,2022,grad2,74.38,119,160
TR,eth,international,Social Sciences,2022,grad3,91.25,146,160
TR,eth,international,Social Sciences,2022,ret1,96.25,154,160
TR,eth,international,Social Sciences,2023,grad2,72.57,127,175
TR,eth,international,Social Sciences,2023,ret1,92.57,162,175
TR,eth,international,Social Sciences,2024,ret1,91.26,261,286
TR,eth,international,Special,2016,grad3,64.71,22,34
TR,eth,international,Special,2016,grad4,79.41,27,34
TR,eth,international,Special,2016,ret1,85.29,29,34
TR,eth,unknown,Arts & Humanities,2014,grad2,10.0,1,10
TR,eth,unknown,Arts & Humanities,2014,grad3,60.0,6,10
TR,eth,unknown,Arts & Humanities,2014,grad4,20.0,2,10
TR,eth,unknown,Arts & Humanities,2014,grad5,10.0,1,10
TR,eth,unknown,Arts & Humanities,2014,ret1,100.0,10,10
TR,eth,unknown,Biology,2014,grad2,50.0,6,12
TR,eth,unknown,Biology,2014,grad3,25.0,3,12
TR,eth,unknown,Biology,2014,grad4,83.33,10,12
TR,eth,unknown,Biology,2014,ret1,83.33,10,12
TR,eth,unknown,Biology,2015,grad3,85.71,12,14
TR,eth,unknown,Biology,2015,grad4,92.86,13,14
TR,eth,unknown,Biology,2015,ret1,100.0,14,14
TR,eth,unknown,Engineering,2014,grad3,54.55,12,22
TR,eth,unknown,Engineering,2014,grad4,77.27,17,22
TR,eth,unknown,Engineering,2014,grad5,13.64,3,22
TR,eth,unknown,Engineering,2014,ret1,95.45,21,22
TR,eth,unknown,Engineering,2015,ret1,100.0,10,10
TR,eth,unknown,Engineering,2017,ret1,92.31,12,13
TR,eth,unknown,Engineering,2018,grad2,10.0,2,20
TR,eth,unknown,Engineering,2018,grad3,60.0,12,20
TR,eth,unknown,Engineering,2018,grad4,65.0,13,20
TR,eth,unknown,Engineering,2018,ret1,80.0,16,20
TR,eth,unknown,Engineering,2020,grad2,21.43,3,14
TR,eth,unknown,Engineering,2020,grad3,35.71,5,14
TR,eth,unknown,Engineering,2020,grad4,71.43,10,14
TR,eth,unknown,Engineering,2020,grad5,7.14,1,14
TR,eth,unknown,Engineering,2020,ret1,85.71,12,14
TR,eth,unknown,Engineering,2022,grad2,40.0,4,10
TR,eth,unknown,Engineering,2022,grad3,20.0,2,10
TR,eth,unknown,Engineering,2022,ret1,100.0,10,10
TR,eth,unknown,Engineering,2023,grad2,40.0,4,10
TR,eth,unknown,Engineering,2024,ret1,100.0,18,18
TR,eth,unknown,Social Sciences,2014,grad2,51.72,15,29
TR,eth,unknown,Social Sciences,2014,grad3,75.86,22,29
TR,eth,unknown,Social Sciences,2014,grad4,86.21,25,29
TR,eth,unknown,Social Sciences,2014,ret1,93.1,27,29
TR,eth,unknown,Social Sciences,2015,grad2,63.64,21,33
TR,eth,unknown,Social Sciences,2015,grad3,78.79,26,33
TR,eth,unknown,Social Sciences,2015,grad4,84.85,28,33
TR,eth,unknown,Social Sciences,2015,ret1,87.88,29,33
TR,eth,unknown,Social Sciences,2016,grad2,65.22,15,23
TR,eth,unknown,Social Sciences,2016,grad3,78.26,18,23
TR,eth,unknown,Social Sciences,2016,grad4,86.96,20,23
TR,eth,unknown,Social Sciences,2016,ret1,91.3,21,23
TR,eth,unknown,Social Sciences,2017,grad2,57.14,20,35
TR,eth,unknown,Social Sciences,2017,grad3,71.43,25,35
TR,eth,unknown,Social Sciences,2017,grad4,77.14,27,35
TR,eth,unknown,Social Sciences,2017,ret1,85.71,30,35
TR,eth,unknown,Social Sciences,2018,grad2,35.0,7,20
TR,eth,unknown,Social Sciences,2018,grad3,80.0,16,20
TR,eth,unknown,Social Sciences,2018,grad4,85.0,17,20
TR,eth,unknown,Social Sciences,2018,ret1,85.0,17,20
TR,eth,unknown,Social Sciences,2019,grad2,65.22,15,23
TR,eth,unknown,Social Sciences,2019,grad3,86.96,20,23
TR,eth,unknown,Social Sciences,2019,grad4,86.96,20,23
TR,eth,unknown,Social Sciences,2019,ret1,91.3,21,23
TR,eth,unknown,Social Sciences,2020,grad2,56.1,23,41
TR,eth,unknown,Social Sciences,2020,grad3,78.05,32,41
TR,eth,unknown,Social Sciences,2020,grad4,80.49,33,41
TR,eth,unknown,Social Sciences,2020,grad5,2.44,1,41
TR,eth,unknown,Social Sciences,2020,ret1,82.93,34,41
TR,eth,unknown,Social Sciences,2021,grad2,71.43,20,28
TR,eth,unknown,Social Sciences,2021,grad3,82.14,23,28
TR,eth,unknown,Social Sciences,2021,grad4,85.71,24,28
TR,eth,unknown,Social Sciences,2021,ret1,96.43,27,28
TR,eth,unknown,Social Sciences,2022,grad2,63.64,14,22
TR,eth,unknown,Social Sciences,2022,grad3,86.36,19,22
TR,eth,unknown,Social Sciences,2022,ret1,95.45,21,22
TR,eth,unknown,Social Sciences,2023,grad2,54.84,17,31
TR,eth,unknown,Social Sciences,2023,ret1,87.1,27,31
TR,eth,unknown,Social Sciences,2024,ret1,97.06,33,34
TR,eth,white,Arts & Humanities,2014,grad2,43.18,19,44
TR,eth,white,Arts & Humanities,2014,grad3,81.82,36,44
TR,eth,white,Arts & Humanities,2014,grad4,86.36,38,44
TR,eth,white,Arts & Humanities,2014,grad5,4.55,2,44
TR,eth,white,Arts & Humanities,2014,ret1,97.73,43,44
TR,eth,white,Arts & Humanities,2015,grad2,61.67,37,60
TR,eth,white,Arts & Humanities,2015,grad3,88.33,53,60
TR,eth,white,Arts & Humanities,2015,grad4,91.67,55,60
TR,eth,white,Arts & Humanities,2015,ret1,95.0,57,60
TR,eth,white,Arts & Humanities,2016,grad2,42.22,19,45
TR,eth,white,Arts & Humanities,2016,grad3,82.22,37,45
TR,eth,white,Arts & Humanities,2016,grad4,84.44,38,45
TR,eth,white,Arts & Humanities,2016,ret1,88.89,40,45
TR,eth,white,Arts & Humanities,2017,grad2,60.81,45,74
TR,eth,white,Arts & Humanities,2017,grad3,77.03,57,74
TR,eth,white,Arts & Humanities,2017,grad4,85.14,63,74
TR,eth,white,Arts & Humanities,2017,ret1,94.59,70,74
TR,eth,white,Arts & Humanities,2018,grad2,56.94,41,72
TR,eth,white,Arts & Humanities,2018,grad3,79.17,57,72
TR,eth,white,Arts & Humanities,2018,grad4,83.33,60,72
TR,eth,white,Arts & Humanities,2018,grad5,2.78,2,72
TR,eth,white,Arts & Humanities,2018,ret1,91.67,66,72
TR,eth,white,Arts & Humanities,2019,grad2,57.35,39,68
TR,eth,white,Arts & Humanities,2019,grad3,73.53,50,68
TR,eth,white,Arts & Humanities,2019,grad4,77.94,53,68
TR,eth,white,Arts & Humanities,2019,ret1,91.18,62,68
TR,eth,white,Arts & Humanities,2020,grad2,51.52,34,66
TR,eth,white,Arts & Humanities,2020,grad3,81.82,54,66
TR,eth,white,Arts & Humanities,2020,grad4,86.36,57,66
TR,eth,white,Arts & Humanities,2020,ret1,84.85,56,66
TR,eth,white,Arts & Humanities,2021,grad2,58.23,46,79
TR,eth,white,Arts & Humanities,2021,grad3,74.68,59,79
TR,eth,white,Arts & Humanities,2021,grad4,81.01,64,79
TR,eth,white,Arts & Humanities,2021,ret1,93.67,74,79
TR,eth,white,Arts & Humanities,2022,grad2,63.49,40,63
TR,eth,white,Arts & Humanities,2022,grad3,82.54,52,63
TR,eth,white,Arts & Humanities,2022,ret1,93.65,59,63
TR,eth,white,Arts & Humanities,2023,grad2,63.51,47,74
TR,eth,white,Arts & Humanities,2023,ret1,91.89,68,74
TR,eth,white,Arts & Humanities,2024,ret1,94.64,53,56
TR,eth,white,Biology,2014,grad2,39.32,46,117
TR,eth,white,Biology,2014,grad3,84.62,99,117
TR,eth,white,Biology,2014,grad4,90.6,106,117
TR,eth,white,Biology,2014,grad5,1.71,2,117
TR,eth,white,Biology,2014,ret1,95.73,112,117
TR,eth,white,Biology,2015,grad2,44.79,73,163
TR,eth,white,Biology,2015,grad3,79.14,129,163
TR,eth,white,Biology,2015,grad4,87.12,142,163
TR,eth,white,Biology,2015,ret1,93.25,152,163
TR,eth,white,Biology,2016,grad2,43.92,65,148
TR,eth,white,Biology,2016,grad3,79.05,117,148
TR,eth,white,Biology,2016,grad4,88.51,131,148
TR,eth,white,Biology,2016,ret1,93.92,139,148
TR,eth,white,Biology,2017,grad2,58.59,58,99
TR,eth,white,Biology,2017,grad3,79.8,79,99
TR,eth,white,Biology,2017,grad4,87.88,87,99
TR,eth,white,Biology,2017,ret1,94.95,94,99
TR,eth,white,Biology,2018,grad2,44.04,48,109
TR,eth,white,Biology,2018,grad3,85.32,93,109
TR,eth,white,Biology,2018,grad4,89.91,98,109
TR,eth,white,Biology,2018,grad5,0.92,1,109
TR,eth,white,Biology,2018,ret1,96.33,105,109
TR,eth,white,Biology,2019,grad2,75.89,85,112
TR,eth,white,Biology,2019,grad3,93.75,105,112
TR,eth,white,Biology,2019,grad4,94.64,106,112
TR,eth,white,Biology,2019,ret1,96.43,108,112
TR,eth,white,Biology,2020,grad2,67.03,61,91
TR,eth,white,Biology,2020,grad3,84.62,77,91
TR,eth,white,Biology,2020,grad4,90.11,82,91
TR,eth,white,Biology,2020,grad5,3.3,3,91
TR,eth,white,Biology,2020,ret1,98.9,90,91
TR,eth,white,Biology,2021,grad2,65.33,98,150
TR,eth,white,Biology,2021,grad3,83.33,125,150
TR,eth,white,Biology,2021,grad4,89.33,134,150
TR,eth,white,Biology,2021,ret1,96.0,144,150
TR,eth,white,Biology,2022,grad2,70.8,80,113
TR,eth,white,Biology,2022,grad3,89.38,101,113
TR,eth,white,Biology,2022,ret1,95.58,108,113
TR,eth,white,Biology,2023,grad2,76.92,70,91
TR,eth,white,Biology,2023,ret1,96.7,88,91
TR,eth,white,Biology,2024,ret1,98.99,98,99
TR,eth,white,Engineering,2014,grad2,4.95,10,202
TR,eth,white,Engineering,2014,grad3,59.9,121,202
TR,eth,white,Engineering,2014,grad4,78.22,158,202
TR,eth,white,Engineering,2014,grad5,3.47,7,202
TR,eth,white,Engineering,2014,ret1,90.1,182,202
TR,eth,white,Engineering,2015,grad3,70.67,53,75
TR,eth,white,Engineering,2015,grad4,88.0,66,75
TR,eth,white,Engineering,2015,ret1,94.67,71,75
TR,eth,white,Engineering,2016,grad3,77.03,57,74
TR,eth,white,Engineering,2016,grad4,87.84,65,74
TR,eth,white,Engineering,2016,ret1,93.24,69,74
TR,eth,white,Engineering,2017,grad2,12.5,14,112
TR,eth,white,Engineering,2017,grad3,67.86,76,112
TR,eth,white,Engineering,2017,grad4,83.04,93,112
TR,eth,white,Engineering,2017,ret1,93.75,105,112
TR,eth,white,Engineering,2018,grad2,13.41,24,179
TR,eth,white,Engineering,2018,grad3,75.98,136,179
TR,eth,white,Engineering,2018,grad4,88.83,159,179
TR,eth,white,Engineering,2018,grad5,4.47,8,179
TR,eth,white,Engineering,2018,ret1,94.97,170,179
TR,eth,white,Engineering,2019,grad2,24.71,21,85
TR,eth,white,Engineering,2019,grad3,72.94,62,85
TR,eth,white,Engineering,2019,grad4,77.65,66,85
TR,eth,white,Engineering,2019,grad5,1.18,1,85
TR,eth,white,Engineering,2019,ret1,92.94,79,85
TR,eth,white,Engineering,2020,grad2,24.76,26,105
TR,eth,white,Engineering,2020,grad3,81.9,86,105
TR,eth,white,Engineering,2020,grad4,92.38,97,105
TR,eth,white,Engineering,2020,grad5,1.9,2,105
TR,eth,white,Engineering,2020,ret1,99.05,104,105
TR,eth,white,Engineering,2021,grad2,16.46,13,79
TR,eth,white,Engineering,2021,grad3,73.42,58,79
TR,eth,white,Engineering,2021,grad4,87.34,69,79
TR,eth,white,Engineering,2021,ret1,93.67,74,79
TR,eth,white,Engineering,2022,grad2,24.49,12,49
TR,eth,white,Engineering,2022,grad3,83.67,41,49
TR,eth,white,Engineering,2022,ret1,91.84,45,49
TR,eth,white,Engineering,2023,grad2,44.44,24,54
TR,eth,white,Engineering,2023,ret1,98.15,53,54
TR,eth,white,Engineering,2024,ret1,97.56,80,82
TR,eth,white,Global Policy & Strategy,2014,grad2,53.85,7,13
TR,eth,white,Global Policy & Strategy,2014,grad3,84.62,11,13
TR,eth,white,Global Policy & Strategy,2014,grad4,92.31,12,13
TR,eth,white,Global Policy & Strategy,2014,ret1,84.62,11,13
TR,eth,white,Global Policy & Strategy,2015,grad2,50.0,11,22
TR,eth,white,Global Policy & Strategy,2015,grad3,77.27,17,22
TR,eth,white,Global Policy & Strategy,2015,grad4,86.36,19,22
TR,eth,white,Global Policy & Strategy,2015,ret1,95.45,21,22
TR,eth,white,Global Policy & Strategy,2016,grad2,56.25,18,32
TR,eth,white,Global Policy & Strategy,2016,grad3,75.0,24,32
TR,eth,white,Global Policy & Strategy,2016,grad4,84.38,27,32
TR,eth,white,Global Policy & Strategy,2016,ret1,90.62,29,32
TR,eth,white,Global Policy & Strategy,2017,grad2,50.98,26,51
TR,eth,white,Global Policy & Strategy,2017,grad3,76.47,39,51
TR,eth,white,Global Policy & Strategy,2017,grad4,80.39,41,51
TR,eth,white,Global Policy & Strategy,2017,ret1,94.12,48,51
TR,eth,white,Global Policy & Strategy,2018,grad2,62.16,23,37
TR,eth,white,Global Policy & Strategy,2018,grad3,83.78,31,37
TR,eth,white,Global Policy & Strategy,2018,grad4,91.89,34,37
TR,eth,white,Global Policy & Strategy,2018,ret1,94.59,35,37
TR,eth,white,Global Policy & Strategy,2019,grad2,71.05,27,38
TR,eth,white,Global Policy & Strategy,2019,grad3,84.21,32,38
TR,eth,white,Global Policy & Strategy,2019,grad4,89.47,34,38
TR,eth,white,Global Policy & Strategy,2019,ret1,94.74,36,38
TR,eth,white,Global Policy & Strategy,2020,grad2,54.29,19,35
TR,eth,white,Global Policy & Strategy,2020,grad3,82.86,29,35
TR,eth,white,Global Policy & Strategy,2020,grad4,85.71,30,35
TR,eth,white,Global Policy & Strategy,2020,ret1,91.43,32,35
TR,eth,white,Global Policy & Strategy,2021,grad2,53.06,26,49
TR,eth,white,Global Policy & Strategy,2021,grad3,75.51,37,49
TR,eth,white,Global Policy & Strategy,2021,grad4,79.59,39,49
TR,eth,white,Global Policy & Strategy,2021,ret1,93.88,46,49
TR,eth,white,Global Policy & Strategy,2022,grad2,52.78,19,36
TR,eth,white,Global Policy & Strategy,2022,grad3,83.33,30,36
TR,eth,white,Global Policy & Strategy,2022,ret1,94.44,34,36
TR,eth,white,Global Policy & Strategy,2023,grad2,55.88,19,34
TR,eth,white,Global Policy & Strategy,2023,ret1,91.18,31,34
TR,eth,white,Global Policy & Strategy,2024,ret1,85.0,17,20
TR,eth,white,Halicioğlu Data Science Institute,2024,ret1,100.0,11,11
TR,eth,white,Physical Sciences,2014,grad2,30.91,17,55
TR,eth,white,Physical Sciences,2014,grad3,63.64,35,55
TR,eth,white,Physical Sciences,2014,grad4,76.36,42,55
TR,eth,white,Physical Sciences,2014,grad5,7.27,4,55
TR,eth,white,Physical Sciences,2014,ret1,90.91,50,55
TR,eth,white,Physical Sciences,2015,grad2,21.05,20,95
TR,eth,white,Physical Sciences,2015,grad3,71.58,68,95
TR,eth,white,Physical Sciences,2015,grad4,78.95,75,95
TR,eth,white,Physical Sciences,2015,ret1,88.42,84,95
TR,eth,white,Physical Sciences,2016,grad2,14.74,14,95
TR,eth,white,Physical Sciences,2016,grad3,58.95,56,95
TR,eth,white,Physical Sciences,2016,grad4,73.68,70,95
TR,eth,white,Physical Sciences,2016,ret1,90.53,86,95
TR,eth,white,Physical Sciences,2017,grad2,40.91,27,66
TR,eth,white,Physical Sciences,2017,grad3,74.24,49,66
TR,eth,white,Physical Sciences,2017,grad4,84.85,56,66
TR,eth,white,Physical Sciences,2017,ret1,92.42,61,66
TR,eth,white,Physical Sciences,2018,grad2,38.6,22,57
TR,eth,white,Physical Sciences,2018,grad3,77.19,44,57
TR,eth,white,Physical Sciences,2018,grad4,84.21,48,57
TR,eth,white,Physical Sciences,2018,grad5,3.51,2,57
TR,eth,white,Physical Sciences,2018,ret1,94.74,54,57
TR,eth,white,Physical Sciences,2019,grad2,44.05,37,84
TR,eth,white,Physical Sciences,2019,grad3,72.62,61,84
TR,eth,white,Physical Sciences,2019,grad4,79.76,67,84
TR,eth,white,Physical Sciences,2019,grad5,3.57,3,84
TR,eth,white,Physical Sciences,2019,ret1,92.86,78,84
TR,eth,white,Physical Sciences,2020,grad2,56.9,33,58
TR,eth,white,Physical Sciences,2020,grad3,77.59,45,58
TR,eth,white,Physical Sciences,2020,grad4,84.48,49,58
TR,eth,white,Physical Sciences,2020,grad5,1.72,1,58
TR,eth,white,Physical Sciences,2020,ret1,94.83,55,58
TR,eth,white,Physical Sciences,2021,grad2,56.72,38,67
TR,eth,white,Physical Sciences,2021,grad3,79.1,53,67
TR,eth,white,Physical Sciences,2021,grad4,79.1,53,67
TR,eth,white,Physical Sciences,2021,ret1,86.57,58,67
TR,eth,white,Physical Sciences,2022,grad2,48.84,21,43
TR,eth,white,Physical Sciences,2022,grad3,88.37,38,43
TR,eth,white,Physical Sciences,2022,ret1,95.35,41,43
TR,eth,white,Physical Sciences,2023,grad2,50.0,27,54
TR,eth,white,Physical Sciences,2023,ret1,94.44,51,54
TR,eth,white,Physical Sciences,2024,ret1,95.83,46,48
TR,eth,white,Public Health (Wertheim),2014,grad2,45.45,5,11
TR,eth,white,Public Health (Wertheim),2014,grad3,36.36,4,11
TR,eth,white,Public Health (Wertheim),2015,grad3,100.0,12,12
TR,eth,white,Public Health (Wertheim),2015,grad4,100.0,12,12
TR,eth,white,Public Health (Wertheim),2015,ret1,100.0,12,12
TR,eth,white,Public Health (Wertheim),2016,grad3,100.0,14,14
TR,eth,white,Public Health (Wertheim),2016,grad4,100.0,14,14
TR,eth,white,Public Health (Wertheim),2016,ret1,100.0,14,14
TR,eth,white,Public Health (Wertheim),2019,grad2,69.23,9,13
TR,eth,white,Public Health (Wertheim),2019,grad3,100.0,13,13
TR,eth,white,Public Health (Wertheim),2019,grad4,100.0,13,13
TR,eth,white,Public Health (Wertheim),2019,ret1,100.0,13,13
TR,eth,white,Public Health (Wertheim),2020,grad2,60.0,6,10
TR,eth,white,Public Health (Wertheim),2020,grad3,10.0,1,10
TR,eth,white,Public Health (Wertheim),2020,grad4,10.0,1,10
TR,eth,white,Public Health (Wertheim),2020,ret1,100.0,10,10
TR,eth,white,Public Health (Wertheim),2021,grad2,73.91,17,23
TR,eth,white,Public Health (Wertheim),2021,grad3,95.65,22,23
TR,eth,white,Public Health (Wertheim),2021,grad4,100.0,23,23
TR,eth,white,Public Health (Wertheim),2021,ret1,91.3,21,23
TR,eth,white,Public Health (Wertheim),2022,grad2,70.0,14,20
TR,eth,white,Public Health (Wertheim),2022,grad3,95.0,19,20
TR,eth,white,Public Health (Wertheim),2022,ret1,100.0,20,20
TR,eth,white,Public Health (Wertheim),2023,grad2,68.42,13,19
TR,eth,white,Public Health (Wertheim),2023,ret1,94.74,18,19
TR,eth,white,Public Health (Wertheim),2024,ret1,100.0,23,23
TR,eth,white,Scripps Institution of Oceanography,2014,grad2,33.33,4,12
TR,eth,white,Scripps Institution of Oceanography,2014,grad3,41.67,5,12
TR,eth,white,Scripps Institution of Oceanography,2014,grad4,83.33,10,12
TR,eth,white,Scripps Institution of Oceanography,2014,ret1,91.67,11,12
TR,eth,white,Scripps Institution of Oceanography,2015,grad3,93.33,14,15
TR,eth,white,Scripps Institution of Oceanography,2015,grad4,93.33,14,15
TR,eth,white,Scripps Institution of Oceanography,2015,ret1,100.0,15,15
TR,eth,white,Scripps Institution of Oceanography,2016,grad3,65.22,15,23
TR,eth,white,Scripps Institution of Oceanography,2016,grad4,73.91,17,23
TR,eth,white,Scripps Institution of Oceanography,2016,ret1,86.96,20,23
TR,eth,white,Scripps Institution of Oceanography,2017,grad3,66.67,18,27
TR,eth,white,Scripps Institution of Oceanography,2017,grad4,81.48,22,27
TR,eth,white,Scripps Institution of Oceanography,2017,ret1,92.59,25,27
TR,eth,white,Scripps Institution of Oceanography,2018,grad2,52.0,13,25
TR,eth,white,Scripps Institution of Oceanography,2018,grad3,76.0,19,25
TR,eth,white,Scripps Institution of Oceanography,2018,grad4,88.0,22,25
TR,eth,white,Scripps Institution of Oceanography,2018,ret1,96.0,24,25
TR,eth,white,Scripps Institution of Oceanography,2019,grad2,58.33,14,24
TR,eth,white,Scripps Institution of Oceanography,2019,grad3,79.17,19,24
TR,eth,white,Scripps Institution of Oceanography,2019,grad4,87.5,21,24
TR,eth,white,Scripps Institution of Oceanography,2019,grad5,4.17,1,24
TR,eth,white,Scripps Institution of Oceanography,2019,ret1,91.67,22,24
TR,eth,white,Scripps Institution of Oceanography,2020,grad2,46.67,7,15
TR,eth,white,Scripps Institution of Oceanography,2020,grad3,80.0,12,15
TR,eth,white,Scripps Institution of Oceanography,2020,grad4,80.0,12,15
TR,eth,white,Scripps Institution of Oceanography,2020,ret1,93.33,14,15
TR,eth,white,Scripps Institution of Oceanography,2021,grad2,61.9,13,21
TR,eth,white,Scripps Institution of Oceanography,2021,grad3,90.48,19,21
TR,eth,white,Scripps Institution of Oceanography,2021,grad4,95.24,20,21
TR,eth,white,Scripps Institution of Oceanography,2021,ret1,100.0,21,21
TR,eth,white,Scripps Institution of Oceanography,2022,grad2,40.0,10,25
TR,eth,white,Scripps Institution of Oceanography,2022,grad3,72.0,18,25
TR,eth,white,Scripps Institution of Oceanography,2022,ret1,88.0,22,25
TR,eth,white,Scripps Institution of Oceanography,2023,grad2,76.19,16,21
TR,eth,white,Scripps Institution of Oceanography,2023,ret1,100.0,21,21
TR,eth,white,Scripps Institution of Oceanography,2024,ret1,100.0,21,21
TR,eth,white,Social Sciences,2014,grad2,57.74,138,239
TR,eth,white,Social Sciences,2014,grad3,84.94,203,239
TR,eth,white,Social Sciences,2014,grad4,89.12,213,239
TR,eth,white,Social Sciences,2014,grad5,0.84,2,239
TR,eth,white,Social Sciences,2014,ret1,94.14,225,239
TR,eth,white,Social Sciences,2015,grad2,61.81,157,254
TR,eth,white,Social Sciences,2015,grad3,84.65,215,254
TR,eth,white,Social Sciences,2015,grad4,89.76,228,254
TR,eth,white,Social Sciences,2015,ret1,93.7,238,254
TR,eth,white,Social Sciences,2016,grad2,56.54,134,237
TR,eth,white,Social Sciences,2016,grad3,79.75,189,237
TR,eth,white,Social Sciences,2016,grad4,85.65,203,237
TR,eth,white,Social Sciences,2016,ret1,91.98,218,237
TR,eth,white,Social Sciences,2017,grad2,67.86,228,336
TR,eth,white,Social Sciences,2017,grad3,85.71,288,336
TR,eth,white,Social Sciences,2017,grad4,90.48,304,336
TR,eth,white,Social Sciences,2017,ret1,93.75,315,336
TR,eth,white,Social Sciences,2018,grad2,62.77,204,325
TR,eth,white,Social Sciences,2018,grad3,84.92,276,325
TR,eth,white,Social Sciences,2018,grad4,88.0,286,325
TR,eth,white,Social Sciences,2018,grad5,0.92,3,325
TR,eth,white,Social Sciences,2018,ret1,93.85,305,325
TR,eth,white,Social Sciences,2019,grad2,68.98,258,374
TR,eth,white,Social Sciences,2019,grad3,84.76,317,374
TR,eth,white,Social Sciences,2019,grad4,86.36,323,374
TR,eth,white,Social Sciences,2019,grad5,1.6,6,374
TR,eth,white,Social Sciences,2019,ret1,94.65,354,374
TR,eth,white,Social Sciences,2020,grad2,64.01,217,339
TR,eth,white,Social Sciences,2020,grad3,81.71,277,339
TR,eth,white,Social Sciences,2020,grad4,87.61,297,339
TR,eth,white,Social Sciences,2020,grad5,0.88,3,339
TR,eth,white,Social Sciences,2020,ret1,92.92,315,339
TR,eth,white,Social Sciences,2021,grad2,64.93,224,345
TR,eth,white,Social Sciences,2021,grad3,84.35,291,345
TR,eth,white,Social Sciences,2021,grad4,89.28,308,345
TR,eth,white,Social Sciences,2021,ret1,93.91,324,345
TR,eth,white,Social Sciences,2022,grad2,66.43,283,426
TR,eth,white,Social Sciences,2022,grad3,83.8,357,426
TR,eth,white,Social Sciences,2022,ret1,94.6,403,426
TR,eth,white,Social Sciences,2023,grad2,71.23,307,431
TR,eth,white,Social Sciences,2023,ret1,96.29,415,431
TR,eth,white,Social Sciences,2024,ret1,95.9,444,463
TR,eth,white,Special,2015,grad3,60.0,15,25
TR,eth,white,Special,2015,grad4,64.0,16,25
TR,eth,white,Special,2015,ret1,76.0,19,25
TR,eth,white,Special,2016,grad3,55.17,32,58
TR,eth,white,Special,2016,grad4,77.59,45,58
TR,eth,white,Special,2016,ret1,87.93,51,58
TR,fg,first_gen,Arts & Humanities,2014,grad2,46.15,24,52
TR,fg,first_gen,Arts & Humanities,2014,grad3,84.62,44,52
TR,fg,first_gen,Arts & Humanities,2014,grad4,90.38,47,52
TR,fg,first_gen,Arts & Humanities,2014,grad5,3.85,2,52
TR,fg,first_gen,Arts & Humanities,2014,ret1,100.0,52,52
TR,fg,first_gen,Arts & Humanities,2015,grad2,43.75,28,64
TR,fg,first_gen,Arts & Humanities,2015,grad3,87.5,56,64
TR,fg,first_gen,Arts & Humanities,2015,grad4,92.19,59,64
TR,fg,first_gen,Arts & Humanities,2015,ret1,93.75,60,64
TR,fg,first_gen,Arts & Humanities,2016,grad2,43.96,40,91
TR,fg,first_gen,Arts & Humanities,2016,grad3,82.42,75,91
TR,fg,first_gen,Arts & Humanities,2016,grad4,84.62,77,91
TR,fg,first_gen,Arts & Humanities,2016,ret1,92.31,84,91
TR,fg,first_gen,Arts & Humanities,2017,grad2,56.76,63,111
TR,fg,first_gen,Arts & Humanities,2017,grad3,73.87,82,111
TR,fg,first_gen,Arts & Humanities,2017,grad4,81.08,90,111
TR,fg,first_gen,Arts & Humanities,2017,ret1,93.69,104,111
TR,fg,first_gen,Arts & Humanities,2018,grad2,54.87,62,113
TR,fg,first_gen,Arts & Humanities,2018,grad3,83.19,94,113
TR,fg,first_gen,Arts & Humanities,2018,grad4,87.61,99,113
TR,fg,first_gen,Arts & Humanities,2018,ret1,97.35,110,113
TR,fg,first_gen,Arts & Humanities,2019,grad2,59.81,64,107
TR,fg,first_gen,Arts & Humanities,2019,grad3,80.37,86,107
TR,fg,first_gen,Arts & Humanities,2019,grad4,85.98,92,107
TR,fg,first_gen,Arts & Humanities,2019,grad5,0.93,1,107
TR,fg,first_gen,Arts & Humanities,2019,ret1,91.59,98,107
TR,fg,first_gen,Arts & Humanities,2020,grad2,53.95,41,76
TR,fg,first_gen,Arts & Humanities,2020,grad3,81.58,62,76
TR,fg,first_gen,Arts & Humanities,2020,grad4,86.84,66,76
TR,fg,first_gen,Arts & Humanities,2020,ret1,89.47,68,76
TR,fg,first_gen,Arts & Humanities,2021,grad2,59.52,50,84
TR,fg,first_gen,Arts & Humanities,2021,grad3,83.33,70,84
TR,fg,first_gen,Arts & Humanities,2021,grad4,85.71,72,84
TR,fg,first_gen,Arts & Humanities,2021,ret1,95.24,80,84
TR,fg,first_gen,Arts & Humanities,2022,grad2,57.69,45,78
TR,fg,first_gen,Arts & Humanities,2022,grad3,80.77,63,78
TR,fg,first_gen,Arts & Humanities,2022,ret1,91.03,71,78
TR,fg,first_gen,Arts & Humanities,2023,grad2,59.65,68,114
TR,fg,first_gen,Arts & Humanities,2023,ret1,91.23,104,114
TR,fg,first_gen,Arts & Humanities,2024,ret1,96.04,97,101
TR,fg,first_gen,Biology,2014,grad2,40.65,63,155
TR,fg,first_gen,Biology,2014,grad3,83.23,129,155
TR,fg,first_gen,Biology,2014,grad4,90.32,140,155
TR,fg,first_gen,Biology,2014,grad5,3.87,6,155
TR,fg,first_gen,Biology,2014,ret1,96.77,150,155
TR,fg,first_gen,Biology,2015,grad2,39.11,79,202
TR,fg,first_gen,Biology,2015,grad3,74.75,151,202
TR,fg,first_gen,Biology,2015,grad4,84.65,171,202
TR,fg,first_gen,Biology,2015,ret1,94.06,190,202
TR,fg,first_gen,Biology,2016,grad2,43.15,85,197
TR,fg,first_gen,Biology,2016,grad3,79.19,156,197
TR,fg,first_gen,Biology,2016,grad4,87.82,173,197
TR,fg,first_gen,Biology,2016,ret1,95.43,188,197
TR,fg,first_gen,Biology,2017,grad2,54.86,96,175
TR,fg,first_gen,Biology,2017,grad3,82.86,145,175
TR,fg,first_gen,Biology,2017,grad4,90.29,158,175
TR,fg,first_gen,Biology,2017,ret1,94.86,166,175
TR,fg,first_gen,Biology,2018,grad2,56.16,82,146
TR,fg,first_gen,Biology,2018,grad3,84.93,124,146
TR,fg,first_gen,Biology,2018,grad4,88.36,129,146
TR,fg,first_gen,Biology,2018,grad5,3.42,5,146
TR,fg,first_gen,Biology,2018,ret1,96.58,141,146
TR,fg,first_gen,Biology,2019,grad2,65.64,107,163
TR,fg,first_gen,Biology,2019,grad3,87.12,142,163
TR,fg,first_gen,Biology,2019,grad4,88.96,145,163
TR,fg,first_gen,Biology,2019,grad5,1.23,2,163
TR,fg,first_gen,Biology,2019,ret1,95.09,155,163
TR,fg,first_gen,Biology,2020,grad2,71.05,81,114
TR,fg,first_gen,Biology,2020,grad3,88.6,101,114
TR,fg,first_gen,Biology,2020,grad4,91.23,104,114
TR,fg,first_gen,Biology,2020,grad5,0.88,1,114
TR,fg,first_gen,Biology,2020,ret1,96.49,110,114
TR,fg,first_gen,Biology,2021,grad2,63.16,108,171
TR,fg,first_gen,Biology,2021,grad3,83.63,143,171
TR,fg,first_gen,Biology,2021,grad4,87.72,150,171
TR,fg,first_gen,Biology,2021,ret1,94.74,162,171
TR,fg,first_gen,Biology,2022,grad2,57.72,86,149
TR,fg,first_gen,Biology,2022,grad3,79.87,119,149
TR,fg,first_gen,Biology,2022,ret1,93.96,140,149
TR,fg,first_gen,Biology,2023,grad2,74.45,102,137
TR,fg,first_gen,Biology,2023,ret1,95.62,131,137
TR,fg,first_gen,Biology,2024,ret1,98.43,125,127
TR,fg,first_gen,Engineering,2014,grad2,6.44,19,295
TR,fg,first_gen,Engineering,2014,grad3,64.07,189,295
TR,fg,first_gen,Engineering,2014,grad4,80.0,236,295
TR,fg,first_gen,Engineering,2014,grad5,3.39,10,295
TR,fg,first_gen,Engineering,2014,ret1,92.88,274,295
TR,fg,first_gen,Engineering,2015,grad2,9.35,13,139
TR,fg,first_gen,Engineering,2015,grad3,76.26,106,139
TR,fg,first_gen,Engineering,2015,grad4,86.33,120,139
TR,fg,first_gen,Engineering,2015,ret1,97.84,136,139
TR,fg,first_gen,Engineering,2016,grad2,12.4,16,129
TR,fg,first_gen,Engineering,2016,grad3,73.64,95,129
TR,fg,first_gen,Engineering,2016,grad4,85.27,110,129
TR,fg,first_gen,Engineering,2016,ret1,93.8,121,129
TR,fg,first_gen,Engineering,2017,grad2,8.05,14,174
TR,fg,first_gen,Engineering,2017,grad3,73.56,128,174
TR,fg,first_gen,Engineering,2017,grad4,85.63,149,174
TR,fg,first_gen,Engineering,2017,ret1,94.83,165,174
TR,fg,first_gen,Engineering,2018,grad2,12.69,41,323
TR,fg,first_gen,Engineering,2018,grad3,72.76,235,323
TR,fg,first_gen,Engineering,2018,grad4,85.14,275,323
TR,fg,first_gen,Engineering,2018,grad5,4.64,15,323
TR,fg,first_gen,Engineering,2018,ret1,94.12,304,323
TR,fg,first_gen,Engineering,2019,grad2,18.97,33,174
TR,fg,first_gen,Engineering,2019,grad3,74.14,129,174
TR,fg,first_gen,Engineering,2019,grad4,84.48,147,174
TR,fg,first_gen,Engineering,2019,grad5,3.45,6,174
TR,fg,first_gen,Engineering,2019,ret1,94.25,164,174
TR,fg,first_gen,Engineering,2020,grad2,21.23,31,146
TR,fg,first_gen,Engineering,2020,grad3,69.18,101,146
TR,fg,first_gen,Engineering,2020,grad4,84.93,124,146
TR,fg,first_gen,Engineering,2020,grad5,2.05,3,146
TR,fg,first_gen,Engineering,2020,ret1,94.52,138,146
TR,fg,first_gen,Engineering,2021,grad2,14.17,18,127
TR,fg,first_gen,Engineering,2021,grad3,80.31,102,127
TR,fg,first_gen,Engineering,2021,grad4,90.55,115,127
TR,fg,first_gen,Engineering,2021,ret1,96.06,122,127
TR,fg,first_gen,Engineering,2022,grad2,18.6,24,129
TR,fg,first_gen,Engineering,2022,grad3,65.89,85,129
TR,fg,first_gen,Engineering,2022,ret1,93.8,121,129
TR,fg,first_gen,Engineering,2023,grad2,28.7,33,115
TR,fg,first_gen,Engineering,2023,ret1,98.26,113,115
TR,fg,first_gen,Engineering,2024,ret1,96.88,155,160
TR,fg,first_gen,Global Policy & Strategy,2014,grad2,38.46,5,13
TR,fg,first_gen,Global Policy & Strategy,2014,grad3,76.92,10,13
TR,fg,first_gen,Global Policy & Strategy,2014,grad4,76.92,10,13
TR,fg,first_gen,Global Policy & Strategy,2014,ret1,92.31,12,13
TR,fg,first_gen,Global Policy & Strategy,2015,grad2,55.0,22,40
TR,fg,first_gen,Global Policy & Strategy,2015,grad3,77.5,31,40
TR,fg,first_gen,Global Policy & Strategy,2015,grad4,85.0,34,40
TR,fg,first_gen,Global Policy & Strategy,2015,ret1,85.0,34,40
TR,fg,first_gen,Global Policy & Strategy,2016,grad2,63.37,64,101
TR,fg,first_gen,Global Policy & Strategy,2016,grad3,83.17,84,101
TR,fg,first_gen,Global Policy & Strategy,2016,grad4,90.1,91,101
TR,fg,first_gen,Global Policy & Strategy,2016,ret1,89.11,90,101
TR,fg,first_gen,Global Policy & Strategy,2017,grad2,66.35,69,104
TR,fg,first_gen,Global Policy & Strategy,2017,grad3,84.62,88,104
TR,fg,first_gen,Global Policy & Strategy,2017,grad4,89.42,93,104
TR,fg,first_gen,Global Policy & Strategy,2017,ret1,93.27,97,104
TR,fg,first_gen,Global Policy & Strategy,2018,grad2,74.05,97,131
TR,fg,first_gen,Global Policy & Strategy,2018,grad3,89.31,117,131
TR,fg,first_gen,Global Policy & Strategy,2018,grad4,91.6,120,131
TR,fg,first_gen,Global Policy & Strategy,2018,grad5,1.53,2,131
TR,fg,first_gen,Global Policy & Strategy,2018,ret1,93.89,123,131
TR,fg,first_gen,Global Policy & Strategy,2019,grad2,68.48,63,92
TR,fg,first_gen,Global Policy & Strategy,2019,grad3,88.04,81,92
TR,fg,first_gen,Global Policy & Strategy,2019,grad4,89.13,82,92
TR,fg,first_gen,Global Policy & Strategy,2019,ret1,92.39,85,92
TR,fg,first_gen,Global Policy & Strategy,2020,grad2,69.03,78,113
TR,fg,first_gen,Global Policy & Strategy,2020,grad3,83.19,94,113
TR,fg,first_gen,Global Policy & Strategy,2020,grad4,88.5,100,113
TR,fg,first_gen,Global Policy & Strategy,2020,ret1,88.5,100,113
TR,fg,first_gen,Global Policy & Strategy,2021,grad2,64.42,67,104
TR,fg,first_gen,Global Policy & Strategy,2021,grad3,83.65,87,104
TR,fg,first_gen,Global Policy & Strategy,2021,grad4,85.58,89,104
TR,fg,first_gen,Global Policy & Strategy,2021,ret1,89.42,93,104
TR,fg,first_gen,Global Policy & Strategy,2022,grad2,60.56,43,71
TR,fg,first_gen,Global Policy & Strategy,2022,grad3,81.69,58,71
TR,fg,first_gen,Global Policy & Strategy,2022,ret1,91.55,65,71
TR,fg,first_gen,Global Policy & Strategy,2023,grad2,61.18,52,85
TR,fg,first_gen,Global Policy & Strategy,2023,ret1,94.12,80,85
TR,fg,first_gen,Global Policy & Strategy,2024,ret1,94.29,66,70
TR,fg,first_gen,Halicioğlu Data Science Institute,2022,grad2,8.33,1,12
TR,fg,first_gen,Halicioğlu Data Science Institute,2022,grad3,83.33,10,12
TR,fg,first_gen,Halicioğlu Data Science Institute,2022,ret1,100.0,12,12
TR,fg,first_gen,Halicioğlu Data Science Institute,2023,grad2,8.57,3,35
TR,fg,first_gen,Halicioğlu Data Science Institute,2023,ret1,100.0,35,35
TR,fg,first_gen,Halicioğlu Data Science Institute,2024,ret1,97.37,37,38
TR,fg,first_gen,Physical Sciences,2014,grad2,25.0,20,80
TR,fg,first_gen,Physical Sciences,2014,grad3,72.5,58,80
TR,fg,first_gen,Physical Sciences,2014,grad4,87.5,70,80
TR,fg,first_gen,Physical Sciences,2014,grad5,1.25,1,80
TR,fg,first_gen,Physical Sciences,2014,ret1,96.25,77,80
TR,fg,first_gen,Physical Sciences,2015,grad2,24.32,45,185
TR,fg,first_gen,Physical Sciences,2015,grad3,65.95,122,185
TR,fg,first_gen,Physical Sciences,2015,grad4,75.68,140,185
TR,fg,first_gen,Physical Sciences,2015,ret1,87.57,162,185
TR,fg,first_gen,Physical Sciences,2016,grad2,31.58,66,209
TR,fg,first_gen,Physical Sciences,2016,grad3,68.9,144,209
TR,fg,first_gen,Physical Sciences,2016,grad4,81.34,170,209
TR,fg,first_gen,Physical Sciences,2016,ret1,89.47,187,209
TR,fg,first_gen,Physical Sciences,2017,grad2,36.72,47,128
TR,fg,first_gen,Physical Sciences,2017,grad3,78.12,100,128
TR,fg,first_gen,Physical Sciences,2017,grad4,86.72,111,128
TR,fg,first_gen,Physical Sciences,2017,ret1,92.97,119,128
TR,fg,first_gen,Physical Sciences,2018,grad2,46.38,64,138
TR,fg,first_gen,Physical Sciences,2018,grad3,75.36,104,138
TR,fg,first_gen,Physical Sciences,2018,grad4,81.16,112,138
TR,fg,first_gen,Physical Sciences,2018,grad5,3.62,5,138
TR,fg,first_gen,Physical Sciences,2018,ret1,91.3,126,138
TR,fg,first_gen,Physical Sciences,2019,grad2,54.89,101,184
TR,fg,first_gen,Physical Sciences,2019,grad3,85.87,158,184
TR,fg,first_gen,Physical Sciences,2019,grad4,89.67,165,184
TR,fg,first_gen,Physical Sciences,2019,grad5,1.63,3,184
TR,fg,first_gen,Physical Sciences,2019,ret1,97.28,179,184
TR,fg,first_gen,Physical Sciences,2020,grad2,50.46,55,109
TR,fg,first_gen,Physical Sciences,2020,grad3,75.23,82,109
TR,fg,first_gen,Physical Sciences,2020,grad4,81.65,89,109
TR,fg,first_gen,Physical Sciences,2020,grad5,0.92,1,109
TR,fg,first_gen,Physical Sciences,2020,ret1,88.07,96,109
TR,fg,first_gen,Physical Sciences,2021,grad2,61.19,82,134
TR,fg,first_gen,Physical Sciences,2021,grad3,82.84,111,134
TR,fg,first_gen,Physical Sciences,2021,grad4,88.06,118,134
TR,fg,first_gen,Physical Sciences,2021,ret1,91.79,123,134
TR,fg,first_gen,Physical Sciences,2022,grad2,58.43,52,89
TR,fg,first_gen,Physical Sciences,2022,grad3,79.78,71,89
TR,fg,first_gen,Physical Sciences,2022,ret1,92.13,82,89
TR,fg,first_gen,Physical Sciences,2023,grad2,53.27,57,107
TR,fg,first_gen,Physical Sciences,2023,ret1,88.79,95,107
TR,fg,first_gen,Physical Sciences,2024,ret1,94.59,105,111
TR,fg,first_gen,Public Health (Wertheim),2014,grad2,55.56,10,18
TR,fg,first_gen,Public Health (Wertheim),2014,grad3,88.89,16,18
TR,fg,first_gen,Public Health (Wertheim),2014,grad4,88.89,16,18
TR,fg,first_gen,Public Health (Wertheim),2014,ret1,88.89,16,18
TR,fg,first_gen,Public Health (Wertheim),2015,grad3,88.89,16,18
TR,fg,first_gen,Public Health (Wertheim),2015,grad4,94.44,17,18
TR,fg,first_gen,Public Health (Wertheim),2015,ret1,100.0,18,18
TR,fg,first_gen,Public Health (Wertheim),2016,grad2,68.18,15,22
TR,fg,first_gen,Public Health (Wertheim),2016,grad3,86.36,19,22
TR,fg,first_gen,Public Health (Wertheim),2016,grad4,95.45,21,22
TR,fg,first_gen,Public Health (Wertheim),2016,ret1,95.45,21,22
TR,fg,first_gen,Public Health (Wertheim),2017,grad3,92.31,12,13
TR,fg,first_gen,Public Health (Wertheim),2017,grad4,100.0,13,13
TR,fg,first_gen,Public Health (Wertheim),2017,ret1,100.0,13,13
TR,fg,first_gen,Public Health (Wertheim),2018,grad2,50.0,7,14
TR,fg,first_gen,Public Health (Wertheim),2018,grad3,85.71,12,14
TR,fg,first_gen,Public Health (Wertheim),2018,grad4,85.71,12,14
TR,fg,first_gen,Public Health (Wertheim),2018,ret1,92.86,13,14
TR,fg,first_gen,Public Health (Wertheim),2019,grad2,71.43,15,21
TR,fg,first_gen,Public Health (Wertheim),2019,grad3,95.24,20,21
TR,fg,first_gen,Public Health (Wertheim),2019,grad4,95.24,20,21
TR,fg,first_gen,Public Health (Wertheim),2019,ret1,100.0,21,21
TR,fg,first_gen,Public Health (Wertheim),2020,grad2,86.96,20,23
TR,fg,first_gen,Public Health (Wertheim),2020,grad3,95.65,22,23
TR,fg,first_gen,Public Health (Wertheim),2020,grad4,100.0,23,23
TR,fg,first_gen,Public Health (Wertheim),2020,ret1,100.0,23,23
TR,fg,first_gen,Public Health (Wertheim),2021,grad2,85.71,24,28
TR,fg,first_gen,Public Health (Wertheim),2021,grad3,92.86,26,28
TR,fg,first_gen,Public Health (Wertheim),2021,grad4,96.43,27,28
TR,fg,first_gen,Public Health (Wertheim),2021,ret1,100.0,28,28
TR,fg,first_gen,Public Health (Wertheim),2022,grad2,69.57,32,46
TR,fg,first_gen,Public Health (Wertheim),2022,grad3,93.48,43,46
TR,fg,first_gen,Public Health (Wertheim),2022,ret1,95.65,44,46
TR,fg,first_gen,Public Health (Wertheim),2023,grad2,62.5,20,32
TR,fg,first_gen,Public Health (Wertheim),2023,ret1,84.38,27,32
TR,fg,first_gen,Public Health (Wertheim),2024,ret1,100.0,41,41
TR,fg,first_gen,Scripps Institution of Oceanography,2015,grad3,83.33,10,12
TR,fg,first_gen,Scripps Institution of Oceanography,2015,grad4,83.33,10,12
TR,fg,first_gen,Scripps Institution of Oceanography,2015,ret1,83.33,10,12
TR,fg,first_gen,Scripps Institution of Oceanography,2016,grad4,57.89,11,19
TR,fg,first_gen,Scripps Institution of Oceanography,2016,ret1,78.95,15,19
TR,fg,first_gen,Scripps Institution of Oceanography,2017,grad3,62.96,17,27
TR,fg,first_gen,Scripps Institution of Oceanography,2017,grad4,70.37,19,27
TR,fg,first_gen,Scripps Institution of Oceanography,2017,ret1,92.59,25,27
TR,fg,first_gen,Scripps Institution of Oceanography,2018,grad2,32.26,10,31
TR,fg,first_gen,Scripps Institution of Oceanography,2018,grad3,61.29,19,31
TR,fg,first_gen,Scripps Institution of Oceanography,2018,grad4,70.97,22,31
TR,fg,first_gen,Scripps Institution of Oceanography,2018,ret1,90.32,28,31
TR,fg,first_gen,Scripps Institution of Oceanography,2019,grad2,37.04,10,27
TR,fg,first_gen,Scripps Institution of Oceanography,2019,grad3,70.37,19,27
TR,fg,first_gen,Scripps Institution of Oceanography,2019,grad4,81.48,22,27
TR,fg,first_gen,Scripps Institution of Oceanography,2019,grad5,3.7,1,27
TR,fg,first_gen,Scripps Institution of Oceanography,2019,ret1,96.3,26,27
TR,fg,first_gen,Scripps Institution of Oceanography,2020,grad2,60.0,9,15
TR,fg,first_gen,Scripps Institution of Oceanography,2020,grad3,86.67,13,15
TR,fg,first_gen,Scripps Institution of Oceanography,2020,grad4,93.33,14,15
TR,fg,first_gen,Scripps Institution of Oceanography,2020,ret1,93.33,14,15
TR,fg,first_gen,Scripps Institution of Oceanography,2021,grad2,43.48,10,23
TR,fg,first_gen,Scripps Institution of Oceanography,2021,grad3,69.57,16,23
TR,fg,first_gen,Scripps Institution of Oceanography,2021,grad4,73.91,17,23
TR,fg,first_gen,Scripps Institution of Oceanography,2021,ret1,91.3,21,23
TR,fg,first_gen,Scripps Institution of Oceanography,2022,grad2,48.0,12,25
TR,fg,first_gen,Scripps Institution of Oceanography,2022,grad3,76.0,19,25
TR,fg,first_gen,Scripps Institution of Oceanography,2022,ret1,92.0,23,25
TR,fg,first_gen,Scripps Institution of Oceanography,2023,grad2,59.09,13,22
TR,fg,first_gen,Scripps Institution of Oceanography,2023,ret1,90.91,20,22
TR,fg,first_gen,Scripps Institution of Oceanography,2024,ret1,100.0,18,18
TR,fg,first_gen,Social Sciences,2014,grad2,64.98,334,514
TR,fg,first_gen,Social Sciences,2014,grad3,89.3,459,514
TR,fg,first_gen,Social Sciences,2014,grad4,93.97,483,514
TR,fg,first_gen,Social Sciences,2014,grad5,1.17,6,514
TR,fg,first_gen,Social Sciences,2014,ret1,94.55,486,514
TR,fg,first_gen,Social Sciences,2015,grad2,65.9,344,522
TR,fg,first_gen,Social Sciences,2015,grad3,86.02,449,522
TR,fg,first_gen,Social Sciences,2015,grad4,90.42,472,522
TR,fg,first_gen,Social Sciences,2015,ret1,93.87,490,522
TR,fg,first_gen,Social Sciences,2016,grad2,59.66,318,533
TR,fg,first_gen,Social Sciences,2016,grad3,81.8,436,533
TR,fg,first_gen,Social Sciences,2016,grad4,87.24,465,533
TR,fg,first_gen,Social Sciences,2016,ret1,93.81,500,533
TR,fg,first_gen,Social Sciences,2017,grad2,60.5,389,643
TR,fg,first_gen,Social Sciences,2017,grad3,83.36,536,643
TR,fg,first_gen,Social Sciences,2017,grad4,88.49,569,643
TR,fg,first_gen,Social Sciences,2017,ret1,93.0,598,643
TR,fg,first_gen,Social Sciences,2018,grad2,61.81,369,597
TR,fg,first_gen,Social Sciences,2018,grad3,81.57,487,597
TR,fg,first_gen,Social Sciences,2018,grad4,86.26,515,597
TR,fg,first_gen,Social Sciences,2018,grad5,0.84,5,597
TR,fg,first_gen,Social Sciences,2018,ret1,92.46,552,597
TR,fg,first_gen,Social Sciences,2019,grad2,69.95,440,629
TR,fg,first_gen,Social Sciences,2019,grad3,86.33,543,629
TR,fg,first_gen,Social Sciences,2019,grad4,88.39,556,629
TR,fg,first_gen,Social Sciences,2019,grad5,1.59,10,629
TR,fg,first_gen,Social Sciences,2019,ret1,95.55,601,629
TR,fg,first_gen,Social Sciences,2020,grad2,67.24,351,522
TR,fg,first_gen,Social Sciences,2020,grad3,82.95,433,522
TR,fg,first_gen,Social Sciences,2020,grad4,87.16,455,522
TR,fg,first_gen,Social Sciences,2020,grad5,1.72,9,522
TR,fg,first_gen,Social Sciences,2020,ret1,92.15,481,522
TR,fg,first_gen,Social Sciences,2021,grad2,63.55,394,620
TR,fg,first_gen,Social Sciences,2021,grad3,80.81,501,620
TR,fg,first_gen,Social Sciences,2021,grad4,85.81,532,620
TR,fg,first_gen,Social Sciences,2021,ret1,91.77,569,620
TR,fg,first_gen,Social Sciences,2022,grad2,62.55,441,705
TR,fg,first_gen,Social Sciences,2022,grad3,80.0,564,705
TR,fg,first_gen,Social Sciences,2022,ret1,93.19,657,705
TR,fg,first_gen,Social Sciences,2023,grad2,66.58,486,730
TR,fg,first_gen,Social Sciences,2023,ret1,93.15,680,730
TR,fg,first_gen,Social Sciences,2024,ret1,93.71,715,763
TR,fg,first_gen,Special,2015,grad3,57.14,20,35
TR,fg,first_gen,Special,2015,grad4,65.71,23,35
TR,fg,first_gen,Special,2015,ret1,82.86,29,35
TR,fg,first_gen,Special,2016,grad2,14.85,15,101
TR,fg,first_gen,Special,2016,grad3,49.5,50,101
TR,fg,first_gen,Special,2016,grad4,67.33,68,101
TR,fg,first_gen,Special,2016,ret1,84.16,85,101
TR,fg,not_first_gen,Arts & Humanities,2014,grad2,30.77,20,65
TR,fg,not_first_gen,Arts & Humanities,2014,grad3,76.92,50,65
TR,fg,not_first_gen,Arts & Humanities,2014,grad4,84.62,55,65
TR,fg,not_first_gen,Arts & Humanities,2014,grad5,3.08,2,65
TR,fg,not_first_gen,Arts & Humanities,2014,ret1,92.31,60,65
TR,fg,not_first_gen,Arts & Humanities,2015,grad2,54.55,48,88
TR,fg,not_first_gen,Arts & Humanities,2015,grad3,82.95,73,88
TR,fg,not_first_gen,Arts & Humanities,2015,grad4,90.91,80,88
TR,fg,not_first_gen,Arts & Humanities,2015,ret1,90.91,80,88
TR,fg,not_first_gen,Arts & Humanities,2016,grad2,43.04,34,79
TR,fg,not_first_gen,Arts & Humanities,2016,grad3,87.34,69,79
TR,fg,not_first_gen,Arts & Humanities,2016,grad4,89.87,71,79
TR,fg,not_first_gen,Arts & Humanities,2016,ret1,93.67,74,79
TR,fg,not_first_gen,Arts & Humanities,2017,grad2,55.75,63,113
TR,fg,not_first_gen,Arts & Humanities,2017,grad3,84.07,95,113
TR,fg,not_first_gen,Arts & Humanities,2017,grad4,88.5,100,113
TR,fg,not_first_gen,Arts & Humanities,2017,ret1,96.46,109,113
TR,fg,not_first_gen,Arts & Humanities,2018,grad2,67.2,84,125
TR,fg,not_first_gen,Arts & Humanities,2018,grad3,85.6,107,125
TR,fg,not_first_gen,Arts & Humanities,2018,grad4,88.0,110,125
TR,fg,not_first_gen,Arts & Humanities,2018,grad5,1.6,2,125
TR,fg,not_first_gen,Arts & Humanities,2018,ret1,92.8,116,125
TR,fg,not_first_gen,Arts & Humanities,2019,grad2,56.78,67,118
TR,fg,not_first_gen,Arts & Humanities,2019,grad3,72.88,86,118
TR,fg,not_first_gen,Arts & Humanities,2019,grad4,79.66,94,118
TR,fg,not_first_gen,Arts & Humanities,2019,grad5,1.69,2,118
TR,fg,not_first_gen,Arts & Humanities,2019,ret1,87.29,103,118
TR,fg,not_first_gen,Arts & Humanities,2020,grad2,49.54,54,109
TR,fg,not_first_gen,Arts & Humanities,2020,grad3,80.73,88,109
TR,fg,not_first_gen,Arts & Humanities,2020,grad4,88.99,97,109
TR,fg,not_first_gen,Arts & Humanities,2020,grad5,2.75,3,109
TR,fg,not_first_gen,Arts & Humanities,2020,ret1,92.66,101,109
TR,fg,not_first_gen,Arts & Humanities,2021,grad2,53.33,64,120
TR,fg,not_first_gen,Arts & Humanities,2021,grad3,77.5,93,120
TR,fg,not_first_gen,Arts & Humanities,2021,grad4,84.17,101,120
TR,fg,not_first_gen,Arts & Humanities,2021,ret1,90.83,109,120
TR,fg,not_first_gen,Arts & Humanities,2022,grad2,61.34,73,119
TR,fg,not_first_gen,Arts & Humanities,2022,grad3,84.03,100,119
TR,fg,not_first_gen,Arts & Humanities,2022,ret1,96.64,115,119
TR,fg,not_first_gen,Arts & Humanities,2023,grad2,57.14,76,133
TR,fg,not_first_gen,Arts & Humanities,2023,ret1,92.48,123,133
TR,fg,not_first_gen,Arts & Humanities,2024,ret1,92.97,119,128
TR,fg,not_first_gen,Biology,2014,grad2,39.44,71,180
TR,fg,not_first_gen,Biology,2014,grad3,81.11,146,180
TR,fg,not_first_gen,Biology,2014,grad4,88.33,159,180
TR,fg,not_first_gen,Biology,2014,grad5,1.11,2,180
TR,fg,not_first_gen,Biology,2014,ret1,94.44,170,180
TR,fg,not_first_gen,Biology,2015,grad2,48.65,126,259
TR,fg,not_first_gen,Biology,2015,grad3,81.85,212,259
TR,fg,not_first_gen,Biology,2015,grad4,90.73,235,259
TR,fg,not_first_gen,Biology,2015,ret1,95.37,247,259
TR,fg,not_first_gen,Biology,2016,grad2,45.64,89,195
TR,fg,not_first_gen,Biology,2016,grad3,80.0,156,195
TR,fg,not_first_gen,Biology,2016,grad4,88.72,173,195
TR,fg,not_first_gen,Biology,2016,ret1,95.38,186,195
TR,fg,not_first_gen,Biology,2017,grad2,56.12,78,139
TR,fg,not_first_gen,Biology,2017,grad3,87.05,121,139
TR,fg,not_first_gen,Biology,2017,grad4,92.09,128,139
TR,fg,not_first_gen,Biology,2017,ret1,97.12,135,139
TR,fg,not_first_gen,Biology,2018,grad2,60.26,91,151
TR,fg,not_first_gen,Biology,2018,grad3,87.42,132,151
TR,fg,not_first_gen,Biology,2018,grad4,90.73,137,151
TR,fg,not_first_gen,Biology,2018,ret1,96.69,146,151
TR,fg,not_first_gen,Biology,2019,grad2,76.02,130,171
TR,fg,not_first_gen,Biology,2019,grad3,94.74,162,171
TR,fg,not_first_gen,Biology,2019,grad4,96.49,165,171
TR,fg,not_first_gen,Biology,2019,ret1,96.49,165,171
TR,fg,not_first_gen,Biology,2020,grad2,72.73,112,154
TR,fg,not_first_gen,Biology,2020,grad3,94.16,145,154
TR,fg,not_first_gen,Biology,2020,grad4,94.81,146,154
TR,fg,not_first_gen,Biology,2020,grad5,0.65,1,154
TR,fg,not_first_gen,Biology,2020,ret1,97.4,150,154
TR,fg,not_first_gen,Biology,2021,grad2,68.69,147,214
TR,fg,not_first_gen,Biology,2021,grad3,86.45,185,214
TR,fg,not_first_gen,Biology,2021,grad4,91.59,196,214
TR,fg,not_first_gen,Biology,2021,ret1,97.2,208,214
TR,fg,not_first_gen,Biology,2022,grad2,68.18,135,198
TR,fg,not_first_gen,Biology,2022,grad3,87.88,174,198
TR,fg,not_first_gen,Biology,2022,ret1,96.97,192,198
TR,fg,not_first_gen,Biology,2023,grad2,72.02,139,193
TR,fg,not_first_gen,Biology,2023,ret1,96.89,187,193
TR,fg,not_first_gen,Biology,2024,ret1,97.58,202,207
TR,fg,not_first_gen,Engineering,2014,grad2,5.92,20,338
TR,fg,not_first_gen,Engineering,2014,grad3,68.05,230,338
TR,fg,not_first_gen,Engineering,2014,grad4,82.84,280,338
TR,fg,not_first_gen,Engineering,2014,grad5,4.44,15,338
TR,fg,not_first_gen,Engineering,2014,ret1,93.49,316,338
TR,fg,not_first_gen,Engineering,2015,grad2,7.09,10,141
TR,fg,not_first_gen,Engineering,2015,grad3,75.89,107,141
TR,fg,not_first_gen,Engineering,2015,grad4,87.94,124,141
TR,fg,not_first_gen,Engineering,2015,ret1,94.33,133,141
TR,fg,not_first_gen,Engineering,2016,grad2,10.08,13,129
TR,fg,not_first_gen,Engineering,2016,grad3,74.42,96,129
TR,fg,not_first_gen,Engineering,2016,grad4,87.6,113,129
TR,fg,not_first_gen,Engineering,2016,ret1,91.47,118,129
TR,fg,not_first_gen,Engineering,2017,grad2,15.89,34,214
TR,fg,not_first_gen,Engineering,2017,grad3,80.37,172,214
TR,fg,not_first_gen,Engineering,2017,grad4,87.85,188,214
TR,fg,not_first_gen,Engineering,2017,ret1,94.86,203,214
TR,fg,not_first_gen,Engineering,2018,grad2,15.47,43,278
TR,fg,not_first_gen,Engineering,2018,grad3,75.9,211,278
TR,fg,not_first_gen,Engineering,2018,grad4,87.41,243,278
TR,fg,not_first_gen,Engineering,2018,grad5,3.24,9,278
TR,fg,not_first_gen,Engineering,2018,ret1,94.6,263,278
TR,fg,not_first_gen,Engineering,2019,grad2,25.59,54,211
TR,fg,not_first_gen,Engineering,2019,grad3,80.57,170,211
TR,fg,not_first_gen,Engineering,2019,grad4,88.15,186,211
TR,fg,not_first_gen,Engineering,2019,grad5,1.42,3,211
TR,fg,not_first_gen,Engineering,2019,ret1,96.21,203,211
TR,fg,not_first_gen,Engineering,2020,grad2,27.4,57,208
TR,fg,not_first_gen,Engineering,2020,grad3,80.29,167,208
TR,fg,not_first_gen,Engineering,2020,grad4,89.42,186,208
TR,fg,not_first_gen,Engineering,2020,grad5,1.92,4,208
TR,fg,not_first_gen,Engineering,2020,ret1,94.23,196,208
TR,fg,not_first_gen,Engineering,2021,grad2,29.84,57,191
TR,fg,not_first_gen,Engineering,2021,grad3,81.68,156,191
TR,fg,not_first_gen,Engineering,2021,grad4,90.58,173,191
TR,fg,not_first_gen,Engineering,2021,ret1,93.72,179,191
TR,fg,not_first_gen,Engineering,2022,grad2,26.03,38,146
TR,fg,not_first_gen,Engineering,2022,grad3,84.93,124,146
TR,fg,not_first_gen,Engineering,2022,ret1,96.58,141,146
TR,fg,not_first_gen,Engineering,2023,grad2,39.74,62,156
TR,fg,not_first_gen,Engineering,2023,ret1,93.59,146,156
TR,fg,not_first_gen,Engineering,2024,ret1,97.35,294,302
TR,fg,not_first_gen,Global Policy & Strategy,2014,grad2,65.62,21,32
TR,fg,not_first_gen,Global Policy & Strategy,2014,grad3,87.5,28,32
TR,fg,not_first_gen,Global Policy & Strategy,2014,grad4,90.62,29,32
TR,fg,not_first_gen,Global Policy & Strategy,2014,ret1,93.75,30,32
TR,fg,not_first_gen,Global Policy & Strategy,2015,grad2,57.14,28,49
TR,fg,not_first_gen,Global Policy & Strategy,2015,grad3,79.59,39,49
TR,fg,not_first_gen,Global Policy & Strategy,2015,grad4,87.76,43,49
TR,fg,not_first_gen,Global Policy & Strategy,2015,ret1,91.84,45,49
TR,fg,not_first_gen,Global Policy & Strategy,2016,grad2,54.7,64,117
TR,fg,not_first_gen,Global Policy & Strategy,2016,grad3,82.05,96,117
TR,fg,not_first_gen,Global Policy & Strategy,2016,grad4,88.89,104,117
TR,fg,not_first_gen,Global Policy & Strategy,2016,ret1,96.58,113,117
TR,fg,not_first_gen,Global Policy & Strategy,2017,grad2,56.56,69,122
TR,fg,not_first_gen,Global Policy & Strategy,2017,grad3,78.69,96,122
TR,fg,not_first_gen,Global Policy & Strategy,2017,grad4,85.25,104,122
TR,fg,not_first_gen,Global Policy & Strategy,2017,ret1,95.9,117,122
TR,fg,not_first_gen,Global Policy & Strategy,2018,grad2,69.43,109,157
TR,fg,not_first_gen,Global Policy & Strategy,2018,grad3,90.45,142,157
TR,fg,not_first_gen,Global Policy & Strategy,2018,grad4,92.36,145,157
TR,fg,not_first_gen,Global Policy & Strategy,2018,grad5,1.91,3,157
TR,fg,not_first_gen,Global Policy & Strategy,2018,ret1,90.45,142,157
TR,fg,not_first_gen,Global Policy & Strategy,2019,grad2,72.8,91,125
TR,fg,not_first_gen,Global Policy & Strategy,2019,grad3,87.2,109,125
TR,fg,not_first_gen,Global Policy & Strategy,2019,grad4,92.0,115,125
TR,fg,not_first_gen,Global Policy & Strategy,2019,grad5,0.8,1,125
TR,fg,not_first_gen,Global Policy & Strategy,2019,ret1,94.4,118,125
TR,fg,not_first_gen,Global Policy & Strategy,2020,grad2,56.45,70,124
TR,fg,not_first_gen,Global Policy & Strategy,2020,grad3,82.26,102,124
TR,fg,not_first_gen,Global Policy & Strategy,2020,grad4,84.68,105,124
TR,fg,not_first_gen,Global Policy & Strategy,2020,grad5,0.81,1,124
TR,fg,not_first_gen,Global Policy & Strategy,2020,ret1,88.71,110,124
TR,fg,not_first_gen,Global Policy & Strategy,2021,grad2,61.48,83,135
TR,fg,not_first_gen,Global Policy & Strategy,2021,grad3,80.74,109,135
TR,fg,not_first_gen,Global Policy & Strategy,2021,grad4,83.7,113,135
TR,fg,not_first_gen,Global Policy & Strategy,2021,ret1,88.15,119,135
TR,fg,not_first_gen,Global Policy & Strategy,2022,grad2,53.15,59,111
TR,fg,not_first_gen,Global Policy & Strategy,2022,grad3,80.18,89,111
TR,fg,not_first_gen,Global Policy & Strategy,2022,ret1,93.69,104,111
TR,fg,not_first_gen,Global Policy & Strategy,2023,grad2,55.56,45,81
TR,fg,not_first_gen,Global Policy & Strategy,2023,ret1,92.59,75,81
TR,fg,not_first_gen,Global Policy & Strategy,2024,ret1,93.9,77,82
TR,fg,not_first_gen,Halicioğlu Data Science Institute,2020,grad3,73.08,19,26
TR,fg,not_first_gen,Halicioğlu Data Science Institute,2020,grad4,84.62,22,26
TR,fg,not_first_gen,Halicioğlu Data Science Institute,2020,grad5,7.69,2,26
TR,fg,not_first_gen,Halicioğlu Data Science Institute,2020,ret1,96.15,25,26
TR,fg,not_first_gen,Halicioğlu Data Science Institute,2021,grad2,7.14,1,14
TR,fg,not_first_gen,Halicioğlu Data Science Institute,2021,grad3,57.14,8,14
TR,fg,not_first_gen,Halicioğlu Data Science Institute,2021,grad4,92.86,13,14
TR,fg,not_first_gen,Halicioğlu Data Science Institute,2021,ret1,100.0,14,14
TR,fg,not_first_gen,Halicioğlu Data Science Institute,2022,grad2,3.03,1,33
TR,fg,not_first_gen,Halicioğlu Data Science Institute,2022,grad3,84.85,28,33
TR,fg,not_first_gen,Halicioğlu Data Science Institute,2022,ret1,90.91,30,33
TR,fg,not_first_gen,Halicioğlu Data Science Institute,2023,grad2,5.88,3,51
TR,fg,not_first_gen,Halicioğlu Data Science Institute,2023,ret1,92.16,47,51
TR,fg,not_first_gen,Halicioğlu Data Science Institute,2024,ret1,96.39,80,83
TR,fg,not_first_gen,Physical Sciences,2014,grad2,27.85,22,79
TR,fg,not_first_gen,Physical Sciences,2014,grad3,63.29,50,79
TR,fg,not_first_gen,Physical Sciences,2014,grad4,79.75,63,79
TR,fg,not_first_gen,Physical Sciences,2014,grad5,6.33,5,79
TR,fg,not_first_gen,Physical Sciences,2014,ret1,93.67,74,79
TR,fg,not_first_gen,Physical Sciences,2015,grad2,28.89,52,180
TR,fg,not_first_gen,Physical Sciences,2015,grad3,73.33,132,180
TR,fg,not_first_gen,Physical Sciences,2015,grad4,84.44,152,180
TR,fg,not_first_gen,Physical Sciences,2015,ret1,93.33,168,180
TR,fg,not_first_gen,Physical Sciences,2016,grad2,25.93,42,162
TR,fg,not_first_gen,Physical Sciences,2016,grad3,66.05,107,162
TR,fg,not_first_gen,Physical Sciences,2016,grad4,79.01,128,162
TR,fg,not_first_gen,Physical Sciences,2016,ret1,91.36,148,162
TR,fg,not_first_gen,Physical Sciences,2017,grad2,42.18,62,147
TR,fg,not_first_gen,Physical Sciences,2017,grad3,72.79,107,147
TR,fg,not_first_gen,Physical Sciences,2017,grad4,80.95,119,147
TR,fg,not_first_gen,Physical Sciences,2017,ret1,89.8,132,147
TR,fg,not_first_gen,Physical Sciences,2018,grad2,50.0,69,138
TR,fg,not_first_gen,Physical Sciences,2018,grad3,81.88,113,138
TR,fg,not_first_gen,Physical Sciences,2018,grad4,88.41,122,138
TR,fg,not_first_gen,Physical Sciences,2018,grad5,5.07,7,138
TR,fg,not_first_gen,Physical Sciences,2018,ret1,92.75,128,138
TR,fg,not_first_gen,Physical Sciences,2019,grad2,55.56,105,189
TR,fg,not_first_gen,Physical Sciences,2019,grad3,83.6,158,189
TR,fg,not_first_gen,Physical Sciences,2019,grad4,87.3,165,189
TR,fg,not_first_gen,Physical Sciences,2019,grad5,2.12,4,189
TR,fg,not_first_gen,Physical Sciences,2019,ret1,94.18,178,189
TR,fg,not_first_gen,Physical Sciences,2020,grad2,52.85,65,123
TR,fg,not_first_gen,Physical Sciences,2020,grad3,78.86,97,123
TR,fg,not_first_gen,Physical Sciences,2020,grad4,86.18,106,123
TR,fg,not_first_gen,Physical Sciences,2020,grad5,4.07,5,123
TR,fg,not_first_gen,Physical Sciences,2020,ret1,89.43,110,123
TR,fg,not_first_gen,Physical Sciences,2021,grad2,54.0,81,150
TR,fg,not_first_gen,Physical Sciences,2021,grad3,82.0,123,150
TR,fg,not_first_gen,Physical Sciences,2021,grad4,86.67,130,150
TR,fg,not_first_gen,Physical Sciences,2021,ret1,94.0,141,150
TR,fg,not_first_gen,Physical Sciences,2022,grad2,47.57,49,103
TR,fg,not_first_gen,Physical Sciences,2022,grad3,77.67,80,103
TR,fg,not_first_gen,Physical Sciences,2022,ret1,89.32,92,103
TR,fg,not_first_gen,Physical Sciences,2023,grad2,57.62,87,151
TR,fg,not_first_gen,Physical Sciences,2023,ret1,96.69,146,151
TR,fg,not_first_gen,Physical Sciences,2024,ret1,92.86,156,168
TR,fg,not_first_gen,Public Health (Wertheim),2014,grad2,42.86,6,14
TR,fg,not_first_gen,Public Health (Wertheim),2014,grad3,85.71,12,14
TR,fg,not_first_gen,Public Health (Wertheim),2014,grad4,85.71,12,14
TR,fg,not_first_gen,Public Health (Wertheim),2014,ret1,85.71,12,14
TR,fg,not_first_gen,Public Health (Wertheim),2015,grad3,93.33,14,15
TR,fg,not_first_gen,Public Health (Wertheim),2015,grad4,100.0,15,15
TR,fg,not_first_gen,Public Health (Wertheim),2015,ret1,100.0,15,15
TR,fg,not_first_gen,Public Health (Wertheim),2016,grad3,87.5,14,16
TR,fg,not_first_gen,Public Health (Wertheim),2016,grad4,100.0,16,16
TR,fg,not_first_gen,Public Health (Wertheim),2016,ret1,100.0,16,16
TR,fg,not_first_gen,Public Health (Wertheim),2018,grad2,83.33,10,12
TR,fg,not_first_gen,Public Health (Wertheim),2018,grad3,91.67,11,12
TR,fg,not_first_gen,Public Health (Wertheim),2018,grad4,91.67,11,12
TR,fg,not_first_gen,Public Health (Wertheim),2018,ret1,91.67,11,12
TR,fg,not_first_gen,Public Health (Wertheim),2019,grad2,69.23,9,13
TR,fg,not_first_gen,Public Health (Wertheim),2019,grad3,100.0,13,13
TR,fg,not_first_gen,Public Health (Wertheim),2019,grad4,100.0,13,13
TR,fg,not_first_gen,Public Health (Wertheim),2019,ret1,100.0,13,13
TR,fg,not_first_gen,Public Health (Wertheim),2020,grad2,88.89,24,27
TR,fg,not_first_gen,Public Health (Wertheim),2020,grad3,96.3,26,27
TR,fg,not_first_gen,Public Health (Wertheim),2020,grad4,96.3,26,27
TR,fg,not_first_gen,Public Health (Wertheim),2020,ret1,96.3,26,27
TR,fg,not_first_gen,Public Health (Wertheim),2021,grad2,76.47,26,34
TR,fg,not_first_gen,Public Health (Wertheim),2021,grad3,94.12,32,34
TR,fg,not_first_gen,Public Health (Wertheim),2021,grad4,97.06,33,34
TR,fg,not_first_gen,Public Health (Wertheim),2021,ret1,97.06,33,34
TR,fg,not_first_gen,Public Health (Wertheim),2022,grad2,80.0,32,40
TR,fg,not_first_gen,Public Health (Wertheim),2022,grad3,92.5,37,40
TR,fg,not_first_gen,Public Health (Wertheim),2022,ret1,97.5,39,40
TR,fg,not_first_gen,Public Health (Wertheim),2023,grad2,70.27,26,37
TR,fg,not_first_gen,Public Health (Wertheim),2023,ret1,100.0,37,37
TR,fg,not_first_gen,Public Health (Wertheim),2024,ret1,97.44,38,39
TR,fg,not_first_gen,Scripps Institution of Oceanography,2014,grad2,33.33,5,15
TR,fg,not_first_gen,Scripps Institution of Oceanography,2014,grad3,66.67,10,15
TR,fg,not_first_gen,Scripps Institution of Oceanography,2014,grad4,86.67,13,15
TR,fg,not_first_gen,Scripps Institution of Oceanography,2014,ret1,93.33,14,15
TR,fg,not_first_gen,Scripps Institution of Oceanography,2015,grad3,78.57,11,14
TR,fg,not_first_gen,Scripps Institution of Oceanography,2015,grad4,78.57,11,14
TR,fg,not_first_gen,Scripps Institution of Oceanography,2015,ret1,92.86,13,14
TR,fg,not_first_gen,Scripps Institution of Oceanography,2016,grad3,73.91,17,23
TR,fg,not_first_gen,Scripps Institution of Oceanography,2016,grad4,86.96,20,23
TR,fg,not_first_gen,Scripps Institution of Oceanography,2016,ret1,91.3,21,23
TR,fg,not_first_gen,Scripps Institution of Oceanography,2017,grad2,33.33,12,36
TR,fg,not_first_gen,Scripps Institution of Oceanography,2017,grad3,75.0,27,36
TR,fg,not_first_gen,Scripps Institution of Oceanography,2017,grad4,83.33,30,36
TR,fg,not_first_gen,Scripps Institution of Oceanography,2017,ret1,97.22,35,36
TR,fg,not_first_gen,Scripps Institution of Oceanography,2018,grad2,46.15,18,39
TR,fg,not_first_gen,Scripps Institution of Oceanography,2018,grad3,79.49,31,39
TR,fg,not_first_gen,Scripps Institution of Oceanography,2018,grad4,87.18,34,39
TR,fg,not_first_gen,Scripps Institution of Oceanography,2018,ret1,92.31,36,39
TR,fg,not_first_gen,Scripps Institution of Oceanography,2019,grad2,62.5,20,32
TR,fg,not_first_gen,Scripps Institution of Oceanography,2019,grad3,87.5,28,32
TR,fg,not_first_gen,Scripps Institution of Oceanography,2019,grad4,90.62,29,32
TR,fg,not_first_gen,Scripps Institution of Oceanography,2019,grad5,3.12,1,32
TR,fg,not_first_gen,Scripps Institution of Oceanography,2019,ret1,96.88,31,32
TR,fg,not_first_gen,Scripps Institution of Oceanography,2020,grad2,62.5,15,24
TR,fg,not_first_gen,Scripps Institution of Oceanography,2020,grad3,79.17,19,24
TR,fg,not_first_gen,Scripps Institution of Oceanography,2020,grad4,87.5,21,24
TR,fg,not_first_gen,Scripps Institution of Oceanography,2020,ret1,95.83,23,24
TR,fg,not_first_gen,Scripps Institution of Oceanography,2021,grad2,45.16,14,31
TR,fg,not_first_gen,Scripps Institution of Oceanography,2021,grad3,83.87,26,31
TR,fg,not_first_gen,Scripps Institution of Oceanography,2021,grad4,90.32,28,31
TR,fg,not_first_gen,Scripps Institution of Oceanography,2021,ret1,93.55,29,31
TR,fg,not_first_gen,Scripps Institution of Oceanography,2022,grad2,46.67,21,45
TR,fg,not_first_gen,Scripps Institution of Oceanography,2022,grad3,80.0,36,45
TR,fg,not_first_gen,Scripps Institution of Oceanography,2022,ret1,88.89,40,45
TR,fg,not_first_gen,Scripps Institution of Oceanography,2023,grad2,76.47,13,17
TR,fg,not_first_gen,Scripps Institution of Oceanography,2023,ret1,100.0,17,17
TR,fg,not_first_gen,Scripps Institution of Oceanography,2024,ret1,100.0,36,36
TR,fg,not_first_gen,Social Sciences,2014,grad2,61.55,317,515
TR,fg,not_first_gen,Social Sciences,2014,grad3,87.57,451,515
TR,fg,not_first_gen,Social Sciences,2014,grad4,90.87,468,515
TR,fg,not_first_gen,Social Sciences,2014,grad5,0.58,3,515
TR,fg,not_first_gen,Social Sciences,2014,ret1,93.4,481,515
TR,fg,not_first_gen,Social Sciences,2015,grad2,59.65,337,565
TR,fg,not_first_gen,Social Sciences,2015,grad3,85.13,481,565
TR,fg,not_first_gen,Social Sciences,2015,grad4,89.38,505,565
TR,fg,not_first_gen,Social Sciences,2015,ret1,92.21,521,565
TR,fg,not_first_gen,Social Sciences,2016,grad2,60.71,323,532
TR,fg,not_first_gen,Social Sciences,2016,grad3,82.14,437,532
TR,fg,not_first_gen,Social Sciences,2016,grad4,89.29,475,532
TR,fg,not_first_gen,Social Sciences,2016,ret1,92.86,494,532
TR,fg,not_first_gen,Social Sciences,2017,grad2,66.27,387,584
TR,fg,not_first_gen,Social Sciences,2017,grad3,87.5,511,584
TR,fg,not_first_gen,Social Sciences,2017,grad4,91.95,537,584
TR,fg,not_first_gen,Social Sciences,2017,ret1,93.32,545,584
TR,fg,not_first_gen,Social Sciences,2018,grad2,66.05,395,598
TR,fg,not_first_gen,Social Sciences,2018,grad3,86.45,517,598
TR,fg,not_first_gen,Social Sciences,2018,grad4,89.63,536,598
TR,fg,not_first_gen,Social Sciences,2018,grad5,1.17,7,598
TR,fg,not_first_gen,Social Sciences,2018,ret1,92.64,554,598
TR,fg,not_first_gen,Social Sciences,2019,grad2,68.74,530,771
TR,fg,not_first_gen,Social Sciences,2019,grad3,87.16,672,771
TR,fg,not_first_gen,Social Sciences,2019,grad4,89.88,693,771
TR,fg,not_first_gen,Social Sciences,2019,grad5,1.43,11,771
TR,fg,not_first_gen,Social Sciences,2019,ret1,94.29,727,771
TR,fg,not_first_gen,Social Sciences,2020,grad2,66.56,434,652
TR,fg,not_first_gen,Social Sciences,2020,grad3,84.66,552,652
TR,fg,not_first_gen,Social Sciences,2020,grad4,88.65,578,652
TR,fg,not_first_gen,Social Sciences,2020,grad5,1.38,9,652
TR,fg,not_first_gen,Social Sciences,2020,ret1,91.87,599,652
TR,fg,not_first_gen,Social Sciences,2021,grad2,67.37,481,714
TR,fg,not_first_gen,Social Sciences,2021,grad3,84.45,603,714
TR,fg,not_first_gen,Social Sciences,2021,grad4,88.66,633,714
TR,fg,not_first_gen,Social Sciences,2021,ret1,91.88,656,714
TR,fg,not_first_gen,Social Sciences,2022,grad2,65.86,569,864
TR,fg,not_first_gen,Social Sciences,2022,grad3,84.61,731,864
TR,fg,not_first_gen,Social Sciences,2022,ret1,94.56,817,864
TR,fg,not_first_gen,Social Sciences,2023,grad2,68.3,612,896
TR,fg,not_first_gen,Social Sciences,2023,ret1,96.32,863,896
TR,fg,not_first_gen,Social Sciences,2024,ret1,95.82,1077,1124
TR,fg,not_first_gen,Special,2015,grad3,52.08,25,48
TR,fg,not_first_gen,Special,2015,grad4,64.58,31,48
TR,fg,not_first_gen,Special,2015,ret1,83.33,40,48
TR,fg,not_first_gen,Special,2016,grad2,12.61,15,119
TR,fg,not_first_gen,Special,2016,grad3,62.18,74,119
TR,fg,not_first_gen,Special,2016,grad4,83.19,99,119
TR,fg,not_first_gen,Special,2016,ret1,89.92,107,119
TR,pell,non_pell,Arts & Humanities,2014,grad2,43.08,28,65
TR,pell,non_pell,Arts & Humanities,2014,grad3,78.46,51,65
TR,pell,non_pell,Arts & Humanities,2014,grad4,86.15,56,65
TR,pell,non_pell,Arts & Humanities,2014,grad5,3.08,2,65
TR,pell,non_pell,Arts & Humanities,2014,ret1,92.31,60,65
TR,pell,non_pell,Arts & Humanities,2015,grad2,55.91,52,93
TR,pell,non_pell,Arts & Humanities,2015,grad3,82.8,77,93
TR,pell,non_pell,Arts & Humanities,2015,grad4,90.32,84,93
TR,pell,non_pell,Arts & Humanities,2015,ret1,90.32,84,93
TR,pell,non_pell,Arts & Humanities,2016,grad2,48.84,42,86
TR,pell,non_pell,Arts & Humanities,2016,grad3,93.02,80,86
TR,pell,non_pell,Arts & Humanities,2016,grad4,94.19,81,86
TR,pell,non_pell,Arts & Humanities,2016,ret1,95.35,82,86
TR,pell,non_pell,Arts & Humanities,2017,grad2,55.83,67,120
TR,pell,non_pell,Arts & Humanities,2017,grad3,80.0,96,120
TR,pell,non_pell,Arts & Humanities,2017,grad4,85.0,102,120
TR,pell,non_pell,Arts & Humanities,2017,ret1,96.67,116,120
TR,pell,non_pell,Arts & Humanities,2018,grad2,69.84,88,126
TR,pell,non_pell,Arts & Humanities,2018,grad3,85.71,108,126
TR,pell,non_pell,Arts & Humanities,2018,grad4,88.89,112,126
TR,pell,non_pell,Arts & Humanities,2018,grad5,0.79,1,126
TR,pell,non_pell,Arts & Humanities,2018,ret1,93.65,118,126
TR,pell,non_pell,Arts & Humanities,2019,grad2,60.74,82,135
TR,pell,non_pell,Arts & Humanities,2019,grad3,80.0,108,135
TR,pell,non_pell,Arts & Humanities,2019,grad4,85.19,115,135
TR,pell,non_pell,Arts & Humanities,2019,grad5,1.48,2,135
TR,pell,non_pell,Arts & Humanities,2019,ret1,88.89,120,135
TR,pell,non_pell,Arts & Humanities,2020,grad2,46.58,68,146
TR,pell,non_pell,Arts & Humanities,2020,grad3,78.08,114,146
TR,pell,non_pell,Arts & Humanities,2020,grad4,84.25,123,146
TR,pell,non_pell,Arts & Humanities,2020,grad5,2.74,4,146
TR,pell,non_pell,Arts & Humanities,2020,ret1,84.25,123,146
TR,pell,non_pell,Arts & Humanities,2021,grad2,55.56,90,162
TR,pell,non_pell,Arts & Humanities,2021,grad3,76.54,124,162
TR,pell,non_pell,Arts & Humanities,2021,grad4,83.33,135,162
TR,pell,non_pell,Arts & Humanities,2021,ret1,90.74,147,162
TR,pell,non_pell,Arts & Humanities,2022,grad2,65.42,70,107
TR,pell,non_pell,Arts & Humanities,2022,grad3,85.98,92,107
TR,pell,non_pell,Arts & Humanities,2022,ret1,95.33,102,107
TR,pell,non_pell,Arts & Humanities,2023,grad2,55.1,81,147
TR,pell,non_pell,Arts & Humanities,2023,ret1,91.84,135,147
TR,pell,non_pell,Arts & Humanities,2024,ret1,92.62,113,122
TR,pell,non_pell,Biology,2014,grad2,42.94,73,170
TR,pell,non_pell,Biology,2014,grad3,81.18,138,170
TR,pell,non_pell,Biology,2014,grad4,90.0,153,170
TR,pell,non_pell,Biology,2014,grad5,1.18,2,170
TR,pell,non_pell,Biology,2014,ret1,96.47,164,170
TR,pell,non_pell,Biology,2015,grad2,50.0,127,254
TR,pell,non_pell,Biology,2015,grad3,79.92,203,254
TR,pell,non_pell,Biology,2015,grad4,89.37,227,254
TR,pell,non_pell,Biology,2015,ret1,94.88,241,254
TR,pell,non_pell,Biology,2016,grad2,49.24,97,197
TR,pell,non_pell,Biology,2016,grad3,81.22,160,197
TR,pell,non_pell,Biology,2016,grad4,87.31,172,197
TR,pell,non_pell,Biology,2016,ret1,95.43,188,197
TR,pell,non_pell,Biology,2017,grad2,58.9,86,146
TR,pell,non_pell,Biology,2017,grad3,87.67,128,146
TR,pell,non_pell,Biology,2017,grad4,89.73,131,146
TR,pell,non_pell,Biology,2017,ret1,97.26,142,146
TR,pell,non_pell,Biology,2018,grad2,65.25,92,141
TR,pell,non_pell,Biology,2018,grad3,85.82,121,141
TR,pell,non_pell,Biology,2018,grad4,88.65,125,141
TR,pell,non_pell,Biology,2018,grad5,1.42,2,141
TR,pell,non_pell,Biology,2018,ret1,96.45,136,141
TR,pell,non_pell,Biology,2019,grad2,75.82,138,182
TR,pell,non_pell,Biology,2019,grad3,91.76,167,182
TR,pell,non_pell,Biology,2019,grad4,93.96,171,182
TR,pell,non_pell,Biology,2019,grad5,0.55,1,182
TR,pell,non_pell,Biology,2019,ret1,95.6,174,182
TR,pell,non_pell,Biology,2020,grad2,69.46,116,167
TR,pell,non_pell,Biology,2020,grad3,92.81,155,167
TR,pell,non_pell,Biology,2020,grad4,94.01,157,167
TR,pell,non_pell,Biology,2020,grad5,1.2,2,167
TR,pell,non_pell,Biology,2020,ret1,97.01,162,167
TR,pell,non_pell,Biology,2021,grad2,68.18,150,220
TR,pell,non_pell,Biology,2021,grad3,85.0,187,220
TR,pell,non_pell,Biology,2021,grad4,89.55,197,220
TR,pell,non_pell,Biology,2021,ret1,95.45,210,220
TR,pell,non_pell,Biology,2022,grad2,68.48,126,184
TR,pell,non_pell,Biology,2022,grad3,88.59,163,184
TR,pell,non_pell,Biology,2022,ret1,96.2,177,184
TR,pell,non_pell,Biology,2023,grad2,75.47,160,212
TR,pell,non_pell,Biology,2023,ret1,96.23,204,212
TR,pell,non_pell,Biology,2024,ret1,97.07,199,205
TR,pell,non_pell,Engineering,2014,grad2,6.76,23,340
TR,pell,non_pell,Engineering,2014,grad3,69.41,236,340
TR,pell,non_pell,Engineering,2014,grad4,82.94,282,340
TR,pell,non_pell,Engineering,2014,grad5,5.0,17,340
TR,pell,non_pell,Engineering,2014,ret1,93.82,319,340
TR,pell,non_pell,Engineering,2015,grad2,10.42,15,144
TR,pell,non_pell,Engineering,2015,grad3,80.56,116,144
TR,pell,non_pell,Engineering,2015,grad4,90.97,131,144
TR,pell,non_pell,Engineering,2015,ret1,96.53,139,144
TR,pell,non_pell,Engineering,2016,grad2,12.74,20,157
TR,pell,non_pell,Engineering,2016,grad3,80.25,126,157
TR,pell,non_pell,Engineering,2016,grad4,91.08,143,157
TR,pell,non_pell,Engineering,2016,ret1,93.63,147,157
TR,pell,non_pell,Engineering,2017,grad2,17.83,41,230
TR,pell,non_pell,Engineering,2017,grad3,83.48,192,230
TR,pell,non_pell,Engineering,2017,grad4,90.0,207,230
TR,pell,non_pell,Engineering,2017,ret1,93.48,215,230
TR,pell,non_pell,Engineering,2018,grad2,15.88,47,296
TR,pell,non_pell,Engineering,2018,grad3,77.7,230,296
TR,pell,non_pell,Engineering,2018,grad4,88.51,262,296
TR,pell,non_pell,Engineering,2018,grad5,4.39,13,296
TR,pell,non_pell,Engineering,2018,ret1,94.59,280,296
TR,pell,non_pell,Engineering,2019,grad2,26.97,65,241
TR,pell,non_pell,Engineering,2019,grad3,78.42,189,241
TR,pell,non_pell,Engineering,2019,grad4,88.38,213,241
TR,pell,non_pell,Engineering,2019,grad5,2.07,5,241
TR,pell,non_pell,Engineering,2019,ret1,94.61,228,241
TR,pell,non_pell,Engineering,2020,grad2,27.92,79,283
TR,pell,non_pell,Engineering,2020,grad3,77.39,219,283
TR,pell,non_pell,Engineering,2020,grad4,86.57,245,283
TR,pell,non_pell,Engineering,2020,grad5,2.83,8,283
TR,pell,non_pell,Engineering,2020,ret1,92.23,261,283
TR,pell,non_pell,Engineering,2021,grad2,28.75,69,240
TR,pell,non_pell,Engineering,2021,grad3,82.5,198,240
TR,pell,non_pell,Engineering,2021,grad4,90.83,218,240
TR,pell,non_pell,Engineering,2021,ret1,94.58,227,240
TR,pell,non_pell,Engineering,2022,grad2,24.31,44,181
TR,pell,non_pell,Engineering,2022,grad3,86.19,156,181
TR,pell,non_pell,Engineering,2022,ret1,96.13,174,181
TR,pell,non_pell,Engineering,2023,grad2,38.46,70,182
TR,pell,non_pell,Engineering,2023,ret1,95.05,173,182
TR,pell,non_pell,Engineering,2024,ret1,97.69,296,303
TR,pell,non_pell,Global Policy & Strategy,2014,grad2,67.65,23,34
TR,pell,non_pell,Global Policy & Strategy,2014,grad3,94.12,32,34
TR,pell,non_pell,Global Policy & Strategy,2014,grad4,94.12,32,34
TR,pell,non_pell,Global Policy & Strategy,2014,ret1,94.12,32,34
TR,pell,non_pell,Global Policy & Strategy,2015,grad2,67.35,33,49
TR,pell,non_pell,Global Policy & Strategy,2015,grad3,83.67,41,49
TR,pell,non_pell,Global Policy & Strategy,2015,grad4,89.8,44,49
TR,pell,non_pell,Global Policy & Strategy,2015,ret1,89.8,44,49
TR,pell,non_pell,Global Policy & Strategy,2016,grad2,63.45,92,145
TR,pell,non_pell,Global Policy & Strategy,2016,grad3,88.97,129,145
TR,pell,non_pell,Global Policy & Strategy,2016,grad4,95.17,138,145
TR,pell,non_pell,Global Policy & Strategy,2016,ret1,93.1,135,145
TR,pell,non_pell,Global Policy & Strategy,2017,grad2,65.77,98,149
TR,pell,non_pell,Global Policy & Strategy,2017,grad3,84.56,126,149
TR,pell,non_pell,Global Policy & Strategy,2017,grad4,88.59,132,149
TR,pell,non_pell,Global Policy & Strategy,2017,ret1,92.62,138,149
TR,pell,non_pell,Global Policy & Strategy,2018,grad2,74.79,175,234
TR,pell,non_pell,Global Policy & Strategy,2018,grad3,91.03,213,234
TR,pell,non_pell,Global Policy & Strategy,2018,grad4,93.16,218,234
TR,pell,non_pell,Global Policy & Strategy,2018,grad5,1.28,3,234
TR,pell,non_pell,Global Policy & Strategy,2018,ret1,91.45,214,234
TR,pell,non_pell,Global Policy & Strategy,2019,grad2,71.18,121,170
TR,pell,non_pell,Global Policy & Strategy,2019,grad3,89.41,152,170
TR,pell,non_pell,Global Policy & Strategy,2019,grad4,92.35,157,170
TR,pell,non_pell,Global Policy & Strategy,2019,grad5,0.59,1,170
TR,pell,non_pell,Global Policy & Strategy,2019,ret1,92.94,158,170
TR,pell,non_pell,Global Policy & Strategy,2020,grad2,61.78,139,225
TR,pell,non_pell,Global Policy & Strategy,2020,grad3,81.33,183,225
TR,pell,non_pell,Global Policy & Strategy,2020,grad4,85.78,193,225
TR,pell,non_pell,Global Policy & Strategy,2020,grad5,0.89,2,225
TR,pell,non_pell,Global Policy & Strategy,2020,ret1,85.78,193,225
TR,pell,non_pell,Global Policy & Strategy,2021,grad2,64.5,129,200
TR,pell,non_pell,Global Policy & Strategy,2021,grad3,81.5,163,200
TR,pell,non_pell,Global Policy & Strategy,2021,grad4,83.5,167,200
TR,pell,non_pell,Global Policy & Strategy,2021,ret1,86.0,172,200
TR,pell,non_pell,Global Policy & Strategy,2022,grad2,60.28,85,141
TR,pell,non_pell,Global Policy & Strategy,2022,grad3,84.4,119,141
TR,pell,non_pell,Global Policy & Strategy,2022,ret1,94.33,133,141
TR,pell,non_pell,Global Policy & Strategy,2023,grad2,58.62,68,116
TR,pell,non_pell,Global Policy & Strategy,2023,ret1,89.66,104,116
TR,pell,non_pell,Global Policy & Strategy,2024,ret1,88.99,97,109
TR,pell,non_pell,Halicioğlu Data Science Institute,2020,grad2,3.7,1,27
TR,pell,non_pell,Halicioğlu Data Science Institute,2020,grad3,77.78,21,27
TR,pell,non_pell,Halicioğlu Data Science Institute,2020,grad4,85.19,23,27
TR,pell,non_pell,Halicioğlu Data Science Institute,2020,grad5,7.41,2,27
TR,pell,non_pell,Halicioğlu Data Science Institute,2020,ret1,96.3,26,27
TR,pell,non_pell,Halicioğlu Data Science Institute,2021,grad3,62.5,10,16
TR,pell,non_pell,Halicioğlu Data Science Institute,2021,grad4,100.0,16,16
TR,pell,non_pell,Halicioğlu Data Science Institute,2021,ret1,100.0,16,16
TR,pell,non_pell,Halicioğlu Data Science Institute,2022,grad2,2.63,1,38
TR,pell,non_pell,Halicioğlu Data Science Institute,2022,grad3,81.58,31,38
TR,pell,non_pell,Halicioğlu Data Science Institute,2022,ret1,92.11,35,38
TR,pell,non_pell,Halicioğlu Data Science Institute,2023,grad2,6.35,4,63
TR,pell,non_pell,Halicioğlu Data Science Institute,2023,ret1,93.65,59,63
TR,pell,non_pell,Halicioğlu Data Science Institute,2024,ret1,96.0,96,100
TR,pell,non_pell,Physical Sciences,2014,grad2,30.67,23,75
TR,pell,non_pell,Physical Sciences,2014,grad3,70.67,53,75
TR,pell,non_pell,Physical Sciences,2014,grad4,86.67,65,75
TR,pell,non_pell,Physical Sciences,2014,grad5,5.33,4,75
TR,pell,non_pell,Physical Sciences,2014,ret1,96.0,72,75
TR,pell,non_pell,Physical Sciences,2015,grad2,31.98,63,197
TR,pell,non_pell,Physical Sciences,2015,grad3,72.59,143,197
TR,pell,non_pell,Physical Sciences,2015,grad4,83.76,165,197
TR,pell,non_pell,Physical Sciences,2015,ret1,92.39,182,197
TR,pell,non_pell,Physical Sciences,2016,grad2,32.98,62,188
TR,pell,non_pell,Physical Sciences,2016,grad3,72.87,137,188
TR,pell,non_pell,Physical Sciences,2016,grad4,82.45,155,188
TR,pell,non_pell,Physical Sciences,2016,ret1,92.02,173,188
TR,pell,non_pell,Physical Sciences,2017,grad2,45.62,73,160
TR,pell,non_pell,Physical Sciences,2017,grad3,79.38,127,160
TR,pell,non_pell,Physical Sciences,2017,grad4,85.62,137,160
TR,pell,non_pell,Physical Sciences,2017,ret1,89.38,143,160
TR,pell,non_pell,Physical Sciences,2018,grad2,54.25,83,153
TR,pell,non_pell,Physical Sciences,2018,grad3,82.35,126,153
TR,pell,non_pell,Physical Sciences,2018,grad4,86.93,133,153
TR,pell,non_pell,Physical Sciences,2018,grad5,3.27,5,153
TR,pell,non_pell,Physical Sciences,2018,ret1,92.81,142,153
TR,pell,non_pell,Physical Sciences,2019,grad2,58.9,139,236
TR,pell,non_pell,Physical Sciences,2019,grad3,85.17,201,236
TR,pell,non_pell,Physical Sciences,2019,grad4,90.25,213,236
TR,pell,non_pell,Physical Sciences,2019,grad5,1.69,4,236
TR,pell,non_pell,Physical Sciences,2019,ret1,96.61,228,236
TR,pell,non_pell,Physical Sciences,2020,grad2,50.83,92,181
TR,pell,non_pell,Physical Sciences,2020,grad3,77.35,140,181
TR,pell,non_pell,Physical Sciences,2020,grad4,84.53,153,181
TR,pell,non_pell,Physical Sciences,2020,grad5,3.31,6,181
TR,pell,non_pell,Physical Sciences,2020,ret1,87.29,158,181
TR,pell,non_pell,Physical Sciences,2021,grad2,56.76,126,222
TR,pell,non_pell,Physical Sciences,2021,grad3,82.88,184,222
TR,pell,non_pell,Physical Sciences,2021,grad4,87.39,194,222
TR,pell,non_pell,Physical Sciences,2021,ret1,91.44,203,222
TR,pell,non_pell,Physical Sciences,2022,grad2,56.25,63,112
TR,pell,non_pell,Physical Sciences,2022,grad3,80.36,90,112
TR,pell,non_pell,Physical Sciences,2022,ret1,91.07,102,112
TR,pell,non_pell,Physical Sciences,2023,grad2,60.0,102,170
TR,pell,non_pell,Physical Sciences,2023,ret1,92.35,157,170
TR,pell,non_pell,Physical Sciences,2024,ret1,93.69,193,206
TR,pell,non_pell,Public Health (Wertheim),2014,grad2,38.89,7,18
TR,pell,non_pell,Public Health (Wertheim),2014,grad3,83.33,15,18
TR,pell,non_pell,Public Health (Wertheim),2014,grad4,83.33,15,18
TR,pell,non_pell,Public Health (Wertheim),2014,ret1,83.33,15,18
TR,pell,non_pell,Public Health (Wertheim),2015,grad3,92.31,12,13
TR,pell,non_pell,Public Health (Wertheim),2015,grad4,92.31,12,13
TR,pell,non_pell,Public Health (Wertheim),2015,ret1,92.31,12,13
TR,pell,non_pell,Public Health (Wertheim),2016,grad3,86.67,13,15
TR,pell,non_pell,Public Health (Wertheim),2016,grad4,93.33,14,15
TR,pell,non_pell,Public Health (Wertheim),2016,ret1,93.33,14,15
TR,pell,non_pell,Public Health (Wertheim),2018,grad2,80.0,8,10
TR,pell,non_pell,Public Health (Wertheim),2018,grad3,10.0,1,10
TR,pell,non_pell,Public Health (Wertheim),2019,grad2,76.92,10,13
TR,pell,non_pell,Public Health (Wertheim),2019,grad3,100.0,13,13
TR,pell,non_pell,Public Health (Wertheim),2019,grad4,100.0,13,13
TR,pell,non_pell,Public Health (Wertheim),2019,ret1,100.0,13,13
TR,pell,non_pell,Public Health (Wertheim),2020,grad2,83.87,26,31
TR,pell,non_pell,Public Health (Wertheim),2020,grad3,90.32,28,31
TR,pell,non_pell,Public Health (Wertheim),2020,grad4,90.32,28,31
TR,pell,non_pell,Public Health (Wertheim),2020,ret1,93.55,29,31
TR,pell,non_pell,Public Health (Wertheim),2021,grad2,75.68,28,37
TR,pell,non_pell,Public Health (Wertheim),2021,grad3,94.59,35,37
TR,pell,non_pell,Public Health (Wertheim),2021,grad4,97.3,36,37
TR,pell,non_pell,Public Health (Wertheim),2021,ret1,91.89,34,37
TR,pell,non_pell,Public Health (Wertheim),2022,grad2,72.55,37,51
TR,pell,non_pell,Public Health (Wertheim),2022,grad3,92.16,47,51
TR,pell,non_pell,Public Health (Wertheim),2022,ret1,96.08,49,51
TR,pell,non_pell,Public Health (Wertheim),2023,grad2,76.92,30,39
TR,pell,non_pell,Public Health (Wertheim),2023,ret1,97.44,38,39
TR,pell,non_pell,Public Health (Wertheim),2024,ret1,97.78,44,45
TR,pell,non_pell,Scripps Institution of Oceanography,2014,grad2,33.33,4,12
TR,pell,non_pell,Scripps Institution of Oceanography,2014,grad3,41.67,5,12
TR,pell,non_pell,Scripps Institution of Oceanography,2014,grad4,83.33,10,12
TR,pell,non_pell,Scripps Institution of Oceanography,2014,ret1,91.67,11,12
TR,pell,non_pell,Scripps Institution of Oceanography,2015,grad3,93.75,15,16
TR,pell,non_pell,Scripps Institution of Oceanography,2015,grad4,93.75,15,16
TR,pell,non_pell,Scripps Institution of Oceanography,2015,ret1,93.75,15,16
TR,pell,non_pell,Scripps Institution of Oceanography,2016,grad3,76.47,13,17
TR,pell,non_pell,Scripps Institution of Oceanography,2016,grad4,88.24,15,17
TR,pell,non_pell,Scripps Institution of Oceanography,2016,ret1,94.12,16,17
TR,pell,non_pell,Scripps Institution of Oceanography,2017,grad2,36.36,12,33
TR,pell,non_pell,Scripps Institution of Oceanography,2017,grad3,72.73,24,33
TR,pell,non_pell,Scripps Institution of Oceanography,2017,grad4,78.79,26,33
TR,pell,non_pell,Scripps Institution of Oceanography,2017,ret1,96.97,32,33
TR,pell,non_pell,Scripps Institution of Oceanography,2018,grad2,45.0,18,40
TR,pell,non_pell,Scripps Institution of Oceanography,2018,grad3,75.0,30,40
TR,pell,non_pell,Scripps Institution of Oceanography,2018,grad4,87.5,35,40
TR,pell,non_pell,Scripps Institution of Oceanography,2018,ret1,95.0,38,40
TR,pell,non_pell,Scripps Institution of Oceanography,2019,grad2,50.0,20,40
TR,pell,non_pell,Scripps Institution of Oceanography,2019,grad3,80.0,32,40
TR,pell,non_pell,Scripps Institution of Oceanography,2019,grad4,90.0,36,40
TR,pell,non_pell,Scripps Institution of Oceanography,2019,ret1,95.0,38,40
TR,pell,non_pell,Scripps Institution of Oceanography,2020,grad2,55.17,16,29
TR,pell,non_pell,Scripps Institution of Oceanography,2020,grad3,79.31,23,29
TR,pell,non_pell,Scripps Institution of Oceanography,2020,grad4,86.21,25,29
TR,pell,non_pell,Scripps Institution of Oceanography,2020,ret1,93.1,27,29
TR,pell,non_pell,Scripps Institution of Oceanography,2021,grad2,45.65,21,46
TR,pell,non_pell,Scripps Institution of Oceanography,2021,grad3,80.43,37,46
TR,pell,non_pell,Scripps Institution of Oceanography,2021,grad4,82.61,38,46
TR,pell,non_pell,Scripps Institution of Oceanography,2021,ret1,89.13,41,46
TR,pell,non_pell,Scripps Institution of Oceanography,2022,grad2,54.0,27,50
TR,pell,non_pell,Scripps Institution of Oceanography,2022,grad3,80.0,40,50
TR,pell,non_pell,Scripps Institution of Oceanography,2022,ret1,92.0,46,50
TR,pell,non_pell,Scripps Institution of Oceanography,2023,grad2,79.17,19,24
TR,pell,non_pell,Scripps Institution of Oceanography,2023,ret1,95.83,23,24
TR,pell,non_pell,Scripps Institution of Oceanography,2024,ret1,100.0,34,34
TR,pell,non_pell,Social Sciences,2014,grad2,68.45,473,691
TR,pell,non_pell,Social Sciences,2014,grad3,89.73,620,691
TR,pell,non_pell,Social Sciences,2014,grad4,92.76,641,691
TR,pell,non_pell,Social Sciences,2014,grad5,0.72,5,691
TR,pell,non_pell,Social Sciences,2014,ret1,93.49,646,691
TR,pell,non_pell,Social Sciences,2015,grad2,65.76,461,701
TR,pell,non_pell,Social Sciences,2015,grad3,85.88,602,701
TR,pell,non_pell,Social Sciences,2015,grad4,89.87,630,701
TR,pell,non_pell,Social Sciences,2015,ret1,91.73,643,701
TR,pell,non_pell,Social Sciences,2016,grad2,64.85,463,714
TR,pell,non_pell,Social Sciences,2016,grad3,85.57,611,714
TR,pell,non_pell,Social Sciences,2016,grad4,91.18,651,714
TR,pell,non_pell,Social Sciences,2016,ret1,93.7,669,714
TR,pell,non_pell,Social Sciences,2017,grad2,68.25,490,718
TR,pell,non_pell,Social Sciences,2017,grad3,87.6,629,718
TR,pell,non_pell,Social Sciences,2017,grad4,91.36,656,718
TR,pell,non_pell,Social Sciences,2017,ret1,92.62,665,718
TR,pell,non_pell,Social Sciences,2018,grad2,67.92,487,717
TR,pell,non_pell,Social Sciences,2018,grad3,86.89,623,717
TR,pell,non_pell,Social Sciences,2018,grad4,90.38,648,717
TR,pell,non_pell,Social Sciences,2018,grad5,1.39,10,717
TR,pell,non_pell,Social Sciences,2018,ret1,92.33,662,717
TR,pell,non_pell,Social Sciences,2019,grad2,72.78,679,933
TR,pell,non_pell,Social Sciences,2019,grad3,88.85,829,933
TR,pell,non_pell,Social Sciences,2019,grad4,90.89,848,933
TR,pell,non_pell,Social Sciences,2019,grad5,0.96,9,933
TR,pell,non_pell,Social Sciences,2019,ret1,94.53,882,933
TR,pell,non_pell,Social Sciences,2020,grad2,67.16,638,950
TR,pell,non_pell,Social Sciences,2020,grad3,84.11,799,950
TR,pell,non_pell,Social Sciences,2020,grad4,88.21,838,950
TR,pell,non_pell,Social Sciences,2020,grad5,2.0,19,950
TR,pell,non_pell,Social Sciences,2020,ret1,89.89,854,950
TR,pell,non_pell,Social Sciences,2021,grad2,68.2,680,997
TR,pell,non_pell,Social Sciences,2021,grad3,84.15,839,997
TR,pell,non_pell,Social Sciences,2021,grad4,88.37,881,997
TR,pell,non_pell,Social Sciences,2021,ret1,91.27,910,997
TR,pell,non_pell,Social Sciences,2022,grad2,65.84,663,1007
TR,pell,non_pell,Social Sciences,2022,grad3,84.51,851,1007
TR,pell,non_pell,Social Sciences,2022,ret1,93.84,945,1007
TR,pell,non_pell,Social Sciences,2023,grad2,69.42,731,1053
TR,pell,non_pell,Social Sciences,2023,ret1,95.54,1006,1053
TR,pell,non_pell,Social Sciences,2024,ret1,94.69,1141,1205
TR,pell,non_pell,Special,2014,grad2,9.09,1,11
TR,pell,non_pell,Special,2014,grad3,45.45,5,11
TR,pell,non_pell,Special,2014,grad4,27.27,3,11
TR,pell,non_pell,Special,2014,grad5,9.09,1,11
TR,pell,non_pell,Special,2014,ret1,90.91,10,11
TR,pell,non_pell,Special,2015,grad3,56.52,26,46
TR,pell,non_pell,Special,2015,grad4,63.04,29,46
TR,pell,non_pell,Special,2015,ret1,80.43,37,46
TR,pell,non_pell,Special,2016,grad2,10.43,12,115
TR,pell,non_pell,Special,2016,grad3,57.39,66,115
TR,pell,non_pell,Special,2016,grad4,79.13,91,115
TR,pell,non_pell,Special,2016,ret1,86.09,99,115
TR,pell,pell,Arts & Humanities,2014,grad2,31.03,18,58
TR,pell,pell,Arts & Humanities,2014,grad3,82.76,48,58
TR,pell,pell,Arts & Humanities,2014,grad4,89.66,52,58
TR,pell,pell,Arts & Humanities,2014,grad5,3.45,2,58
TR,pell,pell,Arts & Humanities,2014,ret1,100.0,58,58
TR,pell,pell,Arts & Humanities,2015,grad2,45.59,31,68
TR,pell,pell,Arts & Humanities,2015,grad3,88.24,60,68
TR,pell,pell,Arts & Humanities,2015,grad4,94.12,64,68
TR,pell,pell,Arts & Humanities,2015,ret1,95.59,65,68
TR,pell,pell,Arts & Humanities,2016,grad2,36.78,32,87
TR,pell,pell,Arts & Humanities,2016,grad3,73.56,64,87
TR,pell,pell,Arts & Humanities,2016,grad4,79.31,69,87
TR,pell,pell,Arts & Humanities,2016,ret1,90.8,79,87
TR,pell,pell,Arts & Humanities,2017,grad2,52.94,63,119
TR,pell,pell,Arts & Humanities,2017,grad3,75.63,90,119
TR,pell,pell,Arts & Humanities,2017,grad4,82.35,98,119
TR,pell,pell,Arts & Humanities,2017,ret1,92.44,110,119
TR,pell,pell,Arts & Humanities,2018,grad2,50.39,64,127
TR,pell,pell,Arts & Humanities,2018,grad3,82.68,105,127
TR,pell,pell,Arts & Humanities,2018,grad4,86.61,110,127
TR,pell,pell,Arts & Humanities,2018,grad5,0.79,1,127
TR,pell,pell,Arts & Humanities,2018,ret1,96.06,122,127
TR,pell,pell,Arts & Humanities,2019,grad2,56.31,58,103
TR,pell,pell,Arts & Humanities,2019,grad3,71.84,74,103
TR,pell,pell,Arts & Humanities,2019,grad4,78.64,81,103
TR,pell,pell,Arts & Humanities,2019,grad5,0.97,1,103
TR,pell,pell,Arts & Humanities,2019,ret1,90.29,93,103
TR,pell,pell,Arts & Humanities,2020,grad2,54.7,64,117
TR,pell,pell,Arts & Humanities,2020,grad3,79.49,93,117
TR,pell,pell,Arts & Humanities,2020,grad4,86.32,101,117
TR,pell,pell,Arts & Humanities,2020,ret1,94.02,110,117
TR,pell,pell,Arts & Humanities,2021,grad2,59.82,67,112
TR,pell,pell,Arts & Humanities,2021,grad3,81.25,91,112
TR,pell,pell,Arts & Humanities,2021,grad4,83.93,94,112
TR,pell,pell,Arts & Humanities,2021,ret1,93.75,105,112
TR,pell,pell,Arts & Humanities,2022,grad2,52.69,49,93
TR,pell,pell,Arts & Humanities,2022,grad3,77.42,72,93
TR,pell,pell,Arts & Humanities,2022,ret1,93.55,87,93
TR,pell,pell,Arts & Humanities,2023,grad2,62.39,68,109
TR,pell,pell,Arts & Humanities,2023,ret1,92.66,101,109
TR,pell,pell,Arts & Humanities,2024,ret1,95.54,107,112
TR,pell,pell,Biology,2014,grad2,38.29,67,175
TR,pell,pell,Biology,2014,grad3,82.86,145,175
TR,pell,pell,Biology,2014,grad4,88.57,155,175
TR,pell,pell,Biology,2014,grad5,3.43,6,175
TR,pell,pell,Biology,2014,ret1,94.86,166,175
TR,pell,pell,Biology,2015,grad2,35.43,79,223
TR,pell,pell,Biology,2015,grad3,74.89,167,223
TR,pell,pell,Biology,2015,grad4,84.75,189,223
TR,pell,pell,Biology,2015,ret1,93.72,209,223
TR,pell,pell,Biology,2016,grad2,39.02,80,205
TR,pell,pell,Biology,2016,grad3,76.1,156,205
TR,pell,pell,Biology,2016,grad4,86.83,178,205
TR,pell,pell,Biology,2016,ret1,94.15,193,205
TR,pell,pell,Biology,2017,grad2,52.0,91,175
TR,pell,pell,Biology,2017,grad3,81.71,143,175
TR,pell,pell,Biology,2017,grad4,91.43,160,175
TR,pell,pell,Biology,2017,ret1,94.29,165,175
TR,pell,pell,Biology,2018,grad2,53.29,89,167
TR,pell,pell,Biology,2018,grad3,86.23,144,167
TR,pell,pell,Biology,2018,grad4,90.42,151,167
TR,pell,pell,Biology,2018,grad5,1.8,3,167
TR,pell,pell,Biology,2018,ret1,96.41,161,167
TR,pell,pell,Biology,2019,grad2,65.85,108,164
TR,pell,pell,Biology,2019,grad3,90.24,148,164
TR,pell,pell,Biology,2019,grad4,91.46,150,164
TR,pell,pell,Biology,2019,grad5,0.61,1,164
TR,pell,pell,Biology,2019,ret1,96.34,158,164
TR,pell,pell,Biology,2020,grad2,73.58,117,159
TR,pell,pell,Biology,2020,grad3,86.79,138,159
TR,pell,pell,Biology,2020,grad4,89.31,142,159
TR,pell,pell,Biology,2020,grad5,1.26,2,159
TR,pell,pell,Biology,2020,ret1,97.48,155,159
TR,pell,pell,Biology,2021,grad2,61.64,143,232
TR,pell,pell,Biology,2021,grad3,83.19,193,232
TR,pell,pell,Biology,2021,grad4,87.93,204,232
TR,pell,pell,Biology,2021,ret1,95.26,221,232
TR,pell,pell,Biology,2022,grad2,58.58,99,169
TR,pell,pell,Biology,2022,grad3,80.47,136,169
TR,pell,pell,Biology,2022,ret1,94.67,160,169
TR,pell,pell,Biology,2023,grad2,67.44,87,129
TR,pell,pell,Biology,2023,ret1,96.12,124,129
TR,pell,pell,Biology,2024,ret1,98.57,138,140
TR,pell,pell,Engineering,2014,grad2,5.13,16,312
TR,pell,pell,Engineering,2014,grad3,61.86,193,312
TR,pell,pell,Engineering,2014,grad4,79.49,248,312
TR,pell,pell,Engineering,2014,grad5,3.21,10,312
TR,pell,pell,Engineering,2014,ret1,92.95,290,312
TR,pell,pell,Engineering,2015,grad3,71.43,105,147
TR,pell,pell,Engineering,2015,grad4,84.35,124,147
TR,pell,pell,Engineering,2015,ret1,95.92,141,147
TR,pell,pell,Engineering,2016,grad2,8.7,10,115
TR,pell,pell,Engineering,2016,grad3,64.35,74,115
TR,pell,pell,Engineering,2016,grad4,80.0,92,115
TR,pell,pell,Engineering,2016,ret1,91.3,105,115
TR,pell,pell,Engineering,2017,grad3,67.24,117,174
TR,pell,pell,Engineering,2017,grad4,81.61,142,174
TR,pell,pell,Engineering,2017,ret1,95.98,167,174
TR,pell,pell,Engineering,2018,grad2,11.85,39,329
TR,pell,pell,Engineering,2018,grad3,70.21,231,329
TR,pell,pell,Engineering,2018,grad4,84.19,277,329
TR,pell,pell,Engineering,2018,grad5,3.65,12,329
TR,pell,pell,Engineering,2018,ret1,94.22,310,329
TR,pell,pell,Engineering,2019,grad2,15.92,25,157
TR,pell,pell,Engineering,2019,grad3,75.8,119,157
TR,pell,pell,Engineering,2019,grad4,82.17,129,157
TR,pell,pell,Engineering,2019,grad5,3.82,6,157
TR,pell,pell,Engineering,2019,ret1,95.54,150,157
TR,pell,pell,Engineering,2020,grad2,18.72,35,187
TR,pell,pell,Engineering,2020,grad3,72.73,136,187
TR,pell,pell,Engineering,2020,grad4,88.24,165,187
TR,pell,pell,Engineering,2020,grad5,1.07,2,187
TR,pell,pell,Engineering,2020,ret1,96.79,181,187
TR,pell,pell,Engineering,2021,grad2,17.86,30,168
TR,pell,pell,Engineering,2021,grad3,75.6,127,168
TR,pell,pell,Engineering,2021,grad4,87.5,147,168
TR,pell,pell,Engineering,2021,ret1,95.24,160,168
TR,pell,pell,Engineering,2022,grad2,19.63,21,107
TR,pell,pell,Engineering,2022,grad3,58.88,63,107
TR,pell,pell,Engineering,2022,ret1,93.46,100,107
TR,pell,pell,Engineering,2023,grad2,29.41,30,102
TR,pell,pell,Engineering,2023,ret1,96.08,98,102
TR,pell,pell,Engineering,2024,ret1,96.7,176,182
TR,pell,pell,Global Policy & Strategy,2014,grad2,27.27,3,11
TR,pell,pell,Global Policy & Strategy,2014,grad3,27.27,3,11
TR,pell,pell,Global Policy & Strategy,2014,grad4,9.09,1,11
TR,pell,pell,Global Policy & Strategy,2014,ret1,90.91,10,11
TR,pell,pell,Global Policy & Strategy,2015,grad2,45.24,19,42
TR,pell,pell,Global Policy & Strategy,2015,grad3,73.81,31,42
TR,pell,pell,Global Policy & Strategy,2015,grad4,83.33,35,42
TR,pell,pell,Global Policy & Strategy,2015,ret1,88.1,37,42
TR,pell,pell,Global Policy & Strategy,2016,grad2,51.81,43,83
TR,pell,pell,Global Policy & Strategy,2016,grad3,72.29,60,83
TR,pell,pell,Global Policy & Strategy,2016,grad4,79.52,66,83
TR,pell,pell,Global Policy & Strategy,2016,ret1,92.77,77,83
TR,pell,pell,Global Policy & Strategy,2017,grad2,55.29,47,85
TR,pell,pell,Global Policy & Strategy,2017,grad3,77.65,66,85
TR,pell,pell,Global Policy & Strategy,2017,grad4,85.88,73,85
TR,pell,pell,Global Policy & Strategy,2017,ret1,98.82,84,85
TR,pell,pell,Global Policy & Strategy,2018,grad2,59.74,46,77
TR,pell,pell,Global Policy & Strategy,2018,grad3,85.71,66,77
TR,pell,pell,Global Policy & Strategy,2018,grad4,88.31,68,77
TR,pell,pell,Global Policy & Strategy,2018,grad5,2.6,2,77
TR,pell,pell,Global Policy & Strategy,2018,ret1,90.91,70,77
TR,pell,pell,Global Policy & Strategy,2019,grad2,72.88,43,59
TR,pell,pell,Global Policy & Strategy,2019,grad3,83.05,49,59
TR,pell,pell,Global Policy & Strategy,2019,grad4,86.44,51,59
TR,pell,pell,Global Policy & Strategy,2019,ret1,94.92,56,59
TR,pell,pell,Global Policy & Strategy,2020,grad2,60.23,53,88
TR,pell,pell,Global Policy & Strategy,2020,grad3,78.41,69,88
TR,pell,pell,Global Policy & Strategy,2020,grad4,81.82,72,88
TR,pell,pell,Global Policy & Strategy,2020,grad5,1.14,1,88
TR,pell,pell,Global Policy & Strategy,2020,ret1,92.05,81,88
TR,pell,pell,Global Policy & Strategy,2021,grad2,57.14,48,84
TR,pell,pell,Global Policy & Strategy,2021,grad3,82.14,69,84
TR,pell,pell,Global Policy & Strategy,2021,grad4,84.52,71,84
TR,pell,pell,Global Policy & Strategy,2021,ret1,92.86,78,84
TR,pell,pell,Global Policy & Strategy,2022,grad2,47.37,27,57
TR,pell,pell,Global Policy & Strategy,2022,grad3,68.42,39,57
TR,pell,pell,Global Policy & Strategy,2022,ret1,91.23,52,57
TR,pell,pell,Global Policy & Strategy,2023,grad2,57.63,34,59
TR,pell,pell,Global Policy & Strategy,2023,ret1,100.0,59,59
TR,pell,pell,Global Policy & Strategy,2024,ret1,96.43,54,56
TR,pell,pell,Halicioğlu Data Science Institute,2020,grad3,50.0,7,14
TR,pell,pell,Halicioğlu Data Science Institute,2020,grad4,71.43,10,14
TR,pell,pell,Halicioğlu Data Science Institute,2020,grad5,14.29,2,14
TR,pell,pell,Halicioğlu Data Science Institute,2020,ret1,85.71,12,14
TR,pell,pell,Halicioğlu Data Science Institute,2021,grad2,9.09,1,11
TR,pell,pell,Halicioğlu Data Science Institute,2021,grad3,63.64,7,11
TR,pell,pell,Halicioğlu Data Science Institute,2021,grad4,9.09,1,11
TR,pell,pell,Halicioğlu Data Science Institute,2021,ret1,90.91,10,11
TR,pell,pell,Halicioğlu Data Science Institute,2022,grad2,10.0,1,10
TR,pell,pell,Halicioğlu Data Science Institute,2022,grad3,80.0,8,10
TR,pell,pell,Halicioğlu Data Science Institute,2022,ret1,100.0,10,10
TR,pell,pell,Halicioğlu Data Science Institute,2023,grad2,8.33,2,24
TR,pell,pell,Halicioğlu Data Science Institute,2023,ret1,100.0,24,24
TR,pell,pell,Halicioğlu Data Science Institute,2024,ret1,100.0,27,27
TR,pell,pell,Physical Sciences,2014,grad2,23.86,21,88
TR,pell,pell,Physical Sciences,2014,grad3,67.05,59,88
TR,pell,pell,Physical Sciences,2014,grad4,81.82,72,88
TR,pell,pell,Physical Sciences,2014,grad5,2.27,2,88
TR,pell,pell,Physical Sciences,2014,ret1,94.32,83,88
TR,pell,pell,Physical Sciences,2015,grad2,19.58,37,189
TR,pell,pell,Physical Sciences,2015,grad3,66.14,125,189
TR,pell,pell,Physical Sciences,2015,grad4,75.13,142,189
TR,pell,pell,Physical Sciences,2015,ret1,88.36,167,189
TR,pell,pell,Physical Sciences,2016,grad2,26.29,51,194
TR,pell,pell,Physical Sciences,2016,grad3,61.86,120,194
TR,pell,pell,Physical Sciences,2016,grad4,76.8,149,194
TR,pell,pell,Physical Sciences,2016,ret1,87.11,169,194
TR,pell,pell,Physical Sciences,2017,grad2,32.54,41,126
TR,pell,pell,Physical Sciences,2017,grad3,69.84,88,126
TR,pell,pell,Physical Sciences,2017,grad4,81.75,103,126
TR,pell,pell,Physical Sciences,2017,ret1,94.44,119,126
TR,pell,pell,Physical Sciences,2018,grad2,41.86,54,129
TR,pell,pell,Physical Sciences,2018,grad3,74.42,96,129
TR,pell,pell,Physical Sciences,2018,grad4,82.17,106,129
TR,pell,pell,Physical Sciences,2018,grad5,5.43,7,129
TR,pell,pell,Physical Sciences,2018,ret1,90.7,117,129
TR,pell,pell,Physical Sciences,2019,grad2,47.71,73,153
TR,pell,pell,Physical Sciences,2019,grad3,81.7,125,153
TR,pell,pell,Physical Sciences,2019,grad4,84.97,130,153
TR,pell,pell,Physical Sciences,2019,grad5,1.96,3,153
TR,pell,pell,Physical Sciences,2019,ret1,93.46,143,153
TR,pell,pell,Physical Sciences,2020,grad2,55.56,70,126
TR,pell,pell,Physical Sciences,2020,grad3,77.78,98,126
TR,pell,pell,Physical Sciences,2020,grad4,82.54,104,126
TR,pell,pell,Physical Sciences,2020,grad5,1.59,2,126
TR,pell,pell,Physical Sciences,2020,ret1,91.27,115,126
TR,pell,pell,Physical Sciences,2021,grad2,52.78,76,144
TR,pell,pell,Physical Sciences,2021,grad3,78.47,113,144
TR,pell,pell,Physical Sciences,2021,grad4,85.42,123,144
TR,pell,pell,Physical Sciences,2021,ret1,91.67,132,144
TR,pell,pell,Physical Sciences,2022,grad2,47.13,41,87
TR,pell,pell,Physical Sciences,2022,grad3,77.01,67,87
TR,pell,pell,Physical Sciences,2022,ret1,89.66,78,87
TR,pell,pell,Physical Sciences,2023,grad2,49.02,50,102
TR,pell,pell,Physical Sciences,2023,ret1,95.1,97,102
TR,pell,pell,Physical Sciences,2024,ret1,93.1,81,87
TR,pell,pell,Public Health (Wertheim),2014,grad2,66.67,10,15
TR,pell,pell,Public Health (Wertheim),2014,grad3,93.33,14,15
TR,pell,pell,Public Health (Wertheim),2014,grad4,93.33,14,15
TR,pell,pell,Public Health (Wertheim),2014,ret1,93.33,14,15
TR,pell,pell,Public Health (Wertheim),2015,grad3,85.71,18,21
TR,pell,pell,Public Health (Wertheim),2015,grad4,95.24,20,21
TR,pell,pell,Public Health (Wertheim),2015,ret1,100.0,21,21
TR,pell,pell,Public Health (Wertheim),2016,grad2,58.33,14,24
TR,pell,pell,Public Health (Wertheim),2016,grad3,87.5,21,24
TR,pell,pell,Public Health (Wertheim),2016,grad4,100.0,24,24
TR,pell,pell,Public Health (Wertheim),2016,ret1,100.0,24,24
TR,pell,pell,Public Health (Wertheim),2017,grad2,78.57,11,14
TR,pell,pell,Public Health (Wertheim),2017,grad3,100.0,14,14
TR,pell,pell,Public Health (Wertheim),2017,grad4,100.0,14,14
TR,pell,pell,Public Health (Wertheim),2017,ret1,100.0,14,14
TR,pell,pell,Public Health (Wertheim),2018,grad2,58.82,10,17
TR,pell,pell,Public Health (Wertheim),2018,grad3,88.24,15,17
TR,pell,pell,Public Health (Wertheim),2018,grad4,88.24,15,17
TR,pell,pell,Public Health (Wertheim),2018,ret1,100.0,17,17
TR,pell,pell,Public Health (Wertheim),2019,grad2,66.67,14,21
TR,pell,pell,Public Health (Wertheim),2019,grad3,95.24,20,21
TR,pell,pell,Public Health (Wertheim),2019,grad4,95.24,20,21
TR,pell,pell,Public Health (Wertheim),2019,ret1,100.0,21,21
TR,pell,pell,Public Health (Wertheim),2020,grad2,78.12,25,32
TR,pell,pell,Public Health (Wertheim),2020,grad3,93.75,30,32
TR,pell,pell,Public Health (Wertheim),2020,grad4,96.88,31,32
TR,pell,pell,Public Health (Wertheim),2020,ret1,100.0,32,32
TR,pell,pell,Public Health (Wertheim),2021,grad2,78.05,32,41
TR,pell,pell,Public Health (Wertheim),2021,grad3,82.93,34,41
TR,pell,pell,Public Health (Wertheim),2021,grad4,90.24,37,41
TR,pell,pell,Public Health (Wertheim),2021,ret1,95.12,39,41
TR,pell,pell,Public Health (Wertheim),2022,grad2,77.78,28,36
TR,pell,pell,Public Health (Wertheim),2022,grad3,94.44,34,36
TR,pell,pell,Public Health (Wertheim),2022,ret1,97.22,35,36
TR,pell,pell,Public Health (Wertheim),2023,grad2,53.33,16,30
TR,pell,pell,Public Health (Wertheim),2023,ret1,86.67,26,30
TR,pell,pell,Public Health (Wertheim),2024,ret1,100.0,40,40
TR,pell,pell,Scripps Institution of Oceanography,2016,grad3,52.0,13,25
TR,pell,pell,Scripps Institution of Oceanography,2016,grad4,64.0,16,25
TR,pell,pell,Scripps Institution of Oceanography,2016,ret1,80.0,20,25
TR,pell,pell,Scripps Institution of Oceanography,2017,grad2,31.25,10,32
TR,pell,pell,Scripps Institution of Oceanography,2017,grad3,65.62,21,32
TR,pell,pell,Scripps Institution of Oceanography,2017,grad4,75.0,24,32
TR,pell,pell,Scripps Institution of Oceanography,2017,ret1,93.75,30,32
TR,pell,pell,Scripps Institution of Oceanography,2018,grad2,32.26,10,31
TR,pell,pell,Scripps Institution of Oceanography,2018,grad3,64.52,20,31
TR,pell,pell,Scripps Institution of Oceanography,2018,grad4,70.97,22,31
TR,pell,pell,Scripps Institution of Oceanography,2018,ret1,87.1,27,31
TR,pell,pell,Scripps Institution of Oceanography,2019,grad2,54.55,12,22
TR,pell,pell,Scripps Institution of Oceanography,2019,grad3,81.82,18,22
TR,pell,pell,Scripps Institution of Oceanography,2019,grad4,81.82,18,22
TR,pell,pell,Scripps Institution of Oceanography,2019,grad5,9.09,2,22
TR,pell,pell,Scripps Institution of Oceanography,2019,ret1,100.0,22,22
TR,pell,pell,Scripps Institution of Oceanography,2020,grad2,52.0,13,25
TR,pell,pell,Scripps Institution of Oceanography,2020,grad3,84.0,21,25
TR,pell,pell,Scripps Institution of Oceanography,2020,grad4,88.0,22,25
TR,pell,pell,Scripps Institution of Oceanography,2020,ret1,92.0,23,25
TR,pell,pell,Scripps Institution of Oceanography,2021,grad2,52.94,9,17
TR,pell,pell,Scripps Institution of Oceanography,2021,grad3,64.71,11,17
TR,pell,pell,Scripps Institution of Oceanography,2021,grad4,88.24,15,17
TR,pell,pell,Scripps Institution of Oceanography,2021,ret1,100.0,17,17
TR,pell,pell,Scripps Institution of Oceanography,2022,grad2,41.67,10,24
TR,pell,pell,Scripps Institution of Oceanography,2022,grad3,79.17,19,24
TR,pell,pell,Scripps Institution of Oceanography,2022,ret1,87.5,21,24
TR,pell,pell,Scripps Institution of Oceanography,2023,grad2,52.94,9,17
TR,pell,pell,Scripps Institution of Oceanography,2023,ret1,94.12,16,17
TR,pell,pell,Scripps Institution of Oceanography,2024,ret1,100.0,21,21
TR,pell,pell,Social Sciences,2014,grad2,52.67,197,374
TR,pell,pell,Social Sciences,2014,grad3,85.56,320,374
TR,pell,pell,Social Sciences,2014,grad4,91.71,343,374
TR,pell,pell,Social Sciences,2014,grad5,1.07,4,374
TR,pell,pell,Social Sciences,2014,ret1,94.92,355,374
TR,pell,pell,Social Sciences,2015,grad2,57.86,243,420
TR,pell,pell,Social Sciences,2015,grad3,85.0,357,420
TR,pell,pell,Social Sciences,2015,grad4,90.0,378,420
TR,pell,pell,Social Sciences,2015,ret1,94.52,397,420
TR,pell,pell,Social Sciences,2016,grad2,52.13,208,399
TR,pell,pell,Social Sciences,2016,grad3,75.69,302,399
TR,pell,pell,Social Sciences,2016,grad4,83.71,334,399
TR,pell,pell,Social Sciences,2016,ret1,92.98,371,399
TR,pell,pell,Social Sciences,2017,grad2,56.58,318,562
TR,pell,pell,Social Sciences,2017,grad3,82.03,461,562
TR,pell,pell,Social Sciences,2017,grad4,88.26,496,562
TR,pell,pell,Social Sciences,2017,ret1,93.42,525,562
TR,pell,pell,Social Sciences,2018,grad2,58.63,309,527
TR,pell,pell,Social Sciences,2018,grad3,80.65,425,527
TR,pell,pell,Social Sciences,2018,grad4,84.82,447,527
TR,pell,pell,Social Sciences,2018,grad5,0.57,3,527
TR,pell,pell,Social Sciences,2018,ret1,92.98,490,527
TR,pell,pell,Social Sciences,2019,grad2,62.85,335,533
TR,pell,pell,Social Sciences,2019,grad3,83.49,445,533
TR,pell,pell,Social Sciences,2019,grad4,86.68,462,533
TR,pell,pell,Social Sciences,2019,grad5,2.44,13,533
TR,pell,pell,Social Sciences,2019,ret1,95.31,508,533
TR,pell,pell,Social Sciences,2020,grad2,61.24,335,547
TR,pell,pell,Social Sciences,2020,grad3,79.89,437,547
TR,pell,pell,Social Sciences,2020,grad4,84.83,464,547
TR,pell,pell,Social Sciences,2020,grad5,0.91,5,547
TR,pell,pell,Social Sciences,2020,ret1,92.87,508,547
TR,pell,pell,Social Sciences,2021,grad2,59.75,389,651
TR,pell,pell,Social Sciences,2021,grad3,78.96,514,651
TR,pell,pell,Social Sciences,2021,grad4,84.79,552,651
TR,pell,pell,Social Sciences,2021,ret1,92.47,602,651
TR,pell,pell,Social Sciences,2022,grad2,62.21,382,614
TR,pell,pell,Social Sciences,2022,grad3,79.64,489,614
TR,pell,pell,Social Sciences,2022,ret1,93.81,576,614
TR,pell,pell,Social Sciences,2023,grad2,64.13,404,630
TR,pell,pell,Social Sciences,2023,ret1,93.65,590,630
TR,pell,pell,Social Sciences,2024,ret1,95.24,721,757
TR,pell,pell,Special,2015,grad3,50.0,21,42
TR,pell,pell,Special,2015,grad4,64.29,27,42
TR,pell,pell,Special,2015,ret1,85.71,36,42
TR,pell,pell,Special,2016,grad2,17.09,20,117
TR,pell,pell,Special,2016,grad3,54.7,64,117
TR,pell,pell,Special,2016,grad4,72.65,85,117
TR,pell,pell,Special,2016,ret1,88.03,103,117
