cds14,year,enr11,sed_n,sed_pct,el_n,el_pct
01100170112607,2016,91,66,72.5,10,11.0
01100170130401,2016,71,48,67.6,4,5.6
01100170130419,2016,132,102,77.3,20,15.2
01316090131755,2016,8,8,100.0,3,37.5
01316170131763,2016,42,31,73.8,2,4.8
01611190106401,2016,47,18,38.3,1,2.1
01611190119222,2016,23,7,30.4,3,13.0
01611190130229,2016,426,88,20.7,35,8.2
01611190130609,2016,53,8,15.1,5,9.4
01611190130625,2016,50,45,90.0,27,54.0
01611190132142,2016,243,108,44.4,42,17.3
01611190134304,2016,67,39,58.2,10,14.9
01611270130294,2016,4,2,50.0,0,0.0
01611270130450,2016,308,59,19.2,18,5.8
01611430122697,2016,73,59,80.8,17,23.3
01611430131177,2016,804,230,28.6,57,7.1
01611430134924,2016,45,32,71.1,2,4.4
01611436056857,2016,1,1,100.0,0,0.0
01611436090252,2016,1,0,0.0,0,0.0
01611500132225,2016,693,133,19.2,32,4.6
01611500135533,2016,82,33,40.2,4,4.9
01611680132746,2016,37,30,81.1,3,8.1
01611760130062,2016,515,130,25.2,27,5.2
01611760130138,2016,92,57,62.0,13,14.1
01611760130435,2016,15,8,53.3,0,0.0
01611760130534,2016,46,10,21.7,5,10.9
01611760134270,2016,504,86,17.1,34,6.7
01611760134452,2016,320,160,50.0,41,12.8
01611760135244,2016,469,16,3.4,5,1.1
01611760138693,2016,402,138,34.3,31,7.7
01611766201172,2016,1,1,100.0,0,0.0
01611767087794,2016,1,0,0.0,0,0.0
01611920108670,2016,120,85,70.8,11,9.2
01611920113902,2016,112,71,63.4,3,2.7
01611920127944,2016,44,25,56.8,13,29.5
01611920133009,2016,94,57,60.6,16,17.0
01611920133629,2016,380,266,70.0,48,12.6
01611920135319,2016,511,360,70.5,39,7.6
01611920138339,2016,339,280,82.6,98,28.9
01612000120931,2016,135,16,11.9,0,0.0
01612000130393,2016,47,10,21.3,1,2.1
01612000132670,2016,78,48,61.5,9,11.5
01612000133397,2016,462,86,18.6,22,4.8
01612000134536,2016,398,98,24.6,20,5.0
01612340130054,2016,351,147,41.9,15,4.3
01612340130484,2016,23,10,43.5,4,17.4
01612340135426,2016,38,22,57.9,3,7.9
01612420110460,2016,59,41,69.5,11,18.6
01612420110478,2016,5,5,100.0,2,40.0
01612420126763,2016,54,26,48.1,8,14.8
01612420134668,2016,852,398,46.7,102,12.0
01612590100065,2016,63,56,88.9,13,20.6
01612590100701,2016,39,31,79.5,3,7.7
01612590106542,2016,1,1,100.0,1,100.0
01612590106906,2016,22,22,100.0,8,36.4
01612590108944,2016,59,47,79.7,4,6.8
01612590110189,2016,68,58,85.3,1,1.5
01612590111856,2016,32,29,90.6,4,12.5
01612590112797,2016,63,61,96.8,11,17.5
01612590114868,2016,84,73,86.9,18,21.4
01612590115238,2016,56,55,98.2,18,32.1
01612590115667,2016,105,97,92.4,102,97.1
01612590118224,2016,57,49,86.0,12,21.1
01612590118653,2016,65,58,89.2,5,7.7
01612590119859,2016,16,13,81.2,1,6.2
01612590125161,2016,129,107,82.9,29,22.5
01612590125716,2016,167,145,86.8,60,35.9
01612590126748,2016,62,59,95.2,9,14.5
01612590130146,2016,66,53,80.3,14,21.2
01612590130179,2016,47,34,72.3,8,17.0
01612590130575,2016,64,61,95.3,12,18.8
01612590130617,2016,78,63,80.8,16,20.5
01612590130666,2016,83,74,89.2,14,16.9
01612590132555,2016,2,1,50.0,0,0.0
01612590132688,2016,82,68,82.9,23,28.0
01612590135905,2016,333,286,85.9,71,21.3
01612590136051,2016,485,230,47.4,25,5.2
01612590137943,2016,380,304,80.0,54,14.2
01612593030772,2016,110,16,14.5,0,0.0
01612596066450,2016,76,72,94.7,21,27.6
01612596114011,2016,75,52,69.3,10,13.3
01612750130286,2016,25,2,8.0,1,4.0
01612750136515,2016,199,2,1.0,2,1.0
01612910134528,2016,61,41,67.2,13,21.3
01612910137588,2016,579,355,61.3,65,11.2
01613090111799,2016,47,30,63.8,2,4.3
01613090114421,2016,135,97,71.9,4,3.0
01613090130849,2016,442,235,53.2,21,4.8
01613090137745,2016,70,52,74.3,12,17.1
01613090137810,2016,330,256,77.6,47,14.2
01750930132704,2016,496,34,6.9,13,2.6
01750930138453,2016,32,5,15.6,2,6.2
01751010130096,2016,513,26,5.1,7,1.4
01751010130252,2016,49,13,26.5,1,2.0
01751010130583,2016,611,38,6.2,11,1.8
01751010175101,2016,18,3,16.7,1,5.6
02100250230011,2016,1,0,0.0,0,0.0
03100330330035,2016,5,2,40.0,0,0.0
03100330330068,2016,7,5,71.4,0,0.0
03739810330019,2016,29,23,79.3,0,0.0
03739810330050,2016,23,15,65.2,0,0.0
03739810330753,2016,146,45,30.8,0,0.0
03739810334755,2016,124,35,28.2,0,0.0
04100410114991,2016,109,46,42.2,0,0.0
04100410129817,2016,12,12,100.0,0,0.0
04100410430066,2016,12,11,91.7,2,16.7
04100410430090,2016,47,37,78.7,0,0.0
04614080430207,2016,3,3,100.0,0,0.0
04614080430827,2016,32,26,81.2,4,12.5
04614240111039,2016,7,6,85.7,1,14.3
04614240120394,2016,97,15,15.5,5,5.2
04614240123976,2016,12,11,91.7,2,16.7
04614240430199,2016,41,30,73.2,3,7.3
04614240431502,2016,66,48,72.7,2,3.0
04614240431676,2016,415,140,33.7,24,5.8
04614240437558,2016,404,133,32.9,8,2.0
04614320433201,2016,81,22,27.2,3,3.7
04614400121509,2016,12,6,50.0,0,0.0
04614570125252,2016,16,10,62.5,0,0.0
04615150430140,2016,7,6,85.7,0,0.0
04615150434803,2016,237,151,63.7,10,4.2
04615150435602,2016,226,165,73.0,17,7.5
04615150437566,2016,59,54,91.5,0,0.0
04615310121715,2016,19,11,57.9,0,0.0
04615310430108,2016,4,3,75.0,0,0.0
04615310432856,2016,44,36,81.8,0,0.0
04615310437350,2016,250,125,50.0,1,0.4
04615316112585,2016,20,14,70.0,0,0.0
04755070433946,2016,14,11,78.6,2,14.3
04755070433953,2016,137,80,58.4,14,10.2
05100580530048,2016,3,3,100.0,0,0.0
05100580530154,2016,66,33,50.0,0,0.0
05100586077150,2016,1,0,0.0,0,0.0
05100589010745,2016,5,5,100.0,1,20.0
05615560530014,2016,10,9,90.0,0,0.0
05615560530121,2016,7,1,14.3,0,0.0
05615560532507,2016,159,86,54.1,1,0.6
05615567056229,2016,1,0,0.0,0,0.0
05615640530022,2016,6,5,83.3,0,0.0
05615640530055,2016,10,8,80.0,0,0.0
05615640531509,2016,218,140,64.2,1,0.5
06615980630012,2016,6,4,66.7,1,16.7
06615980630046,2016,15,8,53.3,3,20.0
06615980631259,2016,88,42,47.7,13,14.8
06616060634758,2016,26,16,61.5,4,15.4
06616140630087,2016,5,4,80.0,2,40.0
06616140635250,2016,110,76,69.1,15,13.6
06616220630038,2016,11,8,72.7,6,54.5
06616220637504,2016,92,78,84.8,11,12.0
07100740114470,2016,76,62,81.6,4,5.3
07100740120444,2016,54,20,37.0,13,24.1
07100740730242,2016,30,14,46.7,11,36.7
07100740730614,2016,24,22,91.7,4,16.7
07100740731380,2016,537,108,20.1,24,4.5
07100746077168,2016,18,10,55.6,1,5.6
07616300107524,2016,24,2,8.3,1,4.2
07616300730283,2016,315,7,2.2,1,0.3
07616300731125,2016,326,7,2.1,0,0.0
07616300733725,2016,385,37,9.6,12,3.1
07616300734244,2016,287,6,2.1,1,0.3
07616480110494,2016,88,68,77.3,8,9.1
07616480117218,2016,154,82,53.2,5,3.2
07616480730101,2016,77,63,81.8,17,22.1
07616480730259,2016,92,56,60.9,3,3.3
07616480730465,2016,491,255,51.9,25,5.1
07616480730861,2016,389,271,69.7,52,13.4
07616630130930,2016,56,36,64.3,8,14.3
07616970737023,2016,133,73,54.9,7,5.3
07616970737619,2016,15,10,66.7,1,6.7
07617210107797,2016,604,107,17.7,15,2.5
07617210730457,2016,638,231,36.2,38,6.0
07617210730572,2016,113,41,36.3,9,8.0
07617210733980,2016,583,189,32.4,58,9.9
07617210733998,2016,73,38,52.1,11,15.1
07617390730440,2016,39,20,51.3,1,2.6
07617390730473,2016,28,10,35.7,1,3.6
07617390730549,2016,258,72,27.9,18,7.0
07617540730044,2016,376,27,7.2,6,1.6
07617540730317,2016,72,16,22.2,2,2.8
07617540730333,2016,25,20,80.0,8,32.0
07617540730358,2016,25,17,68.0,8,32.0
07617540730416,2016,16,14,87.5,4,25.0
07617540730424,2016,67,38,56.7,18,26.9
07617540730655,2016,1,1,100.0,0,0.0
07617540731646,2016,505,104,20.6,13,2.6
07617540731836,2016,312,151,48.4,30,9.6
07617540734566,2016,299,219,73.2,79,26.4
07617540734764,2016,143,97,67.8,51,35.7
07617540737809,2016,226,172,76.1,54,23.9
07617540761754,2016,24,9,37.5,1,4.2
07617880730184,2016,128,102,79.7,49,38.3
07617880735407,2016,667,479,71.8,111,16.6
07617960101477,2016,125,118,94.4,14,11.2
07617960132100,2016,55,45,81.8,1,1.8
07617960730291,2016,57,33,57.9,0,0.0
07617960730325,2016,41,32,78.0,6,14.6
07617960730598,2016,266,112,42.1,13,4.9
07617960732164,2016,282,197,69.9,42,14.9
07617960732941,2016,359,200,55.7,29,8.1
07617960733253,2016,157,137,87.3,38,24.2
07617960733659,2016,235,212,90.2,93,39.6
07617960735316,2016,286,191,66.8,43,15.0
07617960735902,2016,394,374,94.9,152,38.6
07617960761796,2016,25,15,60.0,2,8.0
07618040113118,2016,615,32,5.2,17,2.8
07618040730051,2016,661,52,7.9,4,0.6
07618040730218,2016,69,1,1.4,0,0.0
07618040734368,2016,556,16,2.9,1,0.2
07618040736504,2016,512,13,2.5,1,0.2
07618040736819,2016,33,8,24.2,1,3.0
08100820106625,2016,2,2,100.0,0,0.0
08100820106666,2016,5,4,80.0,1,20.0
08100820830042,2016,6,5,83.3,0,0.0
08100820830059,2016,56,36,64.3,0,0.0
08618200833004,2016,179,87,48.6,2,1.1
08618200836205,2016,35,26,74.3,0,0.0
09100900106047,2016,1,1,100.0,1,100.0
09100900930016,2016,9,5,55.6,0,0.0
09100900930123,2016,97,39,40.2,2,2.1
09100900930131,2016,39,29,74.4,3,7.7
09618530101808,2016,13,7,53.8,0,0.0
09618530930081,2016,612,32,5.2,2,0.3
09618530930164,2016,269,75,27.9,1,0.4
09618530930206,2016,5,3,60.0,0,0.0
09618530930214,2016,32,0,0.0,0,0.0
09618530930222,2016,14,12,85.7,0,0.0
09618530932756,2016,258,70,27.1,3,1.2
09618530934554,2016,44,31,70.5,0,0.0
09618530936302,2016,438,77,17.6,3,0.7
09619030930040,2016,33,27,81.8,8,24.2
09619030930107,2016,10,8,80.0,3,30.0
09619030937805,2016,262,129,49.2,56,21.4
09737830121566,2016,11,8,72.7,0,0.0
09737830930073,2016,85,30,35.3,0,0.0
09737830930099,2016,7,7,100.0,0,0.0
10101080109991,2016,171,156,91.2,18,10.5
10101080111682,2016,4,2,50.0,0,0.0
10101080119628,2016,22,18,81.8,3,13.6
10101081030337,2016,114,114,100.0,13,11.4
10101081030899,2016,17,16,94.1,2,11.8
10101081030923,2016,13,13,100.0,1,7.7
10101086069488,2016,10,4,40.0,2,20.0
10621170110270,2016,17,14,82.4,1,5.9
10621170113555,2016,578,117,20.2,12,2.1
10621170118018,2016,116,41,35.3,2,1.7
10621171030196,2016,513,207,40.4,13,2.5
10621171030469,2016,27,11,40.7,1,3.7
10621171030501,2016,612,171,27.9,9,1.5
10621171030683,2016,489,279,57.1,39,8.0
10621171031004,2016,90,67,74.4,7,7.8
10621171031053,2016,661,296,44.8,7,1.1
10621251030113,2016,27,23,85.2,11,40.7
10621251030477,2016,17,17,100.0,13,76.5
10621251031376,2016,283,223,78.8,38,13.4
10621580120246,2016,3,3,100.0,0,0.0
10621581031954,2016,11,9,81.8,3,27.3
10621581032150,2016,179,136,76.0,20,11.2
10621660108555,2016,50,39,78.0,0,0.0
10621660114355,2016,81,51,63.0,3,3.7
10621660114553,2016,109,13,11.9,0,0.0
10621660120964,2016,10,9,90.0,3,30.0
10621661030279,2016,573,304,53.1,20,3.5
10621661030287,2016,243,200,82.3,50,20.6
10621661030295,2016,233,205,88.0,31,13.3
10621661030584,2016,296,262,88.5,68,23.0
10621661030642,2016,75,73,97.3,14,18.7
10621661030675,2016,629,550,87.4,99,15.7
10621661030840,2016,121,110,90.9,14,11.6
10621661031632,2016,10,8,80.0,1,10.0
10621661031897,2016,572,423,74.0,54,9.4
10621661032507,2016,524,472,90.1,71,13.5
10621661032911,2016,447,352,78.7,34,7.6
10621661034214,2016,395,379,95.9,77,19.5
10621661035831,2016,481,426,88.6,111,23.1
10621666112619,2016,10,7,70.0,2,20.0
10622570124727,2016,16,6,37.5,0,0.0
10622571033695,2016,258,120,46.5,12,4.7
10622571033729,2016,5,5,100.0,0,0.0
10622650108092,2016,134,126,94.0,28,20.9
10622650116640,2016,37,27,73.0,1,2.7
10622650126292,2016,25,21,84.0,0,0.0
10622651030378,2016,47,39,83.0,14,29.8
10622651033703,2016,58,53,91.4,17,29.3
10622651035310,2016,390,309,79.2,29,7.4
10622811033950,2016,37,35,94.6,7,18.9
10623310124354,2016,3,3,100.0,1,33.3
10623310130880,2016,22,3,13.6,1,4.5
10623640126870,2016,23,23,100.0,12,52.2
10623641034990,2016,201,198,98.5,96,47.8
10623800124982,2016,239,215,90.0,38,15.9
10624141030451,2016,40,33,82.5,9,22.5
10624141030766,2016,60,26,43.3,1,1.7
10624141036086,2016,37,31,83.8,6,16.2
10624141036094,2016,649,487,75.0,47,7.2
10624301030758,2016,66,53,80.3,16,24.2
10624301036607,2016,24,19,79.2,6,25.0
10624301036672,2016,390,288,73.8,35,9.0
10625396112387,2016,72,69,95.8,15,20.8
10625470120535,2016,264,209,79.2,14,5.3
10625470127159,2016,10,10,100.0,1,10.0
10625470133454,2016,6,4,66.7,1,16.7
10738090123950,2016,2,2,100.0,0,0.0
10738091030121,2016,163,141,86.5,29,17.8
10738091030147,2016,6,6,100.0,3,50.0
10739650114751,2016,9,9,100.0,0,0.0
10739651030386,2016,83,55,66.3,5,6.0
10739651030626,2016,960,647,67.4,75,7.8
10739651035112,2016,57,53,93.0,3,5.3
10739991033422,2016,13,13,100.0,0,0.0
10739991033430,2016,328,277,84.5,38,11.6
10751271030261,2016,12,12,100.0,7,58.3
10751271030493,2016,205,198,96.6,101,49.3
10752341030352,2016,9,9,100.0,5,55.6
10752341037456,2016,96,91,94.8,29,30.2
10752751030139,2016,17,12,70.6,0,0.0
10752751036938,2016,102,36,35.3,2,2.0
10754081030253,2016,10,10,100.0,4,40.0
10754081035575,2016,129,106,82.2,19,14.7
10755981030535,2016,135,118,87.4,11,8.1
10755981030543,2016,9,8,88.9,1,11.1
10767780108993,2016,1,1,100.0,0,0.0
10767780122473,2016,59,47,79.7,16,27.1
10767781030774,2016,58,54,93.1,11,19.0
10767781038298,2016,7,6,85.7,0,0.0
10767781038306,2016,233,196,84.1,65,27.9
11101160130724,2016,35,29,82.9,10,28.6
11101161130087,2016,2,2,100.0,0,0.0
11101161130103,2016,19,8,42.1,1,5.3
11101166077184,2016,2,2,100.0,0,0.0
11626461136209,2016,9,6,66.7,0,0.0
11626531132109,2016,6,5,83.3,0,0.0
11626611130038,2016,8,8,100.0,0,0.0
11626611132851,2016,117,73,62.4,10,8.5
11754811130012,2016,10,8,80.0,2,20.0
11754811130145,2016,5,5,100.0,1,20.0
11754811135656,2016,175,101,57.7,15,8.6
11765621130053,2016,3,3,100.0,1,33.3
11765621130111,2016,1,1,100.0,0,0.0
11765621133701,2016,61,38,62.3,3,4.9
12101240106153,2016,5,3,60.0,0,0.0
12101240106161,2016,6,5,83.3,1,16.7
12101240106179,2016,4,1,25.0,0,0.0
12101240106195,2016,3,2,66.7,0,0.0
12101240106203,2016,7,7,100.0,0,0.0
12101240115097,2016,40,20,50.0,0,0.0
12626870107110,2016,23,6,26.1,0,0.0
12626870124263,2016,11,5,45.5,0,0.0
12626871230044,2016,17,15,88.2,0,0.0
12626871230051,2016,25,23,92.0,0,0.0
12626871230705,2016,186,62,33.3,2,1.1
12626871235209,2016,128,46,35.9,5,3.9
12628100108688,2016,37,15,40.5,0,0.0
12628101233352,2016,47,34,72.3,3,6.4
12628101233402,2016,188,84,44.7,19,10.1
12629010118190,2016,3,2,66.7,0,0.0
12629011230028,2016,16,15,93.8,0,0.0
12629011234004,2016,53,35,66.0,0,0.0
12629271230150,2016,23,18,78.3,0,0.0
12630320111203,2016,45,29,64.4,0,0.0
12630401230010,2016,1,0,0.0,0,0.0
12630401237007,2016,42,18,42.9,0,0.0
12753741232909,2016,43,21,48.8,0,0.0
12753821230085,2016,2,0,0.0,0,0.0
12753821230135,2016,72,51,70.8,0,0.0
12755151232057,2016,34,24,70.6,3,8.8
12755151232206,2016,240,108,45.0,24,10.0
12755151275515,2016,31,17,54.8,1,3.2
13101320131094,2016,65,59,90.8,23,35.4
13101321330117,2016,2,1,50.0,1,50.0
13630811330141,2016,2,2,100.0,0,0.0
13630811331354,2016,114,100,87.7,34,29.8
13630811331404,2016,392,286,73.0,80,20.4
13630991332154,2016,134,124,92.5,102,76.1
13630991332204,2016,733,609,83.1,396,54.0
13631071332501,2016,99,81,81.8,25,25.3
13631151330133,2016,431,320,74.2,80,18.6
13631151333004,2016,448,358,79.9,66,14.7
13631151333558,2016,37,31,83.8,11,29.7
13631490125922,2016,3,0,0.0,0,0.0
13631491335306,2016,127,79,62.2,25,19.7
13631491337138,2016,13,9,69.2,8,61.5
13631641331115,2016,23,14,60.9,1,4.3
13631641335900,2016,267,117,43.8,9,3.4
13632140120881,2016,1,1,100.0,0,0.0
13632141330018,2016,8,6,75.0,2,25.0
13632141337609,2016,32,28,87.5,13,40.6
14101400117994,2016,501,483,96.4,119,23.8
14101400128447,2016,5,5,100.0,1,20.0
14101400128454,2016,40,37,92.5,1,2.5
14101401430073,2016,2,1,50.0,0,0.0
14632481431352,2016,14,11,78.6,0,0.0
14632711438308,2016,4,3,75.0,0,0.0
14632890113241,2016,1,0,0.0,0,0.0
14632891434901,2016,18,15,83.3,4,22.2
14632971436203,2016,7,5,71.4,1,14.3
14766870119081,2016,7,2,28.6,0,0.0
14766870125047,2016,1,0,0.0,0,0.0
14766871430057,2016,15,9,60.0,1,6.7
14766871430107,2016,1,0,0.0,0,0.0
14766871431600,2016,148,70,47.3,7,4.7
15101570119669,2016,71,62,87.3,4,5.6
15101571530302,2016,138,138,100.0,25,18.1
15101571530310,2016,448,425,94.9,73,16.3
15101571530492,2016,62,18,29.0,0,0.0
15634120100529,2016,282,230,81.6,39,13.8
15634120116384,2016,196,188,95.9,40,20.4
15634121531656,2016,74,68,91.9,33,44.6
15634121531672,2016,354,306,86.4,68,19.2
15635290100198,2016,553,466,84.3,71,12.8
15635290110999,2016,545,152,27.9,5,0.9
15635290116392,2016,493,258,52.3,16,3.2
15635290116400,2016,538,494,91.8,99,18.4
15635290125062,2016,124,101,81.5,33,26.6
15635291530021,2016,47,41,87.2,17,36.2
15635291530047,2016,70,61,87.1,24,34.3
15635291530112,2016,155,94,60.6,6,3.9
15635291530252,2016,527,497,94.3,97,18.4
15635291530344,2016,517,176,34.0,11,2.1
15635291530369,2016,490,117,23.9,7,1.4
15635291530385,2016,589,399,67.7,45,7.6
15635291530435,2016,256,204,79.7,50,19.5
15635291530476,2016,503,101,20.1,4,0.8
15635291530708,2016,626,406,64.9,51,8.1
15635291532290,2016,490,414,84.5,58,11.8
15635291532605,2016,464,400,86.2,70,15.1
15635291533330,2016,446,297,66.6,29,6.5
15635291533538,2016,115,75,65.2,1,0.9
15635291534775,2016,370,281,75.9,12,3.2
15635291535087,2016,321,278,86.6,83,25.9
15635291535392,2016,439,414,94.3,64,14.6
15635291536325,2016,121,96,79.3,20,16.5
15635291536606,2016,454,389,85.7,44,9.7
15636280127209,2016,183,120,65.6,2,1.1
15636281533843,2016,19,12,63.2,1,5.3
15636770114512,2016,109,85,78.0,8,7.3
15636771534460,2016,45,38,84.4,6,13.3
15636851530997,2016,47,28,59.6,0,0.0
15636851531987,2016,101,13,12.9,0,0.0
15637761530039,2016,33,26,78.8,6,18.2
15637761530377,2016,29,17,58.6,2,6.9
15637761534957,2016,180,113,62.8,15,8.3
15638181530138,2016,28,23,82.1,3,10.7
15638181535905,2016,240,154,64.2,17,7.1
15638186200216,2016,1,0,0.0,0,0.0
15638261530245,2016,35,15,42.9,0,0.0
15638261536135,2016,279,84,30.1,4,1.4
15638591530351,2016,43,42,97.7,7,16.3
15638591536440,2016,363,301,82.9,41,11.3
15737421530054,2016,47,31,66.0,2,4.3
15737421531367,2016,300,111,37.0,12,4.0
15739081530146,2016,19,18,94.7,5,26.3
15739081530229,2016,8,8,100.0,2,25.0
15739081534155,2016,204,170,83.3,33,16.2
15751681530401,2016,80,47,58.8,10,12.5
16101651630102,2016,19,11,57.9,4,21.1
16101651630193,2016,30,28,93.3,6,20.0
16101656069298,2016,9,4,44.4,1,11.1
16638750101717,2016,29,17,58.6,3,10.3
16638750112698,2016,94,53,56.4,2,2.1
16638910110858,2016,1,1,100.0,0,0.0
16638911632140,2016,14,11,78.6,6,42.9
16638911632207,2016,188,149,79.3,31,16.5
16639250118919,2016,215,116,54.0,11,5.1
16639251630060,2016,11,8,72.7,1,9.1
16639251630169,2016,316,181,57.3,21,6.6
16639251634245,2016,52,40,76.9,10,19.2
16639251634401,2016,358,221,61.7,32,8.9
16639580132860,2016,146,132,90.4,28,19.2
16639820110205,2016,53,12,22.6,2,3.8
16639821630011,2016,45,40,88.9,9,20.0
16639821635606,2016,457,226,49.5,30,6.6
16739321630078,2016,21,17,81.0,10,47.6
16739321630110,2016,1,1,100.0,0,0.0
16739321630185,2016,1,1,100.0,0,0.0
16739321630953,2016,135,126,93.3,42,31.1
17101730128231,2016,3,3,100.0,0,0.0
17101731730167,2016,3,3,100.0,0,0.0
17640141730043,2016,22,14,63.6,2,9.1
17640141730159,2016,3,3,100.0,0,0.0
17640141734359,2016,129,95,73.6,4,3.1
17640220107706,2016,4,4,100.0,0,0.0
17640220132571,2016,27,21,77.8,1,3.7
17640221730027,2016,53,47,88.7,2,3.8
17640221730118,2016,11,9,81.8,2,18.2
17640221735000,2016,149,110,73.8,17,11.4
17640301730019,2016,16,13,81.2,0,0.0
17640301730142,2016,5,2,40.0,0,0.0
17640301732304,2016,88,47,53.4,4,4.5
17640550129601,2016,24,8,33.3,0,0.0
17640551730035,2016,13,11,84.6,0,0.0
17640551736008,2016,108,66,61.1,5,4.6
17640711730050,2016,15,15,100.0,1,6.7
17640711737006,2016,53,42,79.2,1,1.9
18101811830058,2016,3,1,33.3,0,0.0
18640891831601,2016,13,8,61.5,0,0.0
18641390131953,2016,7,7,100.0,0,0.0
18641391833805,2016,192,53,27.6,3,1.6
18641620120287,2016,24,11,45.8,0,0.0
18641626010763,2016,53,31,58.5,0,0.0
18642041830132,2016,51,41,80.4,0,0.0
18642041838507,2016,12,9,75.0,1,8.3
18750360121657,2016,22,9,40.9,1,4.5
18750361833409,2016,18,10,55.6,0,0.0
19101990109942,2016,63,53,84.1,3,4.8
19101990112128,2016,137,126,92.0,11,8.0
19101990121822,2016,73,68,93.2,13,17.8
19101990121871,2016,75,67,89.3,15,20.0
19101990121897,2016,83,79,95.2,10,12.0
19101990121905,2016,16,15,93.8,0,0.0
19101990121921,2016,34,32,94.1,7,20.6
19101990121939,2016,18,16,88.9,4,22.2
19101990121947,2016,7,7,100.0,1,14.3
19101990121970,2016,6,2,33.3,0,0.0
19101990121988,2016,12,10,83.3,0,0.0
19101990121996,2016,9,7,77.8,1,11.1
19101990122010,2016,8,8,100.0,2,25.0
19101990122028,2016,10,9,90.0,2,20.0
19101990122036,2016,6,5,83.3,1,16.7
19101990122044,2016,23,22,95.7,5,21.7
19101990122077,2016,10,9,90.0,3,30.0
19101990123604,2016,31,27,87.1,5,16.1
19101990123612,2016,6,6,100.0,3,50.0
19101990127274,2016,26,10,38.5,0,0.0
19101990127522,2016,51,49,96.1,7,13.7
19101991933399,2016,154,17,11.0,3,1.9
19101991995232,2016,25,15,60.0,9,36.0
19101991995257,2016,42,33,78.6,7,16.7
19101991995869,2016,139,45,32.4,0,0.0
19101991996008,2016,380,368,96.8,84,22.1
19101991996172,2016,47,46,97.9,12,25.5
19101991996214,2016,40,37,92.5,5,12.5
19642121930056,2016,517,172,33.3,23,4.4
19642121930361,2016,342,270,78.9,28,8.2
19642121931641,2016,173,130,75.1,35,20.2
19642121931880,2016,163,30,18.4,0,0.0
19642121933159,2016,473,250,52.9,38,8.0
19642121964212,2016,6,2,33.3,2,33.3
19642121995596,2016,28,21,75.0,7,25.0
19642460100081,2016,687,558,81.2,70,10.2
19642460108407,2016,513,440,85.8,40,7.8
19642460111872,2016,88,57,64.8,0,0.0
19642460115337,2016,76,44,57.9,8,10.5
19642460126003,2016,15,1,6.7,0,0.0
19642461930213,2016,390,351,90.0,77,19.7
19642461931732,2016,446,358,80.3,44,9.9
19642461936624,2016,550,469,85.3,63,11.5
19642461937051,2016,649,234,36.1,9,1.4
19642461995398,2016,626,400,63.9,50,8.0
19642461995406,2016,323,295,91.3,50,15.5
19642461995844,2016,441,276,62.6,15,3.4
19642461995968,2016,28,21,75.0,5,17.9
19642461996537,2016,622,539,86.7,100,16.1
19642461996644,2016,448,367,81.9,73,16.3
19642611930288,2016,874,214,24.5,52,5.9
19642611995299,2016,12,4,33.3,1,8.3
19642791930528,2016,292,244,83.6,47,16.1
19642791931765,2016,117,103,88.0,26,22.2
19642791933449,2016,261,211,80.8,27,10.3
19642870114397,2016,1029,888,86.3,97,9.4
19642871930601,2016,449,384,85.5,41,9.1
19642871936384,2016,180,171,95.0,20,11.1
19642871938166,2016,455,399,87.7,32,7.0
19642871964287,2016,3,3,100.0,1,33.3
19642871996479,2016,452,352,77.9,31,6.9
19642951930700,2016,244,223,91.4,40,16.4
19642951936491,2016,29,26,89.7,10,34.5
19643031930775,2016,397,309,77.8,60,15.1
19643031935618,2016,491,257,52.3,30,6.1
19643031938190,2016,135,106,78.5,35,25.9
19643031995679,2016,7,6,85.7,1,14.3
19643111930981,2016,384,33,8.6,15,3.9
19643111931021,2016,10,4,40.0,1,10.0
19643291931088,2016,500,155,31.0,18,3.6
19643291937598,2016,56,43,76.8,6,10.7
19643291937739,2016,330,97,29.4,13,3.9
19643291995893,2016,4,4,100.0,1,25.0
19643296131056,2016,1,0,0.0,0,0.0
19643370131573,2016,7,1,14.3,0,0.0
19643371931187,2016,652,233,35.7,36,5.5
19643371931237,2016,583,155,26.6,13,2.2
19643371933332,2016,94,36,38.3,3,3.2
19643371995877,2016,5,3,60.0,0,0.0
19643371996099,2016,325,262,80.6,23,7.1
19643371996230,2016,8,4,50.0,0,0.0
19643520118521,2016,39,27,69.2,3,7.7
19643520128488,2016,99,30,30.3,31,31.3
19643520128496,2016,43,38,88.4,6,14.0
19643520128900,2016,9,9,100.0,2,22.2
19643521930239,2016,107,78,72.9,14,13.1
19643521933951,2016,446,390,87.4,76,17.0
19643521934926,2016,498,411,82.5,45,9.0
19643521935048,2016,514,446,86.8,77,15.0
19643526130470,2016,2,0,0.0,1,50.0
19643526130991,2016,1,0,0.0,1,100.0
19643526909006,2016,2,1,50.0,0,0.0
19643526914980,2016,1,1,100.0,0,0.0
19643781930312,2016,34,28,82.4,2,5.9
19643781931666,2016,392,194,49.5,18,4.6
19643781995885,2016,13,5,38.5,0,0.0
19643781995927,2016,1,1,100.0,0,0.0
19643941931807,2016,39,14,35.9,0,0.0
19643941931823,2016,596,196,32.9,14,2.3
19644361931617,2016,94,71,75.5,11,11.7
19644361932086,2016,333,234,70.3,8,2.4
19644361936418,2016,337,245,72.7,12,3.6
19644361938372,2016,396,225,56.8,9,2.3
19644440128322,2016,7,2,28.6,0,0.0
19644441932201,2016,499,198,39.7,16,3.2
19644441932656,2016,20,12,60.0,1,5.0
19644511931625,2016,128,103,80.5,19,14.8
19644511932441,2016,1064,751,70.6,63,5.9
19644511939164,2016,943,688,73.0,60,6.4
19644690128736,2016,116,97,83.6,3,2.6
19644691932482,2016,236,181,76.7,23,9.7
19644691936079,2016,38,35,92.1,12,31.6
19645191930320,2016,501,426,85.0,49,9.8
19645191932664,2016,437,412,94.3,99,22.7
19645191932680,2016,297,290,97.6,57,19.2
19645191937481,2016,390,336,86.2,46,11.8
19645191938919,2016,187,156,83.4,61,32.6
19645191995661,2016,321,292,91.0,47,14.6
19645191996123,2016,15,14,93.3,5,33.3
19645271932698,2016,107,85,79.4,14,13.1
19645271932706,2016,577,448,77.6,41,7.1
19645271964527,2016,9,7,77.8,1,11.1
19645351930353,2016,21,4,19.0,0,0.0
19645351932763,2016,307,39,12.7,13,4.2
19645681932144,2016,657,153,23.3,24,3.7
19645681933472,2016,133,92,69.2,18,13.5
19645681933530,2016,580,427,73.6,111,19.1
19645681934082,2016,399,285,71.4,34,8.5
19645681995497,2016,29,11,37.9,0,0.0
19645681996131,2016,252,145,57.5,11,4.4
19645686099022,2016,3,0,0.0,1,33.3
19645761933597,2016,611,141,23.1,18,2.9
19645761939677,2016,37,25,67.6,3,8.1
19645841996305,2016,252,109,43.3,4,1.6
19645920100354,2016,141,111,78.7,6,4.3
19646341934231,2016,273,224,82.1,59,21.6
19646341934249,2016,35,25,71.4,9,25.7
19646341936046,2016,202,173,85.6,52,25.7
19646341996529,2016,52,35,67.3,2,3.8
19646341996586,2016,159,147,92.5,20,12.6
19646591934611,2016,336,6,1.8,9,2.7
19646831930080,2016,533,41,7.7,5,0.9
19646831931260,2016,14,7,50.0,0,0.0
19646831931781,2016,465,46,9.9,13,2.8
19646837102015,2016,1,0,0.0,0,0.0
19646911996438,2016,134,113,84.3,5,3.7
19647090100602,2016,135,131,97.0,18,13.3
19647091996313,2016,155,143,92.3,9,5.8
19647250101741,2016,8,5,62.5,2,25.0
19647250125153,2016,65,60,92.3,25,38.5
19647250127381,2016,176,72,40.9,4,2.3
19647250131938,2016,7,7,100.0,3,42.9
19647251930411,2016,53,33,62.3,6,11.3
19647251934470,2016,765,622,81.3,147,19.2
19647251934678,2016,829,427,51.5,29,3.5
19647251935758,2016,852,419,49.2,54,6.3
19647251936947,2016,1064,623,58.6,110,10.3
19647251937176,2016,98,90,91.8,33,33.7
19647251939875,2016,895,545,60.9,115,12.8
19647251964725,2016,4,1,25.0,0,0.0
19647251995539,2016,175,68,38.9,0,0.0
19647251995570,2016,382,273,71.5,100,26.2
19647251995935,2016,606,484,79.9,132,21.8
19647251996503,2016,110,62,56.4,0,0.0
19647330100677,2016,85,49,57.6,0,0.0
19647330100750,2016,90,87,96.7,11,12.2
19647330100776,2016,22,19,86.4,7,31.8
19647330100800,2016,120,113,94.2,9,7.5
19647330101196,2016,183,115,62.8,2,1.1
19647330101329,2016,35,25,71.4,6,17.1
19647330101659,2016,36,29,80.6,1,2.8
19647330101675,2016,145,135,93.1,19,13.1
19647330101683,2016,30,21,70.0,1,3.3
19647330102137,2016,30,28,93.3,7,23.3
19647330102434,2016,131,120,91.6,14,10.7
19647330102541,2016,89,81,91.0,13,14.6
19647330102764,2016,73,61,83.6,9,12.3
19647330102913,2016,100,78,78.0,0,0.0
19647330102921,2016,116,78,67.2,0,0.0
19647330106351,2016,50,30,60.0,2,4.0
19647330106435,2016,81,74,91.4,17,21.0
19647330106831,2016,136,127,93.4,13,9.6
19647330106849,2016,144,142,98.6,17,11.8
19647330106864,2016,124,122,98.4,2,1.6
19647330106997,2016,194,178,91.8,2,1.0
19647330107003,2016,253,179,70.8,13,5.1
19647330107011,2016,108,90,83.3,5,4.6
19647330107755,2016,249,142,57.0,5,2.0
19647330108878,2016,214,98,45.8,1,0.5
19647330108894,2016,136,131,96.3,6,4.4
19647330108928,2016,50,22,44.0,1,2.0
19647330108936,2016,138,130,94.2,3,2.2
19647330109447,2016,296,280,94.6,44,14.9
19647330109454,2016,432,394,91.2,42,9.7
19647330109462,2016,323,290,89.8,30,9.3
19647330109512,2016,46,42,91.3,9,19.6
19647330110304,2016,49,49,100.0,11,22.4
19647330110668,2016,48,40,83.3,7,14.6
19647330111484,2016,37,35,94.6,9,24.3
19647330111492,2016,167,166,99.4,21,12.6
19647330111500,2016,106,104,98.1,6,5.7
19647330111575,2016,147,146,99.3,23,15.6
19647330111583,2016,146,146,100.0,19,13.0
19647330111625,2016,120,116,96.7,18,15.0
19647330111641,2016,130,125,96.2,18,13.8
19647330111658,2016,150,142,94.7,7,4.7
19647330112029,2016,84,79,94.0,1,1.2
19647330112037,2016,143,127,88.8,35,24.5
19647330112045,2016,327,287,87.8,32,9.8
19647330112052,2016,247,218,88.3,53,21.5
19647330112508,2016,145,138,95.2,10,6.9
19647330112862,2016,64,55,85.9,12,18.8
19647330112870,2016,69,69,100.0,11,15.9
19647330114850,2016,272,246,90.4,60,22.1
19647330115030,2016,41,39,95.1,1,2.4
19647330115212,2016,37,24,64.9,3,8.1
19647330115253,2016,85,77,90.6,15,17.6
19647330116509,2016,56,55,98.2,7,12.5
19647330116954,2016,8,7,87.5,3,37.5
19647330117051,2016,233,202,86.7,54,23.2
19647330117069,2016,101,89,88.1,32,31.7
19647330117077,2016,78,78,100.0,14,17.9
19647330117598,2016,104,101,97.1,11,10.6
19647330117606,2016,134,124,92.5,9,6.7
19647330117622,2016,26,18,69.2,4,15.4
19647330117721,2016,67,66,98.5,3,4.5
19647330117747,2016,84,68,81.0,12,14.3
19647330117754,2016,51,40,78.4,34,66.7
19647330117762,2016,74,63,85.1,12,16.2
19647330117911,2016,40,34,85.0,0,0.0
19647330118588,2016,426,400,93.9,108,25.4
19647330119651,2016,99,91,91.9,23,23.2
19647330119685,2016,85,76,89.4,11,12.9
19647330119693,2016,92,78,84.8,14,15.2
19647330119727,2016,402,311,77.4,18,4.5
19647330119966,2016,99,84,84.8,4,4.0
19647330120071,2016,33,32,97.0,17,51.5
19647330120360,2016,89,51,57.3,0,0.0
19647330120808,2016,27,26,96.3,7,25.9
19647330121095,2016,72,56,77.8,15,20.8
19647330121285,2016,112,111,99.1,13,11.6
19647330121293,2016,92,83,90.2,11,12.0
19647330122275,2016,32,27,84.4,2,6.2
19647330122333,2016,102,95,93.1,0,0.0
19647330122341,2016,126,117,92.9,20,15.9
19647330122358,2016,83,78,94.0,17,20.5
19647330122366,2016,86,75,87.2,19,22.1
19647330122374,2016,70,65,92.9,7,10.0
19647330122382,2016,88,78,88.6,10,11.4
19647330122606,2016,40,35,87.5,5,12.5
19647330123133,2016,117,114,97.4,13,11.1
19647330123141,2016,55,49,89.1,16,29.1
19647330124362,2016,257,153,59.5,10,3.9
19647330124370,2016,134,120,89.6,11,8.2
19647330124388,2016,122,103,84.4,8,6.6
19647330124396,2016,101,76,75.2,6,5.9
19647330124404,2016,100,85,85.0,20,20.0
19647330124412,2016,51,48,94.1,12,23.5
19647330124420,2016,90,74,82.2,11,12.2
19647330124479,2016,183,166,90.7,44,24.0
19647330124487,2016,81,77,95.1,9,11.1
19647330124495,2016,118,108,91.5,28,23.7
19647330124503,2016,85,80,94.1,20,23.5
19647330124511,2016,91,87,95.6,18,19.8
19647330124529,2016,164,129,78.7,9,5.5
19647330124560,2016,164,164,100.0,14,8.5
19647330124883,2016,114,110,96.5,40,35.1
19647330124891,2016,136,133,97.8,17,12.5
19647330124933,2016,95,81,85.3,3,3.2
19647330125864,2016,110,81,73.6,11,10.0
19647330125963,2016,44,35,79.5,8,18.2
19647330125989,2016,117,112,95.7,6,5.1
19647330126136,2016,103,101,98.1,10,9.7
19647330126185,2016,64,62,96.9,10,15.6
19647330126474,2016,62,54,87.1,13,21.0
19647330126482,2016,132,122,92.4,23,17.4
19647330126490,2016,120,110,91.7,20,16.7
19647330126508,2016,119,104,87.4,38,31.9
19647330126516,2016,143,126,88.1,11,7.7
19647330126524,2016,158,141,89.2,21,13.3
19647330126532,2016,94,88,93.6,11,11.7
19647330126540,2016,118,103,87.3,7,5.9
19647330126557,2016,100,81,81.0,9,9.0
19647330126573,2016,139,132,95.0,22,15.8
19647330126615,2016,129,87,67.4,2,1.6
19647330126623,2016,102,62,60.8,1,1.0
19647330127787,2016,100,79,79.0,4,4.0
19647330127795,2016,111,97,87.4,18,16.2
19647330127803,2016,72,65,90.3,10,13.9
19647330127852,2016,43,40,93.0,6,14.0
19647330127894,2016,96,84,87.5,7,7.3
19647330127910,2016,115,112,97.4,7,6.1
19647330129536,2016,11,11,100.0,3,27.3
19647330129627,2016,22,21,95.5,0,0.0
19647330129775,2016,130,105,80.8,12,9.2
19647330130997,2016,66,62,93.9,1,1.5
19647330133272,2016,87,75,86.2,5,5.7
19647330133298,2016,55,46,83.6,3,5.5
19647331930064,2016,46,37,80.4,12,26.1
19647331930296,2016,69,57,82.6,13,18.8
19647331930387,2016,233,169,72.5,54,23.2
19647331930403,2016,35,30,85.7,5,14.3
19647331930429,2016,65,43,66.2,7,10.8
19647331930486,2016,21,14,66.7,4,19.0
19647331930551,2016,63,56,88.9,10,15.9
19647331930577,2016,32,30,93.8,4,12.5
19647331930619,2016,77,62,80.5,20,26.0
19647331930650,2016,289,250,86.5,15,5.2
19647331930692,2016,55,47,85.5,8,14.5
19647331930734,2016,36,25,69.4,0,0.0
19647331930783,2016,29,22,75.9,1,3.4
19647331930791,2016,24,15,62.5,3,12.5
19647331930866,2016,607,540,89.0,69,11.4
19647331930924,2016,179,163,91.1,28,15.6
19647331930940,2016,39,29,74.4,3,7.7
19647331930973,2016,49,41,83.7,14,28.6
19647331931047,2016,809,722,89.2,77,9.5
19647331931336,2016,34,19,55.9,3,8.8
19647331931377,2016,36,33,91.7,4,11.1
19647331931385,2016,21,13,61.9,2,9.5
19647331931393,2016,13,11,84.6,0,0.0
19647331931435,2016,48,41,85.4,3,6.2
19647331931450,2016,46,38,82.6,6,13.0
19647331931468,2016,42,36,85.7,6,14.3
19647331931476,2016,289,240,83.0,43,14.9
19647331931484,2016,28,26,92.9,2,7.1
19647331931500,2016,30,25,83.3,3,10.0
19647331931518,2016,28,22,78.6,2,7.1
19647331931526,2016,394,284,72.1,17,4.3
19647331931534,2016,90,79,87.8,23,25.6
19647331931559,2016,54,46,85.2,5,9.3
19647331931633,2016,1,1,100.0,1,100.0
19647331931682,2016,31,27,87.1,8,25.8
19647331931690,2016,48,38,79.2,5,10.4
19647331931708,2016,436,291,66.7,24,5.5
19647331931716,2016,47,33,70.2,0,0.0
19647331931856,2016,31,26,83.9,0,0.0
19647331931864,2016,660,399,60.5,49,7.4
19647331931930,2016,38,33,86.8,4,10.5
19647331931955,2016,37,29,78.4,5,13.5
19647331931971,2016,32,30,93.8,3,9.4
19647331931989,2016,22,20,90.9,3,13.6
19647331931997,2016,58,53,91.4,2,3.4
19647331932128,2016,228,191,83.8,23,10.1
19647331932250,2016,34,29,85.3,1,2.9
19647331932318,2016,13,11,84.6,0,0.0
19647331932334,2016,58,35,60.3,3,5.2
19647331932342,2016,24,18,75.0,7,29.2
19647331932383,2016,219,176,80.4,24,11.0
19647331932391,2016,20,11,55.0,2,10.0
19647331932540,2016,418,235,56.2,21,5.0
19647331932623,2016,967,250,25.9,18,1.9
19647331932821,2016,39,35,89.7,2,5.1
19647331932847,2016,208,112,53.8,0,0.0
19647331932888,2016,204,174,85.3,3,1.5
19647331932920,2016,443,351,79.2,30,6.8
19647331932987,2016,663,609,91.9,59,8.9
19647331933001,2016,329,293,89.1,3,0.9
19647331933043,2016,262,237,90.5,15,5.7
19647331933118,2016,386,360,93.3,64,16.6
19647331933233,2016,256,145,56.6,3,1.2
19647331933241,2016,368,294,79.9,29,7.9
19647331933381,2016,563,513,91.1,48,8.5
19647331933746,2016,1084,613,56.5,38,3.5
19647331933795,2016,365,287,78.6,50,13.7
19647331933852,2016,635,401,63.1,32,5.0
19647331934033,2016,293,237,80.9,17,5.8
19647331934157,2016,414,373,90.1,62,15.0
19647331934371,2016,164,143,87.2,34,20.7
19647331934454,2016,83,70,84.3,13,15.7
19647331935121,2016,215,198,92.1,20,9.3
19647331935352,2016,298,248,83.2,39,13.1
19647331935519,2016,349,317,90.8,79,22.6
19647331935568,2016,558,413,74.0,35,6.3
19647331935865,2016,469,412,87.8,60,12.8
19647331936160,2016,497,343,69.0,22,4.4
19647331936350,2016,501,375,74.9,26,5.2
19647331937085,2016,20,20,100.0,5,25.0
19647331937226,2016,309,234,75.7,32,10.4
19647331937424,2016,475,411,86.5,80,16.8
19647331937622,2016,534,479,89.7,39,7.3
19647331937838,2016,573,348,60.7,20,3.5
19647331938307,2016,603,520,86.2,68,11.3
19647331938554,2016,333,286,85.9,20,6.0
19647331938612,2016,529,335,63.3,28,5.3
19647331938885,2016,390,266,68.2,31,7.9
19647331938968,2016,479,365,76.2,33,6.9
19647331939040,2016,412,277,67.2,23,5.6
19647331939107,2016,336,236,70.2,12,3.6
19647331939305,2016,236,199,84.3,33,14.0
19647331939479,2016,253,143,56.5,2,0.8
19647331939784,2016,1,0,0.0,1,100.0
19647331939859,2016,358,313,87.4,38,10.6
19647331939941,2016,446,316,70.9,29,6.5
19647331995448,2016,395,320,81.0,0,0.0
19647331995489,2016,942,475,50.4,200,21.2
19647331995794,2016,106,88,83.0,27,25.5
19647331995836,2016,722,234,32.4,9,1.2
19647331996073,2016,40,29,72.5,7,17.5
19647331996115,2016,581,379,65.2,39,6.7
19647331996610,2016,57,50,87.7,3,5.3
19647331996651,2016,8,8,100.0,3,37.5
19647336016885,2016,151,131,86.8,14,9.3
19647336019475,2016,82,73,89.0,0,0.0
19647336019715,2016,139,135,97.1,11,7.9
19647336058002,2016,187,163,87.2,24,12.8
19647336060503,2016,1,1,100.0,1,100.0
19647336060529,2016,13,12,92.3,8,61.5
19647336061451,2016,198,175,88.4,8,4.0
19647336061600,2016,50,43,86.0,3,6.0
19647336069157,2016,50,25,50.0,7,14.0
19647336116750,2016,90,78,86.7,4,4.4
19647336119945,2016,70,64,91.4,3,4.3
19647336131080,2016,2,0,0.0,0,0.0
19647336934558,2016,8,0,0.0,0,0.0
19647337053671,2016,1,0,0.0,0,0.0
19647337053739,2016,2,0,0.0,1,50.0
19647337078207,2016,3,1,33.3,2,66.7
19647337084403,2016,1,1,100.0,0,0.0
19647740109538,2016,434,390,89.9,35,8.1
19647740114777,2016,56,38,67.9,15,26.8
19647740127845,2016,16,11,68.8,1,6.2
19647741935428,2016,63,46,73.0,13,20.6
19647741935436,2016,573,538,93.9,95,16.6
19647901935899,2016,57,42,73.7,6,10.5
19647901935923,2016,390,215,55.1,15,3.8
19647901996404,2016,18,5,27.8,0,0.0
19648080124552,2016,158,136,86.1,20,12.7
19648081930155,2016,662,543,82.0,59,8.9
19648081930825,2016,659,633,96.1,115,17.5
19648081935998,2016,659,571,86.6,85,12.9
19648081938927,2016,170,154,90.6,38,22.4
19648081996388,2016,32,23,71.9,6,18.8
19648401933647,2016,332,274,82.5,36,10.8
19648401934728,2016,500,246,49.2,16,3.2
19648401936467,2016,436,377,86.5,29,6.7
19648401936475,2016,160,111,69.4,18,11.2
19648570112714,2016,250,230,92.0,39,15.6
19648570125377,2016,113,94,83.2,3,2.7
19648576119580,2016,36,31,86.1,4,11.1
19648651933308,2016,33,6,18.2,4,12.1
19648651995588,2016,625,27,4.3,25,4.0
19648651996552,2016,354,9,2.5,7,2.0
19648656130900,2016,1,0,0.0,0,0.0
19648730120378,2016,2,1,50.0,1,50.0
19648731936749,2016,1083,1034,95.5,138,12.7
19648731936756,2016,105,77,73.3,35,33.3
19648731964873,2016,9,6,66.7,1,11.1
19648731996107,2016,9,8,88.9,2,22.2
19648810113464,2016,44,14,31.8,0,0.0
19648810117440,2016,73,52,71.2,3,4.1
19648810118075,2016,96,91,94.8,15,15.6
19648811931062,2016,140,111,79.3,43,30.7
19648811931674,2016,251,176,70.1,16,6.4
19648811936103,2016,197,171,86.8,25,12.7
19648811936806,2016,105,88,83.8,21,20.0
19648811936822,2016,423,294,69.5,18,4.3
19648811964881,2016,1,1,100.0,0,0.0
19649070115170,2016,95,71,74.7,22,23.2
19649071933175,2016,277,253,91.3,44,15.9
19649071933324,2016,402,389,96.8,78,19.4
19649071936772,2016,98,87,88.8,32,32.7
19649071937028,2016,329,302,91.8,43,13.1
19649071995901,2016,409,271,66.3,20,4.9
19649071996495,2016,97,91,93.8,22,22.7
19649071996685,2016,7,6,85.7,5,71.4
19649076061634,2016,80,75,93.8,16,20.0
19649076061642,2016,62,57,91.9,9,14.5
19649641937754,2016,275,11,4.0,21,7.6
19649801933373,2016,33,11,33.3,2,6.1
19649801938000,2016,701,200,28.5,34,4.9
19649801995737,2016,164,20,12.2,3,1.8
19650291938455,2016,370,80,21.6,9,2.4
19650521938679,2016,525,225,42.9,51,9.7
19650521995745,2016,18,14,77.8,2,11.1
19650521995976,2016,5,0,0.0,1,20.0
19650600110320,2016,8,2,25.0,1,12.5
19650601936277,2016,437,204,46.7,32,7.3
19650601938083,2016,80,43,53.8,11,13.8
19650601938356,2016,490,68,13.9,17,3.5
19650601938752,2016,527,202,38.3,31,5.9
19650601939602,2016,527,116,22.0,34,6.5
19650940112706,2016,405,228,56.3,8,2.0
19650940122432,2016,240,147,61.2,5,2.1
19650940125393,2016,100,74,74.0,4,4.0
19650940130005,2016,18,16,88.9,2,11.1
19650941938513,2016,76,64,84.2,2,2.6
19650941939537,2016,552,357,64.7,10,1.8
19651280128678,2016,1,1,100.0,0,0.0
19651281930338,2016,175,154,88.0,31,17.7
19651281931302,2016,641,487,76.0,35,5.5
19651281934868,2016,653,323,49.5,41,6.3
19651281936889,2016,353,325,92.1,32,9.1
19651281937903,2016,532,449,84.4,18,3.4
19651281939701,2016,491,379,77.2,31,6.3
19651281995653,2016,136,102,75.0,9,6.6
19651286982219,2016,1,1,100.0,0,0.0
19651360102459,2016,524,251,47.9,80,15.3
19651360102475,2016,589,72,12.2,28,4.8
19651360112359,2016,7,5,71.4,1,14.3
19651360114439,2016,551,486,88.2,134,24.3
19651360117234,2016,79,19,24.1,5,6.3
19651360121731,2016,66,7,10.6,0,0.0
19651361931492,2016,531,199,37.5,76,14.3
19651361931740,2016,564,73,12.9,19,3.4
19651361932532,2016,49,4,8.2,0,0.0
19651361933902,2016,530,172,32.5,72,13.6
19651361934421,2016,123,67,54.5,29,23.6
19651361995802,2016,789,93,11.8,19,2.4
19651361996263,2016,385,277,71.9,30,7.8
19651361996321,2016,110,14,12.7,0,0.0
19734371931567,2016,164,141,86.0,24,14.6
19734371931963,2016,388,339,87.4,69,17.8
19734371932326,2016,352,304,86.4,59,16.8
19734371995695,2016,325,293,90.2,103,31.7
19734371996040,2016,2,1,50.0,0,0.0
19734371996057,2016,21,16,76.2,7,33.3
19734451933316,2016,23,18,78.3,1,4.3
19734451934801,2016,292,260,89.0,21,7.2
19734451935246,2016,481,310,64.4,18,3.7
19734451938935,2016,70,60,85.7,15,21.4
19734451939834,2016,380,223,58.7,29,7.6
19734451939925,2016,265,240,90.6,37,14.0
19734451996560,2016,1,1,100.0,0,0.0
19734520120600,2016,48,21,43.8,0,0.0
19734521930106,2016,101,70,69.3,31,30.7
19734521936228,2016,438,322,73.5,51,11.6
19734521937564,2016,538,307,57.1,50,9.3
19734527026263,2016,1,0,0.0,0,0.0
19734601932862,2016,729,85,11.7,49,6.7
19734601937747,2016,18,7,38.9,1,5.6
19734601939149,2016,669,100,14.9,47,7.0
19752911995810,2016,446,240,53.8,82,18.4
19752911996016,2016,350,270,77.1,14,4.0
19752911996081,2016,28,24,85.7,9,32.1
19753090127100,2016,261,231,88.5,35,13.4
19753090129411,2016,29,7,24.1,1,3.4
19753090129742,2016,77,30,39.0,3,3.9
19753090130781,2016,6,2,33.3,0,0.0
19753090130955,2016,4,1,25.0,0,0.0
19753090131383,2016,35,34,97.1,8,22.9
19753090131557,2016,2,0,0.0,0,0.0
19753090131987,2016,78,13,16.7,0,0.0
19753090132654,2016,103,70,68.0,4,3.9
19753091995786,2016,91,33,36.3,6,6.6
19753331935808,2016,636,40,6.3,6,0.9
19753410116285,2016,2,1,50.0,1,50.0
19753411937143,2016,653,140,21.4,19,2.9
19753411995752,2016,32,13,40.6,3,9.4
19756636120158,2016,100,17,17.0,2,2.0
19756971996693,2016,98,67,68.4,5,5.1
19757131930122,2016,57,49,86.0,15,26.3
19757131930163,2016,657,538,81.9,121,18.4
19757131934553,2016,527,351,66.6,95,18.0
19757131937697,2016,552,486,88.0,133,24.1
19757131995430,2016,48,34,70.8,12,25.0
19764970115725,2016,46,37,80.4,15,32.6
19768690119016,2016,125,66,52.8,3,2.4
19768690119636,2016,134,65,48.5,4,3.0
19768690131128,2016,68,31,45.6,5,7.4
19768850132928,2016,27,27,100.0,2,7.4
19769680109926,2016,70,66,94.3,10,14.3
20102070117184,2016,152,142,93.4,36,23.7
20102072030054,2016,12,10,83.3,6,50.0
20102072030153,2016,28,18,64.3,9,32.1
20102072030229,2016,52,50,96.2,12,23.1
20102076077200,2016,16,10,62.5,2,12.5
20652012030047,2016,12,12,100.0,6,50.0
20652012032357,2016,254,185,72.8,30,11.8
20652430110965,2016,604,538,89.1,74,12.3
20652430118950,2016,15,10,66.7,0,0.0
20652430123620,2016,74,73,98.6,25,33.8
20652430131086,2016,15,15,100.0,4,26.7
20652432035640,2016,67,57,85.1,9,13.4
20652432035707,2016,492,376,76.4,43,8.7
20755800110395,2016,1,1,100.0,0,0.0
20755800110403,2016,9,9,100.0,2,22.2
20755800111443,2016,1,0,0.0,0,0.0
20755800123315,2016,1,1,100.0,0,0.0
20755802030161,2016,10,6,60.0,0,0.0
20755802030203,2016,137,38,27.7,4,2.9
20756060100180,2016,11,10,90.9,0,0.0
20756060117010,2016,63,22,34.9,0,0.0
20756060125021,2016,54,19,35.2,0,0.0
20756060132936,2016,12,9,75.0,0,0.0
20756066113948,2016,1,1,100.0,0,0.0
20764140115527,2016,7,4,57.1,0,0.0
20764142030013,2016,136,64,47.1,0,0.0
20764142030039,2016,9,6,66.7,0,0.0
20764142030104,2016,24,16,66.7,0,0.0
20764142030237,2016,20,6,30.0,0,0.0
21102150113183,2016,5,3,60.0,0,0.0
21102152130037,2016,25,18,72.0,9,36.0
21102152130102,2016,1,0,0.0,0,0.0
21102156069504,2016,2,1,50.0,1,50.0
21654172130045,2016,18,4,22.2,0,0.0
21654172132264,2016,13,9,69.2,0,0.0
21654172132272,2016,296,95,32.1,24,8.1
21654172133056,2016,238,55,23.1,11,4.6
21654662133254,2016,27,24,88.9,5,18.5
21654662133262,2016,293,187,63.8,64,21.8
21654662134005,2016,291,120,41.2,41,14.1
21654822130078,2016,49,2,4.1,0,0.0
21654822131340,2016,248,19,7.7,3,1.2
21654822132587,2016,406,11,2.7,3,0.7
21654822133692,2016,329,24,7.3,3,0.9
21654822134419,2016,50,20,40.0,0,0.0
21733612134310,2016,43,28,65.1,7,16.3
22655322230035,2016,7,4,57.1,1,14.3
22655322230068,2016,14,8,57.1,0,0.0
22655322230076,2016,1,1,100.0,0,0.0
22655322235356,2016,117,54,46.2,1,0.9
23102312330124,2016,7,7,100.0,1,14.3
23102312330447,2016,18,17,94.4,3,16.7
23655402330058,2016,7,6,85.7,2,28.6
23655402330900,2016,45,35,77.8,3,6.7
23655576116669,2016,3,1,33.3,0,0.0
23655650123737,2016,5,5,100.0,0,0.0
23655652330215,2016,14,11,78.6,1,7.1
23655652330355,2016,4,4,100.0,1,25.0
23655652331361,2016,110,67,60.9,4,3.6
23655812330090,2016,7,5,71.4,0,0.0
23655812330306,2016,1,1,100.0,0,0.0
23655812333185,2016,44,12,27.3,0,0.0
23655992330108,2016,3,2,66.7,0,0.0
23655992333649,2016,30,18,60.0,2,6.7
23656072330033,2016,6,6,100.0,0,0.0
23656072334563,2016,18,15,83.3,3,16.7
23656150128280,2016,34,13,38.2,4,11.8
23656152330413,2016,22,12,54.5,0,0.0
23656152330454,2016,18,16,88.9,2,11.1
23656152334704,2016,67,55,82.1,8,11.9
23656152335024,2016,333,207,62.2,25,7.5
23656230112300,2016,12,10,83.3,1,8.3
23656232330066,2016,23,17,73.9,1,4.3
23656232330314,2016,11,5,45.5,0,0.0
23656232330363,2016,9,8,88.9,0,0.0
23656232335487,2016,106,74,69.8,9,8.5
23656236025282,2016,1,1,100.0,0,0.0
23738662330041,2016,19,12,63.2,0,0.0
23739162330223,2016,4,3,75.0,0,0.0
23739162332260,2016,25,18,72.0,2,8.0
23752182330207,2016,2,1,50.0,0,0.0
23752182332724,2016,4,4,100.0,0,0.0
24102490106518,2016,27,20,74.1,0,0.0
24102492430056,2016,19,16,84.2,4,21.1
24102492430148,2016,94,85,90.4,12,12.8
24102492430163,2016,23,21,91.3,6,26.1
24102492430171,2016,28,21,75.0,10,35.7
24102496068498,2016,1,1,100.0,1,100.0
24102496069199,2016,15,15,100.0,1,6.7
24656982430080,2016,17,14,82.4,3,17.6
24656982430106,2016,3,1,33.3,0,0.0
24656982432409,2016,155,83,53.5,22,14.2
24657302430064,2016,13,13,100.0,5,38.5
24657302433001,2016,128,99,77.3,24,18.8
24657550119073,2016,37,33,89.2,9,24.3
24657550120923,2016,340,270,79.4,37,10.9
24657552431492,2016,65,57,87.7,25,38.5
24657552434207,2016,313,197,62.9,41,13.1
24657890127373,2016,382,270,70.7,25,6.5
24657892430049,2016,19,16,84.2,2,10.5
24657892430098,2016,375,315,84.0,21,5.6
24657892430205,2016,393,300,76.3,19,4.8
24657892430601,2016,426,353,82.9,22,5.2
24657892433605,2016,273,229,83.9,15,5.5
24657892435204,2016,359,269,74.9,20,5.6
24657892439602,2016,176,164,93.2,46,26.1
24736192430031,2016,11,9,81.8,4,36.4
24736192431807,2016,141,107,75.9,18,12.8
24753172430015,2016,22,21,95.5,0,0.0
24753172431203,2016,155,143,92.3,7,4.5
24753660114538,2016,6,4,66.7,0,0.0
24753662430114,2016,171,148,86.5,15,8.8
24753662430197,2016,19,17,89.5,7,36.8
25102562530038,2016,2,2,100.0,0,0.0
25658962537702,2016,9,7,77.8,0,0.0
25735852530020,2016,8,6,75.0,0,0.0
25735852535409,2016,58,22,37.9,0,0.0
25735932530087,2016,2,2,100.0,1,50.0
25735934737250,2016,35,29,82.9,11,31.4
26102640125633,2016,33,28,84.8,1,3.0
26102640126698,2016,1,0,0.0,0,0.0
26102640128645,2016,3,0,0.0,0,0.0
26102642630028,2016,4,3,75.0,0,0.0
26736682633006,2016,16,9,56.2,0,0.0
26736682635001,2016,6,4,66.7,0,0.0
26736922630010,2016,71,47,66.2,1,1.4
26736922630036,2016,7,6,85.7,0,0.0
27102720125765,2016,36,4,11.1,1,2.8
27102722730117,2016,34,21,61.8,11,32.4
27102722730232,2016,83,55,66.3,13,15.7
27102722730265,2016,88,73,83.0,31,35.2
27102726069512,2016,3,0,0.0,1,33.3
27659872730018,2016,10,4,40.0,0,0.0
27659872730414,2016,208,23,11.1,2,1.0
27660682730083,2016,39,32,82.1,14,35.9
27660682730174,2016,242,204,84.3,48,19.8
27660682732170,2016,223,172,77.1,32,14.3
27660920111435,2016,146,97,66.4,10,6.8
27660920112896,2016,1,0,0.0,1,100.0
27660922730240,2016,36,19,52.8,7,19.4
27660922732253,2016,51,41,80.4,10,19.6
27660922732808,2016,299,138,46.2,15,5.0
27660922735348,2016,249,182,73.1,21,8.4
27661342731115,2016,8,3,37.5,0,0.0
27661342733657,2016,143,13,9.1,1,0.7
27661590124610,2016,116,94,81.0,46,39.7
27661592730109,2016,574,514,89.5,111,19.3
27661592730166,2016,521,355,68.1,70,13.4
27661592730273,2016,12,9,75.0,5,41.7
27661592733178,2016,442,297,67.2,80,18.1
27661592734481,2016,79,63,79.7,28,35.4
27661592734556,2016,625,301,48.2,71,11.4
27738252730034,2016,239,187,78.2,41,17.2
27738252730125,2016,71,39,54.9,6,8.5
27738252730141,2016,39,31,79.5,13,33.3
27751500118349,2016,3,2,66.7,0,0.0
27754400106112,2016,15,14,93.3,5,33.3
27754402730190,2016,341,275,80.6,76,22.3
27754732730067,2016,21,18,85.7,10,47.6
27754732730885,2016,163,138,84.7,27,16.6
28102802830073,2016,1,1,100.0,0,0.0
28102802830099,2016,37,31,83.8,8,21.6
28662412830065,2016,9,7,77.8,3,33.3
28662412831758,2016,66,40,60.6,15,22.7
28662660101964,2016,53,18,34.0,0,0.0
28662660121087,2016,384,160,41.7,23,6.0
28662660128314,2016,5,5,100.0,2,40.0
28662662830016,2016,404,189,46.8,19,4.7
28662662830115,2016,100,39,39.0,7,7.0
28662662830149,2016,88,72,81.8,20,22.7
28662662835601,2016,414,232,56.0,44,10.6
28662902837102,2016,121,48,39.7,8,6.6
29102980114314,2016,26,14,53.8,2,7.7
29102980116681,2016,5,4,80.0,0,0.0
29102980116913,2016,11,9,81.8,0,0.0
29102980126219,2016,105,52,49.5,0,0.0
29102982930147,2016,407,381,93.6,84,20.6
29663570112367,2016,43,10,23.3,0,0.0
29663570124834,2016,23,7,30.4,0,0.0
29663572930030,2016,33,12,36.4,1,3.0
29663572930048,2016,176,37,21.0,3,1.7
29663572930071,2016,52,39,75.0,1,1.9
29663572930089,2016,14,8,57.1,0,0.0
29663572935500,2016,355,116,32.7,8,2.3
29768776111371,2016,14,9,64.3,0,0.0
30103060126037,2016,117,90,76.9,19,16.2
30103060132910,2016,1,1,100.0,0,0.0
30103063030426,2016,116,96,82.8,48,41.4
30103063030632,2016,106,24,22.6,3,2.8
30103063030764,2016,1054,855,81.1,316,30.0
30103066069553,2016,9,3,33.3,0,0.0
30664313030038,2016,640,226,35.3,29,4.5
30664313030228,2016,717,652,90.9,126,17.6
30664313030384,2016,92,68,73.9,7,7.6
30664313030616,2016,186,78,41.9,0,0.0
30664313032786,2016,350,281,80.3,111,31.7
30664313033057,2016,590,491,83.2,97,16.4
30664313033115,2016,613,314,51.2,41,6.7
30664313033784,2016,541,455,84.1,111,20.5
30664313034204,2016,447,389,87.0,101,22.6
30664313036712,2016,440,377,85.7,76,17.3
30664313038239,2016,503,411,81.7,81,16.1
30664316066815,2016,1,1,100.0,1,100.0
30664493030624,2016,35,18,51.4,4,11.4
30664493030640,2016,432,95,22.0,12,2.8
30664640106765,2016,531,195,36.7,9,1.7
30664640113381,2016,623,142,22.8,25,4.0
30664640124131,2016,48,6,12.5,1,2.1
30664643030210,2016,533,142,26.6,33,6.2
30664643030574,2016,743,89,12.0,16,2.2
30664643030756,2016,592,51,8.6,8,1.4
30664643030798,2016,6,5,83.3,1,16.7
30664643035987,2016,83,55,66.3,16,19.3
30664643036001,2016,740,145,19.6,24,3.2
30664643038569,2016,655,144,22.0,20,3.1
30664646120356,2016,37,19,51.4,0,0.0
30664646131106,2016,1,0,0.0,0,0.0
30665143030335,2016,52,40,76.9,11,21.2
30665143030855,2016,440,356,80.9,52,11.8
30665143032505,2016,499,298,59.7,26,5.2
30665143033362,2016,528,260,49.2,30,5.7
30665143033610,2016,254,213,83.9,81,31.9
30665143037090,2016,439,211,48.1,35,8.0
30665143037348,2016,585,153,26.2,31,5.3
30665143037496,2016,604,102,16.9,11,1.8
30665223030103,2016,226,168,74.3,109,48.2
30665223030434,2016,472,349,73.9,105,22.2
30665223032752,2016,590,357,60.5,115,19.5
30665223033578,2016,540,317,58.7,77,14.3
30665223033933,2016,405,331,81.7,113,27.9
30665223035581,2016,397,146,36.8,20,5.0
30665223035706,2016,397,265,66.8,83,20.9
30665223036555,2016,506,400,79.1,136,26.9
30665226028633,2016,1,0,0.0,0,0.0
30665483030145,2016,358,217,60.6,58,16.2
30665483030368,2016,84,19,22.6,0,0.0
30665483031895,2016,560,47,8.4,1,0.2
30665483032158,2016,917,263,28.7,16,1.7
30665483032943,2016,685,84,12.3,12,1.8
30665483034410,2016,567,95,16.8,17,3.0
30665483038445,2016,575,446,77.6,104,18.1
30665483038551,2016,135,66,48.9,27,20.0
30665553033206,2016,245,15,6.1,1,0.4
30665970111666,2016,59,49,83.1,1,1.7
30665973030186,2016,43,20,46.5,7,16.3
30665973031697,2016,424,30,7.1,2,0.5
30665973031853,2016,280,182,65.0,46,16.4
30665973032000,2016,291,205,70.4,54,18.6
30665973034907,2016,79,62,78.5,35,44.3
30665973035045,2016,621,206,33.2,48,7.7
30665977102924,2016,1,0,0.0,0,0.0
30666210114769,2016,15,9,60.0,4,26.7
30666210118174,2016,26,6,23.1,1,3.8
30666213030046,2016,592,53,9.0,7,1.2
30666213031952,2016,461,203,44.0,37,8.0
30666213035409,2016,446,363,81.4,78,17.5
30666213035748,2016,157,124,79.0,42,26.8
30666213038098,2016,582,175,30.1,24,4.1
30666470119404,2016,415,40,9.6,7,1.7
30666473030053,2016,407,68,16.7,3,0.7
30666473030483,2016,42,7,16.7,0,0.0
30666473031929,2016,483,101,20.9,9,1.9
30666473031945,2016,105,72,68.6,19,18.1
30666473038023,2016,683,375,54.9,45,6.6
30666476119556,2016,25,0,0.0,0,0.0
30666700106567,2016,97,90,92.8,4,4.1
30666700108365,2016,543,487,89.7,13,2.4
30666700111260,2016,1,1,100.0,0,0.0
30666700114736,2016,614,600,97.7,36,5.9
30666703030475,2016,205,183,89.3,63,30.7
30666703030491,2016,395,386,97.7,75,19.0
30666703030608,2016,80,75,93.8,0,0.0
30666703030723,2016,369,45,12.2,0,0.0
30666703034998,2016,186,169,90.9,68,36.6
30666703035821,2016,333,312,93.7,57,17.1
30666703036357,2016,607,594,97.9,115,18.9
30666703036456,2016,481,465,96.7,124,25.8
30666706115133,2016,9,8,88.9,5,55.6
30736353030061,2016,607,163,26.9,45,7.4
30736353030079,2016,127,65,51.2,15,11.8
30736353030244,2016,395,123,31.1,35,8.9
30736353030392,2016,693,111,16.0,28,4.0
30736353030509,2016,28,4,14.3,0,0.0
30736353034956,2016,602,126,20.9,36,6.0
30736430102871,2016,614,143,23.3,34,5.5
30736433030590,2016,30,18,60.0,6,20.0
30736433032109,2016,695,209,30.1,15,2.2
30736433032919,2016,137,105,76.6,48,35.0
30736433037553,2016,500,366,73.2,42,8.4
30736433073643,2016,1,0,0.0,0,0.0
30736503030129,2016,53,26,49.1,7,13.2
30736503030152,2016,491,100,20.4,45,9.2
30736503030285,2016,587,99,16.9,41,7.0
30736503030467,2016,12,0,0.0,0,0.0
30736503030657,2016,534,49,9.2,28,5.2
30736503035102,2016,621,111,17.9,66,10.6
30739243033917,2016,838,98,11.7,4,0.5
30768930130765,2016,11,8,72.7,3,27.3
31103140113399,2016,1,1,100.0,0,0.0
31103140119214,2016,42,21,50.0,0,0.0
31103140126904,2016,18,17,94.4,2,11.1
31103143130101,2016,6,5,83.3,2,33.3
31103143130259,2016,17,17,100.0,1,5.9
31668450121418,2016,36,3,8.3,0,0.0
31668520127902,2016,4,1,25.0,0,0.0
31668940102293,2016,39,14,35.9,0,0.0
31668943130135,2016,49,19,38.8,0,0.0
31668943131687,2016,43,33,76.7,1,2.3
31668943131851,2016,142,43,30.3,0,0.0
31668943132453,2016,430,59,13.7,5,1.2
31668943135704,2016,333,85,25.5,12,3.6
31669280116459,2016,433,215,49.7,8,1.8
31669283130119,2016,88,22,25.0,1,1.1
31669283130176,2016,536,100,18.7,2,0.4
31669283130184,2016,506,46,9.1,0,0.0
31669283130309,2016,58,41,70.7,6,10.3
31669283135308,2016,447,111,24.8,7,1.6
31669283136504,2016,469,159,33.9,10,2.1
31669443130010,2016,93,40,43.0,5,5.4
31669443130077,2016,25,15,60.0,6,24.0
31669443130192,2016,6,1,16.7,0,0.0
31669443138500,2016,163,58,35.6,15,9.2
31669510122507,2016,134,76,56.7,7,5.2
31669513130036,2016,39,14,35.9,4,10.3
31669513130168,2016,158,75,47.5,5,3.2
31669513134657,2016,400,126,31.5,22,5.5
31750850108084,2016,474,83,17.5,2,0.4
31750850119487,2016,116,8,6.9,1,0.9
31750850128561,2016,52,13,25.0,0,0.0
31750853130150,2016,469,67,14.3,11,2.3
31750853130200,2016,36,17,47.2,1,2.8
32103220100057,2016,3,3,100.0,0,0.0
32669693230042,2016,9,4,44.4,1,11.1
32669693230083,2016,33,15,45.5,0,0.0
32669693232006,2016,26,10,38.5,0,0.0
32669693233509,2016,17,8,47.1,0,0.0
32669693235603,2016,38,11,28.9,2,5.3
32669693236007,2016,48,9,18.8,1,2.1
33103300110833,2016,234,111,47.4,16,6.8
33103300125237,2016,64,63,98.4,10,15.6
33103300128397,2016,104,81,77.9,13,12.5
33103300128777,2016,53,32,60.4,7,13.2
33103303330123,2016,129,109,84.5,18,14.0
33103303331055,2016,142,124,87.3,29,20.4
33103306069207,2016,7,6,85.7,3,42.9
33316253330834,2016,27,11,40.7,0,0.0
33669770125732,2016,445,287,64.5,57,12.8
33669770126896,2016,75,71,94.7,39,52.0
33669773330008,2016,432,346,80.1,99,22.9
33669773334299,2016,524,476,90.8,155,29.6
33669773337128,2016,69,63,91.3,34,49.3
33669853330214,2016,243,206,84.8,25,10.3
33669853330222,2016,49,40,81.6,8,16.3
33669853330974,2016,58,38,65.5,7,12.1
33669930129882,2016,35,21,60.0,0,0.0
33669933330479,2016,597,331,55.4,31,5.2
33669933330842,2016,69,53,76.8,8,11.6
33670330110106,2016,68,60,88.2,15,22.1
33670330110627,2016,927,433,46.7,45,4.9
33670330110759,2016,200,76,38.0,1,0.5
33670333330131,2016,61,36,59.0,6,9.8
33670333330446,2016,778,408,52.4,48,6.2
33670333330586,2016,266,191,71.8,37,13.9
33670333330701,2016,863,237,27.5,20,2.3
33670333331600,2016,617,390,63.2,59,9.6
33670333334232,2016,507,211,41.6,28,5.5
33670580114504,2016,136,89,65.4,14,10.3
33670580118885,2016,470,329,70.0,32,6.8
33670583330388,2016,488,181,37.1,25,5.1
33670583330669,2016,581,298,51.3,34,5.9
33670583330909,2016,71,39,54.9,7,9.9
33670583331113,2016,144,126,87.5,46,31.9
33670583333192,2016,433,377,87.1,72,16.6
33670820106716,2016,84,70,83.3,7,8.3
33670820113159,2016,355,278,78.3,29,8.2
33670820120675,2016,27,6,22.2,0,0.0
33670820128363,2016,29,18,62.1,0,0.0
33670820132167,2016,12,11,91.7,1,8.3
33670823330065,2016,171,152,88.9,23,13.5
33670823330503,2016,168,126,75.0,6,3.6
33670823330537,2016,401,331,82.5,24,6.0
33670823332673,2016,513,337,65.7,20,3.9
33670900114157,2016,536,376,70.1,92,17.2
33670900127720,2016,48,33,68.8,6,12.5
33670903330412,2016,368,292,79.3,89,24.2
33670903330784,2016,2,2,100.0,1,50.0
33670903334687,2016,169,148,87.6,77,45.6
33670903337136,2016,344,317,92.2,117,34.0
33671160109843,2016,119,30,25.2,0,0.0
33671240128868,2016,27,19,70.4,0,0.0
33671243330396,2016,506,371,73.3,36,7.1
33671243330438,2016,607,474,78.1,58,9.6
33671243330685,2016,8,5,62.5,1,12.5
33671243330800,2016,95,81,85.3,12,12.6
33671243331071,2016,459,394,85.8,47,10.2
33671243333762,2016,167,144,86.2,18,10.8
33671243333770,2016,512,470,91.8,53,10.4
33671570125245,2016,13,3,23.1,0,0.0
33671573331014,2016,125,93,74.4,0,0.0
33671730127316,2016,414,293,70.8,43,10.4
33671730133090,2016,29,21,72.4,6,20.7
33671733330578,2016,300,260,86.7,52,17.3
33671733330818,2016,353,327,92.6,68,19.3
33671733331121,2016,191,177,92.7,46,24.1
33671733335130,2016,383,279,72.8,38,9.9
33671813331139,2016,68,54,79.4,4,5.9
33671813335759,2016,181,121,66.9,19,10.5
33672070101170,2016,113,101,89.4,2,1.8
33672070113191,2016,622,465,74.8,56,9.0
33672073330172,2016,132,107,81.1,43,32.6
33672073330727,2016,664,383,57.7,29,4.4
33672073330776,2016,12,10,83.3,2,16.7
33672073335973,2016,573,543,94.8,125,21.8
33672150115709,2016,26,9,34.6,0,0.0
33672150131359,2016,41,9,22.0,0,0.0
33672153330024,2016,428,291,68.0,63,14.7
33672153330362,2016,133,82,61.7,7,5.3
33672153330511,2016,26,22,84.6,3,11.5
33672153330677,2016,75,52,69.3,18,24.0
33672153330859,2016,782,255,32.6,16,2.0
33672153334406,2016,502,371,73.9,45,9.0
33672153336237,2016,603,305,50.6,49,8.1
33672153336492,2016,497,409,82.3,62,12.5
33672153336955,2016,85,77,90.6,20,23.5
33672493331006,2016,76,55,72.4,7,9.2
33672493337649,2016,118,94,79.7,15,12.7
33672493337656,2016,495,409,82.6,25,5.1
33672496114748,2016,56,37,66.1,2,3.6
33736760100255,2016,427,413,96.7,119,27.9
33736760121673,2016,40,34,85.0,5,12.5
33736763330032,2016,75,72,96.0,41,54.7
33736763330354,2016,71,69,97.2,14,19.7
33736763330990,2016,634,593,93.5,147,23.2
33751760107920,2016,474,346,73.0,34,7.2
33751760116343,2016,87,59,67.8,4,4.6
33751763330115,2016,128,105,82.0,23,18.0
33751763330487,2016,456,226,49.6,9,2.0
33751763332350,2016,504,310,61.5,22,4.4
33751920105734,2016,875,118,13.5,11,1.3
33751923330370,2016,586,130,22.2,18,3.1
33751923330495,2016,112,40,35.7,4,3.6
33751923330636,2016,98,17,17.3,0,0.0
33751923330743,2016,753,183,24.3,16,2.1
33751923330917,2016,86,32,37.2,1,1.2
33752000100420,2016,865,227,26.2,20,2.3
33752000102079,2016,66,17,25.8,1,1.5
33752000118794,2016,498,146,29.3,9,1.8
33752003330529,2016,569,122,21.4,8,1.4
33752003330644,2016,59,28,47.5,4,6.8
33752420109108,2016,526,439,83.5,52,9.9
33752420123190,2016,13,9,69.2,0,0.0
33752423330552,2016,757,605,79.9,42,5.5
33752423330560,2016,198,187,94.4,43,21.7
33769430132522,2016,2,2,100.0,0,0.0
34103480106229,2016,14,9,64.3,1,7.1
34103480106237,2016,16,11,68.8,1,6.2
34103480106245,2016,20,16,80.0,2,10.0
34103480106278,2016,105,80,76.2,7,6.7
34103480106286,2016,2,2,100.0,0,0.0
34103480106294,2016,1,0,0.0,0,0.0
34103480106302,2016,7,5,71.4,1,14.3
34103480118745,2016,31,22,71.0,5,16.1
34322760330027,2016,15,15,100.0,0,0.0
34322763931250,2016,48,48,100.0,7,14.6
34322763990025,2016,66,61,92.4,6,9.1
34322765637780,2016,56,55,98.2,11,19.6
34673140105916,2016,544,398,73.2,55,10.1
34673140108753,2016,577,172,29.8,15,2.6
34673140116897,2016,572,198,34.6,13,2.3
34673143430170,2016,372,353,94.9,60,16.1
34673143430311,2016,89,66,74.2,8,9.0
34673143430329,2016,74,62,83.8,10,13.5
34673143430352,2016,58,39,67.2,3,5.2
34673143430477,2016,324,306,94.4,59,18.2
34673143430592,2016,437,230,52.6,20,4.6
34673143430618,2016,544,343,63.1,33,6.1
34673143430873,2016,624,223,35.7,19,3.0
34673143432002,2016,59,48,81.4,9,15.3
34673143432572,2016,429,154,35.9,11,2.6
34673146112254,2016,105,39,37.1,2,1.9
34673220127860,2016,12,11,91.7,2,16.7
34673300113571,2016,366,22,6.0,1,0.3
34673303430501,2016,68,32,47.1,6,8.8
34673303430667,2016,5,5,100.0,0,0.0
34673303430709,2016,35,14,40.0,1,2.9
34673303431533,2016,371,267,72.0,38,10.2
34673303433216,2016,528,67,12.7,10,1.9
34673303434792,2016,47,30,63.8,6,12.8
34673550119131,2016,268,137,51.1,10,3.7
34673553432903,2016,49,40,81.6,9,18.4
34673553433471,2016,220,155,70.5,14,6.4
34674130107383,2016,1,1,100.0,0,0.0
34674130112078,2016,1,0,0.0,0,0.0
34674133430469,2016,2,2,100.0,1,50.0
34674133430550,2016,11,10,90.9,6,54.5
34674134835302,2016,96,48,50.0,9,9.4
34674135731708,2016,71,36,50.7,15,21.1
34674210132019,2016,18,15,83.3,8,44.4
34674210132639,2016,2,2,100.0,0,0.0
34674390101881,2016,62,43,69.4,10,16.1
34674390101899,2016,76,33,43.4,0,0.0
34674390101907,2016,77,35,45.5,1,1.3
34674390101972,2016,283,213,75.3,26,9.2
34674390102038,2016,176,152,86.4,8,4.5
34674390108951,2016,43,32,74.4,7,16.3
34674390114546,2016,55,36,65.5,2,3.6
34674393430154,2016,121,92,76.0,18,14.9
34674393430519,2016,134,87,64.9,14,10.4
34674393430865,2016,201,140,69.7,1,0.5
34674393431012,2016,400,347,86.8,92,23.0
34674393434636,2016,354,317,89.5,67,18.9
34674393434768,2016,532,319,60.0,55,10.3
34674393435419,2016,525,315,60.0,46,8.8
34674393467439,2016,3,1,33.3,0,0.0
34674470121467,2016,17,13,76.5,2,11.8
34674473430048,2016,194,115,59.3,8,4.1
34674473430097,2016,50,37,74.0,2,4.0
34674473430386,2016,91,36,39.6,1,1.1
34674473430394,2016,20,16,80.0,0,0.0
34674473430493,2016,508,121,23.8,7,1.4
34674473430691,2016,275,201,73.1,14,5.1
34674473430717,2016,690,421,61.0,37,5.4
34674473430758,2016,72,26,36.1,1,1.4
34674473431111,2016,314,98,31.2,6,1.9
34674473432051,2016,417,179,42.9,9,2.2
34674473432317,2016,310,134,43.2,23,7.4
34674473432838,2016,139,121,87.1,46,33.1
34674473435930,2016,416,185,44.5,29,7.0
34674473436714,2016,393,70,17.8,7,1.8
34674473438504,2016,174,122,70.1,20,11.5
34674473467447,2016,8,0,0.0,0,0.0
34674476104244,2016,4,2,50.0,0,0.0
34739730106377,2016,6,1,16.7,0,0.0
34739733430378,2016,305,180,59.0,17,5.6
34739733430451,2016,41,25,61.0,2,4.9
34752830102236,2016,450,254,56.4,26,5.8
34752830112425,2016,132,45,34.1,6,4.5
34752830126060,2016,33,21,63.6,0,0.0
34752833430584,2016,261,186,71.3,32,12.3
34752833430626,2016,68,48,70.6,8,11.8
34752833430659,2016,123,30,24.4,3,2.4
34765050101832,2016,86,71,82.6,26,30.2
34765050108415,2016,163,111,68.1,14,8.6
34765050108795,2016,29,25,86.2,3,10.3
34765050108837,2016,169,142,84.0,23,13.6
34765050114272,2016,272,209,76.8,36,13.2
34765053430261,2016,58,53,91.4,7,12.1
34765053430634,2016,174,146,83.9,21,12.1
34765053430881,2016,83,72,86.7,21,25.3
34765053433265,2016,261,209,80.1,32,12.3
34765053433794,2016,424,373,88.0,103,24.3
34765053434370,2016,163,143,87.7,16,9.8
34765053436979,2016,347,266,76.7,25,7.2
35103550132308,2016,14,8,57.1,2,14.3
35103553530045,2016,3,2,66.7,1,33.3
35675383530029,2016,61,38,62.3,14,23.0
35675383537008,2016,680,384,56.5,67,9.9
35675387103534,2016,1,0,0.0,0,0.0
35752593530060,2016,65,37,56.9,3,4.6
36103630107466,2016,243,185,76.1,39,16.0
36103630123372,2016,10,7,70.0,0,0.0
36103633630431,2016,139,93,66.9,18,12.9
36103636069348,2016,29,19,65.5,4,13.8
36675870120592,2016,531,481,90.6,56,10.5
36675870128462,2016,93,80,86.0,20,21.5
36676110124628,2016,5,5,100.0,0,0.0
36676113630712,2016,52,43,82.7,5,9.6
36676113630803,2016,339,251,74.0,28,8.3
36676373630290,2016,30,24,80.0,4,13.3
36676373631066,2016,170,110,64.7,22,12.9
36676520126243,2016,27,16,59.3,1,3.7
36676523630225,2016,611,306,50.1,16,2.6
36676523630373,2016,844,378,44.8,10,1.2
36676523630571,2016,817,355,43.5,12,1.5
36676523630845,2016,8,6,75.0,1,12.5
36676523631058,2016,752,251,33.4,12,1.6
36676523631157,2016,492,366,74.4,30,6.1
36676523632205,2016,811,730,90.0,143,17.6
36676523633906,2016,644,573,89.0,87,13.5
36676523634482,2016,585,528,90.3,106,18.1
36676523637659,2016,278,243,87.4,57,20.5
36676783630035,2016,387,266,68.7,19,4.9
36676783630522,2016,635,147,23.1,29,4.6
36676783631017,2016,782,227,29.0,22,2.8
36676783631181,2016,5,5,100.0,1,20.0
36676783631587,2016,35,28,80.0,10,28.6
36676783631769,2016,118,89,75.4,21,17.8
36676783632502,2016,562,404,71.9,74,13.2
36676860125500,2016,591,455,77.0,45,7.6
36676863630399,2016,12,10,83.3,1,8.3
36676863631322,2016,475,424,89.3,67,14.1
36676863632742,2016,424,380,89.6,34,8.0
36676863636131,2016,97,89,91.8,22,22.7
36676863667686,2016,11,6,54.5,2,18.2
36677100108191,2016,617,426,69.0,54,8.8
36677100120758,2016,471,420,89.2,57,12.1
36677103630019,2016,145,136,93.8,41,28.3
36677103630480,2016,232,213,91.8,69,29.7
36677103630555,2016,532,466,87.6,82,15.4
36677103630902,2016,546,440,80.6,51,9.3
36677103633302,2016,499,474,95.0,109,21.8
36677360116723,2016,63,45,71.4,0,0.0
36677360128439,2016,32,9,28.1,1,3.1
36677360130948,2016,17,14,82.4,0,0.0
36677360131151,2016,205,195,95.1,36,17.6
36677770124214,2016,152,95,62.5,11,7.2
36677773630217,2016,59,50,84.7,4,6.8
36677773636743,2016,192,105,54.7,2,1.0
36677773638616,2016,264,148,56.1,6,2.3
36678013630266,2016,8,8,100.0,0,0.0
36678013634169,2016,50,31,62.0,3,6.0
36678270111807,2016,412,323,78.4,47,11.4
36678270113928,2016,147,76,51.7,3,2.0
36678430118802,2016,504,266,52.8,13,2.6
36678430127837,2016,6,2,33.3,0,0.0
36678433630779,2016,509,265,52.1,20,3.9
36678433630928,2016,30,8,26.7,0,0.0
36678433634995,2016,128,110,85.9,14,10.9
36678433635042,2016,525,285,54.3,31,5.9
36678433667843,2016,66,39,59.1,2,3.0
36678500102830,2016,553,432,78.1,45,8.1
36678503630159,2016,87,72,82.8,26,29.9
36678503630530,2016,39,32,82.1,4,10.3
36678503630597,2016,634,578,91.2,98,15.5
36678503633005,2016,527,482,91.5,88,16.7
36678683630241,2016,20,13,65.0,1,5.0
36678683635265,2016,318,141,44.3,22,6.9
36678760107730,2016,17,14,82.4,0,0.0
36678760109850,2016,54,42,77.8,10,18.5
36678760120568,2016,219,166,75.8,23,10.5
36678760125450,2016,384,371,96.6,62,16.1
36678760128405,2016,25,18,72.0,6,24.0
36678763630308,2016,215,201,93.5,42,19.5
36678763630548,2016,10,8,80.0,0,0.0
36678763630993,2016,52,49,94.2,17,32.7
36678763631082,2016,576,551,95.7,85,14.8
36678763631090,2016,85,69,81.2,0,0.0
36678763632221,2016,636,515,81.0,29,4.6
36678763632809,2016,283,264,93.3,64,22.6
36678763634680,2016,319,308,96.6,58,18.2
36678763635844,2016,328,319,97.3,71,21.6
36678763636081,2016,518,473,91.3,48,9.3
36678763667876,2016,7,5,71.4,2,28.6
36678767082381,2016,2,2,100.0,1,50.0
36678923636487,2016,19,13,68.4,0,0.0
36679340110064,2016,168,114,67.9,1,0.6
36679340125419,2016,358,316,88.3,27,7.5
36679343630100,2016,105,80,76.2,11,10.5
36679343630670,2016,658,462,70.2,55,8.4
36679343630761,2016,372,169,45.4,3,0.8
36679343630787,2016,526,411,78.1,36,6.8
36679343638012,2016,416,341,82.0,34,8.2
36679346114698,2016,90,72,80.0,7,7.8
36679590101410,2016,33,27,81.8,3,9.1
36679590101816,2016,10,6,60.0,0,0.0
36679593633351,2016,69,50,72.5,5,7.2
36679593638509,2016,617,283,45.9,30,4.9
36738583630076,2016,13,12,92.3,9,69.2
36738900118109,2016,3,3,100.0,0,0.0
36738903630274,2016,101,43,42.6,4,4.0
36738903630282,2016,11,7,63.6,1,9.1
36738903631199,2016,16,6,37.5,0,0.0
36739573630233,2016,494,295,59.7,22,4.5
36739573630365,2016,69,59,85.5,3,4.3
36739573630589,2016,5,0,0.0,0,0.0
36739573631108,2016,8,7,87.5,0,0.0
36750440107516,2016,32,25,78.1,6,18.8
36750440114389,2016,55,37,67.3,5,9.1
36750440115444,2016,117,86,73.5,33,28.2
36750440116707,2016,154,71,46.1,6,3.9
36750440119115,2016,571,405,70.9,50,8.8
36750443630407,2016,435,362,83.2,81,18.6
36750443630472,2016,154,130,84.4,35,22.7
36750443630746,2016,425,297,69.9,42,9.9
36750443630811,2016,94,52,55.3,6,6.4
36750443630944,2016,2,1,50.0,1,50.0
36750510115089,2016,26,12,46.2,0,0.0
36750513630563,2016,53,38,71.7,2,3.8
36750513630696,2016,8,8,100.0,0,0.0
36750693630456,2016,89,72,80.9,11,12.4
36750693637584,2016,817,394,48.2,64,7.8
36750773630423,2016,525,274,52.2,32,6.1
36750773630894,2016,355,246,69.3,19,5.4
36750773631009,2016,31,26,83.9,1,3.2
36750773631207,2016,110,28,25.5,0,0.0
37103710115998,2016,24,24,100.0,3,12.5
37103710120493,2016,17,17,100.0,9,52.9
37103710128520,2016,249,186,74.7,84,33.7
37103710128538,2016,324,175,54.0,63,19.4
37103711996545,2016,16,9,56.2,6,37.5
37103716119119,2016,66,36,54.5,6,9.1
37679830117887,2016,9,6,66.7,0,0.0
37679830131144,2016,94,90,95.7,30,31.9
37679833730447,2016,28,22,78.6,2,7.1
37680236115778,2016,70,53,75.7,9,12.9
37680313731122,2016,8,1,12.5,0,0.0
37680313731478,2016,306,13,4.2,0,0.0
37680490119990,2016,384,301,78.4,58,15.1
37680490129221,2016,14,5,35.7,0,0.0
37680490131169,2016,1,1,100.0,0,0.0
37680490132506,2016,98,50,51.0,8,8.2
37680496119564,2016,79,24,30.4,1,1.3
37681060111195,2016,269,40,14.9,0,0.0
37681060127241,2016,180,118,65.6,4,2.2
37681063730058,2016,499,302,60.5,45,9.0
37681063731023,2016,224,87,38.8,4,1.8
37681063732054,2016,152,135,88.8,57,37.5
37681063732062,2016,521,394,75.6,76,14.6
37681063735313,2016,462,402,87.0,69,14.9
37681223730967,2016,34,20,58.8,1,2.9
37681223732179,2016,505,402,79.6,54,10.7
37681223732195,2016,61,53,86.9,2,3.3
37681300128793,2016,16,8,50.0,0,0.0
37681300128819,2016,15,12,80.0,3,20.0
37681300132548,2016,56,29,51.8,1,1.8
37681303730066,2016,506,256,50.6,43,8.5
37681303730702,2016,487,161,33.1,7,1.4
37681303731262,2016,521,155,29.8,37,7.1
37681303731486,2016,1,0,0.0,0,0.0
37681303731536,2016,34,7,20.6,0,0.0
37681303731692,2016,415,383,92.3,162,39.0
37681303731809,2016,366,162,44.3,6,1.6
37681303732336,2016,621,305,49.1,23,3.7
37681303732559,2016,32,18,56.2,2,6.2
37681303732625,2016,541,290,53.6,43,7.9
37681303732732,2016,583,315,54.0,43,7.4
37681303734548,2016,417,301,72.2,40,9.6
37681303734761,2016,331,268,81.0,36,10.9
37681303737905,2016,373,134,35.9,7,1.9
37681556117303,2016,19,7,36.8,0,0.0
37681630124271,2016,168,143,85.1,14,8.3
37681630128421,2016,16,8,50.0,2,12.5
37681633731239,2016,155,66,42.6,4,2.6
37681713730835,2016,1,1,100.0,0,0.0
37681713733219,2016,36,18,50.0,1,2.8
37681890118323,2016,39,31,79.5,3,7.7
37681893731072,2016,45,1,2.2,0,0.0
37682130119560,2016,24,11,45.8,1,4.2
37682130123224,2016,125,79,63.2,19,15.2
37682130123240,2016,15,5,33.3,0,0.0
37682130127050,2016,7,3,42.9,0,0.0
37682130127084,2016,40,12,30.0,0,0.0
37682130129668,2016,1,1,100.0,0,0.0
37682133730934,2016,5,5,100.0,2,40.0
37682133730991,2016,3,3,100.0,0,0.0
37682133731080,2016,3,3,100.0,0,0.0
37682133734878,2016,71,48,67.6,20,28.2
37682960118935,2016,500,45,9.0,21,4.2
37682963730074,2016,515,97,18.8,24,4.7
37682963730819,2016,555,65,11.7,19,3.4
37682963731528,2016,564,61,10.8,8,1.4
37682963735842,2016,80,37,46.2,8,10.0
37682963735867,2016,570,105,18.4,34,6.0
37683040102178,2016,14,8,57.1,2,14.3
37683040131250,2016,17,0,0.0,0,0.0
37683043735958,2016,54,31,57.4,5,9.3
37683043735974,2016,373,123,33.0,19,5.1
37683380106732,2016,99,42,42.4,4,4.0
37683380106799,2016,96,51,53.1,1,1.0
37683380107029,2016,214,115,53.7,7,3.3
37683380107052,2016,157,129,82.2,42,26.8
37683380107078,2016,69,49,71.0,4,5.8
37683380107086,2016,66,47,71.2,8,12.1
37683380107094,2016,85,59,69.4,7,8.2
37683380107102,2016,70,53,75.7,11,15.7
37683380107177,2016,266,259,97.4,92,34.6
37683380107219,2016,158,141,89.2,40,25.3
37683380107482,2016,33,14,42.4,2,6.1
37683380108787,2016,103,49,47.6,4,3.9
37683380114025,2016,314,288,91.7,79,25.2
37683380114462,2016,166,123,74.1,39,23.5
37683380114520,2016,35,29,82.9,7,20.0
37683380118315,2016,24,21,87.5,1,4.2
37683380118851,2016,136,135,99.3,43,31.6
37683380119610,2016,114,108,94.7,22,19.3
37683380120410,2016,16,3,18.8,0,0.0
37683380122788,2016,70,32,45.7,6,8.6
37683380126938,2016,14,7,50.0,1,7.1
37683380127647,2016,106,76,71.7,13,12.3
37683380128744,2016,29,14,48.3,0,0.0
37683380131979,2016,26,23,88.5,11,42.3
37683383730116,2016,1,1,100.0,1,100.0
37683383730173,2016,357,213,59.7,13,3.6
37683383730181,2016,575,263,45.7,38,6.6
37683383730231,2016,110,87,79.1,23,20.9
37683383730314,2016,387,188,48.6,25,6.5
37683383730363,2016,1,0,0.0,0,0.0
37683383730371,2016,161,79,49.1,5,3.1
37683383730751,2016,34,10,29.4,0,0.0
37683383730884,2016,499,98,19.6,10,2.0
37683383730959,2016,346,210,60.7,24,6.9
37683383731056,2016,4,3,75.0,0,0.0
37683383731130,2016,6,3,50.0,0,0.0
37683383731189,2016,113,110,97.3,0,0.0
37683383731213,2016,231,130,56.3,21,9.1
37683383731247,2016,146,55,37.7,3,2.1
37683383731395,2016,150,85,56.7,8,5.3
37683383732781,2016,539,233,43.2,18,3.3
37683383732997,2016,441,409,92.7,118,26.8
37683383733508,2016,409,132,32.3,10,2.4
37683383733698,2016,270,180,66.7,14,5.2
37683383734431,2016,258,183,70.9,31,12.0
37683383734654,2016,383,314,82.0,59,15.4
37683383735750,2016,436,192,44.0,27,6.2
37683383737962,2016,100,90,90.0,24,24.0
37683386040083,2016,25,21,84.0,8,32.0
37683386061964,2016,86,55,64.0,7,8.1
37683460106328,2016,482,21,4.4,4,0.8
37683463730033,2016,717,48,6.7,34,4.7
37683463731007,2016,471,55,11.7,22,4.7
37683463737384,2016,62,14,22.6,1,1.6
37683463737418,2016,406,44,10.8,16,3.9
37684030125401,2016,56,35,62.5,0,0.0
37684036120893,2016,307,166,54.1,4,1.3
37684110111831,2016,712,200,28.1,26,3.7
37684110115873,2016,2,0,0.0,0,0.0
37684113730124,2016,443,350,79.0,133,30.0
37684113730405,2016,548,175,31.9,27,4.9
37684113730801,2016,356,280,78.7,97,27.2
37684113730843,2016,728,142,19.5,36,4.9
37684113731064,2016,628,478,76.1,134,21.3
37684113731155,2016,49,36,73.5,7,14.3
37684113731304,2016,79,57,72.2,52,65.8
37684113731460,2016,10,7,70.0,2,20.0
37684113731502,2016,557,420,75.4,168,30.2
37684113731627,2016,585,221,37.8,46,7.9
37684113732047,2016,101,70,69.3,40,39.6
37684113732849,2016,519,302,58.2,46,8.9
37684113733953,2016,423,295,69.7,61,14.4
37684113738226,2016,737,618,83.9,145,19.7
37684113738234,2016,394,260,66.0,57,14.5
37684113768411,2016,154,81,52.6,31,20.1
37684370128470,2016,38,23,60.5,2,5.3
37684520106120,2016,194,189,97.4,37,19.1
37684520114264,2016,42,24,57.1,2,4.8
37684520115451,2016,116,96,82.8,9,7.8
37684520118430,2016,332,103,31.0,2,0.6
37684520124917,2016,21,7,33.3,0,0.0
37684520126300,2016,9,4,44.4,0,0.0
37684523730207,2016,1,0,0.0,0,0.0
37684523730728,2016,532,246,46.2,29,5.5
37684523730942,2016,116,67,57.8,2,1.7
37684523732039,2016,69,61,88.4,8,11.6
37684523738705,2016,629,425,67.6,75,11.9
37735510127423,2016,273,42,15.4,1,0.4
37735513730017,2016,43,26,60.5,5,11.6
37735513730694,2016,526,85,16.2,10,1.9
37735513731163,2016,27,3,11.1,0,0.0
37735693731221,2016,144,90,62.5,5,3.5
37735693735206,2016,542,369,68.1,42,7.7
37735693739018,2016,708,383,54.1,36,5.1
37735693739026,2016,64,50,78.1,8,12.5
37737910105726,2016,625,299,47.8,53,8.5
37737910109785,2016,22,9,40.9,0,0.0
37737913730215,2016,67,46,68.7,11,16.4
37737913730793,2016,33,18,54.5,3,9.1
37737913737632,2016,704,283,40.2,70,9.9
37754160132472,2016,74,50,67.6,6,8.1
37754163730975,2016,18,13,72.2,2,11.1
37754166119275,2016,6,6,100.0,0,0.0
37756143731114,2016,278,137,49.3,17,6.1
37756143731312,2016,35,31,88.6,7,20.0
37756143731601,2016,18,13,72.2,1,5.6
37764710114678,2016,158,94,59.5,4,2.5
37764710114694,2016,115,43,37.4,2,1.7
37768510132886,2016,35,22,62.9,2,5.7
38103893830361,2016,17,7,41.2,5,29.4
38103893830395,2016,22,16,72.7,12,54.5
38103893830445,2016,44,32,72.7,5,11.4
38103896069561,2016,9,7,77.8,1,11.1
38684780102103,2016,47,38,80.9,18,38.3
38684780107300,2016,81,61,75.3,6,7.4
38684780118141,2016,4,3,75.0,0,0.0
38684780119875,2016,87,76,87.4,85,97.7
38684780119958,2016,63,41,65.1,4,6.3
38684780127530,2016,91,75,82.4,5,5.5
38684783830031,2016,60,42,70.0,13,21.7
38684783830064,2016,60,46,76.7,14,23.3
38684783830197,2016,86,50,58.1,0,0.0
38684783830205,2016,144,90,62.5,14,9.7
38684783830254,2016,254,187,73.6,40,15.7
38684783830288,2016,312,220,70.5,45,14.4
38684783830353,2016,17,12,70.6,2,11.8
38684783830387,2016,144,28,19.4,3,2.1
38684783830403,2016,124,99,79.8,79,63.7
38684783830411,2016,48,33,68.8,9,18.8
38684783830429,2016,15,14,93.3,0,0.0
38684783830437,2016,108,44,40.7,5,4.6
38684783831765,2016,437,335,76.7,73,16.7
38684783833241,2016,512,298,58.2,99,19.3
38684783833407,2016,683,293,42.9,4,0.6
38684783834082,2016,295,199,67.5,116,39.3
38684783834769,2016,57,43,75.4,13,22.8
38684783839081,2016,495,317,64.0,71,14.3
38767030121814,2016,22,9,40.9,1,4.5
39103970120717,2016,39,29,74.4,2,5.1
39103970121723,2016,10,10,100.0,3,30.0
39103973930195,2016,71,56,78.9,16,22.5
39103973930468,2016,400,359,89.8,72,18.0
39103973930476,2016,238,167,70.2,12,5.0
39103976069215,2016,5,4,80.0,1,20.0
39685020126011,2016,6,3,50.0,1,16.7
39685023930054,2016,32,21,65.6,0,0.0
39685023932308,2016,211,93,44.1,11,5.2
39685693933793,2016,81,65,80.2,6,7.4
39685693933801,2016,685,347,50.7,36,5.3
39685770118307,2016,26,22,84.6,8,30.8
39685773933959,2016,142,75,52.8,9,6.3
39685850101956,2016,89,35,39.3,1,1.1
39685850108225,2016,399,325,81.5,73,18.3
39685850122580,2016,43,33,76.7,6,14.0
39685850122879,2016,6,5,83.3,0,0.0
39685853930237,2016,440,275,62.5,31,7.0
39685853930278,2016,67,53,79.1,9,13.4
39685853930344,2016,58,40,69.0,5,8.6
39685853930443,2016,65,35,53.8,1,1.5
39685853934759,2016,480,329,68.5,96,20.0
39685853934767,2016,48,37,77.1,16,33.3
39685853934783,2016,444,224,50.5,59,13.3
39685930101576,2016,283,217,76.7,20,7.1
39685930112565,2016,61,52,85.2,15,24.6
39685930116376,2016,287,185,64.5,21,7.3
39685930126094,2016,57,39,68.4,7,12.3
39685933930310,2016,340,174,51.2,17,5.0
39685933930328,2016,5,5,100.0,2,40.0
39685933932001,2016,332,201,60.5,31,9.3
39685933935103,2016,359,226,63.0,27,7.5
39685933935111,2016,73,51,69.9,10,13.7
39686270126755,2016,67,59,88.1,2,3.0
39686270127191,2016,186,103,55.4,3,1.6
39686270129908,2016,44,27,61.4,7,15.9
39686270129916,2016,20,8,40.0,1,5.0
39686270130864,2016,123,65,52.8,6,4.9
39686270133116,2016,34,23,67.6,1,2.9
39686276119309,2016,76,39,51.3,7,9.2
39686500125849,2016,163,62,38.0,3,1.8
39686500128215,2016,9,8,88.9,1,11.1
39686503935756,2016,220,64,29.1,12,5.5
39686760108159,2016,474,379,80.0,69,14.6
39686760115402,2016,41,33,80.5,18,43.9
39686760118497,2016,67,52,77.6,2,3.0
39686760119743,2016,90,42,46.7,1,1.1
39686760119784,2016,143,107,74.8,12,8.4
39686760120733,2016,55,33,60.0,2,3.6
39686760123802,2016,124,92,74.2,13,10.5
39686760124248,2016,46,28,60.9,0,0.0
39686763930211,2016,112,101,90.2,31,27.7
39686763930427,2016,98,85,86.7,13,13.3
39686763932100,2016,469,435,92.8,111,23.7
39686763932654,2016,451,395,87.6,88,19.5
39686763937406,2016,323,189,58.5,42,13.0
39686766104368,2016,12,11,91.7,0,0.0
39754990102392,2016,133,29,21.8,5,3.8
39754990114140,2016,77,54,70.1,16,20.8
39754990119040,2016,380,130,34.2,35,9.2
39754993930302,2016,453,242,53.4,53,11.7
39754993930393,2016,9,7,77.8,3,33.3
39754993937976,2016,12,8,66.7,3,25.0
39754993938008,2016,463,158,34.1,33,7.1
39767600128967,2016,206,40,19.4,9,4.4
40104050101725,2016,119,75,63.0,31,26.1
40104054030078,2016,6,6,100.0,1,16.7
40104054030250,2016,54,41,75.9,11,20.4
40104056106769,2016,2,1,50.0,1,50.0
40687004030102,2016,17,2,11.8,0,0.0
40687004030151,2016,32,17,53.1,4,12.5
40687004030755,2016,277,70,25.3,6,2.2
40687590125328,2016,93,30,32.3,0,0.0
40687594030268,2016,243,134,55.1,31,12.8
40687594030557,2016,523,194,37.1,32,6.1
40687594033205,2016,69,49,71.0,7,10.1
40688094030045,2016,22,15,68.2,6,27.3
40688094034807,2016,191,78,40.8,10,5.2
40688094036703,2016,321,84,26.2,22,6.9
40688334037008,2016,14,13,92.9,5,35.7
40688414030128,2016,3,0,0.0,0,0.0
40688414030185,2016,32,3,9.4,0,0.0
40688414037701,2016,167,15,9.0,1,0.6
40754570119354,2016,44,14,31.8,3,6.8
40754574035754,2016,425,169,39.8,23,5.4
40754574035762,2016,65,39,60.0,10,15.4
40754654030144,2016,7,5,71.4,2,28.6
40754654032009,2016,55,29,52.7,10,18.2
41104130113266,2016,7,5,71.4,4,57.1
41104130113332,2016,18,11,61.1,9,50.0
41104130117143,2016,3,3,100.0,0,0.0
41104130128652,2016,6,3,50.0,3,50.0
41104134130076,2016,35,22,62.9,15,42.9
41104136069363,2016,1,0,0.0,0,0.0
41688904130027,2016,15,11,73.3,6,40.0
41688904132817,2016,252,98,38.9,28,11.1
41689160112284,2016,116,42,36.2,1,0.9
41689240127548,2016,98,29,29.6,4,4.1
41689244133393,2016,257,145,56.4,45,17.5
41689244135075,2016,119,43,36.1,5,4.2
41689244137535,2016,230,44,19.1,9,3.9
41689244137592,2016,77,46,59.7,19,24.7
41689244137790,2016,410,176,42.9,57,13.9
41689404135331,2016,33,29,87.9,17,51.5
41689996114953,2016,49,38,77.6,7,14.3
41690470128165,2016,113,57,50.4,27,23.9
41690474130217,2016,348,69,19.8,8,2.3
41690474130472,2016,311,22,7.1,4,1.3
41690474130738,2016,267,69,25.8,45,16.9
41690474133070,2016,339,52,15.3,21,6.2
41690474134557,2016,285,40,14.0,9,3.2
41690474136370,2016,391,131,33.5,53,13.6
41690620112722,2016,109,56,51.4,13,11.9
41690620119503,2016,90,51,56.7,8,8.9
41690620126722,2016,75,69,92.0,15,20.0
41690624130993,2016,534,86,16.1,25,4.7
41690624133716,2016,565,216,38.2,82,14.5
41690624135687,2016,116,95,81.9,42,36.2
41690624136693,2016,518,249,48.1,105,20.3
41690624138053,2016,412,187,45.4,48,11.7
41690700127563,2016,2,1,50.0,0,0.0
41690704130324,2016,62,34,54.8,13,21.0
41690704132551,2016,366,118,32.2,25,6.8
41690704137279,2016,325,158,48.6,43,13.2
41690704169070,2016,3,1,33.3,0,0.0
42104214230157,2016,32,20,62.5,12,37.5
42104214230207,2016,7,7,100.0,0,0.0
42104216069223,2016,7,6,85.7,2,28.6
42691120111773,2016,57,34,59.6,1,1.8
42691120124255,2016,15,4,26.7,0,0.0
42691464230181,2016,7,4,57.1,3,42.9
42691464230587,2016,161,107,66.5,25,15.5
42691464230595,2016,10,8,80.0,3,30.0
42692290132738,2016,2,1,50.0,1,50.0
42692294230454,2016,319,112,35.1,20,6.3
42692294233029,2016,50,42,84.0,10,20.0
42692294233060,2016,284,209,73.6,44,15.5
42692600116434,2016,139,30,21.6,3,2.2
42693100102285,2016,643,511,79.5,128,19.9
42693104231452,2016,223,194,87.0,74,33.2
42693104234613,2016,482,237,49.2,37,7.7
42693104236030,2016,577,536,92.9,161,27.9
42693284230074,2016,9,5,55.6,1,11.1
42693284236345,2016,209,58,27.8,3,1.4
42750104231205,2016,15,14,93.3,7,46.7
42767860120402,2016,58,26,44.8,5,8.6
42767864231726,2016,484,168,34.7,30,6.2
42767864232690,2016,54,41,75.9,19,35.2
42767864235230,2016,537,224,41.7,43,8.0
42767864235727,2016,526,288,54.8,71,13.5
42769500132894,2016,56,43,76.8,3,5.4
43104390102905,2016,47,45,95.7,19,40.4
43104390113431,2016,93,14,15.1,2,2.2
43104390120261,2016,2,2,100.0,0,0.0
43104390121780,2016,23,6,26.1,1,4.3
43104390123257,2016,43,36,83.7,9,20.9
43104390123794,2016,57,29,50.9,2,3.5
43104394330254,2016,56,48,85.7,17,30.4
43104394330320,2016,86,59,68.6,20,23.3
43104396069371,2016,14,6,42.9,6,42.9
43694014330239,2016,390,25,6.4,12,3.1
43694014330718,2016,7,3,42.9,2,28.6
43694014330759,2016,143,38,26.6,16,11.2
43694014330866,2016,337,47,13.9,6,1.8
43694014331955,2016,264,136,51.5,28,10.6
43694014336137,2016,335,94,28.1,32,9.6
43694014338505,2016,364,92,25.3,25,6.9
43694270107151,2016,47,39,83.0,42,89.4
43694270116889,2016,125,106,84.8,6,4.8
43694270123745,2016,88,45,51.1,16,18.2
43694270125427,2016,56,33,58.9,11,19.6
43694270125617,2016,68,66,97.1,34,50.0
43694274330015,2016,451,340,75.4,122,27.1
43694274330023,2016,522,127,24.3,29,5.6
43694274330031,2016,727,441,60.7,116,16.0
43694274330312,2016,34,17,50.0,9,26.5
43694274330353,2016,54,39,72.2,10,18.5
43694274330361,2016,84,67,79.8,28,33.3
43694274330668,2016,113,109,96.5,37,32.7
43694274330692,2016,686,124,18.1,34,5.0
43694274330726,2016,3,3,100.0,2,66.7
43694274332318,2016,106,85,80.2,24,22.6
43694274332995,2016,460,329,71.5,106,23.0
43694274333639,2016,266,229,86.1,57,21.4
43694274334900,2016,349,231,66.2,57,16.3
43694274335204,2016,446,268,60.1,52,11.7
43694274335428,2016,368,325,88.3,102,27.7
43694274335907,2016,512,155,30.3,31,6.1
43694274337903,2016,583,285,48.9,52,8.9
43694684330569,2016,3,0,0.0,0,0.0
43694684331799,2016,538,56,10.4,47,8.7
43694684332474,2016,481,227,47.2,93,19.3
43694684333316,2016,562,92,16.4,47,8.4
43694684334421,2016,453,29,6.4,22,4.9
43694684334462,2016,534,22,4.1,17,3.2
43694840114496,2016,61,20,32.8,0,0.0
43694840118380,2016,451,190,42.1,31,6.9
43694844332839,2016,341,209,61.3,31,9.1
43694844334850,2016,116,91,78.4,19,16.4
43695344334371,2016,490,15,3.1,5,1.0
43695344337762,2016,334,3,0.9,1,0.3
43695830102368,2016,367,122,33.2,24,6.5
43695834333951,2016,256,96,37.5,21,8.2
43695834334488,2016,54,36,66.7,6,11.1
43696094334116,2016,461,89,19.3,20,4.3
43696094334728,2016,439,77,17.5,38,8.7
43696094334736,2016,35,25,71.4,11,31.4
43696414332904,2016,463,34,7.3,19,4.1
43696414335782,2016,474,32,6.8,2,0.4
43696416048375,2016,8,0,0.0,2,25.0
43696660106823,2016,12,6,50.0,2,16.7
43696664330080,2016,250,154,61.6,29,11.6
43696664330429,2016,12,7,58.3,0,0.0
43696664330445,2016,16,9,56.2,3,18.8
43696664330452,2016,16,8,50.0,0,0.0
43696664330460,2016,20,7,35.0,0,0.0
43696664330478,2016,21,18,85.7,5,23.8
43696664330502,2016,110,65,59.1,32,29.1
43696664330585,2016,80,72,90.0,16,20.0
43696664330593,2016,19,6,31.6,0,0.0
43696664332110,2016,69,49,71.0,19,27.5
43696664333522,2016,412,49,11.9,5,1.2
43696664333795,2016,466,294,63.1,32,6.9
43696664335949,2016,375,131,34.9,12,3.2
43696664337200,2016,274,220,80.3,58,21.2
43696664338950,2016,416,176,42.3,28,6.7
43696740125443,2016,2,2,100.0,1,50.0
43696744330122,2016,446,178,39.9,36,8.1
43696744330247,2016,48,28,58.3,5,10.4
43696744338406,2016,72,45,62.5,14,19.4
43696744338802,2016,452,181,40.0,43,9.5
43733874331039,2016,71,48,67.6,13,18.3
43733874334470,2016,708,285,40.3,69,9.7
44104474430146,2016,28,15,53.6,9,32.1
44104474430252,2016,78,6,7.7,0,0.0
44104474430278,2016,270,100,37.0,52,19.3
44697650100305,2016,39,7,17.9,0,0.0
44697990105858,2016,322,286,88.8,63,19.6
44697990117804,2016,58,47,81.0,4,6.9
44697994430203,2016,14,12,85.7,7,50.0
44697994430229,2016,68,45,66.2,11,16.2
44697994430245,2016,10,8,80.0,4,40.0
44697994430518,2016,313,97,31.0,21,6.7
44697994437794,2016,95,84,88.4,40,42.1
44697994437901,2016,386,318,82.4,98,25.4
44698070110007,2016,84,29,34.5,2,2.4
44698074430179,2016,19,2,10.5,0,0.0
44698074436754,2016,178,30,16.9,3,1.7
44698234430096,2016,34,9,26.5,0,0.0
44698234430187,2016,49,17,34.7,1,2.0
44698234430195,2016,20,6,30.0,0,0.0
44698234432340,2016,210,121,57.6,21,10.0
44698234436960,2016,43,34,79.1,6,14.0
44698234437109,2016,227,53,23.3,6,2.6
44698234437406,2016,238,73,30.7,8,3.4
44754324430211,2016,197,22,11.2,1,0.5
45104540132647,2016,36,30,83.3,0,0.0
45104544530150,2016,5,4,80.0,0,0.0
45104544530317,2016,15,12,80.0,0,0.0
45698564530028,2016,206,96,46.6,2,1.0
45698564530051,2016,37,26,70.3,0,0.0
45698564530333,2016,41,22,53.7,1,2.4
45698564530762,2016,35,30,85.7,0,0.0
45698564530804,2016,119,74,62.2,6,5.0
45699894530010,2016,5,3,60.0,0,0.0
45699894530226,2016,4,2,50.0,0,0.0
45699894530242,2016,1,1,100.0,0,0.0
45699894531000,2016,30,16,53.3,0,0.0
45699894533600,2016,30,14,46.7,0,0.0
45701104530341,2016,21,10,47.6,1,4.8
45701360106013,2016,121,20,16.5,1,0.8
45701360114132,2016,17,11,64.7,0,0.0
45701360114231,2016,19,9,47.4,0,0.0
45701360114249,2016,23,14,60.9,1,4.3
45701364530044,2016,311,80,25.7,0,0.0
45701364530200,2016,87,69,79.3,0,0.0
45701364530218,2016,1,1,100.0,0,0.0
45701364530267,2016,79,26,32.9,0,0.0
45701364530309,2016,69,44,63.8,0,0.0
45701364532750,2016,266,101,38.0,6,2.3
45701364537304,2016,347,96,27.7,1,0.3
45701690129957,2016,7,4,57.1,0,0.0
45752670120170,2016,45,34,75.6,0,0.0
45752674530077,2016,28,21,75.0,0,0.0
45752674530101,2016,22,13,59.1,0,0.0
45752674531901,2016,130,78,60.0,7,5.4
46701774630034,2016,1,1,100.0,0,0.0
46701774632303,2016,2,1,50.0,0,0.0
46701774634259,2016,23,4,17.4,1,4.3
47104700117168,2016,42,25,59.5,0,0.0
47104704730032,2016,6,2,33.3,1,16.7
47104706069405,2016,2,2,100.0,0,0.0
47702504732707,2016,17,15,88.2,0,0.0
47704664730057,2016,13,11,84.6,0,0.0
47704664730123,2016,2,1,50.0,0,0.0
47704664734356,2016,13,4,30.8,0,0.0
47704664734901,2016,3,3,100.0,0,0.0
47704664735403,2016,93,23,24.7,2,2.2
47704664738753,2016,33,21,63.6,1,3.0
47705164730024,2016,16,12,75.0,0,0.0
47705164730156,2016,4,3,75.0,0,0.0
47705164739207,2016,141,56,39.7,6,4.3
47736844730081,2016,1,1,100.0,0,0.0
47736844731253,2016,14,8,57.1,2,14.3
47764554730107,2016,5,5,100.0,1,20.0
47764554733309,2016,42,23,54.8,0,0.0
48104880123331,2016,7,0,0.0,0,0.0
48104884830071,2016,27,19,70.4,3,11.1
48104886069538,2016,5,1,20.0,0,0.0
48104886089668,2016,22,14,63.6,1,4.5
48705240118968,2016,4,2,50.0,0,0.0
48705244830048,2016,34,15,44.1,0,0.0
48705244831004,2016,409,75,18.3,2,0.5
48705320102012,2016,3,3,100.0,2,66.7
48705324830055,2016,41,30,73.2,14,34.1
48705324832259,2016,271,122,45.0,14,5.2
48705400123356,2016,16,15,93.8,0,0.0
48705400125310,2016,44,14,31.8,0,0.0
48705404830170,2016,385,136,35.3,8,2.1
48705404830451,2016,554,319,57.6,36,6.5
48705404833000,2016,350,245,70.0,16,4.6
48705404836003,2016,169,128,75.7,11,6.5
48705654830022,2016,27,10,37.0,0,0.0
48705654830154,2016,1,1,100.0,0,0.0
48705654830162,2016,2,0,0.0,0,0.0
48705654838801,2016,391,113,28.9,10,2.6
48705734830089,2016,389,142,36.5,7,1.8
48705734830113,2016,93,14,15.1,1,1.1
48705734833869,2016,74,51,68.9,7,9.5
48705734837803,2016,451,148,32.8,19,4.2
48705810101980,2016,13,8,61.5,1,7.7
48705814830147,2016,342,194,56.7,18,5.3
48705814830196,2016,103,61,59.2,0,0.0
48705814838058,2016,86,56,65.1,19,22.1
48705814838504,2016,419,314,74.9,64,15.3
49104964930079,2016,35,22,62.9,9,25.7
49104964930343,2016,25,21,84.0,8,32.0
49104966069413,2016,6,3,50.0,1,16.7
49706074930327,2016,48,25,52.1,6,12.5
49706074930400,2016,324,58,17.9,3,0.9
49706074931507,2016,132,45,34.1,7,5.3
49706560128983,2016,1,1,100.0,1,100.0
49706564930848,2016,6,6,100.0,2,33.3
49706564930855,2016,107,56,52.3,13,12.1
49707060129981,2016,18,13,72.2,3,16.7
49707306120588,2016,51,26,51.0,2,3.9
49707970107284,2016,87,43,49.4,1,1.1
49708390120584,2016,83,40,48.2,6,7.2
49708540132357,2016,2,0,0.0,0,0.0
49708620128157,2016,9,4,44.4,2,22.2
49708624930012,2016,398,143,35.9,29,7.3
49708624930103,2016,16,10,62.5,1,6.2
49708624930111,2016,16,8,50.0,0,0.0
49708624930236,2016,27,7,25.9,0,0.0
49708624935151,2016,300,104,34.7,24,8.0
49708624935862,2016,52,38,73.1,12,23.1
49708700106344,2016,12,8,66.7,2,16.7
49709040101923,2016,108,104,96.3,10,9.3
49709200108811,2016,11,11,100.0,2,18.2
49709200110288,2016,1,1,100.0,0,0.0
49709204930137,2016,1,1,100.0,0,0.0
49709204930145,2016,18,4,22.2,0,0.0
49709204930160,2016,272,240,88.2,68,25.0
49709204930202,2016,40,32,80.0,9,22.5
49709204930210,2016,30,27,90.0,10,33.3
49709204930244,2016,362,68,18.8,10,2.8
49709204934154,2016,355,150,42.3,19,5.4
49709204935292,2016,241,163,67.6,36,14.9
49709204935607,2016,138,110,79.7,29,21.0
49709204936803,2016,449,181,40.3,33,7.3
49709534930152,2016,30,19,63.3,3,10.0
49709534937256,2016,316,157,49.7,12,3.8
49709614930319,2016,29,4,13.8,0,0.0
49738820123786,2016,33,11,33.3,0,0.0
49738820127092,2016,29,5,17.2,0,0.0
49738824930046,2016,23,14,60.9,5,21.7
49738824930384,2016,87,9,10.3,4,4.6
49738824935482,2016,328,116,35.4,20,6.1
49753580121236,2016,1,0,0.0,0,0.0
49753584930228,2016,443,153,34.5,34,7.7
49753584930269,2016,34,23,67.6,6,17.6
49753904930251,2016,4,4,100.0,1,25.0
49753904932554,2016,153,75,49.0,24,15.7
49753907056229,2016,1,1,100.0,0,0.0
50105040129023,2016,5,3,60.0,1,20.0
50105040131235,2016,58,53,91.4,10,17.2
50105045030069,2016,38,37,97.4,7,18.4
50105045030085,2016,45,37,82.2,12,26.7
50105045030226,2016,71,60,84.5,11,15.5
50105045030234,2016,47,21,44.7,3,6.4
50105046069546,2016,17,14,82.4,6,35.3
50710430107136,2016,35,2,5.7,0,0.0
50710430108076,2016,423,384,90.8,46,10.9
50710435030168,2016,76,65,85.5,8,10.5
50710435030200,2016,86,77,89.5,9,10.5
50710435030879,2016,347,274,79.0,25,7.2
50710685030267,2016,110,75,68.2,9,8.2
50710685031521,2016,72,38,52.8,2,2.8
50710926112965,2016,21,9,42.9,0,0.0
50711346113286,2016,17,3,17.6,0,0.0
50711750110593,2016,590,238,40.3,5,0.8
50711750120212,2016,18,10,55.6,0,0.0
50711750121129,2016,534,258,48.3,9,1.7
50711755030010,2016,446,229,51.3,7,1.6
50711755030135,2016,381,309,81.1,33,8.7
50711755031380,2016,407,319,78.4,90,22.1
50711755031802,2016,485,318,65.6,32,6.6
50711755034905,2016,556,441,79.3,53,9.5
50711755034913,2016,293,216,73.7,39,13.3
50712170133124,2016,23,12,52.2,4,17.4
50712175030127,2016,50,42,84.0,13,26.0
50712175036256,2016,369,262,71.0,49,13.3
50736015030036,2016,25,20,80.0,11,44.0
50736015030184,2016,4,1,25.0,0,0.0
50736015035902,2016,180,117,65.0,26,14.4
50755495032651,2016,193,78,40.4,19,9.8
50755495032669,2016,19,16,84.2,3,15.8
50755560112573,2016,27,24,88.9,11,40.7
50755565036850,2016,142,120,84.5,32,22.5
50755645030176,2016,15,3,20.0,1,6.7
50755645030192,2016,8,4,50.0,1,12.5
50755645031950,2016,54,33,61.1,8,14.8
50755645035654,2016,371,105,28.3,8,2.2
50755720117689,2016,24,22,91.7,6,25.0
50755725030259,2016,116,75,64.7,21,18.1
50755725030317,2016,191,121,63.4,4,2.1
50757390124669,2016,36,18,50.0,2,5.6
50757390131185,2016,57,53,93.0,12,21.1
50757395030283,2016,546,299,54.8,69,12.6
50757395036884,2016,103,86,83.5,34,33.0
50757395037700,2016,500,308,61.6,76,15.2
51105120114207,2016,39,33,84.6,4,10.3
51105126069454,2016,13,4,30.8,1,7.7
51713735132758,2016,58,24,41.4,0,0.0
51713995130059,2016,17,15,88.2,1,5.9
51713995130067,2016,7,4,57.1,0,0.0
51713995135256,2016,132,95,72.0,6,4.5
51714070109793,2016,127,62,48.8,4,3.1
51714150129007,2016,108,61,56.5,1,0.9
51714150132761,2016,19,15,78.9,0,0.0
51714230132977,2016,7,3,42.9,0,0.0
51714495130042,2016,15,5,33.3,0,0.0
51714495137500,2016,186,53,28.5,10,5.4
51714640107722,2016,431,255,59.2,25,5.8
51714645130018,2016,96,77,80.2,4,4.2
51714645130075,2016,46,24,52.2,1,2.2
51714645130125,2016,13,9,69.2,0,0.0
51714645139001,2016,392,239,61.0,38,9.7
52105205230016,2016,9,5,55.6,0,0.0
52105206069462,2016,1,0,0.0,0,0.0
52105206119671,2016,30,20,66.7,0,0.0
52715065230057,2016,4,4,100.0,1,25.0
52715065231675,2016,12,12,100.0,2,16.7
52715065231709,2016,199,137,68.8,19,9.5
52715220132597,2016,1,0,0.0,0,0.0
52715715230032,2016,1,1,100.0,0,0.0
52715715235106,2016,41,30,73.2,1,2.4
52716395237151,2016,50,36,72.0,1,2.0
52716395237201,2016,381,229,60.1,19,5.0
53738335337423,2016,7,5,71.4,0,0.0
53750285330022,2016,4,3,75.0,0,0.0
53750285337407,2016,18,14,77.8,1,5.6
53765135330014,2016,7,6,85.7,1,14.3
53765135337456,2016,71,42,59.2,0,0.0
54105460119602,2016,52,21,40.4,0,0.0
54105460124057,2016,3,0,0.0,0,0.0
54105465430061,2016,55,31,56.4,18,32.7
54105465430327,2016,58,50,86.2,14,24.1
54105465430343,2016,38,33,86.8,10,26.3
54105466119291,2016,14,4,28.6,0,0.0
54718030112458,2016,63,28,44.4,0,0.0
54718035430301,2016,22,21,95.5,4,18.2
54718370109009,2016,34,20,58.8,3,8.8
54718370122705,2016,25,22,88.0,6,24.0
54718605430095,2016,11,10,90.9,5,45.5
54718605430244,2016,2,1,50.0,1,50.0
54718605430806,2016,34,32,94.1,14,41.2
54718605433230,2016,239,224,93.7,48,20.1
54719930124776,2016,13,11,84.6,4,30.8
54719935430194,2016,40,40,100.0,23,57.5
54719935430236,2016,4,4,100.0,1,25.0
54719935432414,2016,218,195,89.4,69,31.7
54721400123273,2016,236,205,86.9,28,11.9
54722490107649,2016,11,11,100.0,0,0.0
54722490116368,2016,340,242,71.2,50,14.7
54722490130708,2016,85,71,83.5,12,14.1
54722495430145,2016,39,35,89.7,8,20.5
54722495435409,2016,425,297,69.9,59,13.9
54722495435466,2016,392,312,79.6,60,15.3
54722560109751,2016,242,189,78.1,15,6.2
54722560120659,2016,44,24,54.5,4,9.1
54722565430012,2016,11,8,72.7,0,0.0
54722565430046,2016,378,233,61.6,26,6.9
54722565430269,2016,17,12,70.6,3,17.6
54722565430368,2016,466,229,49.1,11,2.4
54722565432828,2016,350,196,56.0,31,8.9
54722565434527,2016,466,221,47.4,30,6.4
54722565435839,2016,160,131,81.9,21,13.1
54753255430210,2016,176,154,87.5,25,14.2
54753255430277,2016,18,16,88.9,5,27.8
54755230114348,2016,159,132,83.0,20,12.6
54755230116590,2016,119,66,55.5,1,0.8
54755235430228,2016,6,6,100.0,1,16.7
54755235430251,2016,297,258,86.9,37,12.5
54755235430350,2016,34,24,70.6,7,20.6
54755235430624,2016,78,68,87.2,20,25.6
54755235432786,2016,387,257,66.4,55,14.2
54755235434113,2016,414,310,74.9,46,11.1
54755235434931,2016,71,64,90.1,9,12.7
54755310102186,2016,69,63,91.3,17,24.6
54755315431119,2016,36,32,88.9,13,36.1
54755315431184,2016,428,343,80.1,56,13.1
54767945430285,2016,2,2,100.0,0,0.0
54767945436258,2016,20,20,100.0,7,35.0
54767945436282,2016,156,135,86.5,17,10.9
54768365430087,2016,30,26,86.7,6,20.0
54768365431598,2016,198,94,47.5,11,5.6
54768365431614,2016,24,19,79.2,5,20.8
55105535530035,2016,1,1,100.0,0,0.0
55105535530118,2016,7,5,71.4,0,0.0
55105535530142,2016,4,3,75.0,0,0.0
55723630100099,2016,35,21,60.0,1,2.9
55723895530019,2016,21,16,76.2,0,0.0
55723895530043,2016,24,11,45.8,0,0.0
55723895536503,2016,215,77,35.8,2,0.9
55723895572389,2016,2,1,50.0,0,0.0
55724130112276,2016,44,26,59.1,0,0.0
55724135530050,2016,3,1,33.3,0,0.0
55724135530092,2016,1,0,0.0,0,0.0
55724135530100,2016,1,1,100.0,0,0.0
55724135530175,2016,1,0,0.0,0,0.0
55724135530191,2016,43,13,30.2,0,0.0
55724135536750,2016,76,25,32.9,0,0.0
55751845530076,2016,13,7,53.8,0,0.0
55751845530084,2016,11,6,54.5,0,0.0
55751845530159,2016,2,2,100.0,0,0.0
56105610109900,2016,301,233,77.4,42,14.0
56105610122713,2016,22,6,27.3,0,0.0
56105615630223,2016,31,29,93.5,8,25.8
56105615630397,2016,34,31,91.2,14,41.2
56105616069231,2016,18,12,66.7,1,5.6
56724540124750,2016,6,5,83.3,1,16.7
56724545630173,2016,34,29,85.3,6,17.6
56724545632021,2016,204,145,71.1,17,8.3
56724705630363,2016,17,5,29.4,0,0.0
56725040127043,2016,70,25,35.7,0,0.0
56725040127076,2016,14,5,35.7,0,0.0
56725205630405,2016,7,0,0.0,0,0.0
56725205631817,2016,21,10,47.6,0,0.0
56725205634076,2016,174,77,44.3,3,1.7
56725460120634,2016,45,25,55.6,0,0.0
56725460125674,2016,175,120,68.6,37,21.1
56725465630066,2016,168,128,76.2,55,32.7
56725465630389,2016,760,578,76.1,108,14.2
56725465631619,2016,644,185,28.7,9,1.4
56725465631742,2016,549,463,84.3,90,16.4
56725465632849,2016,510,450,88.2,126,24.7
56725465634548,2016,694,455,65.6,80,11.5
56725465634761,2016,469,256,54.6,37,7.9
56725466131114,2016,1,1,100.0,0,0.0
56726035630249,2016,57,15,26.3,0,0.0
56726035630322,2016,304,61,20.1,3,1.0
56726035634993,2016,146,84,57.5,11,7.5
56726035635008,2016,438,131,29.9,22,5.0
56726035636188,2016,456,101,22.1,9,2.0
56726036055776,2016,1,1,100.0,0,0.0
56726525630272,2016,66,57,86.4,4,6.1
56726525630298,2016,103,29,28.2,1,1.0
56726525630348,2016,237,66,27.8,1,0.4
56726525630793,2016,431,208,48.3,30,7.0
56726525637822,2016,482,214,44.4,37,7.7
56737590123349,2016,16,2,12.5,0,0.0
56737595630108,2016,54,37,68.5,2,3.7
56737595630116,2016,655,110,16.8,10,1.5
56737595633748,2016,602,107,17.8,10,1.7
56737595637004,2016,542,105,19.4,2,0.4
56738745630132,2016,354,17,4.8,10,2.8
56738745630199,2016,16,3,18.8,0,0.0
56738745630256,2016,45,1,2.2,0,0.0
56739400121426,2016,22,1,4.5,1,4.5
56739405630215,2016,30,19,63.3,7,23.3
56739405630371,2016,37,2,5.4,0,0.0
56739405633250,2016,492,142,28.9,35,7.1
56768285635776,2016,313,253,80.8,52,16.6
56768285636170,2016,59,53,89.8,20,33.9
57105790113787,2016,28,23,82.1,5,17.9
57105795730106,2016,23,7,30.4,11,47.8
57105796077275,2016,2,2,100.0,0,0.0
57726780119578,2016,101,9,8.9,1,1.0
57726785730098,2016,32,8,25.0,1,3.1
57726785732201,2016,550,86,15.6,26,4.7
57726785732219,2016,40,24,60.0,4,10.0
57726865730056,2016,5,3,60.0,0,0.0
57726865732904,2016,73,51,69.9,9,12.3
57726940115329,2016,20,9,45.0,1,5.0
57726945735154,2016,465,305,65.6,38,8.2
57726945739552,2016,61,55,90.2,13,21.3
57727025730049,2016,12,11,91.7,6,50.0
57727025738505,2016,99,60,60.6,27,27.3
57727025772702,2016,4,3,75.0,0,0.0
57727100101162,2016,365,221,60.5,35,9.6
57727105738802,2016,280,194,69.3,39,13.9
57727105738810,2016,94,84,89.4,27,28.7
58105870113274,2016,3,2,66.7,1,33.3
58105875830047,2016,17,11,64.7,2,11.8
58105875830112,2016,69,62,89.9,3,4.3
58727286115935,2016,45,27,60.0,0,0.0
58727360131599,2016,2,2,100.0,1,50.0
58727365830013,2016,238,196,82.4,45,18.9
58727365830096,2016,77,66,85.7,15,19.5
58727365830138,2016,55,24,43.6,0,0.0
58727365835202,2016,216,119,55.1,15,6.9
58727365872736,2016,88,60,68.2,3,3.4
58727695838305,2016,157,63,40.1,5,3.2
01100170112607,2017,93,71,76.3,0,0.0
01100170130401,2017,65,39,60.0,0,0.0
01100170130419,2017,85,0,0.0,0,0.0
01316170131763,2017,31,0,0.0,0,0.0
01611190106401,2017,45,14,31.1,0,0.0
01611190119222,2017,32,0,0.0,0,0.0
01611190130229,2017,438,102,23.3,43,9.8
01611190130609,2017,44,0,0.0,0,0.0
01611190130625,2017,35,32,91.4,0,0.0
01611190132142,2017,262,113,43.1,42,16.0
01611190134304,2017,49,16,32.7,0,0.0
01611270130450,2017,289,62,21.5,27,9.3
01611430122697,2017,97,63,64.9,24,24.7
01611430131177,2017,734,193,26.3,49,6.7
01611500132225,2017,704,156,22.2,28,4.0
01611500135533,2017,66,32,48.5,0,0.0
01611680132746,2017,42,25,59.5,0,0.0
01611760130062,2017,504,101,20.0,28,5.6
01611760130138,2017,66,38,57.6,0,0.0
01611760130534,2017,74,19,25.7,0,0.0
01611760134270,2017,608,85,14.0,27,4.4
01611760134452,2017,356,148,41.6,45,12.6
01611760135244,2017,530,23,4.3,19,3.6
01611760138693,2017,465,126,27.1,42,9.0
01611920108670,2017,147,100,68.0,0,0.0
01611920113902,2017,107,69,64.5,0,0.0
01611920127944,2017,34,15,44.1,0,0.0
01611920133009,2017,64,39,60.9,0,0.0
01611920133629,2017,401,290,72.3,33,8.2
01611920135319,2017,482,297,61.6,24,5.0
01611920138339,2017,375,299,79.7,133,35.5
01612000120931,2017,43,0,0.0,0,0.0
01612000130393,2017,63,0,0.0,0,0.0
01612000132670,2017,47,28,59.6,0,0.0
01612000133397,2017,506,74,14.6,24,4.7
01612000134536,2017,462,89,19.3,27,5.8
01612340130054,2017,405,183,45.2,30,7.4
01612340135426,2017,40,29,72.5,0,0.0
01612420110460,2017,64,35,54.7,14,21.9
01612420126763,2017,47,24,51.1,0,0.0
01612420134668,2017,931,428,46.0,109,11.7
01612590100065,2017,78,69,88.5,0,0.0
01612590100701,2017,49,40,81.6,0,0.0
01612590106906,2017,33,32,97.0,0,0.0
01612590108944,2017,62,50,80.6,0,0.0
01612590110189,2017,78,70,89.7,0,0.0
01612590111856,2017,75,52,69.3,0,0.0
01612590112797,2017,66,64,97.0,0,0.0
01612590114868,2017,118,101,85.6,0,0.0
01612590115238,2017,68,62,91.2,13,19.1
01612590115667,2017,97,89,91.8,90,92.8
01612590118224,2017,74,69,93.2,12,16.2
01612590118653,2017,37,32,86.5,0,0.0
01612590125161,2017,114,102,89.5,23,20.2
01612590125716,2017,164,139,84.8,55,33.5
01612590126748,2017,64,48,75.0,11,17.2
01612590130179,2017,31,26,83.9,0,0.0
01612590130575,2017,70,63,90.0,16,22.9
01612590130617,2017,109,75,68.8,21,19.3
01612590130666,2017,54,52,96.3,15,27.8
01612590132555,2017,18,11,61.1,0,0.0
01612590132688,2017,71,60,84.5,0,0.0
01612590135905,2017,347,313,90.2,88,25.4
01612590136051,2017,475,222,46.7,20,4.2
01612590137943,2017,418,320,76.6,54,12.9
01612593030772,2017,103,12,11.7,0,0.0
01612596066450,2017,82,77,93.9,0,0.0
01612596114011,2017,41,33,80.5,0,0.0
01612750130286,2017,18,0,0.0,0,0.0
01612750136515,2017,191,0,0.0,0,0.0
01612910134528,2017,87,63,72.4,16,18.4
01612910137588,2017,649,383,59.0,82,12.6
01613090111799,2017,46,24,52.2,0,0.0
01613090114421,2017,125,30,24.0,0,0.0
01613090130849,2017,415,239,57.6,0,0.0
01613090137745,2017,74,46,62.2,16,21.6
01613090137810,2017,342,275,80.4,43,12.6
01750930132704,2017,544,49,9.0,0,0.0
01750930138453,2017,32,0,0.0,0,0.0
01751010130096,2017,514,38,7.4,17,3.3
01751010130252,2017,32,0,0.0,0,0.0
01751010130583,2017,648,32,4.9,18,2.8
01751010175101,2017,23,0,0.0,0,0.0
03100330330068,2017,17,0,0.0,0,0.0
03739810330019,2017,29,19,65.5,0,0.0
03739810330050,2017,25,0,0.0,0,0.0
03739810330753,2017,152,56,36.8,0,0.0
03739810334755,2017,132,41,31.1,0,0.0
04100410114991,2017,90,35,38.9,0,0.0
04100410430090,2017,36,26,72.2,0,0.0
04614080430827,2017,49,29,59.2,0,0.0
04614240120394,2017,106,39,36.8,0,0.0
04614240430199,2017,22,15,68.2,0,0.0
04614240431502,2017,53,42,79.2,0,0.0
04614240431676,2017,439,157,35.8,14,3.2
04614240437558,2017,422,133,31.5,0,0.0
04614320433201,2017,62,18,29.0,0,0.0
04614570125252,2017,21,0,0.0,0,0.0
04615150434803,2017,258,173,67.1,0,0.0
04615150435602,2017,201,149,74.1,0,0.0
04615150437566,2017,52,47,90.4,0,0.0
04615310121715,2017,28,17,60.7,0,0.0
04615310432856,2017,42,35,83.3,0,0.0
04615310437350,2017,187,79,42.2,0,0.0
04615316112585,2017,26,17,65.4,0,0.0
04755070433953,2017,130,71,54.6,12,9.2
05100580530154,2017,44,17,38.6,0,0.0
05615560532507,2017,139,48,34.5,0,0.0
05615640530022,2017,20,15,75.0,0,0.0
05615640531509,2017,198,93,47.0,0,0.0
06615980631259,2017,89,51,57.3,0,0.0
06616060634758,2017,26,19,73.1,0,0.0
06616140635250,2017,109,77,70.6,0,0.0
06616220637504,2017,92,75,81.5,0,0.0
07100740114470,2017,68,60,88.2,0,0.0
07100740120444,2017,50,48,96.0,0,0.0
07100740730614,2017,24,20,83.3,0,0.0
07100740731380,2017,464,75,16.2,0,0.0
07616300107524,2017,20,0,0.0,0,0.0
07616300730283,2017,373,0,0.0,0,0.0
07616300731125,2017,317,11,3.5,0,0.0
07616300733725,2017,380,49,12.9,16,4.2
07616300734244,2017,327,0,0.0,0,0.0
07616480110494,2017,99,61,61.6,0,0.0
07616480117218,2017,144,75,52.1,12,8.3
07616480730101,2017,65,51,78.5,11,16.9
07616480730259,2017,85,47,55.3,0,0.0
07616480730465,2017,564,281,49.8,45,8.0
07616480730861,2017,370,252,68.1,62,16.8
07616630130930,2017,67,42,62.7,0,0.0
07616970737023,2017,133,73,54.9,19,14.3
07617210107797,2017,620,86,13.9,0,0.0
07617210730457,2017,615,231,37.6,36,5.9
07617210730572,2017,102,38,37.3,0,0.0
07617210733980,2017,567,188,33.2,45,7.9
07617210733998,2017,76,52,68.4,0,0.0
07617390730440,2017,31,0,0.0,0,0.0
07617390730473,2017,18,0,0.0,0,0.0
07617390730549,2017,260,42,16.2,0,0.0
07617540730044,2017,412,37,9.0,0,0.0
07617540730317,2017,51,0,0.0,0,0.0
07617540730333,2017,26,20,76.9,0,0.0
07617540730358,2017,31,0,0.0,0,0.0
07617540730424,2017,67,37,55.2,18,26.9
07617540731646,2017,493,111,22.5,19,3.9
07617540731836,2017,369,176,47.7,30,8.1
07617540734566,2017,310,231,74.5,108,34.8
07617540734764,2017,105,84,80.0,47,44.8
07617540737809,2017,276,215,77.9,80,29.0
07617880730184,2017,143,110,76.9,51,35.7
07617880735407,2017,788,547,69.4,146,18.5
07617960101477,2017,122,110,90.2,17,13.9
07617960132100,2017,52,37,71.2,0,0.0
07617960132233,2017,29,27,93.1,0,0.0
07617960730291,2017,74,25,33.8,0,0.0
07617960730325,2017,38,26,68.4,0,0.0
07617960730598,2017,235,89,37.9,20,8.5
07617960732164,2017,322,222,68.9,49,15.2
07617960732941,2017,379,174,45.9,47,12.4
07617960733253,2017,165,99,60.0,46,27.9
07617960733659,2017,247,209,84.6,94,38.1
07617960735316,2017,283,163,57.6,44,15.5
07617960735902,2017,367,337,91.8,163,44.4
07618040113118,2017,778,52,6.7,16,2.1
07618040730051,2017,652,38,5.8,0,0.0
07618040730218,2017,56,0,0.0,0,0.0
07618040734368,2017,561,17,3.0,0,0.0
07618040736504,2017,505,0,0.0,0,0.0
07618040736819,2017,29,0,0.0,0,0.0
08100820830042,2017,19,19,100.0,0,0.0
08100820830059,2017,63,30,47.6,0,0.0
08618200833004,2017,192,102,53.1,0,0.0
08618200836205,2017,41,27,65.9,0,0.0
09100900930123,2017,89,34,38.2,0,0.0
09100900930131,2017,37,36,97.3,0,0.0
09618530930081,2017,570,37,6.5,0,0.0
09618530930164,2017,229,65,28.4,0,0.0
09618530930214,2017,26,0,0.0,0,0.0
09618530930222,2017,18,0,0.0,0,0.0
09618530932756,2017,300,106,35.3,0,0.0
09618530934554,2017,40,31,77.5,0,0.0
09618530936302,2017,422,60,14.2,0,0.0
09619030930040,2017,33,25,75.8,0,0.0
09619030937805,2017,220,121,55.0,29,13.2
09737830930073,2017,80,39,48.8,0,0.0
10101080109991,2017,213,194,91.1,24,11.3
10101080119628,2017,19,14,73.7,0,0.0
10101081030337,2017,82,78,95.1,20,24.4
10101081030899,2017,35,35,100.0,0,0.0
10621170113555,2017,587,106,18.1,12,2.0
10621170118018,2017,133,41,30.8,0,0.0
10621171030196,2017,501,207,41.3,14,2.8
10621171030469,2017,32,0,0.0,0,0.0
10621171030501,2017,626,168,26.8,15,2.4
10621171030683,2017,544,273,50.2,32,5.9
10621171031004,2017,112,75,67.0,0,0.0
10621171031053,2017,682,304,44.6,0,0.0
10621251030113,2017,27,23,85.2,0,0.0
10621251030477,2017,15,15,100.0,0,0.0
10621251031376,2017,260,199,76.5,49,18.8
10621581032150,2017,180,137,76.1,33,18.3
10621660108555,2017,59,48,81.4,0,0.0
10621660114355,2017,78,60,76.9,0,0.0
10621660114553,2017,115,0,0.0,0,0.0
10621660132134,2017,81,63,77.8,0,0.0
10621661030279,2017,574,326,56.8,26,4.5
10621661030287,2017,123,114,92.7,26,21.1
10621661030295,2017,217,204,94.0,25,11.5
10621661030584,2017,322,304,94.4,94,29.2
10621661030642,2017,57,50,87.7,0,0.0
10621661030675,2017,574,518,90.2,77,13.4
10621661030840,2017,74,63,85.1,0,0.0
10621661031897,2017,558,444,79.6,44,7.9
10621661032507,2017,493,436,88.4,44,8.9
10621661032911,2017,372,311,83.6,32,8.6
10621661034214,2017,342,331,96.8,62,18.1
10621661035831,2017,480,453,94.4,117,24.4
10622570124727,2017,16,0,0.0,0,0.0
10622571033695,2017,290,119,41.0,16,5.5
10622571033729,2017,17,13,76.5,0,0.0
10622650108092,2017,156,150,96.2,18,11.5
10622650116640,2017,22,17,77.3,0,0.0
10622650126292,2017,32,29,90.6,0,0.0
10622651030378,2017,45,43,95.6,14,31.1
10622651033703,2017,43,40,93.0,0,0.0
10622651035310,2017,392,317,80.9,38,9.7
10622811033950,2017,41,33,80.5,0,0.0
10623641034990,2017,193,185,95.9,43,22.3
10623800124982,2017,101,91,90.1,15,14.9
10624141030451,2017,45,29,64.4,0,0.0
10624141030766,2017,42,21,50.0,0,0.0
10624141036086,2017,41,33,80.5,0,0.0
10624141036094,2017,681,503,73.9,62,9.1
10624301030758,2017,55,48,87.3,0,0.0
10624301036607,2017,43,38,88.4,12,27.9
10624301036672,2017,394,283,71.8,34,8.6
10625396112387,2017,67,59,88.1,24,35.8
10625470120535,2017,213,167,78.4,0,0.0
10738091030121,2017,157,140,89.2,28,17.8
10739651030386,2017,77,44,57.1,0,0.0
10739651030626,2017,879,500,56.9,34,3.9
10739651035112,2017,49,45,91.8,0,0.0
10739991033422,2017,25,24,96.0,0,0.0
10739991033430,2017,332,265,79.8,54,16.3
10751271030493,2017,223,223,100.0,118,52.9
10752341037456,2017,94,92,97.9,20,21.3
10752751030139,2017,15,11,73.3,0,0.0
10752751036938,2017,114,36,31.6,0,0.0
10754081035575,2017,153,128,83.7,24,15.7
10755981030535,2017,128,120,93.8,11,8.6
10767780122473,2017,25,22,88.0,0,0.0
10767781030774,2017,70,63,90.0,18,25.7
10767781038306,2017,218,185,84.9,59,27.1
11626461136209,2017,28,20,71.4,0,0.0
11626611132851,2017,110,60,54.5,0,0.0
11754811135656,2017,160,113,70.6,23,14.4
11765621133701,2017,65,48,73.8,0,0.0
12101240106153,2017,17,0,0.0,0,0.0
12101240106161,2017,13,0,0.0,0,0.0
12101240134163,2017,26,11,42.3,0,0.0
12626870107110,2017,27,14,51.9,0,0.0
12626871230044,2017,37,27,73.0,0,0.0
12626871230051,2017,29,23,79.3,0,0.0
12626871230705,2017,173,49,28.3,0,0.0
12626871235209,2017,125,40,32.0,0,0.0
12628100108688,2017,26,11,42.3,0,0.0
12628101233352,2017,33,24,72.7,0,0.0
12628101233402,2017,187,96,51.3,13,7.0
12629011234004,2017,45,25,55.6,0,0.0
12629271230150,2017,13,0,0.0,0,0.0
12630320111203,2017,45,31,68.9,0,0.0
12630401237007,2017,40,17,42.5,0,0.0
12753741232909,2017,36,12,33.3,0,0.0
12753821230135,2017,47,31,66.0,0,0.0
12755151232057,2017,32,27,84.4,0,0.0
12755151232206,2017,220,118,53.6,23,10.5
13101320131094,2017,54,51,94.4,28,51.9
13630811331354,2017,88,80,90.9,42,47.7
13630811331404,2017,361,269,74.5,89,24.7
13630991332154,2017,156,122,78.2,133,85.3
13630991332204,2017,709,609,85.9,360,50.8
13631071332501,2017,92,71,77.2,23,25.0
13631151330133,2017,492,337,68.5,108,22.0
13631151333004,2017,401,315,78.6,64,16.0
13631151333558,2017,42,39,92.9,22,52.4
13631491335306,2017,126,85,67.5,30,23.8
13631641331115,2017,22,14,63.6,0,0.0
13631641335900,2017,268,115,42.9,11,4.1
13632141337609,2017,39,35,89.7,14,35.9
14101400117994,2017,403,373,92.6,0,0.0
14101400128454,2017,31,30,96.8,0,0.0
14632891434901,2017,27,17,63.0,0,0.0
14766871430057,2017,11,0,0.0,0,0.0
14766871431600,2017,129,55,42.6,0,0.0
15101570119669,2017,100,87,87.0,11,11.0
15101571530302,2017,116,114,98.3,24,20.7
15101571530310,2017,356,344,96.6,64,18.0
15101571530492,2017,68,24,35.3,0,0.0
15634120100529,2017,335,292,87.2,60,17.9
15634120116384,2017,271,261,96.3,61,22.5
15634121531656,2017,56,52,92.9,36,64.3
15634121531672,2017,335,302,90.1,76,22.7
15635290100198,2017,559,473,84.6,40,7.2
15635290110999,2017,568,130,22.9,0,0.0
15635290116392,2017,525,296,56.4,0,0.0
15635290116400,2017,511,479,93.7,68,13.3
15635290125062,2017,129,109,84.5,22,17.1
15635291530021,2017,50,47,94.0,13,26.0
15635291530047,2017,69,68,98.6,30,43.5
15635291530112,2017,160,106,66.2,0,0.0
15635291530252,2017,589,559,94.9,92,15.6
15635291530344,2017,522,154,29.5,0,0.0
15635291530369,2017,490,117,23.9,0,0.0
15635291530385,2017,580,422,72.8,23,4.0
15635291530435,2017,252,215,85.3,33,13.1
15635291530476,2017,488,105,21.5,0,0.0
15635291530708,2017,599,416,69.4,22,3.7
15635291532290,2017,510,424,83.1,63,12.4
15635291532605,2017,422,379,89.8,42,10.0
15635291533330,2017,450,282,62.7,33,7.3
15635291533538,2017,93,62,66.7,0,0.0
15635291534775,2017,314,239,76.1,0,0.0
15635291535087,2017,332,285,85.8,53,16.0
15635291535392,2017,463,435,94.0,46,9.9
15635291536325,2017,133,122,91.7,16,12.0
15635291536606,2017,455,389,85.5,29,6.4
15636280127183,2017,121,65,53.7,0,0.0
15636280127209,2017,122,89,73.0,0,0.0
15636280134312,2017,42,16,38.1,0,0.0
15636281533843,2017,25,23,92.0,0,0.0
15636770114512,2017,123,87,70.7,0,0.0
15636771534460,2017,38,29,76.3,0,0.0
15636851530997,2017,46,25,54.3,0,0.0
15636851531987,2017,72,0,0.0,0,0.0
15637761530039,2017,26,21,80.8,0,0.0
15637761530377,2017,31,0,0.0,0,0.0
15637761534957,2017,178,114,64.0,0,0.0
15638181530138,2017,29,28,96.6,0,0.0
15638181535905,2017,210,124,59.0,0,0.0
15638261530245,2017,16,0,0.0,0,0.0
15638261536135,2017,315,96,30.5,18,5.7
15638591530351,2017,29,27,93.1,0,0.0
15638591536440,2017,382,312,81.7,35,9.2
15737421530054,2017,40,27,67.5,0,0.0
15737421531367,2017,309,123,39.8,22,7.1
15739081534155,2017,208,188,90.4,17,8.2
15751681530401,2017,78,49,62.8,0,0.0
16101651630102,2017,13,0,0.0,0,0.0
16101651630193,2017,14,14,100.0,0,0.0
16638750101717,2017,45,37,82.2,0,0.0
16638750112698,2017,63,30,47.6,0,0.0
16638911632207,2017,183,147,80.3,15,8.2
16639250118919,2017,164,73,44.5,14,8.5
16639251630060,2017,21,16,76.2,0,0.0
16639251630169,2017,329,206,62.6,19,5.8
16639251634245,2017,43,36,83.7,0,0.0
16639251634401,2017,315,206,65.4,19,6.0
16639580132860,2017,129,114,88.4,20,15.5
16639820110205,2017,58,12,20.7,0,0.0
16639821630011,2017,34,23,67.6,0,0.0
16639821635606,2017,427,197,46.1,31,7.3
16739321630078,2017,22,18,81.8,16,72.7
16739321630953,2017,163,146,89.6,58,35.6
17640141734359,2017,123,56,45.5,0,0.0
17640220132571,2017,23,13,56.5,0,0.0
17640221730027,2017,25,22,88.0,0,0.0
17640221735000,2017,153,98,64.1,25,16.3
17640301732304,2017,101,44,43.6,0,0.0
17640550129601,2017,24,0,0.0,0,0.0
17640551736008,2017,106,62,58.5,0,0.0
17769761737006,2017,70,50,71.4,0,0.0
18640891831601,2017,13,0,0.0,0,0.0
18641391833805,2017,171,46,26.9,0,0.0
18641620120287,2017,17,0,0.0,0,0.0
18641626010763,2017,43,29,67.4,0,0.0
18642041830132,2017,25,18,72.0,0,0.0
18750360121657,2017,18,11,61.1,0,0.0
18750361833409,2017,11,0,0.0,0,0.0
19101990109942,2017,53,45,84.9,0,0.0
19101990112128,2017,150,138,92.0,15,10.0
19101990121822,2017,65,52,80.0,0,0.0
19101990121871,2017,84,75,89.3,19,22.6
19101990121897,2017,79,68,86.1,0,0.0
19101990121905,2017,21,17,81.0,0,0.0
19101990121921,2017,26,26,100.0,0,0.0
19101990121970,2017,11,0,0.0,0,0.0
19101990122010,2017,14,12,85.7,0,0.0
19101990122044,2017,16,0,0.0,0,0.0
19101990127274,2017,19,13,68.4,0,0.0
19101990127522,2017,64,61,95.3,0,0.0
19101991933399,2017,140,0,0.0,0,0.0
19101991995232,2017,21,0,0.0,0,0.0
19101991995869,2017,144,51,35.4,0,0.0
19101991996008,2017,174,0,0.0,0,0.0
19101991996172,2017,31,24,77.4,0,0.0
19101991996214,2017,83,73,88.0,14,16.9
19642121930056,2017,535,142,26.5,26,4.9
19642121930361,2017,340,257,75.6,32,9.4
19642121931641,2017,134,101,75.4,34,25.4
19642121931880,2017,165,30,18.2,0,0.0
19642121933159,2017,505,269,53.3,60,11.9
19642121995596,2017,29,25,86.2,0,0.0
19642460100081,2017,637,491,77.1,82,12.9
19642460108407,2017,469,381,81.2,55,11.7
19642460111872,2017,102,58,56.9,0,0.0
19642460126003,2017,17,0,0.0,0,0.0
19642461930213,2017,322,292,90.7,48,14.9
19642461931732,2017,429,323,75.3,55,12.8
19642461936624,2017,585,516,88.2,103,17.6
19642461937051,2017,705,272,38.6,22,3.1
19642461995398,2017,608,364,59.9,45,7.4
19642461995406,2017,323,285,88.2,45,13.9
19642461995844,2017,507,319,62.9,40,7.9
19642461995968,2017,21,16,76.2,0,0.0
19642461996537,2017,417,357,85.6,41,9.8
19642461996644,2017,408,263,64.5,93,22.8
19642611930288,2017,867,171,19.7,49,5.7
19642611995299,2017,15,0,0.0,0,0.0
19642791930528,2017,281,225,80.1,33,11.7
19642791931765,2017,73,65,89.0,0,0.0
19642791933449,2017,289,240,83.0,29,10.0
19642870114397,2017,784,668,85.2,64,8.2
19642871930601,2017,422,375,88.9,28,6.6
19642871936384,2017,144,134,93.1,23,16.0
19642871938166,2017,464,421,90.7,27,5.8
19642871996479,2017,352,263,74.7,16,4.5
19642951930700,2017,267,239,89.5,30,11.2
19642951936491,2017,25,22,88.0,0,0.0
19643031930775,2017,384,293,76.3,49,12.8
19643031935618,2017,409,204,49.9,24,5.9
19643031938190,2017,122,97,79.5,29,23.8
19643111930981,2017,383,29,7.6,0,0.0
19643291931088,2017,470,132,28.1,12,2.6
19643291937598,2017,38,26,68.4,0,0.0
19643291937739,2017,329,126,38.3,14,4.3
19643370131573,2017,28,0,0.0,0,0.0
19643371931187,2017,602,237,39.4,41,6.8
19643371931237,2017,623,191,30.7,0,0.0
19643371933332,2017,82,39,47.6,0,0.0
19643371996099,2017,243,196,80.7,19,7.8
19643520118521,2017,21,17,81.0,0,0.0
19643521930239,2017,110,74,67.3,20,18.2
19643521933951,2017,481,401,83.4,73,15.2
19643521934926,2017,558,459,82.3,51,9.1
19643521935048,2017,448,394,87.9,91,20.3
19643781930312,2017,38,33,86.8,0,0.0
19643781931666,2017,379,173,45.6,16,4.2
19643781995885,2017,14,0,0.0,0,0.0
19643941931807,2017,43,23,53.5,0,0.0
19643941931823,2017,611,178,29.1,0,0.0
19644361931617,2017,80,67,83.8,0,0.0
19644361932086,2017,329,232,70.5,0,0.0
19644361936418,2017,340,232,68.2,0,0.0
19644361938372,2017,421,223,53.0,0,0.0
19644441932201,2017,488,175,35.9,19,3.9
19644441932656,2017,21,0,0.0,0,0.0
19644511931625,2017,93,76,81.7,17,18.3
19644511932441,2017,964,652,67.6,71,7.4
19644511939164,2017,954,640,67.1,74,7.8
19644690128736,2017,65,45,69.2,0,0.0
19644691932482,2017,204,137,67.2,0,0.0
19644691936079,2017,33,29,87.9,0,0.0
19645191930320,2017,578,480,83.0,63,10.9
19645191932664,2017,452,430,95.1,119,26.3
19645191932680,2017,334,311,93.1,101,30.2
19645191937481,2017,449,376,83.7,68,15.1
19645191938919,2017,132,111,84.1,50,37.9
19645191995661,2017,312,260,83.3,41,13.1
19645271932698,2017,85,65,76.5,13,15.3
19645271932706,2017,615,467,75.9,45,7.3
19645351930353,2017,13,0,0.0,0,0.0
19645351932763,2017,271,27,10.0,0,0.0
19645681932144,2017,638,111,17.4,24,3.8
19645681933472,2017,86,61,70.9,14,16.3
19645681933530,2017,547,393,71.8,97,17.7
19645681934082,2017,393,253,64.4,34,8.7
19645681995497,2017,33,0,0.0,0,0.0
19645681996131,2017,284,154,54.2,0,0.0
19645761933597,2017,702,165,23.5,25,3.6
19645761939677,2017,27,20,74.1,0,0.0
19645841996305,2017,261,93,35.6,0,0.0
19645920100354,2017,136,41,30.1,0,0.0
19646341934231,2017,227,179,78.9,49,21.6
19646341934249,2017,22,21,95.5,0,0.0
19646341936046,2017,197,172,87.3,45,22.8
19646341996529,2017,83,63,75.9,0,0.0
19646341996586,2017,157,145,92.4,20,12.7
19646591934611,2017,353,0,0.0,0,0.0
19646831930080,2017,531,30,5.6,0,0.0
19646831931781,2017,498,52,10.4,0,0.0
19646911996438,2017,120,95,79.2,0,0.0
19647090100602,2017,144,129,89.6,14,9.7
19647091996313,2017,146,141,96.6,16,11.0
19647250125153,2017,63,46,73.0,0,0.0
19647250127381,2017,171,65,38.0,0,0.0
19647251930411,2017,45,28,62.2,0,0.0
19647251934470,2017,709,612,86.3,143,20.2
19647251934678,2017,738,427,57.9,25,3.4
19647251935758,2017,841,371,44.1,36,4.3
19647251936947,2017,1073,699,65.1,128,11.9
19647251937176,2017,117,95,81.2,42,35.9
19647251939875,2017,893,577,64.6,90,10.1
19647251995539,2017,164,72,43.9,0,0.0
19647251995570,2017,354,206,58.2,82,23.2
19647251995935,2017,551,478,86.8,104,18.9
19647251996503,2017,78,58,74.4,0,0.0
19647330100677,2017,90,33,36.7,0,0.0
19647330100750,2017,103,102,99.0,16,15.5
19647330100776,2017,42,36,85.7,0,0.0
19647330100800,2017,114,106,93.0,14,12.3
19647330101196,2017,156,117,75.0,0,0.0
19647330101659,2017,28,25,89.3,0,0.0
19647330101675,2017,150,144,96.0,12,8.0
19647330101683,2017,40,25,62.5,0,0.0
19647330102137,2017,32,26,81.2,0,0.0
19647330102434,2017,131,122,93.1,22,16.8
19647330102541,2017,81,70,86.4,14,17.3
19647330102764,2017,65,47,72.3,0,0.0
19647330102913,2017,84,70,83.3,0,0.0
19647330102921,2017,89,59,66.3,0,0.0
19647330106351,2017,45,31,68.9,0,0.0
19647330106435,2017,102,97,95.1,19,18.6
19647330106831,2017,156,134,85.9,16,10.3
19647330106849,2017,150,148,98.7,16,10.7
19647330106864,2017,122,119,97.5,15,12.3
19647330106997,2017,157,143,91.1,0,0.0
19647330107003,2017,223,173,77.6,0,0.0
19647330107011,2017,81,79,97.5,0,0.0
19647330107755,2017,220,140,63.6,0,0.0
19647330108878,2017,191,82,42.9,0,0.0
19647330108894,2017,144,138,95.8,16,11.1
19647330108928,2017,79,45,57.0,0,0.0
19647330108936,2017,157,148,94.3,0,0.0
19647330109447,2017,298,271,90.9,66,22.1
19647330109454,2017,475,445,93.7,52,10.9
19647330109462,2017,245,221,90.2,27,11.0
19647330109512,2017,31,27,87.1,0,0.0
19647330110304,2017,45,44,97.8,11,24.4
19647330110668,2017,47,39,83.0,0,0.0
19647330111484,2017,25,21,84.0,0,0.0
19647330111492,2017,151,147,97.4,17,11.3
19647330111500,2017,118,113,95.8,12,10.2
19647330111575,2017,145,142,97.9,22,15.2
19647330111583,2017,147,142,96.6,16,10.9
19647330111625,2017,138,129,93.5,27,19.6
19647330111641,2017,136,134,98.5,15,11.0
19647330111658,2017,124,110,88.7,0,0.0
19647330112029,2017,79,77,97.5,15,19.0
19647330112037,2017,108,95,88.0,26,24.1
19647330112045,2017,374,327,87.4,56,15.0
19647330112052,2017,308,292,94.8,75,24.4
19647330112508,2017,126,117,92.9,0,0.0
19647330112870,2017,83,79,95.2,14,16.9
19647330114850,2017,276,258,93.5,71,25.7
19647330115030,2017,40,33,82.5,0,0.0
19647330115212,2017,34,29,85.3,0,0.0
19647330115253,2017,50,47,94.0,16,32.0
19647330116509,2017,88,88,100.0,12,13.6
19647330117051,2017,265,258,97.4,70,26.4
19647330117069,2017,116,103,88.8,28,24.1
19647330117077,2017,76,74,97.4,0,0.0
19647330117598,2017,102,93,91.2,19,18.6
19647330117606,2017,128,113,88.3,0,0.0
19647330117622,2017,25,18,72.0,0,0.0
19647330117721,2017,84,77,91.7,19,22.6
19647330117747,2017,94,83,88.3,13,13.8
19647330117762,2017,75,61,81.3,15,20.0
19647330117911,2017,40,27,67.5,0,0.0
19647330118588,2017,333,314,94.3,84,25.2
19647330119651,2017,95,77,81.1,15,15.8
19647330119685,2017,75,65,86.7,16,21.3
19647330119693,2017,89,74,83.1,15,16.9
19647330119727,2017,346,276,79.8,24,6.9
19647330119966,2017,228,204,89.5,21,9.2
19647330120071,2017,46,45,97.8,0,0.0
19647330120360,2017,70,44,62.9,0,0.0
19647330121095,2017,99,91,91.9,20,20.2
19647330121285,2017,116,112,96.6,34,29.3
19647330121293,2017,85,77,90.6,0,0.0
19647330122275,2017,37,35,94.6,0,0.0
19647330122333,2017,102,100,98.0,0,0.0
19647330122341,2017,78,67,85.9,0,0.0
19647330122358,2017,102,95,93.1,12,11.8
19647330122366,2017,70,63,90.0,11,15.7
19647330122374,2017,72,64,88.9,0,0.0
19647330122382,2017,84,76,90.5,0,0.0
19647330122606,2017,126,97,77.0,0,0.0
19647330123133,2017,114,106,93.0,11,9.6
19647330123141,2017,44,41,93.2,14,31.8
19647330124362,2017,274,182,66.4,0,0.0
19647330124370,2017,122,105,86.1,0,0.0
19647330124388,2017,114,108,94.7,0,0.0
19647330124396,2017,98,74,75.5,0,0.0
19647330124404,2017,111,97,87.4,16,14.4
19647330124412,2017,56,51,91.1,14,25.0
19647330124420,2017,80,72,90.0,19,23.8
19647330124479,2017,151,130,86.1,23,15.2
19647330124487,2017,126,118,93.7,13,10.3
19647330124495,2017,114,102,89.5,26,22.8
19647330124503,2017,96,90,93.8,0,0.0
19647330124511,2017,121,110,90.9,25,20.7
19647330124529,2017,143,127,88.8,13,9.1
19647330124560,2017,107,107,100.0,0,0.0
19647330124883,2017,127,123,96.9,28,22.0
19647330124891,2017,129,124,96.1,23,17.8
19647330124933,2017,84,72,85.7,0,0.0
19647330124941,2017,116,110,94.8,12,10.3
19647330125864,2017,120,34,28.3,0,0.0
19647330125989,2017,139,137,98.6,0,0.0
19647330126136,2017,91,86,94.5,11,12.1
19647330126185,2017,50,44,88.0,0,0.0
19647330126474,2017,65,57,87.7,0,0.0
19647330126482,2017,108,100,92.6,34,31.5
19647330126490,2017,113,107,94.7,41,36.3
19647330126508,2017,100,89,89.0,19,19.0
19647330126516,2017,115,111,96.5,0,0.0
19647330126524,2017,147,135,91.8,0,0.0
19647330126532,2017,121,112,92.6,0,0.0
19647330126540,2017,109,98,89.9,14,12.8
19647330126557,2017,79,68,86.1,0,0.0
19647330126573,2017,158,141,89.2,36,22.8
19647330126615,2017,140,101,72.1,0,0.0
19647330126623,2017,90,63,70.0,0,0.0
19647330127217,2017,57,37,64.9,0,0.0
19647330127787,2017,117,102,87.2,0,0.0
19647330127795,2017,105,98,93.3,15,14.3
19647330127803,2017,54,42,77.8,0,0.0
19647330127852,2017,64,52,81.2,0,0.0
19647330127878,2017,112,103,92.0,23,20.5
19647330127894,2017,105,91,86.7,0,0.0
19647330127910,2017,117,116,99.1,0,0.0
19647330129536,2017,33,31,93.9,0,0.0
19647330129585,2017,197,188,95.4,20,10.2
19647330129627,2017,40,34,85.0,0,0.0
19647330129775,2017,121,115,95.0,14,11.6
19647330130997,2017,68,63,92.6,0,0.0
19647330132126,2017,14,12,85.7,0,0.0
19647330133272,2017,114,97,85.1,0,0.0
19647330133298,2017,70,60,85.7,0,0.0
19647331930064,2017,33,26,78.8,0,0.0
19647331930296,2017,64,50,78.1,0,0.0
19647331930387,2017,188,145,77.1,0,0.0
19647331930403,2017,20,0,0.0,0,0.0
19647331930429,2017,43,32,74.4,0,0.0
19647331930486,2017,16,0,0.0,0,0.0
19647331930551,2017,50,40,80.0,12,24.0
19647331930619,2017,53,49,92.5,0,0.0
19647331930650,2017,411,361,87.8,31,7.5
19647331930692,2017,23,22,95.7,0,0.0
19647331930734,2017,40,30,75.0,0,0.0
19647331930783,2017,26,15,57.7,0,0.0
19647331930791,2017,16,0,0.0,0,0.0
19647331930866,2017,661,595,90.0,64,9.7
19647331930924,2017,220,195,88.6,86,39.1
19647331930940,2017,32,28,87.5,0,0.0
19647331930973,2017,60,42,70.0,0,0.0
19647331931047,2017,765,692,90.5,66,8.6
19647331931336,2017,37,19,51.4,0,0.0
19647331931377,2017,28,22,78.6,0,0.0
19647331931385,2017,17,16,94.1,0,0.0
19647331931393,2017,24,17,70.8,0,0.0
19647331931435,2017,22,18,81.8,0,0.0
19647331931450,2017,29,24,82.8,0,0.0
19647331931468,2017,19,17,89.5,0,0.0
19647331931476,2017,255,222,87.1,43,16.9
19647331931484,2017,26,22,84.6,0,0.0
19647331931500,2017,43,27,62.8,0,0.0
19647331931518,2017,16,0,0.0,0,0.0
19647331931526,2017,322,222,68.9,17,5.3
19647331931534,2017,51,46,90.2,0,0.0
19647331931559,2017,51,33,64.7,0,0.0
19647331931690,2017,51,39,76.5,0,0.0
19647331931708,2017,443,307,69.3,23,5.2
19647331931716,2017,45,34,75.6,0,0.0
19647331931856,2017,29,23,79.3,0,0.0
19647331931864,2017,651,446,68.5,71,10.9
19647331931930,2017,32,20,62.5,0,0.0
19647331931955,2017,26,0,0.0,0,0.0
19647331931971,2017,21,19,90.5,0,0.0
19647331931989,2017,26,24,92.3,0,0.0
19647331931997,2017,49,38,77.6,0,0.0
19647331932128,2017,202,177,87.6,21,10.4
19647331932318,2017,22,14,63.6,0,0.0
19647331932334,2017,56,33,58.9,0,0.0
19647331932342,2017,36,0,0.0,0,0.0
19647331932383,2017,253,218,86.2,34,13.4
19647331932391,2017,18,11,61.1,0,0.0
19647331932540,2017,446,282,63.2,21,4.7
19647331932623,2017,955,266,27.9,31,3.2
19647331932821,2017,23,15,65.2,0,0.0
19647331932847,2017,224,130,58.0,0,0.0
19647331932888,2017,212,157,74.1,0,0.0
19647331932920,2017,497,420,84.5,45,9.1
19647331932987,2017,604,537,88.9,58,9.6
19647331933001,2017,352,313,88.9,0,0.0
19647331933043,2017,307,280,91.2,22,7.2
19647331933118,2017,336,316,94.0,40,11.9
19647331933233,2017,244,147,60.2,0,0.0
19647331933241,2017,285,250,87.7,25,8.8
19647331933381,2017,598,539,90.1,44,7.4
19647331933746,2017,1118,566,50.6,30,2.7
19647331933795,2017,397,334,84.1,59,14.9
19647331933852,2017,595,413,69.4,27,4.5
19647331934033,2017,312,279,89.4,23,7.4
19647331934157,2017,344,306,89.0,45,13.1
19647331934371,2017,122,106,86.9,18,14.8
19647331934454,2017,79,71,89.9,18,22.8
19647331935121,2017,202,187,92.6,24,11.9
19647331935352,2017,260,240,92.3,40,15.4
19647331935519,2017,327,293,89.6,77,23.5
19647331935568,2017,556,430,77.3,47,8.5
19647331935865,2017,465,413,88.8,115,24.7
19647331936160,2017,481,391,81.3,26,5.4
19647331936350,2017,480,357,74.4,24,5.0
19647331937085,2017,12,0,0.0,0,0.0
19647331937226,2017,347,299,86.2,51,14.7
19647331937424,2017,312,299,95.8,57,18.3
19647331937622,2017,481,448,93.1,56,11.6
19647331937838,2017,554,363,65.5,17,3.1
19647331938307,2017,533,472,88.6,40,7.5
19647331938554,2017,407,379,93.1,34,8.4
19647331938612,2017,588,404,68.7,35,6.0
19647331938885,2017,389,286,73.5,19,4.9
19647331938968,2017,506,373,73.7,32,6.3
19647331939040,2017,374,280,74.9,14,3.7
19647331939107,2017,293,220,75.1,17,5.8
19647331939305,2017,210,179,85.2,0,0.0
19647331939479,2017,229,151,65.9,0,0.0
19647331939859,2017,317,298,94.0,33,10.4
19647331939941,2017,443,348,78.6,30,6.8
19647331964733,2017,264,146,55.3,0,0.0
19647331995448,2017,377,326,86.5,0,0.0
19647331995794,2017,79,67,84.8,15,19.0
19647331995836,2017,716,221,30.9,0,0.0
19647331996073,2017,45,30,66.7,0,0.0
19647331996115,2017,460,316,68.7,0,0.0
19647331996610,2017,50,45,90.0,0,0.0
19647336016885,2017,155,137,88.4,12,7.7
19647336019475,2017,73,67,91.8,0,0.0
19647336019715,2017,161,152,94.4,11,6.8
19647336058002,2017,185,165,89.2,30,16.2
19647336061451,2017,183,174,95.1,13,7.1
19647336061600,2017,64,62,96.9,0,0.0
19647336069157,2017,52,0,0.0,0,0.0
19647336116750,2017,103,83,80.6,0,0.0
19647336119945,2017,65,53,81.5,0,0.0
19647740109538,2017,402,360,89.6,51,12.7
19647741935428,2017,91,89,97.8,26,28.6
19647741935436,2017,522,496,95.0,80,15.3
19647901935899,2017,36,28,77.8,0,0.0
19647901935923,2017,406,196,48.3,22,5.4
19647901996404,2017,11,0,0.0,0,0.0
19648080124552,2017,123,90,73.2,14,11.4
19648081930155,2017,667,399,59.8,76,11.4
19648081930825,2017,709,651,91.8,150,21.2
19648081935998,2017,646,549,85.0,108,16.7
19648081938927,2017,134,104,77.6,32,23.9
19648081996388,2017,25,24,96.0,0,0.0
19648401933647,2017,282,220,78.0,37,13.1
19648401934728,2017,425,187,44.0,11,2.6
19648401936467,2017,493,421,85.4,47,9.5
19648401936475,2017,140,92,65.7,22,15.7
19648570112714,2017,245,216,88.2,21,8.6
19648570125377,2017,177,137,77.4,0,0.0
19648576119580,2017,53,41,77.4,0,0.0
19648651933308,2017,44,0,0.0,0,0.0
19648651995588,2017,593,33,5.6,27,4.6
19648651996552,2017,457,0,0.0,0,0.0
19648731936749,2017,1125,1048,93.2,196,17.4
19648731936756,2017,91,80,87.9,35,38.5
19648810113464,2017,58,19,32.8,0,0.0
19648810117440,2017,65,33,50.8,0,0.0
19648810118075,2017,75,65,86.7,0,0.0
19648811931062,2017,153,61,39.9,49,32.0
19648811931674,2017,216,72,33.3,0,0.0
19648811936103,2017,186,107,57.5,20,10.8
19648811936806,2017,87,62,71.3,17,19.5
19648811936822,2017,442,123,27.8,17,3.8
19649070115170,2017,96,70,72.9,31,32.3
19649071933175,2017,225,197,87.6,61,27.1
19649071933324,2017,417,368,88.2,104,24.9
19649071936772,2017,111,82,73.9,44,39.6
19649071937028,2017,337,261,77.4,73,21.7
19649071995901,2017,406,219,53.9,29,7.1
19649071996495,2017,70,64,91.4,14,20.0
19649076061634,2017,133,120,90.2,31,23.3
19649076061642,2017,46,39,84.8,11,23.9
19649641937754,2017,295,18,6.1,17,5.8
19649801933373,2017,29,0,0.0,0,0.0
19649801938000,2017,689,177,25.7,32,4.6
19649801995737,2017,151,15,9.9,0,0.0
19650291938455,2017,395,57,14.4,21,5.3
19650521938679,2017,522,216,41.4,35,6.7
19650521995745,2017,17,0,0.0,0,0.0
19650601936277,2017,440,189,43.0,31,7.0
19650601938083,2017,79,45,57.0,0,0.0
19650601938356,2017,466,79,17.0,27,5.8
19650601938752,2017,482,157,32.6,39,8.1
19650601939602,2017,490,81,16.5,24,4.9
19650940112706,2017,276,141,51.1,0,0.0
19650940122432,2017,219,146,66.7,11,5.0
19650941938513,2017,76,62,81.6,0,0.0
19650941939537,2017,504,356,70.6,26,5.2
19651281930338,2017,181,156,86.2,28,15.5
19651281931302,2017,666,522,78.4,46,6.9
19651281934868,2017,748,371,49.6,42,5.6
19651281936889,2017,340,305,89.7,27,7.9
19651281937903,2017,597,446,74.7,43,7.2
19651281939701,2017,460,354,77.0,0,0.0
19651281995653,2017,121,93,76.9,0,0.0
19651360102459,2017,450,238,52.9,53,11.8
19651360102475,2017,569,67,11.8,12,2.1
19651360114439,2017,513,446,86.9,103,20.1
19651360117234,2017,81,0,0.0,0,0.0
19651360121731,2017,69,0,0.0,0,0.0
19651361931492,2017,543,210,38.7,58,10.7
19651361931740,2017,578,85,14.7,16,2.8
19651361932532,2017,52,0,0.0,0,0.0
19651361933902,2017,571,177,31.0,68,11.9
19651361934421,2017,117,73,62.4,20,17.1
19651361995802,2017,736,72,9.8,20,2.7
19651361996263,2017,266,184,69.2,14,5.3
19651361996321,2017,98,0,0.0,0,0.0
19734371931567,2017,214,187,87.4,58,27.1
19734371931963,2017,355,328,92.4,57,16.1
19734371932326,2017,382,348,91.1,74,19.4
19734371995695,2017,296,258,87.2,99,33.4
19734371996057,2017,18,15,83.3,0,0.0
19734451933316,2017,33,26,78.8,0,0.0
19734451934801,2017,278,237,85.3,28,10.1
19734451935246,2017,472,314,66.5,19,4.0
19734451938935,2017,74,61,82.4,0,0.0
19734451939834,2017,391,203,51.9,22,5.6
19734451939925,2017,289,252,87.2,32,11.1
19734520120600,2017,54,24,44.4,0,0.0
19734521930106,2017,108,98,90.7,26,24.1
19734521936228,2017,466,402,86.3,47,10.1
19734521937564,2017,557,313,56.2,72,12.9
19734601932862,2017,817,76,9.3,62,7.6
19734601939149,2017,679,104,15.3,59,8.7
19752911995810,2017,474,256,54.0,104,21.9
19752911996016,2017,267,200,74.9,17,6.4
19752911996081,2017,33,21,63.6,0,0.0
19753090127100,2017,288,252,87.5,28,9.7
19753090129411,2017,18,0,0.0,0,0.0
19753090129742,2017,65,28,43.1,0,0.0
19753090130955,2017,43,0,0.0,0,0.0
19753090131383,2017,28,28,100.0,0,0.0
19753090131987,2017,135,29,21.5,0,0.0
19753090132654,2017,74,34,45.9,0,0.0
19753090135145,2017,53,34,64.2,0,0.0
19753091995786,2017,95,41,43.2,0,0.0
19753331935808,2017,609,33,5.4,0,0.0
19753411937143,2017,665,115,17.3,13,2.0
19753411995752,2017,36,0,0.0,0,0.0
19756636120158,2017,92,17,18.5,0,0.0
19756971996693,2017,106,70,66.0,0,0.0
19757131930122,2017,61,49,80.3,0,0.0
19757131930163,2017,635,451,71.0,88,13.9
19757131934553,2017,571,337,59.0,91,15.9
19757131937697,2017,577,465,80.6,106,18.4
19757131995430,2017,34,22,64.7,0,0.0
19764970115725,2017,60,56,93.3,17,28.3
19768690119016,2017,120,52,43.3,0,0.0
19768690119636,2017,129,61,47.3,0,0.0
19768690131128,2017,61,24,39.3,0,0.0
19768850132928,2017,31,31,100.0,0,0.0
19769680109926,2017,50,47,94.0,0,0.0
20102070117184,2017,110,103,93.6,33,30.0
20102072030153,2017,12,0,0.0,0,0.0
20102072030229,2017,63,57,90.5,15,23.8
20652012030047,2017,13,11,84.6,0,0.0
20652012032357,2017,229,160,69.9,11,4.8
20652430110965,2017,603,537,89.1,54,9.0
20652430118950,2017,18,11,61.1,0,0.0
20652430123620,2017,73,73,100.0,19,26.0
20652432035640,2017,54,48,88.9,0,0.0
20652432035707,2017,496,372,75.0,47,9.5
20755802030203,2017,123,35,28.5,0,0.0
20756060117010,2017,40,16,40.0,0,0.0
20756060125021,2017,46,0,0.0,0,0.0
20756060132936,2017,25,13,52.0,0,0.0
20764142030013,2017,157,59,37.6,0,0.0
20764142030104,2017,18,12,66.7,0,0.0
20764142030237,2017,32,0,0.0,0,0.0
21654172130045,2017,33,0,0.0,0,0.0
21654172132264,2017,16,13,81.2,0,0.0
21654172132272,2017,317,101,31.9,26,8.2
21654172133056,2017,276,56,20.3,15,5.4
21654662133254,2017,27,23,85.2,0,0.0
21654662133262,2017,305,190,62.3,59,19.3
21654662134005,2017,293,109,37.2,45,15.4
21654822130078,2017,48,0,0.0,0,0.0
21654822131340,2017,234,18,7.7,0,0.0
21654822132587,2017,428,31,7.2,0,0.0
21654822133692,2017,364,34,9.3,0,0.0
21654822134419,2017,44,15,34.1,0,0.0
21733612134310,2017,32,0,0.0,0,0.0
22655322230068,2017,11,0,0.0,0,0.0
22655322235356,2017,89,39,43.8,0,0.0
23102312330447,2017,15,14,93.3,0,0.0
23655402330900,2017,32,22,68.8,0,0.0
23655652331361,2017,129,79,61.2,0,0.0
23655812333185,2017,48,14,29.2,0,0.0
23655992333649,2017,36,26,72.2,0,0.0
23656150128280,2017,33,16,48.5,0,0.0
23656152330413,2017,12,0,0.0,0,0.0
23656152330454,2017,22,21,95.5,0,0.0
23656152334704,2017,70,58,82.9,0,0.0
23656152335024,2017,345,208,60.3,45,13.0
23656232330363,2017,16,11,68.8,0,0.0
23656232335487,2017,89,66,74.2,0,0.0
23738662330041,2017,16,0,0.0,0,0.0
23739162332260,2017,31,20,64.5,0,0.0
24102490106518,2017,32,21,65.6,0,0.0
24102492430148,2017,104,93,89.4,17,16.3
24102492430163,2017,33,29,87.9,0,0.0
24102492430171,2017,28,26,92.9,0,0.0
24656982430080,2017,19,15,78.9,0,0.0
24656982432409,2017,142,80,56.3,0,0.0
24657302430064,2017,28,24,85.7,0,0.0
24657302433001,2017,100,84,84.0,17,17.0
24657550119073,2017,35,19,54.3,0,0.0
24657550120923,2017,357,280,78.4,49,13.7
24657552431492,2017,88,77,87.5,31,35.2
24657552434207,2017,311,182,58.5,40,12.9
24657890127373,2017,382,256,67.0,19,5.0
24657892430049,2017,27,19,70.4,0,0.0
24657892430098,2017,414,323,78.0,15,3.6
24657892430205,2017,417,287,68.8,37,8.9
24657892430601,2017,404,334,82.7,30,7.4
24657892433605,2017,261,214,82.0,29,11.1
24657892435204,2017,383,286,74.7,23,6.0
24657892439602,2017,171,153,89.5,36,21.1
24736192431807,2017,141,93,66.0,17,12.1
24753172430015,2017,23,22,95.7,0,0.0
24753172431203,2017,166,145,87.3,0,0.0
24753662430114,2017,169,144,85.2,24,14.2
24753662430197,2017,26,19,73.1,0,0.0
25735852535409,2017,59,24,40.7,0,0.0
25735934737250,2017,32,22,68.8,0,0.0
26736682633006,2017,14,0,0.0,0,0.0
26736922630010,2017,69,34,49.3,0,0.0
27102720125765,2017,45,0,0.0,0,0.0
27102722730117,2017,25,0,0.0,0,0.0
27102722730232,2017,52,28,53.8,0,0.0
27102722730265,2017,76,67,88.2,23,30.3
27659790135111,2017,24,0,0.0,0,0.0
27659872730414,2017,205,27,13.2,0,0.0
27660680134254,2017,30,25,83.3,0,0.0
27660682730083,2017,28,24,85.7,0,0.0
27660682730174,2017,233,191,82.0,69,29.6
27660682732170,2017,227,171,75.3,45,19.8
27660920111435,2017,124,82,66.1,0,0.0
27660922730240,2017,36,0,0.0,0,0.0
27660922732253,2017,66,52,78.8,13,19.7
27660922732808,2017,276,133,48.2,16,5.8
27660922735348,2017,253,185,73.1,27,10.7
27661342733657,2017,130,28,21.5,0,0.0
27661590124610,2017,115,82,71.3,36,31.3
27661592730109,2017,660,592,89.7,167,25.3
27661592730166,2017,570,372,65.3,95,16.7
27661592733178,2017,461,327,70.9,77,16.7
27661592734481,2017,106,95,89.6,36,34.0
27661592734556,2017,580,275,47.4,70,12.1
27738252730034,2017,228,187,82.0,13,5.7
27738252730125,2017,59,20,33.9,0,0.0
27738252730141,2017,31,28,90.3,0,0.0
27754400106112,2017,26,24,92.3,0,0.0
27754402730190,2017,345,295,85.5,32,9.3
27754732730067,2017,16,13,81.2,0,0.0
27754732730885,2017,202,179,88.6,26,12.9
28102802830099,2017,45,35,77.8,0,0.0
28662412831758,2017,45,21,46.7,0,0.0
28662660101964,2017,62,22,35.5,0,0.0
28662660121087,2017,379,140,36.9,14,3.7
28662662830016,2017,437,172,39.4,24,5.5
28662662830115,2017,93,56,60.2,0,0.0
28662662830149,2017,82,65,79.3,19,23.2
28662662835601,2017,391,201,51.4,48,12.3
28662902837102,2017,101,27,26.7,0,0.0
29102980114314,2017,29,19,65.5,0,0.0
29102980126219,2017,67,30,44.8,0,0.0
29102982930147,2017,287,261,90.9,55,19.2
29663570112367,2017,32,0,0.0,0,0.0
29663570124834,2017,33,0,0.0,0,0.0
29663572930030,2017,27,11,40.7,0,0.0
29663572930048,2017,141,42,29.8,0,0.0
29663572930071,2017,67,48,71.6,0,0.0
29663572930089,2017,16,0,0.0,0,0.0
29663572935500,2017,347,124,35.7,0,0.0
29768776111371,2017,14,0,0.0,0,0.0
30103060126037,2017,124,89,71.8,15,12.1
30103060134239,2017,31,0,0.0,0,0.0
30103060134841,2017,68,53,77.9,19,27.9
30103063030426,2017,163,108,66.3,74,45.4
30103063030632,2017,130,27,20.8,0,0.0
30103063030764,2017,721,509,70.6,218,30.2
30103066069553,2017,18,0,0.0,0,0.0
30664313030038,2017,669,208,31.1,33,4.9
30664313030228,2017,734,647,88.1,159,21.7
30664313030384,2017,81,64,79.0,0,0.0
30664313030616,2017,193,82,42.5,0,0.0
30664313032786,2017,344,278,80.8,113,32.8
30664313033057,2017,676,562,83.1,110,16.3
30664313033115,2017,587,272,46.3,33,5.6
30664313033784,2017,515,415,80.6,110,21.4
30664313034204,2017,440,374,85.0,118,26.8
30664313036712,2017,479,386,80.6,87,18.2
30664313038239,2017,466,363,77.9,94,20.2
30664493030624,2017,18,0,0.0,0,0.0
30664493030640,2017,454,107,23.6,0,0.0
30664640106765,2017,526,165,31.4,0,0.0
30664640113381,2017,624,154,24.7,22,3.5
30664640124131,2017,46,0,0.0,0,0.0
30664643030210,2017,556,116,20.9,33,5.9
30664643030574,2017,763,91,11.9,21,2.8
30664643030756,2017,627,41,6.5,0,0.0
30664643035987,2017,86,60,69.8,16,18.6
30664643036001,2017,706,157,22.2,15,2.1
30664643038569,2017,622,129,20.7,0,0.0
30664646120356,2017,36,13,36.1,0,0.0
30665143030335,2017,63,40,63.5,0,0.0
30665143030855,2017,436,333,76.4,63,14.4
30665143032505,2017,506,269,53.2,36,7.1
30665143033362,2017,561,278,49.6,27,4.8
30665143033610,2017,246,189,76.8,68,27.6
30665143037090,2017,501,209,41.7,29,5.8
30665143037348,2017,583,194,33.3,11,1.9
30665143037496,2017,683,182,26.6,18,2.6
30665223030103,2017,174,150,86.2,94,54.0
30665223030434,2017,553,375,67.8,149,26.9
30665223032752,2017,628,384,61.1,92,14.6
30665223033578,2017,542,351,64.8,103,19.0
30665223033933,2017,431,349,81.0,121,28.1
30665223035581,2017,424,145,34.2,19,4.5
30665223035706,2017,412,283,68.7,96,23.3
30665223036555,2017,459,355,77.3,137,29.8
30665483030145,2017,395,212,53.7,58,14.7
30665483030368,2017,88,19,21.6,0,0.0
30665483031895,2017,540,46,8.5,0,0.0
30665483032158,2017,938,243,25.9,25,2.7
30665483032943,2017,672,86,12.8,17,2.5
30665483034410,2017,589,116,19.7,18,3.1
30665483038445,2017,720,518,71.9,125,17.4
30665483038551,2017,125,70,56.0,29,23.2
30665553033206,2017,274,34,12.4,0,0.0
30665970111666,2017,62,41,66.1,0,0.0
30665973030186,2017,24,0,0.0,0,0.0
30665973031697,2017,415,24,5.8,11,2.7
30665973031853,2017,288,197,68.4,59,20.5
30665973032000,2017,284,211,74.3,63,22.2
30665973034907,2017,76,62,81.6,38,50.0
30665973035045,2017,524,192,36.6,55,10.5
30666213030046,2017,590,89,15.1,19,3.2
30666213031952,2017,507,223,44.0,36,7.1
30666213035409,2017,418,335,80.1,81,19.4
30666213035748,2017,168,136,81.0,53,31.5
30666213038098,2017,610,167,27.4,31,5.1
30666470119404,2017,463,53,11.4,18,3.9
30666473030053,2017,413,74,17.9,0,0.0
30666473030483,2017,39,0,0.0,0,0.0
30666473031929,2017,464,99,21.3,20,4.3
30666473031945,2017,93,68,73.1,16,17.2
30666473038023,2017,638,349,54.7,65,10.2
30666476119556,2017,25,0,0.0,0,0.0
30666700106567,2017,79,71,89.9,0,0.0
30666700108365,2017,650,559,86.0,34,5.2
30666700114736,2017,641,604,94.2,39,6.1
30666703030475,2017,201,176,87.6,85,42.3
30666703030491,2017,417,410,98.3,86,20.6
30666703030608,2017,84,79,94.0,0,0.0
30666703030723,2017,417,55,13.2,0,0.0
30666703034998,2017,199,173,86.9,65,32.7
30666703035821,2017,313,294,93.9,40,12.8
30666703036357,2017,595,573,96.3,101,17.0
30666703036456,2017,414,399,96.4,120,29.0
30736353030061,2017,601,146,24.3,59,9.8
30736353030079,2017,118,82,69.5,25,21.2
30736353030244,2017,413,135,32.7,43,10.4
30736353030392,2017,709,111,15.7,30,4.2
30736353030509,2017,20,0,0.0,0,0.0
30736353034956,2017,569,101,17.8,36,6.3
30736430102871,2017,679,139,20.5,35,5.2
30736433032109,2017,520,135,26.0,20,3.8
30736433032919,2017,88,62,70.5,37,42.0
30736433037553,2017,572,379,66.3,49,8.6
30736503030129,2017,54,38,70.4,0,0.0
30736503030152,2017,526,104,19.8,57,10.8
30736503030285,2017,602,98,16.3,50,8.3
30736503030657,2017,609,47,7.7,36,5.9
30736503035102,2017,684,96,14.0,73,10.7
30739243033917,2017,821,110,13.4,0,0.0
31103140119214,2017,35,0,0.0,0,0.0
31103140126904,2017,15,0,0.0,0,0.0
31103143130259,2017,17,0,0.0,0,0.0
31668450121418,2017,50,0,0.0,0,0.0
31668940102293,2017,43,15,34.9,0,0.0
31668943130135,2017,37,18,48.6,0,0.0
31668943131687,2017,26,21,80.8,0,0.0
31668943131851,2017,152,46,30.3,0,0.0
31668943132453,2017,430,59,13.7,0,0.0
31668943135704,2017,296,86,29.1,0,0.0
31669280116459,2017,432,211,48.8,12,2.8
31669283130119,2017,86,20,23.3,0,0.0
31669283130176,2017,508,82,16.1,0,0.0
31669283130184,2017,513,56,10.9,0,0.0
31669283130309,2017,55,38,69.1,0,0.0
31669283135308,2017,423,109,25.8,0,0.0
31669283136504,2017,522,180,34.5,14,2.7
31669443130010,2017,70,31,44.3,0,0.0
31669443130077,2017,25,20,80.0,0,0.0
31669443138500,2017,163,58,35.6,16,9.8
31669510122507,2017,101,31,30.7,0,0.0
31669513130036,2017,29,0,0.0,0,0.0
31669513130168,2017,125,68,54.4,0,0.0
31669513134657,2017,447,118,26.4,23,5.1
31750850108084,2017,445,76,17.1,0,0.0
31750850119487,2017,124,15,12.1,0,0.0
31750850128561,2017,51,0,0.0,0,0.0
31750853130150,2017,452,51,11.3,0,0.0
31750853130200,2017,36,18,50.0,0,0.0
32669693230083,2017,32,17,53.1,0,0.0
32669693232006,2017,23,0,0.0,0,0.0
32669693233509,2017,12,0,0.0,0,0.0
32669693235603,2017,29,13,44.8,0,0.0
32669693236007,2017,46,0,0.0,0,0.0
33103300110833,2017,232,112,48.3,0,0.0
33103300125237,2017,48,43,89.6,0,0.0
33103300128397,2017,167,118,70.7,38,22.8
33103300128777,2017,58,35,60.3,0,0.0
33103300134320,2017,20,19,95.0,0,0.0
33103303330123,2017,94,74,78.7,0,0.0
33103303331055,2017,108,90,83.3,33,30.6
33316253330834,2017,37,14,37.8,0,0.0
33669770125732,2017,445,291,65.4,70,15.7
33669770135061,2017,62,55,88.7,29,46.8
33669773330008,2017,404,297,73.5,91,22.5
33669773334299,2017,540,496,91.9,164,30.4
33669773337128,2017,62,48,77.4,25,40.3
33669853330214,2017,227,187,82.4,29,12.8
33669853330222,2017,30,22,73.3,0,0.0
33669853330974,2017,71,49,69.0,0,0.0
33669930129882,2017,14,0,0.0,0,0.0
33669933330479,2017,583,315,54.0,41,7.0
33669933330842,2017,51,34,66.7,12,23.5
33670330110106,2017,58,52,89.7,14,24.1
33670330110627,2017,985,405,41.1,41,4.2
33670330110759,2017,210,79,37.6,0,0.0
33670333330131,2017,45,28,62.2,0,0.0
33670333330446,2017,736,378,51.4,50,6.8
33670333330586,2017,297,222,74.7,46,15.5
33670333330701,2017,917,254,27.7,32,3.5
33670333331600,2017,595,390,65.5,58,9.7
33670333334232,2017,461,184,39.9,25,5.4
33670580114504,2017,146,107,73.3,12,8.2
33670580118885,2017,441,301,68.3,38,8.6
33670583330388,2017,457,206,45.1,28,6.1
33670583330669,2017,600,316,52.7,20,3.3
33670583330909,2017,60,30,50.0,0,0.0
33670583331113,2017,104,87,83.7,29,27.9
33670583333192,2017,369,329,89.2,61,16.5
33670820106716,2017,69,50,72.5,0,0.0
33670820113159,2017,397,316,79.6,31,7.8
33670820120675,2017,62,22,35.5,0,0.0
33670820132167,2017,22,20,90.9,0,0.0
33670823330065,2017,168,150,89.3,16,9.5
33670823330503,2017,114,86,75.4,0,0.0
33670823330537,2017,364,301,82.7,24,6.6
33670823332673,2017,533,363,68.1,31,5.8
33670900114157,2017,491,329,67.0,76,15.5
33670900127720,2017,34,19,55.9,0,0.0
33670903330412,2017,369,290,78.6,93,25.2
33670903334687,2017,142,114,80.3,55,38.7
33670903337136,2017,357,300,84.0,76,21.3
33671160109843,2017,142,36,25.4,0,0.0
33671240128868,2017,20,14,70.0,0,0.0
33671243330396,2017,592,443,74.8,30,5.1
33671243330438,2017,611,438,71.7,32,5.2
33671243330800,2017,96,75,78.1,14,14.6
33671243331071,2017,433,369,85.2,44,10.2
33671243333762,2017,184,140,76.1,28,15.2
33671243333770,2017,530,486,91.7,57,10.8
33671573331014,2017,162,106,65.4,0,0.0
33671730127316,2017,375,264,70.4,33,8.8
33671730133090,2017,43,34,79.1,0,0.0
33671733330578,2017,343,306,89.2,51,14.9
33671733330818,2017,389,344,88.4,83,21.3
33671733331121,2017,247,227,91.9,72,29.1
33671733335130,2017,390,271,69.5,48,12.3
33671813331139,2017,67,59,88.1,0,0.0
33671813335759,2017,164,102,62.2,14,8.5
33672070101170,2017,106,90,84.9,0,0.0
33672070113191,2017,667,470,70.5,88,13.2
33672073330172,2017,111,82,73.9,32,28.8
33672073330727,2017,716,414,57.8,57,8.0
33672073335973,2017,594,546,91.9,176,29.6
33672150115709,2017,17,0,0.0,0,0.0
33672150131359,2017,43,0,0.0,0,0.0
33672150132498,2017,89,35,39.3,0,0.0
33672153330024,2017,472,337,71.4,79,16.7
33672153330362,2017,130,66,50.8,0,0.0
33672153330677,2017,75,59,78.7,15,20.0
33672153330859,2017,788,236,29.9,28,3.6
33672153334406,2017,518,403,77.8,64,12.4
33672153336237,2017,594,302,50.8,37,6.2
33672153336492,2017,475,380,80.0,53,11.2
33672153336955,2017,80,75,93.8,21,26.2
33672493331006,2017,59,42,71.2,0,0.0
33672493337649,2017,150,126,84.0,20,13.3
33672493337656,2017,549,427,77.8,31,5.6
33672496114748,2017,56,25,44.6,0,0.0
33736760100255,2017,507,500,98.6,75,14.8
33736760121673,2017,52,49,94.2,0,0.0
33736763330032,2017,83,79,95.2,30,36.1
33736763330354,2017,61,58,95.1,13,21.3
33736763330990,2017,648,555,85.6,115,17.7
33751760107920,2017,403,287,71.2,39,9.7
33751760116343,2017,59,21,35.6,0,0.0
33751763330115,2017,144,99,68.8,20,13.9
33751763330487,2017,530,257,48.5,17,3.2
33751763332350,2017,463,286,61.8,24,5.2
33751920105734,2017,805,140,17.4,0,0.0
33751923330370,2017,645,153,23.7,24,3.7
33751923330495,2017,95,40,42.1,0,0.0
33751923330636,2017,96,19,19.8,0,0.0
33751923330743,2017,785,212,27.0,15,1.9
33751923330917,2017,73,0,0.0,0,0.0
33752000100420,2017,846,208,24.6,19,2.2
33752000102079,2017,103,30,29.1,0,0.0
33752000118794,2017,575,181,31.5,15,2.6
33752003330529,2017,598,101,16.9,11,1.8
33752420109108,2017,574,492,85.7,65,11.3
33752420123190,2017,24,17,70.8,0,0.0
33752423330552,2017,780,608,77.9,47,6.0
33752423330560,2017,167,141,84.4,34,20.4
34103480106278,2017,50,34,68.0,0,0.0
34322763931250,2017,41,38,92.7,0,0.0
34322763990025,2017,41,37,90.2,0,0.0
34322765637780,2017,38,35,92.1,0,0.0
34673140105916,2017,515,386,75.0,67,13.0
34673140108753,2017,602,176,29.2,28,4.7
34673140116897,2017,583,177,30.4,21,3.6
34673143430170,2017,340,329,96.8,84,24.7
34673143430311,2017,69,42,60.9,0,0.0
34673143430329,2017,71,65,91.5,0,0.0
34673143430352,2017,68,39,57.4,0,0.0
34673143430477,2017,336,318,94.6,96,28.6
34673143430592,2017,430,197,45.8,34,7.9
34673143430618,2017,560,329,58.8,57,10.2
34673143430873,2017,643,231,35.9,28,4.4
34673143432002,2017,37,33,89.2,0,0.0
34673143432572,2017,450,172,38.2,21,4.7
34673143467314,2017,19,0,0.0,0,0.0
34673146112254,2017,76,39,51.3,0,0.0
34673300113571,2017,401,33,8.2,0,0.0
34673303430501,2017,57,19,33.3,0,0.0
34673303430709,2017,39,15,38.5,0,0.0
34673303431533,2017,397,281,70.8,37,9.3
34673303433216,2017,555,80,14.4,11,2.0
34673303434792,2017,59,44,74.6,0,0.0
34673550119131,2017,307,148,48.2,25,8.1
34673553433471,2017,238,171,71.8,25,10.5
34674134835302,2017,64,28,43.8,0,0.0
34674135731708,2017,55,37,67.3,15,27.3
34674210132019,2017,28,24,85.7,0,0.0
34674390101881,2017,40,32,80.0,0,0.0
34674390101899,2017,72,30,41.7,0,0.0
34674390101907,2017,59,35,59.3,0,0.0
34674390101972,2017,323,238,73.7,28,8.7
34674390102038,2017,193,133,68.9,0,0.0
34674390108951,2017,40,33,82.5,0,0.0
34674390114546,2017,57,37,64.9,0,0.0
34674393430154,2017,100,80,80.0,16,16.0
34674393430519,2017,102,67,65.7,14,13.7
34674393430865,2017,226,132,58.4,0,0.0
34674393431012,2017,420,381,90.7,90,21.4
34674393434636,2017,356,301,84.6,82,23.0
34674393434768,2017,478,265,55.4,40,8.4
34674393435419,2017,520,284,54.6,54,10.4
34674396061832,2017,27,23,85.2,0,0.0
34674470121467,2017,15,12,80.0,0,0.0
34674473430048,2017,227,131,57.7,15,6.6
34674473430097,2017,46,29,63.0,0,0.0
34674473430386,2017,78,27,34.6,0,0.0
34674473430394,2017,19,0,0.0,0,0.0
34674473430493,2017,444,76,17.1,0,0.0
34674473430691,2017,232,149,64.2,0,0.0
34674473430717,2017,732,381,52.0,34,4.6
34674473430758,2017,60,29,48.3,0,0.0
34674473431111,2017,284,83,29.2,0,0.0
34674473432051,2017,401,154,38.4,0,0.0
34674473432317,2017,317,131,41.3,17,5.4
34674473432838,2017,155,124,80.0,53,34.2
34674473435930,2017,390,183,46.9,33,8.5
34674473436714,2017,385,73,19.0,0,0.0
34674473438504,2017,162,113,69.8,21,13.0
34739733430378,2017,291,179,61.5,20,6.9
34739733430451,2017,38,23,60.5,0,0.0
34752830102236,2017,501,225,44.9,43,8.6
34752830112425,2017,145,62,42.8,0,0.0
34752830126060,2017,83,43,51.8,0,0.0
34752833430584,2017,226,166,73.5,40,17.7
34752833430626,2017,63,36,57.1,16,25.4
34752833430659,2017,120,36,30.0,0,0.0
34765050101832,2017,99,74,74.7,28,28.3
34765050108415,2017,172,112,65.1,30,17.4
34765050108795,2017,29,22,75.9,0,0.0
34765050108837,2017,106,88,83.0,0,0.0
34765050114272,2017,301,239,79.4,50,16.6
34765053430261,2017,69,62,89.9,16,23.2
34765053430634,2017,130,109,83.8,0,0.0
34765053430881,2017,55,47,85.5,0,0.0
34765053433265,2017,236,184,78.0,41,17.4
34765053433794,2017,403,350,86.8,64,15.9
34765053434370,2017,170,149,87.6,19,11.2
34765053436979,2017,389,303,77.9,24,6.2
35675383530029,2017,30,21,70.0,0,0.0
35675383537008,2017,699,344,49.2,61,8.7
35752593530060,2017,94,52,55.3,0,0.0
36103630107466,2017,202,159,78.7,37,18.3
36103633630431,2017,106,72,67.9,0,0.0
36103636069348,2017,21,0,0.0,0,0.0
36675870120592,2017,472,407,86.2,37,7.8
36675870128462,2017,85,76,89.4,19,22.4
36676113630712,2017,54,45,83.3,0,0.0
36676113630803,2017,294,195,66.3,21,7.1
36676373630290,2017,20,19,95.0,0,0.0
36676373631066,2017,175,107,61.1,14,8.0
36676520126243,2017,29,0,0.0,0,0.0
36676523630225,2017,599,306,51.1,13,2.2
36676523630373,2017,874,364,41.6,0,0.0
36676523630571,2017,816,334,40.9,15,1.8
36676523631058,2017,816,259,31.7,20,2.5
36676523631157,2017,436,316,72.5,38,8.7
36676523632205,2017,807,667,82.7,150,18.6
36676523633906,2017,696,620,89.1,89,12.8
36676523634482,2017,572,502,87.8,89,15.6
36676523637659,2017,216,185,85.6,49,22.7
36676783630035,2017,393,308,78.4,22,5.6
36676783630522,2017,630,175,27.8,27,4.3
36676783631017,2017,717,235,32.8,0,0.0
36676783631587,2017,39,30,76.9,0,0.0
36676783631769,2017,77,64,83.1,0,0.0
36676783632502,2017,536,357,66.6,67,12.5
36676860125500,2017,517,350,67.7,30,5.8
36676863631322,2017,502,423,84.3,56,11.2
36676863632742,2017,436,372,85.3,35,8.0
36676863636131,2017,122,105,86.1,0,0.0
36677100108191,2017,570,371,65.1,54,9.5
36677100120758,2017,497,395,79.5,79,15.9
36677103630019,2017,138,103,74.6,44,31.9
36677103630480,2017,188,130,69.1,64,34.0
36677103630555,2017,492,367,74.6,71,14.4
36677103630902,2017,537,403,75.0,90,16.8
36677103633302,2017,554,504,91.0,126,22.7
36677360116723,2017,59,30,50.8,0,0.0
36677360128439,2017,36,15,41.7,0,0.0
36677360130948,2017,30,17,56.7,0,0.0
36677360131151,2017,176,159,90.3,27,15.3
36677773630217,2017,54,40,74.1,0,0.0
36677773636743,2017,172,82,47.7,0,0.0
36677773638616,2017,329,190,57.8,0,0.0
36678013634169,2017,49,29,59.2,0,0.0
36678270111807,2017,386,291,75.4,45,11.7
36678270113928,2017,134,114,85.1,0,0.0
36678430118802,2017,511,254,49.7,22,4.3
36678433630779,2017,489,249,50.9,14,2.9
36678433630928,2017,26,0,0.0,0,0.0
36678433634995,2017,123,102,82.9,13,10.6
36678433635042,2017,530,263,49.6,29,5.5
36678433667843,2017,56,41,73.2,0,0.0
36678500102830,2017,584,435,74.5,46,7.9
36678503630159,2017,68,55,80.9,31,45.6
36678503630530,2017,35,28,80.0,0,0.0
36678503630597,2017,632,526,83.2,84,13.3
36678503633005,2017,585,505,86.3,111,19.0
36678683630241,2017,20,0,0.0,0,0.0
36678683635265,2017,247,97,39.3,21,8.5
36678760107730,2017,13,11,84.6,0,0.0
36678760109850,2017,57,35,61.4,0,0.0
36678760120568,2017,163,127,77.9,0,0.0
36678760125450,2017,365,323,88.5,53,14.5
36678760128405,2017,23,18,78.3,0,0.0
36678763630308,2017,294,277,94.2,55,18.7
36678763630548,2017,12,0,0.0,0,0.0
36678763630993,2017,74,63,85.1,17,23.0
36678763631082,2017,553,493,89.2,93,16.8
36678763631090,2017,68,56,82.4,0,0.0
36678763632221,2017,629,447,71.1,30,4.8
36678763632809,2017,235,220,93.6,41,17.4
36678763634680,2017,287,257,89.5,52,18.1
36678763635844,2017,294,266,90.5,48,16.3
36678763636081,2017,439,378,86.1,46,10.5
36678920134247,2017,196,77,39.3,0,0.0
36678923636487,2017,16,15,93.8,0,0.0
36679340110064,2017,181,124,68.5,0,0.0
36679340125419,2017,400,337,84.2,59,14.8
36679343630100,2017,86,69,80.2,0,0.0
36679343630670,2017,509,418,82.1,29,5.7
36679343630761,2017,329,171,52.0,0,0.0
36679343630787,2017,529,423,80.0,42,7.9
36679343638012,2017,432,352,81.5,42,9.7
36679346114698,2017,84,64,76.2,0,0.0
36679590101410,2017,43,33,76.7,0,0.0
36679593633351,2017,66,41,62.1,0,0.0
36679593638509,2017,643,256,39.8,24,3.7
36738903630274,2017,82,38,46.3,0,0.0
36739573630233,2017,470,287,61.1,17,3.6
36739573630365,2017,68,61,89.7,0,0.0
36739573630589,2017,12,0,0.0,0,0.0
36750440107516,2017,49,33,67.3,0,0.0
36750440114389,2017,48,26,54.2,0,0.0
36750440115444,2017,98,68,69.4,21,21.4
36750440116707,2017,159,75,47.2,0,0.0
36750440119115,2017,480,284,59.2,58,12.1
36750443630407,2017,431,335,77.7,74,17.2
36750443630472,2017,166,125,75.3,39,23.5
36750443630746,2017,394,253,64.2,43,10.9
36750443630811,2017,43,26,60.5,0,0.0
36750510115089,2017,50,12,24.0,0,0.0
36750513630563,2017,51,40,78.4,0,0.0
36750693630456,2017,114,78,68.4,19,16.7
36750693637584,2017,710,364,51.3,45,6.3
36750773630423,2017,485,255,52.6,27,5.6
36750773630894,2017,328,226,68.9,30,9.1
36750773631009,2017,31,27,87.1,0,0.0
36750773631207,2017,103,26,25.2,0,0.0
37103710115998,2017,28,28,100.0,0,0.0
37103710120493,2017,16,16,100.0,0,0.0
37103710128520,2017,203,163,80.3,80,39.4
37103710128538,2017,152,140,92.1,42,27.6
37103716119119,2017,84,29,34.5,13,15.5
37679830131144,2017,83,75,90.4,34,41.0
37679830134890,2017,40,39,97.5,0,0.0
37679833730447,2017,39,37,94.9,0,0.0
37680236037980,2017,83,56,67.5,0,0.0
37680236115778,2017,81,61,75.3,0,0.0
37680313731478,2017,313,25,8.0,0,0.0
37680490119990,2017,436,326,74.8,49,11.2
37680490131169,2017,32,0,0.0,0,0.0
37680490132506,2017,106,54,50.9,0,0.0
37680496119564,2017,76,24,31.6,0,0.0
37681060111195,2017,295,45,15.3,0,0.0
37681060127241,2017,177,87,49.2,0,0.0
37681063730058,2017,556,298,53.6,65,11.7
37681063731023,2017,186,62,33.3,0,0.0
37681063732054,2017,128,93,72.7,48,37.5
37681063732062,2017,575,406,70.6,96,16.7
37681063735313,2017,450,397,88.2,101,22.4
37681223730967,2017,32,12,37.5,0,0.0
37681223732179,2017,440,250,56.8,35,8.0
37681223732195,2017,44,37,84.1,0,0.0
37681300132548,2017,53,27,50.9,0,0.0
37681303730066,2017,546,268,49.1,56,10.3
37681303730702,2017,421,125,29.7,0,0.0
37681303731262,2017,511,139,27.2,36,7.0
37681303731536,2017,36,0,0.0,0,0.0
37681303731692,2017,440,399,90.7,211,48.0
37681303731809,2017,351,156,44.4,14,4.0
37681303732336,2017,539,231,42.9,23,4.3
37681303732559,2017,32,24,75.0,0,0.0
37681303732625,2017,558,274,49.1,58,10.4
37681303732732,2017,583,375,64.3,31,5.3
37681303734548,2017,331,235,71.0,29,8.8
37681303734761,2017,272,211,77.6,44,16.2
37681303737905,2017,353,150,42.5,21,5.9
37681630124271,2017,263,212,80.6,56,21.3
37681633731239,2017,133,49,36.8,0,0.0
37681713733219,2017,42,23,54.8,0,0.0
37681890118323,2017,46,19,41.3,0,0.0
37681893731072,2017,62,0,0.0,0,0.0
37682130123224,2017,121,72,59.5,0,0.0
37682130127084,2017,29,20,69.0,0,0.0
37682133734878,2017,87,52,59.8,16,18.4
37682960118935,2017,488,42,8.6,0,0.0
37682963730074,2017,470,99,21.1,17,3.6
37682963730819,2017,545,54,9.9,17,3.1
37682963731528,2017,572,68,11.9,0,0.0
37682963735842,2017,58,27,46.6,0,0.0
37682963735867,2017,523,104,19.9,28,5.4
37683040102178,2017,17,0,0.0,0,0.0
37683040131250,2017,29,0,0.0,0,0.0
37683043735958,2017,54,24,44.4,0,0.0
37683043735974,2017,337,107,31.8,12,3.6
37683380106732,2017,101,44,43.6,0,0.0
37683380106799,2017,119,65,54.6,0,0.0
37683380107029,2017,202,103,51.0,0,0.0
37683380107052,2017,147,120,81.6,29,19.7
37683380107078,2017,85,56,65.9,14,16.5
37683380107086,2017,95,71,74.7,0,0.0
37683380107094,2017,87,62,71.3,14,16.1
37683380107102,2017,67,51,76.1,0,0.0
37683380107177,2017,262,238,90.8,91,34.7
37683380107219,2017,134,123,91.8,32,23.9
37683380107482,2017,26,0,0.0,0,0.0
37683380108787,2017,93,41,44.1,0,0.0
37683380114025,2017,321,282,87.9,98,30.5
37683380114462,2017,147,104,70.7,36,24.5
37683380114520,2017,22,21,95.5,0,0.0
37683380118851,2017,131,129,98.5,43,32.8
37683380119610,2017,140,134,95.7,19,13.6
37683380122788,2017,79,22,27.8,0,0.0
37683380127647,2017,113,76,67.3,11,9.7
37683380128744,2017,23,0,0.0,0,0.0
37683380131979,2017,41,31,75.6,0,0.0
37683383730173,2017,408,224,54.9,15,3.7
37683383730181,2017,529,248,46.9,44,8.3
37683383730231,2017,170,98,57.6,43,25.3
37683383730314,2017,459,161,35.1,18,3.9
37683383730371,2017,187,90,48.1,0,0.0
37683383730751,2017,34,0,0.0,0,0.0
37683383730884,2017,518,85,16.4,0,0.0
37683383730959,2017,196,102,52.0,17,8.7
37683383731189,2017,100,94,94.0,0,0.0
37683383731213,2017,219,131,59.8,20,9.1
37683383731247,2017,138,51,37.0,0,0.0
37683383731395,2017,65,35,53.8,0,0.0
37683383732781,2017,543,207,38.1,12,2.2
37683383732997,2017,474,437,92.2,107,22.6
37683383733508,2017,383,98,25.6,16,4.2
37683383733698,2017,243,159,65.4,20,8.2
37683383734431,2017,221,159,71.9,22,10.0
37683383734654,2017,392,299,76.3,43,11.0
37683383735750,2017,428,174,40.7,17,4.0
37683383737962,2017,120,85,70.8,30,25.0
37683386040083,2017,25,0,0.0,0,0.0
37683386061964,2017,116,81,69.8,0,0.0
37683460106328,2017,596,15,2.5,0,0.0
37683463730033,2017,587,38,6.5,27,4.6
37683463731007,2017,423,51,12.1,37,8.7
37683463737384,2017,54,0,0.0,0,0.0
37683463737418,2017,475,66,13.9,14,2.9
37684030125401,2017,67,43,64.2,0,0.0
37684036120893,2017,235,106,45.1,0,0.0
37684110111831,2017,683,182,26.6,24,3.5
37684113730124,2017,481,382,79.4,164,34.1
37684113730405,2017,562,205,36.5,22,3.9
37684113730801,2017,336,258,76.8,93,27.7
37684113730843,2017,826,162,19.6,41,5.0
37684113731064,2017,611,440,72.0,138,22.6
37684113731155,2017,41,20,48.8,0,0.0
37684113731304,2017,78,63,80.8,52,66.7
37684113731502,2017,587,447,76.1,181,30.8
37684113731627,2017,656,224,34.1,46,7.0
37684113732047,2017,93,75,80.6,38,40.9
37684113732849,2017,505,287,56.8,44,8.7
37684113733953,2017,412,254,61.7,85,20.6
37684113738226,2017,739,623,84.3,158,21.4
37684113738234,2017,413,286,69.2,85,20.6
37684113768411,2017,129,78,60.5,0,0.0
37684370128470,2017,76,56,73.7,0,0.0
37684520106120,2017,164,153,93.3,30,18.3
37684520114264,2017,43,18,41.9,0,0.0
37684520115451,2017,90,70,77.8,0,0.0
37684520118430,2017,430,103,24.0,0,0.0
37684520124917,2017,16,0,0.0,0,0.0
37684523730728,2017,509,257,50.5,25,4.9
37684523730942,2017,141,80,56.7,0,0.0
37684523732039,2017,62,51,82.3,0,0.0
37684523738705,2017,563,382,67.9,84,14.9
37735510127423,2017,317,60,18.9,0,0.0
37735513730017,2017,51,24,47.1,0,0.0
37735513730694,2017,561,110,19.6,15,2.7
37735513731163,2017,19,0,0.0,0,0.0
37735693731221,2017,125,84,67.2,0,0.0
37735693735206,2017,495,346,69.9,33,6.7
37735693739018,2017,660,351,53.2,34,5.2
37735693739026,2017,56,48,85.7,0,0.0
37737910105726,2017,611,277,45.3,49,8.0
37737910109785,2017,11,0,0.0,0,0.0
37737913730215,2017,77,58,75.3,13,16.9
37737913730793,2017,30,17,56.7,0,0.0
37737913737632,2017,741,247,33.3,60,8.1
37754160132472,2017,79,25,31.6,0,0.0
37754163730975,2017,13,0,0.0,0,0.0
37754166119275,2017,23,22,95.7,0,0.0
37756143731114,2017,270,138,51.1,18,6.7
37756143731312,2017,31,30,96.8,0,0.0
37764710114678,2017,161,88,54.7,0,0.0
37764710114694,2017,116,38,32.8,0,0.0
37768510129320,2017,57,18,31.6,0,0.0
37768510132886,2017,47,36,76.6,0,0.0
37770320134577,2017,53,27,50.9,0,0.0
38684780102103,2017,50,31,62.0,0,0.0
38684780107300,2017,69,46,66.7,0,0.0
38684780119875,2017,99,72,72.7,92,92.9
38684780119958,2017,93,43,46.2,12,12.9
38684780127530,2017,102,78,76.5,0,0.0
38684783830031,2017,63,0,0.0,0,0.0
38684783830064,2017,82,0,0.0,0,0.0
38684783830197,2017,84,0,0.0,0,0.0
38684783830205,2017,146,78,53.4,27,18.5
38684783830254,2017,247,133,53.8,37,15.0
38684783830288,2017,306,192,62.7,55,18.0
38684783830387,2017,153,26,17.0,0,0.0
38684783830403,2017,128,73,57.0,62,48.4
38684783830411,2017,63,27,42.9,14,22.2
38684783830437,2017,121,46,38.0,0,0.0
38684783831765,2017,470,345,73.4,86,18.3
38684783833241,2017,499,267,53.5,100,20.0
38684783833407,2017,663,265,40.0,13,2.0
38684783834082,2017,301,160,53.2,136,45.2
38684783834769,2017,98,53,54.1,23,23.5
38684783839081,2017,539,309,57.3,102,18.9
39103970120717,2017,36,31,86.1,0,0.0
39103973930195,2017,46,27,58.7,0,0.0
39103973930468,2017,390,322,82.6,68,17.4
39103973930476,2017,243,157,64.6,0,0.0
39685023932308,2017,192,69,35.9,0,0.0
39685693933793,2017,63,48,76.2,0,0.0
39685693933801,2017,692,346,50.0,53,7.7
39685770118307,2017,20,15,75.0,0,0.0
39685773933959,2017,135,69,51.1,0,0.0
39685850101956,2017,75,28,37.3,0,0.0
39685850108225,2017,399,318,79.7,58,14.5
39685850122580,2017,39,30,76.9,0,0.0
39685853930237,2017,463,268,57.9,35,7.6
39685853930278,2017,51,42,82.4,0,0.0
39685853930344,2017,60,36,60.0,0,0.0
39685853930443,2017,57,33,57.9,0,0.0
39685853934759,2017,483,304,62.9,68,14.1
39685853934767,2017,55,47,85.5,0,0.0
39685853934783,2017,477,218,45.7,46,9.6
39685930101576,2017,292,210,71.9,40,13.7
39685930112565,2017,71,55,77.5,17,23.9
39685930116376,2017,301,166,55.1,25,8.3
39685930126094,2017,63,30,47.6,0,0.0
39685933930310,2017,337,161,47.8,18,5.3
39685933932001,2017,387,200,51.7,44,11.4
39685933935103,2017,362,208,57.5,40,11.0
39685933935111,2017,78,46,59.0,19,24.4
39686270126755,2017,75,47,62.7,0,0.0
39686270127191,2017,154,71,46.1,0,0.0
39686270129908,2017,62,0,0.0,0,0.0
39686270129916,2017,25,0,0.0,0,0.0
39686270130864,2017,65,32,49.2,0,0.0
39686270133116,2017,75,45,60.0,0,0.0
39686276119309,2017,86,44,51.2,0,0.0
39686500125849,2017,161,74,46.0,0,0.0
39686503935756,2017,217,63,29.0,12,5.5
39686760108159,2017,493,377,76.5,53,10.8
39686760115402,2017,57,50,87.7,20,35.1
39686760118497,2017,78,58,74.4,0,0.0
39686760119743,2017,101,70,69.3,0,0.0
39686760119784,2017,93,70,75.3,15,16.1
39686760120733,2017,47,26,55.3,0,0.0
39686760123802,2017,80,67,83.8,0,0.0
39686760124248,2017,44,29,65.9,0,0.0
39686763930211,2017,92,83,90.2,23,25.0
39686763930427,2017,99,88,88.9,0,0.0
39686763932100,2017,470,391,83.2,96,20.4
39686763932654,2017,478,411,86.0,77,16.1
39686763937406,2017,366,265,72.4,37,10.1
39754990102392,2017,124,28,22.6,12,9.7
39754990114140,2017,63,46,73.0,19,30.2
39754990119040,2017,347,138,39.8,20,5.8
39754993930302,2017,488,284,58.2,78,16.0
39754993938008,2017,526,193,36.7,63,12.0
39767600128967,2017,262,51,19.5,0,0.0
40104050101725,2017,115,97,84.3,45,39.1
40104054030250,2017,46,35,76.1,0,0.0
40687004030102,2017,26,0,0.0,0,0.0
40687004030151,2017,41,29,70.7,0,0.0
40687004030755,2017,299,85,28.4,0,0.0
40687590125328,2017,79,19,24.1,0,0.0
40687594030268,2017,190,103,54.2,13,6.8
40687594030557,2017,512,164,32.0,14,2.7
40687594033205,2017,61,47,77.0,0,0.0
40688094030045,2017,38,24,63.2,0,0.0
40688094034807,2017,205,65,31.7,0,0.0
40688094036703,2017,327,67,20.5,17,5.2
40688334037008,2017,21,0,0.0,0,0.0
40688414030185,2017,21,0,0.0,0,0.0
40688414037701,2017,194,22,11.3,0,0.0
40754570119354,2017,42,17,40.5,0,0.0
40754574035754,2017,446,149,33.4,0,0.0
40754574035762,2017,70,50,71.4,0,0.0
40754654032009,2017,61,33,54.1,0,0.0
41688904132817,2017,252,93,36.9,0,0.0
41689160112284,2017,109,40,36.7,0,0.0
41689240127548,2017,110,29,26.4,0,0.0
41689244133393,2017,282,167,59.2,72,25.5
41689244135075,2017,151,49,32.5,0,0.0
41689244137535,2017,245,50,20.4,0,0.0
41689244137592,2017,69,34,49.3,14,20.3
41689244137790,2017,437,159,36.4,80,18.3
41689404135331,2017,24,16,66.7,0,0.0
41689990134197,2017,40,36,90.0,0,0.0
41690470128165,2017,82,41,50.0,22,26.8
41690470129759,2017,146,19,13.0,0,0.0
41690474130217,2017,378,70,18.5,21,5.6
41690474130472,2017,336,25,7.4,0,0.0
41690474130738,2017,305,92,30.2,36,11.8
41690474133070,2017,364,55,15.1,37,10.2
41690474134557,2017,324,53,16.4,20,6.2
41690474136370,2017,412,147,35.7,77,18.7
41690620112722,2017,105,46,43.8,0,0.0
41690620119503,2017,103,60,58.3,17,16.5
41690620126722,2017,68,64,94.1,23,33.8
41690624130993,2017,555,85,15.3,26,4.7
41690624133716,2017,548,222,40.5,83,15.1
41690624135687,2017,104,81,77.9,40,38.5
41690624136693,2017,523,256,48.9,85,16.3
41690624138053,2017,411,153,37.2,36,8.8
41690704130324,2017,52,40,76.9,0,0.0
41690704132551,2017,315,83,26.3,0,0.0
41690704137279,2017,328,176,53.7,47,14.3
42104214230157,2017,33,20,60.6,13,39.4
42691120111773,2017,62,32,51.6,0,0.0
42691120124255,2017,18,0,0.0,0,0.0
42691464230587,2017,139,89,64.0,20,14.4
42692294230454,2017,330,150,45.5,24,7.3
42692294233029,2017,37,33,89.2,0,0.0
42692294233060,2017,278,207,74.5,59,21.2
42692600116434,2017,144,29,20.1,0,0.0
42693100102285,2017,636,522,82.1,156,24.5
42693104231452,2017,189,154,81.5,64,33.9
42693104234613,2017,473,263,55.6,60,12.7
42693104236030,2017,629,574,91.3,251,39.9
42693284236345,2017,226,65,28.8,11,4.9
42750104231205,2017,18,16,88.9,0,0.0
42767860120402,2017,49,15,30.6,0,0.0
42767864231726,2017,560,201,35.9,30,5.4
42767864232690,2017,39,25,64.1,15,38.5
42767864235230,2017,542,271,50.0,64,11.8
42767864235727,2017,531,268,50.5,37,7.0
42769500132894,2017,95,59,62.1,0,0.0
43104390113431,2017,90,16,17.8,0,0.0
43104390123257,2017,78,68,87.2,14,17.9
43104390123794,2017,63,24,38.1,0,0.0
43104390135087,2017,39,31,79.5,0,0.0
43104394330254,2017,46,29,63.0,0,0.0
43104394330320,2017,37,25,67.6,0,0.0
43694014330239,2017,422,28,6.6,16,3.8
43694014330759,2017,131,55,42.0,25,19.1
43694014330866,2017,361,65,18.0,18,5.0
43694014331955,2017,290,160,55.2,34,11.7
43694014336137,2017,329,94,28.6,31,9.4
43694014338505,2017,371,89,24.0,24,6.5
43694270107151,2017,33,29,87.9,33,100.0
43694270116889,2017,100,29,29.0,0,0.0
43694270123745,2017,89,44,49.4,0,0.0
43694270125427,2017,57,39,68.4,0,0.0
43694270125617,2017,65,61,93.8,28,43.1
43694270130856,2017,96,81,84.4,25,26.0
43694274330015,2017,465,372,80.0,122,26.2
43694274330023,2017,559,139,24.9,35,6.3
43694274330031,2017,772,455,58.9,136,17.6
43694274330312,2017,39,13,33.3,0,0.0
43694274330353,2017,40,21,52.5,0,0.0
43694274330361,2017,82,69,84.1,26,31.7
43694274330668,2017,120,63,52.5,28,23.3
43694274330692,2017,728,137,18.8,27,3.7
43694274332318,2017,119,87,73.1,28,23.5
43694274332995,2017,463,311,67.2,115,24.8
43694274333639,2017,243,204,84.0,47,19.3
43694274334900,2017,343,261,76.1,79,23.0
43694274335204,2017,450,259,57.6,100,22.2
43694274335428,2017,376,337,89.6,95,25.3
43694274335907,2017,547,167,30.5,18,3.3
43694274337903,2017,634,254,40.1,62,9.8
43694684331799,2017,562,51,9.1,39,6.9
43694684332474,2017,501,190,37.9,84,16.8
43694684333316,2017,610,100,16.4,43,7.0
43694684334421,2017,457,22,4.8,17,3.7
43694684334462,2017,601,18,3.0,16,2.7
43694840114496,2017,60,21,35.0,0,0.0
43694840118380,2017,418,155,37.1,19,4.5
43694844332839,2017,319,188,58.9,29,9.1
43694844334850,2017,114,79,69.3,0,0.0
43695344334371,2017,470,16,3.4,0,0.0
43695344337762,2017,324,0,0.0,0,0.0
43695830102368,2017,377,110,29.2,0,0.0
43695834333951,2017,245,97,39.6,11,4.5
43695834334488,2017,70,46,65.7,0,0.0
43696094334116,2017,539,121,22.4,24,4.5
43696094334728,2017,456,66,14.5,28,6.1
43696094334736,2017,44,25,56.8,0,0.0
43696414332904,2017,480,43,9.0,0,0.0
43696414335782,2017,481,0,0.0,0,0.0
43696664330080,2017,292,189,64.7,42,14.4
43696664330502,2017,111,80,72.1,23,20.7
43696664330585,2017,81,70,86.4,28,34.6
43696664330593,2017,22,0,0.0,0,0.0
43696664332110,2017,71,54,76.1,16,22.5
43696664333522,2017,467,39,8.4,0,0.0
43696664333795,2017,455,279,61.3,70,15.4
43696664335949,2017,389,118,30.3,17,4.4
43696664337200,2017,268,231,86.2,75,28.0
43696664338950,2017,387,158,40.8,33,8.5
43696744330122,2017,497,195,39.2,32,6.4
43696744330247,2017,27,20,74.1,0,0.0
43696744338406,2017,67,43,64.2,0,0.0
43696744338802,2017,476,218,45.8,58,12.2
43733874331039,2017,49,31,63.3,0,0.0
43733874334470,2017,833,280,33.6,99,11.9
44104474430146,2017,28,18,64.3,0,0.0
44104474430252,2017,82,0,0.0,0,0.0
44104474430278,2017,281,121,43.1,47,16.7
44697650100305,2017,46,14,30.4,0,0.0
44697990105858,2017,288,247,85.8,76,26.4
44697990117804,2017,67,51,76.1,0,0.0
44697994430229,2017,33,21,63.6,0,0.0
44697994430518,2017,338,85,25.1,20,5.9
44697994437794,2017,97,44,45.4,51,52.6
44697994437901,2017,435,328,75.4,130,29.9
44698070110007,2017,87,23,26.4,0,0.0
44698074430179,2017,16,0,0.0,0,0.0
44698074436754,2017,180,32,17.8,0,0.0
44698234430187,2017,58,27,46.6,0,0.0
44698234432340,2017,234,127,54.3,45,19.2
44698234436960,2017,36,26,72.2,0,0.0
44698234437109,2017,234,59,25.2,0,0.0
44698234437406,2017,223,80,35.9,12,5.4
44754324430211,2017,178,18,10.1,0,0.0
45698564530028,2017,194,74,38.1,0,0.0
45698564530051,2017,41,0,0.0,0,0.0
45698564530333,2017,42,24,57.1,0,0.0
45698564530762,2017,42,36,85.7,0,0.0
45698564530804,2017,128,76,59.4,0,0.0
45699894531000,2017,32,17,53.1,0,0.0
45699894533600,2017,34,13,38.2,0,0.0
45701104530341,2017,16,0,0.0,0,0.0
45701360106013,2017,110,13,11.8,0,0.0
45701360114132,2017,18,0,0.0,0,0.0
45701360114231,2017,14,0,0.0,0,0.0
45701360114249,2017,20,15,75.0,0,0.0
45701364530044,2017,266,63,23.7,0,0.0
45701364530200,2017,69,52,75.4,0,0.0
45701364530267,2017,75,26,34.7,0,0.0
45701364530309,2017,43,24,55.8,0,0.0
45701364532750,2017,227,96,42.3,0,0.0
45701364537304,2017,295,87,29.5,0,0.0
45701690129957,2017,17,0,0.0,0,0.0
45752670120170,2017,53,34,64.2,0,0.0
45752674530077,2017,30,26,86.7,0,0.0
45752674530101,2017,27,20,74.1,0,0.0
45752674531901,2017,123,77,62.6,0,0.0
46701774634259,2017,22,0,0.0,0,0.0
47104700117168,2017,37,18,48.6,0,0.0
47702504732707,2017,18,12,66.7,0,0.0
47704664734356,2017,13,0,0.0,0,0.0
47704664735403,2017,80,26,32.5,0,0.0
47704664738753,2017,32,17,53.1,0,0.0
47705164730024,2017,17,0,0.0,0,0.0
47705164739207,2017,125,58,46.4,0,0.0
47736844731253,2017,21,16,76.2,0,0.0
47764554733309,2017,50,23,46.0,0,0.0
48104884830071,2017,16,12,75.0,0,0.0
48104886089668,2017,16,0,0.0,0,0.0
48705244830048,2017,30,16,53.3,0,0.0
48705244831004,2017,388,69,17.8,0,0.0
48705324830055,2017,42,30,71.4,0,0.0
48705324832259,2017,253,103,40.7,13,5.1
48705400125310,2017,51,31,60.8,0,0.0
48705404830170,2017,466,140,30.0,0,0.0
48705404830451,2017,558,324,58.1,43,7.7
48705404833000,2017,311,210,67.5,17,5.5
48705404836003,2017,167,81,48.5,14,8.4
48705654830022,2017,41,13,31.7,0,0.0
48705654838801,2017,411,82,20.0,14,3.4
48705730135095,2017,74,31,41.9,0,0.0
48705734830089,2017,357,130,36.4,0,0.0
48705734830113,2017,103,20,19.4,0,0.0
48705734833869,2017,60,40,66.7,0,0.0
48705734837803,2017,434,154,35.5,21,4.8
48705814830147,2017,391,201,51.4,19,4.9
48705814830196,2017,90,26,28.9,0,0.0
48705814838058,2017,89,62,69.7,0,0.0
48705814838504,2017,419,301,71.8,65,15.5
49104964930079,2017,29,0,0.0,0,0.0
49104964930343,2017,24,0,0.0,0,0.0
49706074930327,2017,42,27,64.3,0,0.0
49706074930400,2017,260,42,16.2,0,0.0
49706074931507,2017,146,54,37.0,0,0.0
49706564930855,2017,97,47,48.5,17,17.5
49707060129981,2017,19,0,0.0,0,0.0
49707306120588,2017,54,30,55.6,0,0.0
49707970107284,2017,81,26,32.1,0,0.0
49707970134296,2017,27,0,0.0,0,0.0
49708390120584,2017,83,43,51.8,0,0.0
49708624930012,2017,363,141,38.8,30,8.3
49708624930103,2017,14,0,0.0,0,0.0
49708624930236,2017,18,0,0.0,0,0.0
49708624935151,2017,331,95,28.7,0,0.0
49708624935862,2017,35,30,85.7,0,0.0
49708700106344,2017,19,0,0.0,0,0.0
49709040101923,2017,158,139,88.0,15,9.5
49709204930160,2017,279,220,78.9,76,27.2
49709204930244,2017,378,70,18.5,14,3.7
49709204934154,2017,368,141,38.3,53,14.4
49709204935292,2017,297,174,58.6,71,23.9
49709204935607,2017,123,92,74.8,25,20.3
49709204936803,2017,487,161,33.1,47,9.7
49709534930152,2017,24,0,0.0,0,0.0
49709534937256,2017,322,195,60.6,17,5.3
49709614930319,2017,27,0,0.0,0,0.0
49738820123786,2017,38,0,0.0,0,0.0
49738824930384,2017,82,12,14.6,0,0.0
49738824935482,2017,354,125,35.3,29,8.2
49753584930228,2017,402,132,32.8,23,5.7
49753584930269,2017,31,16,51.6,0,0.0
49753904932554,2017,142,68,47.9,12,8.5
50105045030069,2017,28,0,0.0,0,0.0
50105045030085,2017,41,32,78.0,0,0.0
50105045030234,2017,38,13,34.2,0,0.0
50710430107136,2017,35,0,0.0,0,0.0
50710430108076,2017,389,339,87.1,26,6.7
50710435030168,2017,75,60,80.0,0,0.0
50710435030200,2017,101,76,75.2,12,11.9
50710435030879,2017,413,338,81.8,32,7.7
50710685030267,2017,92,55,59.8,0,0.0
50710685031521,2017,71,38,53.5,0,0.0
50710926112965,2017,19,0,0.0,0,0.0
50711346113286,2017,22,0,0.0,0,0.0
50711750110593,2017,564,249,44.1,16,2.8
50711750120212,2017,27,18,66.7,0,0.0
50711750121129,2017,577,255,44.2,18,3.1
50711755030010,2017,373,182,48.8,12,3.2
50711755030135,2017,412,325,78.9,32,7.8
50711755031380,2017,415,327,78.8,79,19.0
50711755031802,2017,448,288,64.3,30,6.7
50711755034905,2017,550,429,78.0,47,8.5
50711755034913,2017,256,199,77.7,36,14.1
50712170133124,2017,33,27,81.8,0,0.0
50712175030127,2017,47,37,78.7,19,40.4
50712175036256,2017,430,306,71.2,85,19.8
50736015035902,2017,195,130,66.7,42,21.5
50755495032651,2017,147,64,43.5,0,0.0
50755560112573,2017,34,28,82.4,14,41.2
50755565036850,2017,174,135,77.6,61,35.1
50755645030176,2017,23,0,0.0,0,0.0
50755645030192,2017,12,0,0.0,0,0.0
50755645031950,2017,44,26,59.1,0,0.0
50755645035654,2017,348,119,34.2,11,3.2
50755720117689,2017,18,11,61.1,0,0.0
50755725030259,2017,117,79,67.5,14,12.0
50755725030317,2017,178,67,37.6,0,0.0
50757390124669,2017,31,15,48.4,0,0.0
50757390131185,2017,45,37,82.2,0,0.0
50757395030283,2017,463,221,47.7,45,9.7
50757395036884,2017,97,85,87.6,36,37.1
50757395037700,2017,551,322,58.4,69,12.5
51105120114207,2017,21,16,76.2,0,0.0
51713735132758,2017,79,26,32.9,0,0.0
51713995135256,2017,126,99,78.6,0,0.0
51714070109793,2017,129,60,46.5,0,0.0
51714150129007,2017,83,35,42.2,0,0.0
51714150132761,2017,27,0,0.0,0,0.0
51714495137500,2017,176,47,26.7,0,0.0
51714560133934,2017,26,0,0.0,0,0.0
51714640107722,2017,417,269,64.5,32,7.7
51714645130018,2017,71,59,83.1,0,0.0
51714645130075,2017,30,18,60.0,0,0.0
51714645130125,2017,19,13,68.4,0,0.0
51714645139001,2017,391,245,62.7,23,5.9
52105206119671,2017,26,14,53.8,0,0.0
52715065231675,2017,12,0,0.0,0,0.0
52715065231709,2017,224,115,51.3,37,16.5
52715715235106,2017,46,27,58.7,0,0.0
52716395237151,2017,48,44,91.7,0,0.0
52716395237201,2017,349,204,58.5,0,0.0
53105380125633,2017,34,28,82.4,0,0.0
53750285337407,2017,14,12,85.7,0,0.0
53765135337456,2017,93,50,53.8,0,0.0
54105460119602,2017,61,22,36.1,0,0.0
54105465430061,2017,35,27,77.1,0,0.0
54105465430327,2017,46,41,89.1,0,0.0
54105465430343,2017,29,26,89.7,0,0.0
54718030112458,2017,58,34,58.6,0,0.0
54718035430301,2017,26,25,96.2,0,0.0
54718370109009,2017,67,48,71.6,12,17.9
54718370122705,2017,18,17,94.4,0,0.0
54718605430806,2017,27,25,92.6,14,51.9
54718605433230,2017,280,268,95.7,67,23.9
54719935430194,2017,51,48,94.1,28,54.9
54719935432414,2017,231,202,87.4,75,32.5
54721400123273,2017,151,135,89.4,14,9.3
54722490116368,2017,324,219,67.6,51,15.7
54722490130708,2017,57,53,93.0,12,21.1
54722490133793,2017,84,78,92.9,31,36.9
54722495430145,2017,25,24,96.0,0,0.0
54722495435409,2017,352,246,69.9,48,13.6
54722495435466,2017,502,364,72.5,87,17.3
54722560109751,2017,217,144,66.4,19,8.8
54722560120659,2017,66,35,53.0,0,0.0
54722565430046,2017,381,245,64.3,35,9.2
54722565430269,2017,20,15,75.0,0,0.0
54722565430368,2017,453,256,56.5,17,3.8
54722565432828,2017,324,183,56.5,29,9.0
54722565434527,2017,505,228,45.1,18,3.6
54722565435839,2017,149,123,82.6,26,17.4
54753255430210,2017,181,156,86.2,38,21.0
54755230114348,2017,161,132,82.0,0,0.0
54755230116590,2017,138,77,55.8,0,0.0
54755235430251,2017,321,298,92.8,42,13.1
54755235430350,2017,30,27,90.0,12,40.0
54755235430624,2017,83,69,83.1,19,22.9
54755235432786,2017,462,316,68.4,60,13.0
54755235434113,2017,451,346,76.7,97,21.5
54755235434931,2017,69,60,87.0,17,24.6
54755310102186,2017,68,55,80.9,21,30.9
54755315431119,2017,32,20,62.5,0,0.0
54755315431184,2017,423,327,77.3,52,12.3
54767945436282,2017,137,112,81.8,21,15.3
54768365431598,2017,224,112,50.0,27,12.1
54768365431614,2017,27,20,74.1,0,0.0
55723630100099,2017,19,0,0.0,0,0.0
55723895530019,2017,24,17,70.8,0,0.0
55723895530043,2017,21,0,0.0,0,0.0
55723895536503,2017,205,69,33.7,0,0.0
55724130112276,2017,69,33,47.8,0,0.0
55724135530191,2017,57,15,26.3,0,0.0
55724135536750,2017,121,47,38.8,0,0.0
56105610109900,2017,284,220,77.5,29,10.2
56105610122713,2017,24,0,0.0,0,0.0
56105615630223,2017,45,26,57.8,0,0.0
56105615630397,2017,28,25,89.3,0,0.0
56724545630173,2017,28,21,75.0,0,0.0
56724545632021,2017,222,152,68.5,17,7.7
56724705630363,2017,34,0,0.0,0,0.0
56725040127043,2017,15,0,0.0,0,0.0
56725205631817,2017,26,13,50.0,0,0.0
56725205634076,2017,157,63,40.1,0,0.0
56725460120634,2017,32,12,37.5,0,0.0
56725460125674,2017,129,93,72.1,31,24.0
56725460131698,2017,137,25,18.2,0,0.0
56725465630066,2017,152,137,90.1,52,34.2
56725465630389,2017,787,631,80.2,64,8.1
56725465631619,2017,552,152,27.5,34,6.2
56725465631742,2017,568,466,82.0,167,29.4
56725465632849,2017,490,429,87.6,69,14.1
56725465634548,2017,598,373,62.4,28,4.7
56725465634761,2017,528,323,61.2,71,13.4
56726035630249,2017,78,0,0.0,0,0.0
56726035630322,2017,311,62,19.9,0,0.0
56726035634993,2017,105,63,60.0,0,0.0
56726035635008,2017,460,146,31.7,0,0.0
56726035636188,2017,478,114,23.8,12,2.5
56726525630272,2017,84,65,77.4,0,0.0
56726525630298,2017,83,26,31.3,0,0.0
56726525630348,2017,256,61,23.8,0,0.0
56726525630793,2017,456,237,52.0,37,8.1
56726525637822,2017,537,302,56.2,59,11.0
56737595630108,2017,62,43,69.4,0,0.0
56737595630116,2017,526,77,14.6,0,0.0
56737595633748,2017,625,106,17.0,16,2.6
56737595637004,2017,605,128,21.2,15,2.5
56738745630132,2017,376,18,4.8,0,0.0
56738745630199,2017,18,0,0.0,0,0.0
56738745630256,2017,28,0,0.0,0,0.0
56739400121426,2017,24,0,0.0,0,0.0
56739405630215,2017,13,0,0.0,0,0.0
56739405630371,2017,31,0,0.0,0,0.0
56739405633250,2017,466,122,26.2,15,3.2
56768285635776,2017,343,265,77.3,50,14.6
56768285636170,2017,55,53,96.4,12,21.8
57726780119578,2017,93,0,0.0,0,0.0
57726785730098,2017,32,0,0.0,0,0.0
57726785732201,2017,580,102,17.6,25,4.3
57726785732219,2017,27,13,48.1,0,0.0
57726865732904,2017,77,49,63.6,0,0.0
57726945735154,2017,511,334,65.4,33,6.5
57726945739552,2017,58,52,89.7,15,25.9
57727025738505,2017,102,57,55.9,13,12.7
57727100101162,2017,350,195,55.7,28,8.0
57727105738802,2017,295,190,64.4,17,5.8
57727105738810,2017,89,78,87.6,21,23.6
58105875830047,2017,15,14,93.3,0,0.0
58105875830112,2017,78,66,84.6,0,0.0
58727286115935,2017,31,13,41.9,0,0.0
58727365830013,2017,234,197,84.2,52,22.2
58727365830096,2017,57,48,84.2,0,0.0
58727365830138,2017,47,26,55.3,0,0.0
58727365835202,2017,183,120,65.6,18,9.8
58727365872736,2017,89,64,71.9,0,0.0
58727695838305,2017,149,57,38.3,0,0.0
01100170112607,2018,98,79,80.6,0,0.0
01100170130401,2018,42,0,0.0,0,0.0
01100170130419,2018,69,54,78.3,0,0.0
01316170131763,2018,39,38,97.4,0,0.0
01611190106401,2018,44,15,34.1,0,0.0
01611190119222,2018,21,0,0.0,0,0.0
01611190130229,2018,417,113,27.1,42,10.1
01611190130609,2018,36,0,0.0,0,0.0
01611190130625,2018,47,47,100.0,0,0.0
01611190132142,2018,237,95,40.1,31,13.1
01611190134304,2018,53,33,62.3,0,0.0
01611270130450,2018,286,56,19.6,25,8.7
01611430122697,2018,74,55,74.3,13,17.6
01611430131177,2018,707,219,31.0,37,5.2
01611500132225,2018,658,155,23.6,29,4.4
01611500135533,2018,65,32,49.2,0,0.0
01611680132746,2018,43,32,74.4,0,0.0
01611760130062,2018,539,109,20.2,28,5.2
01611760130138,2018,85,48,56.5,0,0.0
01611760130435,2018,26,11,42.3,0,0.0
01611760130534,2018,56,23,41.1,0,0.0
01611760134270,2018,508,82,16.1,30,5.9
01611760134452,2018,286,112,39.2,34,11.9
01611760135244,2018,485,28,5.8,0,0.0
01611760138693,2018,444,145,32.7,30,6.8
01611920108670,2018,144,104,72.2,14,9.7
01611920113902,2018,106,73,68.9,0,0.0
01611920127944,2018,44,17,38.6,0,0.0
01611920133009,2018,61,34,55.7,0,0.0
01611920133629,2018,370,240,64.9,13,3.5
01611920135319,2018,477,286,60.0,25,5.2
01611920138339,2018,357,252,70.6,138,38.7
01612000130393,2018,53,16,30.2,0,0.0
01612000132670,2018,60,38,63.3,13,21.7
01612000133397,2018,542,101,18.6,19,3.5
01612000134536,2018,425,111,26.1,26,6.1
01612340130054,2018,411,187,45.5,50,12.2
01612340135426,2018,32,23,71.9,0,0.0
01612420110460,2018,63,38,60.3,0,0.0
01612420126763,2018,37,26,70.3,0,0.0
01612420134668,2018,839,414,49.3,91,10.8
01612590100065,2018,84,76,90.5,0,0.0
01612590100701,2018,43,35,81.4,0,0.0
01612590106906,2018,40,34,85.0,0,0.0
01612590108944,2018,72,62,86.1,0,0.0
01612590110189,2018,82,69,84.1,0,0.0
01612590111856,2018,65,31,47.7,0,0.0
01612590112797,2018,63,61,96.8,17,27.0
01612590114868,2018,113,101,89.4,0,0.0
01612590115238,2018,65,60,92.3,0,0.0
01612590115667,2018,101,100,99.0,98,97.0
01612590118224,2018,69,58,84.1,14,20.3
01612590118653,2018,50,0,0.0,0,0.0
01612590125161,2018,195,188,96.4,92,47.2
01612590125716,2018,160,151,94.4,88,55.0
01612590126748,2018,109,106,97.2,26,23.9
01612590130146,2018,107,93,86.9,58,54.2
01612590130179,2018,33,28,84.8,0,0.0
01612590130575,2018,67,60,89.6,0,0.0
01612590130617,2018,83,68,81.9,0,0.0
01612590130666,2018,55,49,89.1,0,0.0
01612590132555,2018,11,0,0.0,0,0.0
01612590132688,2018,62,54,87.1,0,0.0
01612590135905,2018,342,302,88.3,75,21.9
01612590136051,2018,498,223,44.8,25,5.0
01612590137943,2018,412,317,76.9,51,12.4
01612593030772,2018,112,0,0.0,0,0.0
01612596066450,2018,106,101,95.3,27,25.5
01612596114011,2018,59,46,78.0,0,0.0
01612750130286,2018,23,0,0.0,0,0.0
01612750136515,2018,207,0,0.0,0,0.0
01612910134528,2018,90,65,72.2,23,25.6
01612910137588,2018,621,368,59.3,112,18.0
01613090111799,2018,46,33,71.7,0,0.0
01613090114421,2018,143,36,25.2,0,0.0
01613090130849,2018,447,238,53.2,15,3.4
01613090137745,2018,67,51,76.1,0,0.0
01613090137810,2018,338,246,72.8,56,16.6
01750930132704,2018,644,69,10.7,15,2.3
01750930138453,2018,31,0,0.0,0,0.0
01751010130096,2018,499,46,9.2,16,3.2
01751010130252,2018,39,11,28.2,0,0.0
01751010130583,2018,647,53,8.2,29,4.5
01751010175101,2018,30,0,0.0,0,0.0
03739810330019,2018,21,16,76.2,0,0.0
03739810330753,2018,161,75,46.6,0,0.0
03739810334755,2018,89,31,34.8,0,0.0
04100410114991,2018,106,58,54.7,0,0.0
04100410430090,2018,40,29,72.5,0,0.0
04614080430827,2018,57,29,50.9,0,0.0
04614240120394,2018,97,36,37.1,0,0.0
04614240430199,2018,24,17,70.8,0,0.0
04614240431502,2018,76,58,76.3,0,0.0
04614240431676,2018,438,180,41.1,14,3.2
04614240437558,2018,447,163,36.5,0,0.0
04614320433201,2018,64,26,40.6,0,0.0
04614400121509,2018,14,13,92.9,0,0.0
04614570125252,2018,32,19,59.4,0,0.0
04615150434803,2018,234,179,76.5,0,0.0
04615150435602,2018,195,154,79.0,0,0.0
04615150437566,2018,58,54,93.1,0,0.0
04615310121715,2018,17,0,0.0,0,0.0
04615310432856,2018,47,33,70.2,0,0.0
04615310437350,2018,226,114,50.4,0,0.0
04615316112585,2018,25,16,64.0,0,0.0
04755070433946,2018,17,13,76.5,0,0.0
04755070433953,2018,157,106,67.5,0,0.0
05100580530154,2018,43,17,39.5,0,0.0
05615560532507,2018,151,46,30.5,0,0.0
05615640531509,2018,193,89,46.1,0,0.0
06615980631259,2018,88,54,61.4,13,14.8
06616060634758,2018,24,20,83.3,0,0.0
06616140635250,2018,100,66,66.0,0,0.0
06616220637504,2018,80,72,90.0,16,20.0
07100740114470,2018,80,67,83.8,0,0.0
07100740120444,2018,55,52,94.5,0,0.0
07100740134114,2018,18,0,0.0,0,0.0
07100740730614,2018,46,26,56.5,0,0.0
07100740731380,2018,499,123,24.6,12,2.4
07616300107524,2018,20,0,0.0,0,0.0
07616300730283,2018,320,25,7.8,0,0.0
07616300731125,2018,347,15,4.3,0,0.0
07616300733725,2018,365,60,16.4,0,0.0
07616300734244,2018,312,20,6.4,0,0.0
07616480110494,2018,96,69,71.9,13,13.5
07616480117218,2018,147,70,47.6,0,0.0
07616480730101,2018,75,58,77.3,0,0.0
07616480730259,2018,84,48,57.1,0,0.0
07616480730465,2018,482,251,52.1,30,6.2
07616480730861,2018,464,305,65.7,59,12.7
07616630130930,2018,91,48,52.7,0,0.0
07616970737023,2018,104,57,54.8,14,13.5
07617210107797,2018,589,116,19.7,14,2.4
07617210730457,2018,672,272,40.5,38,5.7
07617210730572,2018,128,35,27.3,0,0.0
07617210733980,2018,569,181,31.8,33,5.8
07617210733998,2018,84,55,65.5,16,19.0
07617390730440,2018,34,17,50.0,0,0.0
07617390730473,2018,17,0,0.0,0,0.0
07617390730549,2018,278,54,19.4,12,4.3
07617540730044,2018,369,35,9.5,0,0.0
07617540730317,2018,61,0,0.0,0,0.0
07617540730358,2018,35,0,0.0,0,0.0
07617540730424,2018,54,31,57.4,23,42.6
07617540731646,2018,446,93,20.9,19,4.3
07617540731836,2018,358,169,47.2,42,11.7
07617540734566,2018,255,201,78.8,79,31.0
07617540734764,2018,133,101,75.9,48,36.1
07617540737809,2018,274,187,68.2,61,22.3
07617880730184,2018,88,76,86.4,39,44.3
07617880735407,2018,741,561,75.7,116,15.7
07617960101477,2018,149,141,94.6,22,14.8
07617960132100,2018,51,35,68.6,0,0.0
07617960132233,2018,81,74,91.4,0,0.0
07617960730291,2018,74,28,37.8,0,0.0
07617960730325,2018,46,26,56.5,0,0.0
07617960730598,2018,221,103,46.6,19,8.6
07617960732164,2018,316,218,69.0,40,12.7
07617960732941,2018,329,160,48.6,37,11.2
07617960733253,2018,158,80,50.6,64,40.5
07617960733659,2018,206,194,94.2,71,34.5
07617960735316,2018,288,195,67.7,42,14.6
07617960735902,2018,387,349,90.2,121,31.3
07618040113118,2018,747,67,9.0,20,2.7
07618040730051,2018,660,54,8.2,0,0.0
07618040730218,2018,37,0,0.0,0,0.0
07618040734368,2018,601,35,5.8,0,0.0
07618040736504,2018,495,35,7.1,0,0.0
07618040736819,2018,35,0,0.0,0,0.0
08100820830042,2018,12,12,100.0,0,0.0
08100820830059,2018,47,31,66.0,0,0.0
08618200833004,2018,174,99,56.9,0,0.0
08618200836205,2018,40,33,82.5,0,0.0
09100900930123,2018,113,43,38.1,0,0.0
09100900930131,2018,50,43,86.0,0,0.0
09618380136200,2018,27,13,48.1,0,0.0
09618530930081,2018,592,49,8.3,0,0.0
09618530930164,2018,258,78,30.2,0,0.0
09618530930214,2018,35,0,0.0,0,0.0
09618530932756,2018,220,92,41.8,0,0.0
09618530934554,2018,55,37,67.3,0,0.0
09618530936302,2018,421,82,19.5,0,0.0
09619030930040,2018,23,20,87.0,0,0.0
09619030937805,2018,242,142,58.7,20,8.3
09737830930073,2018,67,24,35.8,0,0.0
10101080109991,2018,395,348,88.1,36,9.1
10101080119628,2018,21,15,71.4,0,0.0
10101081030337,2018,86,84,97.7,0,0.0
10101081030899,2018,30,30,100.0,0,0.0
10621170110270,2018,11,0,0.0,0,0.0
10621170113555,2018,572,96,16.8,0,0.0
10621170118018,2018,138,48,34.8,0,0.0
10621171030196,2018,476,172,36.1,0,0.0
10621171030469,2018,28,17,60.7,0,0.0
10621171030501,2018,638,142,22.3,0,0.0
10621171030683,2018,576,264,45.8,24,4.2
10621171031004,2018,80,62,77.5,0,0.0
10621171031053,2018,607,228,37.6,0,0.0
10621251030113,2018,29,22,75.9,11,37.9
10621251031376,2018,235,179,76.2,37,15.7
10621581032150,2018,200,140,70.0,29,14.5
10621660108555,2018,63,50,79.4,0,0.0
10621660114355,2018,74,52,70.3,0,0.0
10621660114553,2018,120,0,0.0,0,0.0
10621660132134,2018,91,71,78.0,0,0.0
10621661030279,2018,515,325,63.1,36,7.0
10621661030287,2018,145,128,88.3,27,18.6
10621661030295,2018,223,198,88.8,20,9.0
10621661030584,2018,246,235,95.5,62,25.2
10621661030642,2018,51,46,90.2,0,0.0
10621661030675,2018,595,534,89.7,92,15.5
10621661030840,2018,78,72,92.3,12,15.4
10621661031632,2018,118,111,94.1,0,0.0
10621661031897,2018,565,437,77.3,46,8.1
10621661032507,2018,465,405,87.1,56,12.0
10621661032911,2018,367,312,85.0,29,7.9
10621661034214,2018,355,331,93.2,77,21.7
10621661035831,2018,458,424,92.6,107,23.4
10622570124727,2018,25,20,80.0,0,0.0
10622571033695,2018,248,106,42.7,14,5.6
10622571033729,2018,17,12,70.6,0,0.0
10622650108092,2018,136,124,91.2,14,10.3
10622650116640,2018,21,13,61.9,0,0.0
10622650126292,2018,34,25,73.5,0,0.0
10622651030378,2018,48,42,87.5,0,0.0
10622651033703,2018,51,49,96.1,0,0.0
10622651035310,2018,364,218,59.9,20,5.5
10622811033950,2018,53,45,84.9,0,0.0
10623310127175,2018,35,16,45.7,0,0.0
10623640126870,2018,43,42,97.7,20,46.5
10623641034990,2018,191,187,97.9,67,35.1
10623800136499,2018,51,50,98.0,0,0.0
10624141030451,2018,33,31,93.9,0,0.0
10624141030766,2018,49,23,46.9,0,0.0
10624141036086,2018,44,40,90.9,0,0.0
10624141036094,2018,705,554,78.6,28,4.0
10624301030758,2018,42,36,85.7,0,0.0
10624301036607,2018,37,32,86.5,12,32.4
10624301036672,2018,413,325,78.7,31,7.5
10625396112387,2018,67,53,79.1,15,22.4
10625470135103,2018,25,11,44.0,0,0.0
10625470136523,2018,204,174,85.3,18,8.8
10738091030121,2018,164,145,88.4,40,24.4
10739651030386,2018,67,49,73.1,0,0.0
10739651030626,2018,898,561,62.5,46,5.1
10739651035112,2018,58,47,81.0,0,0.0
10739991033422,2018,24,21,87.5,13,54.2
10739991033430,2018,376,279,74.2,41,10.9
10751271030493,2018,220,217,98.6,87,39.5
10752341037456,2018,125,122,97.6,36,28.8
10752751030139,2018,14,0,0.0,0,0.0
10752751036938,2018,85,39,45.9,0,0.0
10754081035575,2018,122,107,87.7,17,13.9
10755981030535,2018,138,121,87.7,0,0.0
10767780122473,2018,38,36,94.7,0,0.0
10767781030774,2018,61,59,96.7,18,29.5
10767781038306,2018,241,219,90.9,52,21.6
11101161130103,2018,16,0,0.0,0,0.0
11626461136209,2018,16,13,81.2,0,0.0
11626611132851,2018,115,67,58.3,0,0.0
11754811135656,2018,169,115,68.0,14,8.3
11765621133701,2018,87,57,65.5,0,0.0
12101240106153,2018,36,29,80.6,0,0.0
12101240106161,2018,23,20,87.0,0,0.0
12101240134163,2018,28,0,0.0,0,0.0
12626870107110,2018,19,0,0.0,0,0.0
12626870124263,2018,11,0,0.0,0,0.0
12626871230044,2018,27,18,66.7,0,0.0
12626871230051,2018,25,20,80.0,0,0.0
12626871230705,2018,212,69,32.5,0,0.0
12626871235209,2018,131,53,40.5,0,0.0
12628100108688,2018,48,27,56.2,0,0.0
12628101233352,2018,34,23,67.6,0,0.0
12628101233402,2018,196,96,49.0,11,5.6
12629011234004,2018,51,26,51.0,0,0.0
12630320111203,2018,39,20,51.3,0,0.0
12630401237007,2018,46,21,45.7,0,0.0
12753741232909,2018,33,18,54.5,0,0.0
12753821230135,2018,56,41,73.2,0,0.0
12755151230150,2018,21,16,76.2,0,0.0
12755151232057,2018,35,26,74.3,0,0.0
12755151232206,2018,263,123,46.8,26,9.9
12755151275515,2018,21,0,0.0,0,0.0
13101320131094,2018,49,46,93.9,0,0.0
13630811331354,2018,86,70,81.4,21,24.4
13630811331404,2018,375,260,69.3,46,12.3
13630991332154,2018,144,126,87.5,113,78.5
13630991332204,2018,806,672,83.4,402,49.9
13631071332501,2018,96,76,79.2,22,22.9
13631151330133,2018,522,374,71.6,103,19.7
13631151333004,2018,415,301,72.5,80,19.3
13631151333558,2018,36,33,91.7,19,52.8
13631491335306,2018,138,93,67.4,24,17.4
13631641331115,2018,14,0,0.0,0,0.0
13631641335900,2018,272,127,46.7,16,5.9
13632141337609,2018,37,36,97.3,16,43.2
14101400117994,2018,373,338,90.6,0,0.0
14101400128454,2018,61,56,91.8,0,0.0
14632891434901,2018,16,0,0.0,0,0.0
14766871431600,2018,139,65,46.8,0,0.0
15101570119669,2018,128,113,88.3,11,8.6
15101571530302,2018,94,70,74.5,0,0.0
15101571530310,2018,266,218,82.0,53,19.9
15101571530492,2018,90,38,42.2,0,0.0
15634120100529,2018,303,274,90.4,55,18.2
15634120116384,2018,295,285,96.6,46,15.6
15634121531656,2018,59,54,91.5,31,52.5
15634121531672,2018,328,309,94.2,56,17.1
15635290100198,2018,549,469,85.4,44,8.0
15635290110999,2018,570,140,24.6,0,0.0
15635290116392,2018,499,284,56.9,0,0.0
15635290116400,2018,538,505,93.9,43,8.0
15635290125062,2018,137,113,82.5,0,0.0
15635291530021,2018,56,55,98.2,0,0.0
15635291530047,2018,73,67,91.8,24,32.9
15635291530112,2018,156,99,63.5,0,0.0
15635291530252,2018,590,552,93.6,90,15.3
15635291530344,2018,536,180,33.6,0,0.0
15635291530369,2018,445,121,27.2,0,0.0
15635291530385,2018,642,446,69.5,47,7.3
15635291530435,2018,265,214,80.8,20,7.5
15635291530476,2018,522,144,27.6,0,0.0
15635291530708,2018,666,452,67.9,26,3.9
15635291532290,2018,509,419,82.3,37,7.3
15635291532605,2018,458,407,88.9,28,6.1
15635291533330,2018,462,304,65.8,23,5.0
15635291533538,2018,106,68,64.2,0,0.0
15635291534775,2018,376,294,78.2,0,0.0
15635291535087,2018,373,314,84.2,43,11.5
15635291535392,2018,482,448,92.9,43,8.9
15635291536325,2018,138,116,84.1,15,10.9
15635291536606,2018,496,436,87.9,19,3.8
15636280127183,2018,105,65,61.9,0,0.0
15636280127209,2018,150,96,64.0,0,0.0
15636280134312,2018,118,67,56.8,0,0.0
15636281533843,2018,20,18,90.0,0,0.0
15636770114512,2018,106,84,79.2,0,0.0
15636770136259,2018,39,30,76.9,0,0.0
15636851530997,2018,43,33,76.7,0,0.0
15636851531987,2018,92,13,14.1,0,0.0
15637761530039,2018,18,12,66.7,0,0.0
15637761534957,2018,179,121,67.6,0,0.0
15638181530138,2018,32,30,93.8,0,0.0
15638181535905,2018,201,140,69.7,15,7.5
15638261530245,2018,13,0,0.0,0,0.0
15638261536135,2018,268,99,36.9,0,0.0
15638591530351,2018,42,37,88.1,11,26.2
15638591536440,2018,406,333,82.0,59,14.5
15737421530054,2018,45,33,73.3,0,0.0
15737421531367,2018,334,172,51.5,16,4.8
15739081534155,2018,206,190,92.2,28,13.6
15751681530401,2018,53,34,64.2,0,0.0
16638750101717,2018,46,31,67.4,0,0.0
16638750112698,2018,36,18,50.0,0,0.0
16638911632140,2018,21,20,95.2,0,0.0
16638911632207,2018,196,156,79.6,18,9.2
16639250118919,2018,189,106,56.1,0,0.0
16639251630169,2018,320,217,67.8,20,6.2
16639251634245,2018,49,40,81.6,0,0.0
16639251634401,2018,340,224,65.9,26,7.6
16639580136556,2018,244,210,86.1,39,16.0
16639820110205,2018,61,16,26.2,0,0.0
16639821630011,2018,44,39,88.6,0,0.0
16639821635606,2018,416,218,52.4,20,4.8
16739321630078,2018,14,13,92.9,0,0.0
16739321630953,2018,142,127,89.4,21,14.8
17640141734359,2018,115,68,59.1,0,0.0
17640220132571,2018,25,17,68.0,0,0.0
17640221730027,2018,47,42,89.4,0,0.0
17640221735000,2018,121,92,76.0,21,17.4
17640301732304,2018,80,43,53.8,0,0.0
17640550129601,2018,23,0,0.0,0,0.0
17640551736008,2018,112,67,59.8,0,0.0
17769761737006,2018,79,67,84.8,0,0.0
18640891831601,2018,20,13,65.0,0,0.0
18641391833805,2018,185,68,36.8,0,0.0
18641620135756,2018,24,17,70.8,0,0.0
18641626010763,2018,13,13,100.0,0,0.0
18750360121657,2018,11,0,0.0,0,0.0
19101990109942,2018,47,32,68.1,0,0.0
19101990112128,2018,129,125,96.9,0,0.0
19101990115030,2018,45,37,82.2,0,0.0
19101990115212,2018,42,38,90.5,0,0.0
19101990121822,2018,54,41,75.9,0,0.0
19101990121871,2018,56,46,82.1,0,0.0
19101990121897,2018,68,56,82.4,14,20.6
19101990121905,2018,15,13,86.7,0,0.0
19101990121921,2018,19,0,0.0,0,0.0
19101990121939,2018,15,13,86.7,0,0.0
19101990122036,2018,12,0,0.0,0,0.0
19101990127522,2018,45,36,80.0,0,0.0
19101991933399,2018,128,0,0.0,0,0.0
19101991995232,2018,29,0,0.0,0,0.0
19101991995869,2018,133,53,39.8,0,0.0
19101991996008,2018,146,127,87.0,19,13.0
19101991996214,2018,70,46,65.7,0,0.0
19101996119945,2018,72,67,93.1,0,0.0
19642121930056,2018,504,157,31.2,18,3.6
19642121930361,2018,302,238,78.8,38,12.6
19642121931641,2018,109,81,74.3,23,21.1
19642121931880,2018,166,42,25.3,0,0.0
19642121933159,2018,424,245,57.8,42,9.9
19642460100081,2018,590,491,83.2,65,11.0
19642460108407,2018,490,409,83.5,38,7.8
19642460111872,2018,87,57,65.5,0,0.0
19642460126003,2018,25,0,0.0,0,0.0
19642461930213,2018,367,318,86.6,52,14.2
19642461931732,2018,386,306,79.3,51,13.2
19642461936624,2018,537,470,87.5,71,13.2
19642461937051,2018,697,275,39.5,14,2.0
19642461995398,2018,593,368,62.1,47,7.9
19642461995406,2018,299,258,86.3,47,15.7
19642461995844,2018,522,339,64.9,24,4.6
19642461995968,2018,19,17,89.5,0,0.0
19642461996537,2018,295,231,78.3,13,4.4
19642461996644,2018,396,255,64.4,61,15.4
19642611930288,2018,816,231,28.3,38,4.7
19642611995299,2018,20,0,0.0,0,0.0
19642791930528,2018,285,239,83.9,50,17.5
19642791931765,2018,94,85,90.4,24,25.5
19642791933449,2018,240,202,84.2,16,6.7
19642871930601,2018,430,380,88.4,34,7.9
19642871936384,2018,151,145,96.0,12,7.9
19642871938166,2018,440,398,90.5,33,7.5
19642871996479,2018,786,620,78.9,58,7.4
19642951930700,2018,242,210,86.8,31,12.8
19642951936491,2018,30,22,73.3,0,0.0
19643031930775,2018,375,279,74.4,59,15.7
19643031935618,2018,433,219,50.6,18,4.2
19643031938190,2018,104,80,76.9,18,17.3
19643111930981,2018,396,79,19.9,0,0.0
19643291931088,2018,472,156,33.1,18,3.8
19643291937598,2018,36,25,69.4,0,0.0
19643291937739,2018,319,110,34.5,13,4.1
19643370131573,2018,35,15,42.9,0,0.0
19643371931187,2018,599,261,43.6,46,7.7
19643371931237,2018,595,202,33.9,21,3.5
19643371933332,2018,77,40,51.9,0,0.0
19643520118521,2018,26,20,76.9,0,0.0
19643520128488,2018,137,0,0.0,0,0.0
19643520128496,2018,66,0,0.0,0,0.0
19643521930239,2018,89,70,78.7,15,16.9
19643521933951,2018,519,471,90.8,66,12.7
19643521934926,2018,542,462,85.2,51,9.4
19643521935048,2018,415,375,90.4,52,12.5
19643781930312,2018,30,21,70.0,0,0.0
19643781931666,2018,357,195,54.6,29,8.1
19643941931807,2018,35,18,51.4,0,0.0
19643941931823,2018,587,161,27.4,0,0.0
19644361931617,2018,69,37,53.6,0,0.0
19644361932086,2018,260,71,27.3,0,0.0
19644361936418,2018,316,97,30.7,0,0.0
19644361938372,2018,408,78,19.1,0,0.0
19644441932201,2018,519,221,42.6,19,3.7
19644441932656,2018,23,12,52.2,0,0.0
19644511931625,2018,131,105,80.2,32,24.4
19644511932441,2018,1054,702,66.6,60,5.7
19644511939164,2018,845,597,70.7,71,8.4
19644690128736,2018,75,57,76.0,0,0.0
19644690134858,2018,89,18,20.2,0,0.0
19644691932482,2018,185,156,84.3,18,9.7
19644691936079,2018,32,31,96.9,0,0.0
19645191930320,2018,548,474,86.5,48,8.8
19645191932664,2018,403,392,97.3,88,21.8
19645191932680,2018,344,332,96.5,84,24.4
19645191937481,2018,412,340,82.5,48,11.7
19645191938919,2018,160,149,93.1,51,31.9
19645191995661,2018,272,246,90.4,27,9.9
19645271932698,2018,89,68,76.4,0,0.0
19645271932706,2018,564,375,66.5,34,6.0
19645271964527,2018,30,0,0.0,0,0.0
19645351930353,2018,21,0,0.0,0,0.0
19645351932763,2018,294,48,16.3,0,0.0
19645681932144,2018,635,167,26.3,25,3.9
19645681933472,2018,76,57,75.0,0,0.0
19645681933530,2018,566,378,66.8,99,17.5
19645681934082,2018,351,229,65.2,47,13.4
19645681995497,2018,21,0,0.0,0,0.0
19645681996131,2018,230,123,53.5,0,0.0
19645761933597,2018,563,141,25.0,19,3.4
19645761939677,2018,44,23,52.3,0,0.0
19645841996305,2018,278,110,39.6,0,0.0
19645920100354,2018,117,101,86.3,0,0.0
19646341934231,2018,208,159,76.4,39,18.8
19646341934249,2018,44,38,86.4,11,25.0
19646341936046,2018,198,171,86.4,56,28.3
19646341996529,2018,87,72,82.8,0,0.0
19646341996586,2018,148,143,96.6,0,0.0
19646591934611,2018,346,23,6.6,0,0.0
19646831930080,2018,452,56,12.4,0,0.0
19646831931781,2018,528,62,11.7,0,0.0
19646911996438,2018,137,116,84.7,0,0.0
19647090100602,2018,145,140,96.6,0,0.0
19647091996313,2018,158,155,98.1,0,0.0
19647250125153,2018,51,40,78.4,12,23.5
19647250127381,2018,170,78,45.9,0,0.0
19647250131938,2018,18,18,100.0,0,0.0
19647250132324,2018,105,37,35.2,0,0.0
19647251930411,2018,41,21,51.2,0,0.0
19647251934470,2018,618,539,87.2,104,16.8
19647251934678,2018,732,404,55.2,37,5.1
19647251935758,2018,828,319,38.5,43,5.2
19647251936947,2018,986,597,60.5,96,9.7
19647251937176,2018,99,76,76.8,26,26.3
19647251939875,2018,802,463,57.7,57,7.1
19647251995539,2018,165,81,49.1,0,0.0
19647251995570,2018,358,169,47.2,51,14.2
19647251995935,2018,574,463,80.7,97,16.9
19647251996503,2018,100,55,55.0,0,0.0
19647330100677,2018,93,13,14.0,0,0.0
19647330100750,2018,94,91,96.8,0,0.0
19647330100776,2018,51,48,94.1,0,0.0
19647330100800,2018,113,108,95.6,11,9.7
19647330101196,2018,129,92,71.3,0,0.0
19647330101329,2018,22,18,81.8,0,0.0
19647330101659,2018,33,17,51.5,0,0.0
19647330101675,2018,145,141,97.2,0,0.0
19647330101683,2018,47,22,46.8,0,0.0
19647330102137,2018,19,18,94.7,0,0.0
19647330102434,2018,141,131,92.9,13,9.2
19647330102541,2018,97,88,90.7,23,23.7
19647330102913,2018,94,74,78.7,0,0.0
19647330102921,2018,122,89,73.0,0,0.0
19647330106351,2018,43,27,62.8,0,0.0
19647330106435,2018,93,91,97.8,17,18.3
19647330106831,2018,135,132,97.8,0,0.0
19647330106849,2018,141,137,97.2,0,0.0
19647330106864,2018,134,132,98.5,12,9.0
19647330106997,2018,166,160,96.4,0,0.0
19647330107003,2018,264,169,64.0,0,0.0
19647330107011,2018,90,79,87.8,0,0.0
19647330107755,2018,222,139,62.6,0,0.0
19647330108878,2018,174,86,49.4,0,0.0
19647330108894,2018,144,143,99.3,0,0.0
19647330108928,2018,115,50,43.5,0,0.0
19647330108936,2018,142,138,97.2,14,9.9
19647330109447,2018,371,361,97.3,62,16.7
19647330109454,2018,362,338,93.4,32,8.8
19647330109462,2018,234,221,94.4,22,9.4
19647330109512,2018,39,34,87.2,0,0.0
19647330110304,2018,51,50,98.0,21,41.2
19647330110668,2018,49,47,95.9,0,0.0
19647330111492,2018,136,134,98.5,15,11.0
19647330111500,2018,103,102,99.0,12,11.7
19647330111575,2018,144,143,99.3,15,10.4
19647330111583,2018,148,146,98.6,19,12.8
19647330111625,2018,133,126,94.7,17,12.8
19647330111641,2018,130,122,93.8,19,14.6
19647330111658,2018,140,116,82.9,0,0.0
19647330112029,2018,101,99,98.0,15,14.9
19647330112037,2018,141,132,93.6,29,20.6
19647330112045,2018,328,300,91.5,38,11.6
19647330112052,2018,287,273,95.1,64,22.3
19647330112508,2018,119,108,90.8,0,0.0
19647330112870,2018,80,76,95.0,20,25.0
19647330114850,2018,256,251,98.0,43,16.8
19647330115253,2018,60,50,83.3,0,0.0
19647330116509,2018,69,65,94.2,0,0.0
19647330117051,2018,178,168,94.4,22,12.4
19647330117069,2018,117,93,79.5,43,36.8
19647330117077,2018,77,74,96.1,12,15.6
19647330117598,2018,117,109,93.2,31,26.5
19647330117606,2018,131,107,81.7,0,0.0
19647330117622,2018,44,29,65.9,0,0.0
19647330117721,2018,67,66,98.5,16,23.9
19647330117747,2018,112,97,86.6,24,21.4
19647330117762,2018,109,103,94.5,26,23.9
19647330117911,2018,37,20,54.1,0,0.0
19647330118588,2018,338,326,96.4,88,26.0
19647330119651,2018,97,91,93.8,16,16.5
19647330119685,2018,90,83,92.2,19,21.1
19647330119693,2018,90,81,90.0,0,0.0
19647330119727,2018,353,248,70.3,14,4.0
19647330119966,2018,190,174,91.6,0,0.0
19647330120071,2018,54,41,75.9,0,0.0
19647330120360,2018,75,48,64.0,0,0.0
19647330121095,2018,66,60,90.9,16,24.2
19647330121285,2018,132,127,96.2,14,10.6
19647330121293,2018,92,83,90.2,17,18.5
19647330122333,2018,109,104,95.4,0,0.0
19647330122341,2018,71,68,95.8,0,0.0
19647330122358,2018,91,87,95.6,0,0.0
19647330122366,2018,88,78,88.6,0,0.0
19647330122374,2018,75,74,98.7,0,0.0
19647330122382,2018,62,60,96.8,0,0.0
19647330122606,2018,97,72,74.2,0,0.0
19647330122721,2018,100,93,93.0,0,0.0
19647330123133,2018,136,130,95.6,26,19.1
19647330123141,2018,61,54,88.5,0,0.0
19647330124362,2018,253,165,65.2,0,0.0
19647330124370,2018,89,72,80.9,0,0.0
19647330124388,2018,108,94,87.0,12,11.1
19647330124396,2018,90,73,81.1,0,0.0
19647330124404,2018,82,75,91.5,0,0.0
19647330124412,2018,52,50,96.2,0,0.0
19647330124420,2018,63,58,92.1,0,0.0
19647330124479,2018,145,138,95.2,24,16.6
19647330124487,2018,132,125,94.7,15,11.4
19647330124495,2018,112,104,92.9,21,18.8
19647330124503,2018,110,102,92.7,20,18.2
19647330124511,2018,132,127,96.2,19,14.4
19647330124529,2018,128,96,75.0,0,0.0
19647330124560,2018,118,117,99.2,12,10.2
19647330124883,2018,125,122,97.6,19,15.2
19647330124891,2018,137,127,92.7,17,12.4
19647330124933,2018,94,65,69.1,0,0.0
19647330124941,2018,117,112,95.7,17,14.5
19647330125864,2018,136,46,33.8,0,0.0
19647330125989,2018,123,119,96.7,0,0.0
19647330126136,2018,169,154,91.1,18,10.7
19647330126474,2018,63,58,92.1,0,0.0
19647330126482,2018,124,116,93.5,34,27.4
19647330126490,2018,88,83,94.3,29,33.0
19647330126508,2018,85,75,88.2,25,29.4
19647330126516,2018,141,127,90.1,0,0.0
19647330126524,2018,148,142,95.9,0,0.0
19647330126532,2018,116,112,96.6,0,0.0
19647330126540,2018,146,136,93.2,14,9.6
19647330126557,2018,108,88,81.5,0,0.0
19647330126573,2018,139,135,97.1,31,22.3
19647330126615,2018,120,83,69.2,0,0.0
19647330126623,2018,104,60,57.7,0,0.0
19647330127217,2018,60,50,83.3,0,0.0
19647330127787,2018,111,91,82.0,0,0.0
19647330127795,2018,93,89,95.7,19,20.4
19647330127803,2018,22,22,100.0,0,0.0
19647330127852,2018,53,42,79.2,0,0.0
19647330127878,2018,70,70,100.0,23,32.9
19647330127894,2018,125,111,88.8,0,0.0
19647330127910,2018,112,110,98.2,15,13.4
19647330129536,2018,36,32,88.9,0,0.0
19647330129585,2018,145,144,99.3,0,0.0
19647330129627,2018,61,53,86.9,0,0.0
19647330130997,2018,58,56,96.6,0,0.0
19647330131821,2018,36,29,80.6,0,0.0
19647330132027,2018,107,98,91.6,18,16.8
19647330132126,2018,50,21,42.0,0,0.0
19647330132282,2018,86,30,34.9,0,0.0
19647330133272,2018,99,73,73.7,0,0.0
19647330133280,2018,41,29,70.7,0,0.0
19647330133298,2018,60,45,75.0,0,0.0
19647330135855,2018,83,76,91.6,0,0.0
19647331930064,2018,30,25,83.3,0,0.0
19647331930296,2018,49,49,100.0,0,0.0
19647331930387,2018,202,178,88.1,0,0.0
19647331930403,2018,26,19,73.1,0,0.0
19647331930429,2018,27,21,77.8,0,0.0
19647331930486,2018,20,17,85.0,0,0.0
19647331930551,2018,49,44,89.8,0,0.0
19647331930577,2018,22,21,95.5,0,0.0
19647331930619,2018,41,37,90.2,0,0.0
19647331930650,2018,532,482,90.6,27,5.1
19647331930692,2018,25,23,92.0,0,0.0
19647331930734,2018,30,20,66.7,0,0.0
19647331930783,2018,25,19,76.0,0,0.0
19647331930791,2018,22,17,77.3,0,0.0
19647331930866,2018,582,549,94.3,40,6.9
19647331930924,2018,221,199,90.0,64,29.0
19647331930940,2018,37,36,97.3,0,0.0
19647331930973,2018,98,78,79.6,0,0.0
19647331931047,2018,747,637,85.3,52,7.0
19647331931336,2018,29,23,79.3,0,0.0
19647331931377,2018,21,19,90.5,0,0.0
19647331931385,2018,18,14,77.8,0,0.0
19647331931393,2018,29,26,89.7,0,0.0
19647331931435,2018,41,32,78.0,0,0.0
19647331931450,2018,22,18,81.8,0,0.0
19647331931468,2018,26,26,100.0,0,0.0
19647331931476,2018,235,192,81.7,32,13.6
19647331931484,2018,37,33,89.2,0,0.0
19647331931500,2018,50,41,82.0,0,0.0
19647331931518,2018,28,18,64.3,0,0.0
19647331931526,2018,328,233,71.0,26,7.9
19647331931534,2018,72,69,95.8,0,0.0
19647331931559,2018,51,39,76.5,0,0.0
19647331931682,2018,34,30,88.2,0,0.0
19647331931690,2018,48,33,68.8,0,0.0
19647331931708,2018,448,301,67.2,46,10.3
19647331931716,2018,30,19,63.3,0,0.0
19647331931856,2018,34,30,88.2,0,0.0
19647331931864,2018,666,408,61.3,56,8.4
19647331931930,2018,40,38,95.0,0,0.0
19647331931955,2018,16,0,0.0,0,0.0
19647331931971,2018,29,22,75.9,0,0.0
19647331931989,2018,16,16,100.0,0,0.0
19647331931997,2018,34,23,67.6,0,0.0
19647331932128,2018,189,165,87.3,24,12.7
19647331932250,2018,29,0,0.0,0,0.0
19647331932318,2018,44,38,86.4,0,0.0
19647331932334,2018,56,46,82.1,0,0.0
19647331932342,2018,39,36,92.3,0,0.0
19647331932383,2018,212,159,75.0,33,15.6
19647331932391,2018,22,18,81.8,0,0.0
19647331932540,2018,412,254,61.7,24,5.8
19647331932623,2018,858,322,37.5,21,2.4
19647331932821,2018,24,18,75.0,0,0.0
19647331932847,2018,215,126,58.6,0,0.0
19647331932888,2018,200,165,82.5,0,0.0
19647331932920,2018,416,317,76.2,54,13.0
19647331932987,2018,646,599,92.7,76,11.8
19647331933001,2018,349,316,90.5,0,0.0
19647331933043,2018,276,256,92.8,28,10.1
19647331933118,2018,351,339,96.6,61,17.4
19647331933233,2018,236,119,50.4,0,0.0
19647331933241,2018,275,235,85.5,20,7.3
19647331933381,2018,554,516,93.1,17,3.1
19647331933746,2018,1101,526,47.8,31,2.8
19647331933795,2018,415,335,80.7,36,8.7
19647331933852,2018,589,386,65.5,43,7.3
19647331934033,2018,337,280,83.1,0,0.0
19647331934157,2018,316,293,92.7,27,8.5
19647331934371,2018,132,126,95.5,23,17.4
19647331934454,2018,79,77,97.5,15,19.0
19647331935121,2018,218,208,95.4,29,13.3
19647331935352,2018,243,211,86.8,28,11.5
19647331935519,2018,383,356,93.0,87,22.7
19647331935568,2018,543,417,76.8,26,4.8
19647331935865,2018,421,380,90.3,60,14.3
19647331936160,2018,542,453,83.6,37,6.8
19647331936350,2018,515,365,70.9,27,5.2
19647331937226,2018,361,298,82.5,50,13.9
19647331937424,2018,290,276,95.2,51,17.6
19647331937622,2018,479,423,88.3,34,7.1
19647331937838,2018,479,327,68.3,22,4.6
19647331938307,2018,639,592,92.6,44,6.9
19647331938554,2018,400,350,87.5,30,7.5
19647331938612,2018,580,377,65.0,37,6.4
19647331938885,2018,330,236,71.5,16,4.8
19647331938968,2018,561,450,80.2,33,5.9
19647331939040,2018,429,304,70.9,21,4.9
19647331939107,2018,330,243,73.6,25,7.6
19647331939305,2018,197,182,92.4,37,18.8
19647331939479,2018,186,122,65.6,0,0.0
19647331939859,2018,301,272,90.4,0,0.0
19647331939941,2018,460,351,76.3,19,4.1
19647331964733,2018,243,133,54.7,53,21.8
19647331995448,2018,399,359,90.0,0,0.0
19647331995794,2018,109,105,96.3,0,0.0
19647331995836,2018,736,273,37.1,0,0.0
19647331996073,2018,74,59,79.7,0,0.0
19647331996115,2018,527,373,70.8,0,0.0
19647331996610,2018,49,41,83.7,0,0.0
19647336016885,2018,140,130,92.9,0,0.0
19647336019475,2018,73,69,94.5,0,0.0
19647336019715,2018,173,167,96.5,21,12.1
19647336058002,2018,169,159,94.1,32,18.9
19647336061451,2018,171,143,83.6,0,0.0
19647336061600,2018,73,68,93.2,0,0.0
19647336116750,2018,94,59,62.8,0,0.0
19647740109538,2018,397,338,85.1,38,9.6
19647740114777,2018,74,0,0.0,0,0.0
19647741935428,2018,65,64,98.5,18,27.7
19647741935436,2018,507,443,87.4,68,13.4
19647901935899,2018,42,32,76.2,0,0.0
19647901935923,2018,385,175,45.5,20,5.2
19648080124552,2018,124,97,78.2,13,10.5
19648081930155,2018,631,455,72.1,79,12.5
19648081930825,2018,672,622,92.6,131,19.5
19648081935998,2018,631,543,86.1,119,18.9
19648081938927,2018,89,68,76.4,25,28.1
19648081996388,2018,24,19,79.2,0,0.0
19648401933647,2018,299,253,84.6,47,15.7
19648401934728,2018,466,228,48.9,23,4.9
19648401936467,2018,460,372,80.9,43,9.3
19648401936475,2018,123,90,73.2,24,19.5
19648570112714,2018,394,342,86.8,24,6.1
19648570125377,2018,177,146,82.5,0,0.0
19648576119580,2018,63,46,73.0,0,0.0
19648651933308,2018,29,0,0.0,0,0.0
19648651995588,2018,599,49,8.2,14,2.3
19648651996552,2018,448,30,6.7,14,3.1
19648731936749,2018,1089,1020,93.7,158,14.5
19648731936756,2018,58,53,91.4,19,32.8
19648810113464,2018,56,25,44.6,0,0.0
19648810117440,2018,64,39,60.9,0,0.0
19648810118075,2018,61,48,78.7,16,26.2
19648811931062,2018,161,120,74.5,49,30.4
19648811931674,2018,277,172,62.1,0,0.0
19648811936103,2018,222,192,86.5,21,9.5
19648811936806,2018,80,74,92.5,0,0.0
19648811936822,2018,396,284,71.7,18,4.5
19649070115170,2018,128,105,82.0,0,0.0
19649071933175,2018,200,177,88.5,52,26.0
19649071933324,2018,436,390,89.4,112,25.7
19649071936772,2018,102,93,91.2,30,29.4
19649071937028,2018,280,250,89.3,53,18.9
19649071995901,2018,372,221,59.4,26,7.0
19649071996495,2018,65,62,95.4,0,0.0
19649076061634,2018,94,89,94.7,26,27.7
19649076061642,2018,60,53,88.3,18,30.0
19649641937754,2018,271,24,8.9,14,5.2
19649801938000,2018,689,182,26.4,34,4.9
19649801995737,2018,149,20,13.4,0,0.0
19650291938455,2018,378,88,23.3,0,0.0
19650521938679,2018,484,224,46.3,31,6.4
19650521995745,2018,19,15,78.9,0,0.0
19650601936277,2018,451,232,51.4,37,8.2
19650601938083,2018,77,48,62.3,0,0.0
19650601938356,2018,483,92,19.0,19,3.9
19650601938752,2018,507,184,36.3,40,7.9
19650601939602,2018,496,136,27.4,23,4.6
19650940112706,2018,294,161,54.8,0,0.0
19650940122432,2018,204,146,71.6,11,5.4
19650941938513,2018,90,56,62.2,0,0.0
19650941939537,2018,515,349,67.8,28,5.4
19651281930338,2018,166,140,84.3,29,17.5
19651281931302,2018,672,520,77.4,62,9.2
19651281934868,2018,613,325,53.0,39,6.4
19651281936889,2018,322,292,90.7,24,7.5
19651281937903,2018,519,426,82.1,31,6.0
19651281939701,2018,437,343,78.5,13,3.0
19651281995653,2018,93,72,77.4,0,0.0
19651360102459,2018,487,238,48.9,34,7.0
19651360102475,2018,659,91,13.8,0,0.0
19651360114439,2018,110,63,57.3,0,0.0
19651360117234,2018,78,24,30.8,0,0.0
19651361931492,2018,547,214,39.1,38,6.9
19651361931740,2018,555,102,18.4,14,2.5
19651361932532,2018,64,0,0.0,0,0.0
19651361933902,2018,547,189,34.6,47,8.6
19651361934421,2018,144,79,54.9,22,15.3
19651361995802,2018,684,103,15.1,18,2.6
19651361996263,2018,262,178,67.9,0,0.0
19651361996321,2018,104,16,15.4,0,0.0
19734370132969,2018,68,41,60.3,0,0.0
19734371931567,2018,207,183,88.4,30,14.5
19734371931963,2018,341,312,91.5,45,13.2
19734371932326,2018,368,336,91.3,57,15.5
19734371995695,2018,180,163,90.6,43,23.9
19734371996057,2018,42,36,85.7,0,0.0
19734451933316,2018,28,19,67.9,0,0.0
19734451934801,2018,259,234,90.3,20,7.7
19734451935246,2018,403,269,66.7,13,3.2
19734451938935,2018,98,90,91.8,0,0.0
19734451939834,2018,363,200,55.1,23,6.3
19734451939925,2018,230,201,87.4,28,12.2
19734520120600,2018,74,40,54.1,0,0.0
19734521930106,2018,98,87,88.8,26,26.5
19734521936228,2018,444,406,91.4,52,11.7
19734521937564,2018,506,317,62.6,43,8.5
19734601932862,2018,755,174,23.0,58,7.7
19734601939149,2018,666,179,26.9,69,10.4
19752911995810,2018,410,266,64.9,57,13.9
19752911996016,2018,453,317,70.0,17,3.8
19752911996081,2018,25,20,80.0,0,0.0
19753090127100,2018,735,678,92.2,84,11.4
19753090129411,2018,13,0,0.0,0,0.0
19753090129742,2018,112,70,62.5,0,0.0
19753090130955,2018,73,0,0.0,0,0.0
19753090131383,2018,49,44,89.8,0,0.0
19753090131987,2018,159,49,30.8,0,0.0
19753090132654,2018,66,34,51.5,0,0.0
19753090135145,2018,32,22,68.8,0,0.0
19753090136648,2018,248,174,70.2,18,7.3
19753091995786,2018,88,40,45.5,0,0.0
19753331935808,2018,577,47,8.1,0,0.0
19753411937143,2018,686,146,21.3,20,2.9
19753411995752,2018,31,14,45.2,0,0.0
19756636120158,2018,98,28,28.6,0,0.0
19756971996693,2018,82,51,62.2,0,0.0
19757131930122,2018,59,54,91.5,14,23.7
19757131930163,2018,575,425,73.9,81,14.1
19757131934553,2018,573,357,62.3,97,16.9
19757131937697,2018,527,447,84.8,117,22.2
19757131995430,2018,46,34,73.9,0,0.0
19764970115725,2018,61,56,91.8,19,31.1
19768690119016,2018,129,47,36.4,0,0.0
19768690119636,2018,126,48,38.1,0,0.0
19768690131128,2018,64,27,42.2,0,0.0
19768690135988,2018,31,0,0.0,0,0.0
19768850132928,2018,17,14,82.4,0,0.0
19769680109926,2018,64,63,98.4,0,0.0
20102070117184,2018,75,71,94.7,18,24.0
20102072030153,2018,17,15,88.2,0,0.0
20102072030229,2018,52,44,84.6,0,0.0
20652012030047,2018,14,13,92.9,0,0.0
20652012032357,2018,269,185,68.8,21,7.8
20652430110965,2018,642,598,93.1,83,12.9
20652430118950,2018,14,0,0.0,0,0.0
20652430123620,2018,64,63,98.4,0,0.0
20652430131086,2018,12,12,100.0,0,0.0
20652432035640,2018,60,53,88.3,0,0.0
20652432035707,2018,473,351,74.2,36,7.6
20755802030161,2018,11,0,0.0,0,0.0
20755802030203,2018,135,48,35.6,0,0.0
20756060117010,2018,41,22,53.7,0,0.0
20756060125021,2018,66,31,47.0,0,0.0
20756060132936,2018,32,17,53.1,0,0.0
20764140115550,2018,14,0,0.0,0,0.0
20764142030013,2018,138,53,38.4,0,0.0
20764142030039,2018,14,12,85.7,0,0.0
20764142030237,2018,32,0,0.0,0,0.0
21654172130045,2018,14,0,0.0,0,0.0
21654172132264,2018,15,0,0.0,0,0.0
21654172132272,2018,337,138,40.9,32,9.5
21654172133056,2018,271,64,23.6,13,4.8
21654662133254,2018,35,26,74.3,0,0.0
21654662133262,2018,307,207,67.4,72,23.5
21654662134005,2018,304,135,44.4,44,14.5
21654822130078,2018,45,0,0.0,0,0.0
21654822131340,2018,310,42,13.5,0,0.0
21654822132587,2018,455,39,8.6,0,0.0
21654822133692,2018,382,42,11.0,12,3.1
21654822134419,2018,36,19,52.8,0,0.0
21733612134310,2018,38,17,44.7,0,0.0
22655322235356,2018,134,67,50.0,0,0.0
23102312330447,2018,19,0,0.0,0,0.0
23655402330900,2018,41,34,82.9,0,0.0
23655652331361,2018,93,59,63.4,0,0.0
23655812333185,2018,40,0,0.0,0,0.0
23655992333649,2018,35,21,60.0,0,0.0
23656072334563,2018,14,12,85.7,0,0.0
23656150128280,2018,30,15,50.0,0,0.0
23656152330413,2018,25,11,44.0,0,0.0
23656152330454,2018,13,0,0.0,0,0.0
23656152334704,2018,70,61,87.1,15,21.4
23656152335024,2018,369,248,67.2,48,13.0
23656232335487,2018,82,57,69.5,0,0.0
23738662330041,2018,15,0,0.0,0,0.0
23739162332260,2018,24,17,70.8,0,0.0
24102490106518,2018,23,14,60.9,0,0.0
24102492430148,2018,118,103,87.3,22,18.6
24102492430163,2018,35,33,94.3,0,0.0
24102492430171,2018,30,29,96.7,0,0.0
24656982430080,2018,25,23,92.0,0,0.0
24656982432409,2018,151,81,53.6,13,8.6
24657302430064,2018,19,17,89.5,0,0.0
24657302433001,2018,89,68,76.4,0,0.0
24657550119073,2018,40,28,70.0,0,0.0
24657550120923,2018,406,326,80.3,64,15.8
24657552431492,2018,72,62,86.1,22,30.6
24657552434207,2018,288,178,61.8,36,12.5
24657890127373,2018,390,287,73.6,28,7.2
24657892430049,2018,24,20,83.3,0,0.0
24657892430098,2018,398,319,80.2,12,3.0
24657892430205,2018,417,303,72.7,27,6.5
24657892430601,2018,487,405,83.2,41,8.4
24657892433605,2018,291,251,86.3,28,9.6
24657892435204,2018,412,314,76.2,18,4.4
24657892439602,2018,157,149,94.9,41,26.1
24736192430031,2018,21,20,95.2,0,0.0
24736192431807,2018,142,108,76.1,19,13.4
24753172430015,2018,23,19,82.6,0,0.0
24753172431203,2018,172,141,82.0,0,0.0
24753662430114,2018,171,143,83.6,20,11.7
25735852535409,2018,58,34,58.6,0,0.0
25735934737250,2018,21,15,71.4,0,0.0
26736682633006,2018,19,0,0.0,0,0.0
26736922630010,2018,101,57,56.4,0,0.0
27102720125765,2018,37,0,0.0,0,0.0
27102722730117,2018,26,19,73.1,0,0.0
27102722730232,2018,70,43,61.4,0,0.0
27102722730265,2018,55,53,96.4,18,32.7
27659790135111,2018,29,0,0.0,0,0.0
27659790136010,2018,51,0,0.0,0,0.0
27659790136218,2018,80,0,0.0,0,0.0
27659872730414,2018,208,43,20.7,0,0.0
27660680134254,2018,37,32,86.5,0,0.0
27660682730083,2018,26,23,88.5,0,0.0
27660682730174,2018,273,240,87.9,48,17.6
27660682732170,2018,226,173,76.5,21,9.3
27660920111435,2018,138,91,65.9,0,0.0
27660922730240,2018,41,29,70.7,0,0.0
27660922732253,2018,53,42,79.2,0,0.0
27660922732808,2018,347,166,47.8,0,0.0
27660922735348,2018,235,178,75.7,26,11.1
27661342733657,2018,142,39,27.5,0,0.0
27661590124610,2018,111,67,60.4,26,23.4
27661592730109,2018,645,558,86.5,151,23.4
27661592730166,2018,577,381,66.0,100,17.3
27661592733178,2018,474,310,65.4,86,18.1
27661592734481,2018,115,102,88.7,47,40.9
27661592734556,2018,646,307,47.5,78,12.1
27738252730034,2018,277,233,84.1,20,7.2
27738252730125,2018,47,25,53.2,0,0.0
27738252730141,2018,34,31,91.2,0,0.0
27754400106112,2018,33,28,84.8,0,0.0
27754402730190,2018,344,304,88.4,31,9.0
27754732730067,2018,14,12,85.7,0,0.0
27754732730885,2018,180,154,85.6,38,21.1
28102802830099,2018,29,26,89.7,0,0.0
28662412831758,2018,49,39,79.6,0,0.0
28662660101964,2018,55,20,36.4,0,0.0
28662660121087,2018,406,176,43.3,20,4.9
28662660128314,2018,12,0,0.0,0,0.0
28662662830016,2018,415,178,42.9,21,5.1
28662662830115,2018,102,30,29.4,0,0.0
28662662830149,2018,70,50,71.4,0,0.0
28662662835601,2018,415,232,55.9,45,10.8
28662902837102,2018,111,37,33.3,0,0.0
29102980114314,2018,25,15,60.0,0,0.0
29102980126219,2018,88,41,46.6,0,0.0
29102982930147,2018,261,234,89.7,44,16.9
29663570112367,2018,45,13,28.9,0,0.0
29663570124834,2018,49,19,38.8,0,0.0
29663572930030,2018,51,25,49.0,0,0.0
29663572930048,2018,128,45,35.2,0,0.0
29663572930071,2018,53,39,73.6,0,0.0
29663572930089,2018,19,0,0.0,0,0.0
29663572935500,2018,323,122,37.8,0,0.0
30103060126037,2018,124,90,72.6,0,0.0
30103060134239,2018,17,0,0.0,0,0.0
30103060134841,2018,55,43,78.2,0,0.0
30103063030426,2018,141,114,80.9,53,37.6
30103063030632,2018,117,26,22.2,0,0.0
30103063030764,2018,652,515,79.0,180,27.6
30103066069553,2018,19,0,0.0,0,0.0
30664313030038,2018,671,256,38.2,32,4.8
30664313030228,2018,714,658,92.2,149,20.9
30664313030384,2018,44,34,77.3,0,0.0
30664313030616,2018,199,86,43.2,0,0.0
30664313032786,2018,237,215,90.7,76,32.1
30664313033057,2018,663,551,83.1,100,15.1
30664313033115,2018,655,366,55.9,37,5.6
30664313033784,2018,500,419,83.8,103,20.6
30664313034204,2018,398,347,87.2,110,27.6
30664313036712,2018,494,425,86.0,82,16.6
30664313038239,2018,469,393,83.8,103,22.0
30664493030624,2018,17,0,0.0,0,0.0
30664493030640,2018,459,137,29.8,0,0.0
30664640106765,2018,555,208,37.5,16,2.9
30664640113381,2018,570,167,29.3,14,2.5
30664640124131,2018,46,0,0.0,0,0.0
30664643030210,2018,513,153,29.8,18,3.5
30664643030574,2018,741,148,20.0,13,1.8
30664643030756,2018,638,61,9.6,0,0.0
30664643035987,2018,76,55,72.4,19,25.0
30664643036001,2018,780,204,26.2,16,2.1
30664643038569,2018,612,162,26.5,20,3.3
30664646120356,2018,35,12,34.3,0,0.0
30665143030335,2018,56,46,82.1,0,0.0
30665143030855,2018,489,404,82.6,55,11.2
30665143032505,2018,487,279,57.3,37,7.6
30665143033362,2018,530,272,51.3,36,6.8
30665143033610,2018,198,174,87.9,59,29.8
30665143037090,2018,421,235,55.8,26,6.2
30665143037348,2018,560,208,37.1,13,2.3
30665143037496,2018,618,176,28.5,0,0.0
30665223030103,2018,173,145,83.8,80,46.2
30665223030434,2018,470,335,71.3,97,20.6
30665223032752,2018,551,377,68.4,107,19.4
30665223033578,2018,539,352,65.3,80,14.8
30665223033933,2018,380,318,83.7,127,33.4
30665223035581,2018,392,145,37.0,35,8.9
30665223035706,2018,401,297,74.1,81,20.2
30665223036555,2018,523,420,80.3,142,27.2
30665483030145,2018,331,201,60.7,63,19.0
30665483030368,2018,95,27,28.4,0,0.0
30665483031895,2018,527,68,12.9,0,0.0
30665483032158,2018,798,287,36.0,19,2.4
30665483032943,2018,730,145,19.9,0,0.0
30665483034410,2018,611,164,26.8,0,0.0
30665483038445,2018,619,477,77.1,126,20.4
30665483038551,2018,160,98,61.2,28,17.5
30665553033206,2018,300,47,15.7,0,0.0
30665970111666,2018,50,37,74.0,0,0.0
30665973030186,2018,39,0,0.0,0,0.0
30665973031697,2018,443,0,0.0,0,0.0
30665973031853,2018,291,199,68.4,61,21.0
30665973032000,2018,275,132,48.0,63,22.9
30665973034907,2018,77,59,76.6,26,33.8
30665973035045,2018,546,210,38.5,51,9.3
30666210118174,2018,23,0,0.0,0,0.0
30666213030046,2018,579,91,15.7,0,0.0
30666213031952,2018,513,276,53.8,62,12.1
30666213035409,2018,412,336,81.6,88,21.4
30666213035748,2018,130,89,68.5,46,35.4
30666213038098,2018,563,176,31.3,31,5.5
30666470119404,2018,443,62,14.0,14,3.2
30666473030053,2018,357,81,22.7,12,3.4
30666473030483,2018,24,0,0.0,0,0.0
30666473031929,2018,459,124,27.0,13,2.8
30666473031945,2018,88,62,70.5,0,0.0
30666473038023,2018,667,407,61.0,66,9.9
30666476119556,2018,26,0,0.0,0,0.0
30666700106567,2018,100,89,89.0,0,0.0
30666700108365,2018,456,297,65.1,26,5.7
30666700114736,2018,632,568,89.9,50,7.9
30666703030475,2018,250,216,86.4,68,27.2
30666703030491,2018,422,394,93.4,115,27.3
30666703030608,2018,89,76,85.4,0,0.0
30666703030723,2018,381,41,10.8,0,0.0
30666703034998,2018,198,179,90.4,67,33.8
30666703035821,2018,369,301,81.6,57,15.4
30666703036357,2018,685,631,92.1,151,22.0
30666703036456,2018,475,429,90.3,118,24.8
30736353030061,2018,569,193,33.9,67,11.8
30736353030079,2018,99,73,73.7,26,26.3
30736353030244,2018,373,156,41.8,60,16.1
30736353030392,2018,668,107,16.0,31,4.6
30736353030509,2018,24,0,0.0,0,0.0
30736353034956,2018,569,143,25.1,49,8.6
30736430102871,2018,749,189,25.2,37,4.9
30736433030590,2018,26,0,0.0,0,0.0
30736433032109,2018,558,162,29.0,33,5.9
30736433032919,2018,93,62,66.7,37,39.8
30736433037553,2018,584,413,70.7,77,13.2
30736503030129,2018,51,24,47.1,0,0.0
30736503030152,2018,533,131,24.6,64,12.0
30736503030285,2018,605,120,19.8,34,5.6
30736503030657,2018,617,82,13.3,41,6.6
30736503035102,2018,640,138,21.6,39,6.1
30739243033917,2018,761,146,19.2,0,0.0
30768930130765,2018,40,31,77.5,0,0.0
31103140119214,2018,56,23,41.1,0,0.0
31103140126904,2018,19,0,0.0,0,0.0
31103143130259,2018,17,0,0.0,0,0.0
31668450121418,2018,58,21,36.2,0,0.0
31668940102293,2018,58,0,0.0,0,0.0
31668943130135,2018,31,0,0.0,0,0.0
31668943131687,2018,28,13,46.4,0,0.0
31668943131851,2018,124,23,18.5,0,0.0
31668943132453,2018,421,50,11.9,0,0.0
31668943135704,2018,309,56,18.1,14,4.5
31669280116459,2018,445,240,53.9,0,0.0
31669283130119,2018,81,25,30.9,0,0.0
31669283130176,2018,533,95,17.8,0,0.0
31669283130184,2018,514,60,11.7,0,0.0
31669283130309,2018,54,33,61.1,0,0.0
31669283135308,2018,485,142,29.3,16,3.3
31669283136504,2018,411,128,31.1,21,5.1
31669443130010,2018,102,45,44.1,0,0.0
31669443130077,2018,20,18,90.0,0,0.0
31669443138500,2018,178,56,31.5,12,6.7
31669510122507,2018,93,40,43.0,0,0.0
31669513130036,2018,39,19,48.7,0,0.0
31669513130168,2018,176,100,56.8,0,0.0
31669513134657,2018,427,122,28.6,19,4.4
31750850108084,2018,453,87,19.2,0,0.0
31750850119487,2018,124,0,0.0,0,0.0
31750850128561,2018,43,15,34.9,0,0.0
31750853130150,2018,469,61,13.0,0,0.0
31750853130200,2018,39,18,46.2,0,0.0
32669693230083,2018,40,21,52.5,0,0.0
32669693232006,2018,27,19,70.4,0,0.0
32669693235603,2018,33,16,48.5,0,0.0
32669693236007,2018,45,13,28.9,0,0.0
33103300110833,2018,256,67,26.2,0,0.0
33103300125237,2018,76,66,86.8,0,0.0
33103300128397,2018,139,115,82.7,21,15.1
33103300128777,2018,64,34,53.1,13,20.3
33103300134320,2018,25,24,96.0,0,0.0
33103303330123,2018,74,57,77.0,15,20.3
33103303331055,2018,105,89,84.8,24,22.9
33316253330834,2018,24,0,0.0,0,0.0
33669770125732,2018,409,242,59.2,54,13.2
33669770135061,2018,84,81,96.4,53,63.1
33669773330008,2018,409,330,80.7,90,22.0
33669773334299,2018,525,480,91.4,176,33.5
33669773337128,2018,74,64,86.5,25,33.8
33669853330214,2018,215,182,84.7,23,10.7
33669853330222,2018,50,44,88.0,12,24.0
33669853330974,2018,81,61,75.3,0,0.0
33669930129882,2018,27,17,63.0,0,0.0
33669933330479,2018,599,346,57.8,36,6.0
33669933330842,2018,63,46,73.0,0,0.0
33670330110106,2018,79,63,79.7,17,21.5
33670330110627,2018,1041,448,43.0,67,6.4
33670330110759,2018,182,94,51.6,0,0.0
33670333330131,2018,52,31,59.6,0,0.0
33670333330446,2018,784,452,57.7,65,8.3
33670333330586,2018,246,180,73.2,31,12.6
33670333330701,2018,810,245,30.2,43,5.3
33670333331600,2018,578,373,64.5,60,10.4
33670333334232,2018,481,206,42.8,26,5.4
33670580114504,2018,156,98,62.8,12,7.7
33670580118885,2018,532,291,54.7,43,8.1
33670583330388,2018,430,147,34.2,26,6.0
33670583330669,2018,611,249,40.8,22,3.6
33670583330909,2018,56,21,37.5,0,0.0
33670583331113,2018,128,112,87.5,25,19.5
33670583333192,2018,473,367,77.6,68,14.4
33670820106716,2018,70,57,81.4,0,0.0
33670820113159,2018,370,291,78.6,25,6.8
33670820120675,2018,70,25,35.7,0,0.0
33670820132167,2018,17,14,82.4,0,0.0
33670823330065,2018,140,117,83.6,11,7.9
33670823330503,2018,106,83,78.3,0,0.0
33670823330537,2018,400,320,80.0,31,7.8
33670823332673,2018,540,388,71.9,29,5.4
33670900114157,2018,519,343,66.1,58,11.2
33670900127720,2018,39,28,71.8,0,0.0
33670903330412,2018,387,303,78.3,101,26.1
33670903334687,2018,143,113,79.0,71,49.7
33670903337136,2018,346,304,87.9,94,27.2
33671160109843,2018,121,29,24.0,0,0.0
33671240128868,2018,41,29,70.7,0,0.0
33671243330396,2018,466,328,70.4,39,8.4
33671243330438,2018,557,421,75.6,43,7.7
33671243330800,2018,89,70,78.7,23,25.8
33671243331071,2018,443,360,81.3,42,9.5
33671243333762,2018,169,132,78.1,22,13.0
33671243333770,2018,522,463,88.7,54,10.3
33671573331014,2018,164,109,66.5,0,0.0
33671730127316,2018,324,243,75.0,25,7.7
33671730133090,2018,49,38,77.6,0,0.0
33671733330578,2018,349,320,91.7,53,15.2
33671733330818,2018,398,367,92.2,80,20.1
33671733331121,2018,185,172,93.0,46,24.9
33671733335130,2018,419,311,74.2,36,8.6
33671813331139,2018,55,43,78.2,12,21.8
33671813335759,2018,188,118,62.8,18,9.6
33672070101170,2018,121,109,90.1,11,9.1
33672070113191,2018,645,474,73.5,89,13.8
33672070134981,2018,25,0,0.0,0,0.0
33672073330172,2018,62,53,85.5,0,0.0
33672073330727,2018,739,401,54.3,64,8.7
33672073335973,2018,544,495,91.0,172,31.6
33672150115709,2018,22,0,0.0,0,0.0
33672150131359,2018,55,23,41.8,0,0.0
33672150132498,2018,105,33,31.4,0,0.0
33672153330024,2018,433,328,75.8,62,14.3
33672153330362,2018,103,61,59.2,0,0.0
33672153330677,2018,74,59,79.7,15,20.3
33672153330859,2018,765,277,36.2,18,2.4
33672153334406,2018,520,415,79.8,56,10.8
33672153336237,2018,604,338,56.0,58,9.6
33672153336492,2018,544,469,86.2,68,12.5
33672153336955,2018,108,103,95.4,20,18.5
33672493331006,2018,68,64,94.1,0,0.0
33672493337649,2018,120,98,81.7,12,10.0
33672493337656,2018,565,461,81.6,51,9.0
33672496114748,2018,66,42,63.6,0,0.0
33736760100255,2018,457,444,97.2,79,17.3
33736760121673,2018,43,39,90.7,0,0.0
33736763330032,2018,69,69,100.0,27,39.1
33736763330354,2018,63,54,85.7,0,0.0
33736763330990,2018,641,589,91.9,120,18.7
33751760107920,2018,395,292,73.9,23,5.8
33751760116343,2018,62,23,37.1,0,0.0
33751763330115,2018,145,93,64.1,0,0.0
33751763330487,2018,500,238,47.6,0,0.0
33751763332350,2018,434,262,60.4,13,3.0
33751920105734,2018,787,156,19.8,0,0.0
33751923330370,2018,623,184,29.5,24,3.9
33751923330495,2018,99,41,41.4,0,0.0
33751923330636,2018,112,37,33.0,0,0.0
33751923330743,2018,661,239,36.2,17,2.6
33751923330917,2018,85,20,23.5,0,0.0
33752000100420,2018,868,256,29.5,25,2.9
33752000102079,2018,108,47,43.5,0,0.0
33752000118794,2018,563,224,39.8,12,2.1
33752003330529,2018,562,143,25.4,13,2.3
33752420109108,2018,470,402,85.5,39,8.3
33752420133306,2018,409,324,79.2,31,7.6
33752423330552,2018,506,355,70.2,14,2.8
33752423330560,2018,175,151,86.3,43,24.6
34103480106278,2018,68,40,58.8,0,0.0
34322763931250,2018,41,37,90.2,0,0.0
34322763990025,2018,29,25,86.2,0,0.0
34322765637780,2018,34,32,94.1,0,0.0
34673140105916,2018,576,405,70.3,74,12.8
34673140108753,2018,560,156,27.9,14,2.5
34673140116897,2018,580,196,33.8,23,4.0
34673143430170,2018,321,293,91.3,74,23.1
34673143430311,2018,87,64,73.6,0,0.0
34673143430329,2018,43,37,86.0,0,0.0
34673143430352,2018,69,40,58.0,0,0.0
34673143430477,2018,330,308,93.3,81,24.5
34673143430592,2018,407,181,44.5,26,6.4
34673143430618,2018,602,382,63.5,67,11.1
34673143430873,2018,589,232,39.4,32,5.4
34673143432002,2018,55,51,92.7,0,0.0
34673143432572,2018,444,163,36.7,22,5.0
34673146112254,2018,86,40,46.5,0,0.0
34673300113571,2018,423,47,11.1,0,0.0
34673303430501,2018,94,36,38.3,0,0.0
34673303430709,2018,27,12,44.4,0,0.0
34673303431533,2018,354,260,73.4,34,9.6
34673303433216,2018,525,90,17.1,0,0.0
34673303434792,2018,45,37,82.2,0,0.0
34673550119131,2018,317,152,47.9,19,6.0
34673553433471,2018,228,164,71.9,15,6.6
34674134835302,2018,93,49,52.7,0,0.0
34674135731708,2018,48,27,56.2,0,0.0
34674210132019,2018,28,25,89.3,0,0.0
34674390101881,2018,42,25,59.5,0,0.0
34674390101899,2018,56,31,55.4,0,0.0
34674390101907,2018,68,37,54.4,0,0.0
34674390101972,2018,322,233,72.4,44,13.7
34674390102038,2018,165,124,75.2,0,0.0
34674390108951,2018,41,34,82.9,0,0.0
34674390114546,2018,63,45,71.4,0,0.0
34674393430154,2018,85,74,87.1,15,17.6
34674393430519,2018,111,68,61.3,0,0.0
34674393430865,2018,199,125,62.8,0,0.0
34674393431012,2018,395,325,82.3,108,27.3
34674393434636,2018,314,246,78.3,89,28.3
34674393434768,2018,544,334,61.4,64,11.8
34674393435419,2018,492,295,60.0,42,8.5
34674393467439,2018,22,0,0.0,0,0.0
34674396061832,2018,20,0,0.0,0,0.0
34674470121467,2018,35,31,88.6,0,0.0
34674473430048,2018,205,122,59.5,0,0.0
34674473430097,2018,34,19,55.9,0,0.0
34674473430386,2018,96,43,44.8,0,0.0
34674473430493,2018,466,116,24.9,0,0.0
34674473430691,2018,256,163,63.7,0,0.0
34674473430717,2018,799,437,54.7,45,5.6
34674473430758,2018,69,30,43.5,0,0.0
34674473431111,2018,262,80,30.5,0,0.0
34674473432051,2018,384,171,44.5,17,4.4
34674473432317,2018,326,134,41.1,14,4.3
34674473432838,2018,148,127,85.8,45,30.4
34674473435930,2018,433,210,48.5,50,11.5
34674473436714,2018,383,71,18.5,0,0.0
34674473438504,2018,160,110,68.8,17,10.6
34739733430378,2018,307,188,61.2,21,6.8
34739733430451,2018,37,30,81.1,0,0.0
34752830102236,2018,485,258,53.2,0,0.0
34752830112425,2018,162,73,45.1,13,8.0
34752830126060,2018,70,42,60.0,0,0.0
34752833430584,2018,216,163,75.5,27,12.5
34752833430626,2018,69,53,76.8,0,0.0
34752833430659,2018,127,29,22.8,0,0.0
34765050101832,2018,93,83,89.2,35,37.6
34765050108415,2018,102,55,53.9,0,0.0
34765050108795,2018,34,27,79.4,0,0.0
34765050108837,2018,139,113,81.3,14,10.1
34765050114272,2018,257,211,82.1,29,11.3
34765053430261,2018,57,50,87.7,0,0.0
34765053430634,2018,125,99,79.2,0,0.0
34765053430881,2018,58,51,87.9,0,0.0
34765053433265,2018,262,215,82.1,49,18.7
34765053433794,2018,409,356,87.0,57,13.9
34765053434370,2018,151,130,86.1,13,8.6
34765053436979,2018,321,259,80.7,26,8.1
35675383530029,2018,56,38,67.9,13,23.2
35675383537008,2018,712,422,59.3,49,6.9
35752593530060,2018,76,44,57.9,0,0.0
36103630107466,2018,203,168,82.8,33,16.3
36103633630431,2018,64,50,78.1,0,0.0
36103636069348,2018,25,19,76.0,0,0.0
36675870128462,2018,102,99,97.1,0,0.0
36676113630712,2018,61,52,85.2,0,0.0
36676113630803,2018,305,208,68.2,28,9.2
36676373630290,2018,19,18,94.7,0,0.0
36676373631066,2018,164,111,67.7,12,7.3
36676520126243,2018,32,16,50.0,0,0.0
36676523630225,2018,593,324,54.6,12,2.0
36676523630373,2018,843,365,43.3,23,2.7
36676523630571,2018,760,333,43.8,23,3.0
36676523631058,2018,748,270,36.1,27,3.6
36676523631157,2018,510,381,74.7,26,5.1
36676523632205,2018,729,650,89.2,124,17.0
36676523633906,2018,690,611,88.6,72,10.4
36676523634482,2018,571,504,88.3,72,12.6
36676523637659,2018,208,172,82.7,41,19.7
36676783630035,2018,372,269,72.3,19,5.1
36676783630522,2018,675,185,27.4,24,3.6
36676783631017,2018,685,223,32.6,20,2.9
36676783631587,2018,27,23,85.2,0,0.0
36676783631769,2018,107,82,76.6,13,12.1
36676783632502,2018,432,306,70.8,42,9.7
36676860125500,2018,526,362,68.8,37,7.0
36676863631322,2018,512,436,85.2,85,16.6
36676863632742,2018,434,379,87.3,36,8.3
36676863636131,2018,81,73,90.1,0,0.0
36677100108191,2018,522,344,65.9,40,7.7
36677100120758,2018,455,387,85.1,70,15.4
36677103630019,2018,150,112,74.7,34,22.7
36677103630480,2018,154,114,74.0,41,26.6
36677103630555,2018,487,414,85.0,71,14.6
36677103630902,2018,501,421,84.0,62,12.4
36677103633302,2018,528,485,91.9,112,21.2
36677360116723,2018,69,32,46.4,0,0.0
36677360128439,2018,47,24,51.1,0,0.0
36677360130948,2018,37,18,48.6,0,0.0
36677360131151,2018,198,174,87.9,15,7.6
36677773630217,2018,42,35,83.3,0,0.0
36677773636743,2018,180,116,64.4,0,0.0
36677773638616,2018,335,217,64.8,12,3.6
36678013634169,2018,58,27,46.6,0,0.0
36678270111807,2018,418,342,81.8,44,10.5
36678270113928,2018,129,84,65.1,0,0.0
36678430118802,2018,472,237,50.2,19,4.0
36678433630779,2018,540,293,54.3,19,3.5
36678433630928,2018,33,0,0.0,0,0.0
36678433634995,2018,98,82,83.7,0,0.0
36678433635042,2018,530,264,49.8,28,5.3
36678433667843,2018,47,27,57.4,0,0.0
36678500102830,2018,557,417,74.9,33,5.9
36678503630159,2018,111,100,90.1,39,35.1
36678503630530,2018,26,19,73.1,0,0.0
36678503630597,2018,606,529,87.3,86,14.2
36678503633005,2018,534,457,85.6,91,17.0
36678683630241,2018,31,0,0.0,0,0.0
36678683635265,2018,215,75,34.9,0,0.0
36678760109850,2018,51,43,84.3,0,0.0
36678760120568,2018,208,174,83.7,0,0.0
36678760125450,2018,390,309,79.2,62,15.9
36678763630308,2018,242,196,81.0,37,15.3
36678763630548,2018,14,11,78.6,0,0.0
36678763630993,2018,79,72,91.1,22,27.8
36678763631082,2018,574,467,81.4,90,15.7
36678763631090,2018,73,46,63.0,0,0.0
36678763632221,2018,610,356,58.4,20,3.3
36678763632809,2018,278,245,88.1,64,23.0
36678763634680,2018,272,222,81.6,35,12.9
36678763635844,2018,319,252,79.0,53,16.6
36678763636081,2018,457,330,72.2,43,9.4
36678920134247,2018,159,78,49.1,0,0.0
36678923636487,2018,16,14,87.5,0,0.0
36679340110064,2018,170,119,70.0,0,0.0
36679340125419,2018,403,341,84.6,59,14.6
36679343630100,2018,102,81,79.4,0,0.0
36679343630670,2018,175,139,79.4,0,0.0
36679343630761,2018,352,172,48.9,0,0.0
36679343630787,2018,517,414,80.1,38,7.4
36679343638012,2018,387,339,87.6,42,10.9
36679346114698,2018,103,75,72.8,0,0.0
36679590101410,2018,32,27,84.4,0,0.0
36679593633351,2018,52,37,71.2,0,0.0
36679593638509,2018,613,294,48.0,37,6.0
36738583630076,2018,15,13,86.7,0,0.0
36738903630274,2018,78,43,55.1,0,0.0
36738903630282,2018,18,0,0.0,0,0.0
36739573630233,2018,445,281,63.1,13,2.9
36739573630365,2018,88,72,81.8,0,0.0
36739573630589,2018,22,0,0.0,0,0.0
36750440114389,2018,35,20,57.1,0,0.0
36750440115444,2018,95,74,77.9,24,25.3
36750440116707,2018,128,66,51.6,0,0.0
36750440119115,2018,570,335,58.8,60,10.5
36750443630407,2018,448,371,82.8,98,21.9
36750443630472,2018,143,109,76.2,23,16.1
36750443630746,2018,396,267,67.4,54,13.6
36750443630811,2018,32,18,56.2,0,0.0
36750510115089,2018,73,23,31.5,0,0.0
36750510136432,2018,303,269,88.8,24,7.9
36750513630563,2018,36,28,77.8,0,0.0
36750693630456,2018,109,85,78.0,25,22.9
36750693637584,2018,731,398,54.4,46,6.3
36750773630423,2018,503,302,60.0,33,6.6
36750773630894,2018,346,243,70.2,20,5.8
36750773631009,2018,68,59,86.8,0,0.0
36750773631207,2018,98,29,29.6,0,0.0
37103710115998,2018,18,18,100.0,0,0.0
37103710120493,2018,20,20,100.0,0,0.0
37103710128520,2018,197,156,79.2,79,40.1
37103710128538,2018,152,83,54.6,39,25.7
37103716119119,2018,90,29,32.2,0,0.0
37679830134890,2018,691,505,73.1,67,9.7
37679833730447,2018,37,30,81.1,0,0.0
37680236037980,2018,91,50,54.9,0,0.0
37680236115778,2018,105,81,77.1,0,0.0
37680313731478,2018,277,27,9.7,0,0.0
37680490129221,2018,13,0,0.0,0,0.0
37680490131169,2018,128,49,38.3,0,0.0
37680490132506,2018,124,52,41.9,0,0.0
37680490136614,2018,190,155,81.6,26,13.7
37680496119564,2018,91,28,30.8,0,0.0
37681060111195,2018,309,40,12.9,0,0.0
37681060127241,2018,184,82,44.6,0,0.0
37681063730058,2018,516,303,58.7,40,7.8
37681063731023,2018,200,69,34.5,0,0.0
37681063732054,2018,126,108,85.7,41,32.5
37681063732062,2018,510,371,72.7,69,13.5
37681063735313,2018,463,404,87.3,73,15.8
37681223730967,2018,27,13,48.1,0,0.0
37681223732179,2018,421,268,63.7,41,9.7
37681223732195,2018,50,42,84.0,0,0.0
37681300132548,2018,50,27,54.0,0,0.0
37681303730066,2018,522,254,48.7,52,10.0
37681303730702,2018,404,129,31.9,0,0.0
37681303731262,2018,517,177,34.2,39,7.5
37681303731536,2018,35,13,37.1,0,0.0
37681303731692,2018,435,387,89.0,174,40.0
37681303731809,2018,382,188,49.2,0,0.0
37681303732336,2018,487,237,48.7,22,4.5
37681303732559,2018,17,0,0.0,0,0.0
37681303732625,2018,476,247,51.9,33,6.9
37681303732732,2018,564,328,58.2,42,7.4
37681303734548,2018,394,294,74.6,49,12.4
37681303734761,2018,306,246,80.4,57,18.6
37681303737905,2018,350,146,41.7,0,0.0
37681630124271,2018,176,143,81.2,41,23.3
37681633731239,2018,142,45,31.7,0,0.0
37681713733219,2018,24,17,70.8,0,0.0
37681890118323,2018,43,31,72.1,0,0.0
37681893731072,2018,52,0,0.0,0,0.0
37682130123224,2018,137,80,58.4,0,0.0
37682130123240,2018,45,22,48.9,0,0.0
37682130127084,2018,24,0,0.0,0,0.0
37682130129668,2018,45,26,57.8,0,0.0
37682133734878,2018,80,51,63.8,15,18.8
37682960118935,2018,514,66,12.8,19,3.7
37682963730074,2018,467,104,22.3,26,5.6
37682963730819,2018,599,101,16.9,21,3.5
37682963731528,2018,593,90,15.2,15,2.5
37682963735842,2018,45,17,37.8,0,0.0
37682963735867,2018,522,110,21.1,17,3.3
37683040131250,2018,25,0,0.0,0,0.0
37683043735958,2018,68,38,55.9,0,0.0
37683043735974,2018,326,116,35.6,17,5.2
37683380106732,2018,101,49,48.5,0,0.0
37683380106799,2018,100,58,58.0,0,0.0
37683380107029,2018,293,171,58.4,0,0.0
37683380107052,2018,96,82,85.4,24,25.0
37683380107078,2018,91,71,78.0,0,0.0
37683380107086,2018,77,58,75.3,0,0.0
37683380107094,2018,102,78,76.5,0,0.0
37683380107102,2018,62,40,64.5,0,0.0
37683380107177,2018,214,188,87.9,67,31.3
37683380107219,2018,158,115,72.8,25,15.8
37683380107482,2018,33,14,42.4,0,0.0
37683380108787,2018,94,47,50.0,0,0.0
37683380114025,2018,361,312,86.4,89,24.7
37683380114462,2018,154,81,52.6,20,13.0
37683380118315,2018,15,13,86.7,0,0.0
37683380118851,2018,97,93,95.9,34,35.1
37683380119610,2018,132,113,85.6,19,14.4
37683380120410,2018,13,0,0.0,0,0.0
37683380122788,2018,60,13,21.7,0,0.0
37683380127647,2018,90,72,80.0,20,22.2
37683380128744,2018,13,0,0.0,0,0.0
37683380131979,2018,52,33,63.5,0,0.0
37683383730173,2018,373,209,56.0,16,4.3
37683383730181,2018,618,292,47.2,44,7.1
37683383730231,2018,123,96,78.0,27,22.0
37683383730314,2018,457,180,39.4,15,3.3
37683383730371,2018,159,79,49.7,0,0.0
37683383730751,2018,29,0,0.0,0,0.0
37683383730884,2018,543,94,17.3,0,0.0
37683383730959,2018,135,72,53.3,0,0.0
37683383731189,2018,107,103,96.3,0,0.0
37683383731213,2018,192,105,54.7,11,5.7
37683383731247,2018,126,55,43.7,0,0.0
37683383731395,2018,74,32,43.2,0,0.0
37683383732781,2018,510,217,42.5,17,3.3
37683383732997,2018,507,462,91.1,79,15.6
37683383733508,2018,339,87,25.7,0,0.0
37683383733698,2018,218,153,70.2,0,0.0
37683383734431,2018,226,148,65.5,13,5.8
37683383734654,2018,373,301,80.7,30,8.0
37683383735750,2018,456,161,35.3,17,3.7
37683383737962,2018,136,123,90.4,28,20.6
37683386040083,2018,29,22,75.9,0,0.0
37683386061964,2018,126,94,74.6,0,0.0
37683460106328,2018,633,32,5.1,0,0.0
37683463730033,2018,615,70,11.4,27,4.4
37683463731007,2018,476,64,13.4,22,4.6
37683463737384,2018,61,17,27.9,0,0.0
37683463737418,2018,483,89,18.4,0,0.0
37684030125401,2018,86,55,64.0,0,0.0
37684036120893,2018,227,108,47.6,0,0.0
37684110111831,2018,607,155,25.5,31,5.1
37684110115873,2018,11,0,0.0,0,0.0
37684113730124,2018,445,362,81.3,146,32.8
37684113730405,2018,590,240,40.7,34,5.8
37684113730801,2018,420,314,74.8,117,27.9
37684113730843,2018,754,163,21.6,41,5.4
37684113731064,2018,621,467,75.2,161,25.9
37684113731155,2018,21,16,76.2,0,0.0
37684113731304,2018,71,42,59.2,52,73.2
37684113731502,2018,613,477,77.8,234,38.2
37684113731627,2018,581,191,32.9,45,7.7
37684113732047,2018,130,93,71.5,55,42.3
37684113732849,2018,550,306,55.6,78,14.2
37684113733953,2018,382,246,64.4,91,23.8
37684113738226,2018,691,560,81.0,165,23.9
37684113738234,2018,425,292,68.7,108,25.4
37684113768411,2018,118,56,47.5,30,25.4
37684370128470,2018,52,27,51.9,0,0.0
37684520106120,2018,212,192,90.6,47,22.2
37684520114264,2018,39,15,38.5,0,0.0
37684520115451,2018,87,76,87.4,0,0.0
37684520118430,2018,398,113,28.4,0,0.0
37684520124917,2018,18,13,72.2,0,0.0
37684523730728,2018,472,278,58.9,27,5.7
37684523730942,2018,102,61,59.8,0,0.0
37684523732039,2018,43,38,88.4,0,0.0
37684523738705,2018,565,418,74.0,51,9.0
37735510127423,2018,322,68,21.1,0,0.0
37735513730017,2018,43,22,51.2,0,0.0
37735513730694,2018,489,116,23.7,0,0.0
37735513731163,2018,13,0,0.0,0,0.0
37735690136267,2018,47,0,0.0,0,0.0
37735693731221,2018,134,88,65.7,0,0.0
37735693735206,2018,484,347,71.7,29,6.0
37735693739018,2018,728,406,55.8,31,4.3
37735693739026,2018,82,73,89.0,16,19.5
37737910105726,2018,575,271,47.1,45,7.8
37737913730215,2018,83,53,63.9,14,16.9
37737913730793,2018,27,0,0.0,0,0.0
37737913737632,2018,745,245,32.9,42,5.6
37754160132472,2018,80,30,37.5,0,0.0
37756143731114,2018,265,132,49.8,19,7.2
37756143731312,2018,29,21,72.4,0,0.0
37756143731601,2018,20,0,0.0,0,0.0
37764710114678,2018,149,82,55.0,13,8.7
37764710114694,2018,99,21,21.2,0,0.0
37768510129320,2018,75,38,50.7,0,0.0
37770320134577,2018,42,17,40.5,0,0.0
37770990136077,2018,41,26,63.4,0,0.0
37771070136473,2018,41,32,78.0,0,0.0
38684780102103,2018,59,42,71.2,0,0.0
38684780107300,2018,71,44,62.0,0,0.0
38684780118141,2018,74,51,68.9,0,0.0
38684780119875,2018,104,87,83.7,100,96.2
38684780119958,2018,94,51,54.3,0,0.0
38684780127530,2018,54,20,37.0,0,0.0
38684783830031,2018,35,22,62.9,0,0.0
38684783830197,2018,60,0,0.0,0,0.0
38684783830205,2018,144,79,54.9,13,9.0
38684783830254,2018,254,179,70.5,47,18.5
38684783830288,2018,294,182,61.9,45,15.3
38684783830387,2018,160,38,23.8,0,0.0
38684783830403,2018,94,62,66.0,69,73.4
38684783830411,2018,84,62,73.8,0,0.0
38684783830437,2018,120,46,38.3,0,0.0
38684783831765,2018,438,296,67.6,107,24.4
38684783833241,2018,511,270,52.8,93,18.2
38684783833407,2018,644,237,36.8,0,0.0
38684783834082,2018,306,184,60.1,150,49.0
38684783834769,2018,116,61,52.6,29,25.0
38684783839081,2018,498,286,57.4,90,18.1
39103970120717,2018,66,59,89.4,0,0.0
39103973930195,2018,38,24,63.2,0,0.0
39103973930468,2018,434,365,84.1,75,17.3
39103973930476,2018,266,172,64.7,20,7.5
39685023930054,2018,19,13,68.4,0,0.0
39685023932308,2018,179,87,48.6,12,6.7
39685693933793,2018,56,45,80.4,0,0.0
39685693933801,2018,673,378,56.2,56,8.3
39685770118307,2018,33,26,78.8,0,0.0
39685773933959,2018,157,91,58.0,0,0.0
39685850101956,2018,92,41,44.6,0,0.0
39685850108225,2018,434,352,81.1,68,15.7
39685850122580,2018,125,95,76.0,14,11.2
39685853930237,2018,447,271,60.6,38,8.5
39685853930278,2018,56,43,76.8,11,19.6
39685853930344,2018,46,32,69.6,0,0.0
39685853930443,2018,62,29,46.8,0,0.0
39685853934759,2018,492,317,64.4,61,12.4
39685853934767,2018,45,38,84.4,16,35.6
39685853934783,2018,510,262,51.4,42,8.2
39685930101576,2018,287,217,75.6,34,11.8
39685930112565,2018,55,49,89.1,0,0.0
39685930116376,2018,322,194,60.2,25,7.8
39685930126094,2018,23,0,0.0,0,0.0
39685933930310,2018,337,170,50.4,22,6.5
39685933932001,2018,401,223,55.6,22,5.5
39685933935103,2018,300,182,60.7,40,13.3
39685933935111,2018,103,77,74.8,24,23.3
39686270126755,2018,59,42,71.2,0,0.0
39686270127191,2018,158,67,42.4,0,0.0
39686270129908,2018,44,23,52.3,0,0.0
39686270130864,2018,41,18,43.9,0,0.0
39686270133116,2018,83,42,50.6,0,0.0
39686270136028,2018,42,25,59.5,0,0.0
39686276119309,2018,73,29,39.7,0,0.0
39686500125849,2018,162,53,32.7,0,0.0
39686503935756,2018,203,66,32.5,14,6.9
39686760108159,2018,537,380,70.8,61,11.4
39686760115402,2018,44,42,95.5,13,29.5
39686760118497,2018,89,57,64.0,0,0.0
39686760119743,2018,101,66,65.3,0,0.0
39686760119784,2018,71,60,84.5,0,0.0
39686760120733,2018,58,28,48.3,0,0.0
39686760123802,2018,103,86,83.5,0,0.0
39686760124248,2018,51,37,72.5,0,0.0
39686763930211,2018,77,67,87.0,14,18.2
39686763930427,2018,112,88,78.6,0,0.0
39686763932100,2018,528,456,86.4,76,14.4
39686763932654,2018,475,406,85.5,99,20.8
39686763937406,2018,379,287,75.7,47,12.4
39754990102392,2018,131,33,25.2,0,0.0
39754990114140,2018,62,40,64.5,15,24.2
39754990119040,2018,360,137,38.1,30,8.3
39754993930302,2018,486,273,56.2,77,15.8
39754993938008,2018,448,165,36.8,34,7.6
39767600128967,2018,277,73,26.4,0,0.0
40104050101725,2018,115,105,91.3,24,20.9
40104054030250,2018,31,28,90.3,0,0.0
40687004030102,2018,34,0,0.0,0,0.0
40687004030151,2018,39,26,66.7,0,0.0
40687004030755,2018,272,92,33.8,0,0.0
40687590125328,2018,67,21,31.3,0,0.0
40687594030268,2018,218,146,67.0,0,0.0
40687594030557,2018,484,176,36.4,21,4.3
40687594033205,2018,73,54,74.0,0,0.0
40688094030045,2018,21,14,66.7,0,0.0
40688094034807,2018,190,73,38.4,0,0.0
40688094036703,2018,349,112,32.1,19,5.4
40688334037008,2018,19,16,84.2,12,63.2
40688414030185,2018,23,0,0.0,0,0.0
40688414037701,2018,162,23,14.2,0,0.0
40754570119354,2018,61,32,52.5,0,0.0
40754574035754,2018,455,209,45.9,25,5.5
40754574035762,2018,67,44,65.7,0,0.0
40754654032009,2018,42,22,52.4,0,0.0
41104134130076,2018,24,12,50.0,0,0.0
41688904132817,2018,221,97,43.9,16,7.2
41689160112284,2018,95,35,36.8,0,0.0
41689240127548,2018,102,37,36.3,0,0.0
41689244133393,2018,257,153,59.5,39,15.2
41689244135075,2018,136,40,29.4,0,0.0
41689244137535,2018,201,40,19.9,0,0.0
41689244137592,2018,60,34,56.7,0,0.0
41689244137790,2018,392,166,42.3,52,13.3
41689404135331,2018,20,15,75.0,0,0.0
41689990134197,2018,23,20,87.0,0,0.0
41690470135814,2018,84,53,63.1,32,38.1
41690474130217,2018,391,89,22.8,0,0.0
41690474130472,2018,358,46,12.8,0,0.0
41690474130738,2018,263,103,39.2,46,17.5
41690474133070,2018,352,80,22.7,34,9.7
41690474134557,2018,301,59,19.6,15,5.0
41690474136370,2018,393,151,38.4,52,13.2
41690620112722,2018,94,54,57.4,13,13.8
41690620119503,2018,89,41,46.1,20,22.5
41690620126722,2018,69,64,92.8,26,37.7
41690624130993,2018,510,61,12.0,15,2.9
41690624133716,2018,626,279,44.6,89,14.2
41690624135687,2018,109,86,78.9,36,33.0
41690624136693,2018,500,278,55.6,107,21.4
41690624138053,2018,430,190,44.2,61,14.2
41690704130324,2018,61,35,57.4,0,0.0
41690704132551,2018,327,108,33.0,19,5.8
41690704137279,2018,314,172,54.8,48,15.3
42104214230157,2018,23,17,73.9,0,0.0
42691120111773,2018,49,28,57.1,0,0.0
42691120124255,2018,26,0,0.0,0,0.0
42691464230587,2018,137,84,61.3,31,22.6
42691464230595,2018,15,0,0.0,0,0.0
42692294230454,2018,288,136,47.2,15,5.2
42692294233029,2018,55,46,83.6,0,0.0
42692294233060,2018,333,250,75.1,72,21.6
42692600116434,2018,142,39,27.5,0,0.0
42693100102285,2018,573,471,82.2,113,19.7
42693104231452,2018,191,170,89.0,59,30.9
42693104234613,2018,521,308,59.1,69,13.2
42693104236030,2018,556,521,93.7,155,27.9
42693284236345,2018,216,72,33.3,0,0.0
42767860120402,2018,56,24,42.9,0,0.0
42767864231726,2018,463,166,35.9,14,3.0
42767864232690,2018,58,48,82.8,0,0.0
42767864235230,2018,498,250,50.2,46,9.2
42767864235727,2018,476,237,49.8,30,6.3
42769500132894,2018,171,105,61.4,27,15.8
43104390113431,2018,97,15,15.5,0,0.0
43104390123257,2018,76,62,81.6,22,28.9
43104390123794,2018,99,38,38.4,0,0.0
43104390135087,2018,82,69,84.1,0,0.0
43104394330254,2018,58,45,77.6,21,36.2
43104394330320,2018,23,17,73.9,0,0.0
43104396069371,2018,23,0,0.0,0,0.0
43694014330239,2018,418,45,10.8,12,2.9
43694014330759,2018,92,56,60.9,0,0.0
43694014330866,2018,405,79,19.5,0,0.0
43694014331955,2018,313,175,55.9,18,5.8
43694014336137,2018,373,152,40.8,32,8.6
43694014338505,2018,376,106,28.2,20,5.3
43694270107151,2018,36,32,88.9,36,100.0
43694270116889,2018,115,55,47.8,0,0.0
43694270123745,2018,110,47,42.7,0,0.0
43694270125427,2018,75,42,56.0,16,21.3
43694270125617,2018,43,39,90.7,22,51.2
43694270130856,2018,102,87,85.3,24,23.5
43694270131995,2018,71,41,57.7,27,38.0
43694270132274,2018,94,81,86.2,16,17.0
43694274330015,2018,417,277,66.4,119,28.5
43694274330023,2018,512,97,18.9,28,5.5
43694274330031,2018,676,293,43.3,124,18.3
43694274330312,2018,41,18,43.9,0,0.0
43694274330353,2018,51,28,54.9,0,0.0
43694274330361,2018,75,59,78.7,30,40.0
43694274330668,2018,100,62,62.0,29,29.0
43694274330692,2018,711,112,15.8,26,3.7
43694274332318,2018,112,88,78.6,26,23.2
43694274332995,2018,464,280,60.3,118,25.4
43694274333639,2018,256,195,76.2,48,18.8
43694274334900,2018,305,208,68.2,76,24.9
43694274335204,2018,412,199,48.3,64,15.5
43694274335428,2018,345,299,86.7,108,31.3
43694274335907,2018,487,132,27.1,33,6.8
43694274337903,2018,617,229,37.1,73,11.8
43694684331799,2018,606,82,13.5,35,5.8
43694684332474,2018,487,201,41.3,65,13.3
43694684333316,2018,602,124,20.6,49,8.1
43694684334421,2018,383,26,6.8,13,3.4
43694684334462,2018,571,33,5.8,11,1.9
43694840114496,2018,64,22,34.4,0,0.0
43694840118380,2018,391,152,38.9,22,5.6
43694844332839,2018,381,244,64.0,34,8.9
43694844334850,2018,111,80,72.1,20,18.0
43695344334371,2018,540,22,4.1,0,0.0
43695344337762,2018,307,0,0.0,0,0.0
43695830102368,2018,323,117,36.2,21,6.5
43695834333951,2018,266,93,35.0,16,6.0
43695834334488,2018,54,32,59.3,0,0.0
43696094334116,2018,524,114,21.8,29,5.5
43696094334728,2018,457,99,21.7,38,8.3
43696094334736,2018,37,29,78.4,0,0.0
43696414332904,2018,489,47,9.6,0,0.0
43696414335782,2018,497,0,0.0,0,0.0
43696664330080,2018,250,163,65.2,32,12.8
43696664330502,2018,114,78,68.4,21,18.4
43696664330585,2018,89,73,82.0,21,23.6
43696664330593,2018,22,13,59.1,0,0.0
43696664332110,2018,74,54,73.0,23,31.1
43696664333522,2018,463,70,15.1,0,0.0
43696664333795,2018,472,294,62.3,69,14.6
43696664335949,2018,383,113,29.5,21,5.5
43696664337200,2018,242,207,85.5,75,31.0
43696664338950,2018,407,163,40.0,40,9.8
43696740135970,2018,42,21,50.0,0,0.0
43696744330122,2018,421,190,45.1,51,12.1
43696744330247,2018,63,42,66.7,0,0.0
43696744338406,2018,65,45,69.2,15,23.1
43696744338802,2018,449,197,43.9,53,11.8
43733874331039,2018,47,33,70.2,13,27.7
43733874334470,2018,744,259,34.8,85,11.4
44104474430252,2018,90,12,13.3,0,0.0
44104474430278,2018,243,104,42.8,48,19.8
44697650100305,2018,37,0,0.0,0,0.0
44697990105858,2018,288,252,87.5,57,19.8
44697990117804,2018,67,55,82.1,0,0.0
44697994430203,2018,25,17,68.0,17,68.0
44697994430229,2018,49,30,61.2,0,0.0
44697994430245,2018,16,13,81.2,0,0.0
44697994430518,2018,342,130,38.0,25,7.3
44697994437794,2018,97,69,71.1,47,48.5
44697994437901,2018,453,355,78.4,130,28.7
44698070110007,2018,88,18,20.5,0,0.0
44698074430179,2018,16,0,0.0,0,0.0
44698074436754,2018,143,35,24.5,0,0.0
44698234430187,2018,51,0,0.0,0,0.0
44698234432340,2018,199,113,56.8,30,15.1
44698234436960,2018,25,16,64.0,0,0.0
44698234437109,2018,244,66,27.0,0,0.0
44698234437406,2018,284,87,30.6,13,4.6
44754324430211,2018,196,11,5.6,0,0.0
45104540132647,2018,58,43,74.1,0,0.0
45698564530028,2018,215,95,44.2,0,0.0
45698564530051,2018,45,28,62.2,0,0.0
45698564530333,2018,42,16,38.1,0,0.0
45698564530762,2018,27,19,70.4,0,0.0
45698564530804,2018,107,71,66.4,0,0.0
45699894531000,2018,28,19,67.9,0,0.0
45699894533600,2018,39,14,35.9,0,0.0
45701100135889,2018,22,0,0.0,0,0.0
45701360106013,2018,130,17,13.1,0,0.0
45701360114132,2018,17,0,0.0,0,0.0
45701360114231,2018,11,0,0.0,0,0.0
45701360114249,2018,17,14,82.4,0,0.0
45701364530044,2018,303,77,25.4,0,0.0
45701364530200,2018,88,57,64.8,0,0.0
45701364530267,2018,77,23,29.9,0,0.0
45701364530309,2018,66,31,47.0,0,0.0
45701364532750,2018,271,125,46.1,0,0.0
45701364537304,2018,309,104,33.7,0,0.0
45701690129957,2018,27,20,74.1,0,0.0
45701690134031,2018,21,0,0.0,0,0.0
45701690136440,2018,35,20,57.1,0,0.0
45752674530077,2018,16,15,93.8,0,0.0
45752674530101,2018,14,0,0.0,0,0.0
45752674531901,2018,130,80,61.5,0,0.0
46701774634259,2018,21,0,0.0,0,0.0
47104700117168,2018,56,32,57.1,0,0.0
47702504732707,2018,15,0,0.0,0,0.0
47704664734356,2018,26,14,53.8,0,0.0
47704664735403,2018,75,29,38.7,0,0.0
47704664738753,2018,38,29,76.3,0,0.0
47705164730024,2018,15,0,0.0,0,0.0
47705164739207,2018,138,50,36.2,0,0.0
47736844731253,2018,20,0,0.0,0,0.0
47764554733309,2018,44,21,47.7,0,0.0
48104884830071,2018,14,0,0.0,0,0.0
48104886089668,2018,18,0,0.0,0,0.0
48705244830048,2018,38,14,36.8,0,0.0
48705244831004,2018,370,74,20.0,0,0.0
48705324830055,2018,44,34,77.3,15,34.1
48705324832259,2018,255,136,53.3,24,9.4
48705400125310,2018,84,45,53.6,0,0.0
48705404830170,2018,431,136,31.6,0,0.0
48705404830451,2018,508,339,66.7,36,7.1
48705404833000,2018,339,236,69.6,22,6.5
48705404836003,2018,153,121,79.1,0,0.0
48705654830022,2018,46,23,50.0,0,0.0
48705654838801,2018,370,99,26.8,0,0.0
48705730135095,2018,63,26,41.3,0,0.0
48705734830089,2018,348,136,39.1,0,0.0
48705734830113,2018,124,30,24.2,0,0.0
48705734833869,2018,53,38,71.7,0,0.0
48705734837803,2018,424,125,29.5,20,4.7
48705814830147,2018,372,208,55.9,24,6.5
48705814830196,2018,124,43,34.7,0,0.0
48705814838058,2018,70,53,75.7,0,0.0
48705814838504,2018,373,271,72.7,59,15.8
49104964930079,2018,19,0,0.0,0,0.0
49104964930343,2018,23,0,0.0,0,0.0
49706074930327,2018,36,0,0.0,0,0.0
49706074930400,2018,267,76,28.5,0,0.0
49706074931507,2018,123,46,37.4,0,0.0
49706150127662,2018,17,0,0.0,0,0.0
49706564930855,2018,77,47,61.0,0,0.0
49707060129981,2018,13,0,0.0,0,0.0
49707220136465,2018,61,0,0.0,0,0.0
49707306120588,2018,64,37,57.8,0,0.0
49707970107284,2018,76,49,64.5,0,0.0
49708390120584,2018,87,38,43.7,0,0.0
49708620128157,2018,15,0,0.0,0,0.0
49708624930012,2018,435,167,38.4,27,6.2
49708624930236,2018,23,0,0.0,0,0.0
49708624935151,2018,326,87,26.7,0,0.0
49708624935862,2018,38,28,73.7,0,0.0
49708700106344,2018,18,11,61.1,0,0.0
49709040101923,2018,146,136,93.2,14,9.6
49709534930152,2018,32,25,78.1,0,0.0
49709534937256,2018,294,158,53.7,18,6.1
49709614930319,2018,27,0,0.0,0,0.0
49738820123786,2018,65,32,49.2,0,0.0
49738824930046,2018,26,17,65.4,0,0.0
49738824930384,2018,79,15,19.0,0,0.0
49738824935482,2018,359,170,47.4,31,8.6
49753584930228,2018,407,142,34.9,17,4.2
49753584930269,2018,28,0,0.0,0,0.0
49753904932554,2018,137,70,51.1,0,0.0
50105040131235,2018,73,63,86.3,0,0.0
50105045030069,2018,42,37,88.1,0,0.0
50105045030085,2018,44,38,86.4,13,29.5
50105045030226,2018,57,52,91.2,0,0.0
50105045030234,2018,34,14,41.2,0,0.0
50710430107136,2018,37,0,0.0,0,0.0
50710430108076,2018,446,368,82.5,26,5.8
50710435030168,2018,65,45,69.2,0,0.0
50710435030200,2018,113,95,84.1,19,16.8
50710435030879,2018,375,296,78.9,37,9.9
50710685030267,2018,71,44,62.0,0,0.0
50710685031521,2018,51,35,68.6,0,0.0
50710926112965,2018,23,0,0.0,0,0.0
50711346113286,2018,26,0,0.0,0,0.0
50711750110593,2018,577,256,44.4,0,0.0
50711750120212,2018,24,15,62.5,0,0.0
50711750121129,2018,537,266,49.5,0,0.0
50711755030010,2018,368,197,53.5,14,3.8
50711755030135,2018,411,350,85.2,22,5.4
50711755031380,2018,439,369,84.1,122,27.8
50711755031802,2018,463,345,74.5,24,5.2
50711755034905,2018,582,452,77.7,40,6.9
50711755034913,2018,292,251,86.0,43,14.7
50712170133124,2018,33,23,69.7,0,0.0
50712175030127,2018,38,29,76.3,0,0.0
50712175036256,2018,362,270,74.6,46,12.7
50736015035902,2018,215,146,67.9,50,23.3
50755495032651,2018,157,74,47.1,0,0.0
50755495032669,2018,18,12,66.7,0,0.0
50755560112573,2018,39,33,84.6,16,41.0
50755565036850,2018,145,121,83.4,41,28.3
50755645030176,2018,23,0,0.0,0,0.0
50755645031950,2018,48,31,64.6,0,0.0
50755645035654,2018,334,113,33.8,0,0.0
50755720117689,2018,18,15,83.3,0,0.0
50755725030259,2018,130,96,73.8,14,10.8
50755725030317,2018,200,113,56.5,0,0.0
50757390124669,2018,36,25,69.4,0,0.0
50757390131185,2018,40,32,80.0,0,0.0
50757395030283,2018,505,270,53.5,68,13.5
50757395036884,2018,98,92,93.9,34,34.7
50757395037700,2018,537,330,61.5,71,13.2
51713735132758,2018,78,27,34.6,0,0.0
51713995135256,2018,131,102,77.9,0,0.0
51714070109793,2018,159,74,46.5,0,0.0
51714150129007,2018,101,49,48.5,0,0.0
51714150132761,2018,39,0,0.0,0,0.0
51714230132977,2018,15,0,0.0,0,0.0
51714495130042,2018,17,0,0.0,0,0.0
51714495137500,2018,177,65,36.7,0,0.0
51714560133934,2018,63,22,34.9,0,0.0
51714640107722,2018,429,282,65.7,31,7.2
51714645130018,2018,84,73,86.9,0,0.0
51714645130075,2018,26,21,80.8,0,0.0
51714645130125,2018,14,13,92.9,0,0.0
51714645139001,2018,400,274,68.5,27,6.8
52105206119671,2018,31,25,80.6,0,0.0
52715065231675,2018,12,0,0.0,0,0.0
52715065231709,2018,217,147,67.7,38,17.5
52715715235106,2018,38,24,63.2,0,0.0
52716395237151,2018,41,38,92.7,0,0.0
52716395237201,2018,314,162,51.6,0,0.0
53105380125633,2018,17,0,0.0,0,0.0
53750285337407,2018,12,0,0.0,0,0.0
53765135337456,2018,83,39,47.0,0,0.0
54105460119602,2018,54,11,20.4,0,0.0
54105465430061,2018,48,26,54.2,0,0.0
54105465430327,2018,44,40,90.9,0,0.0
54105465430343,2018,24,18,75.0,0,0.0
54718030112458,2018,53,24,45.3,0,0.0
54718035430301,2018,24,23,95.8,0,0.0
54718370109009,2018,83,62,74.7,19,22.9
54718370122705,2018,15,13,86.7,0,0.0
54718605430806,2018,25,21,84.0,15,60.0
54718605433230,2018,244,229,93.9,62,25.4
54719935430194,2018,29,28,96.6,15,51.7
54719935432414,2018,247,236,95.5,43,17.4
54721400136507,2018,108,91,84.3,0,0.0
54722490116368,2018,365,279,76.4,46,12.6
54722490130708,2018,22,18,81.8,0,0.0
54722490133793,2018,90,80,88.9,23,25.6
54722495435409,2018,395,282,71.4,27,6.8
54722495435466,2018,422,331,78.4,37,8.8
54722560109751,2018,234,152,65.0,21,9.0
54722560120659,2018,73,41,56.2,0,0.0
54722565430046,2018,374,236,63.1,25,6.7
54722565430368,2018,467,265,56.7,21,4.5
54722565432828,2018,413,248,60.0,41,9.9
54722565434527,2018,499,228,45.7,14,2.8
54722565435839,2018,140,122,87.1,28,20.0
54753255430210,2018,169,147,87.0,29,17.2
54753255430277,2018,24,23,95.8,0,0.0
54755230114348,2018,128,101,78.9,20,15.6
54755230116590,2018,113,69,61.1,0,0.0
54755235430251,2018,327,294,89.9,51,15.6
54755235430350,2018,31,29,93.5,0,0.0
54755235430624,2018,67,56,83.6,0,0.0
54755235432786,2018,480,324,67.5,60,12.5
54755235434113,2018,445,331,74.4,77,17.3
54755235434931,2018,82,72,87.8,24,29.3
54755310102186,2018,67,56,83.6,19,28.4
54755315431119,2018,38,33,86.8,16,42.1
54755315431184,2018,446,330,74.0,60,13.5
54767945436258,2018,15,15,100.0,0,0.0
54767945436282,2018,150,131,87.3,22,14.7
54768365431598,2018,194,110,56.7,11,5.7
54768365431614,2018,28,25,89.3,0,0.0
55723895530019,2018,17,0,0.0,0,0.0
55723895530043,2018,28,0,0.0,0,0.0
55723895536503,2018,227,91,40.1,0,0.0
55724130112276,2018,51,24,47.1,0,0.0
55724135530191,2018,45,0,0.0,0,0.0
55724135536750,2018,80,31,38.8,0,0.0
55751845530076,2018,15,0,0.0,0,0.0
55751845530084,2018,17,0,0.0,0,0.0
56105610109900,2018,295,225,76.3,18,6.1
56105610122713,2018,23,0,0.0,0,0.0
56105610135780,2018,18,0,0.0,0,0.0
56105615630223,2018,30,22,73.3,0,0.0
56105615630397,2018,18,13,72.2,0,0.0
56724545630173,2018,49,40,81.6,0,0.0
56724545632021,2018,221,154,69.7,0,0.0
56724705630363,2018,27,13,48.1,0,0.0
56725205631817,2018,20,16,80.0,0,0.0
56725205634076,2018,153,73,47.7,0,0.0
56725460120634,2018,48,23,47.9,0,0.0
56725460125674,2018,176,131,74.4,27,15.3
56725460131698,2018,179,31,17.3,0,0.0
56725465630066,2018,159,147,92.5,43,27.0
56725465630389,2018,750,601,80.1,114,15.2
56725465631619,2018,494,135,27.3,11,2.2
56725465631742,2018,535,454,84.9,65,12.1
56725465632849,2018,506,454,89.7,72,14.2
56725465634548,2018,617,410,66.5,49,7.9
56725465634761,2018,471,283,60.1,35,7.4
56726035630249,2018,71,21,29.6,0,0.0
56726035630322,2018,254,59,23.2,0,0.0
56726035634993,2018,58,34,58.6,0,0.0
56726035635008,2018,453,176,38.9,19,4.2
56726035636188,2018,494,114,23.1,11,2.2
56726525630272,2018,64,53,82.8,16,25.0
56726525630298,2018,88,18,20.5,0,0.0
56726525630348,2018,225,92,40.9,0,0.0
56726525630793,2018,406,206,50.7,37,9.1
56726525637822,2018,493,274,55.6,63,12.8
56737595630108,2018,71,44,62.0,0,0.0
56737595630116,2018,556,116,20.9,0,0.0
56737595633748,2018,598,119,19.9,15,2.5
56737595637004,2018,508,113,22.2,0,0.0
56738745630132,2018,376,31,8.2,0,0.0
56738745630199,2018,14,0,0.0,0,0.0
56738745630256,2018,47,0,0.0,0,0.0
56739405630215,2018,18,12,66.7,0,0.0
56739405630371,2018,18,0,0.0,0,0.0
56739405633250,2018,441,155,35.1,17,3.9
56768285635776,2018,361,313,86.7,35,9.7
56768285636170,2018,49,49,100.0,18,36.7
57105790113787,2018,35,23,65.7,0,0.0
57726780119578,2018,99,20,20.2,0,0.0
57726785730098,2018,20,0,0.0,0,0.0
57726785732201,2018,571,107,18.7,26,4.6
57726785732219,2018,28,0,0.0,0,0.0
57726865732904,2018,47,38,80.9,0,0.0
57726945735154,2018,524,348,66.4,54,10.3
57726945739552,2018,53,45,84.9,0,0.0
57727025738505,2018,99,62,62.6,0,0.0
57727100101162,2018,355,215,60.6,33,9.3
57727105738802,2018,316,203,64.2,31,9.8
57727105738810,2018,71,61,85.9,0,0.0
58105875830047,2018,21,21,100.0,0,0.0
58105875830112,2018,63,53,84.1,0,0.0
58727286115935,2018,42,21,50.0,0,0.0
58727365830013,2018,232,198,85.3,53,22.8
58727365830096,2018,62,54,87.1,13,21.0
58727365830138,2018,60,27,45.0,0,0.0
58727365835202,2018,189,119,63.0,15,7.9
58727365872736,2018,68,61,89.7,0,0.0
58727695838305,2018,167,74,44.3,0,0.0
01100170112607,2019,90,69,76.7,7,7.8
01100170130419,2019,31,21,67.7,0,0.0
01100170136101,2019,20,6,30.0,0,0.0
01100170136226,2019,40,0,0.0,0,0.0
01157250115725,2019,64,60,93.8,11,17.2
01316170131763,2019,35,14,40.0,4,11.4
01611190106401,2019,50,9,18.0,0,0.0
01611190119222,2019,34,19,55.9,0,0.0
01611190130229,2019,420,88,21.0,24,5.7
01611190130609,2019,54,14,25.9,0,0.0
01611190130625,2019,51,49,96.1,27,52.9
01611190132142,2019,219,106,48.4,24,11.0
01611190134304,2019,37,23,62.2,5,13.5
01611270130450,2019,256,62,24.2,8,3.1
01611430131177,2019,762,212,27.8,42,5.5
01611430138552,2019,71,50,70.4,21,29.6
01611500132225,2019,663,148,22.3,28,4.2
01611500133876,2019,13,0,0.0,0,0.0
01611500135533,2019,69,33,47.8,7,10.1
01611680132746,2019,57,51,89.5,8,14.0
01611760130062,2019,553,112,20.3,28,5.1
01611760130138,2019,110,61,55.5,9,8.2
01611760130435,2019,13,0,0.0,0,0.0
01611760130534,2019,57,17,29.8,5,8.8
01611760134270,2019,534,95,17.8,17,3.2
01611760134452,2019,320,129,40.3,28,8.8
01611760135244,2019,474,32,6.8,7,1.5
01611760138693,2019,457,119,26.0,31,6.8
01611920108670,2019,146,43,29.5,9,6.2
01611920127944,2019,41,23,56.1,0,0.0
01611920133009,2019,95,58,61.1,13,13.7
01611920133629,2019,347,235,67.7,13,3.7
01611920135319,2019,497,339,68.2,32,6.4
01611920137646,2019,117,72,61.5,10,8.5
01611920138339,2019,382,293,76.7,140,36.6
01612000130393,2019,43,14,32.6,0,0.0
01612000132670,2019,69,35,50.7,9,13.0
01612000133397,2019,547,119,21.8,27,4.9
01612000134536,2019,457,113,24.7,28,6.1
01612340130054,2019,397,180,45.3,36,9.1
01612340130484,2019,18,15,83.3,0,0.0
01612340135426,2019,42,38,90.5,9,21.4
01612420110460,2019,62,30,48.4,14,22.6
01612420126763,2019,46,31,67.4,0,0.0
01612420134668,2019,850,357,42.0,91,10.7
01612590100065,2019,87,78,89.7,8,9.2
01612590100701,2019,40,28,70.0,5,12.5
01612590106906,2019,27,16,59.3,4,14.8
01612590108944,2019,68,61,89.7,10,14.7
01612590110189,2019,99,84,84.8,10,10.1
01612590111856,2019,76,52,68.4,9,11.8
01612590112797,2019,64,59,92.2,14,21.9
01612590114868,2019,118,105,89.0,9,7.6
01612590115238,2019,70,60,85.7,7,10.0
01612590115667,2019,101,91,90.1,98,97.0
01612590118224,2019,85,76,89.4,8,9.4
01612590118653,2019,25,22,88.0,0,0.0
01612590119859,2019,19,11,57.9,0,0.0
01612590125161,2019,206,191,92.7,89,43.2
01612590125716,2019,177,165,93.2,101,57.1
01612590126748,2019,108,104,96.3,33,30.6
01612590129932,2019,39,9,23.1,5,12.8
01612590130146,2019,80,64,80.0,35,43.8
01612590130179,2019,37,33,89.2,7,18.9
01612590130575,2019,65,58,89.2,9,13.8
01612590130617,2019,96,70,72.9,17,17.7
01612590130666,2019,68,59,86.8,14,20.6
01612590132555,2019,14,7,50.0,0,0.0
01612590132688,2019,74,62,83.8,10,13.5
01612590135905,2019,377,329,87.3,116,30.8
01612590136051,2019,470,242,51.5,21,4.5
01612590137943,2019,337,255,75.7,31,9.2
01612590161259,2019,12,0,0.0,0,0.0
01612593030772,2019,115,18,15.7,0,0.0
01612596066450,2019,107,105,98.1,24,22.4
01612596114011,2019,58,39,67.2,0,0.0
01612750130286,2019,27,0,0.0,0,0.0
01612750136515,2019,183,0,0.0,0,0.0
01612910134528,2019,93,65,69.9,28,30.1
01612910137588,2019,588,363,61.7,101,17.2
01613090111799,2019,38,17,44.7,0,0.0
01613090114421,2019,158,109,69.0,8,5.1
01613090130849,2019,411,73,17.8,8,1.9
01613090137745,2019,53,35,66.0,9,17.0
01613090137810,2019,304,167,54.9,46,15.1
01750930132704,2019,696,48,6.9,14,2.0
01750930138453,2019,34,10,29.4,4,11.8
01750930175093,2019,21,0,0.0,0,0.0
01751010130096,2019,548,62,11.3,22,4.0
01751010130252,2019,45,18,40.0,5,11.1
01751010130583,2019,617,35,5.7,17,2.8
01751010175101,2019,32,0,0.0,0,0.0
03100330330068,2019,10,5,50.0,0,0.0
03739810330019,2019,31,23,74.2,0,0.0
03739810330050,2019,22,12,54.5,0,0.0
03739810330753,2019,175,65,37.1,0,0.0
03739810334755,2019,94,45,47.9,0,0.0
04100410114991,2019,98,46,46.9,0,0.0
04100410129817,2019,6,5,83.3,0,0.0
04100410134213,2019,20,17,85.0,0,0.0
04100410430066,2019,9,9,100.0,0,0.0
04100410430090,2019,31,27,87.1,0,0.0
04614080430827,2019,51,40,78.4,4,7.8
04614240120394,2019,101,59,58.4,0,0.0
04614240123976,2019,15,0,0.0,0,0.0
04614240137828,2019,24,15,62.5,0,0.0
04614240430199,2019,33,25,75.8,0,0.0
04614240431502,2019,58,50,86.2,0,0.0
04614240431676,2019,421,185,43.9,12,2.9
04614240437558,2019,438,170,38.8,11,2.5
04614320433201,2019,67,27,40.3,0,0.0
04615150434803,2019,221,153,69.2,0,0.0
04615150435602,2019,234,181,77.4,9,3.8
04615150437566,2019,44,41,93.2,0,0.0
04615316112585,2019,24,24,100.0,0,0.0
04755070433946,2019,20,16,80.0,0,0.0
04755070433953,2019,147,103,70.1,5,3.4
05100580530154,2019,48,28,58.3,0,0.0
05615560530014,2019,19,14,73.7,0,0.0
05615560530121,2019,11,6,54.5,0,0.0
05615560532507,2019,136,57,41.9,0,0.0
05615640530022,2019,11,9,81.8,0,0.0
05615640531509,2019,190,90,47.4,4,2.1
06615980630012,2019,12,8,66.7,0,0.0
06615980631259,2019,92,55,59.8,10,10.9
06616060634758,2019,25,17,68.0,6,24.0
06616140630087,2019,6,5,83.3,0,0.0
06616140635250,2019,99,68,68.7,7,7.1
06616220630038,2019,11,11,100.0,5,45.5
06616220637504,2019,85,78,91.8,13,15.3
07100740114470,2019,87,77,88.5,0,0.0
07100740120444,2019,24,21,87.5,0,0.0
07100740129684,2019,84,19,22.6,8,9.5
07100740134114,2019,36,0,0.0,0,0.0
07100740730614,2019,45,27,60.0,9,20.0
07100740731380,2019,596,142,23.8,8,1.3
07100746077168,2019,11,6,54.5,0,0.0
07616300107524,2019,14,0,0.0,0,0.0
07616300730283,2019,308,14,4.5,0,0.0
07616300731125,2019,310,9,2.9,0,0.0
07616300733725,2019,393,61,15.5,8,2.0
07616300734244,2019,316,11,3.5,0,0.0
07616480110494,2019,73,51,69.9,10,13.7
07616480117218,2019,147,86,58.5,4,2.7
07616480730101,2019,79,67,84.8,18,22.8
07616480730259,2019,79,49,62.0,9,11.4
07616480730465,2019,407,232,57.0,36,8.8
07616480730861,2019,466,329,70.6,73,15.7
07616630130930,2019,74,41,55.4,6,8.1
07616970737023,2019,131,68,51.9,12,9.2
07617210107797,2019,575,107,18.6,6,1.0
07617210730457,2019,594,259,43.6,32,5.4
07617210730572,2019,88,23,26.1,5,5.7
07617210733980,2019,634,196,30.9,35,5.5
07617210733998,2019,66,42,63.6,5,7.6
07617390730440,2019,30,14,46.7,0,0.0
07617390730473,2019,17,5,29.4,0,0.0
07617390730549,2019,253,50,19.8,0,0.0
07617540138115,2019,10,0,0.0,4,40.0
07617540730044,2019,353,40,11.3,0,0.0
07617540730317,2019,66,18,27.3,0,0.0
07617540730358,2019,21,8,38.1,0,0.0
07617540730424,2019,68,30,44.1,21,30.9
07617540731646,2019,448,99,22.1,16,3.6
07617540731836,2019,304,126,41.4,25,8.2
07617540734566,2019,329,173,52.6,106,32.2
07617540734764,2019,115,43,37.4,32,27.8
07617540737809,2019,277,197,71.1,83,30.0
07617540761754,2019,45,0,0.0,0,0.0
07617880730184,2019,132,107,81.1,37,28.0
07617880735407,2019,827,598,72.3,125,15.1
07617960101477,2019,148,139,93.9,11,7.4
07617960132100,2019,49,28,57.1,4,8.2
07617960132233,2019,71,65,91.5,10,14.1
07617960730291,2019,68,15,22.1,0,0.0
07617960730325,2019,57,33,57.9,7,12.3
07617960730598,2019,221,82,37.1,22,10.0
07617960732164,2019,321,220,68.5,55,17.1
07617960732941,2019,348,140,40.2,28,8.0
07617960733253,2019,157,93,59.2,46,29.3
07617960733659,2019,262,234,89.3,115,43.9
07617960735316,2019,273,155,56.8,34,12.5
07617960735902,2019,351,315,89.7,121,34.5
07617960761796,2019,29,15,51.7,0,0.0
07618040113118,2019,801,55,6.9,9,1.1
07618040730051,2019,669,57,8.5,0,0.0
07618040730218,2019,64,0,0.0,0,0.0
07618040734368,2019,600,36,6.0,5,0.8
07618040736504,2019,504,18,3.6,0,0.0
07618040736819,2019,31,11,35.5,0,0.0
08100820830042,2019,9,8,88.9,0,0.0
08100820830059,2019,50,38,76.0,0,0.0
08618200833004,2019,175,96,54.9,10,5.7
08618200836205,2019,51,36,70.6,0,0.0
09100900930123,2019,125,60,48.0,0,0.0
09100900930131,2019,29,28,96.6,0,0.0
09618380136200,2019,36,12,33.3,0,0.0
09618530930081,2019,590,38,6.4,5,0.8
09618530930164,2019,242,83,34.3,0,0.0
09618530930214,2019,28,0,0.0,0,0.0
09618530932756,2019,256,95,37.1,8,3.1
09618530934554,2019,51,33,64.7,0,0.0
09618530936302,2019,439,78,17.8,0,0.0
09619030930040,2019,30,25,83.3,11,36.7
09619030937805,2019,231,120,51.9,28,12.1
09737830121566,2019,8,5,62.5,0,0.0
09737830930073,2019,72,32,44.4,0,0.0
09737830930099,2019,5,4,80.0,0,0.0
10101080109991,2019,452,392,86.7,42,9.3
10101080111682,2019,8,0,0.0,0,0.0
10101080119628,2019,17,10,58.8,0,0.0
10101081030337,2019,91,86,94.5,17,18.7
10101081030899,2019,19,19,100.0,0,0.0
10101086069488,2019,15,12,80.0,0,0.0
10621170110270,2019,9,7,77.8,0,0.0
10621170113555,2019,586,121,20.6,5,0.9
10621170118018,2019,159,60,37.7,0,0.0
10621171030196,2019,464,202,43.5,0,0.0
10621171030469,2019,30,15,50.0,0,0.0
10621171030501,2019,624,173,27.7,6,1.0
10621171030683,2019,590,316,53.6,12,2.0
10621171031004,2019,79,58,73.4,6,7.6
10621171031053,2019,621,315,50.7,0,0.0
10621251030113,2019,30,29,96.7,8,26.7
10621251030477,2019,15,15,100.0,7,46.7
10621251031376,2019,241,201,83.4,33,13.7
10621581031954,2019,5,5,100.0,0,0.0
10621581032150,2019,155,111,71.6,11,7.1
10621660108555,2019,67,54,80.6,0,0.0
10621660114355,2019,65,45,69.2,0,0.0
10621660114553,2019,118,18,15.3,0,0.0
10621660120964,2019,6,0,0.0,0,0.0
10621660132134,2019,63,52,82.5,0,0.0
10621661030279,2019,568,315,55.5,20,3.5
10621661030287,2019,152,135,88.8,19,12.5
10621661030295,2019,264,238,90.2,17,6.4
10621661030584,2019,300,287,95.7,72,24.0
10621661030642,2019,53,45,84.9,5,9.4
10621661030675,2019,597,547,91.6,69,11.6
10621661030840,2019,117,109,93.2,11,9.4
10621661031632,2019,70,64,91.4,15,21.4
10621661031897,2019,561,426,75.9,53,9.4
10621661032507,2019,428,390,91.1,49,11.4
10621661032911,2019,391,324,82.9,38,9.7
10621661034214,2019,384,361,94.0,77,20.1
10621661035831,2019,451,413,91.6,87,19.3
10622570124727,2019,20,13,65.0,0,0.0
10622571033695,2019,245,132,53.9,12,4.9
10622571033729,2019,13,13,100.0,0,0.0
10622650108092,2019,127,121,95.3,11,8.7
10622650116640,2019,18,8,44.4,0,0.0
10622650126292,2019,51,40,78.4,0,0.0
10622651030378,2019,87,72,82.8,19,21.8
10622651033703,2019,68,60,88.2,16,23.5
10622651035310,2019,420,339,80.7,15,3.6
10622811033950,2019,43,34,79.1,5,11.6
10623310130880,2019,10,0,0.0,0,0.0
10623310137661,2019,48,30,62.5,0,0.0
10623640126870,2019,31,23,74.2,16,51.6
10623641034990,2019,219,153,69.9,76,34.7
10623800136499,2019,70,70,100.0,6,8.6
10623800136754,2019,16,0,0.0,0,0.0
10623800138347,2019,7,0,0.0,0,0.0
10623800138354,2019,6,0,0.0,0,0.0
10624141030451,2019,33,26,78.8,0,0.0
10624141030766,2019,46,17,37.0,0,0.0
10624141036086,2019,46,39,84.8,0,0.0
10624141036094,2019,689,494,71.7,35,5.1
10624301030758,2019,45,39,86.7,8,17.8
10624301036607,2019,32,29,90.6,0,0.0
10624301036672,2019,425,315,74.1,31,7.3
10625396112387,2019,79,60,75.9,13,16.5
10625470135103,2019,52,25,48.1,0,0.0
10625470136523,2019,249,194,77.9,20,8.0
10738091030121,2019,144,122,84.7,19,13.2
10738091030147,2019,6,6,100.0,4,66.7
10739650114751,2019,4,4,100.0,0,0.0
10739651030386,2019,68,59,86.8,0,0.0
10739651030626,2019,931,620,66.6,55,5.9
10739651035112,2019,56,49,87.5,7,12.5
10739991033422,2019,16,11,68.8,6,37.5
10739991033430,2019,335,261,77.9,40,11.9
10751271030261,2019,11,9,81.8,4,36.4
10751271030493,2019,179,172,96.1,70,39.1
10752341037456,2019,106,100,94.3,16,15.1
10752751030139,2019,15,12,80.0,0,0.0
10752751036938,2019,73,24,32.9,0,0.0
10754081030253,2019,12,12,100.0,0,0.0
10754081035575,2019,129,112,86.8,18,14.0
10755981030535,2019,147,128,87.1,10,6.8
10755981030543,2019,10,6,60.0,0,0.0
10767780122473,2019,25,24,96.0,5,20.0
10767781030774,2019,33,31,93.9,5,15.2
10767781038298,2019,5,5,100.0,0,0.0
10767781038306,2019,249,211,84.7,42,16.9
11101161130103,2019,19,15,78.9,0,0.0
11626461136209,2019,15,12,80.0,4,26.7
11626531132109,2019,4,4,100.0,0,0.0
11626611130038,2019,13,10,76.9,0,0.0
11626611132851,2019,113,69,61.1,8,7.1
11754811130012,2019,10,9,90.0,0,0.0
11754811135656,2019,189,118,62.4,22,11.6
11765621133701,2019,49,36,73.5,0,0.0
12101240106153,2019,27,25,92.6,0,0.0
12101240106161,2019,26,26,100.0,0,0.0
12101240106203,2019,8,7,87.5,0,0.0
12101240134163,2019,30,7,23.3,0,0.0
12101240137364,2019,25,14,56.0,0,0.0
12626870107110,2019,25,14,56.0,0,0.0
12626870124263,2019,8,0,0.0,0,0.0
12626871230044,2019,25,19,76.0,0,0.0
12626871230051,2019,19,15,78.9,0,0.0
12626871230705,2019,209,89,42.6,0,0.0
12626871235209,2019,110,48,43.6,0,0.0
12628100108688,2019,46,19,41.3,0,0.0
12628101233352,2019,31,24,77.4,4,12.9
12628101233402,2019,156,80,51.3,4,2.6
12629011230028,2019,22,17,77.3,0,0.0
12629011234004,2019,50,45,90.0,0,0.0
12630320111203,2019,45,26,57.8,0,0.0
12630401237007,2019,40,22,55.0,0,0.0
12753741232909,2019,37,16,43.2,0,0.0
12755150137778,2019,5,0,0.0,0,0.0
12755151230150,2019,10,6,60.0,0,0.0
12755151232057,2019,35,21,60.0,0,0.0
12755151232206,2019,231,133,57.6,41,17.7
12755151275515,2019,19,8,42.1,0,0.0
13101320131094,2019,53,47,88.7,17,32.1
13101321330117,2019,9,4,44.4,0,0.0
13630811331354,2019,84,73,86.9,22,26.2
13630811331404,2019,371,282,76.0,49,13.2
13630991332154,2019,52,47,90.4,39,75.0
13630991332204,2019,738,611,82.8,349,47.3
13631071332501,2019,85,64,75.3,21,24.7
13631151330133,2019,510,363,71.2,94,18.4
13631151333004,2019,421,337,80.0,62,14.7
13631151333558,2019,35,30,85.7,15,42.9
13631491335306,2019,122,101,82.8,28,23.0
13631491337138,2019,6,5,83.3,0,0.0
13631641335900,2019,294,142,48.3,15,5.1
13632141330018,2019,23,22,95.7,6,26.1
13632141337609,2019,37,36,97.3,12,32.4
14101400117994,2019,662,612,92.4,137,20.7
14101400128447,2019,102,97,95.1,28,27.5
14101400128454,2019,93,89,95.7,19,20.4
14632891434901,2019,19,13,68.4,0,0.0
14632971436203,2019,11,7,63.6,0,0.0
14766871430057,2019,19,8,42.1,0,0.0
14766871431600,2019,117,46,39.3,0,0.0
15101570119669,2019,122,103,84.4,22,18.0
15101571530302,2019,76,72,94.7,7,9.2
15101571530310,2019,198,180,90.9,35,17.7
15101571530492,2019,77,28,36.4,0,0.0
15634120100529,2019,349,308,88.3,58,16.6
15634120116384,2019,261,246,94.3,55,21.1
15634121531656,2019,46,43,93.5,18,39.1
15634121531672,2019,337,316,93.8,80,23.7
15635290100198,2019,565,522,92.4,31,5.5
15635290110999,2019,562,153,27.2,0,0.0
15635290116392,2019,481,281,58.4,6,1.2
15635290116400,2019,599,568,94.8,30,5.0
15635290125062,2019,160,133,83.1,13,8.1
15635291530021,2019,51,47,92.2,8,15.7
15635291530047,2019,67,60,89.6,0,0.0
15635291530112,2019,152,108,71.1,5,3.3
15635291530252,2019,590,553,93.7,71,12.0
15635291530344,2019,568,206,36.3,7,1.2
15635291530369,2019,480,157,32.7,8,1.7
15635291530385,2019,639,446,69.8,34,5.3
15635291530435,2019,324,249,76.9,35,10.8
15635291530476,2019,487,133,27.3,9,1.8
15635291530708,2019,662,487,73.6,21,3.2
15635291532290,2019,516,446,86.4,48,9.3
15635291532605,2019,453,397,87.6,27,6.0
15635291533330,2019,459,341,74.3,27,5.9
15635291533538,2019,112,81,72.3,0,0.0
15635291534775,2019,406,320,78.8,10,2.5
15635291535087,2019,378,335,88.6,37,9.8
15635291535392,2019,493,471,95.5,43,8.7
15635291536325,2019,121,92,76.0,7,5.8
15635291536606,2019,385,321,83.4,16,4.2
15636280127209,2019,150,100,66.7,9,6.0
15636280134312,2019,131,59,45.0,0,0.0
15636280137687,2019,47,19,40.4,0,0.0
15636280138131,2019,104,50,48.1,0,0.0
15636281533843,2019,18,16,88.9,0,0.0
15636770114512,2019,130,105,80.8,11,8.5
15636770136259,2019,34,30,88.2,6,17.6
15636851530997,2019,30,15,50.0,0,0.0
15636851531987,2019,79,10,12.7,0,0.0
15637761530039,2019,39,30,76.9,6,15.4
15637761530377,2019,24,15,62.5,0,0.0
15637761534957,2019,186,120,64.5,8,4.3
15638181530138,2019,24,20,83.3,0,0.0
15638181535905,2019,220,147,66.8,23,10.5
15638261530245,2019,10,7,70.0,0,0.0
15638261536135,2019,279,99,35.5,8,2.9
15638591530351,2019,45,41,91.1,10,22.2
15638591536440,2019,362,292,80.7,36,9.9
15737421530054,2019,26,22,84.6,0,0.0
15737421531367,2019,342,192,56.1,6,1.8
15739081530146,2019,18,16,88.9,8,44.4
15739081530229,2019,6,6,100.0,0,0.0
15739081534155,2019,225,203,90.2,35,15.6
15751681530401,2019,73,38,52.1,0,0.0
16101651630102,2019,10,7,70.0,0,0.0
16638750101717,2019,34,27,79.4,0,0.0
16638750112698,2019,38,19,50.0,0,0.0
16638911632140,2019,23,22,95.7,0,0.0
16638911632207,2019,193,156,80.8,7,3.6
16639250118919,2019,229,125,54.6,9,3.9
16639251630060,2019,7,6,85.7,0,0.0
16639251630151,2019,12,9,75.0,0,0.0
16639251630169,2019,271,183,67.5,22,8.1
16639251634245,2019,43,37,86.0,6,14.0
16639251634401,2019,368,238,64.7,18,4.9
16639580136556,2019,295,253,85.8,29,9.8
16639820110205,2019,55,15,27.3,0,0.0
16639820136234,2019,21,12,57.1,4,19.0
16639821630011,2019,49,38,77.6,4,8.2
16639821635606,2019,379,205,54.1,20,5.3
16739321630078,2019,12,12,100.0,0,0.0
16739321630953,2019,109,103,94.5,21,19.3
17640140138537,2019,7,0,0.0,0,0.0
17640141730043,2019,10,7,70.0,0,0.0
17640141734359,2019,121,77,63.6,0,0.0
17640220107706,2019,8,7,87.5,0,0.0
17640220132571,2019,24,18,75.0,0,0.0
17640221730027,2019,27,21,77.8,0,0.0
17640221730118,2019,12,0,0.0,0,0.0
17640221735000,2019,173,145,83.8,23,13.3
17640301730019,2019,13,11,84.6,0,0.0
17640301730142,2019,7,0,0.0,0,0.0
17640301732304,2019,80,42,52.5,4,5.0
17640550129601,2019,35,14,40.0,0,0.0
17640551736008,2019,130,63,48.5,4,3.1
17769761730050,2019,9,9,100.0,0,0.0
17769761737006,2019,64,45,70.3,4,6.2
18640891831601,2019,14,10,71.4,0,0.0
18641391833805,2019,172,54,31.4,0,0.0
18641620135756,2019,26,19,73.1,0,0.0
18641626010763,2019,16,13,81.2,0,0.0
18642041838507,2019,16,12,75.0,0,0.0
18750360121657,2019,12,0,0.0,0,0.0
18750361833409,2019,9,0,0.0,0,0.0
19101990100776,2019,63,60,95.2,8,12.7
19101990109942,2019,42,36,85.7,0,0.0
19101990112128,2019,85,84,98.8,8,9.4
19101990115030,2019,51,38,74.5,0,0.0
19101990115212,2019,37,29,78.4,0,0.0
19101990121822,2019,45,29,64.4,0,0.0
19101990121871,2019,36,21,58.3,8,22.2
19101990121897,2019,74,42,56.8,0,0.0
19101990121905,2019,14,12,85.7,0,0.0
19101990121921,2019,23,0,0.0,0,0.0
19101990121939,2019,8,4,50.0,0,0.0
19101990121954,2019,34,15,44.1,8,23.5
19101990121988,2019,5,0,0.0,0,0.0
19101990122028,2019,5,0,0.0,0,0.0
19101990123604,2019,5,0,0.0,0,0.0
19101990127522,2019,21,19,90.5,5,23.8
19101990134346,2019,38,13,34.2,5,13.2
19101990137679,2019,11,9,81.8,0,0.0
19101990138669,2019,50,36,72.0,6,12.0
19101991933399,2019,132,28,21.2,0,0.0
19101991995232,2019,5,0,0.0,0,0.0
19101991995869,2019,131,47,35.9,0,0.0
19101991996214,2019,67,45,67.2,11,16.4
19101996119945,2019,64,57,89.1,0,0.0
19642121930056,2019,522,176,33.7,21,4.0
19642121930361,2019,310,239,77.1,35,11.3
19642121931641,2019,135,105,77.8,34,25.2
19642121931880,2019,165,41,24.8,0,0.0
19642121933159,2019,443,230,51.9,37,8.4
19642121995596,2019,32,21,65.6,0,0.0
19642460100081,2019,630,494,78.4,61,9.7
19642460108407,2019,440,379,86.1,36,8.2
19642460111872,2019,100,51,51.0,0,0.0
19642460126003,2019,43,19,44.2,0,0.0
19642461930213,2019,331,274,82.8,28,8.5
19642461931732,2019,337,259,76.9,36,10.7
19642461936624,2019,539,458,85.0,50,9.3
19642461937051,2019,706,299,42.4,18,2.5
19642461995398,2019,558,360,64.5,34,6.1
19642461995406,2019,315,266,84.4,35,11.1
19642461995844,2019,556,330,59.4,23,4.1
19642461995968,2019,18,18,100.0,0,0.0
19642461996537,2019,184,141,76.6,0,0.0
19642461996644,2019,409,288,70.4,53,13.0
19642611930288,2019,782,205,26.2,28,3.6
19642611995299,2019,17,0,0.0,0,0.0
19642791930528,2019,278,225,80.9,54,19.4
19642791931765,2019,102,84,82.4,16,15.7
19642791933449,2019,269,218,81.0,17,6.3
19642871930601,2019,404,362,89.6,28,6.9
19642871936384,2019,145,132,91.0,22,15.2
19642871938166,2019,435,386,88.7,16,3.7
19642871996479,2019,890,608,68.3,54,6.1
19642951930700,2019,213,198,93.0,33,15.5
19642951936491,2019,31,27,87.1,7,22.6
19643030128306,2019,9,4,44.4,0,0.0
19643031930775,2019,368,294,79.9,41,11.1
19643031935618,2019,450,261,58.0,27,6.0
19643031938190,2019,108,89,82.4,26,24.1
19643031995679,2019,4,4,100.0,0,0.0
19643111930981,2019,322,58,18.0,7,2.2
19643111931021,2019,4,0,0.0,0,0.0
19643291931088,2019,471,135,28.7,10,2.1
19643291937598,2019,45,34,75.6,0,0.0
19643291937739,2019,316,126,39.9,15,4.7
19643370131573,2019,32,9,28.1,0,0.0
19643371931187,2019,630,269,42.7,52,8.3
19643371931237,2019,559,191,34.2,8,1.4
19643371933332,2019,82,37,45.1,0,0.0
19643371995877,2019,10,6,60.0,0,0.0
19643371996230,2019,11,8,72.7,0,0.0
19643520118521,2019,11,11,100.0,0,0.0
19643520128488,2019,98,37,37.8,20,20.4
19643520128496,2019,68,28,41.2,0,0.0
19643521930239,2019,84,67,79.8,8,9.5
19643521933951,2019,428,375,87.6,69,16.1
19643521934926,2019,548,469,85.6,39,7.1
19643521935048,2019,478,434,90.8,62,13.0
19643521964352,2019,6,0,0.0,0,0.0
19643781930312,2019,30,21,70.0,6,20.0
19643781931666,2019,332,173,52.1,17,5.1
19643781995885,2019,16,0,0.0,0,0.0
19643781995927,2019,6,0,0.0,0,0.0
19643941931807,2019,22,16,72.7,0,0.0
19643941931823,2019,565,178,31.5,10,1.8
19644361931617,2019,84,66,78.6,5,6.0
19644361932086,2019,264,190,72.0,11,4.2
19644361936418,2019,291,229,78.7,7,2.4
19644361938372,2019,385,216,56.1,8,2.1
19644441932201,2019,496,185,37.3,10,2.0
19644441932656,2019,18,11,61.1,0,0.0
19644511931625,2019,133,102,76.7,17,12.8
19644511932441,2019,918,613,66.8,56,6.1
19644511939164,2019,884,645,73.0,75,8.5
19644511964451,2019,11,0,0.0,0,0.0
19644690128736,2019,98,68,69.4,6,6.1
19644690134858,2019,117,34,29.1,0,0.0
19644691932482,2019,179,138,77.1,10,5.6
19644691936079,2019,39,35,89.7,0,0.0
19645191930320,2019,455,391,85.9,41,9.0
19645191932664,2019,456,425,93.2,81,17.8
19645191932680,2019,280,263,93.9,75,26.8
19645191937481,2019,394,326,82.7,41,10.4
19645191938919,2019,177,152,85.9,60,33.9
19645191995661,2019,305,282,92.5,38,12.5
19645191996123,2019,18,16,88.9,0,0.0
19645270133835,2019,66,49,74.2,6,9.1
19645271932698,2019,68,52,76.5,7,10.3
19645271932706,2019,514,359,69.8,21,4.1
19645351930353,2019,18,5,27.8,0,0.0
19645351932763,2019,283,60,21.2,0,0.0
19645681932144,2019,642,130,20.2,23,3.6
19645681933472,2019,99,71,71.7,12,12.1
19645681933530,2019,521,366,70.2,104,20.0
19645681934082,2019,400,273,68.2,57,14.2
19645681964568,2019,9,0,0.0,0,0.0
19645681995497,2019,36,13,36.1,0,0.0
19645681996131,2019,249,129,51.8,6,2.4
19645761933597,2019,543,151,27.8,18,3.3
19645761939677,2019,33,15,45.5,0,0.0
19645841996305,2019,127,49,38.6,0,0.0
19645920100354,2019,127,30,23.6,5,3.9
19646341934231,2019,193,162,83.9,47,24.4
19646341934249,2019,47,40,85.1,18,38.3
19646341936046,2019,147,122,83.0,39,26.5
19646341996529,2019,90,64,71.1,8,8.9
19646341996586,2019,159,157,98.7,7,4.4
19646420136127,2019,4,0,0.0,0,0.0
19646591934611,2019,338,15,4.4,0,0.0
19646831930080,2019,466,47,10.1,0,0.0
19646831931781,2019,475,60,12.6,9,1.9
19646911996438,2019,131,107,81.7,4,3.1
19647090100602,2019,138,135,97.8,9,6.5
19647091996313,2019,149,141,94.6,11,7.4
19647250125153,2019,45,31,68.9,0,0.0
19647250127381,2019,173,95,54.9,0,0.0
19647250131938,2019,32,0,0.0,0,0.0
19647250132324,2019,95,39,41.1,0,0.0
19647251930411,2019,35,21,60.0,4,11.4
19647251934470,2019,560,451,80.5,83,14.8
19647251934678,2019,701,397,56.6,16,2.3
19647251935758,2019,848,351,41.4,24,2.8
19647251936947,2019,969,658,67.9,73,7.5
19647251937176,2019,73,59,80.8,23,31.5
19647251939875,2019,835,513,61.4,54,6.5
19647251964725,2019,24,0,0.0,0,0.0
19647251995539,2019,161,79,49.1,0,0.0
19647251995570,2019,337,158,46.9,50,14.8
19647251995935,2019,520,418,80.4,72,13.8
19647251996503,2019,107,71,66.4,0,0.0
19647330100677,2019,89,43,48.3,0,0.0
19647330100750,2019,108,108,100.0,13,12.0
19647330100800,2019,97,93,95.9,9,9.3
19647330101196,2019,155,141,91.0,0,0.0
19647330101329,2019,40,31,77.5,0,0.0
19647330101659,2019,39,37,94.9,0,0.0
19647330101675,2019,136,135,99.3,11,8.1
19647330101683,2019,44,34,77.3,0,0.0
19647330102137,2019,24,23,95.8,0,0.0
19647330102434,2019,136,123,90.4,21,15.4
19647330102541,2019,98,89,90.8,4,4.1
19647330102764,2019,31,28,90.3,0,0.0
19647330102913,2019,87,76,87.4,0,0.0
19647330102921,2019,103,56,54.4,0,0.0
19647330106351,2019,28,15,53.6,0,0.0
19647330106435,2019,61,59,96.7,16,26.2
19647330106831,2019,159,142,89.3,11,6.9
19647330106849,2019,135,132,97.8,12,8.9
19647330106864,2019,131,128,97.7,7,5.3
19647330106997,2019,168,152,90.5,0,0.0
19647330107003,2019,182,114,62.6,0,0.0
19647330107011,2019,92,54,58.7,0,0.0
19647330107755,2019,221,125,56.6,0,0.0
19647330108878,2019,189,90,47.6,0,0.0
19647330108894,2019,143,142,99.3,11,7.7
19647330108928,2019,100,42,42.0,0,0.0
19647330108936,2019,151,145,96.0,20,13.2
19647330109447,2019,410,370,90.2,81,19.8
19647330109454,2019,425,401,94.4,33,7.8
19647330109462,2019,191,180,94.2,19,9.9
19647330109512,2019,35,33,94.3,10,28.6
19647330110304,2019,36,18,50.0,14,38.9
19647330110668,2019,52,52,100.0,7,13.5
19647330111484,2019,22,18,81.8,7,31.8
19647330111492,2019,131,128,97.7,14,10.7
19647330111500,2019,95,86,90.5,4,4.2
19647330111575,2019,135,135,100.0,17,12.6
19647330111583,2019,151,150,99.3,21,13.9
19647330111625,2019,121,114,94.2,13,10.7
19647330111641,2019,150,143,95.3,18,12.0
19647330111658,2019,150,129,86.0,5,3.3
19647330112029,2019,101,96,95.0,30,29.7
19647330112037,2019,112,99,88.4,31,27.7
19647330112045,2019,341,306,89.7,31,9.1
19647330112052,2019,248,238,96.0,61,24.6
19647330112508,2019,128,119,93.0,0,0.0
19647330112870,2019,63,61,96.8,16,25.4
19647330114850,2019,307,292,95.1,89,29.0
19647330115253,2019,49,41,83.7,4,8.2
19647330116509,2019,77,72,93.5,14,18.2
19647330116954,2019,11,9,81.8,0,0.0
19647330117051,2019,174,171,98.3,32,18.4
19647330117069,2019,109,95,87.2,44,40.4
19647330117077,2019,73,64,87.7,15,20.5
19647330117598,2019,120,118,98.3,18,15.0
19647330117606,2019,105,94,89.5,0,0.0
19647330117622,2019,21,12,57.1,0,0.0
19647330117721,2019,90,85,94.4,30,33.3
19647330117747,2019,97,91,93.8,17,17.5
19647330117762,2019,78,74,94.9,11,14.1
19647330117911,2019,42,27,64.3,0,0.0
19647330118588,2019,358,346,96.6,97,27.1
19647330119651,2019,88,83,94.3,20,22.7
19647330119685,2019,79,75,94.9,8,10.1
19647330119693,2019,112,104,92.9,11,9.8
19647330119727,2019,310,205,66.1,12,3.9
19647330119966,2019,205,188,91.7,16,7.8
19647330120071,2019,44,39,88.6,5,11.4
19647330120360,2019,81,44,54.3,0,0.0
19647330120808,2019,6,4,66.7,0,0.0
19647330121095,2019,64,59,92.2,16,25.0
19647330121285,2019,110,105,95.5,20,18.2
19647330121293,2019,82,73,89.0,10,12.2
19647330122333,2019,132,88,66.7,0,0.0
19647330122341,2019,109,94,86.2,0,0.0
19647330122358,2019,80,76,95.0,5,6.2
19647330122366,2019,70,62,88.6,0,0.0
19647330122374,2019,73,67,91.8,9,12.3
19647330122382,2019,76,75,98.7,11,14.5
19647330122606,2019,98,75,76.5,4,4.1
19647330122721,2019,93,88,94.6,6,6.5
19647330123133,2019,138,131,94.9,22,15.9
19647330123141,2019,109,107,98.2,14,12.8
19647330124362,2019,248,154,62.1,9,3.6
19647330124370,2019,93,83,89.2,0,0.0
19647330124388,2019,122,117,95.9,0,0.0
19647330124396,2019,89,81,91.0,7,7.9
19647330124404,2019,77,62,80.5,6,7.8
19647330124412,2019,109,101,92.7,19,17.4
19647330124479,2019,236,224,94.9,69,29.2
19647330124487,2019,105,99,94.3,13,12.4
19647330124495,2019,95,84,88.4,12,12.6
19647330124503,2019,94,92,97.9,15,16.0
19647330124511,2019,106,104,98.1,21,19.8
19647330124529,2019,112,92,82.1,6,5.4
19647330124560,2019,118,112,94.9,10,8.5
19647330124883,2019,97,93,95.9,25,25.8
19647330124891,2019,121,115,95.0,22,18.2
19647330124933,2019,93,68,73.1,11,11.8
19647330124941,2019,102,95,93.1,17,16.7
19647330125864,2019,128,42,32.8,0,0.0
19647330125989,2019,126,122,96.8,13,10.3
19647330126136,2019,133,128,96.2,8,6.0
19647330126474,2019,35,34,97.1,0,0.0
19647330126482,2019,134,116,86.6,42,31.3
19647330126490,2019,105,98,93.3,36,34.3
19647330126508,2019,88,74,84.1,36,40.9
19647330126516,2019,157,143,91.1,5,3.2
19647330126524,2019,175,164,93.7,12,6.9
19647330126532,2019,158,157,99.4,13,8.2
19647330126540,2019,120,108,90.0,4,3.3
19647330126557,2019,94,81,86.2,11,11.7
19647330126573,2019,173,160,92.5,46,26.6
19647330126615,2019,142,101,71.1,0,0.0
19647330126623,2019,110,65,59.1,0,0.0
19647330127217,2019,77,54,70.1,0,0.0
19647330127787,2019,101,84,83.2,0,0.0
19647330127795,2019,99,95,96.0,21,21.2
19647330127803,2019,35,34,97.1,0,0.0
19647330127894,2019,122,114,93.4,10,8.2
19647330127910,2019,111,102,91.9,7,6.3
19647330129536,2019,46,30,65.2,6,13.0
19647330129585,2019,113,110,97.3,22,19.5
19647330129627,2019,77,56,72.7,14,18.2
19647330130997,2019,62,61,98.4,6,9.7
19647330131821,2019,39,20,51.3,0,0.0
19647330132027,2019,108,64,59.3,18,16.7
19647330132084,2019,51,46,90.2,7,13.7
19647330132126,2019,70,61,87.1,8,11.4
19647330132282,2019,118,38,32.2,10,8.5
19647330133272,2019,88,69,78.4,8,9.1
19647330133298,2019,68,56,82.4,5,7.4
19647330133603,2019,43,32,74.4,0,0.0
19647330133868,2019,83,71,85.5,12,14.5
19647330135855,2019,102,96,94.1,5,4.9
19647330137562,2019,48,32,66.7,0,0.0
19647330137612,2019,59,11,18.6,0,0.0
19647331930064,2019,26,22,84.6,0,0.0
19647331930296,2019,59,56,94.9,0,0.0
19647331930387,2019,204,159,77.9,39,19.1
19647331930403,2019,14,11,78.6,0,0.0
19647331930429,2019,31,27,87.1,5,16.1
19647331930486,2019,15,12,80.0,0,0.0
19647331930551,2019,79,77,97.5,7,8.9
19647331930577,2019,15,14,93.3,0,0.0
19647331930619,2019,41,40,97.6,0,0.0
19647331930650,2019,462,424,91.8,21,4.5
19647331930692,2019,19,19,100.0,0,0.0
19647331930734,2019,32,22,68.8,0,0.0
19647331930783,2019,31,22,71.0,0,0.0
19647331930791,2019,13,12,92.3,0,0.0
19647331930866,2019,518,488,94.2,34,6.6
19647331930924,2019,206,187,90.8,95,46.1
19647331930940,2019,43,31,72.1,4,9.3
19647331930973,2019,112,85,75.9,19,17.0
19647331931047,2019,702,615,87.6,59,8.4
19647331931336,2019,21,18,85.7,0,0.0
19647331931377,2019,31,24,77.4,5,16.1
19647331931385,2019,29,26,89.7,4,13.8
19647331931393,2019,36,33,91.7,0,0.0
19647331931435,2019,41,35,85.4,0,0.0
19647331931450,2019,42,33,78.6,0,0.0
19647331931468,2019,21,19,90.5,0,0.0
19647331931476,2019,274,251,91.6,33,12.0
19647331931484,2019,13,11,84.6,0,0.0
19647331931500,2019,46,38,82.6,8,17.4
19647331931518,2019,35,22,62.9,0,0.0
19647331931526,2019,311,211,67.8,16,5.1
19647331931534,2019,51,46,90.2,8,15.7
19647331931559,2019,35,30,85.7,0,0.0
19647331931690,2019,38,27,71.1,0,0.0
19647331931708,2019,333,226,67.9,18,5.4
19647331931716,2019,29,23,79.3,0,0.0
19647331931856,2019,22,17,77.3,0,0.0
19647331931864,2019,678,425,62.7,69,10.2
19647331931930,2019,26,25,96.2,0,0.0
19647331931955,2019,14,14,100.0,0,0.0
19647331931971,2019,13,12,92.3,0,0.0
19647331931989,2019,18,18,100.0,0,0.0
19647331931997,2019,64,49,76.6,5,7.8
19647331932128,2019,218,180,82.6,38,17.4
19647331932250,2019,34,25,73.5,0,0.0
19647331932318,2019,13,9,69.2,0,0.0
19647331932334,2019,29,21,72.4,0,0.0
19647331932342,2019,22,18,81.8,0,0.0
19647331932383,2019,197,151,76.6,37,18.8
19647331932391,2019,14,10,71.4,0,0.0
19647331932540,2019,357,196,54.9,12,3.4
19647331932623,2019,834,306,36.7,16,1.9
19647331932821,2019,19,16,84.2,0,0.0
19647331932847,2019,220,118,53.6,0,0.0
19647331932888,2019,213,157,73.7,0,0.0
19647331932920,2019,299,238,79.6,10,3.3
19647331932987,2019,584,518,88.7,47,8.0
19647331933001,2019,331,274,82.8,0,0.0
19647331933043,2019,270,260,96.3,17,6.3
19647331933118,2019,452,430,95.1,77,17.0
19647331933233,2019,246,130,52.8,0,0.0
19647331933241,2019,262,213,81.3,21,8.0
19647331933381,2019,599,553,92.3,19,3.2
19647331933746,2019,1185,664,56.0,24,2.0
19647331933795,2019,411,327,79.6,42,10.2
19647331933852,2019,574,366,63.8,15,2.6
19647331934033,2019,309,267,86.4,17,5.5
19647331934157,2019,300,282,94.0,42,14.0
19647331934371,2019,146,139,95.2,22,15.1
19647331934454,2019,87,81,93.1,15,17.2
19647331935121,2019,222,208,93.7,36,16.2
19647331935352,2019,261,221,84.7,43,16.5
19647331935519,2019,325,295,90.8,111,34.2
19647331935568,2019,536,384,71.6,32,6.0
19647331935865,2019,395,352,89.1,87,22.0
19647331936160,2019,486,358,73.7,32,6.6
19647331936350,2019,536,388,72.4,29,5.4
19647331937085,2019,16,16,100.0,0,0.0
19647331937226,2019,299,258,86.3,58,19.4
19647331937424,2019,297,289,97.3,48,16.2
19647331937622,2019,410,354,86.3,31,7.6
19647331937838,2019,516,318,61.6,15,2.9
19647331938307,2019,490,428,87.3,25,5.1
19647331938554,2019,312,274,87.8,33,10.6
19647331938612,2019,474,273,57.6,14,3.0
19647331938885,2019,288,200,69.4,16,5.6
19647331938968,2019,572,417,72.9,64,11.2
19647331939040,2019,426,260,61.0,24,5.6
19647331939107,2019,294,219,74.5,12,4.1
19647331939305,2019,216,199,92.1,47,21.8
19647331939479,2019,221,151,68.3,0,0.0
19647331939859,2019,278,247,88.8,12,4.3
19647331939941,2019,500,382,76.4,20,4.0
19647331964733,2019,210,65,31.0,29,13.8
19647331995448,2019,408,342,83.8,4,1.0
19647331995794,2019,91,83,91.2,10,11.0
19647331995836,2019,735,267,36.3,5,0.7
19647331996073,2019,78,62,79.5,22,28.2
19647331996115,2019,401,297,74.1,17,4.2
19647331996610,2019,65,56,86.2,16,24.6
19647336016885,2019,185,172,93.0,15,8.1
19647336019475,2019,75,68,90.7,4,5.3
19647336019715,2019,162,157,96.9,7,4.3
19647336058002,2019,166,162,97.6,23,13.9
19647336060529,2019,10,10,100.0,7,70.0
19647336061451,2019,185,174,94.1,6,3.2
19647336061600,2019,82,71,86.6,7,8.5
19647336069157,2019,49,32,65.3,0,0.0
19647336116750,2019,104,72,69.2,0,0.0
19647740109538,2019,387,352,91.0,54,14.0
19647741935428,2019,62,62,100.0,18,29.0
19647741935436,2019,460,392,85.2,67,14.6
19647901935899,2019,62,40,64.5,0,0.0
19647901935923,2019,341,166,48.7,10,2.9
19648080124552,2019,125,105,84.0,17,13.6
19648081930155,2019,678,496,73.2,78,11.5
19648081930825,2019,612,533,87.1,136,22.2
19648081935998,2019,586,493,84.1,124,21.2
19648401933647,2019,271,231,85.2,41,15.1
19648401934728,2019,444,253,57.0,23,5.2
19648401936467,2019,471,395,83.9,55,11.7
19648401936475,2019,126,101,80.2,11,8.7
19648570112714,2019,423,357,84.4,34,8.0
19648570125377,2019,197,150,76.1,16,8.1
19648651933308,2019,32,8,25.0,0,0.0
19648651995588,2019,495,56,11.3,20,4.0
19648651996552,2019,397,17,4.3,6,1.5
19648731936749,2019,1115,1069,95.9,155,13.9
19648731936756,2019,96,90,93.8,28,29.2
19648810113464,2019,54,10,18.5,0,0.0
19648810117440,2019,74,46,62.2,5,6.8
19648810118075,2019,51,40,78.4,6,11.8
19648811931062,2019,123,95,77.2,51,41.5
19648811931674,2019,256,163,63.7,0,0.0
19648811936103,2019,169,129,76.3,17,10.1
19648811936806,2019,80,71,88.8,17,21.2
19648811936822,2019,376,230,61.2,11,2.9
19648811964881,2019,18,0,0.0,0,0.0
19649070115170,2019,146,117,80.1,28,19.2
19649071933175,2019,240,232,96.7,58,24.2
19649071933324,2019,398,377,94.7,102,25.6
19649071936772,2019,98,78,79.6,32,32.7
19649071937028,2019,287,262,91.3,61,21.3
19649071995901,2019,382,268,70.2,35,9.2
19649071996495,2019,66,62,93.9,10,15.2
19649076061634,2019,81,78,96.3,21,25.9
19649076061642,2019,31,27,87.1,9,29.0
19649641937754,2019,262,27,10.3,12,4.6
19649801933373,2019,29,0,0.0,0,0.0
19649801938000,2019,639,167,26.1,31,4.9
19649801995737,2019,145,21,14.5,0,0.0
19650291938455,2019,326,73,22.4,8,2.5
19650521938679,2019,474,220,46.4,27,5.7
19650521995745,2019,15,11,73.3,4,26.7
19650521995976,2019,5,0,0.0,0,0.0
19650600110320,2019,9,6,66.7,0,0.0
19650601936277,2019,404,72,17.8,39,9.7
19650601938083,2019,75,31,41.3,12,16.0
19650601938356,2019,485,24,4.9,28,5.8
19650601938752,2019,435,62,14.3,38,8.7
19650601939602,2019,495,28,5.7,28,5.7
19650601965060,2019,22,0,0.0,0,0.0
19650940112706,2019,372,183,49.2,6,1.6
19650940122432,2019,195,147,75.4,17,8.7
19650941938513,2019,98,78,79.6,6,6.1
19650941939537,2019,465,346,74.4,16,3.4
19651281930338,2019,173,151,87.3,33,19.1
19651281931302,2019,684,518,75.7,76,11.1
19651281934868,2019,592,317,53.5,44,7.4
19651281936889,2019,269,238,88.5,16,5.9
19651281937903,2019,500,384,76.8,23,4.6
19651281939701,2019,430,332,77.2,11,2.6
19651281965128,2019,19,0,0.0,0,0.0
19651281995653,2019,75,60,80.0,0,0.0
19651360102459,2019,510,281,55.1,32,6.3
19651360102475,2019,531,89,16.8,4,0.8
19651360112359,2019,13,6,46.2,0,0.0
19651360114439,2019,103,59,57.3,4,3.9
19651360117234,2019,67,16,23.9,0,0.0
19651361931492,2019,530,222,41.9,28,5.3
19651361931740,2019,589,121,20.5,10,1.7
19651361932532,2019,76,8,10.5,0,0.0
19651361933902,2019,540,243,45.0,39,7.2
19651361934421,2019,143,94,65.7,17,11.9
19651361995802,2019,635,90,14.2,13,2.0
19651361996263,2019,184,88,47.8,6,3.3
19651361996321,2019,104,16,15.4,0,0.0
19734370132969,2019,79,71,89.9,0,0.0
19734371931567,2019,210,177,84.3,29,13.8
19734371931963,2019,346,305,88.2,42,12.1
19734371932326,2019,375,325,86.7,58,15.5
19734371973437,2019,11,0,0.0,0,0.0
19734371995695,2019,217,206,94.9,65,30.0
19734371996040,2019,5,5,100.0,0,0.0
19734371996057,2019,31,27,87.1,0,0.0
19734451933316,2019,22,18,81.8,4,18.2
19734451934801,2019,242,215,88.8,32,13.2
19734451935246,2019,383,266,69.5,17,4.4
19734451938935,2019,72,66,91.7,6,8.3
19734451939834,2019,363,211,58.1,20,5.5
19734451939925,2019,265,227,85.7,33,12.5
19734451996560,2019,7,6,85.7,0,0.0
19734520120600,2019,90,44,48.9,0,0.0
19734521930106,2019,73,71,97.3,17,23.3
19734521936228,2019,441,391,88.7,48,10.9
19734521937564,2019,478,303,63.4,48,10.0
19734601932862,2019,713,167,23.4,44,6.2
19734601937747,2019,13,6,46.2,0,0.0
19734601939149,2019,587,139,23.7,42,7.2
19752911995810,2019,398,222,55.8,66,16.6
19752911996016,2019,163,93,57.1,11,6.7
19752911996081,2019,30,24,80.0,7,23.3
19753090127100,2019,934,818,87.6,107,11.5
19753090129411,2019,18,0,0.0,0,0.0
19753090129742,2019,160,83,51.9,9,5.6
19753090130955,2019,71,39,54.9,0,0.0
19753090131383,2019,128,115,89.8,11,8.6
19753090131987,2019,104,27,26.0,0,0.0
19753090132654,2019,58,29,50.0,0,0.0
19753090134619,2019,22,22,100.0,0,0.0
19753090135145,2019,59,24,40.7,0,0.0
19753090136531,2019,16,0,0.0,0,0.0
19753090136648,2019,400,258,64.5,26,6.5
19753090137786,2019,32,20,62.5,0,0.0
19753091995786,2019,84,34,40.5,0,0.0
19753331935808,2019,677,49,7.2,0,0.0
19753331975333,2019,9,0,0.0,0,0.0
19753411937143,2019,719,141,19.6,6,0.8
19753411975341,2019,10,0,0.0,0,0.0
19753411995752,2019,18,8,44.4,0,0.0
19756636120158,2019,92,34,37.0,0,0.0
19756971996693,2019,90,66,73.3,0,0.0
19757131930122,2019,85,51,60.0,24,28.2
19757131930163,2019,542,365,67.3,78,14.4
19757131934553,2019,537,332,61.8,112,20.9
19757131937697,2019,487,386,79.3,111,22.8
19757131995430,2019,34,23,67.6,7,20.6
19768690119016,2019,140,19,13.6,0,0.0
19768690119636,2019,139,37,26.6,0,0.0
19768690131128,2019,70,18,25.7,4,5.7
19768850132928,2019,19,15,78.9,0,0.0
19769680109926,2019,53,51,96.2,6,11.3
19769920133900,2019,96,84,87.5,25,26.0
20102072030153,2019,13,6,46.2,0,0.0
20102072030229,2019,104,95,91.3,20,19.2
20102076077200,2019,13,0,0.0,0,0.0
20652012030047,2019,17,14,82.4,0,0.0
20652012032357,2019,248,183,73.8,21,8.5
20652430110965,2019,703,642,91.3,61,8.7
20652430118950,2019,25,13,52.0,0,0.0
20652430123620,2019,71,69,97.2,11,15.5
20652430131086,2019,8,8,100.0,0,0.0
20652432035640,2019,65,60,92.3,6,9.2
20652432035707,2019,435,325,74.7,46,10.6
20755800134486,2019,7,0,0.0,0,0.0
20755802030161,2019,10,6,60.0,0,0.0
20755802030203,2019,127,55,43.3,0,0.0
20756060100180,2019,5,5,100.0,0,0.0
20756060117010,2019,38,18,47.4,0,0.0
20756060125021,2019,85,28,32.9,0,0.0
20756060132936,2019,24,11,45.8,0,0.0
20764142030013,2019,139,56,40.3,4,2.9
20764142030039,2019,18,16,88.9,0,0.0
20764142030104,2019,15,11,73.3,0,0.0
20764142030237,2019,35,7,20.0,0,0.0
21654172130045,2019,19,8,42.1,0,0.0
21654172132264,2019,39,31,79.5,0,0.0
21654172132272,2019,357,147,41.2,31,8.7
21654172133056,2019,260,68,26.2,15,5.8
21654662133254,2019,31,25,80.6,9,29.0
21654662133262,2019,334,217,65.0,94,28.1
21654662134005,2019,314,133,42.4,52,16.6
21654822130078,2019,59,0,0.0,0,0.0
21654822131340,2019,302,34,11.3,0,0.0
21654822132587,2019,432,50,11.6,0,0.0
21654822133692,2019,385,37,9.6,10,2.6
21654822134419,2019,36,12,33.3,0,0.0
21733612134310,2019,34,14,41.2,6,17.6
22655322230035,2019,13,13,100.0,0,0.0
22655322235356,2019,110,64,58.2,0,0.0
23102312330447,2019,17,16,94.1,0,0.0
23655402330900,2019,19,16,84.2,0,0.0
23655576116669,2019,7,0,0.0,0,0.0
23655652330215,2019,15,15,100.0,0,0.0
23655652331361,2019,123,72,58.5,4,3.3
23655812330090,2019,4,4,100.0,0,0.0
23655812333185,2019,33,15,45.5,0,0.0
23655992333649,2019,33,25,75.8,5,15.2
23656072334563,2019,30,27,90.0,5,16.7
23656150128280,2019,38,20,52.6,0,0.0
23656152330413,2019,20,6,30.0,0,0.0
23656152330454,2019,18,15,83.3,0,0.0
23656152334704,2019,59,53,89.8,10,16.9
23656152335024,2019,341,252,73.9,43,12.6
23656230136887,2019,34,26,76.5,0,0.0
23656232330363,2019,8,5,62.5,0,0.0
23656232335487,2019,105,70,66.7,7,6.7
23738662330041,2019,21,16,76.2,0,0.0
23739162332260,2019,28,18,64.3,0,0.0
23752182332724,2019,4,0,0.0,0,0.0
24102490106518,2019,34,25,73.5,0,0.0
24102492430056,2019,8,0,0.0,0,0.0
24102492430148,2019,83,64,77.1,18,21.7
24102492430163,2019,39,35,89.7,11,28.2
24102492430171,2019,44,42,95.5,0,0.0
24656982430080,2019,12,6,50.0,0,0.0
24656982432409,2019,177,112,63.3,19,10.7
24657302430064,2019,28,24,85.7,0,0.0
24657302433001,2019,118,96,81.4,18,15.3
24657550119073,2019,42,30,71.4,7,16.7
24657550120923,2019,417,192,46.0,70,16.8
24657552431492,2019,71,63,88.7,23,32.4
24657552434207,2019,274,97,35.4,26,9.5
24657890127373,2019,388,256,66.0,22,5.7
24657892430049,2019,24,19,79.2,0,0.0
24657892430098,2019,431,355,82.4,28,6.5
24657892430205,2019,485,334,68.9,32,6.6
24657892430601,2019,397,321,80.9,35,8.8
24657892433605,2019,307,258,84.0,30,9.8
24657892435204,2019,401,309,77.1,32,8.0
24657892439602,2019,131,118,90.1,17,13.0
24736192430031,2019,22,15,68.2,4,18.2
24736192431807,2019,132,102,77.3,18,13.6
24753172430015,2019,27,24,88.9,0,0.0
24753172431203,2019,138,114,82.6,9,6.5
24753662430114,2019,165,151,91.5,22,13.3
25735852530020,2019,6,5,83.3,0,0.0
25735852535409,2019,45,24,53.3,0,0.0
25735934737250,2019,28,19,67.9,12,42.9
26102642630028,2019,4,0,0.0,0,0.0
26736682633006,2019,17,5,29.4,0,0.0
26736682635001,2019,6,0,0.0,0,0.0
26736922630010,2019,79,40,50.6,0,0.0
27102720125765,2019,36,9,25.0,0,0.0
27102722730117,2019,24,14,58.3,0,0.0
27102722730232,2019,61,34,55.7,5,8.2
27102722730265,2019,49,42,85.7,12,24.5
27659790135111,2019,30,13,43.3,0,0.0
27659790136010,2019,27,0,0.0,0,0.0
27659790136218,2019,130,60,46.2,9,6.9
27659872730018,2019,7,0,0.0,0,0.0
27659872730414,2019,221,34,15.4,0,0.0
27660680134254,2019,26,26,100.0,7,26.9
27660682730083,2019,27,24,88.9,5,18.5
27660682730174,2019,276,243,88.0,38,13.8
27660682732170,2019,254,197,77.6,19,7.5
27660920111435,2019,117,78,66.7,11,9.4
27660922730240,2019,44,16,36.4,0,0.0
27660922732253,2019,66,50,75.8,12,18.2
27660922732808,2019,310,150,48.4,12,3.9
27660922735348,2019,254,206,81.1,36,14.2
27661342731115,2019,7,0,0.0,0,0.0
27661342733657,2019,148,27,18.2,5,3.4
27661590124610,2019,94,78,83.0,18,19.1
27661592730109,2019,670,576,86.0,135,20.1
27661592730166,2019,647,460,71.1,83,12.8
27661592730273,2019,5,0,0.0,0,0.0
27661592733178,2019,512,367,71.7,65,12.7
27661592734481,2019,78,65,83.3,27,34.6
27661592734556,2019,613,334,54.5,73,11.9
27738252730034,2019,261,225,86.2,13,5.0
27738252730125,2019,39,20,51.3,0,0.0
27738252730141,2019,26,18,69.2,4,15.4
27754400106112,2019,33,32,97.0,8,24.2
27754402730190,2019,344,313,91.0,25,7.3
27754732730067,2019,20,16,80.0,6,30.0
27754732730885,2019,170,146,85.9,19,11.2
28102802830073,2019,10,9,90.0,0,0.0
28102802830099,2019,20,14,70.0,0,0.0
28662412831758,2019,45,36,80.0,5,11.1
28662660101964,2019,54,13,24.1,0,0.0
28662660121087,2019,367,121,33.0,19,5.2
28662662830016,2019,406,186,45.8,22,5.4
28662662830115,2019,105,33,31.4,0,0.0
28662662830149,2019,89,63,70.8,11,12.4
28662662835601,2019,451,238,52.8,58,12.9
28662902837102,2019,111,40,36.0,4,3.6
29102980114314,2019,22,11,50.0,0,0.0
29102980126219,2019,89,34,38.2,0,0.0
29102982930147,2019,162,151,93.2,32,19.8
29663570112367,2019,33,4,12.1,0,0.0
29663570124834,2019,28,12,42.9,0,0.0
29663572930030,2019,44,21,47.7,0,0.0
29663572930048,2019,139,38,27.3,0,0.0
29663572930071,2019,61,44,72.1,0,0.0
29663572930089,2019,18,14,77.8,0,0.0
29663572935500,2019,348,149,42.8,6,1.7
29768776111371,2019,4,0,0.0,0,0.0
30103060126037,2019,117,75,64.1,7,6.0
30103060132910,2019,106,98,92.5,37,34.9
30103060133959,2019,24,10,41.7,4,16.7
30103060133983,2019,106,73,68.9,8,7.5
30103060134239,2019,59,28,47.5,0,0.0
30103060134841,2019,85,71,83.5,14,16.5
30103063030426,2019,82,56,68.3,35,42.7
30103063030632,2019,90,18,20.0,0,0.0
30103063030764,2019,423,315,74.5,114,27.0
30103066069553,2019,19,5,26.3,0,0.0
30664313030038,2019,659,252,38.2,18,2.7
30664313030228,2019,779,706,90.6,168,21.6
30664313030384,2019,50,37,74.0,0,0.0
30664313030616,2019,183,70,38.3,0,0.0
30664313032786,2019,267,238,89.1,80,30.0
30664313033057,2019,638,549,86.1,62,9.7
30664313033115,2019,546,274,50.2,33,6.0
30664313033784,2019,461,397,86.1,76,16.5
30664313034204,2019,349,317,90.8,84,24.1
30664313036712,2019,442,368,83.3,73,16.5
30664313038239,2019,489,403,82.4,72,14.7
30664493030624,2019,42,27,64.3,0,0.0
30664493030640,2019,390,127,32.6,10,2.6
30664640106765,2019,650,265,40.8,13,2.0
30664640113381,2019,586,185,31.6,20,3.4
30664640124131,2019,45,0,0.0,0,0.0
30664643030210,2019,528,171,32.4,30,5.7
30664643030574,2019,759,156,20.6,13,1.7
30664643030756,2019,610,62,10.2,7,1.1
30664643035987,2019,75,53,70.7,16,21.3
30664643036001,2019,689,203,29.5,21,3.0
30664643038569,2019,606,173,28.5,16,2.6
30664643066464,2019,7,0,0.0,0,0.0
30664646120356,2019,44,13,29.5,0,0.0
30665143030335,2019,114,84,73.7,34,29.8
30665143030855,2019,401,333,83.0,53,13.2
30665143032505,2019,490,258,52.7,41,8.4
30665143033362,2019,535,271,50.7,23,4.3
30665143033610,2019,210,182,86.7,66,31.4
30665143037090,2019,396,202,51.0,19,4.8
30665143037348,2019,529,217,41.0,23,4.3
30665143037496,2019,622,181,29.1,0,0.0
30665223030103,2019,177,144,81.4,90,50.8
30665223030434,2019,451,338,74.9,91,20.2
30665223032752,2019,520,349,67.1,106,20.4
30665223033578,2019,510,329,64.5,76,14.9
30665223033933,2019,395,331,83.8,132,33.4
30665223035581,2019,368,136,37.0,25,6.8
30665223035706,2019,397,295,74.3,96,24.2
30665223036555,2019,462,384,83.1,105,22.7
30665483030145,2019,287,196,68.3,55,19.2
30665483030368,2019,88,21,23.9,0,0.0
30665483031895,2019,514,76,14.8,9,1.8
30665483032158,2019,871,294,33.8,38,4.4
30665483032943,2019,698,153,21.9,12,1.7
30665483034410,2019,567,165,29.1,14,2.5
30665483038445,2019,726,603,83.1,129,17.8
30665483038551,2019,128,83,64.8,20,15.6
30665553033206,2019,261,29,11.1,5,1.9
30665970111666,2019,51,36,70.6,4,7.8
30665973030186,2019,36,14,38.9,0,0.0
30665973031697,2019,405,36,8.9,7,1.7
30665973031853,2019,280,182,65.0,53,18.9
30665973032000,2019,272,213,78.3,45,16.5
30665973034907,2019,77,62,80.5,33,42.9
30665973035045,2019,532,195,36.7,54,10.2
30666210114769,2019,14,10,71.4,6,42.9
30666210118174,2019,29,12,41.4,0,0.0
30666213030046,2019,499,80,16.0,10,2.0
30666213031952,2019,478,240,50.2,47,9.8
30666213035409,2019,414,329,79.5,112,27.1
30666213035748,2019,111,74,66.7,45,40.5
30666213038098,2019,524,185,35.3,32,6.1
30666470119404,2019,427,39,9.1,8,1.9
30666473030053,2019,394,95,24.1,14,3.6
30666473030483,2019,49,14,28.6,0,0.0
30666473031929,2019,459,118,25.7,13,2.8
30666473031945,2019,69,51,73.9,13,18.8
30666473038023,2019,634,378,59.6,54,8.5
30666476119556,2019,30,0,0.0,0,0.0
30666700106567,2019,104,94,90.4,13,12.5
30666700108365,2019,622,442,71.1,29,4.7
30666700114736,2019,556,492,88.5,36,6.5
30666703030475,2019,204,171,83.8,57,27.9
30666703030491,2019,313,294,93.9,70,22.4
30666703030608,2019,82,66,80.5,0,0.0
30666703030723,2019,414,48,11.6,0,0.0
30666703034998,2019,179,153,85.5,71,39.7
30666703035821,2019,292,259,88.7,64,21.9
30666703036357,2019,686,619,90.2,151,22.0
30666703036456,2019,480,435,90.6,120,25.0
30666706115133,2019,5,5,100.0,0,0.0
30736353030061,2019,568,196,34.5,83,14.6
30736353030079,2019,122,77,63.1,39,32.0
30736353030244,2019,367,145,39.5,54,14.7
30736353030392,2019,657,136,20.7,42,6.4
30736353030509,2019,29,6,20.7,0,0.0
30736353034956,2019,490,116,23.7,42,8.6
30736430102871,2019,675,159,23.6,40,5.9
30736433030590,2019,40,15,37.5,0,0.0
30736433032109,2019,599,208,34.7,23,3.8
30736433032919,2019,124,89,71.8,42,33.9
30736433037553,2019,484,344,71.1,75,15.5
30736500133405,2019,429,74,17.2,39,9.1
30736503030129,2019,56,21,37.5,5,8.9
30736503030152,2019,484,104,21.5,48,9.9
30736503030285,2019,564,104,18.4,29,5.1
30736503030467,2019,6,0,0.0,0,0.0
30736503030657,2019,507,68,13.4,25,4.9
30736503035102,2019,547,100,18.3,38,6.9
30739243033917,2019,756,123,16.3,8,1.1
30768930130765,2019,27,22,81.5,0,0.0
31103140119214,2019,41,20,48.8,0,0.0
31103140126904,2019,21,8,38.1,0,0.0
31103143130101,2019,4,0,0.0,0,0.0
31103143130259,2019,20,20,100.0,0,0.0
31668450121418,2019,81,22,27.2,4,4.9
31668940102293,2019,52,20,38.5,0,0.0
31668940138081,2019,33,10,30.3,0,0.0
31668943131687,2019,31,20,64.5,0,0.0
31668943131851,2019,141,39,27.7,0,0.0
31668943132453,2019,387,52,13.4,0,0.0
31668943135704,2019,306,88,28.8,6,2.0
31669280116459,2019,424,239,56.4,15,3.5
31669283130119,2019,92,26,28.3,0,0.0
31669283130176,2019,505,93,18.4,11,2.2
31669283130184,2019,467,47,10.1,0,0.0
31669283130309,2019,60,39,65.0,0,0.0
31669283135308,2019,460,124,27.0,17,3.7
31669283136504,2019,482,125,25.9,12,2.5
31669443130010,2019,103,51,49.5,0,0.0
31669443130077,2019,20,13,65.0,0,0.0
31669443138500,2019,168,49,29.2,0,0.0
31669513130036,2019,35,16,45.7,4,11.4
31669513130168,2019,265,120,45.3,9,3.4
31669513134657,2019,481,142,29.5,14,2.9
31750850108084,2019,445,69,15.5,0,0.0
31750850119487,2019,130,20,15.4,0,0.0
31750850128561,2019,51,12,23.5,0,0.0
31750853130150,2019,529,82,15.5,11,2.1
31750853130200,2019,43,18,41.9,0,0.0
32669693230083,2019,18,12,66.7,0,0.0
32669693232006,2019,21,14,66.7,0,0.0
32669693233509,2019,13,8,61.5,0,0.0
32669693235603,2019,38,19,50.0,4,10.5
32669693236007,2019,42,15,35.7,0,0.0
33103300110833,2019,246,141,57.3,8,3.3
33103300125237,2019,48,38,79.2,5,10.4
33103300128397,2019,243,185,76.1,56,23.0
33103300128777,2019,34,23,67.6,0,0.0
33103300134320,2019,22,19,86.4,7,31.8
33103300137836,2019,18,10,55.6,0,0.0
33103300137869,2019,22,5,22.7,0,0.0
33103300138602,2019,65,10,15.4,0,0.0
33103303330123,2019,94,78,83.0,17,18.1
33103303331055,2019,102,83,81.4,24,23.5
33103306069207,2019,6,0,0.0,0,0.0
33316253330834,2019,11,4,36.4,0,0.0
33669770125732,2019,403,249,61.8,46,11.4
33669770135061,2019,64,58,90.6,39,60.9
33669773330008,2019,382,300,78.5,79,20.7
33669773334299,2019,481,434,90.2,141,29.3
33669773337128,2019,90,78,86.7,33,36.7
33669853330214,2019,208,178,85.6,37,17.8
33669853330222,2019,32,27,84.4,10,31.2
33669853330974,2019,64,55,85.9,8,12.5
33669930129882,2019,37,21,56.8,0,0.0
33669933330479,2019,590,311,52.7,28,4.7
33669933330842,2019,87,63,72.4,8,9.2
33670330110106,2019,43,36,83.7,5,11.6
33670330110627,2019,1021,392,38.4,65,6.4
33670330110759,2019,193,72,37.3,0,0.0
33670333330131,2019,70,36,51.4,0,0.0
33670333330446,2019,749,395,52.7,66,8.8
33670333330586,2019,239,156,65.3,41,17.2
33670333330701,2019,877,263,30.0,51,5.8
33670333331600,2019,547,372,68.0,70,12.8
33670333334232,2019,458,182,39.7,33,7.2
33670580114504,2019,130,64,49.2,22,16.9
33670580118885,2019,482,241,50.0,51,10.6
33670583330388,2019,452,148,32.7,26,5.8
33670583330669,2019,590,239,40.5,23,3.9
33670583330909,2019,68,19,27.9,0,0.0
33670583331113,2019,105,86,81.9,31,29.5
33670583333192,2019,429,308,71.8,82,19.1
33670820106716,2019,72,42,58.3,4,5.6
33670820113159,2019,360,301,83.6,30,8.3
33670820120675,2019,56,15,26.8,0,0.0
33670820132167,2019,15,13,86.7,4,26.7
33670823330065,2019,170,154,90.6,11,6.5
33670823330503,2019,96,79,82.3,0,0.0
33670823330537,2019,371,323,87.1,25,6.7
33670823332673,2019,560,363,64.8,35,6.2
33670900114157,2019,540,357,66.1,67,12.4
33670900127720,2019,30,22,73.3,0,0.0
33670903330412,2019,418,325,77.8,79,18.9
33670903334687,2019,85,57,67.1,30,35.3
33670903337136,2019,375,298,79.5,70,18.7
33671160109843,2019,120,23,19.2,0,0.0
33671240128868,2019,34,28,82.4,0,0.0
33671243330396,2019,478,360,75.3,25,5.2
33671243330438,2019,559,420,75.1,41,7.3
33671243330800,2019,66,57,86.4,5,7.6
33671243331071,2019,423,368,87.0,53,12.5
33671243333762,2019,137,125,91.2,19,13.9
33671243333770,2019,519,469,90.4,78,15.0
33671573331014,2019,142,98,69.0,0,0.0
33671730127316,2019,375,297,79.2,40,10.7
33671730133090,2019,52,43,82.7,6,11.5
33671733330578,2019,389,340,87.4,77,19.8
33671733330818,2019,332,296,89.2,59,17.8
33671733331121,2019,247,216,87.4,59,23.9
33671733335130,2019,351,274,78.1,38,10.8
33671810138610,2019,4,0,0.0,0,0.0
33671813331139,2019,58,36,62.1,6,10.3
33671813335759,2019,162,108,66.7,10,6.2
33672070101170,2019,122,99,81.1,5,4.1
33672070113191,2019,677,480,70.9,93,13.7
33672070134981,2019,30,18,60.0,0,0.0
33672073330172,2019,93,55,59.1,21,22.6
33672073330727,2019,693,340,49.1,33,4.8
33672073335973,2019,501,454,90.6,114,22.8
33672150115709,2019,20,8,40.0,0,0.0
33672150131359,2019,50,17,34.0,0,0.0
33672150132498,2019,103,23,22.3,0,0.0
33672153330024,2019,432,324,75.0,66,15.3
33672153330362,2019,180,116,64.4,13,7.2
33672153330511,2019,13,9,69.2,0,0.0
33672153330677,2019,119,89,74.8,18,15.1
33672153330859,2019,680,244,35.9,32,4.7
33672153334406,2019,506,388,76.7,67,13.2
33672153336237,2019,581,332,57.1,45,7.7
33672153336492,2019,471,401,85.1,75,15.9
33672153336955,2019,147,131,89.1,48,32.7
33672493331006,2019,68,50,73.5,6,8.8
33672493337649,2019,111,91,82.0,21,18.9
33672493337656,2019,567,432,76.2,83,14.6
33672496114748,2019,71,36,50.7,0,0.0
33736760100255,2019,456,439,96.3,56,12.3
33736760121673,2019,53,51,96.2,4,7.5
33736763330032,2019,84,75,89.3,31,36.9
33736763330354,2019,79,74,93.7,11,13.9
33736763330990,2019,660,522,79.1,78,11.8
33751760107920,2019,386,289,74.9,21,5.4
33751760116343,2019,66,38,57.6,0,0.0
33751763330115,2019,158,102,64.6,11,7.0
33751763330487,2019,460,235,51.1,11,2.4
33751763332350,2019,459,271,59.0,15,3.3
33751920105734,2019,752,134,17.8,9,1.2
33751923330370,2019,671,162,24.1,27,4.0
33751923330495,2019,107,35,32.7,6,5.6
33751923330636,2019,91,22,24.2,0,0.0
33751923330743,2019,679,176,25.9,11,1.6
33751923330917,2019,80,22,27.5,0,0.0
33752000100420,2019,809,242,29.9,15,1.9
33752000102079,2019,134,55,41.0,7,5.2
33752000118794,2019,574,209,36.4,22,3.8
33752003330529,2019,521,151,29.0,12,2.3
33752420109108,2019,401,352,87.8,39,9.7
33752420123190,2019,16,12,75.0,0,0.0
33752420133306,2019,618,520,84.1,47,7.6
33752423330552,2019,492,386,78.5,20,4.1
33752423330560,2019,157,149,94.9,52,33.1
33769430132522,2019,7,0,0.0,0,0.0
34103480106229,2019,15,9,60.0,0,0.0
34103480106237,2019,100,90,90.0,0,0.0
34103480106278,2019,45,32,71.1,0,0.0
34103480118745,2019,106,0,0.0,0,0.0
34322763931250,2019,12,9,75.0,4,33.3
34322763990025,2019,67,65,97.0,16,23.9
34322765637780,2019,30,28,93.3,7,23.3
34673140105916,2019,559,389,69.6,85,15.2
34673140108753,2019,594,172,29.0,23,3.9
34673140116897,2019,572,197,34.4,18,3.1
34673140137281,2019,93,61,65.6,7,7.5
34673143430170,2019,336,316,94.0,74,22.0
34673143430311,2019,69,45,65.2,12,17.4
34673143430329,2019,54,43,79.6,11,20.4
34673143430352,2019,57,40,70.2,0,0.0
34673143430477,2019,333,306,91.9,81,24.3
34673143430592,2019,439,205,46.7,30,6.8
34673143430618,2019,599,342,57.1,65,10.9
34673143430873,2019,648,242,37.3,38,5.9
34673143432002,2019,29,27,93.1,6,20.7
34673143432572,2019,426,185,43.4,19,4.5
34673143467314,2019,12,7,58.3,0,0.0
34673146112254,2019,97,35,36.1,4,4.1
34673220127860,2019,15,11,73.3,0,0.0
34673300113571,2019,455,23,5.1,0,0.0
34673303430501,2019,81,29,35.8,0,0.0
34673303430667,2019,8,7,87.5,0,0.0
34673303430709,2019,31,14,45.2,0,0.0
34673303431533,2019,361,216,59.8,56,15.5
34673303433216,2019,594,78,13.1,10,1.7
34673303434792,2019,59,44,74.6,0,0.0
34673550119131,2019,264,142,53.8,9,3.4
34673553432903,2019,16,13,81.2,0,0.0
34673553433471,2019,227,150,66.1,19,8.4
34674133430469,2019,10,5,50.0,0,0.0
34674134835302,2019,94,54,57.4,13,13.8
34674135731708,2019,60,35,58.3,6,10.0
34674210132019,2019,6,5,83.3,0,0.0
34674210137950,2019,68,61,89.7,4,5.9
34674390101881,2019,38,26,68.4,8,21.1
34674390101899,2019,57,25,43.9,4,7.0
34674390101907,2019,73,37,50.7,0,0.0
34674390101972,2019,281,181,64.4,28,10.0
34674390102038,2019,134,96,71.6,5,3.7
34674390108951,2019,62,40,64.5,9,14.5
34674390114546,2019,46,30,65.2,4,8.7
34674390137406,2019,121,91,75.2,33,27.3
34674393430154,2019,93,69,74.2,16,17.2
34674393430519,2019,106,72,67.9,19,17.9
34674393430865,2019,228,139,61.0,4,1.8
34674393431012,2019,360,308,85.6,90,25.0
34674393434636,2019,340,275,80.9,112,32.9
34674393434768,2019,473,291,61.5,46,9.7
34674393435419,2019,551,327,59.3,63,11.4
34674396061832,2019,19,15,78.9,0,0.0
34674470121467,2019,33,27,81.8,6,18.2
34674470133975,2019,6,0,0.0,0,0.0
34674470135772,2019,19,0,0.0,0,0.0
34674473430048,2019,191,118,61.8,9,4.7
34674473430097,2019,15,7,46.7,0,0.0
34674473430386,2019,78,31,39.7,0,0.0
34674473430394,2019,12,9,75.0,0,0.0
34674473430493,2019,421,105,24.9,11,2.6
34674473430691,2019,248,137,55.2,19,7.7
34674473430717,2019,796,412,51.8,33,4.1
34674473430758,2019,70,27,38.6,0,0.0
34674473431111,2019,279,90,32.3,0,0.0
34674473432051,2019,372,166,44.6,18,4.8
34674473432317,2019,325,138,42.5,14,4.3
34674473432838,2019,160,141,88.1,62,38.8
34674473435930,2019,442,224,50.7,45,10.2
34674473436714,2019,465,89,19.1,17,3.7
34674473438504,2019,157,106,67.5,21,13.4
34674473467447,2019,15,10,66.7,0,0.0
34739733430378,2019,297,172,57.9,14,4.7
34739733430451,2019,21,17,81.0,0,0.0
34752830102236,2019,561,300,53.5,13,2.3
34752830112425,2019,147,71,48.3,5,3.4
34752830126060,2019,79,49,62.0,0,0.0
34752833430584,2019,255,187,73.3,21,8.2
34752833430626,2019,54,42,77.8,0,0.0
34752833430659,2019,118,28,23.7,0,0.0
34765050101832,2019,65,55,84.6,19,29.2
34765050108415,2019,108,74,68.5,11,10.2
34765050108795,2019,37,29,78.4,0,0.0
34765050108837,2019,84,68,81.0,13,15.5
34765050114272,2019,25,17,68.0,6,24.0
34765053430261,2019,47,38,80.9,7,14.9
34765053430634,2019,130,107,82.3,9,6.9
34765053430881,2019,60,53,88.3,8,13.3
34765053433265,2019,263,232,88.2,55,20.9
34765053433794,2019,391,329,84.1,64,16.4
34765053434370,2019,157,137,87.3,20,12.7
34765053436979,2019,342,269,78.7,28,8.2
35103550132308,2019,6,5,83.3,0,0.0
35103553530045,2019,6,0,0.0,0,0.0
35675383530029,2019,51,42,82.4,15,29.4
35675383537008,2019,681,388,57.0,49,7.2
35752593530060,2019,82,55,67.1,7,8.5
36103630107466,2019,232,196,84.5,54,23.3
36103633630431,2019,62,41,66.1,0,0.0
36103633630761,2019,375,189,50.4,11,2.9
36103636069348,2019,24,17,70.8,0,0.0
36675870128462,2019,59,52,88.1,6,10.2
36676113630712,2019,48,40,83.3,5,10.4
36676113630803,2019,301,217,72.1,20,6.6
36676373630290,2019,15,14,93.3,0,0.0
36676373631066,2019,167,106,63.5,13,7.8
36676520126243,2019,26,11,42.3,0,0.0
36676523630225,2019,602,334,55.5,8,1.3
36676523630373,2019,848,369,43.5,17,2.0
36676523630571,2019,843,357,42.3,8,0.9
36676523630845,2019,10,8,80.0,0,0.0
36676523631058,2019,728,245,33.7,10,1.4
36676523631157,2019,511,382,74.8,19,3.7
36676523632205,2019,738,644,87.3,96,13.0
36676523633906,2019,658,576,87.5,61,9.3
36676523634482,2019,574,502,87.5,66,11.5
36676523637659,2019,156,128,82.1,22,14.1
36676523667652,2019,11,7,63.6,0,0.0
36676783630035,2019,364,247,67.9,20,5.5
36676783630522,2019,676,183,27.1,25,3.7
36676783631017,2019,677,202,29.8,29,4.3
36676783631587,2019,33,28,84.8,6,18.2
36676783631769,2019,68,48,70.6,5,7.4
36676783632502,2019,430,289,67.2,32,7.4
36676783667678,2019,6,0,0.0,0,0.0
36676860125500,2019,419,281,67.1,25,6.0
36676863630399,2019,12,8,66.7,0,0.0
36676863631322,2019,534,463,86.7,96,18.0
36676863632742,2019,438,345,78.8,51,11.6
36676863636131,2019,131,110,84.0,26,19.8
36677100108191,2019,550,373,67.8,56,10.2
36677100120758,2019,463,372,80.3,65,14.0
36677103630019,2019,145,116,80.0,44,30.3
36677103630480,2019,160,136,85.0,51,31.9
36677103630555,2019,482,408,84.6,67,13.9
36677103630902,2019,450,382,84.9,59,13.1
36677103633302,2019,552,511,92.6,104,18.8
36677360116723,2019,52,23,44.2,0,0.0
36677360128439,2019,52,29,55.8,4,7.7
36677360130948,2019,26,9,34.6,0,0.0
36677360136069,2019,66,25,37.9,0,0.0
36677360136937,2019,120,106,88.3,23,19.2
36677773630217,2019,56,45,80.4,0,0.0
36677773636743,2019,181,112,61.9,0,0.0
36677773638616,2019,281,187,66.5,7,2.5
36678013630266,2019,11,10,90.9,0,0.0
36678013634169,2019,49,34,69.4,0,0.0
36678270111807,2019,4,4,100.0,0,0.0
36678270113928,2019,148,96,64.9,11,7.4
36678270137174,2019,49,41,83.7,5,10.2
36678270137182,2019,120,93,77.5,8,6.7
36678270137190,2019,154,139,90.3,10,6.5
36678270137208,2019,100,89,89.0,18,18.0
36678270137216,2019,31,25,80.6,4,12.9
36678270137224,2019,85,62,72.9,0,0.0
36678270137232,2019,35,28,80.0,0,0.0
36678430118802,2019,465,231,49.7,19,4.1
36678430127837,2019,12,0,0.0,0,0.0
36678433630779,2019,457,220,48.1,21,4.6
36678433630928,2019,32,7,21.9,0,0.0
36678433634995,2019,131,115,87.8,9,6.9
36678433635042,2019,494,235,47.6,40,8.1
36678433667843,2019,68,30,44.1,0,0.0
36678500102830,2019,524,413,78.8,44,8.4
36678503630159,2019,145,133,91.7,41,28.3
36678503630530,2019,29,25,86.2,5,17.2
36678503630597,2019,672,608,90.5,85,12.6
36678503633005,2019,525,473,90.1,82,15.6
36678683630241,2019,30,20,66.7,0,0.0
36678683635265,2019,202,97,48.0,16,7.9
36678760107730,2019,14,12,85.7,0,0.0
36678760109850,2019,56,48,85.7,4,7.1
36678760120568,2019,170,120,70.6,7,4.1
36678760125450,2019,398,376,94.5,51,12.8
36678763630308,2019,209,191,91.4,35,16.7
36678763630548,2019,15,14,93.3,0,0.0
36678763630993,2019,85,75,88.2,19,22.4
36678763631082,2019,600,567,94.5,99,16.5
36678763631090,2019,67,27,40.3,0,0.0
36678763632221,2019,648,491,75.8,23,3.5
36678763632809,2019,246,226,91.9,56,22.8
36678763634680,2019,236,220,93.2,42,17.8
36678763635844,2019,332,310,93.4,56,16.9
36678763636081,2019,437,397,90.8,42,9.6
36678920134247,2019,279,145,52.0,15,5.4
36678920138321,2019,25,12,48.0,0,0.0
36678923636487,2019,20,13,65.0,0,0.0
36679340110064,2019,169,130,76.9,4,2.4
36679340125419,2019,426,393,92.3,55,12.9
36679340138123,2019,55,49,89.1,4,7.3
36679343630100,2019,46,43,93.5,6,13.0
36679343630670,2019,149,106,71.1,9,6.0
36679343630787,2019,547,463,84.6,53,9.7
36679343638012,2019,394,355,90.1,65,16.5
36679346114698,2019,122,109,89.3,10,8.2
36679590101410,2019,27,24,88.9,0,0.0
36679590101816,2019,8,0,0.0,0,0.0
36679593633351,2019,63,41,65.1,5,7.9
36679593638509,2019,617,280,45.4,30,4.9
36738583630076,2019,12,11,91.7,5,41.7
36738903630274,2019,81,36,44.4,0,0.0
36738903630282,2019,17,11,64.7,0,0.0
36738903631199,2019,11,4,36.4,0,0.0
36739573630233,2019,447,288,64.4,12,2.7
36739573630365,2019,76,57,75.0,5,6.6
36739573630589,2019,6,0,0.0,0,0.0
36739573631108,2019,7,4,57.1,0,0.0
36750440114389,2019,34,19,55.9,0,0.0
36750440115444,2019,105,95,90.5,21,20.0
36750440116707,2019,128,63,49.2,7,5.5
36750440119115,2019,528,317,60.0,58,11.0
36750443630407,2019,452,324,71.7,86,19.0
36750443630472,2019,141,109,77.3,31,22.0
36750443630746,2019,373,264,70.8,41,11.0
36750443630811,2019,27,18,66.7,0,0.0
36750510115089,2019,107,26,24.3,0,0.0
36750510136432,2019,382,338,88.5,23,6.0
36750510136960,2019,38,33,86.8,0,0.0
36750510137794,2019,138,44,31.9,0,0.0
36750513630563,2019,50,45,90.0,4,8.0
36750513630696,2019,5,5,100.0,0,0.0
36750693630456,2019,96,81,84.4,7,7.3
36750693637584,2019,773,389,50.3,31,4.0
36750773630423,2019,497,314,63.2,36,7.2
36750773630894,2019,348,255,73.3,26,7.5
36750773631009,2019,50,46,92.0,0,0.0
36750773631207,2019,82,27,32.9,0,0.0
37103710115998,2019,27,27,100.0,7,25.9
37103710120493,2019,21,21,100.0,11,52.4
37103710128520,2019,220,180,81.8,78,35.5
37103710128538,2019,150,108,72.0,33,22.0
37103710137752,2019,51,16,31.4,0,0.0
37103710138792,2019,8,0,0.0,0,0.0
37103711996545,2019,11,0,0.0,0,0.0
37103716119119,2019,69,35,50.7,5,7.2
37679830134890,2019,868,608,70.0,128,14.7
37679833730447,2019,28,25,89.3,7,25.0
37680230138073,2019,36,16,44.4,5,13.9
37680236037980,2019,125,73,58.4,19,15.2
37680236115778,2019,97,80,82.5,8,8.2
37680313731478,2019,283,31,11.0,0,0.0
37680490129221,2019,18,8,44.4,0,0.0
37680490131169,2019,145,42,29.0,4,2.8
37680490132506,2019,116,36,31.0,0,0.0
37680490136416,2019,106,52,49.1,0,0.0
37680490136614,2019,259,212,81.9,29,11.2
37680490138313,2019,31,13,41.9,0,0.0
37680496119564,2019,28,5,17.9,0,0.0
37681060111195,2019,306,36,11.8,0,0.0
37681060127241,2019,189,110,58.2,0,0.0
37681060137034,2019,10,4,40.0,0,0.0
37681063730058,2019,494,294,59.5,57,11.5
37681063731023,2019,207,63,30.4,0,0.0
37681063732054,2019,102,78,76.5,42,41.2
37681063732062,2019,507,366,72.2,62,12.2
37681063735313,2019,421,358,85.0,49,11.6
37681223730967,2019,36,17,47.2,0,0.0
37681223732179,2019,423,250,59.1,53,12.5
37681223732195,2019,48,33,68.8,9,18.8
37681300128793,2019,18,13,72.2,0,0.0
37681300132548,2019,67,44,65.7,0,0.0
37681303730066,2019,432,250,57.9,37,8.6
37681303730702,2019,388,140,36.1,0,0.0
37681303731262,2019,500,178,35.6,36,7.2
37681303731536,2019,31,11,35.5,0,0.0
37681303731692,2019,346,325,93.9,139,40.2
37681303731809,2019,382,194,50.8,7,1.8
37681303732336,2019,523,280,53.5,24,4.6
37681303732559,2019,23,15,65.2,0,0.0
37681303732625,2019,490,273,55.7,27,5.5
37681303732732,2019,560,290,51.8,31,5.5
37681303734548,2019,367,303,82.6,41,11.2
37681303734761,2019,274,217,79.2,47,17.2
37681303737905,2019,374,162,43.3,11,2.9
37681303768130,2019,11,0,0.0,0,0.0
37681556117303,2019,15,8,53.3,0,0.0
37681630128421,2019,11,6,54.5,0,0.0
37681630137109,2019,165,140,84.8,38,23.0
37681630138628,2019,6,0,0.0,0,0.0
37681633731239,2019,7,0,0.0,0,0.0
37681713733219,2019,24,11,45.8,0,0.0
37681893731072,2019,55,9,16.4,0,0.0
37682130123224,2019,125,73,58.4,12,9.6
37682130127084,2019,40,18,45.0,14,35.0
37682130129668,2019,16,12,75.0,0,0.0
37682130136978,2019,17,8,47.1,0,0.0
37682130138636,2019,8,4,50.0,0,0.0
37682133730934,2019,7,6,85.7,0,0.0
37682133734878,2019,96,53,55.2,28,29.2
37682960118935,2019,553,71,12.8,8,1.4
37682963730074,2019,464,104,22.4,23,5.0
37682963730819,2019,573,92,16.1,22,3.8
37682963731528,2019,588,87,14.8,10,1.7
37682963735842,2019,74,35,47.3,10,13.5
37682963735867,2019,559,119,21.3,27,4.8
37683040102178,2019,11,7,63.6,0,0.0
37683040131250,2019,40,11,27.5,0,0.0
37683043735958,2019,49,26,53.1,0,0.0
37683043735974,2019,339,113,33.3,19,5.6
37683380106732,2019,94,39,41.5,6,6.4
37683380106799,2019,73,32,43.8,0,0.0
37683380107029,2019,258,122,47.3,8,3.1
37683380107052,2019,108,88,81.5,27,25.0
37683380107078,2019,91,74,81.3,10,11.0
37683380107086,2019,69,49,71.0,0,0.0
37683380107094,2019,91,73,80.2,7,7.7
37683380107102,2019,79,64,81.0,0,0.0
37683380107177,2019,241,221,91.7,60,24.9
37683380107219,2019,183,152,83.1,23,12.6
37683380107482,2019,34,18,52.9,0,0.0
37683380108787,2019,95,41,43.2,6,6.3
37683380114025,2019,326,283,86.8,77,23.6
37683380114462,2019,134,65,48.5,10,7.5
37683380118315,2019,21,18,85.7,0,0.0
37683380118851,2019,97,93,95.9,27,27.8
37683380119610,2019,151,131,86.8,10,6.6
37683380122788,2019,47,13,27.7,0,0.0
37683380124347,2019,5,5,100.0,0,0.0
37683380127647,2019,98,64,65.3,22,22.4
37683380131979,2019,68,52,76.5,14,20.6
37683380135913,2019,24,7,29.2,0,0.0
37683380136663,2019,15,13,86.7,6,40.0
37683380137802,2019,23,16,69.6,0,0.0
37683383730173,2019,322,162,50.3,0,0.0
37683383730181,2019,537,243,45.3,35,6.5
37683383730231,2019,201,156,77.6,43,21.4
37683383730314,2019,425,180,42.4,21,4.9
37683383730371,2019,192,111,57.8,0,0.0
37683383730751,2019,21,0,0.0,0,0.0
37683383730884,2019,503,82,16.3,4,0.8
37683383730959,2019,252,132,52.4,19,7.5
37683383731130,2019,7,5,71.4,0,0.0
37683383731189,2019,109,107,98.2,0,0.0
37683383731213,2019,200,119,59.5,16,8.0
37683383731247,2019,123,50,40.7,5,4.1
37683383731395,2019,98,44,44.9,0,0.0
37683383732781,2019,546,222,40.7,8,1.5
37683383732997,2019,489,462,94.5,87,17.8
37683383733508,2019,315,91,28.9,0,0.0
37683383733698,2019,230,150,65.2,13,5.7
37683383734431,2019,270,156,57.8,21,7.8
37683383734654,2019,390,301,77.2,42,10.8
37683383735750,2019,459,188,41.0,18,3.9
37683383737962,2019,123,118,95.9,37,30.1
37683383768338,2019,23,0,0.0,0,0.0
37683386040083,2019,25,19,76.0,6,24.0
37683386061964,2019,122,62,50.8,9,7.4
37683460106328,2019,615,45,7.3,9,1.5
37683463730033,2019,599,67,11.2,43,7.2
37683463731007,2019,454,53,11.7,15,3.3
37683463737384,2019,52,17,32.7,0,0.0
37683463737418,2019,420,69,16.4,5,1.2
37684030125401,2019,77,56,72.7,0,0.0
37684036120893,2019,206,93,45.1,4,1.9
37684110111831,2019,594,173,29.1,25,4.2
37684110115873,2019,5,0,0.0,0,0.0
37684113730124,2019,461,338,73.3,161,34.9
37684113730405,2019,508,208,40.9,45,8.9
37684113730801,2019,391,296,75.7,108,27.6
37684113730843,2019,703,169,24.0,35,5.0
37684113731064,2019,604,459,76.0,174,28.8
37684113731155,2019,26,19,73.1,5,19.2
37684113731304,2019,81,49,60.5,63,77.8
37684113731460,2019,8,7,87.5,0,0.0
37684113731502,2019,551,434,78.8,221,40.1
37684113731627,2019,562,186,33.1,51,9.1
37684113732047,2019,90,64,71.1,51,56.7
37684113732849,2019,486,301,61.9,66,13.6
37684113733953,2019,364,239,65.7,75,20.6
37684113738226,2019,690,566,82.0,180,26.1
37684113738234,2019,467,323,69.2,103,22.1
37684113768411,2019,103,53,51.5,16,15.5
37684520106120,2019,720,660,91.7,157,21.8
37684520114264,2019,40,24,60.0,0,0.0
37684520115451,2019,85,76,89.4,6,7.1
37684520118430,2019,385,96,24.9,4,1.0
37684520124917,2019,19,11,57.9,0,0.0
37684520126300,2019,28,11,39.3,0,0.0
37684523730728,2019,441,259,58.7,25,5.7
37684523730942,2019,120,76,63.3,0,0.0
37684523732039,2019,40,40,100.0,7,17.5
37684523738705,2019,533,352,66.0,51,9.6
37735510127423,2019,273,50,18.3,0,0.0
37735513730017,2019,30,20,66.7,5,16.7
37735513730694,2019,540,109,20.2,15,2.8
37735513731163,2019,14,0,0.0,0,0.0
37735690136267,2019,55,11,20.0,0,0.0
37735693731221,2019,171,106,62.0,16,9.4
37735693735206,2019,534,350,65.5,30,5.6
37735693739018,2019,650,346,53.2,32,4.9
37735693739026,2019,37,33,89.2,7,18.9
37737910105726,2019,615,288,46.8,39,6.3
37737910138222,2019,25,9,36.0,0,0.0
37737913730215,2019,84,42,50.0,13,15.5
37737913730793,2019,38,22,57.9,0,0.0
37737913737632,2019,794,305,38.4,32,4.0
37754160132472,2019,90,36,40.0,0,0.0
37754163730975,2019,15,5,33.3,0,0.0
37754166119275,2019,9,9,100.0,0,0.0
37756143731114,2019,229,115,50.2,17,7.4
37756143731312,2019,28,21,75.0,6,21.4
37756143731601,2019,19,9,47.4,0,0.0
37764710114678,2019,136,64,47.1,9,6.6
37764710114694,2019,77,30,39.0,0,0.0
37768510129320,2019,79,27,34.2,12,15.2
37769010134429,2019,30,23,76.7,0,0.0
37770320134577,2019,46,13,28.3,0,0.0
37770990136077,2019,61,34,55.7,0,0.0
37771070136473,2019,40,29,72.5,0,0.0
38103893810389,2019,10,0,0.0,0,0.0
38684780102103,2019,51,36,70.6,16,31.4
38684780107300,2019,78,56,71.8,12,15.4
38684780118141,2019,133,77,57.9,7,5.3
38684780119875,2019,94,66,70.2,92,97.9
38684780119958,2019,77,35,45.5,8,10.4
38684780127530,2019,83,75,90.4,7,8.4
38684783830031,2019,74,48,64.9,20,27.0
38684783830064,2019,62,34,54.8,0,0.0
38684783830197,2019,43,14,32.6,0,0.0
38684783830205,2019,151,85,56.3,17,11.3
38684783830254,2019,231,149,64.5,36,15.6
38684783830288,2019,281,200,71.2,49,17.4
38684783830387,2019,197,38,19.3,0,0.0
38684783830403,2019,105,62,59.0,71,67.6
38684783830411,2019,70,44,62.9,0,0.0
38684783830429,2019,16,13,81.2,0,0.0
38684783830437,2019,117,48,41.0,0,0.0
38684783831765,2019,429,311,72.5,91,21.2
38684783833241,2019,504,276,54.8,86,17.1
38684783833407,2019,698,270,38.7,12,1.7
38684783834082,2019,264,159,60.2,101,38.3
38684783834769,2019,99,62,62.6,22,22.2
38684783839081,2019,492,272,55.3,90,18.3
39103970120717,2019,159,138,86.8,0,0.0
39103970121723,2019,27,24,88.9,0,0.0
39103973930195,2019,39,28,71.8,0,0.0
39103973930468,2019,467,390,83.5,80,17.1
39103973930476,2019,244,148,60.7,12,4.9
39103976069215,2019,8,6,75.0,0,0.0
39685020126011,2019,4,0,0.0,0,0.0
39685023930054,2019,24,16,66.7,5,20.8
39685023932308,2019,182,87,47.8,16,8.8
39685693933793,2019,80,67,83.8,9,11.2
39685693933801,2019,693,354,51.1,49,7.1
39685770118307,2019,18,15,83.3,4,22.2
39685773933959,2019,149,82,55.0,7,4.7
39685850101956,2019,120,50,41.7,0,0.0
39685850108225,2019,437,362,82.8,54,12.4
39685850122580,2019,118,80,67.8,11,9.3
39685853930237,2019,511,288,56.4,26,5.1
39685853930278,2019,67,55,82.1,10,14.9
39685853930344,2019,50,29,58.0,5,10.0
39685853930443,2019,64,39,60.9,0,0.0
39685853934759,2019,452,306,67.7,52,11.5
39685853934767,2019,68,52,76.5,27,39.7
39685853934783,2019,504,258,51.2,49,9.7
39685930101576,2019,267,190,71.2,37,13.9
39685930112565,2019,40,34,85.0,7,17.5
39685930116376,2019,284,161,56.7,32,11.3
39685930126094,2019,39,22,56.4,0,0.0
39685933930310,2019,329,149,45.3,27,8.2
39685933930328,2019,5,0,0.0,0,0.0
39685933932001,2019,412,241,58.5,51,12.4
39685933935103,2019,397,223,56.2,49,12.3
39685933935111,2019,77,60,77.9,15,19.5
39686270126755,2019,70,60,85.7,8,11.4
39686270127191,2019,133,61,45.9,5,3.8
39686270129916,2019,24,8,33.3,0,0.0
39686270133116,2019,114,64,56.1,0,0.0
39686270136028,2019,96,60,62.5,6,6.2
39686270136135,2019,44,18,40.9,0,0.0
39686276119309,2019,84,45,53.6,5,6.0
39686500125849,2019,212,84,39.6,0,0.0
39686500128215,2019,16,7,43.8,0,0.0
39686503935756,2019,221,70,31.7,9,4.1
39686760108159,2019,520,347,66.7,61,11.7
39686760115402,2019,49,43,87.8,12,24.5
39686760118497,2019,68,45,66.2,0,0.0
39686760119743,2019,105,60,57.1,0,0.0
39686760119784,2019,53,41,77.4,0,0.0
39686760120733,2019,45,21,46.7,0,0.0
39686760123802,2019,128,86,67.2,0,0.0
39686760124248,2019,53,28,52.8,0,0.0
39686763930211,2019,91,73,80.2,16,17.6
39686763930427,2019,91,70,76.9,5,5.5
39686763932100,2019,564,455,80.7,103,18.3
39686763932654,2019,427,327,76.6,86,20.1
39686763937406,2019,353,244,69.1,36,10.2
39754990102392,2019,123,25,20.3,12,9.8
39754990114140,2019,54,44,81.5,13,24.1
39754990119040,2019,370,130,35.1,28,7.6
39754993930302,2019,520,304,58.5,66,12.7
39754993937976,2019,10,10,100.0,0,0.0
39754993938008,2019,531,221,41.6,58,10.9
39767600128967,2019,332,74,22.3,8,2.4
40104050101725,2019,124,99,79.8,9,7.3
40104054030078,2019,8,8,100.0,0,0.0
40104054030250,2019,21,15,71.4,0,0.0
40687004030102,2019,38,13,34.2,0,0.0
40687004030151,2019,38,28,73.7,0,0.0
40687004030755,2019,301,99,32.9,16,5.3
40687590125328,2019,65,22,33.8,0,0.0
40687594030268,2019,200,138,69.0,6,3.0
40687594030557,2019,469,188,40.1,11,2.3
40687594033205,2019,60,46,76.7,9,15.0
40688094030045,2019,22,13,59.1,0,0.0
40688094034807,2019,164,63,38.4,10,6.1
40688094036703,2019,359,79,22.0,12,3.3
40688334037008,2019,23,20,87.0,6,26.1
40688414030128,2019,5,0,0.0,0,0.0
40688414030185,2019,36,13,36.1,0,0.0
40688414037701,2019,187,25,13.4,0,0.0
40754570119354,2019,36,13,36.1,0,0.0
40754574035754,2019,435,177,40.7,22,5.1
40754574035762,2019,65,44,67.7,11,16.9
40754654030144,2019,4,0,0.0,0,0.0
40754654032009,2019,42,25,59.5,7,16.7
41104130128652,2019,5,0,0.0,0,0.0
41104134130076,2019,25,18,72.0,0,0.0
41688904130027,2019,12,8,66.7,0,0.0
41688904132817,2019,249,116,46.6,20,8.0
41689160112284,2019,146,47,32.2,0,0.0
41689240127548,2019,103,18,17.5,4,3.9
41689244133393,2019,290,147,50.7,61,21.0
41689244135075,2019,139,31,22.3,0,0.0
41689244137535,2019,215,29,13.5,0,0.0
41689244137592,2019,64,31,48.4,13,20.3
41689244137790,2019,370,132,35.7,54,14.6
41689404135331,2019,21,15,71.4,0,0.0
41690470129759,2019,140,14,10.0,0,0.0
41690470135814,2019,100,65,65.0,44,44.0
41690474130217,2019,415,116,28.0,9,2.2
41690474130472,2019,340,38,11.2,6,1.8
41690474130738,2019,319,122,38.2,43,13.5
41690474133070,2019,377,100,26.5,52,13.8
41690474134557,2019,302,67,22.2,5,1.7
41690474136370,2019,418,156,37.3,62,14.8
41690620112722,2019,113,65,57.5,20,17.7
41690620119503,2019,95,69,72.6,23,24.2
41690620126722,2019,85,80,94.1,22,25.9
41690624130993,2019,526,68,12.9,17,3.2
41690624133716,2019,587,236,40.2,89,15.2
41690624135687,2019,96,83,86.5,31,32.3
41690624136693,2019,487,250,51.3,86,17.7
41690624138053,2019,439,190,43.3,73,16.6
41690704130324,2019,61,30,49.2,11,18.0
41690704132551,2019,286,101,35.3,12,4.2
41690704137279,2019,300,141,47.0,40,13.3
42104214230157,2019,21,16,76.2,0,0.0
42691120111773,2019,66,38,57.6,0,0.0
42691120124255,2019,17,4,23.5,0,0.0
42691120137877,2019,9,7,77.8,0,0.0
42691120137885,2019,7,0,0.0,0,0.0
42691464230587,2019,140,80,57.1,24,17.1
42691464230595,2019,14,10,71.4,9,64.3
42692294230454,2019,239,113,47.3,8,3.3
42692294233029,2019,48,38,79.2,12,25.0
42692294233060,2019,348,262,75.3,36,10.3
42692600116434,2019,130,29,22.3,0,0.0
42693100102285,2019,606,505,83.3,70,11.6
42693104231452,2019,242,215,88.8,60,24.8
42693104234613,2019,489,300,61.3,39,8.0
42693104236030,2019,531,489,92.1,137,25.8
42693284230074,2019,6,4,66.7,0,0.0
42693284236345,2019,212,84,39.6,0,0.0
42750100134866,2019,25,10,40.0,0,0.0
42750100135590,2019,89,36,40.4,0,0.0
42750104231205,2019,11,9,81.8,0,0.0
42767860120402,2019,51,17,33.3,0,0.0
42767864231726,2019,454,149,32.8,14,3.1
42767864232690,2019,55,40,72.7,11,20.0
42767864235230,2019,462,196,42.4,24,5.2
42767864235727,2019,502,197,39.2,28,5.6
42769500132894,2019,9,7,77.8,0,0.0
42771980138362,2019,76,47,61.8,6,7.9
42772060138370,2019,37,26,70.3,8,21.6
42772140138388,2019,19,0,0.0,0,0.0
42772220138396,2019,78,32,41.0,0,0.0
43104390113431,2019,108,6,5.6,0,0.0
43104390123257,2019,74,44,59.5,12,16.2
43104390123794,2019,90,31,34.4,7,7.8
43104390128090,2019,95,17,17.9,7,7.4
43104390135087,2019,118,100,84.7,34,28.8
43104394330254,2019,35,32,91.4,13,37.1
43104394330320,2019,13,9,69.2,0,0.0
43694014330239,2019,421,45,10.7,13,3.1
43694014330759,2019,79,56,70.9,6,7.6
43694014330866,2019,395,83,21.0,8,2.0
43694014331955,2019,295,181,61.4,24,8.1
43694014336137,2019,353,116,32.9,27,7.6
43694014338505,2019,370,104,28.1,13,3.5
43694270107151,2019,21,21,100.0,20,95.2
43694270116889,2019,113,77,68.1,0,0.0
43694270123745,2019,77,35,45.5,11,14.3
43694270125427,2019,60,37,61.7,18,30.0
43694270125617,2019,87,75,86.2,49,56.3
43694270130856,2019,74,64,86.5,21,28.4
43694270131995,2019,77,69,89.6,30,39.0
43694270132274,2019,80,44,55.0,29,36.2
43694274330015,2019,423,253,59.8,110,26.0
43694274330023,2019,513,86,16.8,25,4.9
43694274330031,2019,699,261,37.3,116,16.6
43694274330312,2019,33,13,39.4,5,15.2
43694274330353,2019,46,24,52.2,12,26.1
43694274330361,2019,72,54,75.0,19,26.4
43694274330668,2019,102,92,90.2,21,20.6
43694274330692,2019,706,75,10.6,30,4.2
43694274332318,2019,121,82,67.8,27,22.3
43694274332995,2019,439,249,56.7,111,25.3
43694274333639,2019,253,203,80.2,40,15.8
43694274334900,2019,321,202,62.9,55,17.1
43694274335204,2019,457,220,48.1,69,15.1
43694274335428,2019,307,231,75.2,65,21.2
43694274335907,2019,473,104,22.0,22,4.7
43694274337903,2019,566,221,39.0,72,12.7
43694684331799,2019,547,54,9.9,38,6.9
43694684332474,2019,496,204,41.1,60,12.1
43694684333316,2019,607,119,19.6,51,8.4
43694684334421,2019,436,30,6.9,14,3.2
43694684334462,2019,567,32,5.6,9,1.6
43694840114496,2019,75,25,33.3,0,0.0
43694840118380,2019,361,141,39.1,19,5.3
43694844332839,2019,363,234,64.5,32,8.8
43694844334850,2019,112,76,67.9,15,13.4
43695344334371,2019,517,14,2.7,0,0.0
43695344337762,2019,362,0,0.0,0,0.0
43695830102368,2019,359,117,32.6,22,6.1
43695834333951,2019,273,116,42.5,19,7.0
43695834334488,2019,55,38,69.1,7,12.7
43696094334116,2019,539,103,19.1,11,2.0
43696094334728,2019,488,102,20.9,32,6.6
43696094334736,2019,42,27,64.3,9,21.4
43696414332904,2019,480,39,8.1,10,2.1
43696414335782,2019,513,53,10.3,0,0.0
43696414369641,2019,11,0,0.0,0,0.0
43696664330080,2019,232,131,56.5,34,14.7
43696664330502,2019,103,57,55.3,21,20.4
43696664330585,2019,106,94,88.7,26,24.5
43696664330593,2019,16,0,0.0,0,0.0
43696664332110,2019,88,57,64.8,27,30.7
43696664333522,2019,490,46,9.4,10,2.0
43696664333795,2019,450,293,65.1,66,14.7
43696664335949,2019,418,105,25.1,20,4.8
43696664337200,2019,267,207,77.5,90,33.7
43696664338950,2019,390,139,35.6,33,8.5
43696740135970,2019,39,17,43.6,0,0.0
43696744330122,2019,455,198,43.5,50,11.0
43696744330247,2019,57,36,63.2,0,0.0
43696744338406,2019,67,56,83.6,10,14.9
43696744338802,2019,452,191,42.3,55,12.2
43733874331039,2019,69,45,65.2,5,7.2
43733874334470,2019,754,216,28.6,98,13.0
44104474430146,2019,23,12,52.2,17,73.9
44104474430252,2019,86,13,15.1,0,0.0
44104474430278,2019,237,92,38.8,34,14.3
44697650100305,2019,32,11,34.4,0,0.0
44697990105858,2019,312,285,91.3,73,23.4
44697990117804,2019,56,52,92.9,4,7.1
44697994430203,2019,18,17,94.4,11,61.1
44697994430229,2019,48,33,68.8,8,16.7
44697994430245,2019,19,18,94.7,0,0.0
44697994430518,2019,327,123,37.6,20,6.1
44697994437794,2019,90,78,86.7,45,50.0
44697994437901,2019,448,396,88.4,114,25.4
44698070110007,2019,116,23,19.8,0,0.0
44698074430179,2019,22,0,0.0,0,0.0
44698074436754,2019,192,44,22.9,0,0.0
44698234430187,2019,41,14,34.1,0,0.0
44698234432340,2019,188,98,52.1,28,14.9
44698234436960,2019,39,25,64.1,9,23.1
44698234437109,2019,257,69,26.8,7,2.7
44698234437406,2019,238,66,27.7,0,0.0
44754324430211,2019,216,17,7.9,0,0.0
45104540132647,2019,42,24,57.1,0,0.0
45104544530150,2019,11,6,54.5,0,0.0
45698564530028,2019,189,84,44.4,0,0.0
45698564530051,2019,46,32,69.6,0,0.0
45698564530333,2019,34,22,64.7,0,0.0
45698564530762,2019,39,28,71.8,0,0.0
45698564530804,2019,85,47,55.3,0,0.0
45699710135848,2019,4,0,0.0,0,0.0
45699894530010,2019,6,6,100.0,0,0.0
45699894531000,2019,25,12,48.0,0,0.0
45699894533600,2019,38,15,39.5,0,0.0
45701100135889,2019,21,11,52.4,0,0.0
45701360106013,2019,114,15,13.2,0,0.0
45701364530044,2019,312,89,28.5,0,0.0
45701364530200,2019,105,80,76.2,0,0.0
45701364530267,2019,82,33,40.2,0,0.0
45701364530309,2019,44,23,52.3,0,0.0
45701364532750,2019,251,147,58.6,8,3.2
45701364537304,2019,344,119,34.6,0,0.0
45701364570136,2019,4,0,0.0,0,0.0
45701690129957,2019,29,23,79.3,0,0.0
45701690136440,2019,43,26,60.5,0,0.0
45701690137117,2019,30,12,40.0,0,0.0
45752674530077,2019,22,15,68.2,0,0.0
45752674530101,2019,15,10,66.7,0,0.0
45752674530176,2019,5,4,80.0,0,0.0
45752674531901,2019,110,80,72.7,0,0.0
46701774632303,2019,5,0,0.0,0,0.0
46701774634259,2019,28,11,39.3,0,0.0
47104700117168,2019,38,25,65.8,0,0.0
47104700137372,2019,22,19,86.4,0,0.0
47702504732707,2019,15,9,60.0,0,0.0
47704664734356,2019,10,8,80.0,0,0.0
47704664734901,2019,6,0,0.0,0,0.0
47704664735403,2019,56,25,44.6,0,0.0
47704664738753,2019,36,25,69.4,0,0.0
47705164730024,2019,21,14,66.7,0,0.0
47705164739207,2019,124,59,47.6,0,0.0
47736844731253,2019,18,17,94.4,5,27.8
47764554730107,2019,6,5,83.3,0,0.0
47764554733309,2019,48,24,50.0,0,0.0
48104884830071,2019,20,12,60.0,0,0.0
48104886089668,2019,20,12,60.0,0,0.0
48705244830048,2019,33,6,18.2,0,0.0
48705244831004,2019,396,39,9.8,0,0.0
48705324830055,2019,38,29,76.3,8,21.1
48705324832259,2019,254,108,42.5,13,5.1
48705400123356,2019,5,5,100.0,0,0.0
48705400125310,2019,58,30,51.7,0,0.0
48705404830170,2019,480,164,34.2,7,1.5
48705404830451,2019,449,301,67.0,38,8.5
48705404833000,2019,292,205,70.2,24,8.2
48705404836003,2019,174,141,81.0,17,9.8
48705654830022,2019,33,12,36.4,0,0.0
48705654838801,2019,405,105,25.9,0,0.0
48705730135095,2019,64,22,34.4,0,0.0
48705734830089,2019,403,188,46.7,11,2.7
48705734830113,2019,130,20,15.4,0,0.0
48705734833869,2019,54,33,61.1,0,0.0
48705734837803,2019,421,128,30.4,0,0.0
48705814830147,2019,355,187,52.7,23,6.5
48705814830196,2019,137,36,26.3,0,0.0
48705814838058,2019,87,61,70.1,12,13.8
48705814838504,2019,398,271,68.1,69,17.3
49104964930079,2019,28,12,42.9,12,42.9
49104964930343,2019,27,16,59.3,7,25.9
49104966069413,2019,10,7,70.0,0,0.0
49706070135327,2019,6,0,0.0,0,0.0
49706074930327,2019,37,23,62.2,0,0.0
49706074930400,2019,243,64,26.3,0,0.0
49706074931507,2019,144,55,38.2,6,4.2
49706564930855,2019,95,51,53.7,16,16.8
49707060129981,2019,10,8,80.0,0,0.0
49707220136465,2019,72,27,37.5,0,0.0
49707306120588,2019,51,24,47.1,0,0.0
49707970107284,2019,81,32,39.5,0,0.0
49708390120584,2019,7,0,0.0,0,0.0
49708390138065,2019,77,40,51.9,0,0.0
49708540132357,2019,7,0,0.0,0,0.0
49708620128157,2019,30,13,43.3,0,0.0
49708624930012,2019,356,142,39.9,22,6.2
49708624930103,2019,10,0,0.0,0,0.0
49708624930111,2019,12,9,75.0,0,0.0
49708624930236,2019,14,0,0.0,0,0.0
49708624935151,2019,291,78,26.8,12,4.1
49708624935862,2019,34,24,70.6,0,0.0
49708700106344,2019,17,11,64.7,0,0.0
49709040101923,2019,165,147,89.1,13,7.9
49709204930160,2019,263,211,80.2,60,22.8
49709204930244,2019,377,84,22.3,12,3.2
49709204934154,2019,379,154,40.6,18,4.7
49709204935292,2019,312,209,67.0,43,13.8
49709204935607,2019,113,84,74.3,23,20.4
49709204936803,2019,473,189,40.0,23,4.9
49709204970920,2019,14,0,0.0,0,0.0
49709534930152,2019,29,22,75.9,0,0.0
49709534937256,2019,310,183,59.0,16,5.2
49709614930319,2019,28,7,25.0,0,0.0
49738820123786,2019,86,21,24.4,0,0.0
49738824930046,2019,27,18,66.7,0,0.0
49738824930384,2019,77,14,18.2,0,0.0
49738824935482,2019,363,152,41.9,24,6.6
49753580138263,2019,25,16,64.0,0,0.0
49753584930228,2019,415,144,34.7,17,4.1
49753584930269,2019,14,0,0.0,0,0.0
49753904930251,2019,9,7,77.8,0,0.0
49753904932554,2019,114,62,54.4,0,0.0
50105040131235,2019,81,66,81.5,0,0.0
50105045030069,2019,23,21,91.3,0,0.0
50105045030085,2019,37,34,91.9,7,18.9
50105045030226,2019,70,65,92.9,0,0.0
50105045030234,2019,35,17,48.6,0,0.0
50710430107136,2019,30,8,26.7,0,0.0
50710430108076,2019,479,390,81.4,25,5.2
50710435030168,2019,69,49,71.0,0,0.0
50710435030200,2019,115,92,80.0,8,7.0
50710435030879,2019,369,301,81.6,18,4.9
50710685030267,2019,70,38,54.3,6,8.6
50710685031521,2019,67,42,62.7,5,7.5
50710926112965,2019,19,5,26.3,0,0.0
50711346113286,2019,23,8,34.8,0,0.0
50711670138057,2019,11,7,63.6,0,0.0
50711750110593,2019,546,238,43.6,17,3.1
50711750120212,2019,29,20,69.0,0,0.0
50711750121129,2019,522,259,49.6,18,3.4
50711755030010,2019,367,198,54.0,7,1.9
50711755030135,2019,396,307,77.5,36,9.1
50711755031380,2019,433,336,77.6,86,19.9
50711755031802,2019,448,343,76.6,33,7.4
50711755034905,2019,586,461,78.7,50,8.5
50711755034913,2019,281,205,73.0,44,15.7
50711755071175,2019,9,0,0.0,0,0.0
50712170133124,2019,25,16,64.0,0,0.0
50712175030127,2019,59,48,81.4,21,35.6
50712175036256,2019,373,286,76.7,59,15.8
50736015030036,2019,14,7,50.0,5,35.7
50736015035902,2019,216,117,54.2,41,19.0
50755495032651,2019,166,92,55.4,9,5.4
50755495032669,2019,15,12,80.0,5,33.3
50755560112573,2019,36,32,88.9,11,30.6
50755565036850,2019,171,135,78.9,31,18.1
50755645030176,2019,18,0,0.0,0,0.0
50755645030192,2019,9,5,55.6,0,0.0
50755645031950,2019,30,24,80.0,4,13.3
50755645035654,2019,353,125,35.4,10,2.8
50755720117689,2019,14,12,85.7,0,0.0
50755725030259,2019,137,99,72.3,19,13.9
50755725030317,2019,156,79,50.6,0,0.0
50757390124669,2019,29,22,75.9,0,0.0
50757390131185,2019,34,23,67.6,8,23.5
50757395030283,2019,489,273,55.8,68,13.9
50757395036884,2019,88,74,84.1,18,20.5
50757395037700,2019,598,372,62.2,85,14.2
51105120114207,2019,17,13,76.5,0,0.0
51713735132758,2019,79,25,31.6,0,0.0
51713995130059,2019,19,18,94.7,0,0.0
51713995130067,2019,6,6,100.0,0,0.0
51713995135256,2019,126,92,73.0,0,0.0
51714070109793,2019,145,52,35.9,6,4.1
51714150129007,2019,88,38,43.2,0,0.0
51714150132761,2019,67,24,35.8,0,0.0
51714230132977,2019,23,11,47.8,0,0.0
51714495130042,2019,19,8,42.1,0,0.0
51714495137500,2019,168,57,33.9,0,0.0
51714560133934,2019,103,42,40.8,0,0.0
51714640107722,2019,465,319,68.6,28,6.0
51714645130018,2019,75,63,84.0,5,6.7
51714645130075,2019,26,22,84.6,0,0.0
51714645130125,2019,25,22,88.0,0,0.0
51714645139001,2019,387,255,65.9,26,6.7
52105205230016,2019,15,12,80.0,0,0.0
52105206119671,2019,26,22,84.6,0,0.0
52715060137414,2019,8,7,87.5,0,0.0
52715065231675,2019,21,14,66.7,0,0.0
52715065231709,2019,217,167,77.0,27,12.4
52715220132597,2019,12,10,83.3,0,0.0
52715715235106,2019,60,32,53.3,5,8.3
52716395237151,2019,55,46,83.6,5,9.1
52716395237201,2019,369,223,60.4,5,1.4
53105380125633,2019,21,18,85.7,0,0.0
53750285330022,2019,4,0,0.0,0,0.0
53750285337407,2019,16,13,81.2,0,0.0
53765135337456,2019,74,33,44.6,0,0.0
54105460119602,2019,62,27,43.5,0,0.0
54105460124057,2019,4,0,0.0,0,0.0
54105465430061,2019,21,17,81.0,8,38.1
54105465430327,2019,28,22,78.6,6,21.4
54105465430343,2019,29,29,100.0,7,24.1
54105466119291,2019,16,6,37.5,0,0.0
54718030112458,2019,67,31,46.3,0,0.0
54718035430301,2019,12,11,91.7,0,0.0
54718370109009,2019,75,53,70.7,10,13.3
54718605430095,2019,12,11,91.7,9,75.0
54718605430806,2019,32,28,87.5,17,53.1
54718605433230,2019,254,247,97.2,66,26.0
54719930124776,2019,10,9,90.0,0,0.0
54719935430194,2019,21,20,95.2,15,71.4
54719935432414,2019,236,213,90.3,47,19.9
54721400136507,2019,133,108,81.2,8,6.0
54722490107649,2019,13,12,92.3,0,0.0
54722490116368,2019,351,237,67.5,31,8.8
54722490130708,2019,38,32,84.2,0,0.0
54722490133793,2019,105,91,86.7,24,22.9
54722495430145,2019,14,13,92.9,0,0.0
54722495435409,2019,386,273,70.7,21,5.4
54722495435466,2019,473,333,70.4,24,5.1
54722560109751,2019,217,154,71.0,15,6.9
54722560120659,2019,58,28,48.3,0,0.0
54722565430046,2019,425,289,68.0,31,7.3
54722565430368,2019,467,273,58.5,14,3.0
54722565432828,2019,347,201,57.9,35,10.1
54722565434527,2019,475,231,48.6,20,4.2
54722565435839,2019,151,135,89.4,30,19.9
54753255430210,2019,150,136,90.7,26,17.3
54755230114348,2019,141,126,89.4,24,17.0
54755230116590,2019,125,104,83.2,0,0.0
54755235430251,2019,290,263,90.7,46,15.9
54755235430350,2019,31,27,87.1,9,29.0
54755235430624,2019,81,71,87.7,14,17.3
54755235432786,2019,429,346,80.7,40,9.3
54755235434113,2019,482,399,82.8,72,14.9
54755235434931,2019,89,79,88.8,24,27.0
54755310102186,2019,62,54,87.1,24,38.7
54755315431119,2019,40,33,82.5,9,22.5
54755315431184,2019,459,347,75.6,72,15.7
54767945430285,2019,5,5,100.0,0,0.0
54767945436258,2019,13,13,100.0,0,0.0
54767945436282,2019,139,114,82.0,21,15.1
54768365431598,2019,214,130,60.7,14,6.5
54768365431614,2019,30,26,86.7,0,0.0
55105530134569,2019,4,4,100.0,0,0.0
55723895530019,2019,28,18,64.3,0,0.0
55723895530043,2019,26,14,53.8,0,0.0
55723895536503,2019,191,69,36.1,0,0.0
55724130112276,2019,62,33,53.2,0,0.0
55724135530191,2019,47,9,19.1,0,0.0
55724135536750,2019,99,36,36.4,0,0.0
55751845530076,2019,14,9,64.3,0,0.0
55751845530084,2019,18,15,83.3,0,0.0
56105610109900,2019,335,244,72.8,24,7.2
56105610122713,2019,22,4,18.2,0,0.0
56105610135780,2019,14,10,71.4,0,0.0
56105615630223,2019,31,23,74.2,7,22.6
56105615630397,2019,23,10,43.5,4,17.4
56724540124750,2019,8,5,62.5,0,0.0
56724545630173,2019,31,28,90.3,0,0.0
56724545632021,2019,219,163,74.4,0,0.0
56724705630363,2019,26,11,42.3,0,0.0
56725205631817,2019,37,24,64.9,0,0.0
56725205634076,2019,166,73,44.0,0,0.0
56725460120634,2019,52,25,48.1,0,0.0
56725460125674,2019,291,222,76.3,32,11.0
56725460131698,2019,152,18,11.8,0,0.0
56725465630066,2019,273,246,90.1,66,24.2
56725465630389,2019,705,555,78.7,115,16.3
56725465631619,2019,531,145,27.3,11,2.1
56725465631742,2019,606,518,85.5,92,15.2
56725465632849,2019,406,340,83.7,49,12.1
56725465634548,2019,624,401,64.3,49,7.9
56725465634761,2019,480,316,65.8,52,10.8
56725465672546,2019,7,0,0.0,0,0.0
56726035630249,2019,101,24,23.8,0,0.0
56726035630322,2019,273,59,21.6,6,2.2
56726035634993,2019,57,38,66.7,15,26.3
56726035635008,2019,475,170,35.8,31,6.5
56726035636188,2019,497,157,31.6,16,3.2
56726525630272,2019,71,63,88.7,23,32.4
56726525630298,2019,80,30,37.5,0,0.0
56726525630348,2019,228,82,36.0,0,0.0
56726525630793,2019,392,218,55.6,32,8.2
56726525637822,2019,445,249,56.0,47,10.6
56737590123349,2019,45,0,0.0,0,0.0
56737595630108,2019,50,25,50.0,0,0.0
56737595630116,2019,569,114,20.0,15,2.6
56737595633748,2019,591,124,21.0,23,3.9
56737595637004,2019,443,119,26.9,20,4.5
56738745630132,2019,349,24,6.9,5,1.4
56738745630199,2019,18,6,33.3,0,0.0
56738745630256,2019,47,5,10.6,0,0.0
56739400121426,2019,16,0,0.0,0,0.0
56739405630371,2019,39,6,15.4,0,0.0
56739405633250,2019,468,164,35.0,16,3.4
56768285635776,2019,333,286,85.9,28,8.4
56768285636170,2019,37,34,91.9,12,32.4
57105790113787,2019,27,18,66.7,0,0.0
57105796077275,2019,8,0,0.0,0,0.0
57726780119578,2019,92,14,15.2,0,0.0
57726785730098,2019,18,7,38.9,0,0.0
57726785732201,2019,606,122,20.1,27,4.5
57726785732219,2019,29,13,44.8,0,0.0
57726865730056,2019,10,6,60.0,4,40.0
57726865732904,2019,76,49,64.5,7,9.2
57726940135939,2019,6,5,83.3,0,0.0
57726945735154,2019,499,339,67.9,26,5.2
57726945739552,2019,46,37,80.4,0,0.0
57727025730049,2019,18,15,83.3,8,44.4
57727025738505,2019,102,73,71.6,17,16.7
57727100101162,2019,353,196,55.5,39,11.0
57727105738802,2019,301,195,64.8,25,8.3
57727105738810,2019,92,73,79.3,19,20.7
58105870113274,2019,16,14,87.5,0,0.0
58105875830047,2019,8,5,62.5,0,0.0
58105875830112,2019,70,52,74.3,9,12.9
58727286115935,2019,43,21,48.8,0,0.0
58727365830013,2019,247,208,84.2,54,21.9
58727365830096,2019,58,55,94.8,16,27.6
58727365830138,2019,57,30,52.6,0,0.0
58727365835202,2019,213,144,67.6,22,10.3
58727365872736,2019,76,68,89.5,16,21.1
58727695838305,2019,217,118,54.4,0,0.0
01100170112607,2021,94,75,79.8,19,20.2
01100170130401,2021,10,5,50.0,0,0.0
01100170130419,2021,21,16,76.2,5,23.8
01100170136101,2021,30,7,23.3,0,0.0
01100170136226,2021,43,27,62.8,7,16.3
01316170131763,2021,27,11,40.7,0,0.0
01611190106401,2021,40,20,50.0,0,0.0
01611190119222,2021,50,19,38.0,5,10.0
01611190130229,2021,457,97,21.2,27,5.9
01611190130609,2021,34,11,32.4,5,14.7
01611190130625,2021,36,31,86.1,17,47.2
01611190132142,2021,242,94,38.8,20,8.3
01611190134304,2021,20,12,60.0,0,0.0
01611190161119,2021,5,0,0.0,0,0.0
01611270130450,2021,306,43,14.1,11,3.6
01611430131177,2021,799,115,14.4,32,4.0
01611430134924,2021,32,17,53.1,0,0.0
01611430161143,2021,9,0,0.0,0,0.0
01611500132225,2021,577,97,16.8,16,2.8
01611500133876,2021,62,10,16.1,0,0.0
01611500135533,2021,55,23,41.8,5,9.1
01611680132746,2021,54,45,83.3,8,14.8
01611760130062,2021,638,93,14.6,27,4.2
01611760130138,2021,84,45,53.6,15,17.9
01611760130435,2021,10,0,0.0,0,0.0
01611760130534,2021,46,20,43.5,0,0.0
01611760134270,2021,577,79,13.7,26,4.5
01611760134452,2021,302,117,38.7,40,13.2
01611760135244,2021,535,23,4.3,6,1.1
01611760138693,2021,459,116,25.3,52,11.3
01611920108670,2021,152,93,61.2,7,4.6
01611920127944,2021,44,24,54.5,4,9.1
01611920133009,2021,45,34,75.6,6,13.3
01611920133629,2021,405,233,57.5,30,7.4
01611920135319,2021,476,289,60.7,54,11.3
01611920137646,2021,113,75,66.4,13,11.5
01611920138339,2021,356,255,71.6,145,40.7
01611920161192,2021,5,0,0.0,0,0.0
01612000130393,2021,24,5,20.8,0,0.0
01612000132670,2021,55,37,67.3,17,30.9
01612000133397,2021,554,106,19.1,21,3.8
01612000134536,2021,413,100,24.2,29,7.0
01612000161200,2021,4,0,0.0,0,0.0
01612340130054,2021,389,201,51.7,25,6.4
01612340130484,2021,6,4,66.7,0,0.0
01612340135426,2021,16,12,75.0,7,43.8
01612420110460,2021,56,31,55.4,11,19.6
01612420110478,2021,4,4,100.0,0,0.0
01612420126763,2021,58,26,44.8,10,17.2
01612420134668,2021,810,329,40.6,87,10.7
01612590100065,2021,89,76,85.4,16,18.0
01612590100701,2021,42,35,83.3,0,0.0
01612590106542,2021,4,4,100.0,0,0.0
01612590108944,2021,78,69,88.5,17,21.8
01612590110189,2021,73,65,89.0,4,5.5
01612590111856,2021,128,91,71.1,16,12.5
01612590112797,2021,73,71,97.3,20,27.4
01612590114868,2021,97,81,83.5,13,13.4
01612590115238,2021,90,78,86.7,9,10.0
01612590115667,2021,107,100,93.5,106,99.1
01612590118224,2021,81,63,77.8,14,17.3
01612590118653,2021,39,31,79.5,6,15.4
01612590119859,2021,9,6,66.7,0,0.0
01612590125161,2021,181,165,91.2,99,54.7
01612590125716,2021,228,215,94.3,118,51.8
01612590126748,2021,129,119,92.2,43,33.3
01612590129932,2021,64,26,40.6,5,7.8
01612590130146,2021,63,47,74.6,37,58.7
01612590130179,2021,19,19,100.0,0,0.0
01612590130575,2021,67,63,94.0,9,13.4
01612590130617,2021,79,61,77.2,24,30.4
01612590130666,2021,61,54,88.5,13,21.3
01612590132555,2021,9,6,66.7,0,0.0
01612590132688,2021,42,33,78.6,9,21.4
01612590135905,2021,400,348,87.0,95,23.8
01612590136051,2021,469,223,47.5,24,5.1
01612590137943,2021,386,274,71.0,42,10.9
01612590161259,2021,22,9,40.9,4,18.2
01612593030772,2021,115,20,17.4,0,0.0
01612596066450,2021,102,98,96.1,30,29.4
01612596114011,2021,34,20,58.8,0,0.0
01612750130286,2021,11,0,0.0,0,0.0
01612750136515,2021,224,0,0.0,0,0.0
01612910134528,2021,85,64,75.3,27,31.8
01612910137588,2021,660,384,58.2,108,16.4
01613090111799,2021,41,33,80.5,6,14.6
01613090114421,2021,157,105,66.9,6,3.8
01613090130849,2021,405,214,52.8,32,7.9
01613090137745,2021,44,23,52.3,7,15.9
01613090137810,2021,294,191,65.0,80,27.2
01613090161309,2021,4,0,0.0,0,0.0
01750930132704,2021,750,54,7.2,12,1.6
01750930138453,2021,40,12,30.0,0,0.0
01750930175093,2021,22,0,0.0,0,0.0
01751010130096,2021,545,52,9.5,14,2.6
01751010130252,2021,48,18,37.5,0,0.0
01751010130583,2021,680,52,7.6,24,3.5
01751010175101,2021,6,0,0.0,0,0.0
01771800138289,2021,39,27,69.2,12,30.8
03100330330035,2021,9,8,88.9,0,0.0
03739810330019,2021,28,17,60.7,0,0.0
03739810330050,2021,15,6,40.0,0,0.0
03739810330753,2021,135,38,28.1,0,0.0
03739810334755,2021,136,47,34.6,0,0.0
04100410114991,2021,113,30,26.5,0,0.0
04100410129817,2021,5,5,100.0,0,0.0
04100410134213,2021,16,14,87.5,0,0.0
04100410430090,2021,19,16,84.2,0,0.0
04614080430827,2021,50,37,74.0,0,0.0
04614240120394,2021,115,37,32.2,0,0.0
04614240123976,2021,19,15,78.9,0,0.0
04614240137828,2021,15,8,53.3,0,0.0
04614240430199,2021,83,58,69.9,0,0.0
04614240431502,2021,76,67,88.2,0,0.0
04614240431676,2021,391,181,46.3,0,0.0
04614240437558,2021,381,130,34.1,0,0.0
04614320433201,2021,63,20,31.7,0,0.0
04615070121509,2021,9,5,55.6,0,0.0
04615150434803,2021,277,175,63.2,12,4.3
04615150435602,2021,232,167,72.0,4,1.7
04615150437566,2021,52,47,90.4,0,0.0
04615310121715,2021,39,22,56.4,0,0.0
04615310432856,2021,32,27,84.4,0,0.0
04615310437350,2021,93,47,50.5,0,0.0
04615316112585,2021,16,12,75.0,0,0.0
04755070433946,2021,29,25,86.2,0,0.0
04755070433953,2021,137,98,71.5,6,4.4
05100580530048,2021,4,0,0.0,0,0.0
05100580530154,2021,56,19,33.9,0,0.0
05615560530014,2021,23,18,78.3,0,0.0
05615560532507,2021,115,31,27.0,0,0.0
05615640530022,2021,31,18,58.1,0,0.0
05615640530055,2021,27,18,66.7,0,0.0
05615640531509,2021,159,61,38.4,8,5.0
06615980630012,2021,17,11,64.7,7,41.2
06615980630046,2021,33,21,63.6,8,24.2
06615980631259,2021,69,32,46.4,5,7.2
06616060634758,2021,24,18,75.0,0,0.0
06616140630087,2021,5,5,100.0,0,0.0
06616140635250,2021,98,62,63.3,8,8.2
06616220630038,2021,10,9,90.0,4,40.0
06616220637504,2021,79,67,84.8,14,17.7
07100740107334,2021,4,0,0.0,0,0.0
07100740107342,2021,13,0,0.0,0,0.0
07100740114470,2021,98,78,79.6,11,11.2
07100740120444,2021,15,15,100.0,0,0.0
07100740129684,2021,102,62,60.8,13,12.7
07100740134114,2021,34,9,26.5,0,0.0
07100740730614,2021,25,21,84.0,5,20.0
07100740731380,2021,575,112,19.5,13,2.3
07100746077168,2021,8,5,62.5,0,0.0
07616300107524,2021,15,0,0.0,0,0.0
07616300730283,2021,306,21,6.9,0,0.0
07616300731125,2021,363,14,3.9,0,0.0
07616300733725,2021,406,53,13.1,7,1.7
07616300734244,2021,310,11,3.5,0,0.0
07616300761630,2021,16,0,0.0,0,0.0
07616480110494,2021,70,51,72.9,10,14.3
07616480117218,2021,172,85,49.4,7,4.1
07616480730101,2021,52,45,86.5,16,30.8
07616480730259,2021,59,47,79.7,0,0.0
07616480730465,2021,433,243,56.1,38,8.8
07616480730861,2021,443,305,68.8,74,16.7
07616480761648,2021,19,13,68.4,0,0.0
07616630130930,2021,66,31,47.0,0,0.0
07616970737023,2021,90,46,51.1,9,10.0
07616970737619,2021,14,7,50.0,0,0.0
07617210107797,2021,674,112,16.6,7,1.0
07617210730457,2021,593,227,38.3,27,4.6
07617210730572,2021,55,18,32.7,0,0.0
07617210733980,2021,639,176,27.5,46,7.2
07617210733998,2021,103,55,53.4,14,13.6
07617210761721,2021,5,0,0.0,0,0.0
07617390730440,2021,31,12,38.7,8,25.8
07617390730473,2021,36,14,38.9,0,0.0
07617390730549,2021,291,56,19.2,21,7.2
07617540138115,2021,7,6,85.7,4,57.1
07617540140442,2021,5,0,0.0,0,0.0
07617540730044,2021,362,50,13.8,0,0.0
07617540730317,2021,44,13,29.5,0,0.0
07617540730358,2021,40,18,45.0,12,30.0
07617540730424,2021,12,9,75.0,4,33.3
07617540730655,2021,5,5,100.0,0,0.0
07617540731646,2021,479,133,27.8,28,5.8
07617540731836,2021,278,144,51.8,30,10.8
07617540734566,2021,336,239,71.1,85,25.3
07617540734764,2021,139,107,77.0,49,35.3
07617540737809,2021,263,202,76.8,65,24.7
07617540761754,2021,30,9,30.0,5,16.7
07617880730184,2021,108,59,54.6,38,35.2
07617880735407,2021,821,390,47.5,150,18.3
07617960101477,2021,150,117,78.0,29,19.3
07617960132100,2021,76,53,69.7,0,0.0
07617960133637,2021,99,63,63.6,18,18.2
07617960730291,2021,67,36,53.7,0,0.0
07617960730325,2021,25,13,52.0,0,0.0
07617960730598,2021,183,32,17.5,14,7.7
07617960732164,2021,339,139,41.0,81,23.9
07617960732941,2021,406,100,24.6,46,11.3
07617960733253,2021,68,47,69.1,20,29.4
07617960733659,2021,213,138,64.8,93,43.7
07617960735316,2021,287,90,31.4,62,21.6
07617960735902,2021,417,255,61.2,173,41.5
07617960761796,2021,17,7,41.2,0,0.0
07618040113118,2021,857,37,4.3,17,2.0
07618040730051,2021,697,42,6.0,5,0.7
07618040730218,2021,38,4,10.5,0,0.0
07618040734368,2021,614,18,2.9,5,0.8
07618040736504,2021,526,21,4.0,0,0.0
07618040736819,2021,5,0,0.0,0,0.0
07618040761804,2021,7,0,0.0,0,0.0
07773540132233,2021,72,53,73.6,16,22.2
08100820830042,2021,11,10,90.9,0,0.0
08100820830059,2021,46,35,76.1,0,0.0
08618200833004,2021,188,101,53.7,8,4.3
08618200836205,2021,58,40,69.0,0,0.0
09100900930123,2021,90,32,35.6,4,4.4
09100900930131,2021,15,14,93.3,0,0.0
09618380136200,2021,54,18,33.3,0,0.0
09618380139006,2021,94,30,31.9,0,0.0
09618530930081,2021,608,51,8.4,0,0.0
09618530930164,2021,272,111,40.8,5,1.8
09618530930214,2021,26,7,26.9,0,0.0
09618530932756,2021,259,106,40.9,8,3.1
09618530934554,2021,49,31,63.3,0,0.0
09618530936302,2021,464,82,17.7,5,1.1
09618530961853,2021,5,0,0.0,0,0.0
09619030930040,2021,27,20,74.1,10,37.0
09619030937805,2021,267,134,50.2,27,10.1
09737830121566,2021,16,10,62.5,0,0.0
09737830930073,2021,69,26,37.7,0,0.0
09737830930099,2021,7,0,0.0,0,0.0
10101080109991,2021,403,321,79.7,41,10.2
10101080111682,2021,8,0,0.0,0,0.0
10101080119628,2021,21,15,71.4,0,0.0
10101080136291,2021,56,29,51.8,0,0.0
10101081030337,2021,51,45,88.2,10,19.6
10101081030899,2021,24,23,95.8,0,0.0
10101086069488,2021,19,14,73.7,0,0.0
10621170110270,2021,5,5,100.0,0,0.0
10621170113555,2021,644,231,35.9,8,1.2
10621170118018,2021,140,78,55.7,4,2.9
10621171030196,2021,506,285,56.3,9,1.8
10621171030469,2021,19,15,78.9,0,0.0
10621171030501,2021,661,302,45.7,5,0.8
10621171030683,2021,656,406,61.9,22,3.4
10621171031004,2021,97,79,81.4,4,4.1
10621171031053,2021,662,421,63.6,7,1.1
10621251030113,2021,20,17,85.0,10,50.0
10621251030477,2021,13,13,100.0,6,46.2
10621251031376,2021,277,223,80.5,54,19.5
10621580120246,2021,4,4,100.0,0,0.0
10621581031954,2021,13,9,69.2,0,0.0
10621581032150,2021,207,137,66.2,12,5.8
10621660108555,2021,61,39,63.9,0,0.0
10621660114355,2021,55,41,74.5,0,0.0
10621660114553,2021,114,21,18.4,0,0.0
10621660120964,2021,4,4,100.0,0,0.0
10621660132134,2021,48,46,95.8,0,0.0
10621660140038,2021,14,4,28.6,0,0.0
10621661030279,2021,565,337,59.6,26,4.6
10621661030287,2021,153,122,79.7,21,13.7
10621661030295,2021,275,243,88.4,20,7.3
10621661030584,2021,197,164,83.2,57,28.9
10621661030642,2021,50,46,92.0,0,0.0
10621661030675,2021,695,606,87.2,96,13.8
10621661030840,2021,113,105,92.9,5,4.4
10621661031632,2021,71,65,91.5,11,15.5
10621661031897,2021,611,481,78.7,55,9.0
10621661032507,2021,438,375,85.6,49,11.2
10621661032911,2021,430,331,77.0,47,10.9
10621661034214,2021,410,391,95.4,105,25.6
10621661035831,2021,445,410,92.1,95,21.3
10621661062166,2021,4,0,0.0,0,0.0
10621666112619,2021,4,4,100.0,0,0.0
10622570124727,2021,26,16,61.5,0,0.0
10622571033695,2021,251,144,57.4,14,5.6
10622571033729,2021,24,20,83.3,5,20.8
10622650108092,2021,112,107,95.5,15,13.4
10622650116640,2021,23,15,65.2,0,0.0
10622650126292,2021,65,51,78.5,0,0.0
10622651030378,2021,106,86,81.1,27,25.5
10622651033703,2021,60,52,86.7,15,25.0
10622651035310,2021,385,305,79.2,25,6.5
10622810140434,2021,5,4,80.0,0,0.0
10622811033950,2021,28,20,71.4,6,21.4
10623310137661,2021,74,50,67.6,0,0.0
10623640126870,2021,8,8,100.0,0,0.0
10623641034990,2021,236,203,86.0,81,34.3
10623800136499,2021,67,64,95.5,8,11.9
10624141030451,2021,44,25,56.8,7,15.9
10624141030766,2021,41,10,24.4,0,0.0
10624141036086,2021,36,28,77.8,9,25.0
10624141036094,2021,741,445,60.1,31,4.2
10624301030758,2021,55,34,61.8,0,0.0
10624301036607,2021,30,18,60.0,6,20.0
10624301036672,2021,389,311,79.9,50,12.9
10625396112387,2021,48,34,70.8,5,10.4
10625470135103,2021,89,40,44.9,0,0.0
10625470136523,2021,332,266,80.1,30,9.0
10738091030121,2021,174,161,92.5,25,14.4
10738091030147,2021,10,10,100.0,8,80.0
10739650140269,2021,10,0,0.0,0,0.0
10739651030386,2021,56,32,57.1,0,0.0
10739651030626,2021,952,559,58.7,81,8.5
10739651035112,2021,48,31,64.6,4,8.3
10739991033422,2021,29,28,96.6,10,34.5
10739991033430,2021,382,354,92.7,54,14.1
10751271030261,2021,12,12,100.0,7,58.3
10751271030493,2021,216,206,95.4,78,36.1
10752341030352,2021,6,5,83.3,6,100.0
10752341037456,2021,124,115,92.7,47,37.9
10752751030139,2021,13,11,84.6,0,0.0
10752751036938,2021,70,58,82.9,0,0.0
10752756112544,2021,26,20,76.9,0,0.0
10754081030253,2021,13,13,100.0,6,46.2
10754081035575,2021,120,107,89.2,38,31.7
10755981030535,2021,143,132,92.3,13,9.1
10755981030543,2021,9,9,100.0,0,0.0
10767780122473,2021,26,25,96.2,0,0.0
10767781030774,2021,37,33,89.2,11,29.7
10767781038298,2021,10,10,100.0,4,40.0
10767781038306,2021,252,227,90.1,58,23.0
11101160130724,2021,33,27,81.8,0,0.0
11101161130103,2021,19,8,42.1,0,0.0
11101166077184,2021,7,4,57.1,0,0.0
11625960139550,2021,10,5,50.0,0,0.0
11626461136209,2021,13,12,92.3,0,0.0
11626611130038,2021,13,13,100.0,0,0.0
11626611132851,2021,102,65,63.7,7,6.9
11754811130012,2021,17,15,88.2,0,0.0
11754811135656,2021,161,124,77.0,12,7.5
11765621133701,2021,76,52,68.4,8,10.5
12101240106153,2021,5,4,80.0,0,0.0
12101240106161,2021,20,19,95.0,0,0.0
12101240106203,2021,5,4,80.0,0,0.0
12101240134163,2021,16,0,0.0,0,0.0
12101240137364,2021,34,24,70.6,0,0.0
12626790137653,2021,7,0,0.0,0,0.0
12626870107110,2021,28,12,42.9,0,0.0
12626870124263,2021,11,6,54.5,0,0.0
12626871230044,2021,18,16,88.9,0,0.0
12626871230051,2021,24,18,75.0,0,0.0
12626871230705,2021,223,84,37.7,0,0.0
12626871235209,2021,115,46,40.0,0,0.0
12628100108688,2021,39,21,53.8,0,0.0
12628101233352,2021,39,29,74.4,4,10.3
12628101233402,2021,213,104,48.8,13,6.1
12630320111203,2021,36,19,52.8,0,0.0
12630401237007,2021,56,27,48.2,0,0.0
12753741232909,2021,34,14,41.2,0,0.0
12755151230150,2021,14,10,71.4,0,0.0
12755151232057,2021,33,22,66.7,0,0.0
12755151232206,2021,225,134,59.6,30,13.3
12755151275515,2021,20,11,55.0,0,0.0
13101320131094,2021,51,42,82.4,20,39.2
13630811330141,2021,8,6,75.0,4,50.0
13630811331354,2021,73,60,82.2,17,23.3
13630811331404,2021,410,308,75.1,65,15.9
13630991332154,2021,32,29,90.6,24,75.0
13630991332204,2021,765,642,83.9,369,48.2
13631071332501,2021,86,71,82.6,18,20.9
13631151330133,2021,469,324,69.1,109,23.2
13631151333004,2021,400,301,75.2,107,26.8
13631151333558,2021,53,50,94.3,29,54.7
13631491335306,2021,126,92,73.0,48,38.1
13631491337138,2021,8,6,75.0,7,87.5
13631641331115,2021,13,5,38.5,0,0.0
13631641335900,2021,300,129,43.0,31,10.3
13632141330018,2021,4,0,0.0,0,0.0
13632141337609,2021,46,24,52.2,14,30.4
14101400117994,2021,489,394,80.6,69,14.1
14101400128447,2021,90,63,70.0,13,14.4
14101400128454,2021,86,81,94.2,11,12.8
14632481431352,2021,7,0,0.0,0,0.0
14632891434901,2021,30,18,60.0,7,23.3
14766870119081,2021,4,0,0.0,0,0.0
14766871430057,2021,17,11,64.7,0,0.0
14766871431600,2021,155,81,52.3,5,3.2
15101570119669,2021,156,140,89.7,33,21.2
15101571530302,2021,67,66,98.5,6,9.0
15101571530310,2021,154,145,94.2,43,27.9
15101571530492,2021,74,30,40.5,0,0.0
15634120100529,2021,333,279,83.8,60,18.0
15634120116384,2021,285,267,93.7,65,22.8
15634121531656,2021,30,27,90.0,7,23.3
15634121531672,2021,284,261,91.9,56,19.7
15635290100198,2021,673,634,94.2,57,8.5
15635290110999,2021,513,147,28.7,13,2.5
15635290116392,2021,539,301,55.8,4,0.7
15635290116400,2021,665,640,96.2,50,7.5
15635290125062,2021,24,24,100.0,0,0.0
15635291530021,2021,30,30,100.0,7,23.3
15635291530047,2021,43,42,97.7,16,37.2
15635291530112,2021,125,95,76.0,6,4.8
15635291530252,2021,620,586,94.5,122,19.7
15635291530344,2021,582,222,38.1,12,2.1
15635291530369,2021,539,197,36.5,5,0.9
15635291530385,2021,664,532,80.1,64,9.6
15635291530435,2021,245,233,95.1,35,14.3
15635291530476,2021,544,188,34.6,10,1.8
15635291530708,2021,644,541,84.0,18,2.8
15635291532290,2021,595,539,90.6,48,8.1
15635291532605,2021,541,492,90.9,45,8.3
15635291533330,2021,638,509,79.8,31,4.9
15635291533538,2021,119,92,77.3,0,0.0
15635291534775,2021,471,386,82.0,20,4.2
15635291535087,2021,404,361,89.4,47,11.6
15635291535392,2021,542,526,97.0,42,7.7
15635291536325,2021,76,69,90.8,11,14.5
15635291536606,2021,437,391,89.5,33,7.6
15636280127209,2021,120,79,65.8,4,3.3
15636280134312,2021,263,112,42.6,0,0.0
15636280137687,2021,51,33,64.7,0,0.0
15636280138131,2021,193,85,44.0,0,0.0
15636281533843,2021,17,17,100.0,0,0.0
15636770114512,2021,116,99,85.3,9,7.8
15636770136259,2021,44,29,65.9,14,31.8
15636851530997,2021,52,25,48.1,0,0.0
15636851531987,2021,81,7,8.6,0,0.0
15637761530039,2021,33,31,93.9,0,0.0
15637761530377,2021,14,9,64.3,0,0.0
15637761534957,2021,146,122,83.6,19,13.0
15638181530138,2021,43,36,83.7,0,0.0
15638181535905,2021,202,156,77.2,13,6.4
15638261530245,2021,8,4,50.0,0,0.0
15638261536135,2021,267,75,28.1,13,4.9
15638591530351,2021,36,33,91.7,16,44.4
15638591536440,2021,431,386,89.6,46,10.7
15737421530054,2021,41,28,68.3,0,0.0
15737421531367,2021,334,178,53.3,10,3.0
15739081530146,2021,24,22,91.7,0,0.0
15739081534155,2021,228,207,90.8,32,14.0
15751681530401,2021,55,38,69.1,0,0.0
16101651630102,2021,4,0,0.0,0,0.0
16638750101717,2021,23,17,73.9,0,0.0
16638750112698,2021,37,23,62.2,0,0.0
16638911632140,2021,23,21,91.3,4,17.4
16638911632207,2021,198,186,93.9,8,4.0
16639250118919,2021,222,112,50.5,11,5.0
16639250137901,2021,54,40,74.1,4,7.4
16639251630151,2021,5,5,100.0,0,0.0
16639251630169,2021,257,175,68.1,23,8.9
16639251634245,2021,52,42,80.8,9,17.3
16639251634401,2021,354,238,67.2,31,8.8
16639580136556,2021,322,242,75.2,38,11.8
16639820110205,2021,50,19,38.0,0,0.0
16639820136234,2021,43,20,46.5,0,0.0
16639821630011,2021,36,30,83.3,9,25.0
16639821635606,2021,425,230,54.1,14,3.3
16739321630078,2021,6,5,83.3,0,0.0
16739321630953,2021,158,147,93.0,38,24.1
17640140138537,2021,8,0,0.0,0,0.0
17640141730043,2021,14,8,57.1,0,0.0
17640141734359,2021,119,78,65.5,10,8.4
17640220107706,2021,4,4,100.0,0,0.0
17640220132571,2021,29,23,79.3,0,0.0
17640221730027,2021,21,17,81.0,4,19.0
17640221735000,2021,185,161,87.0,33,17.8
17640301730019,2021,21,17,81.0,0,0.0
17640301730142,2021,10,9,90.0,0,0.0
17640301732304,2021,81,52,64.2,0,0.0
17640550129601,2021,26,8,30.8,0,0.0
17640551730035,2021,12,4,33.3,0,0.0
17640551736008,2021,111,45,40.5,0,0.0
17769761730050,2021,6,6,100.0,0,0.0
17769761737006,2021,61,48,78.7,0,0.0
18640891831601,2021,10,5,50.0,0,0.0
18641390131953,2021,6,4,66.7,0,0.0
18641391833805,2021,191,72,37.7,5,2.6
18641391833813,2021,15,13,86.7,0,0.0
18641960135756,2021,26,10,38.5,0,0.0
18642041838507,2021,15,8,53.3,0,0.0
18750360121657,2021,18,4,22.2,0,0.0
18750361833409,2021,8,0,0.0,0,0.0
18750366010763,2021,24,12,50.0,0,0.0
19101990100776,2021,88,74,84.1,15,17.0
19101990112128,2021,87,84,96.6,0,0.0
19101990115030,2021,52,37,71.2,4,7.7
19101990115212,2021,42,40,95.2,0,0.0
19101990121822,2021,50,36,72.0,8,16.0
19101990121897,2021,51,35,68.6,9,17.6
19101990121905,2021,20,11,55.0,0,0.0
19101990121921,2021,30,19,63.3,6,20.0
19101990121939,2021,12,8,66.7,4,33.3
19101990121954,2021,18,7,38.9,4,22.2
19101990134346,2021,25,16,64.0,0,0.0
19101990135582,2021,33,31,93.9,10,30.3
19101990136119,2021,75,63,84.0,17,22.7
19101990137679,2021,28,23,82.1,0,0.0
19101990138669,2021,156,127,81.4,23,14.7
19101991933399,2021,131,26,19.8,0,0.0
19101991995869,2021,107,38,35.5,0,0.0
19101991996214,2021,108,76,70.4,17,15.7
19101996119945,2021,78,72,92.3,16,20.5
19642121930056,2021,551,58,10.5,14,2.5
19642121930361,2021,317,162,51.1,64,20.2
19642121931641,2021,80,41,51.2,21,26.2
19642121931880,2021,170,12,7.1,0,0.0
19642121933159,2021,433,110,25.4,34,7.9
19642121964212,2021,6,0,0.0,0,0.0
19642121995596,2021,14,10,71.4,0,0.0
19642460100081,2021,635,484,76.2,63,9.9
19642460108407,2021,598,491,82.1,44,7.4
19642460111872,2021,116,72,62.1,0,0.0
19642460126003,2021,29,11,37.9,0,0.0
19642461930213,2021,251,239,95.2,29,11.6
19642461931732,2021,382,323,84.6,42,11.0
19642461936624,2021,550,445,80.9,56,10.2
19642461937051,2021,687,333,48.5,9,1.3
19642461964246,2021,4,0,0.0,0,0.0
19642461995398,2021,558,360,64.5,37,6.6
19642461995406,2021,313,255,81.5,43,13.7
19642461995844,2021,610,389,63.8,28,4.6
19642461995968,2021,19,15,78.9,0,0.0
19642461996537,2021,162,124,76.5,6,3.7
19642461996644,2021,285,218,76.5,43,15.1
19642611930288,2021,722,109,15.1,44,6.1
19642611964261,2021,4,0,0.0,0,0.0
19642611995299,2021,18,4,22.2,0,0.0
19642791930528,2021,243,199,81.9,38,15.6
19642791931765,2021,97,85,87.6,21,21.6
19642791933449,2021,232,189,81.5,28,12.1
19642791964279,2021,6,4,66.7,0,0.0
19642871930601,2021,389,330,84.8,20,5.1
19642871936384,2021,107,85,79.4,12,11.2
19642871938166,2021,442,374,84.6,20,4.5
19642871996479,2021,732,580,79.2,56,7.7
19642951930700,2021,195,180,92.3,40,20.5
19642951936491,2021,29,24,82.8,10,34.5
19643030128306,2021,7,4,57.1,0,0.0
19643031930775,2021,345,267,77.4,49,14.2
19643031935618,2021,405,250,61.7,17,4.2
19643031938190,2021,53,47,88.7,9,17.0
19643031995679,2021,4,0,0.0,0,0.0
19643111930981,2021,305,71,23.3,9,3.0
19643111931021,2021,5,0,0.0,0,0.0
19643291931088,2021,416,120,28.8,8,1.9
19643291937598,2021,37,24,64.9,0,0.0
19643291937739,2021,301,100,33.2,12,4.0
19643291964329,2021,7,4,57.1,0,0.0
19643370131573,2021,23,0,0.0,0,0.0
19643371931187,2021,596,246,41.3,49,8.2
19643371931237,2021,590,170,28.8,14,2.4
19643371933332,2021,54,28,51.9,0,0.0
19643371964337,2021,6,0,0.0,0,0.0
19643371995877,2021,8,4,50.0,0,0.0
19643371996230,2021,6,6,100.0,0,0.0
19643520118521,2021,6,5,83.3,0,0.0
19643520128488,2021,66,35,53.0,15,22.7
19643520128496,2021,34,18,52.9,0,0.0
19643521930239,2021,78,67,85.9,18,23.1
19643521933951,2021,435,386,88.7,75,17.2
19643521934926,2021,518,440,84.9,56,10.8
19643521935048,2021,457,384,84.0,69,15.1
19643521964352,2021,5,4,80.0,0,0.0
19643781930312,2021,49,17,34.7,6,12.2
19643781931666,2021,314,135,43.0,10,3.2
19643781995885,2021,12,0,0.0,0,0.0
19643781995927,2021,5,0,0.0,0,0.0
19643941931807,2021,25,14,56.0,0,0.0
19643941931823,2021,574,165,28.7,8,1.4
19644361931617,2021,64,47,73.4,0,0.0
19644361932086,2021,323,211,65.3,7,2.2
19644361936418,2021,337,256,76.0,15,4.5
19644361938372,2021,376,229,60.9,8,2.1
19644440128322,2021,4,0,0.0,0,0.0
19644441932201,2021,568,189,33.3,16,2.8
19644511931625,2021,108,67,62.0,26,24.1
19644511932441,2021,1069,653,61.1,78,7.3
19644511939164,2021,843,528,62.6,86,10.2
19644690128736,2021,27,16,59.3,0,0.0
19644690134858,2021,270,38,14.1,0,0.0
19644690139535,2021,215,177,82.3,23,10.7
19644691932482,2021,171,122,71.3,35,20.5
19644691936079,2021,25,21,84.0,0,0.0
19645191930320,2021,471,428,90.9,46,9.8
19645191932664,2021,370,359,97.0,61,16.5
19645191932680,2021,324,310,95.7,79,24.4
19645191937481,2021,407,356,87.5,43,10.6
19645191938919,2021,178,157,88.2,42,23.6
19645191964519,2021,6,5,83.3,0,0.0
19645191995661,2021,265,255,96.2,34,12.8
19645191996123,2021,15,15,100.0,0,0.0
19645270133835,2021,73,52,71.2,6,8.2
19645271932698,2021,111,87,78.4,12,10.8
19645271932706,2021,499,339,67.9,32,6.4
19645271964527,2021,11,5,45.5,0,0.0
19645351930353,2021,18,5,27.8,0,0.0
19645351932763,2021,305,44,14.4,6,2.0
19645681932144,2021,633,143,22.6,24,3.8
19645681933472,2021,76,40,52.6,18,23.7
19645681933530,2021,506,350,69.2,88,17.4
19645681934082,2021,359,209,58.2,44,12.3
19645681964568,2021,9,0,0.0,0,0.0
19645681995497,2021,25,5,20.0,0,0.0
19645681996131,2021,280,156,55.7,0,0.0
19645761933597,2021,540,62,11.5,12,2.2
19645761939677,2021,43,25,58.1,0,0.0
19645841996305,2021,97,46,47.4,4,4.1
19645920100354,2021,154,97,63.0,11,7.1
19646341934231,2021,215,208,96.7,52,24.2
19646341934249,2021,47,41,87.2,8,17.0
19646341936046,2021,144,108,75.0,41,28.5
19646341996529,2021,93,74,79.6,7,7.5
19646341996586,2021,153,125,81.7,14,9.2
19646420136127,2021,10,0,0.0,0,0.0
19646591934611,2021,346,20,5.8,0,0.0
19646831930080,2021,481,66,13.7,0,0.0
19646831931781,2021,482,63,13.1,0,0.0
19646831964683,2021,5,0,0.0,0,0.0
19646911996438,2021,136,120,88.2,7,5.1
19647090100602,2021,139,129,92.8,14,10.1
19647091996313,2021,156,138,88.5,12,7.7
19647250125153,2021,4,0,0.0,0,0.0
19647250127381,2021,190,74,38.9,7,3.7
19647250132324,2021,97,27,27.8,0,0.0
19647250135525,2021,108,64,59.3,12,11.1
19647251930411,2021,34,14,41.2,4,11.8
19647251934470,2021,585,378,64.6,97,16.6
19647251934678,2021,744,347,46.6,38,5.1
19647251935758,2021,828,254,30.7,22,2.7
19647251936947,2021,995,576,57.9,103,10.4
19647251937176,2021,65,52,80.0,14,21.5
19647251939875,2021,866,436,50.3,79,9.1
19647251964725,2021,24,6,25.0,0,0.0
19647251995539,2021,163,55,33.7,0,0.0
19647251995570,2021,293,158,53.9,35,11.9
19647251995935,2021,421,288,68.4,78,18.5
19647251996503,2021,102,45,44.1,0,0.0
19647330100677,2021,90,21,23.3,0,0.0
19647330100750,2021,120,117,97.5,19,15.8
19647330100800,2021,116,110,94.8,19,16.4
19647330101196,2021,102,88,86.3,0,0.0
19647330101329,2021,35,29,82.9,0,0.0
19647330101659,2021,55,54,98.2,4,7.3
19647330101675,2021,151,133,88.1,17,11.3
19647330101683,2021,30,20,66.7,0,0.0
19647330102137,2021,21,21,100.0,6,28.6
19647330102434,2021,161,133,82.6,23,14.3
19647330102541,2021,105,101,96.2,6,5.7
19647330102764,2021,30,28,93.3,4,13.3
19647330102913,2021,98,94,95.9,0,0.0
19647330102921,2021,107,68,63.6,0,0.0
19647330106351,2021,23,18,78.3,0,0.0
19647330106435,2021,61,60,98.4,20,32.8
19647330106831,2021,134,116,86.6,15,11.2
19647330106849,2021,155,140,90.3,20,12.9
19647330106864,2021,142,141,99.3,12,8.5
19647330106997,2021,180,171,95.0,4,2.2
19647330107003,2021,218,170,78.0,5,2.3
19647330107011,2021,103,67,65.0,0,0.0
19647330107755,2021,248,133,53.6,10,4.0
19647330108878,2021,146,74,50.7,0,0.0
19647330108894,2021,151,150,99.3,17,11.3
19647330108928,2021,127,69,54.3,0,0.0
19647330108936,2021,140,132,94.3,10,7.1
19647330109447,2021,351,339,96.6,71,20.2
19647330109454,2021,424,402,94.8,27,6.4
19647330109462,2021,244,225,92.2,29,11.9
19647330109512,2021,70,69,98.6,19,27.1
19647330110304,2021,37,35,94.6,11,29.7
19647330110668,2021,56,53,94.6,10,17.9
19647330111484,2021,30,26,86.7,8,26.7
19647330111492,2021,134,132,98.5,15,11.2
19647330111500,2021,131,127,96.9,16,12.2
19647330111575,2021,145,130,89.7,27,18.6
19647330111583,2021,152,129,84.9,13,8.6
19647330111625,2021,142,132,93.0,18,12.7
19647330111641,2021,142,140,98.6,13,9.2
19647330111658,2021,145,134,92.4,5,3.4
19647330112029,2021,83,80,96.4,17,20.5
19647330112037,2021,107,100,93.5,21,19.6
19647330112045,2021,328,304,92.7,35,10.7
19647330112052,2021,282,277,98.2,58,20.6
19647330112508,2021,122,107,87.7,10,8.2
19647330112870,2021,91,87,95.6,29,31.9
19647330114850,2021,227,224,98.7,59,26.0
19647330115253,2021,47,35,74.5,5,10.6
19647330116509,2021,124,123,99.2,19,15.3
19647330116954,2021,10,10,100.0,0,0.0
19647330117051,2021,160,154,96.2,31,19.4
19647330117069,2021,157,151,96.2,36,22.9
19647330117077,2021,57,53,93.0,12,21.1
19647330117598,2021,125,120,96.0,25,20.0
19647330117606,2021,114,104,91.2,6,5.3
19647330117622,2021,26,24,92.3,0,0.0
19647330117721,2021,79,78,98.7,24,30.4
19647330117747,2021,91,84,92.3,12,13.2
19647330117762,2021,99,90,90.9,13,13.1
19647330117911,2021,66,37,56.1,6,9.1
19647330118588,2021,300,294,98.0,112,37.3
19647330119685,2021,101,100,99.0,22,21.8
19647330119693,2021,104,99,95.2,10,9.6
19647330119727,2021,295,188,63.7,12,4.1
19647330119966,2021,217,200,92.2,10,4.6
19647330120071,2021,59,51,86.4,8,13.6
19647330120360,2021,61,33,54.1,0,0.0
19647330120808,2021,6,5,83.3,0,0.0
19647330121095,2021,68,59,86.8,11,16.2
19647330121285,2021,139,135,97.1,24,17.3
19647330121293,2021,58,51,87.9,8,13.8
19647330122333,2021,123,113,91.9,0,0.0
19647330122341,2021,123,115,93.5,7,5.7
19647330122358,2021,78,77,98.7,0,0.0
19647330122366,2021,66,63,95.5,5,7.6
19647330122374,2021,106,103,97.2,9,8.5
19647330122382,2021,66,64,97.0,9,13.6
19647330122606,2021,117,109,93.2,9,7.7
19647330122721,2021,72,72,100.0,0,0.0
19647330123133,2021,111,109,98.2,16,14.4
19647330123141,2021,112,109,97.3,13,11.6
19647330124362,2021,197,124,62.9,7,3.6
19647330124370,2021,94,78,83.0,4,4.3
19647330124388,2021,117,104,88.9,4,3.4
19647330124396,2021,87,83,95.4,4,4.6
19647330124404,2021,86,78,90.7,14,16.3
19647330124412,2021,121,115,95.0,15,12.4
19647330124479,2021,234,230,98.3,76,32.5
19647330124487,2021,143,143,100.0,22,15.4
19647330124495,2021,101,96,95.0,28,27.7
19647330124503,2021,141,136,96.5,6,4.3
19647330124511,2021,133,130,97.7,27,20.3
19647330124529,2021,85,57,67.1,0,0.0
19647330124560,2021,111,110,99.1,11,9.9
19647330124891,2021,121,118,97.5,33,27.3
19647330124933,2021,65,61,93.8,6,9.2
19647330124941,2021,127,122,96.1,14,11.0
19647330125864,2021,139,128,92.1,4,2.9
19647330125989,2021,140,139,99.3,7,5.0
19647330126136,2021,121,112,92.6,12,9.9
19647330126474,2021,38,38,100.0,0,0.0
19647330126482,2021,96,93,96.9,21,21.9
19647330126490,2021,102,98,96.1,29,28.4
19647330126508,2021,67,60,89.6,23,34.3
19647330126516,2021,193,185,95.9,5,2.6
19647330126524,2021,168,161,95.8,7,4.2
19647330126532,2021,150,145,96.7,17,11.3
19647330126540,2021,151,126,83.4,5,3.3
19647330126557,2021,97,89,91.8,7,7.2
19647330126573,2021,160,155,96.9,34,21.2
19647330126615,2021,121,79,65.3,4,3.3
19647330126623,2021,114,75,65.8,4,3.5
19647330127217,2021,51,40,78.4,0,0.0
19647330127787,2021,81,62,76.5,0,0.0
19647330127795,2021,91,88,96.7,18,19.8
19647330127803,2021,36,34,94.4,0,0.0
19647330127894,2021,130,124,95.4,15,11.5
19647330127910,2021,102,90,88.2,22,21.6
19647330129536,2021,44,43,97.7,0,0.0
19647330129585,2021,168,162,96.4,31,18.5
19647330129627,2021,92,92,100.0,18,19.6
19647330130997,2021,76,75,98.7,7,9.2
19647330131821,2021,45,45,100.0,9,20.0
19647330132027,2021,126,122,96.8,18,14.3
19647330132084,2021,76,71,93.4,20,26.3
19647330132282,2021,84,73,86.9,8,9.5
19647330133272,2021,84,77,91.7,0,0.0
19647330133298,2021,64,61,95.3,6,9.4
19647330133603,2021,39,28,71.8,0,0.0
19647330133736,2021,45,18,40.0,0,0.0
19647330133868,2021,106,98,92.5,15,14.2
19647330135632,2021,44,15,34.1,0,0.0
19647330135681,2021,40,37,92.5,11,27.5
19647330135715,2021,130,116,89.2,15,11.5
19647330135723,2021,103,84,81.6,7,6.8
19647330135855,2021,205,196,95.6,7,3.4
19647330137083,2021,41,41,100.0,0,0.0
19647330137091,2021,71,70,98.6,8,11.3
19647330137562,2021,39,36,92.3,4,10.3
19647330137612,2021,67,14,20.9,0,0.0
19647330140046,2021,73,68,93.2,20,27.4
19647331930064,2021,21,18,85.7,0,0.0
19647331930296,2021,22,22,100.0,0,0.0
19647331930387,2021,219,176,80.4,65,29.7
19647331930403,2021,11,8,72.7,0,0.0
19647331930429,2021,8,7,87.5,0,0.0
19647331930486,2021,17,13,76.5,0,0.0
19647331930551,2021,81,79,97.5,19,23.5
19647331930577,2021,22,20,90.9,0,0.0
19647331930619,2021,38,30,78.9,12,31.6
19647331930650,2021,559,506,90.5,46,8.2
19647331930692,2021,11,11,100.0,0,0.0
19647331930734,2021,41,35,85.4,0,0.0
19647331930783,2021,11,10,90.9,0,0.0
19647331930791,2021,12,9,75.0,0,0.0
19647331930866,2021,542,509,93.9,30,5.5
19647331930924,2021,152,146,96.1,64,42.1
19647331930940,2021,39,38,97.4,5,12.8
19647331930973,2021,111,105,94.6,11,9.9
19647331931047,2021,684,583,85.2,31,4.5
19647331931336,2021,9,6,66.7,0,0.0
19647331931377,2021,33,31,93.9,0,0.0
19647331931385,2021,20,19,95.0,0,0.0
19647331931393,2021,25,23,92.0,0,0.0
19647331931435,2021,37,35,94.6,4,10.8
19647331931450,2021,55,51,92.7,4,7.3
19647331931468,2021,28,27,96.4,0,0.0
19647331931476,2021,305,269,88.2,53,17.4
19647331931484,2021,12,11,91.7,0,0.0
19647331931500,2021,39,38,97.4,9,23.1
19647331931518,2021,23,22,95.7,0,0.0
19647331931526,2021,367,286,77.9,20,5.4
19647331931534,2021,111,104,93.7,12,10.8
19647331931559,2021,59,52,88.1,7,11.9
19647331931682,2021,35,33,94.3,0,0.0
19647331931690,2021,50,36,72.0,6,12.0
19647331931708,2021,364,245,67.3,23,6.3
19647331931716,2021,46,38,82.6,0,0.0
19647331931856,2021,25,23,92.0,0,0.0
19647331931864,2021,670,347,51.8,59,8.8
19647331931930,2021,25,22,88.0,0,0.0
19647331931955,2021,12,11,91.7,0,0.0
19647331931971,2021,32,32,100.0,0,0.0
19647331931989,2021,27,25,92.6,0,0.0
19647331931997,2021,72,58,80.6,0,0.0
19647331932128,2021,143,133,93.0,10,7.0
19647331932250,2021,27,21,77.8,0,0.0
19647331932318,2021,5,4,80.0,0,0.0
19647331932334,2021,71,59,83.1,20,28.2
19647331932342,2021,14,14,100.0,4,28.6
19647331932383,2021,216,146,67.6,33,15.3
19647331932540,2021,376,212,56.4,6,1.6
19647331932623,2021,912,310,34.0,6,0.7
19647331932821,2021,37,34,91.9,0,0.0
19647331932847,2021,235,136,57.9,0,0.0
19647331932888,2021,262,223,85.1,8,3.1
19647331932920,2021,399,321,80.5,24,6.0
19647331932987,2021,556,533,95.9,53,9.5
19647331933001,2021,395,358,90.6,4,1.0
19647331933043,2021,281,256,91.1,12,4.3
19647331933118,2021,388,372,95.9,81,20.9
19647331933233,2021,243,141,58.0,0,0.0
19647331933241,2021,326,307,94.2,40,12.3
19647331933381,2021,595,562,94.5,34,5.7
19647331933795,2021,440,425,96.6,60,13.6
19647331933852,2021,602,407,67.6,30,5.0
19647331934033,2021,301,271,90.0,17,5.6
19647331934157,2021,290,278,95.9,34,11.7
19647331934371,2021,142,139,97.9,28,19.7
19647331934454,2021,185,183,98.9,50,27.0
19647331935121,2021,281,267,95.0,29,10.3
19647331935352,2021,309,281,90.9,70,22.7
19647331935519,2021,309,299,96.8,107,34.6
19647331935568,2021,510,374,73.3,24,4.7
19647331935865,2021,365,314,86.0,64,17.5
19647331936160,2021,408,332,81.4,28,6.9
19647331936350,2021,580,390,67.2,26,4.5
19647331937085,2021,4,4,100.0,0,0.0
19647331937226,2021,286,248,86.7,45,15.7
19647331937424,2021,359,347,96.7,46,12.8
19647331937622,2021,443,398,89.8,31,7.0
19647331937838,2021,599,355,59.3,17,2.8
19647331938307,2021,389,358,92.0,22,5.7
19647331938554,2021,326,279,85.6,18,5.5
19647331938612,2021,554,308,55.6,21,3.8
19647331938885,2021,348,262,75.3,13,3.7
19647331938968,2021,560,496,88.6,38,6.8
19647331939040,2021,447,308,68.9,15,3.4
19647331939107,2021,292,213,72.9,17,5.8
19647331939305,2021,151,147,97.4,31,20.5
19647331939479,2021,166,119,71.7,0,0.0
19647331939859,2021,289,270,93.4,25,8.7
19647331939941,2021,616,450,73.1,20,3.2
19647331964733,2021,212,81,38.2,36,17.0
19647331995448,2021,419,351,83.8,4,1.0
19647331995794,2021,76,71,93.4,7,9.2
19647331995836,2021,704,185,26.3,7,1.0
19647331996073,2021,106,90,84.9,19,17.9
19647331996115,2021,392,301,76.8,10,2.6
19647331996610,2021,47,39,83.0,9,19.1
19647336016885,2021,146,141,96.6,13,8.9
19647336019475,2021,72,66,91.7,0,0.0
19647336019715,2021,179,175,97.8,18,10.1
19647336058002,2021,142,137,96.5,24,16.9
19647336060529,2021,6,6,100.0,0,0.0
19647336061451,2021,187,170,90.9,15,8.0
19647336061600,2021,85,75,88.2,12,14.1
19647336069157,2021,37,22,59.5,5,13.5
19647336116750,2021,101,98,97.0,7,6.9
19647740109538,2021,379,344,90.8,67,17.7
19647740114777,2021,67,63,94.0,19,28.4
19647741935428,2021,26,25,96.2,10,38.5
19647741935436,2021,509,485,95.3,87,17.1
19647741964774,2021,8,4,50.0,4,50.0
19647901935899,2021,29,25,86.2,6,20.7
19647901935923,2021,394,210,53.3,20,5.1
19647901996404,2021,9,8,88.9,0,0.0
19648080124552,2021,103,76,73.8,18,17.5
19648081930155,2021,683,448,65.6,89,13.0
19648081930825,2021,583,479,82.2,144,24.7
19648081935998,2021,536,414,77.2,115,21.5
19648081938927,2021,64,44,68.8,18,28.1
19648081996388,2021,10,8,80.0,4,40.0
19648401933647,2021,259,204,78.8,41,15.8
19648401934728,2021,433,220,50.8,16,3.7
19648401936467,2021,450,355,78.9,40,8.9
19648401936475,2021,122,85,69.7,13,10.7
19648570112714,2021,292,245,83.9,24,8.2
19648570125377,2021,226,187,82.7,22,9.7
19648651933308,2021,19,4,21.1,0,0.0
19648651964865,2021,5,0,0.0,0,0.0
19648651995588,2021,573,42,7.3,21,3.7
19648651996552,2021,342,20,5.8,0,0.0
19648730136705,2021,119,93,78.2,0,0.0
19648731936749,2021,946,900,95.1,115,12.2
19648731936756,2021,69,64,92.8,10,14.5
19648731996107,2021,4,4,100.0,0,0.0
19648810117440,2021,20,13,65.0,0,0.0
19648810118075,2021,57,54,94.7,6,10.5
19648811931062,2021,130,82,63.1,33,25.4
19648811931674,2021,265,189,71.3,10,3.8
19648811936103,2021,205,177,86.3,11,5.4
19648811936806,2021,58,52,89.7,8,13.8
19648811936822,2021,435,294,67.6,10,2.3
19648811964881,2021,15,0,0.0,0,0.0
19649070115170,2021,84,76,90.5,17,20.2
19649071933175,2021,234,229,97.9,45,19.2
19649071933324,2021,447,436,97.5,104,23.3
19649071936772,2021,80,79,98.8,22,27.5
19649071937028,2021,264,252,95.5,63,23.9
19649071964907,2021,11,8,72.7,5,45.5
19649071995901,2021,358,264,73.7,22,6.1
19649071996495,2021,93,92,98.9,14,15.1
19649076061634,2021,88,86,97.7,24,27.3
19649076061642,2021,50,46,92.0,7,14.0
19649641937754,2021,267,20,7.5,15,5.6
19649801933373,2021,29,18,62.1,4,13.8
19649801938000,2021,684,196,28.7,32,4.7
19649801995737,2021,114,14,12.3,5,4.4
19650291938455,2021,361,59,16.3,9,2.5
19650291965029,2021,5,0,0.0,0,0.0
19650521938679,2021,493,218,44.2,40,8.1
19650521995745,2021,27,20,74.1,0,0.0
19650600110320,2021,5,0,0.0,0,0.0
19650601936277,2021,431,198,45.9,31,7.2
19650601938083,2021,64,34,53.1,12,18.8
19650601938356,2021,497,82,16.5,23,4.6
19650601938752,2021,472,164,34.7,35,7.4
19650601939602,2021,484,109,22.5,30,6.2
19650601965060,2021,14,6,42.9,0,0.0
19650940112706,2021,340,210,61.8,12,3.5
19650940122432,2021,188,138,73.4,10,5.3
19650940137042,2021,66,34,51.5,0,0.0
19650941938513,2021,58,53,91.4,0,0.0
19650941939537,2021,466,333,71.5,12,2.6
19651281930338,2021,158,97,61.4,34,21.5
19651281931302,2021,661,466,70.5,66,10.0
19651281934868,2021,597,269,45.1,40,6.7
19651281936889,2021,273,217,79.5,25,9.2
19651281937903,2021,479,336,70.1,26,5.4
19651281939701,2021,424,310,73.1,14,3.3
19651281965128,2021,8,5,62.5,0,0.0
19651281995653,2021,93,42,45.2,5,5.4
19651360102459,2021,510,259,50.8,36,7.1
19651360102475,2021,590,97,16.4,7,1.2
19651360114439,2021,113,67,59.3,7,6.2
19651360117234,2021,73,12,16.4,0,0.0
19651360138727,2021,10,4,40.0,0,0.0
19651361931492,2021,463,230,49.7,25,5.4
19651361931740,2021,619,121,19.5,5,0.8
19651361932532,2021,82,14,17.1,0,0.0
19651361933902,2021,511,199,38.9,31,6.1
19651361934421,2021,99,61,61.6,15,15.2
19651361965136,2021,5,0,0.0,0,0.0
19651361995802,2021,717,123,17.2,13,1.8
19651361996263,2021,171,99,57.9,4,2.3
19651361996321,2021,105,14,13.3,0,0.0
19734370115725,2021,71,64,90.1,14,19.7
19734370132969,2021,112,110,98.2,0,0.0
19734371931567,2021,224,201,89.7,38,17.0
19734371931963,2021,253,237,93.7,47,18.6
19734371932326,2021,425,393,92.5,101,23.8
19734371973437,2021,12,9,75.0,4,33.3
19734371995695,2021,176,154,87.5,43,24.4
19734371996057,2021,5,4,80.0,0,0.0
19734451933316,2021,12,9,75.0,0,0.0
19734451934801,2021,252,229,90.9,38,15.1
19734451935246,2021,424,313,73.8,38,9.0
19734451938935,2021,53,47,88.7,6,11.3
19734451939834,2021,368,195,53.0,28,7.6
19734451939925,2021,240,215,89.6,38,15.8
19734520120600,2021,72,43,59.7,0,0.0
19734521930106,2021,87,66,75.9,17,19.5
19734521936228,2021,455,381,83.7,62,13.6
19734521937564,2021,434,276,63.6,53,12.2
19734601932862,2021,628,140,22.3,27,4.3
19734601937747,2021,11,4,36.4,0,0.0
19734601939149,2021,530,120,22.6,23,4.3
19752911995810,2021,418,244,58.4,62,14.8
19752911996016,2021,92,65,70.7,0,0.0
19752911996081,2021,18,13,72.2,5,27.8
19753090127100,2021,881,701,79.6,88,10.0
19753090131383,2021,135,122,90.4,9,6.7
19753090131987,2021,122,39,32.0,0,0.0
19753090132654,2021,64,23,35.9,0,0.0
19753090134585,2021,5,0,0.0,0,0.0
19753090134619,2021,21,15,71.4,0,0.0
19753090135145,2021,58,26,44.8,7,12.1
19753090136531,2021,32,9,28.1,0,0.0
19753090136648,2021,469,347,74.0,29,6.2
19753090137703,2021,51,16,31.4,0,0.0
19753090137786,2021,77,48,62.3,6,7.8
19753091995786,2021,86,56,65.1,19,22.1
19753331935808,2021,602,38,6.3,5,0.8
19753331975333,2021,4,0,0.0,0,0.0
19753410116285,2021,5,0,0.0,0,0.0
19753411937143,2021,711,55,7.7,13,1.8
19753411975341,2021,5,0,0.0,0,0.0
19753411995752,2021,19,8,42.1,0,0.0
19756636120158,2021,160,36,22.5,8,5.0
19756971996693,2021,93,18,19.4,7,7.5
19757131930163,2021,553,351,63.5,84,15.2
19757131934553,2021,581,333,57.3,106,18.2
19757131937697,2021,493,364,73.8,92,18.7
19757131995430,2021,41,29,70.7,0,0.0
19768690119016,2021,139,43,30.9,0,0.0
19768690119636,2021,142,65,45.8,0,0.0
19768690131128,2021,132,53,40.2,6,4.5
19769920133900,2021,58,49,84.5,12,20.7
20102072030153,2021,8,6,75.0,0,0.0
20102072030229,2021,88,73,83.0,13,14.8
20102076077200,2021,10,10,100.0,4,40.0
20652012030047,2021,12,11,91.7,0,0.0
20652012032357,2021,242,187,77.3,36,14.9
20652430110965,2021,765,717,93.7,100,13.1
20652430118950,2021,19,10,52.6,0,0.0
20652430123620,2021,73,67,91.8,10,13.7
20652430131086,2021,20,19,95.0,8,40.0
20652432035640,2021,71,63,88.7,20,28.2
20652432035707,2021,432,351,81.2,77,17.8
20755800111443,2021,5,0,0.0,0,0.0
20755800134486,2021,14,6,42.9,0,0.0
20755802030161,2021,25,16,64.0,4,16.0
20755802030203,2021,124,45,36.3,0,0.0
20756060100180,2021,12,11,91.7,0,0.0
20756060117010,2021,57,32,56.1,0,0.0
20756060125021,2021,77,20,26.0,0,0.0
20756060132936,2021,24,13,54.2,0,0.0
20764140115550,2021,13,4,30.8,0,0.0
20764142030013,2021,122,68,55.7,4,3.3
20764142030039,2021,10,9,90.0,0,0.0
20764142030104,2021,11,8,72.7,0,0.0
20764142030237,2021,26,0,0.0,0,0.0
21102152130037,2021,24,18,75.0,4,16.7
21102152130102,2021,7,6,85.7,5,71.4
21102156069504,2021,6,0,0.0,0,0.0
21654172130045,2021,16,0,0.0,0,0.0
21654172132264,2021,29,20,69.0,0,0.0
21654172132272,2021,340,153,45.0,46,13.5
21654172133056,2021,285,78,27.4,11,3.9
21654662133254,2021,95,86,90.5,71,74.7
21654662133262,2021,312,200,64.1,71,22.8
21654662134005,2021,293,123,42.0,43,14.7
21654662165466,2021,5,0,0.0,0,0.0
21654822130078,2021,27,0,0.0,0,0.0
21654822131340,2021,355,30,8.5,0,0.0
21654822132587,2021,501,43,8.6,9,1.8
21654822133692,2021,420,38,9.0,7,1.7
21654822134419,2021,33,17,51.5,0,0.0
21654822165482,2021,12,0,0.0,0,0.0
21733612134310,2021,43,24,55.8,10,23.3
22655322230035,2021,21,18,85.7,0,0.0
22655322230068,2021,18,13,72.2,0,0.0
22655322235356,2021,92,48,52.2,0,0.0
23102312330447,2021,6,6,100.0,0,0.0
23655402330058,2021,5,4,80.0,0,0.0
23655402330900,2021,26,22,84.6,0,0.0
23655576116669,2021,8,7,87.5,0,0.0
23655652330215,2021,8,7,87.5,0,0.0
23655652331361,2021,111,79,71.2,10,9.0
23655812330090,2021,4,0,0.0,0,0.0
23655812333185,2021,36,15,41.7,0,0.0
23655992330108,2021,4,4,100.0,0,0.0
23655992333649,2021,31,22,71.0,0,0.0
23656072330033,2021,7,7,100.0,0,0.0
23656072334563,2021,35,32,91.4,4,11.4
23656150128280,2021,41,19,46.3,0,0.0
23656152330413,2021,25,14,56.0,0,0.0
23656152330454,2021,10,8,80.0,0,0.0
23656152334704,2021,55,48,87.3,10,18.2
23656152335024,2021,363,288,79.3,42,11.6
23656230112300,2021,8,5,62.5,0,0.0
23656230136887,2021,45,28,62.2,8,17.8
23656232330363,2021,9,4,44.4,0,0.0
23656232335487,2021,76,40,52.6,9,11.8
23739162332260,2021,28,14,50.0,0,0.0
23752182330207,2021,5,0,0.0,0,0.0
24102490106518,2021,22,15,68.2,0,0.0
24102492430056,2021,8,0,0.0,0,0.0
24102492430148,2021,50,45,90.0,6,12.0
24102492430163,2021,44,40,90.9,17,38.6
24102492430171,2021,35,33,94.3,11,31.4
24102496068498,2021,4,4,100.0,0,0.0
24102496069199,2021,40,20,50.0,0,0.0
24656982430080,2021,22,16,72.7,5,22.7
24656982432409,2021,151,77,51.0,15,9.9
24657550119073,2021,36,24,66.7,0,0.0
24657550120923,2021,399,287,71.9,60,15.0
24657552431492,2021,55,50,90.9,10,18.2
24657552434207,2021,327,215,65.7,33,10.1
24657890127373,2021,418,280,67.0,28,6.7
24657892430049,2021,27,20,74.1,0,0.0
24657892430098,2021,410,327,79.8,36,8.8
24657892430205,2021,455,340,74.7,35,7.7
24657892430601,2021,440,324,73.6,50,11.4
24657892433605,2021,295,236,80.0,32,10.8
24657892435204,2021,461,331,71.8,25,5.4
24657892439602,2021,137,124,90.5,16,11.7
24736192430031,2021,8,7,87.5,0,0.0
24736192431807,2021,127,108,85.0,27,21.3
24753172430015,2021,35,34,97.1,0,0.0
24753172431203,2021,132,113,85.6,9,6.8
24753662430114,2021,193,157,81.3,22,11.4
25658962537702,2021,6,4,66.7,0,0.0
25735852530020,2021,7,7,100.0,0,0.0
25735852535409,2021,58,33,56.9,0,0.0
25735934737250,2021,35,31,88.6,10,28.6
26736682633006,2021,14,8,57.1,0,0.0
26736682635001,2021,13,11,84.6,4,30.8
26736922630010,2021,90,27,30.0,0,0.0
26736922630036,2021,6,0,0.0,0,0.0
27102722730117,2021,17,13,76.5,0,0.0
27102722730232,2021,56,38,67.9,7,12.5
27102722730265,2021,42,27,64.3,10,23.8
27659872730018,2021,6,0,0.0,0,0.0
27659872730414,2021,187,18,9.6,0,0.0
27660680134254,2021,27,24,88.9,8,29.6
27660682730083,2021,16,14,87.5,4,25.0
27660682730174,2021,309,278,90.0,68,22.0
27660682732170,2021,256,203,79.3,19,7.4
27660920111435,2021,151,88,58.3,10,6.6
27660922730240,2021,36,15,41.7,0,0.0
27660922732253,2021,83,71,85.5,23,27.7
27660922732808,2021,307,137,44.6,16,5.2
27660922735348,2021,198,164,82.8,30,15.2
27661342731115,2021,11,6,54.5,0,0.0
27661342733657,2021,140,29,20.7,4,2.9
27661590124610,2021,74,60,81.1,12,16.2
27661590136697,2021,275,232,84.4,44,16.0
27661592730109,2021,751,706,94.0,106,14.1
27661592730166,2021,480,420,87.5,51,10.6
27661592733178,2021,478,434,90.8,67,14.0
27661592734481,2021,71,49,69.0,17,23.9
27661592734556,2021,627,407,64.9,42,6.7
27738252730034,2021,267,214,80.1,18,6.7
27738252730125,2021,54,38,70.4,0,0.0
27738252730141,2021,42,39,92.9,7,16.7
27754400106112,2021,24,24,100.0,5,20.8
27754402730190,2021,380,344,90.5,25,6.6
27754732730885,2021,221,194,87.8,47,21.3
28102802830099,2021,32,31,96.9,10,31.2
28662412830065,2021,7,7,100.0,0,0.0
28662412831758,2021,55,45,81.8,7,12.7
28662660101964,2021,38,15,39.5,0,0.0
28662660121087,2021,417,163,39.1,27,6.5
28662662830016,2021,423,189,44.7,25,5.9
28662662830115,2021,101,40,39.6,0,0.0
28662662830149,2021,103,79,76.7,18,17.5
28662662835601,2021,402,239,59.5,53,13.2
28662902837102,2021,116,52,44.8,8,6.9
29102980114314,2021,16,10,62.5,0,0.0
29102980126219,2021,81,25,30.9,0,0.0
29102982930147,2021,409,362,88.5,54,13.2
29663570112367,2021,34,11,32.4,0,0.0
29663570124834,2021,51,21,41.2,0,0.0
29663572930030,2021,31,13,41.9,0,0.0
29663572930048,2021,138,30,21.7,0,0.0
29663572930071,2021,83,60,72.3,0,0.0
29663572935500,2021,315,127,40.3,8,2.5
29768776111371,2021,6,0,0.0,0,0.0
30103060126037,2021,141,85,60.3,16,11.3
30103060132910,2021,127,109,85.8,19,15.0
30103060133983,2021,78,66,84.6,20,25.6
30103060134239,2021,34,4,11.8,0,0.0
30103060134841,2021,74,56,75.7,15,20.3
30103063030426,2021,36,32,88.9,14,38.9
30103063030632,2021,85,12,14.1,0,0.0
30103063030723,2021,421,23,5.5,0,0.0
30103063030764,2021,412,312,75.7,118,28.6
30103066069553,2021,12,4,33.3,0,0.0
30664313030038,2021,682,336,49.3,21,3.1
30664313030228,2021,644,590,91.6,101,15.7
30664313030384,2021,143,105,73.4,23,16.1
30664313030616,2021,197,83,42.1,0,0.0
30664313032786,2021,255,231,90.6,74,29.0
30664313033057,2021,663,599,90.3,121,18.3
30664313033115,2021,540,342,63.3,16,3.0
30664313033784,2021,443,394,88.9,81,18.3
30664313034204,2021,389,367,94.3,93,23.9
30664313036712,2021,362,313,86.5,64,17.7
30664313038239,2021,401,365,91.0,46,11.5
30664313066431,2021,4,0,0.0,0,0.0
30664493030624,2021,41,21,51.2,8,19.5
30664493030640,2021,417,106,25.4,17,4.1
30664640106765,2021,508,128,25.2,18,3.5
30664640113381,2021,706,180,25.5,21,3.0
30664640124131,2021,71,4,5.6,0,0.0
30664643030210,2021,501,148,29.5,32,6.4
30664643030574,2021,694,155,22.3,14,2.0
30664643030756,2021,585,47,8.0,5,0.9
30664643030798,2021,6,0,0.0,0,0.0
30664643035987,2021,81,57,70.4,21,25.9
30664643036001,2021,640,159,24.8,23,3.6
30664643038569,2021,489,146,29.9,22,4.5
30664643066464,2021,19,0,0.0,0,0.0
30664646120356,2021,48,16,33.3,0,0.0
30665143030335,2021,33,26,78.8,5,15.2
30665143030855,2021,433,275,63.5,74,17.1
30665143032505,2021,478,234,49.0,54,11.3
30665143033362,2021,512,248,48.4,42,8.2
30665143033610,2021,238,167,70.2,97,40.8
30665143037090,2021,361,156,43.2,43,11.9
30665143037348,2021,619,194,31.3,24,3.9
30665143037496,2021,625,158,25.3,15,2.4
30665143066514,2021,5,4,80.0,0,0.0
30665223030103,2021,158,134,84.8,82,51.9
30665223030434,2021,468,361,77.1,109,23.3
30665223032752,2021,533,389,73.0,107,20.1
30665223033578,2021,502,342,68.1,93,18.5
30665223033933,2021,343,302,88.0,139,40.5
30665223035581,2021,363,146,40.2,31,8.5
30665223035706,2021,410,314,76.6,120,29.3
30665223036555,2021,452,388,85.8,145,32.1
30665223066522,2021,4,0,0.0,0,0.0
30665483030145,2021,300,150,50.0,59,19.7
30665483030368,2021,75,0,0.0,0,0.0
30665483031895,2021,551,61,11.1,12,2.2
30665483032158,2021,864,206,23.8,29,3.4
30665483032943,2021,725,91,12.6,26,3.6
30665483034410,2021,596,118,19.8,27,4.5
30665483038445,2021,626,434,69.3,147,23.5
30665483038551,2021,149,51,34.2,34,22.8
30665553033206,2021,254,26,10.2,0,0.0
30665970111666,2021,46,28,60.9,0,0.0
30665973030186,2021,105,61,58.1,16,15.2
30665973031697,2021,381,41,10.8,9,2.4
30665973031853,2021,257,180,70.0,52,20.2
30665973032000,2021,264,198,75.0,60,22.7
30665973034907,2021,57,40,70.2,18,31.6
30665973035045,2021,549,177,32.2,42,7.7
30666210114769,2021,5,0,0.0,0,0.0
30666210118174,2021,12,5,41.7,0,0.0
30666210140293,2021,18,0,0.0,0,0.0
30666213030046,2021,542,97,17.9,5,0.9
30666213031952,2021,451,211,46.8,32,7.1
30666213035409,2021,393,277,70.5,79,20.1
30666213035748,2021,136,93,68.4,44,32.4
30666213038098,2021,571,210,36.8,46,8.1
30666213066621,2021,7,0,0.0,0,0.0
30666470119404,2021,452,112,24.8,23,5.1
30666473030053,2021,339,143,42.2,9,2.7
30666473030483,2021,67,20,29.9,0,0.0
30666473031929,2021,464,167,36.0,16,3.4
30666473031945,2021,97,78,80.4,22,22.7
30666473038023,2021,605,377,62.3,55,9.1
30666473066647,2021,4,0,0.0,0,0.0
30666476119556,2021,31,8,25.8,0,0.0
30666700106567,2021,108,98,90.7,20,18.5
30666700108365,2021,608,449,73.8,37,6.1
30666700114736,2021,570,511,89.6,65,11.4
30666700135897,2021,16,13,81.2,4,25.0
30666703030475,2021,159,129,81.1,53,33.3
30666703030491,2021,340,310,91.2,86,25.3
30666703030608,2021,91,74,81.3,0,0.0
30666703034998,2021,113,95,84.1,49,43.4
30666703035821,2021,331,298,90.0,75,22.7
30666703036357,2021,769,695,90.4,192,25.0
30666703036456,2021,509,474,93.1,177,34.8
30666703066670,2021,5,4,80.0,0,0.0
30666706115133,2021,102,89,87.3,44,43.1
30736353030061,2021,506,161,31.8,58,11.5
30736353030079,2021,124,70,56.5,37,29.8
30736353030244,2021,343,117,34.1,44,12.8
30736353030392,2021,688,133,19.3,51,7.4
30736353030509,2021,22,0,0.0,0,0.0
30736353034956,2021,478,108,22.6,35,7.3
30736430102871,2021,721,158,21.9,61,8.5
30736433030590,2021,52,8,15.4,0,0.0
30736433032109,2021,567,155,27.3,26,4.6
30736433032919,2021,141,113,80.1,55,39.0
30736433037553,2021,578,372,64.4,122,21.1
30736500133405,2021,349,63,18.1,11,3.2
30736503030129,2021,56,34,60.7,10,17.9
30736503030152,2021,304,59,19.4,26,8.6
30736503030285,2021,415,71,17.1,25,6.0
30736503030467,2021,783,179,22.9,58,7.4
30736503030657,2021,424,65,15.3,13,3.1
30736503035102,2021,398,75,18.8,15,3.8
30736503073650,2021,4,0,0.0,0,0.0
30739243033917,2021,764,124,16.2,4,0.5
30768930130765,2021,40,37,92.5,8,20.0
31103140126904,2021,15,9,60.0,0,0.0
31103143130101,2021,4,0,0.0,0,0.0
31103143130259,2021,8,7,87.5,0,0.0
31668940102293,2021,42,12,28.6,0,0.0
31668940138081,2021,31,9,29.0,0,0.0
31668943131687,2021,39,19,48.7,0,0.0
31668943131851,2021,148,28,18.9,0,0.0
31668943132453,2021,404,51,12.6,0,0.0
31668943135704,2021,311,100,32.2,12,3.9
31669280116459,2021,457,228,49.9,12,2.6
31669280121418,2021,73,24,32.9,6,8.2
31669283130119,2021,52,13,25.0,0,0.0
31669283130176,2021,536,120,22.4,16,3.0
31669283130184,2021,545,56,10.3,6,1.1
31669283130309,2021,65,30,46.2,5,7.7
31669283135308,2021,504,129,25.6,13,2.6
31669283136504,2021,474,137,28.9,16,3.4
31669443130010,2021,104,46,44.2,4,3.8
31669443130077,2021,16,13,81.2,0,0.0
31669443138500,2021,179,60,33.5,5,2.8
31669510139246,2021,12,0,0.0,0,0.0
31669513130036,2021,48,24,50.0,0,0.0
31669513130168,2021,208,66,31.7,5,2.4
31669513134657,2021,482,137,28.4,28,5.8
31750850108084,2021,517,61,11.8,0,0.0
31750850119487,2021,163,17,10.4,0,0.0
31750853130150,2021,554,79,14.3,7,1.3
31750853130200,2021,45,24,53.3,0,0.0
31750853130218,2021,13,4,30.8,0,0.0
32103220100057,2021,6,6,100.0,0,0.0
32669693230034,2021,7,4,57.1,0,0.0
32669693230042,2021,7,4,57.1,0,0.0
32669693230083,2021,25,7,28.0,0,0.0
32669693232006,2021,15,12,80.0,0,0.0
32669693233509,2021,15,10,66.7,0,0.0
32669693235603,2021,45,29,64.4,0,0.0
32669693236007,2021,56,29,51.8,0,0.0
33103300110833,2021,267,148,55.4,12,4.5
33103300125237,2021,66,57,86.4,12,18.2
33103300128397,2021,166,137,82.5,17,10.2
33103300128777,2021,35,20,57.1,0,0.0
33103300137836,2021,14,5,35.7,0,0.0
33103300137869,2021,33,0,0.0,0,0.0
33103300138602,2021,60,16,26.7,0,0.0
33103303330123,2021,96,90,93.8,14,14.6
33103303331055,2021,89,74,83.1,21,23.6
33103306069207,2021,8,0,0.0,4,50.0
33316253330834,2021,28,9,32.1,0,0.0
33669770125732,2021,408,260,63.7,52,12.7
33669770135061,2021,42,34,81.0,17,40.5
33669773330008,2021,377,279,74.0,87,23.1
33669773334299,2021,539,463,85.9,159,29.5
33669773337128,2021,66,56,84.8,23,34.8
33669773366977,2021,4,0,0.0,0,0.0
33669853330214,2021,276,246,89.1,38,13.8
33669853330222,2021,46,42,91.3,8,17.4
33669853330974,2021,36,30,83.3,6,16.7
33669930129882,2021,54,20,37.0,0,0.0
33669933330479,2021,678,363,53.5,37,5.5
33669933330842,2021,44,25,56.8,7,15.9
33670330110106,2021,63,49,77.8,15,23.8
33670330110627,2021,1144,373,32.6,70,6.1
33670330110759,2021,138,34,24.6,0,0.0
33670330135574,2021,15,7,46.7,0,0.0
33670333330131,2021,46,23,50.0,0,0.0
33670333330446,2021,733,369,50.3,79,10.8
33670333330586,2021,190,153,80.5,32,16.8
33670333330701,2021,956,277,29.0,43,4.5
33670333331600,2021,543,353,65.0,75,13.8
33670333334232,2021,488,212,43.4,41,8.4
33670333367033,2021,17,4,23.5,0,0.0
33670580114504,2021,102,68,66.7,12,11.8
33670580118885,2021,489,239,48.9,63,12.9
33670583330388,2021,479,139,29.0,27,5.6
33670583330669,2021,608,243,40.0,28,4.6
33670583330909,2021,54,23,42.6,4,7.4
33670583331113,2021,60,51,85.0,18,30.0
33670583333192,2021,463,358,77.3,104,22.5
33670820106716,2021,75,65,86.7,5,6.7
33670820113159,2021,434,376,86.6,45,10.4
33670820120675,2021,74,37,50.0,0,0.0
33670823330065,2021,128,109,85.2,8,6.2
33670823330503,2021,87,73,83.9,4,4.6
33670823330537,2021,448,391,87.3,38,8.5
33670823332673,2021,526,407,77.4,53,10.1
33670900114157,2021,611,415,67.9,98,16.0
33670903330412,2021,408,316,77.5,85,20.8
33670903334687,2021,63,50,79.4,16,25.4
33670903337136,2021,356,305,85.7,72,20.2
33671240105940,2021,4,4,100.0,0,0.0
33671240128868,2021,69,58,84.1,7,10.1
33671243330396,2021,521,277,53.2,46,8.8
33671243330438,2021,590,313,53.1,40,6.8
33671243330800,2021,52,37,71.2,8,15.4
33671243331071,2021,500,343,68.6,66,13.2
33671243333762,2021,95,87,91.6,20,21.1
33671243333770,2021,509,340,66.8,76,14.9
33671243367124,2021,7,5,71.4,0,0.0
33671573331014,2021,169,121,71.6,0,0.0
33671730127316,2021,330,327,99.1,35,10.6
33671730133090,2021,46,43,93.5,0,0.0
33671733330578,2021,363,354,97.5,70,19.3
33671733330818,2021,372,368,98.9,91,24.5
33671733331121,2021,216,183,84.7,56,25.9
33671733335130,2021,342,338,98.8,33,9.6
33671810138610,2021,58,39,67.2,5,8.6
33671813331139,2021,55,42,76.4,5,9.1
33671813335759,2021,142,85,59.9,9,6.3
33672070101170,2021,114,105,92.1,18,15.8
33672070113191,2021,689,507,73.6,74,10.7
33672070134981,2021,13,9,69.2,0,0.0
33672073330172,2021,88,71,80.7,23,26.1
33672073330727,2021,727,420,57.8,44,6.1
33672073335973,2021,526,496,94.3,148,28.1
33672073367207,2021,4,0,0.0,0,0.0
33672150131359,2021,57,17,29.8,0,0.0
33672153330024,2021,488,386,79.1,56,11.5
33672153330362,2021,86,63,73.3,0,0.0
33672153330677,2021,230,186,80.9,30,13.0
33672153330859,2021,706,322,45.6,18,2.5
33672153334406,2021,530,435,82.1,68,12.8
33672153336237,2021,532,344,64.7,33,6.2
33672153336492,2021,489,423,86.5,70,14.3
33672153336955,2021,106,102,96.2,37,34.9
33672153367215,2021,6,0,0.0,0,0.0
33672493331006,2021,46,35,76.1,0,0.0
33672493337649,2021,85,78,91.8,13,15.3
33672493337656,2021,611,520,85.1,100,16.4
33672496114748,2021,105,37,35.2,6,5.7
33736760100255,2021,518,499,96.3,105,20.3
33736760121673,2021,70,67,95.7,14,20.0
33736763330032,2021,41,35,85.4,9,22.0
33736763330354,2021,75,73,97.3,18,24.0
33736763330990,2021,622,556,89.4,73,11.7
33751760107920,2021,413,316,76.5,21,5.1
33751760116343,2021,71,40,56.3,0,0.0
33751763330115,2021,288,160,55.6,18,6.2
33751763330487,2021,440,230,52.3,7,1.6
33751763332350,2021,434,258,59.4,10,2.3
33751920105734,2021,767,145,18.9,9,1.2
33751923330370,2021,689,170,24.7,16,2.3
33751923330495,2021,103,55,53.4,5,4.9
33751923330636,2021,108,28,25.9,0,0.0
33751923330743,2021,707,199,28.1,12,1.7
33751923330917,2021,85,11,12.9,0,0.0
33752000100420,2021,889,262,29.5,14,1.6
33752000102079,2021,57,28,49.1,0,0.0
33752000118794,2021,595,202,33.9,17,2.9
33752003330529,2021,538,166,30.9,11,2.0
33752420109108,2021,409,348,85.1,55,13.4
33752420123190,2021,12,10,83.3,0,0.0
33752420133306,2021,582,467,80.2,48,8.2
33752423330552,2021,451,348,77.2,29,6.4
33752423330560,2021,158,150,94.9,35,22.2
34103480106229,2021,8,4,50.0,0,0.0
34103480106237,2021,83,68,81.9,16,19.3
34103480106245,2021,137,121,88.3,11,8.0
34103480106278,2021,42,28,66.7,0,0.0
34103480118745,2021,202,140,69.3,34,16.8
34103480136275,2021,27,14,51.9,0,0.0
34322763931250,2021,11,5,45.5,0,0.0
34322763990025,2021,58,33,56.9,13,22.4
34322765637780,2021,22,7,31.8,7,31.8
34673140105916,2021,550,313,56.9,65,11.8
34673140108753,2021,610,148,24.3,18,3.0
34673140116897,2021,487,137,28.1,25,5.1
34673140137281,2021,94,53,56.4,8,8.5
34673143430170,2021,413,359,86.9,81,19.6
34673143430311,2021,61,40,65.6,10,16.4
34673143430329,2021,34,24,70.6,8,23.5
34673143430352,2021,78,53,67.9,9,11.5
34673143430477,2021,378,318,84.1,84,22.2
34673143430592,2021,526,187,35.6,32,6.1
34673143430618,2021,645,257,39.8,59,9.1
34673143430873,2021,677,164,24.2,31,4.6
34673143432002,2021,30,28,93.3,7,23.3
34673143432572,2021,445,138,31.0,25,5.6
34673143467314,2021,11,0,0.0,0,0.0
34673146112254,2021,67,26,38.8,0,0.0
34673300113571,2021,452,13,2.9,0,0.0
34673303430501,2021,82,21,25.6,0,0.0
34673303430709,2021,11,5,45.5,0,0.0
34673303431533,2021,477,211,44.2,62,13.0
34673303433216,2021,620,66,10.6,14,2.3
34673303434792,2021,28,21,75.0,0,0.0
34673303467330,2021,8,0,0.0,0,0.0
34673550119131,2021,273,116,42.5,14,5.1
34673553432903,2021,11,5,45.5,0,0.0
34673553433471,2021,287,165,57.5,32,11.1
34674133430550,2021,4,0,0.0,0,0.0
34674134835302,2021,98,54,55.1,4,4.1
34674135731708,2021,73,41,56.2,8,11.0
34674210137950,2021,81,62,76.5,7,8.6
34674390101881,2021,44,32,72.7,6,13.6
34674390101899,2021,54,26,48.1,0,0.0
34674390101907,2021,67,39,58.2,5,7.5
34674390101972,2021,301,205,68.1,24,8.0
34674390102038,2021,97,74,76.3,4,4.1
34674390108951,2021,48,38,79.2,4,8.3
34674390114546,2021,60,34,56.7,0,0.0
34674390137406,2021,180,141,78.3,34,18.9
34674393430154,2021,90,72,80.0,12,13.3
34674393430519,2021,68,60,88.2,9,13.2
34674393430865,2021,213,118,55.4,0,0.0
34674393431012,2021,393,360,91.6,91,23.2
34674393434636,2021,451,389,86.3,125,27.7
34674393434768,2021,503,279,55.5,34,6.8
34674393435419,2021,518,279,53.9,71,13.7
34674393467439,2021,21,16,76.2,0,0.0
34674396061832,2021,35,12,34.3,0,0.0
34674470121467,2021,48,45,93.8,8,16.7
34674470135772,2021,27,4,14.8,0,0.0
34674473430048,2021,185,112,60.5,9,4.9
34674473430097,2021,49,21,42.9,0,0.0
34674473430386,2021,110,26,23.6,0,0.0
34674473430394,2021,6,4,66.7,0,0.0
34674473430493,2021,482,110,22.8,12,2.5
34674473430691,2021,219,150,68.5,19,8.7
34674473430717,2021,953,421,44.2,50,5.2
34674473430758,2021,56,16,28.6,0,0.0
34674473431111,2021,264,77,29.2,4,1.5
34674473432051,2021,377,165,43.8,21,5.6
34674473432317,2021,281,128,45.6,28,10.0
34674473432838,2021,131,116,88.5,45,34.4
34674473435930,2021,393,206,52.4,81,20.6
34674473436714,2021,486,91,18.7,28,5.8
34674473438504,2021,163,108,66.3,24,14.7
34674473467447,2021,10,0,0.0,0,0.0
34739733430378,2021,307,206,67.1,25,8.1
34739733430451,2021,57,42,73.7,4,7.0
34752830102236,2021,538,245,45.5,29,5.4
34752830112425,2021,161,62,38.5,9,5.6
34752830126060,2021,79,47,59.5,4,5.1
34752833430584,2021,229,180,78.6,38,16.6
34752833430626,2021,51,39,76.5,0,0.0
34752833430659,2021,136,28,20.6,0,0.0
34765050101832,2021,92,67,72.8,40,43.5
34765050108415,2021,95,54,56.8,5,5.3
34765050108795,2021,50,38,76.0,0,0.0
34765050108837,2021,64,50,78.1,5,7.8
34765050114272,2021,45,25,55.6,0,0.0
34765053430261,2021,49,47,95.9,9,18.4
34765053430634,2021,140,134,95.7,12,8.6
34765053430881,2021,39,37,94.9,10,25.6
34765053433265,2021,268,240,89.6,57,21.3
34765053433794,2021,491,456,92.9,88,17.9
34765053434370,2021,178,164,92.1,34,19.1
34765053436979,2021,362,296,81.8,38,10.5
34765053476505,2021,6,4,66.7,0,0.0
35675383530029,2021,24,19,79.2,11,45.8
35675383537008,2021,745,428,57.4,83,11.1
35752593530060,2021,69,30,43.5,10,14.5
36103630107466,2021,180,162,90.0,34,18.9
36103633630431,2021,29,20,69.0,4,13.8
36103633630761,2021,370,132,35.7,15,4.1
36103636069348,2021,34,18,52.9,0,0.0
36675870128462,2021,37,27,73.0,0,0.0
36676113630712,2021,62,54,87.1,9,14.5
36676113630803,2021,310,208,67.1,39,12.6
36676373630290,2021,23,17,73.9,4,17.4
36676373631066,2021,131,83,63.4,10,7.6
36676520126243,2021,17,8,47.1,0,0.0
36676523630225,2021,585,320,54.7,13,2.2
36676523630373,2021,874,381,43.6,16,1.8
36676523630571,2021,899,395,43.9,25,2.8
36676523631058,2021,705,250,35.5,22,3.1
36676523631157,2021,496,349,70.4,14,2.8
36676523632205,2021,769,686,89.2,92,12.0
36676523633906,2021,666,601,90.2,54,8.1
36676523634482,2021,573,505,88.1,54,9.4
36676523637659,2021,158,130,82.3,19,12.0
36676523667652,2021,17,8,47.1,4,23.5
36676783630035,2021,353,216,61.2,19,5.4
36676783630522,2021,650,159,24.5,5,0.8
36676783631017,2021,687,231,33.6,29,4.2
36676783631181,2021,4,0,0.0,0,0.0
36676783631587,2021,22,18,81.8,5,22.7
36676783631769,2021,93,69,74.2,13,14.0
36676783632502,2021,439,286,65.1,25,5.7
36676860125500,2021,400,310,77.5,31,7.8
36676863630399,2021,10,6,60.0,0,0.0
36676863631322,2021,529,497,94.0,72,13.6
36676863632742,2021,457,435,95.2,69,15.1
36676863636131,2021,86,75,87.2,17,19.8
36677100108191,2021,655,405,61.8,59,9.0
36677100120758,2021,413,344,83.3,85,20.6
36677103630019,2021,138,102,73.9,28,20.3
36677103630480,2021,162,121,74.7,46,28.4
36677103630555,2021,439,364,82.9,83,18.9
36677103630902,2021,510,426,83.5,54,10.6
36677103633302,2021,567,515,90.8,105,18.5
36677360116723,2021,57,24,42.1,0,0.0
36677360128439,2021,72,37,51.4,0,0.0
36677360130948,2021,44,32,72.7,0,0.0
36677360136069,2021,118,38,32.2,0,0.0
36677360136937,2021,108,79,73.1,22,20.4
36677360139576,2021,16,7,43.8,0,0.0
36677773630217,2021,53,45,84.9,4,7.5
36677773636743,2021,198,130,65.7,4,2.0
36677773638616,2021,292,186,63.7,12,4.1
36678010132720,2021,10,9,90.0,0,0.0
36678013630266,2021,12,12,100.0,0,0.0
36678013634169,2021,65,37,56.9,0,0.0
36678270113928,2021,155,115,74.2,13,8.4
36678270137174,2021,33,28,84.8,5,15.2
36678270137182,2021,129,106,82.2,16,12.4
36678270137190,2021,206,172,83.5,16,7.8
36678270137208,2021,100,87,87.0,14,14.0
36678270137216,2021,41,35,85.4,8,19.5
36678270137224,2021,108,76,70.4,9,8.3
36678270137232,2021,40,35,87.5,7,17.5
36678430118802,2021,479,299,62.4,12,2.5
36678430127837,2021,10,6,60.0,0,0.0
36678433630779,2021,398,241,60.6,13,3.3
36678433630928,2021,42,8,19.0,0,0.0
36678433634995,2021,138,125,90.6,9,6.5
36678433635042,2021,496,312,62.9,27,5.4
36678433667843,2021,59,42,71.2,0,0.0
36678500102830,2021,540,443,82.0,60,11.1
36678503630159,2021,47,43,91.5,15,31.9
36678503630530,2021,23,16,69.6,0,0.0
36678503630597,2021,589,534,90.7,112,19.0
36678503633005,2021,546,491,89.9,104,19.0
36678503667850,2021,4,0,0.0,0,0.0
36678683630241,2021,12,5,41.7,0,0.0
36678683635265,2021,218,121,55.5,31,14.2
36678760107730,2021,11,9,81.8,0,0.0
36678760120568,2021,182,160,87.9,19,10.4
36678760125450,2021,388,373,96.1,57,14.7
36678760136952,2021,206,167,81.1,22,10.7
36678763630308,2021,170,163,95.9,16,9.4
36678763630548,2021,5,4,80.0,0,0.0
36678763631082,2021,586,568,96.9,91,15.5
36678763631090,2021,71,27,38.0,0,0.0
36678763632221,2021,625,501,80.2,26,4.2
36678763632809,2021,216,204,94.4,66,30.6
36678763634680,2021,260,249,95.8,35,13.5
36678763635844,2021,312,290,92.9,57,18.3
36678763636081,2021,379,346,91.3,40,10.6
36678763667876,2021,22,19,86.4,0,0.0
36678766036990,2021,5,5,100.0,0,0.0
36678923636487,2021,21,19,90.5,0,0.0
36679340110064,2021,175,86,49.1,0,0.0
36679340125419,2021,418,316,75.6,47,11.2
36679340137638,2021,36,27,75.0,8,22.2
36679340138123,2021,51,41,80.4,6,11.8
36679340140202,2021,21,10,47.6,0,0.0
36679343630100,2021,18,15,83.3,0,0.0
36679343630670,2021,151,128,84.8,18,11.9
36679343630787,2021,493,325,65.9,42,8.5
36679343638012,2021,442,341,77.1,67,15.2
36679346114698,2021,171,81,47.4,5,2.9
36679590101410,2021,42,34,81.0,10,23.8
36679593633351,2021,72,45,62.5,0,0.0
36679593638509,2021,645,286,44.3,39,6.0
36738583630076,2021,11,9,81.8,0,0.0
36738903630274,2021,74,30,40.5,0,0.0
36738903630282,2021,13,11,84.6,0,0.0
36738903631199,2021,13,8,61.5,0,0.0
36739573630233,2021,419,280,66.8,20,4.8
36739573630365,2021,96,79,82.3,9,9.4
36739573630589,2021,33,17,51.5,0,0.0
36750440107516,2021,51,43,84.3,6,11.8
36750440114389,2021,90,43,47.8,0,0.0
36750440115444,2021,117,82,70.1,31,26.5
36750440116707,2021,122,33,27.0,11,9.0
36750440119115,2021,564,297,52.7,51,9.0
36750443630407,2021,464,316,68.1,117,25.2
36750443630472,2021,111,79,71.2,31,27.9
36750443630746,2021,385,237,61.6,58,15.1
36750443630811,2021,34,15,44.1,6,17.6
36750443675044,2021,5,0,0.0,0,0.0
36750510115089,2021,136,35,25.7,0,0.0
36750510136432,2021,513,410,79.9,50,9.7
36750510136960,2021,21,13,61.9,0,0.0
36750510137794,2021,130,47,36.2,0,0.0
36750510139188,2021,133,70,52.6,6,4.5
36750513630563,2021,48,43,89.6,0,0.0
36750513630696,2021,6,6,100.0,0,0.0
36750693630456,2021,107,76,71.0,15,14.0
36750693637584,2021,749,387,51.7,47,6.3
36750773630423,2021,465,278,59.8,39,8.4
36750773630894,2021,365,263,72.1,36,9.9
36750773631009,2021,81,68,84.0,9,11.1
36750773631207,2021,104,36,34.6,0,0.0
37103710115998,2021,6,6,100.0,0,0.0
37103710120493,2021,15,15,100.0,5,33.3
37103710128520,2021,126,113,89.7,40,31.7
37103710128538,2021,62,50,80.6,15,24.2
37103710137752,2021,42,13,31.0,0,0.0
37103710138792,2021,9,4,44.4,0,0.0
37103711996545,2021,8,0,0.0,0,0.0
37103716119119,2021,87,26,29.9,8,9.2
37679830134890,2021,689,451,65.5,85,12.3
37679833730447,2021,35,32,91.4,4,11.4
37680230138073,2021,34,20,58.8,4,11.8
37680236037980,2021,144,58,40.3,18,12.5
37680236115778,2021,101,74,73.3,9,8.9
37680313731478,2021,255,18,7.1,0,0.0
37680490129221,2021,75,16,21.3,0,0.0
37680490132506,2021,311,117,37.6,8,2.6
37680490136416,2021,115,41,35.7,0,0.0
37680490136614,2021,136,110,80.9,11,8.1
37681060111195,2021,322,64,19.9,0,0.0
37681060127241,2021,195,113,57.9,6,3.1
37681060137034,2021,18,14,77.8,0,0.0
37681063730058,2021,522,350,67.0,67,12.8
37681063731023,2021,211,103,48.8,0,0.0
37681063732054,2021,121,97,80.2,30,24.8
37681063732062,2021,458,361,78.8,82,17.9
37681063735313,2021,409,359,87.8,67,16.4
37681223730967,2021,28,12,42.9,0,0.0
37681223732179,2021,404,290,71.8,54,13.4
37681223732195,2021,51,44,86.3,7,13.7
37681300128793,2021,19,15,78.9,0,0.0
37681300128819,2021,5,4,80.0,0,0.0
37681300132548,2021,62,35,56.5,6,9.7
37681300139063,2021,23,11,47.8,0,0.0
37681303730066,2021,499,309,61.9,52,10.4
37681303730702,2021,404,143,35.4,5,1.2
37681303731262,2021,526,249,47.3,44,8.4
37681303731536,2021,36,13,36.1,0,0.0
37681303731692,2021,354,319,90.1,121,34.2
37681303731809,2021,333,155,46.5,13,3.9
37681303732336,2021,533,269,50.5,31,5.8
37681303732559,2021,22,18,81.8,4,18.2
37681303732625,2021,589,335,56.9,62,10.5
37681303732732,2021,576,132,22.9,34,5.9
37681303734548,2021,403,279,69.2,50,12.4
37681303734761,2021,315,239,75.9,52,16.5
37681303737905,2021,406,189,46.6,18,4.4
37681303768130,2021,8,0,0.0,0,0.0
37681556117303,2021,7,4,57.1,0,0.0
37681630128421,2021,5,0,0.0,0,0.0
37681630137109,2021,104,75,72.1,19,18.3
37681630139402,2021,30,28,93.3,22,73.3
37681633731239,2021,5,0,0.0,0,0.0
37681713733219,2021,22,10,45.5,0,0.0
37681893731072,2021,48,5,10.4,0,0.0
37682130123224,2021,79,38,48.1,0,0.0
37682130127084,2021,70,32,45.7,21,30.0
37682130129668,2021,39,30,76.9,0,0.0
37682130136978,2021,43,26,60.5,0,0.0
37682130138636,2021,13,6,46.2,0,0.0
37682133730934,2021,5,5,100.0,0,0.0
37682133730991,2021,8,7,87.5,0,0.0
37682133734878,2021,90,52,57.8,21,23.3
37682960118935,2021,664,64,9.6,13,2.0
37682963730074,2021,463,79,17.1,15,3.2
37682963730819,2021,541,90,16.6,15,2.8
37682963731528,2021,561,65,11.6,11,2.0
37682963735842,2021,66,28,42.4,5,7.6
37682963735867,2021,507,128,25.2,17,3.4
37682963768296,2021,6,0,0.0,0,0.0
37683040102178,2021,21,13,61.9,0,0.0
37683040131250,2021,26,0,0.0,0,0.0
37683043735958,2021,40,24,60.0,0,0.0
37683043735974,2021,321,97,30.2,16,5.0
37683380106732,2021,90,28,31.1,6,6.7
37683380106799,2021,17,0,0.0,0,0.0
37683380107029,2021,288,132,45.8,17,5.9
37683380107052,2021,110,96,87.3,28,25.5
37683380107078,2021,85,54,63.5,11,12.9
37683380107086,2021,92,68,73.9,4,4.3
37683380107094,2021,86,55,64.0,10,11.6
37683380107102,2021,59,37,62.7,0,0.0
37683380107177,2021,228,205,89.9,57,25.0
37683380107219,2021,193,145,75.1,37,19.2
37683380107482,2021,43,13,30.2,4,9.3
37683380108787,2021,93,41,44.1,4,4.3
37683380114025,2021,336,288,85.7,71,21.1
37683380114462,2021,174,132,75.9,23,13.2
37683380118315,2021,36,31,86.1,0,0.0
37683380118851,2021,56,54,96.4,31,55.4
37683380119610,2021,144,125,86.8,19,13.2
37683380120410,2021,12,0,0.0,0,0.0
37683380122788,2021,48,16,33.3,0,0.0
37683380124347,2021,13,13,100.0,5,38.5
37683380126938,2021,4,0,0.0,0,0.0
37683380127647,2021,99,82,82.8,22,22.2
37683380131979,2021,84,73,86.9,19,22.6
37683380135913,2021,33,13,39.4,7,21.2
37683380136663,2021,24,24,100.0,8,33.3
37683380137802,2021,12,11,91.7,4,33.3
37683383730173,2021,309,146,47.2,12,3.9
37683383730181,2021,574,262,45.6,44,7.7
37683383730231,2021,154,105,68.2,28,18.2
37683383730314,2021,443,201,45.4,15,3.4
37683383730371,2021,211,98,46.4,4,1.9
37683383730751,2021,35,9,25.7,0,0.0
37683383730884,2021,476,77,16.2,5,1.1
37683383730959,2021,289,156,54.0,18,6.2
37683383731189,2021,123,117,95.1,0,0.0
37683383731213,2021,194,127,65.5,15,7.7
37683383731247,2021,124,40,32.3,6,4.8
37683383731395,2021,78,37,47.4,4,5.1
37683383732781,2021,598,224,37.5,10,1.7
37683383732997,2021,476,386,81.1,82,17.2
37683383733508,2021,331,58,17.5,0,0.0
37683383733698,2021,189,139,73.5,18,9.5
37683383734431,2021,269,118,43.9,11,4.1
37683383734654,2021,392,308,78.6,41,10.5
37683383735750,2021,435,124,28.5,8,1.8
37683383737962,2021,65,49,75.4,15,23.1
37683383768338,2021,11,0,0.0,0,0.0
37683386040083,2021,23,15,65.2,0,0.0
37683386061964,2021,130,84,64.6,11,8.5
37683460106328,2021,613,38,6.2,4,0.7
37683463730033,2021,617,67,10.9,19,3.1
37683463731007,2021,423,57,13.5,16,3.8
37683463737384,2021,47,10,21.3,0,0.0
37683463737418,2021,466,85,18.2,9,1.9
37683463768346,2021,5,0,0.0,0,0.0
37684030125401,2021,61,29,47.5,0,0.0
37684036120893,2021,244,136,55.7,9,3.7
37684110111831,2021,559,155,27.7,24,4.3
37684113730124,2021,373,295,79.1,113,30.3
37684113730405,2021,488,200,41.0,43,8.8
37684113730801,2021,353,273,77.3,112,31.7
37684113730843,2021,652,142,21.8,24,3.7
37684113731064,2021,616,438,71.1,192,31.2
37684113731155,2021,21,12,57.1,0,0.0
37684113731304,2021,65,43,66.2,41,63.1
37684113731460,2021,6,6,100.0,0,0.0
37684113731502,2021,594,440,74.1,226,38.0
37684113731627,2021,585,196,33.5,31,5.3
37684113732047,2021,68,47,69.1,24,35.3
37684113732849,2021,423,259,61.2,45,10.6
37684113733953,2021,334,225,67.4,73,21.9
37684113738226,2021,750,582,77.6,195,26.0
37684113738234,2021,409,285,69.7,95,23.2
37684113768411,2021,187,111,59.4,37,19.8
37684520106120,2021,366,307,83.9,57,15.6
37684520114264,2021,40,16,40.0,0,0.0
37684520115451,2021,87,81,93.1,7,8.0
37684520118430,2021,405,144,35.6,0,0.0
37684520124917,2021,10,6,60.0,0,0.0
37684520126300,2021,22,15,68.2,0,0.0
37684523730728,2021,474,285,60.1,24,5.1
37684523730942,2021,142,92,64.8,0,0.0
37684523732039,2021,72,66,91.7,6,8.3
37684523738705,2021,533,409,76.7,60,11.3
37735510127423,2021,384,78,20.3,9,2.3
37735513730017,2021,34,19,55.9,0,0.0
37735513730694,2021,508,108,21.3,22,4.3
37735513731163,2021,22,0,0.0,0,0.0
37735513773551,2021,4,0,0.0,0,0.0
37735690136267,2021,103,24,23.3,0,0.0
37735690140079,2021,66,41,62.1,9,13.6
37735693731221,2021,132,83,62.9,11,8.3
37735693735206,2021,466,268,57.5,40,8.6
37735693739018,2021,623,360,57.8,39,6.3
37735693739026,2021,80,61,76.2,24,30.0
37737910105726,2021,650,189,29.1,28,4.3
37737910138222,2021,18,8,44.4,0,0.0
37737913730215,2021,65,36,55.4,11,16.9
37737913730793,2021,27,10,37.0,0,0.0
37737913737632,2021,911,208,22.8,42,4.6
37754160132472,2021,65,31,47.7,4,6.2
37754160138651,2021,34,17,50.0,0,0.0
37754160139378,2021,8,0,0.0,0,0.0
37754160139386,2021,45,9,20.0,0,0.0
37754166119275,2021,9,9,100.0,0,0.0
37756143731114,2021,263,144,54.8,26,9.9
37756143731312,2021,33,26,78.8,10,30.3
37756143731601,2021,18,10,55.6,0,0.0
37764710114678,2021,134,26,19.4,15,11.2
37764710114694,2021,99,42,42.4,0,0.0
37764710137067,2021,96,31,32.3,0,0.0
37768510129320,2021,91,38,41.8,10,11.0
37770320134577,2021,61,19,31.1,0,0.0
37770990136077,2021,57,23,40.4,0,0.0
37771070136473,2021,48,23,47.9,0,0.0
37771560137323,2021,5,4,80.0,0,0.0
38103893810389,2021,9,4,44.4,4,44.4
38103893830395,2021,33,14,42.4,23,69.7
38103893830445,2021,16,11,68.8,5,31.2
38103896069561,2021,5,0,0.0,0,0.0
38684780101774,2021,4,0,0.0,0,0.0
38684780102103,2021,42,24,57.1,11,26.2
38684780107300,2021,55,33,60.0,5,9.1
38684780118133,2021,5,5,100.0,0,0.0
38684780118141,2021,89,66,74.2,4,4.5
38684780119875,2021,82,48,58.5,81,98.8
38684780119958,2021,86,36,41.9,14,16.3
38684780127530,2021,112,89,79.5,16,14.3
38684783830031,2021,65,33,50.8,9,13.8
38684783830064,2021,45,26,57.8,9,20.0
38684783830197,2021,46,16,34.8,0,0.0
38684783830205,2021,157,51,32.5,10,6.4
38684783830254,2021,288,154,53.5,55,19.1
38684783830288,2021,287,133,46.3,47,16.4
38684783830387,2021,190,31,16.3,0,0.0
38684783830403,2021,142,70,49.3,102,71.8
38684783830411,2021,74,48,64.9,8,10.8
38684783830429,2021,13,9,69.2,0,0.0
38684783830437,2021,120,47,39.2,5,4.2
38684783831765,2021,474,254,53.6,107,22.6
38684783833241,2021,486,167,34.4,53,10.9
38684783833407,2021,704,170,24.1,5,0.7
38684783834082,2021,247,134,54.3,102,41.3
38684783834769,2021,136,66,48.5,44,32.4
38684783839081,2021,523,191,36.5,61,11.7
38684783868478,2021,15,8,53.3,0,0.0
39103970120717,2021,70,58,82.9,5,7.1
39103973930195,2021,22,17,77.3,10,45.5
39103973930468,2021,369,309,83.7,66,17.9
39103973930476,2021,226,143,63.3,23,10.2
39103976069215,2021,9,5,55.6,0,0.0
39685020126011,2021,11,0,0.0,0,0.0
39685023930054,2021,25,16,64.0,0,0.0
39685023932308,2021,175,88,50.3,12,6.9
39685693933793,2021,55,43,78.2,5,9.1
39685693933801,2021,682,336,49.3,64,9.4
39685770118307,2021,20,15,75.0,0,0.0
39685773933959,2021,165,94,57.0,15,9.1
39685850101956,2021,113,49,43.4,0,0.0
39685850108225,2021,487,380,78.0,74,15.2
39685850122580,2021,94,63,67.0,6,6.4
39685853930237,2021,510,330,64.7,34,6.7
39685853930278,2021,31,25,80.6,0,0.0
39685853930344,2021,67,41,61.2,5,7.5
39685853930443,2021,64,37,57.8,0,0.0
39685853934759,2021,492,341,69.3,60,12.2
39685853934767,2021,32,25,78.1,4,12.5
39685853934783,2021,484,273,56.4,60,12.4
39685853968585,2021,4,0,0.0,0,0.0
39685930101576,2021,342,250,73.1,58,17.0
39685930112565,2021,43,34,79.1,11,25.6
39685930116376,2021,275,156,56.7,34,12.4
39685933930310,2021,287,142,49.5,25,8.7
39685933932001,2021,355,204,57.5,50,14.1
39685933935103,2021,391,248,63.4,62,15.9
39685933935111,2021,61,40,65.6,9,14.8
39686270126755,2021,70,45,64.3,10,14.3
39686270127191,2021,189,102,54.0,13,6.9
39686270129916,2021,20,5,25.0,0,0.0
39686270133116,2021,81,41,50.6,4,4.9
39686270136028,2021,79,54,68.4,18,22.8
39686270136135,2021,84,42,50.0,0,0.0
39686276119309,2021,96,53,55.2,7,7.3
39686500125849,2021,181,58,32.0,9,5.0
39686500128215,2021,14,8,57.1,0,0.0
39686503935756,2021,249,65,26.1,13,5.2
39686760108159,2021,582,434,74.6,71,12.2
39686760115402,2021,47,42,89.4,11,23.4
39686760118497,2021,95,54,56.8,6,6.3
39686760119743,2021,101,55,54.5,0,0.0
39686760119784,2021,56,47,83.9,4,7.1
39686760120733,2021,52,23,44.2,5,9.6
39686760123802,2021,110,87,79.1,6,5.5
39686760124248,2021,51,30,58.8,0,0.0
39686763930211,2021,46,46,100.0,14,30.4
39686763930427,2021,105,84,80.0,7,6.7
39686763932100,2021,621,508,81.8,108,17.4
39686763932654,2021,497,414,83.3,107,21.5
39686763937406,2021,394,313,79.4,51,12.9
39686763968676,2021,4,0,0.0,0,0.0
39754990102392,2021,135,26,19.3,6,4.4
39754990114140,2021,51,31,60.8,15,29.4
39754990119040,2021,400,143,35.8,33,8.2
39754990139949,2021,23,9,39.1,0,0.0
39754993930302,2021,491,294,59.9,71,14.5
39754993930393,2021,11,7,63.6,5,45.5
39754993938008,2021,445,157,35.3,45,10.1
39767600128967,2021,409,72,17.6,9,2.2
40104050101725,2021,74,61,82.4,10,13.5
40104054030078,2021,5,4,80.0,0,0.0
40104054030250,2021,24,21,87.5,7,29.2
40687004030102,2021,52,19,36.5,0,0.0
40687004030151,2021,24,14,58.3,0,0.0
40687004030755,2021,279,91,32.6,11,3.9
40687590125328,2021,77,35,45.5,0,0.0
40687590140194,2021,32,21,65.6,0,0.0
40687594030268,2021,204,157,77.0,10,4.9
40687594030557,2021,474,246,51.9,13,2.7
40687594033205,2021,76,68,89.5,7,9.2
40688094030045,2021,19,14,73.7,0,0.0
40688094034807,2021,236,95,40.3,8,3.4
40688094036703,2021,369,84,22.8,19,5.1
40688334037008,2021,20,16,80.0,5,25.0
40688414030128,2021,11,6,54.5,0,0.0
40688414030185,2021,38,6,15.8,0,0.0
40688414037701,2021,155,35,22.6,0,0.0
40754570119354,2021,54,14,25.9,0,0.0
40754574035754,2021,492,197,40.0,39,7.9
40754574035762,2021,54,25,46.3,8,14.8
40754654030144,2021,7,0,0.0,0,0.0
40754654032009,2021,53,41,77.4,9,17.0
41104130113332,2021,4,0,0.0,0,0.0
41104130135269,2021,32,23,71.9,13,40.6
41104134130076,2021,6,4,66.7,0,0.0
41104136069363,2021,8,0,0.0,6,75.0
41689160112284,2021,107,65,60.7,4,3.7
41689240127548,2021,128,28,21.9,4,3.1
41689244133393,2021,369,156,42.3,70,19.0
41689244135075,2021,141,34,24.1,6,4.3
41689244137535,2021,160,37,23.1,4,2.5
41689244137592,2021,36,18,50.0,7,19.4
41689244137790,2021,343,112,32.7,58,16.9
41690470129759,2021,128,11,8.6,0,0.0
41690470135814,2021,79,33,41.8,25,31.6
41690474130217,2021,428,39,9.1,8,1.9
41690474130472,2021,401,17,4.2,4,1.0
41690474130738,2021,272,50,18.4,31,11.4
41690474133070,2021,403,49,12.2,42,10.4
41690474134557,2021,287,29,10.1,10,3.5
41690474136370,2021,422,101,23.9,55,13.0
41690474169047,2021,5,0,0.0,0,0.0
41690620112722,2021,109,62,56.9,17,15.6
41690620119503,2021,94,74,78.7,27,28.7
41690620126722,2021,111,99,89.2,30,27.0
41690624130993,2021,564,59,10.5,10,1.8
41690624133716,2021,567,188,33.2,96,16.9
41690624135687,2021,98,71,72.4,31,31.6
41690624136693,2021,503,224,44.5,74,14.7
41690624138053,2021,496,156,31.5,55,11.1
41690624169062,2021,7,0,0.0,0,0.0
41690704130324,2021,49,25,51.0,11,22.4
41690704132551,2021,309,78,25.2,14,4.5
41690704137279,2021,294,124,42.2,36,12.2
42104214230157,2021,4,4,100.0,0,0.0
42691120111773,2021,47,15,31.9,0,0.0
42691120124255,2021,11,0,0.0,0,0.0
42691120137877,2021,7,0,0.0,0,0.0
42691120137885,2021,14,4,28.6,0,0.0
42691464230587,2021,175,125,71.4,30,17.1
42692294230454,2021,269,100,37.2,0,0.0
42692294233029,2021,50,39,78.0,0,0.0
42692294233060,2021,326,228,69.9,21,6.4
42692600116434,2021,139,40,28.8,0,0.0
42693100102285,2021,746,591,79.2,92,12.3
42693104231452,2021,158,132,83.5,34,21.5
42693104234613,2021,602,337,56.0,93,15.4
42693104236030,2021,752,676,89.9,135,18.0
42693284230074,2021,6,0,0.0,0,0.0
42693284236345,2021,201,55,27.4,5,2.5
42750100138891,2021,9,4,44.4,0,0.0
42750104231205,2021,9,6,66.7,0,0.0
42767860120402,2021,34,18,52.9,4,11.8
42767864231726,2021,474,186,39.2,15,3.2
42767864232690,2021,51,46,90.2,9,17.6
42767864235230,2021,485,255,52.6,26,5.4
42767864235727,2021,522,255,48.9,15,2.9
42771980138362,2021,49,31,63.3,4,8.2
42772060138370,2021,24,13,54.2,0,0.0
42772140138388,2021,10,0,0.0,0,0.0
42772220138396,2021,29,13,44.8,0,0.0
43104390113431,2021,114,40,35.1,0,0.0
43104390123257,2021,71,54,76.1,15,21.1
43104390123794,2021,135,45,33.3,10,7.4
43104390128090,2021,91,25,27.5,7,7.7
43104390135087,2021,179,143,79.9,40,22.3
43104394330254,2021,15,13,86.7,5,33.3
43104394330320,2021,24,11,45.8,0,0.0
43104396069371,2021,44,7,15.9,7,15.9
43694014330239,2021,436,49,11.2,11,2.5
43694014330759,2021,85,51,60.0,15,17.6
43694014330866,2021,461,88,19.1,12,2.6
43694014331955,2021,314,146,46.5,21,6.7
43694014336137,2021,396,137,34.6,25,6.3
43694014338505,2021,397,104,26.2,15,3.8
43694014369401,2021,7,0,0.0,0,0.0
43694270116889,2021,140,106,75.7,10,7.1
43694270125427,2021,64,53,82.8,23,35.9
43694270125617,2021,104,83,79.8,54,51.9
43694270130856,2021,80,56,70.0,27,33.8
43694270131995,2021,59,45,76.3,33,55.9
43694270132274,2021,119,104,87.4,40,33.6
43694274330015,2021,374,256,68.4,74,19.8
43694274330023,2021,515,106,20.6,16,3.1
43694274330031,2021,661,322,48.7,114,17.2
43694274330312,2021,32,15,46.9,4,12.5
43694274330353,2021,38,26,68.4,4,10.5
43694274330361,2021,64,46,71.9,14,21.9
43694274330668,2021,113,76,67.3,34,30.1
43694274330692,2021,758,149,19.7,27,3.6
43694274332318,2021,66,55,83.3,23,34.8
43694274332995,2021,464,325,70.0,137,29.5
43694274333639,2021,222,149,67.1,36,16.2
43694274334900,2021,327,233,71.3,56,17.1
43694274335204,2021,418,235,56.2,69,16.5
43694274335428,2021,308,237,76.9,94,30.5
43694274335907,2021,489,131,26.8,21,4.3
43694274337903,2021,629,278,44.2,68,10.8
43694274369427,2021,9,0,0.0,5,55.6
43694684331799,2021,572,41,7.2,37,6.5
43694684332474,2021,495,106,21.4,79,16.0
43694684333316,2021,608,54,8.9,26,4.3
43694684334421,2021,466,15,3.2,13,2.8
43694684334462,2021,505,17,3.4,19,3.8
43694840114496,2021,76,39,51.3,0,0.0
43694840118380,2021,401,145,36.2,27,6.7
43694844332839,2021,378,236,62.4,54,14.3
43694844334850,2021,84,57,67.9,14,16.7
43695344334371,2021,549,17,3.1,0,0.0
43695344337762,2021,335,0,0.0,0,0.0
43695830102368,2021,351,63,17.9,17,4.8
43695834333951,2021,233,74,31.8,25,10.7
43695834334488,2021,84,44,52.4,13,15.5
43696094334116,2021,545,85,15.6,13,2.4
43696094334728,2021,566,68,12.0,39,6.9
43696094334736,2021,37,18,48.6,0,0.0
43696094369609,2021,6,0,0.0,0,0.0
43696414332904,2021,487,47,9.7,7,1.4
43696414335782,2021,516,48,9.3,0,0.0
43696414369641,2021,5,0,0.0,0,0.0
43696416048300,2021,5,0,0.0,0,0.0
43696664330080,2021,256,139,54.3,29,11.3
43696664330502,2021,86,46,53.5,22,25.6
43696664330585,2021,112,90,80.4,34,30.4
43696664330593,2021,11,0,0.0,0,0.0
43696664332110,2021,90,51,56.7,29,32.2
43696664333522,2021,464,32,6.9,6,1.3
43696664333795,2021,429,225,52.4,67,15.6
43696664335949,2021,362,102,28.2,18,5.0
43696664337200,2021,248,174,70.2,62,25.0
43696664338950,2021,399,119,29.8,40,10.0
43696664369666,2021,4,0,0.0,0,0.0
43696740125443,2021,7,4,57.1,0,0.0
43696740135970,2021,45,11,24.4,0,0.0
43696744330122,2021,437,142,32.5,49,11.2
43696744330247,2021,28,17,60.7,4,14.3
43696744338406,2021,75,47,62.7,19,25.3
43696744338802,2021,460,128,27.8,72,15.7
43733874331039,2021,58,39,67.2,9,15.5
43733874334470,2021,726,238,32.8,97,13.4
43771490137315,2021,84,70,83.3,15,17.9
44104474430146,2021,19,13,68.4,8,42.1
44104474430252,2021,86,6,7.0,0,0.0
44104474430278,2021,299,139,46.5,52,17.4
44697990105858,2021,340,182,53.5,68,20.0
44697990117804,2021,68,57,83.8,9,13.2
44697990140335,2021,27,7,25.9,4,14.8
44697994430203,2021,24,17,70.8,13,54.2
44697994430229,2021,52,19,36.5,10,19.2
44697994430245,2021,12,10,83.3,0,0.0
44697994430518,2021,297,49,16.5,16,5.4
44697994437794,2021,68,47,69.1,27,39.7
44697994437901,2021,551,280,50.8,106,19.2
44698070110007,2021,158,29,18.4,7,4.4
44698074430179,2021,22,5,22.7,0,0.0
44698074436754,2021,179,46,25.7,5,2.8
44698234430096,2021,35,14,40.0,0,0.0
44698234430187,2021,36,13,36.1,0,0.0
44698234430195,2021,10,0,0.0,0,0.0
44698234432340,2021,208,98,47.1,24,11.5
44698234436960,2021,26,20,76.9,5,19.2
44698234437109,2021,287,93,32.4,13,4.5
44698234437406,2021,271,55,20.3,8,3.0
44754320139410,2021,48,9,18.8,0,0.0
44754324430211,2021,185,13,7.0,0,0.0
45104540129957,2021,25,10,40.0,0,0.0
45104540132647,2021,43,32,74.4,0,0.0
45698564530028,2021,156,50,32.1,0,0.0
45698564530051,2021,51,29,56.9,0,0.0
45698564530333,2021,20,14,70.0,0,0.0
45698564530762,2021,46,34,73.9,0,0.0
45698564530804,2021,104,65,62.5,4,3.8
45699480139543,2021,34,11,32.4,0,0.0
45699710135848,2021,38,22,57.9,0,0.0
45699894530010,2021,8,6,75.0,0,0.0
45699894530226,2021,5,0,0.0,0,0.0
45699894531000,2021,28,17,60.7,0,0.0
45699894533600,2021,23,9,39.1,0,0.0
45701100135889,2021,18,0,0.0,0,0.0
45701360106013,2021,107,19,17.8,0,0.0
45701364530044,2021,281,63,22.4,0,0.0
45701364530200,2021,81,61,75.3,0,0.0
45701364530267,2021,66,25,37.9,0,0.0
45701364530309,2021,140,84,60.0,4,2.9
45701364532750,2021,234,128,54.7,7,3.0
45701364537304,2021,286,82,28.7,0,0.0
45701690136440,2021,29,19,65.5,0,0.0
45752674530077,2021,31,23,74.2,0,0.0
45752674530101,2021,10,6,60.0,0,0.0
45752674531901,2021,110,68,61.8,0,0.0
46701774632303,2021,6,0,0.0,0,0.0
46701774634259,2021,19,14,73.7,0,0.0
47104700117168,2021,55,39,70.9,0,0.0
47104700137372,2021,15,11,73.3,0,0.0
47702504732707,2021,15,14,93.3,0,0.0
47704664734356,2021,12,11,91.7,0,0.0
47704664735403,2021,68,28,41.2,0,0.0
47704664738753,2021,51,30,58.8,0,0.0
47705164730024,2021,34,27,79.4,0,0.0
47705164739207,2021,125,60,48.0,0,0.0
47736844731253,2021,21,15,71.4,5,23.8
47764554730107,2021,12,10,83.3,0,0.0
47764554733309,2021,35,18,51.4,0,0.0
48104884830071,2021,10,8,80.0,0,0.0
48104886089668,2021,24,16,66.7,4,16.7
48705244830048,2021,33,14,42.4,0,0.0
48705244831004,2021,351,74,21.1,0,0.0
48705320102012,2021,4,4,100.0,0,0.0
48705324830055,2021,39,28,71.8,9,23.1
48705324832259,2021,244,102,41.8,21,8.6
48705400125310,2021,58,32,55.2,0,0.0
48705404830170,2021,492,140,28.5,0,0.0
48705404830451,2021,494,300,60.7,49,9.9
48705404833000,2021,356,260,73.0,19,5.3
48705404836003,2021,142,110,77.5,16,11.3
48705404870540,2021,6,4,66.7,0,0.0
48705654830022,2021,21,11,52.4,0,0.0
48705654830154,2021,4,0,0.0,0,0.0
48705654830162,2021,7,0,0.0,0,0.0
48705654838801,2021,395,149,37.7,0,0.0
48705654870565,2021,6,0,0.0,0,0.0
48705730135095,2021,100,54,54.0,0,0.0
48705734830089,2021,408,181,44.4,8,2.0
48705734830113,2021,103,18,17.5,0,0.0
48705734837803,2021,499,168,33.7,10,2.0
48705814830147,2021,380,216,56.8,42,11.1
48705814838058,2021,29,21,72.4,0,0.0
48705814838504,2021,376,291,77.4,75,19.9
49104964910496,2021,10,10,100.0,0,0.0
49104964930079,2021,7,0,0.0,0,0.0
49104964930343,2021,23,13,56.5,6,26.1
49104966069413,2021,9,0,0.0,0,0.0
49706074930327,2021,44,22,50.0,0,0.0
49706074930400,2021,253,97,38.3,6,2.4
49706074931507,2021,118,48,40.7,5,4.2
49706564930855,2021,87,55,63.2,4,4.6
49707060129981,2021,14,7,50.0,0,0.0
49707064930053,2021,4,0,0.0,0,0.0
49707220139048,2021,17,9,52.9,0,0.0
49707306120588,2021,58,17,29.3,4,6.9
49707970107284,2021,69,40,58.0,0,0.0
49708390138065,2021,76,28,36.8,0,0.0
49708540132357,2021,11,6,54.5,0,0.0
49708624930012,2021,406,186,45.8,13,3.2
49708624930103,2021,17,11,64.7,0,0.0
49708624930111,2021,12,0,0.0,0,0.0
49708624930236,2021,14,0,0.0,0,0.0
49708624935151,2021,352,115,32.7,20,5.7
49708624935862,2021,36,25,69.4,5,13.9
49708700106344,2021,19,0,0.0,0,0.0
49709040101923,2021,190,168,88.4,19,10.0
49709204930160,2021,285,195,68.4,74,26.0
49709204930244,2021,329,89,27.1,7,2.1
49709204934154,2021,393,169,43.0,37,9.4
49709204935292,2021,349,208,59.6,31,8.9
49709204935607,2021,112,90,80.4,16,14.3
49709204936803,2021,489,186,38.0,24,4.9
49709204970920,2021,14,4,28.6,0,0.0
49709534930152,2021,29,19,65.5,4,13.8
49709534937256,2021,270,127,47.0,16,5.9
49709614930319,2021,35,0,0.0,0,0.0
49738820123786,2021,104,40,38.5,0,0.0
49738824930046,2021,20,10,50.0,0,0.0
49738824930384,2021,95,22,23.2,0,0.0
49738824935482,2021,395,180,45.6,28,7.1
49753580138263,2021,27,0,0.0,0,0.0
49753584930228,2021,416,109,26.2,14,3.4
49753584930269,2021,13,6,46.2,0,0.0
49753904930251,2021,7,7,100.0,0,0.0
49753904932554,2021,114,54,47.4,0,0.0
50105040131235,2021,23,19,82.6,4,17.4
50105045030069,2021,23,17,73.9,6,26.1
50105045030085,2021,36,30,83.3,0,0.0
50105045030226,2021,43,30,69.8,5,11.6
50105045030234,2021,30,11,36.7,0,0.0
50105046069546,2021,4,4,100.0,0,0.0
50710430107136,2021,27,10,37.0,0,0.0
50710430108076,2021,488,413,84.6,78,16.0
50710435030168,2021,54,40,74.1,0,0.0
50710435030200,2021,141,101,71.6,25,17.7
50710435030879,2021,366,292,79.8,40,10.9
50710685030267,2021,59,40,67.8,5,8.5
50710685031521,2021,66,38,57.6,0,0.0
50710926112965,2021,31,10,32.3,0,0.0
50711346113286,2021,17,0,0.0,0,0.0
50711670138057,2021,44,25,56.8,5,11.4
50711750110593,2021,534,207,38.8,18,3.4
50711750120212,2021,58,36,62.1,5,8.6
50711750121129,2021,565,292,51.7,33,5.8
50711755030010,2021,421,218,51.8,18,4.3
50711755030135,2021,428,334,78.0,45,10.5
50711755031380,2021,471,365,77.5,113,24.0
50711755031802,2021,491,357,72.7,67,13.6
50711755034905,2021,582,466,80.1,72,12.4
50711755034913,2021,95,79,83.2,23,24.2
50711755071175,2021,8,7,87.5,0,0.0
50712170133124,2021,32,24,75.0,7,21.9
50712175030127,2021,39,33,84.6,11,28.2
50712175036256,2021,386,258,66.8,77,19.9
50736015030036,2021,8,5,62.5,0,0.0
50736015035902,2021,207,111,53.6,33,15.9
50755495032651,2021,166,63,38.0,9,5.4
50755495032669,2021,23,16,69.6,4,17.4
50755560112573,2021,29,23,79.3,10,34.5
50755565036850,2021,173,118,68.2,34,19.7
50755645030176,2021,9,0,0.0,0,0.0
50755645030192,2021,7,6,85.7,0,0.0
50755645031950,2021,38,23,60.5,6,15.8
50755645035654,2021,400,133,33.2,18,4.5
50755720117689,2021,19,14,73.7,4,21.1
50755725030259,2021,135,108,80.0,21,15.6
50755725030317,2021,91,40,44.0,4,4.4
50757390124669,2021,23,10,43.5,0,0.0
50757390131185,2021,52,35,67.3,8,15.4
50757395030283,2021,481,207,43.0,55,11.4
50757395036884,2021,86,60,69.8,27,31.4
50757395037700,2021,567,292,51.5,75,13.2
50757395075739,2021,4,0,0.0,0,0.0
51105120114207,2021,11,8,72.7,0,0.0
51105120138040,2021,8,4,50.0,0,0.0
51105126069454,2021,8,8,100.0,0,0.0
51713735132758,2021,63,10,15.9,0,0.0
51713995130059,2021,18,15,83.3,0,0.0
51713995135256,2021,134,86,64.2,8,6.0
51714070109793,2021,168,48,28.6,8,4.8
51714150129007,2021,127,64,50.4,0,0.0
51714230132977,2021,32,12,37.5,0,0.0
51714495130042,2021,20,6,30.0,0,0.0
51714495137500,2021,155,42,27.1,0,0.0
51714560133934,2021,70,28,40.0,0,0.0
51714640107722,2021,470,364,77.4,44,9.4
51714645130018,2021,28,22,78.6,0,0.0
51714645130075,2021,17,13,76.5,0,0.0
51714645130125,2021,18,12,66.7,0,0.0
51714645139001,2021,440,306,69.5,39,8.9
52105205230016,2021,10,7,70.0,0,0.0
52105206119671,2021,33,27,81.8,0,0.0
52715060137414,2021,21,15,71.4,6,28.6
52715065231675,2021,16,11,68.8,5,31.2
52715065231709,2021,222,145,65.3,30,13.5
52715220132597,2021,11,6,54.5,0,0.0
52715715235106,2021,49,29,59.2,4,8.2
52716395237151,2021,108,87,80.6,5,4.6
52716395237201,2021,335,207,61.8,7,2.1
53105380125633,2021,25,20,80.0,0,0.0
53750285330022,2021,4,0,0.0,0,0.0
53750285337407,2021,22,19,86.4,0,0.0
53765135330014,2021,14,9,64.3,0,0.0
53765135337456,2021,64,33,51.6,0,0.0
54105460119602,2021,50,10,20.0,0,0.0
54105460124057,2021,4,0,0.0,0,0.0
54105465430061,2021,12,9,75.0,0,0.0
54105465430327,2021,34,31,91.2,8,23.5
54105465430343,2021,12,8,66.7,4,33.3
54105466119291,2021,17,0,0.0,0,0.0
54718030112458,2021,55,22,40.0,0,0.0
54718035430301,2021,23,23,100.0,15,65.2
54718110139477,2021,33,14,42.4,0,0.0
54718370109009,2021,114,76,66.7,13,11.4
54718605430095,2021,5,5,100.0,0,0.0
54718605430244,2021,6,6,100.0,0,0.0
54718605430806,2021,33,31,93.9,15,45.5
54718605433230,2021,231,219,94.8,59,25.5
54719935430194,2021,36,33,91.7,12,33.3
54719935430236,2021,5,5,100.0,0,0.0
54719935432414,2021,247,216,87.4,47,19.0
54721400136507,2021,138,115,83.3,12,8.7
54722490107649,2021,10,9,90.0,0,0.0
54722490116368,2021,321,217,67.6,20,6.2
54722490130708,2021,123,102,82.9,13,10.6
54722490133793,2021,137,127,92.7,26,19.0
54722495430145,2021,12,12,100.0,4,33.3
54722495435409,2021,321,229,71.3,28,8.7
54722495435466,2021,419,303,72.3,38,9.1
54722560109751,2021,201,113,56.2,14,7.0
54722560120659,2021,55,33,60.0,0,0.0
54722565430046,2021,417,288,69.1,40,9.6
54722565430368,2021,475,269,56.6,27,5.7
54722565432828,2021,387,236,61.0,32,8.3
54722565434527,2021,565,278,49.2,22,3.9
54722565435839,2021,204,155,76.0,43,21.1
54753255430210,2021,180,170,94.4,30,16.7
54753255430277,2021,26,25,96.2,7,26.9
54755230114348,2021,104,92,88.5,15,14.4
54755230116590,2021,122,92,75.4,8,6.6
54755230137968,2021,23,21,91.3,0,0.0
54755235430228,2021,6,6,100.0,0,0.0
54755235430251,2021,309,290,93.9,71,23.0
54755235430624,2021,55,55,100.0,17,30.9
54755235432786,2021,501,404,80.6,74,14.8
54755235434113,2021,538,456,84.8,89,16.5
54755235434931,2021,101,89,88.1,28,27.7
54755310102186,2021,16,16,100.0,0,0.0
54755315431119,2021,9,9,100.0,0,0.0
54755315431184,2021,546,472,86.4,125,22.9
54767945430285,2021,8,8,100.0,4,50.0
54767945436258,2021,14,14,100.0,8,57.1
54767945436282,2021,164,139,84.8,22,13.4
54768365430087,2021,7,5,71.4,0,0.0
54768365431598,2021,194,108,55.7,7,3.6
54768365431614,2021,32,28,87.5,0,0.0
55105530134569,2021,5,5,100.0,0,0.0
55105535530118,2021,7,6,85.7,0,0.0
55723895530019,2021,27,17,63.0,0,0.0
55723895530043,2021,36,10,27.8,0,0.0
55723895536503,2021,172,51,29.7,4,2.3
55724130112276,2021,54,29,53.7,0,0.0
55724135530050,2021,5,0,0.0,0,0.0
55724135530100,2021,7,0,0.0,0,0.0
55724135530175,2021,4,0,0.0,0,0.0
55724135530191,2021,39,6,15.4,0,0.0
55724135536750,2021,81,19,23.5,0,0.0
55751845530076,2021,13,7,53.8,0,0.0
55751845530084,2021,9,6,66.7,0,0.0
56105610109900,2021,408,283,69.4,31,7.6
56105610122713,2021,28,8,28.6,0,0.0
56105610135780,2021,19,14,73.7,0,0.0
56105610135798,2021,6,0,0.0,0,0.0
56105615630223,2021,26,23,88.5,4,15.4
56105615630397,2021,34,25,73.5,5,14.7
56724540124750,2021,4,0,0.0,0,0.0
56724545630173,2021,46,42,91.3,5,10.9
56724545632021,2021,181,140,77.3,7,3.9
56724705630363,2021,30,12,40.0,0,0.0
56725200139626,2021,5,0,0.0,0,0.0
56725205630405,2021,4,0,0.0,0,0.0
56725205631817,2021,22,13,59.1,0,0.0
56725205634076,2021,177,83,46.9,4,2.3
56725460120634,2021,54,13,24.1,0,0.0
56725460125674,2021,104,75,72.1,9,8.7
56725460131698,2021,184,39,21.2,0,0.0
56725460136804,2021,35,24,68.6,0,0.0
56725465630066,2021,173,149,86.1,51,29.5
56725465630389,2021,764,664,86.9,139,18.2
56725465631619,2021,478,124,25.9,17,3.6
56725465631742,2021,617,542,87.8,104,16.9
56725465632849,2021,578,502,86.9,108,18.7
56725465634548,2021,620,448,72.3,56,9.0
56725465634761,2021,571,385,67.4,88,15.4
56725465672546,2021,7,5,71.4,0,0.0
56725530139592,2021,37,18,48.6,0,0.0
56726035630249,2021,81,33,40.7,4,4.9
56726035630322,2021,229,65,28.4,7,3.1
56726035634993,2021,55,38,69.1,17,30.9
56726035635008,2021,506,140,27.7,27,5.3
56726035636188,2021,459,100,21.8,20,4.4
56726525630272,2021,68,40,58.8,18,26.5
56726525630298,2021,76,14,18.4,0,0.0
56726525630348,2021,243,53,21.8,7,2.9
56726525630793,2021,408,161,39.5,36,8.8
56726525637822,2021,462,234,50.6,71,15.4
56737590123349,2021,39,8,20.5,0,0.0
56737595630108,2021,49,28,57.1,0,0.0
56737595630116,2021,542,93,17.2,10,1.8
56737595633748,2021,600,124,20.7,32,5.3
56737595637004,2021,491,124,25.3,15,3.1
56738745630132,2021,352,28,8.0,0,0.0
56738745630199,2021,13,6,46.2,0,0.0
56738745630256,2021,47,7,14.9,0,0.0
56739400121426,2021,19,5,26.3,0,0.0
56739405630371,2021,12,0,0.0,0,0.0
56739405633250,2021,440,131,29.8,20,4.5
56768285635776,2021,410,337,82.2,35,8.5
56768285636170,2021,50,44,88.0,18,36.0
57105790113787,2021,10,5,50.0,0,0.0
57105796077275,2021,5,5,100.0,0,0.0
57726780119578,2021,89,19,21.3,0,0.0
57726785730098,2021,13,0,0.0,0,0.0
57726785732201,2021,582,114,19.6,23,4.0
57726785732219,2021,27,15,55.6,0,0.0
57726865730056,2021,5,4,80.0,0,0.0
57726865732904,2021,61,38,62.3,4,6.6
57726940135939,2021,41,23,56.1,0,0.0
57726945735154,2021,500,297,59.4,24,4.8
57726945739552,2021,35,27,77.1,4,11.4
57727020139436,2021,17,0,0.0,0,0.0
57727025730049,2021,6,0,0.0,0,0.0
57727025738505,2021,109,66,60.6,13,11.9
57727100101162,2021,366,191,52.2,34,9.3
57727105738802,2021,288,156,54.2,30,10.4
57727105738810,2021,95,80,84.2,19,20.0
58105870113274,2021,12,12,100.0,0,0.0
58105875830047,2021,11,11,100.0,0,0.0
58105875830112,2021,51,37,72.5,5,9.8
58727286115935,2021,41,16,39.0,0,0.0
58727360131599,2021,6,4,66.7,0,0.0
58727365830013,2021,275,212,77.1,66,24.0
58727365830096,2021,42,36,85.7,6,14.3
58727365830138,2021,59,31,52.5,0,0.0
58727365835202,2021,215,132,61.4,17,7.9
58727365872736,2021,50,40,80.0,8,16.0
58727690133751,2021,28,21,75.0,5,17.9
58727695838305,2021,171,76,44.4,0,0.0
01100170112607,2022,83,64,77.1,14,16.9
01100170130401,2022,12,10,83.3,0,0.0
01100170130419,2022,19,18,94.7,6,31.6
01100170130625,2022,40,34,85.0,22,55.0
01100170136101,2022,31,10,32.3,0,0.0
01100170136226,2022,25,16,64.0,0,0.0
01316090131755,2022,7,7,100.0,0,0.0
01316170131763,2022,29,29,100.0,0,0.0
01611190106401,2022,44,11,25.0,0,0.0
01611190119222,2022,37,11,29.7,4,10.8
01611190130229,2022,408,78,19.1,25,6.1
01611190130609,2022,54,12,22.2,4,7.4
01611190132142,2022,216,75,34.7,17,7.9
01611190134304,2022,32,19,59.4,11,34.4
01611270130450,2022,290,78,26.9,20,6.9
01611270161127,2022,4,0,0.0,0,0.0
01611430131177,2022,772,213,27.6,34,4.4
01611430134924,2022,27,19,70.4,0,0.0
01611430161143,2022,5,0,0.0,0,0.0
01611500132225,2022,642,117,18.2,19,3.0
01611500133876,2022,29,11,37.9,0,0.0
01611500135533,2022,59,27,45.8,0,0.0
01611500161150,2022,4,0,0.0,0,0.0
01611680132746,2022,49,47,95.9,6,12.2
01611760130062,2022,616,89,14.4,37,6.0
01611760130138,2022,84,41,48.8,18,21.4
01611760130435,2022,57,18,31.6,0,0.0
01611760130534,2022,61,32,52.5,4,6.6
01611760134270,2022,562,85,15.1,30,5.3
01611760134452,2022,342,133,38.9,50,14.6
01611760135244,2022,473,33,7.0,7,1.5
01611760138693,2022,465,122,26.2,51,11.0
01611920108670,2022,148,70,47.3,11,7.4
01611920127944,2022,39,28,71.8,8,20.5
01611920133009,2022,66,46,69.7,20,30.3
01611920133629,2022,374,201,53.7,26,7.0
01611920135319,2022,495,255,51.5,35,7.1
01611920137646,2022,105,78,74.3,12,11.4
01611920138339,2022,441,289,65.5,190,43.1
01612000130393,2022,40,13,32.5,0,0.0
01612000132670,2022,79,48,60.8,21,26.6
01612000133397,2022,523,99,18.9,29,5.5
01612000134536,2022,396,83,21.0,33,8.3
01612000161200,2022,7,0,0.0,0,0.0
01612340130054,2022,371,155,41.8,61,16.4
01612340130484,2022,18,11,61.1,0,0.0
01612340135426,2022,23,19,82.6,10,43.5
01612420110460,2022,67,41,61.2,13,19.4
01612420110478,2022,4,0,0.0,0,0.0
01612420126763,2022,70,33,47.1,9,12.9
01612420134668,2022,798,331,41.5,94,11.8
01612590100065,2022,92,84,91.3,24,26.1
01612590100701,2022,73,73,100.0,10,13.7
01612590106542,2022,4,4,100.0,0,0.0
01612590106906,2022,24,19,79.2,8,33.3
01612590108944,2022,76,73,96.1,23,30.3
01612590110189,2022,86,79,91.9,8,9.3
01612590111856,2022,90,49,54.4,16,17.8
01612590112797,2022,62,58,93.5,13,21.0
01612590114868,2022,110,69,62.7,11,10.0
01612590115238,2022,100,85,85.0,23,23.0
01612590115667,2022,83,78,94.0,81,97.6
01612590118224,2022,78,56,71.8,10,12.8
01612590118653,2022,15,14,93.3,0,0.0
01612590119859,2022,4,0,0.0,0,0.0
01612590125161,2022,159,142,89.3,84,52.8
01612590125716,2022,237,230,97.0,123,51.9
01612590126748,2022,122,113,92.6,51,41.8
01612590129932,2022,70,25,35.7,5,7.1
01612590130146,2022,85,59,69.4,55,64.7
01612590130179,2022,16,16,100.0,0,0.0
01612590130575,2022,62,60,96.8,12,19.4
01612590130617,2022,65,55,84.6,16,24.6
01612590130666,2022,75,66,88.0,13,17.3
01612590132688,2022,29,24,82.8,5,17.2
01612590135905,2022,336,306,91.1,80,23.8
01612590136051,2022,470,266,56.6,35,7.4
01612590137943,2022,364,261,71.7,46,12.6
01612590161259,2022,13,6,46.2,0,0.0
01612593030772,2022,111,24,21.6,0,0.0
01612596066450,2022,99,95,96.0,36,36.4
01612596114011,2022,127,116,91.3,26,20.5
01612750130286,2022,20,0,0.0,0,0.0
01612750136515,2022,193,5,2.6,4,2.1
01612910134528,2022,84,66,78.6,26,31.0
01612910137588,2022,602,430,71.4,99,16.4
01613090111799,2022,29,24,82.8,0,0.0
01613090114421,2022,167,113,67.7,15,9.0
01613090130849,2022,412,279,67.7,30,7.3
01613090137745,2022,26,22,84.6,9,34.6
01613090137810,2022,318,281,88.4,96,30.2
01750930132704,2022,782,34,4.3,22,2.8
01750930138453,2022,22,5,22.7,0,0.0
01750930175093,2022,15,0,0.0,0,0.0
01751010130096,2022,554,45,8.1,14,2.5
01751010130252,2022,27,7,25.9,0,0.0
01751010130583,2022,676,52,7.7,8,1.2
01771800138289,2022,49,20,40.8,14,28.6
03739810330019,2022,34,14,41.2,0,0.0
03739810330050,2022,21,7,33.3,0,0.0
03739810330753,2022,169,50,29.6,0,0.0
03739810334755,2022,109,45,41.3,0,0.0
04100410114991,2022,99,43,43.4,0,0.0
04100410134213,2022,13,12,92.3,0,0.0
04100410430090,2022,23,19,82.6,0,0.0
04614080430827,2022,35,16,45.7,0,0.0
04614240111039,2022,4,0,0.0,0,0.0
04614240120394,2022,95,37,38.9,0,0.0
04614240123976,2022,8,7,87.5,0,0.0
04614240137828,2022,17,7,41.2,0,0.0
04614240141069,2022,41,29,70.7,0,0.0
04614240430199,2022,29,19,65.5,0,0.0
04614240431502,2022,91,81,89.0,8,8.8
04614240431676,2022,394,180,45.7,15,3.8
04614240437558,2022,388,165,42.5,10,2.6
04614320433201,2022,70,31,44.3,0,0.0
04615070121509,2022,8,6,75.0,0,0.0
04615150434803,2022,301,218,72.4,8,2.7
04615150435602,2022,221,186,84.2,4,1.8
04615150437566,2022,56,47,83.9,0,0.0
04615310121715,2022,29,16,55.2,0,0.0
04615310432856,2022,34,28,82.4,0,0.0
04615310437350,2022,73,30,41.1,0,0.0
04615316112585,2022,18,15,83.3,0,0.0
04755070433946,2022,20,17,85.0,0,0.0
04755070433953,2022,160,103,64.4,4,2.5
05100580530154,2022,44,11,25.0,0,0.0
05615560530014,2022,32,13,40.6,0,0.0
05615560532507,2022,134,42,31.3,0,0.0
05615640530022,2022,25,11,44.0,0,0.0
05615640530055,2022,22,6,27.3,0,0.0
05615640531509,2022,163,38,23.3,5,3.1
06615980630012,2022,9,6,66.7,4,44.4
06615980630046,2022,16,8,50.0,0,0.0
06615980631259,2022,85,47,55.3,6,7.1
06616060634758,2022,24,19,79.2,0,0.0
06616140630087,2022,12,12,100.0,7,58.3
06616140635250,2022,103,74,71.8,12,11.7
06616220630038,2022,4,4,100.0,0,0.0
06616220637504,2022,102,89,87.3,22,21.6
07100740114470,2022,102,89,87.3,19,18.6
07100740120444,2022,12,10,83.3,0,0.0
07100740129684,2022,83,62,74.7,12,14.5
07100740134114,2022,29,6,20.7,0,0.0
07100740730614,2022,24,20,83.3,4,16.7
07100740731380,2022,571,155,27.1,13,2.3
07100746077168,2022,6,0,0.0,0,0.0
07616300107524,2022,13,0,0.0,0,0.0
07616300730283,2022,312,15,4.8,0,0.0
07616300731125,2022,316,13,4.1,0,0.0
07616300733725,2022,394,47,11.9,11,2.8
07616300734244,2022,273,12,4.4,0,0.0
07616300761630,2022,10,4,40.0,0,0.0
07616480110494,2022,98,76,77.6,14,14.3
07616480117218,2022,155,87,56.1,12,7.7
07616480730101,2022,85,70,82.4,20,23.5
07616480730259,2022,81,54,66.7,8,9.9
07616480730465,2022,375,198,52.8,41,10.9
07616480730861,2022,430,309,71.9,81,18.8
07616480761648,2022,6,5,83.3,0,0.0
07616630130930,2022,75,25,33.3,0,0.0
07616970737023,2022,83,45,54.2,10,12.0
07616970737619,2022,13,7,53.8,0,0.0
07617210107797,2022,566,86,15.2,8,1.4
07617210730457,2022,592,182,30.7,48,8.1
07617210730572,2022,80,28,35.0,0,0.0
07617210733980,2022,663,155,23.4,68,10.3
07617210733998,2022,87,38,43.7,11,12.6
07617390730440,2022,30,17,56.7,0,0.0
07617390730473,2022,18,10,55.6,0,0.0
07617390730549,2022,259,88,34.0,17,6.6
07617540138115,2022,4,0,0.0,0,0.0
07617540140442,2022,5,5,100.0,0,0.0
07617540730044,2022,358,70,19.6,4,1.1
07617540730317,2022,42,14,33.3,0,0.0
07617540730358,2022,40,24,60.0,6,15.0
07617540730655,2022,4,0,0.0,0,0.0
07617540731646,2022,441,137,31.1,28,6.3
07617540731836,2022,296,171,57.8,51,17.2
07617540734566,2022,355,269,75.8,122,34.4
07617540734764,2022,150,122,81.3,46,30.7
07617540737809,2022,264,175,66.3,70,26.5
07617540761754,2022,33,8,24.2,0,0.0
07617880730184,2022,127,105,82.7,38,29.9
07617880735407,2022,785,550,70.1,141,18.0
07617960101477,2022,136,84,61.8,35,25.7
07617960132100,2022,83,55,66.3,5,6.0
07617960133637,2022,78,46,59.0,11,14.1
07617960730291,2022,74,41,55.4,0,0.0
07617960730325,2022,104,63,60.6,20,19.2
07617960730598,2022,181,79,43.6,8,4.4
07617960732164,2022,314,197,62.7,71,22.6
07617960732941,2022,395,161,40.8,41,10.4
07617960733253,2022,99,73,73.7,18,18.2
07617960733659,2022,194,153,78.9,103,53.1
07617960735316,2022,310,168,54.2,53,17.1
07617960735902,2022,339,262,77.3,130,38.3
07617960761796,2022,28,10,35.7,0,0.0
07618040113118,2022,825,53,6.4,8,1.0
07618040730051,2022,712,51,7.2,4,0.6
07618040730218,2022,73,12,16.4,0,0.0
07618040734368,2022,579,30,5.2,0,0.0
07618040736504,2022,448,24,5.4,0,0.0
07618040736819,2022,6,0,0.0,0,0.0
07773540132233,2022,74,54,73.0,19,25.7
08100820830042,2022,14,13,92.9,0,0.0
08100820830059,2022,53,42,79.2,0,0.0
08618200833004,2022,211,117,55.5,13,6.2
08618200836205,2022,48,38,79.2,0,0.0
09100900136036,2022,33,0,0.0,0,0.0
09100900930123,2022,70,28,40.0,0,0.0
09100900930131,2022,12,10,83.3,4,33.3
09618380136200,2022,66,23,34.8,0,0.0
09618380139006,2022,132,61,46.2,4,3.0
09618530930081,2022,618,52,8.4,4,0.6
09618530930164,2022,252,109,43.3,0,0.0
09618530930214,2022,33,6,18.2,0,0.0
09618530932756,2022,259,84,32.4,6,2.3
09618530934554,2022,62,32,51.6,0,0.0
09618530936302,2022,402,66,16.4,5,1.2
09619030930040,2022,18,11,61.1,8,44.4
09619030937805,2022,272,60,22.1,37,13.6
09737830121566,2022,16,8,50.0,0,0.0
09737830930073,2022,79,30,38.0,0,0.0
09737830930099,2022,7,6,85.7,0,0.0
10101080109991,2022,280,245,87.5,25,8.9
10101080111682,2022,8,5,62.5,0,0.0
10101080119628,2022,137,73,53.3,9,6.6
10101080136291,2022,68,34,50.0,0,0.0
10101081030337,2022,56,45,80.4,10,17.9
10101081030899,2022,27,26,96.3,5,18.5
10101086069488,2022,11,8,72.7,0,0.0
10621170110270,2022,12,9,75.0,0,0.0
10621170113555,2022,524,146,27.9,7,1.3
10621170118018,2022,227,122,53.7,0,0.0
10621171030196,2022,424,192,45.3,7,1.7
10621171030469,2022,70,42,60.0,0,0.0
10621171030501,2022,599,216,36.1,4,0.7
10621171030683,2022,587,326,55.5,18,3.1
10621171031004,2022,106,82,77.4,9,8.5
10621171031053,2022,651,330,50.7,8,1.2
10621251030113,2022,35,32,91.4,10,28.6
10621251030477,2022,24,24,100.0,14,58.3
10621251031376,2022,252,208,82.5,68,27.0
10621580120246,2022,9,7,77.8,0,0.0
10621581031954,2022,12,11,91.7,0,0.0
10621581032150,2022,202,163,80.7,21,10.4
10621660108555,2022,56,39,69.6,0,0.0
10621660114355,2022,53,32,60.4,4,7.5
10621660114553,2022,123,19,15.4,0,0.0
10621660120964,2022,6,5,83.3,0,0.0
10621660132134,2022,39,23,59.0,0,0.0
10621660140038,2022,20,0,0.0,0,0.0
10621661030279,2022,569,322,56.6,24,4.2
10621661030287,2022,382,320,83.8,48,12.6
10621661030295,2022,294,262,89.1,28,9.5
10621661030584,2022,366,345,94.3,88,24.0
10621661030642,2022,57,51,89.5,5,8.8
10621661030675,2022,648,583,90.0,103,15.9
10621661030840,2022,106,101,95.3,8,7.5
10621661031632,2022,122,106,86.9,15,12.3
10621661031897,2022,516,411,79.7,50,9.7
10621661032507,2022,401,342,85.3,58,14.5
10621661032911,2022,400,322,80.5,31,7.8
10621661034214,2022,326,307,94.2,74,22.7
10621661035831,2022,468,430,91.9,106,22.6
10621666112619,2022,10,10,100.0,0,0.0
10622570124727,2022,51,34,66.7,0,0.0
10622571033695,2022,256,156,60.9,15,5.9
10622571033729,2022,19,17,89.5,0,0.0
10622650108092,2022,98,91,92.9,8,8.2
10622650116640,2022,34,22,64.7,0,0.0
10622650126292,2022,53,37,69.8,0,0.0
10622651030378,2022,136,110,80.9,37,27.2
10622651033703,2022,99,92,92.9,22,22.2
10622651035310,2022,384,292,76.0,34,8.9
10622810140434,2022,5,4,80.0,0,0.0
10622811033950,2022,42,30,71.4,7,16.7
10623310137661,2022,88,57,64.8,4,4.5
10623640126870,2022,53,50,94.3,19,35.8
10623641034990,2022,218,197,90.4,69,31.7
10623800136499,2022,52,47,90.4,10,19.2
10624141030451,2022,68,37,54.4,6,8.8
10624141030766,2022,40,14,35.0,0,0.0
10624141036086,2022,43,32,74.4,5,11.6
10624141036094,2022,800,452,56.5,48,6.0
10624301030758,2022,50,40,80.0,6,12.0
10624301036607,2022,32,25,78.1,10,31.2
10624301036672,2022,375,307,81.9,74,19.7
10625396112387,2022,41,35,85.4,9,22.0
10625470135103,2022,89,28,31.5,0,0.0
10625470136523,2022,329,254,77.2,40,12.2
10738091030121,2022,134,111,82.8,23,17.2
10738091030147,2022,6,6,100.0,0,0.0
10739650140269,2022,71,50,70.4,5,7.0
10739651030386,2022,78,59,75.6,7,9.0
10739651030626,2022,603,346,57.4,63,10.4
10739651030790,2022,259,136,52.5,21,8.1
10739651035112,2022,45,35,77.8,5,11.1
10739990141036,2022,91,77,84.6,23,25.3
10739991033422,2022,36,30,83.3,19,52.8
10739991033430,2022,314,261,83.1,40,12.7
10751271030261,2022,16,15,93.8,10,62.5
10751271030493,2022,212,205,96.7,55,25.9
10752341030352,2022,10,7,70.0,6,60.0
10752341037456,2022,78,75,96.2,21,26.9
10752751030139,2022,10,4,40.0,0,0.0
10752751036938,2022,79,24,30.4,0,0.0
10752756112544,2022,20,7,35.0,0,0.0
10754081030253,2022,8,6,75.0,0,0.0
10754081035575,2022,135,110,81.5,37,27.4
10755981030535,2022,172,152,88.4,25,14.5
10755981030543,2022,12,10,83.3,4,33.3
10767780122473,2022,20,19,95.0,0,0.0
10767781030774,2022,35,33,94.3,4,11.4
10767781038306,2022,318,248,78.0,81,25.5
11101160130724,2022,32,18,56.2,0,0.0
11101161130103,2022,23,18,78.3,0,0.0
11101166077184,2022,4,0,0.0,0,0.0
11625960139550,2022,14,10,71.4,0,0.0
11626461136209,2022,13,10,76.9,0,0.0
11626531132109,2022,9,7,77.8,0,0.0
11626611130038,2022,10,9,90.0,0,0.0
11626611132851,2022,137,109,79.6,11,8.0
11754811130012,2022,24,14,58.3,0,0.0
11754811135656,2022,155,114,73.5,10,6.5
11765621130053,2022,4,4,100.0,0,0.0
11765621133701,2022,71,34,47.9,5,7.0
12101240106153,2022,16,11,68.8,0,0.0
12101240106161,2022,18,17,94.4,0,0.0
12101240134163,2022,24,5,20.8,0,0.0
12101240137364,2022,20,14,70.0,0,0.0
12626790137653,2022,5,0,0.0,0,0.0
12626870107110,2022,28,9,32.1,0,0.0
12626870124263,2022,9,6,66.7,0,0.0
12626871230044,2022,18,11,61.1,0,0.0
12626871230051,2022,17,14,82.4,0,0.0
12626871230705,2022,240,89,37.1,9,3.8
12626871235209,2022,123,60,48.8,0,0.0
12628100108688,2022,36,13,36.1,0,0.0
12628101233352,2022,27,22,81.5,0,0.0
12628101233402,2022,189,102,54.0,8,4.2
12629011230028,2022,31,23,74.2,0,0.0
12629011234004,2022,59,42,71.2,0,0.0
12630320111203,2022,48,26,54.2,0,0.0
12630401230010,2022,6,4,66.7,0,0.0
12630401237007,2022,51,37,72.5,0,0.0
12753741232909,2022,27,12,44.4,0,0.0
12755151230150,2022,15,12,80.0,0,0.0
12755151232057,2022,45,34,75.6,0,0.0
12755151232206,2022,299,166,55.5,23,7.7
13101320131094,2022,26,24,92.3,10,38.5
13630811331354,2022,116,105,90.5,33,28.4
13630811331404,2022,406,299,73.6,62,15.3
13630991332154,2022,53,49,92.5,27,50.9
13630991332204,2022,751,567,75.5,364,48.5
13631071332501,2022,91,77,84.6,21,23.1
13631150140954,2022,45,24,53.3,14,31.1
13631151330133,2022,394,277,70.3,66,16.8
13631151333004,2022,440,308,70.0,102,23.2
13631151333558,2022,20,16,80.0,10,50.0
13631490125922,2022,9,0,0.0,0,0.0
13631491335306,2022,122,96,78.7,45,36.9
13631491337138,2022,11,7,63.6,7,63.6
13631641331115,2022,36,27,75.0,11,30.6
13631641335900,2022,320,147,45.9,44,13.8
13632141330018,2022,6,5,83.3,0,0.0
13632141337609,2022,43,39,90.7,10,23.3
14101400117994,2022,398,274,68.8,53,13.3
14101400128447,2022,81,60,74.1,20,24.7
14101400128454,2022,84,78,92.9,15,17.9
14632481431352,2022,10,6,60.0,0,0.0
14632891434901,2022,26,15,57.7,0,0.0
14766870119081,2022,6,0,0.0,0,0.0
14766871430057,2022,23,16,69.6,0,0.0
14766871431600,2022,132,72,54.5,10,7.6
15101570119669,2022,146,126,86.3,32,21.9
15101571530302,2022,47,41,87.2,0,0.0
15101571530310,2022,113,100,88.5,16,14.2
15101571530492,2022,68,25,36.8,0,0.0
15634120100529,2022,327,270,82.6,54,16.5
15634120116384,2022,312,294,94.2,78,25.0
15634121531656,2022,56,56,100.0,29,51.8
15634121531672,2022,323,308,95.4,71,22.0
15635290100198,2022,656,566,86.3,54,8.2
15635290110999,2022,497,100,20.1,8,1.6
15635290116392,2022,590,362,61.4,20,3.4
15635290116400,2022,581,523,90.0,104,17.9
15635290125062,2022,203,151,74.4,18,8.9
15635291530021,2022,39,34,87.2,18,46.2
15635291530047,2022,57,45,78.9,21,36.8
15635291530112,2022,175,95,54.3,9,5.1
15635291530252,2022,644,576,89.4,130,20.2
15635291530344,2022,564,146,25.9,18,3.2
15635291530369,2022,510,125,24.5,14,2.7
15635291530385,2022,670,519,77.5,76,11.3
15635291530435,2022,289,204,70.6,47,16.3
15635291530476,2022,571,109,19.1,8,1.4
15635291530708,2022,706,549,77.8,52,7.4
15635291532290,2022,556,468,84.2,55,9.9
15635291532605,2022,429,374,87.2,52,12.1
15635291533330,2022,596,421,70.6,35,5.9
15635291533538,2022,96,71,74.0,0,0.0
15635291534775,2022,478,376,78.7,23,4.8
15635291535087,2022,377,298,79.0,48,12.7
15635291535392,2022,552,509,92.2,73,13.2
15635291536325,2022,175,138,78.9,16,9.1
15635291536606,2022,437,381,87.2,21,4.8
15636280127209,2022,116,75,64.7,7,6.0
15636280134312,2022,267,91,34.1,0,0.0
15636280137687,2022,71,42,59.2,0,0.0
15636280138131,2022,148,61,41.2,0,0.0
15636281533843,2022,25,24,96.0,0,0.0
15636770114512,2022,154,125,81.2,21,13.6
15636770136259,2022,56,44,78.6,10,17.9
15636851530997,2022,44,25,56.8,4,9.1
15636851531987,2022,65,8,12.3,0,0.0
15637761530039,2022,31,25,80.6,9,29.0
15637761530377,2022,17,15,88.2,0,0.0
15637761534957,2022,178,138,77.5,15,8.4
15638181530138,2022,34,28,82.4,0,0.0
15638181535905,2022,222,182,82.0,35,15.8
15638261530245,2022,30,21,70.0,0,0.0
15638261536135,2022,266,105,39.5,15,5.6
15638591530351,2022,45,43,95.6,14,31.1
15638591536440,2022,429,365,85.1,80,18.6
15737421530054,2022,34,21,61.8,0,0.0
15737421531367,2022,317,148,46.7,8,2.5
15739081530146,2022,15,14,93.3,7,46.7
15739081530229,2022,12,10,83.3,0,0.0
15739081534155,2022,256,220,85.9,53,20.7
15751681530401,2022,68,42,61.8,4,5.9
16101651630102,2022,7,4,57.1,0,0.0
16638750101717,2022,31,26,83.9,0,0.0
16638750112698,2022,36,23,63.9,0,0.0
16638911632207,2022,209,187,89.5,10,4.8
16639250118919,2022,240,123,51.2,20,8.3
16639250137901,2022,52,29,55.8,8,15.4
16639251630151,2022,11,8,72.7,0,0.0
16639251630169,2022,316,218,69.0,25,7.9
16639251634245,2022,79,73,92.4,14,17.7
16639251634401,2022,352,269,76.4,36,10.2
16639580136556,2022,249,192,77.1,35,14.1
16639820110205,2022,49,33,67.3,4,8.2
16639820136234,2022,62,39,62.9,6,9.7
16639821630011,2022,43,37,86.0,4,9.3
16639821635606,2022,436,265,60.8,27,6.2
16739321630078,2022,13,12,92.3,4,30.8
16739321630953,2022,176,170,96.6,57,32.4
17101730128231,2022,4,0,0.0,0,0.0
17101731730167,2022,4,0,0.0,0,0.0
17640140138537,2022,9,5,55.6,0,0.0
17640141730043,2022,17,13,76.5,0,0.0
17640141734359,2022,119,65,54.6,16,13.4
17640220132571,2022,27,20,74.1,0,0.0
17640221730027,2022,16,14,87.5,0,0.0
17640221730118,2022,35,25,71.4,0,0.0
17640221735000,2022,163,124,76.1,25,15.3
17640301730019,2022,15,13,86.7,0,0.0
17640301730142,2022,10,7,70.0,0,0.0
17640301732304,2022,89,47,52.8,5,5.6
17640550129601,2022,23,11,47.8,0,0.0
17640551730035,2022,12,10,83.3,0,0.0
17640551736008,2022,117,57,48.7,5,4.3
17769761730050,2022,11,9,81.8,0,0.0
17769761737006,2022,93,80,86.0,5,5.4
18640891831601,2022,15,7,46.7,0,0.0
18641390131953,2022,4,4,100.0,0,0.0
18641391833805,2022,185,67,36.2,4,2.2
18641391833813,2022,14,11,78.6,0,0.0
18641960135756,2022,17,9,52.9,0,0.0
18642041838507,2022,12,7,58.3,0,0.0
18750360121657,2022,12,8,66.7,0,0.0
18750361833409,2022,9,4,44.4,0,0.0
18750366010763,2022,15,8,53.3,0,0.0
19101990100776,2022,87,79,90.8,15,17.2
19101990112128,2022,77,71,92.2,12,15.6
19101990115030,2022,53,42,79.2,7,13.2
19101990115212,2022,48,38,79.2,7,14.6
19101990121822,2022,84,47,56.0,14,16.7
19101990121897,2022,41,24,58.5,5,12.2
19101990121905,2022,22,14,63.6,0,0.0
19101990121921,2022,20,12,60.0,6,30.0
19101990121939,2022,5,0,0.0,0,0.0
19101990121954,2022,5,0,0.0,0,0.0
19101990134346,2022,25,13,52.0,0,0.0
19101990135582,2022,57,50,87.7,20,35.1
19101990136119,2022,65,54,83.1,4,6.2
19101990137679,2022,36,33,91.7,10,27.8
19101990138669,2022,141,120,85.1,25,17.7
19101991933399,2022,137,28,20.4,0,0.0
19101991995869,2022,88,24,27.3,0,0.0
19101991996214,2022,47,30,63.8,13,27.7
19101996119945,2022,82,67,81.7,10,12.2
19642121930056,2022,564,241,42.7,24,4.3
19642121930361,2022,303,259,85.5,74,24.4
19642121931641,2022,109,82,75.2,22,20.2
19642121931880,2022,169,60,35.5,0,0.0
19642121933159,2022,426,229,53.8,37,8.7
19642121964212,2022,11,4,36.4,0,0.0
19642460100081,2022,631,395,62.6,59,9.4
19642460108407,2022,548,462,84.3,43,7.8
19642460111872,2022,108,54,50.0,0,0.0
19642460126003,2022,56,22,39.3,0,0.0
19642461930213,2022,323,301,93.2,56,17.3
19642461931732,2022,360,317,88.1,40,11.1
19642461936624,2022,594,441,74.2,73,12.3
19642461937051,2022,716,304,42.5,20,2.8
19642461995398,2022,515,306,59.4,37,7.2
19642461995406,2022,308,259,84.1,45,14.6
19642461995844,2022,536,322,60.1,26,4.9
19642461995968,2022,14,12,85.7,0,0.0
19642461996537,2022,145,108,74.5,8,5.5
19642461996644,2022,445,385,86.5,88,19.8
19642611930288,2022,727,104,14.3,35,4.8
19642611995299,2022,14,0,0.0,4,28.6
19642791930528,2022,197,179,90.9,31,15.7
19642791931765,2022,94,83,88.3,10,10.6
19642791933449,2022,222,189,85.1,33,14.9
19642871930601,2022,340,309,90.9,36,10.6
19642871936384,2022,139,133,95.7,16,11.5
19642871938166,2022,402,363,90.3,25,6.2
19642871964287,2022,4,4,100.0,0,0.0
19642871996479,2022,614,517,84.2,62,10.1
19642951930700,2022,188,158,84.0,36,19.1
19642951936491,2022,22,19,86.4,8,36.4
19643030128306,2022,23,12,52.2,0,0.0
19643031930775,2022,293,239,81.6,49,16.7
19643031935618,2022,400,267,66.8,21,5.2
19643031938190,2022,71,52,73.2,24,33.8
19643111930981,2022,286,48,16.8,5,1.7
19643291931088,2022,421,135,32.1,7,1.7
19643291937598,2022,54,36,66.7,4,7.4
19643291937739,2022,272,120,44.1,13,4.8
19643291964329,2022,4,0,0.0,0,0.0
19643370131573,2022,112,29,25.9,13,11.6
19643371931187,2022,530,160,30.2,37,7.0
19643371931237,2022,504,130,25.8,11,2.2
19643371933332,2022,52,20,38.5,0,0.0
19643371964337,2022,4,0,0.0,0,0.0
19643371995877,2022,9,0,0.0,0,0.0
19643371996230,2022,4,0,0.0,0,0.0
19643520118521,2022,11,9,81.8,0,0.0
19643520128488,2022,99,47,47.5,12,12.1
19643520128496,2022,43,27,62.8,0,0.0
19643521930239,2022,87,67,77.0,18,20.7
19643521933951,2022,455,368,80.9,90,19.8
19643521934926,2022,506,397,78.5,56,11.1
19643521935048,2022,434,351,80.9,71,16.4
19643521964352,2022,6,4,66.7,0,0.0
19643781930312,2022,47,36,76.6,6,12.8
19643781931666,2022,334,216,64.7,24,7.2
19643781995885,2022,23,13,56.5,0,0.0
19643941931807,2022,37,17,45.9,0,0.0
19643941931823,2022,548,131,23.9,16,2.9
19644360140525,2022,18,14,77.8,0,0.0
19644361931617,2022,55,46,83.6,0,0.0
19644361932086,2022,275,188,68.4,7,2.5
19644361936418,2022,318,231,72.6,8,2.5
19644361938372,2022,369,193,52.3,9,2.4
19644441932201,2022,526,242,46.0,15,2.9
19644511931625,2022,170,131,77.1,25,14.7
19644511932441,2022,1034,686,66.3,75,7.3
19644511939164,2022,794,519,65.4,63,7.9
19644690128736,2022,27,18,66.7,0,0.0
19644690134858,2022,243,36,14.8,0,0.0
19644690139535,2022,292,257,88.0,38,13.0
19644691932482,2022,143,92,64.3,26,18.2
19644691936079,2022,42,28,66.7,14,33.3
19645191930320,2022,409,335,81.9,37,9.0
19645191932664,2022,387,363,93.8,88,22.7
19645191932680,2022,307,269,87.6,81,26.4
19645191937481,2022,394,311,78.9,42,10.7
19645191938919,2022,162,154,95.1,52,32.1
19645191964519,2022,6,5,83.3,0,0.0
19645191995661,2022,272,227,83.5,54,19.9
19645191996123,2022,5,0,0.0,0,0.0
19645270133835,2022,33,22,66.7,0,0.0
19645271932698,2022,115,86,74.8,19,16.5
19645271932706,2022,467,287,61.5,31,6.6
19645271964527,2022,35,22,62.9,0,0.0
19645351930353,2022,14,0,0.0,0,0.0
19645351932763,2022,306,24,7.8,4,1.3
19645681932144,2022,645,140,21.7,27,4.2
19645681933472,2022,84,49,58.3,29,34.5
19645681933530,2022,501,320,63.9,109,21.8
19645681934082,2022,305,175,57.4,64,21.0
19645681995497,2022,78,35,44.9,6,7.7
19645681996131,2022,288,151,52.4,0,0.0
19645761933597,2022,558,242,43.4,20,3.6
19645761939677,2022,36,27,75.0,0,0.0
19645761964576,2022,5,0,0.0,0,0.0
19645841996305,2022,94,27,28.7,4,4.3
19645920100354,2022,121,62,51.2,6,5.0
19646341934231,2022,249,224,90.0,64,25.7
19646341934249,2022,26,18,69.2,10,38.5
19646341936046,2022,146,128,87.7,46,31.5
19646341964634,2022,4,0,0.0,0,0.0
19646341996529,2022,70,46,65.7,0,0.0
19646341996586,2022,153,144,94.1,26,17.0
19646420136127,2022,5,0,0.0,0,0.0
19646591934611,2022,310,17,5.5,0,0.0
19646831930080,2022,429,39,9.1,6,1.4
19646831931781,2022,466,46,9.9,4,0.9
19646911996438,2022,130,102,78.5,5,3.8
19647090100602,2022,142,138,97.2,13,9.2
19647091996313,2022,164,150,91.5,17,10.4
19647250125153,2022,48,18,37.5,0,0.0
19647250127381,2022,168,60,35.7,5,3.0
19647250131938,2022,22,18,81.8,0,0.0
19647250132324,2022,97,20,20.6,0,0.0
19647250135525,2022,74,40,54.1,12,16.2
19647251930411,2022,36,15,41.7,10,27.8
19647251934470,2022,546,324,59.3,114,20.9
19647251934678,2022,681,293,43.0,46,6.8
19647251935758,2022,749,177,23.6,18,2.4
19647251936947,2022,911,435,47.7,106,11.6
19647251937176,2022,69,51,73.9,12,17.4
19647251939875,2022,857,386,45.0,70,8.2
19647251964725,2022,15,4,26.7,0,0.0
19647251995539,2022,166,45,27.1,0,0.0
19647251995570,2022,456,264,57.9,79,17.3
19647251995935,2022,459,269,58.6,93,20.3
19647251996503,2022,113,50,44.2,6,5.3
19647330100677,2022,74,37,50.0,0,0.0
19647330100750,2022,114,107,93.9,22,19.3
19647330100800,2022,120,103,85.8,13,10.8
19647330101196,2022,88,76,86.4,0,0.0
19647330101329,2022,12,6,50.0,0,0.0
19647330101659,2022,40,38,95.0,5,12.5
19647330101675,2022,150,142,94.7,23,15.3
19647330101683,2022,43,23,53.5,0,0.0
19647330102137,2022,13,9,69.2,4,30.8
19647330102434,2022,145,136,93.8,24,16.6
19647330102541,2022,80,57,71.2,4,5.0
19647330102764,2022,36,28,77.8,5,13.9
19647330102913,2022,94,86,91.5,0,0.0
19647330102921,2022,124,79,63.7,0,0.0
19647330106351,2022,25,17,68.0,5,20.0
19647330106831,2022,122,110,90.2,18,14.8
19647330106849,2022,148,144,97.3,24,16.2
19647330106864,2022,123,121,98.4,8,6.5
19647330106997,2022,156,147,94.2,5,3.2
19647330107003,2022,190,143,75.3,6,3.2
19647330107011,2022,97,88,90.7,0,0.0
19647330107755,2022,217,150,69.1,8,3.7
19647330108878,2022,112,55,49.1,6,5.4
19647330108894,2022,153,149,97.4,14,9.2
19647330108928,2022,107,45,42.1,0,0.0
19647330108936,2022,149,141,94.6,10,6.7
19647330109447,2022,349,341,97.7,56,16.0
19647330109454,2022,383,357,93.2,47,12.3
19647330109462,2022,206,198,96.1,29,14.1
19647330109512,2022,50,44,88.0,14,28.0
19647330110304,2022,42,38,90.5,15,35.7
19647330110668,2022,42,37,88.1,9,21.4
19647330111484,2022,24,24,100.0,5,20.8
19647330111492,2022,142,141,99.3,20,14.1
19647330111500,2022,113,110,97.3,12,10.6
19647330111575,2022,158,154,97.5,21,13.3
19647330111583,2022,148,137,92.6,17,11.5
19647330111625,2022,136,131,96.3,22,16.2
19647330111641,2022,130,129,99.2,16,12.3
19647330111658,2022,137,129,94.2,6,4.4
19647330112029,2022,98,97,99.0,33,33.7
19647330112037,2022,115,104,90.4,33,28.7
19647330112045,2022,271,244,90.0,20,7.4
19647330112052,2022,332,328,98.8,66,19.9
19647330112508,2022,120,114,95.0,10,8.3
19647330112870,2022,84,81,96.4,36,42.9
19647330114850,2022,232,220,94.8,54,23.3
19647330115253,2022,69,46,66.7,0,0.0
19647330116509,2022,105,104,99.0,10,9.5
19647330116954,2022,10,9,90.0,0,0.0
19647330117051,2022,212,202,95.3,31,14.6
19647330117069,2022,142,137,96.5,43,30.3
19647330117077,2022,57,43,75.4,16,28.1
19647330117598,2022,139,134,96.4,29,20.9
19647330117606,2022,76,66,86.8,8,10.5
19647330117622,2022,24,21,87.5,0,0.0
19647330117721,2022,108,107,99.1,25,23.1
19647330117747,2022,89,82,92.1,15,16.9
19647330117762,2022,102,99,97.1,16,15.7
19647330117911,2022,31,20,64.5,5,16.1
19647330118588,2022,325,312,96.0,93,28.6
19647330119685,2022,95,93,97.9,20,21.1
19647330119693,2022,111,107,96.4,17,15.3
19647330119727,2022,275,177,64.4,8,2.9
19647330119966,2022,188,178,94.7,11,5.9
19647330120071,2022,64,40,62.5,8,12.5
19647330120360,2022,53,30,56.6,0,0.0
19647330121095,2022,75,69,92.0,9,12.0
19647330121285,2022,117,108,92.3,30,25.6
19647330121293,2022,73,69,94.5,0,0.0
19647330122333,2022,142,137,96.5,5,3.5
19647330122341,2022,75,68,90.7,8,10.7
19647330122358,2022,104,102,98.1,4,3.8
19647330122366,2022,54,50,92.6,6,11.1
19647330122374,2022,70,63,90.0,15,21.4
19647330122382,2022,83,82,98.8,13,15.7
19647330122606,2022,104,96,92.3,8,7.7
19647330122721,2022,70,64,91.4,5,7.1
19647330123133,2022,118,114,96.6,17,14.4
19647330123141,2022,107,104,97.2,10,9.3
19647330124362,2022,247,141,57.1,0,0.0
19647330124370,2022,74,67,90.5,8,10.8
19647330124388,2022,112,100,89.3,16,14.3
19647330124396,2022,105,97,92.4,10,9.5
19647330124404,2022,88,83,94.3,14,15.9
19647330124412,2022,78,75,96.2,6,7.7
19647330124479,2022,253,245,96.8,77,30.4
19647330124487,2022,128,124,96.9,21,16.4
19647330124495,2022,130,128,98.5,27,20.8
19647330124503,2022,118,113,95.8,18,15.3
19647330124511,2022,122,114,93.4,26,21.3
19647330124529,2022,85,66,77.6,4,4.7
19647330124560,2022,110,110,100.0,14,12.7
19647330124891,2022,121,117,96.7,22,18.2
19647330124933,2022,51,46,90.2,5,9.8
19647330124941,2022,128,125,97.7,17,13.3
19647330125864,2022,132,99,75.0,11,8.3
19647330125989,2022,145,142,97.9,7,4.8
19647330126136,2022,128,120,93.8,17,13.3
19647330126474,2022,45,43,95.6,7,15.6
19647330126482,2022,268,250,93.3,74,27.6
19647330126516,2022,163,154,94.5,6,3.7
19647330126524,2022,132,124,93.9,0,0.0
19647330126532,2022,130,121,93.1,12,9.2
19647330126540,2022,140,127,90.7,5,3.6
19647330126557,2022,123,112,91.1,9,7.3
19647330126573,2022,131,130,99.2,29,22.1
19647330126615,2022,104,66,63.5,4,3.8
19647330126623,2022,100,77,77.0,5,5.0
19647330127787,2022,92,82,89.1,0,0.0
19647330127795,2022,97,97,100.0,37,38.1
19647330127803,2022,60,58,96.7,4,6.7
19647330127894,2022,127,120,94.5,9,7.1
19647330127910,2022,115,99,86.1,22,19.1
19647330129536,2022,23,23,100.0,0,0.0
19647330129585,2022,135,134,99.3,18,13.3
19647330129627,2022,100,94,94.0,20,20.0
19647330130997,2022,46,46,100.0,0,0.0
19647330131821,2022,45,41,91.1,10,22.2
19647330132027,2022,128,118,92.2,10,7.8
19647330132084,2022,122,114,93.4,14,11.5
19647330132126,2022,51,48,94.1,10,19.6
19647330132282,2022,102,91,89.2,7,6.9
19647330132928,2022,13,12,92.3,0,0.0
19647330133272,2022,100,96,96.0,5,5.0
19647330133298,2022,65,58,89.2,5,7.7
19647330133603,2022,66,33,50.0,0,0.0
19647330133736,2022,34,13,38.2,0,0.0
19647330133868,2022,115,103,89.6,14,12.2
19647330135632,2022,65,23,35.4,0,0.0
19647330135681,2022,34,31,91.2,12,35.3
19647330135715,2022,105,89,84.8,11,10.5
19647330135723,2022,118,109,92.4,15,12.7
19647330135855,2022,194,186,95.9,8,4.1
19647330137083,2022,30,29,96.7,0,0.0
19647330137091,2022,79,77,97.5,12,15.2
19647330137562,2022,36,30,83.3,12,33.3
19647330137612,2022,63,9,14.3,0,0.0
19647330139055,2022,29,19,65.5,4,13.8
19647330140046,2022,53,50,94.3,12,22.6
19647331930064,2022,25,22,88.0,0,0.0
19647331930296,2022,30,20,66.7,7,23.3
19647331930387,2022,188,145,77.1,59,31.4
19647331930403,2022,18,15,83.3,0,0.0
19647331930429,2022,12,10,83.3,0,0.0
19647331930486,2022,14,10,71.4,0,0.0
19647331930551,2022,67,61,91.0,10,14.9
19647331930577,2022,25,15,60.0,4,16.0
19647331930619,2022,22,16,72.7,11,50.0
19647331930650,2022,515,479,93.0,24,4.7
19647331930692,2022,7,5,71.4,0,0.0
19647331930734,2022,34,22,64.7,0,0.0
19647331930783,2022,6,4,66.7,0,0.0
19647331930791,2022,10,9,90.0,0,0.0
19647331930866,2022,557,529,95.0,23,4.1
19647331930924,2022,117,113,96.6,52,44.4
19647331930940,2022,27,26,96.3,0,0.0
19647331930973,2022,43,32,74.4,0,0.0
19647331931047,2022,680,505,74.3,46,6.8
19647331931336,2022,19,10,52.6,0,0.0
19647331931377,2022,37,23,62.2,7,18.9
19647331931385,2022,6,6,100.0,0,0.0
19647331931393,2022,30,25,83.3,0,0.0
19647331931435,2022,46,30,65.2,7,15.2
19647331931450,2022,59,50,84.7,4,6.8
19647331931468,2022,19,13,68.4,0,0.0
19647331931476,2022,292,257,88.0,43,14.7
19647331931484,2022,26,19,73.1,7,26.9
19647331931500,2022,53,35,66.0,20,37.7
19647331931518,2022,26,18,69.2,6,23.1
19647331931526,2022,310,230,74.2,17,5.5
19647331931534,2022,92,73,79.3,9,9.8
19647331931559,2022,56,43,76.8,6,10.7
19647331931682,2022,32,28,87.5,4,12.5
19647331931690,2022,38,24,63.2,6,15.8
19647331931708,2022,319,195,61.1,26,8.2
19647331931716,2022,43,40,93.0,0,0.0
19647331931856,2022,22,18,81.8,0,0.0
19647331931864,2022,586,361,61.6,65,11.1
19647331931930,2022,20,16,80.0,0,0.0
19647331931955,2022,14,10,71.4,0,0.0
19647331931971,2022,33,23,69.7,5,15.2
19647331931989,2022,15,13,86.7,0,0.0
19647331931997,2022,28,21,75.0,0,0.0
19647331932128,2022,109,100,91.7,15,13.8
19647331932250,2022,33,16,48.5,0,0.0
19647331932318,2022,19,14,73.7,0,0.0
19647331932334,2022,44,24,54.5,18,40.9
19647331932342,2022,26,15,57.7,6,23.1
19647331932383,2022,174,153,87.9,28,16.1
19647331932540,2022,388,199,51.3,12,3.1
19647331932623,2022,934,357,38.2,14,1.5
19647331932821,2022,18,14,77.8,0,0.0
19647331932847,2022,214,108,50.5,0,0.0
19647331932888,2022,199,159,79.9,5,2.5
19647331932920,2022,387,283,73.1,17,4.4
19647331932987,2022,449,422,94.0,47,10.5
19647331933001,2022,350,328,93.7,4,1.1
19647331933043,2022,265,233,87.9,11,4.2
19647331933118,2022,450,441,98.0,69,15.3
19647331933233,2022,218,121,55.5,0,0.0
19647331933241,2022,368,329,89.4,32,8.7
19647331933381,2022,561,538,95.9,23,4.1
19647331933746,2022,1093,577,52.8,19,1.7
19647331933795,2022,366,331,90.4,35,9.6
19647331933852,2022,587,394,67.1,34,5.8
19647331934033,2022,228,204,89.5,13,5.7
19647331934157,2022,347,307,88.5,33,9.5
19647331934371,2022,169,169,100.0,32,18.9
19647331934454,2022,169,160,94.7,45,26.6
19647331935121,2022,238,226,95.0,18,7.6
19647331935352,2022,212,192,90.6,34,16.0
19647331935519,2022,251,241,96.0,78,31.1
19647331935568,2022,441,291,66.0,22,5.0
19647331935865,2022,445,413,92.8,79,17.8
19647331936160,2022,390,306,78.5,23,5.9
19647331936350,2022,589,390,66.2,27,4.6
19647331937085,2022,6,6,100.0,0,0.0
19647331937226,2022,288,252,87.5,41,14.2
19647331937424,2022,353,335,94.9,35,9.9
19647331937622,2022,360,340,94.4,24,6.7
19647331937838,2022,626,382,61.0,24,3.8
19647331938307,2022,426,394,92.5,24,5.6
19647331938554,2022,262,227,86.6,16,6.1
19647331938612,2022,438,231,52.7,4,0.9
19647331938885,2022,303,198,65.3,10,3.3
19647331938968,2022,515,440,85.4,70,13.6
19647331939040,2022,420,286,68.1,11,2.6
19647331939107,2022,280,211,75.4,20,7.1
19647331939305,2022,193,177,91.7,24,12.4
19647331939479,2022,154,106,68.8,0,0.0
19647331939859,2022,332,307,92.5,36,10.8
19647331939941,2022,499,371,74.3,12,2.4
19647331964733,2022,204,91,44.6,41,20.1
19647331995448,2022,330,289,87.6,6,1.8
19647331995794,2022,16,14,87.5,0,0.0
19647331995836,2022,758,198,26.1,5,0.7
19647331996073,2022,83,66,79.5,9,10.8
19647331996115,2022,1861,1217,65.4,183,9.8
19647331996610,2022,61,55,90.2,6,9.8
19647336016885,2022,150,144,96.0,23,15.3
19647336019475,2022,52,49,94.2,0,0.0
19647336019715,2022,183,180,98.4,9,4.9
19647336058002,2022,104,101,97.1,20,19.2
19647336060529,2022,7,7,100.0,0,0.0
19647336061451,2022,157,146,93.0,7,4.5
19647336061600,2022,96,91,94.8,8,8.3
19647336069157,2022,52,30,57.7,4,7.7
19647336116750,2022,100,94,94.0,9,9.0
19647740109538,2022,388,366,94.3,82,21.1
19647740114777,2022,100,93,93.0,28,28.0
19647741935428,2022,65,61,93.8,20,30.8
19647741935436,2022,451,411,91.1,88,19.5
19647901935899,2022,13,11,84.6,4,30.8
19647901935923,2022,352,170,48.3,14,4.0
19647901964790,2022,5,0,0.0,0,0.0
19647901996404,2022,54,41,75.9,0,0.0
19648080124552,2022,116,87,75.0,36,31.0
19648081930155,2022,577,397,68.8,90,15.6
19648081930825,2022,530,441,83.2,152,28.7
19648081935998,2022,523,411,78.6,149,28.5
19648081938927,2022,150,94,62.7,49,32.7
19648081964808,2022,7,0,0.0,0,0.0
19648081996388,2022,12,10,83.3,5,41.7
19648401933647,2022,279,220,78.9,48,17.2
19648401934728,2022,415,189,45.5,8,1.9
19648401936467,2022,515,377,73.2,56,10.9
19648401936475,2022,102,74,72.5,15,14.7
19648401964840,2022,4,0,0.0,0,0.0
19648570112714,2022,211,154,73.0,15,7.1
19648570125377,2022,223,189,84.8,18,8.1
19648650141002,2022,8,0,0.0,0,0.0
19648651933308,2022,20,0,0.0,0,0.0
19648651964865,2022,7,0,0.0,0,0.0
19648651995588,2022,545,51,9.4,26,4.8
19648651996552,2022,369,32,8.7,4,1.1
19648730136705,2022,112,106,94.6,8,7.1
19648731936749,2022,953,906,95.1,161,16.9
19648731936756,2022,97,87,89.7,14,14.4
19648810113464,2022,30,8,26.7,0,0.0
19648810117440,2022,71,56,78.9,0,0.0
19648810118075,2022,66,55,83.3,10,15.2
19648811931062,2022,145,99,68.3,53,36.6
19648811931674,2022,221,168,76.0,11,5.0
19648811936103,2022,175,147,84.0,16,9.1
19648811936806,2022,59,56,94.9,12,20.3
19648811936822,2022,454,328,72.2,30,6.6
19648811964881,2022,15,0,0.0,0,0.0
19649070115170,2022,84,73,86.9,15,17.9
19649071933175,2022,218,208,95.4,53,24.3
19649071933324,2022,352,337,95.7,81,23.0
19649071936772,2022,116,109,94.0,29,25.0
19649071937028,2022,255,230,90.2,56,22.0
19649071964907,2022,12,10,83.3,4,33.3
19649071995901,2022,338,242,71.6,20,5.9
19649071996495,2022,55,53,96.4,11,20.0
19649071996693,2022,95,83,87.4,10,10.5
19649076061634,2022,101,98,97.0,18,17.8
19649076061642,2022,86,80,93.0,13,15.1
19649641937754,2022,187,15,8.0,5,2.7
19649801933373,2022,17,12,70.6,0,0.0
19649801938000,2022,659,206,31.3,35,5.3
19649801995737,2022,98,12,12.2,7,7.1
19650291938455,2022,351,61,17.4,5,1.4
19650521938679,2022,449,168,37.4,51,11.4
19650521995745,2022,30,18,60.0,9,30.0
19650521995976,2022,16,8,50.0,0,0.0
19650600110320,2022,9,6,66.7,0,0.0
19650601936277,2022,416,171,41.1,34,8.2
19650601938083,2022,57,29,50.9,7,12.3
19650601938356,2022,428,71,16.6,19,4.4
19650601938752,2022,490,156,31.8,38,7.8
19650601939602,2022,469,118,25.2,30,6.4
19650601965060,2022,13,9,69.2,0,0.0
19650940112706,2022,462,272,58.9,17,3.7
19650940122432,2022,237,167,70.5,19,8.0
19650940137042,2022,73,39,53.4,0,0.0
19650941938513,2022,68,56,82.4,0,0.0
19650941939537,2022,445,312,70.1,16,3.6
19651281930338,2022,175,155,88.6,35,20.0
19651281931302,2022,625,484,77.4,60,9.6
19651281934868,2022,587,315,53.7,36,6.1
19651281936889,2022,278,245,88.1,32,11.5
19651281937903,2022,417,330,79.1,23,5.5
19651281939701,2022,413,350,84.7,25,6.1
19651281995653,2022,131,114,87.0,10,7.6
19651360102459,2022,462,169,36.6,46,10.0
19651360102475,2022,487,32,6.6,4,0.8
19651360114439,2022,89,46,51.7,8,9.0
19651360117234,2022,57,14,24.6,0,0.0
19651360138727,2022,314,66,21.0,11,3.5
19651361931492,2022,438,122,27.9,21,4.8
19651361931740,2022,571,64,11.2,8,1.4
19651361932532,2022,145,14,9.7,0,0.0
19651361933902,2022,476,136,28.6,47,9.9
19651361934421,2022,219,110,50.2,24,11.0
19651361965136,2022,6,0,0.0,0,0.0
19651361995802,2022,529,33,6.2,9,1.7
19651361996263,2022,83,49,59.0,0,0.0
19651361996321,2022,94,6,6.4,0,0.0
19734370115725,2022,59,54,91.5,13,22.0
19734370132969,2022,144,135,93.8,0,0.0
19734371931567,2022,203,179,88.2,34,16.7
19734371931963,2022,225,199,88.4,44,19.6
19734371932326,2022,461,417,90.5,97,21.0
19734371973437,2022,5,0,0.0,0,0.0
19734371995695,2022,172,157,91.3,44,25.6
19734371996057,2022,38,35,92.1,8,21.1
19734451933316,2022,26,21,80.8,0,0.0
19734451934801,2022,247,218,88.3,36,14.6
19734451935246,2022,400,252,63.0,23,5.8
19734451938935,2022,69,54,78.3,9,13.0
19734451939834,2022,358,215,60.1,29,8.1
19734451939925,2022,208,162,77.9,32,15.4
19734451996560,2022,5,5,100.0,0,0.0
19734520120600,2022,97,50,51.5,0,0.0
19734521930106,2022,81,77,95.1,20,24.7
19734521936228,2022,418,383,91.6,75,17.9
19734521937564,2022,507,334,65.9,46,9.1
19734601932862,2022,650,150,23.1,29,4.5
19734601937747,2022,18,5,27.8,0,0.0
19734601939149,2022,528,137,25.9,24,4.5
19752911975291,2022,5,0,0.0,0,0.0
19752911995810,2022,382,267,69.9,84,22.0
19752911996016,2022,63,43,68.3,5,7.9
19752911996081,2022,21,15,71.4,7,33.3
19753090127100,2022,873,650,74.5,116,13.3
19753090131383,2022,117,93,79.5,10,8.5
19753090131987,2022,143,38,26.6,4,2.8
19753090132654,2022,51,30,58.8,0,0.0
19753090134619,2022,27,20,74.1,0,0.0
19753090135145,2022,50,17,34.0,0,0.0
19753090136531,2022,38,13,34.2,0,0.0
19753090136648,2022,421,321,76.2,52,12.4
19753090137703,2022,39,22,56.4,0,0.0
19753090137786,2022,74,49,66.2,5,6.8
19753091995786,2022,71,38,53.5,0,0.0
19753331935808,2022,561,37,6.6,0,0.0
19753331975333,2022,12,0,0.0,0,0.0
19753411937143,2022,747,101,13.5,9,1.2
19753411995752,2022,24,11,45.8,0,0.0
19756636120158,2022,149,21,14.1,0,0.0
19757131930163,2022,535,339,63.4,62,11.6
19757131934553,2022,557,285,51.2,97,17.4
19757131937697,2022,460,341,74.1,90,19.6
19757131975713,2022,7,4,57.1,6,85.7
19757131995430,2022,65,46,70.8,5,7.7
19768690119016,2022,142,51,35.9,0,0.0
19768690119636,2022,127,68,53.5,0,0.0
19768690128728,2022,33,11,33.3,0,0.0
19768690131128,2022,116,54,46.6,0,0.0
19768690138545,2022,4,0,0.0,0,0.0
19769680109926,2022,65,57,87.7,12,18.5
19772890109942,2022,16,13,81.2,0,0.0
20102072030229,2022,75,66,88.0,14,18.7
20102076077200,2022,7,4,57.1,0,0.0
20652012030047,2022,25,23,92.0,7,28.0
20652012032357,2022,244,206,84.4,34,13.9
20652430110965,2022,502,458,91.2,74,14.7
20652430118950,2022,20,8,40.0,0,0.0
20652430123620,2022,79,77,97.5,18,22.8
20652430131086,2022,6,6,100.0,0,0.0
20652430139691,2022,347,318,91.6,44,12.7
20652432035640,2022,47,40,85.1,0,0.0
20652432035707,2022,421,344,81.7,69,16.4
20755800111443,2022,9,5,55.6,0,0.0
20755800134486,2022,12,5,41.7,0,0.0
20755802030161,2022,17,13,76.5,0,0.0
20755802030203,2022,129,53,41.1,4,3.1
20756060100180,2022,8,6,75.0,0,0.0
20756060117010,2022,36,11,30.6,0,0.0
20756060125021,2022,57,20,35.1,0,0.0
20756060132936,2022,33,20,60.6,0,0.0
20764140115550,2022,5,0,0.0,0,0.0
20764142030013,2022,119,58,48.7,4,3.4
20764142030039,2022,19,13,68.4,0,0.0
20764142030104,2022,13,6,46.2,0,0.0
20764142030237,2022,22,0,0.0,0,0.0
21102152130037,2022,17,11,64.7,5,29.4
21102152130102,2022,10,8,80.0,0,0.0
21102156069504,2022,6,0,0.0,0,0.0
21654172130045,2022,29,12,41.4,0,0.0
21654172132264,2022,31,24,77.4,6,19.4
21654172132272,2022,360,115,31.9,47,13.1
21654172133056,2022,244,72,29.5,20,8.2
21654662133254,2022,46,43,93.5,33,71.7
21654662133262,2022,350,214,61.1,110,31.4
21654662134005,2022,311,137,44.1,62,19.9
21654822130078,2022,33,4,12.1,0,0.0
21654822131340,2022,312,48,15.4,5,1.6
21654822132587,2022,491,30,6.1,13,2.6
21654822133692,2022,376,41,10.9,5,1.3
21654822134419,2022,36,18,50.0,0,0.0
21654822165482,2022,5,0,0.0,0,0.0
21733612134310,2022,39,30,76.9,11,28.2
22655322230035,2022,16,11,68.8,0,0.0
22655322230068,2022,24,19,79.2,0,0.0
22655322230076,2022,4,4,100.0,0,0.0
22655322235356,2022,97,46,47.4,0,0.0
23102310110023,2022,7,7,100.0,0,0.0
23655402330058,2022,9,8,88.9,0,0.0
23655402330900,2022,36,32,88.9,5,13.9
23655576116669,2022,8,5,62.5,0,0.0
23655652330215,2022,16,14,87.5,0,0.0
23655652331361,2022,141,104,73.8,10,7.1
23655812330090,2022,4,0,0.0,0,0.0
23655812333185,2022,45,18,40.0,0,0.0
23655992330108,2022,5,4,80.0,0,0.0
23655992333649,2022,28,21,75.0,0,0.0
23656072330033,2022,9,9,100.0,0,0.0
23656072334563,2022,24,24,100.0,7,29.2
23656150128280,2022,41,32,78.0,0,0.0
23656152330413,2022,20,11,55.0,0,0.0
23656152330454,2022,15,13,86.7,0,0.0
23656152334704,2022,66,60,90.9,14,21.2
23656152335024,2022,389,270,69.4,35,9.0
23656230112300,2022,10,6,60.0,0,0.0
23656230136887,2022,37,18,48.6,0,0.0
23656232330363,2022,6,0,0.0,0,0.0
23656232335487,2022,90,52,57.8,14,15.6
23738662330041,2022,22,14,63.6,4,18.2
23739162332260,2022,26,15,57.7,0,0.0
23752182330207,2022,5,0,0.0,0,0.0
23752182332724,2022,9,6,66.7,0,0.0
24102490106518,2022,40,30,75.0,0,0.0
24102492430056,2022,12,10,83.3,4,33.3
24102492430148,2022,76,64,84.2,11,14.5
24102492430163,2022,67,58,86.6,26,38.8
24102496069199,2022,16,10,62.5,0,0.0
24656982430080,2022,24,23,95.8,10,41.7
24656982432409,2022,159,92,57.9,27,17.0
24657302430064,2022,24,21,87.5,11,45.8
24657302433001,2022,95,78,82.1,19,20.0
24657550119073,2022,49,37,75.5,6,12.2
24657550120923,2022,348,269,77.3,47,13.5
24657552431492,2022,61,57,93.4,11,18.0
24657552434207,2022,364,216,59.3,46,12.6
24657890127373,2022,415,297,71.6,35,8.4
24657892430049,2022,105,93,88.6,8,7.6
24657892430098,2022,456,354,77.6,44,9.6
24657892430205,2022,433,315,72.7,28,6.5
24657892430601,2022,484,389,80.4,59,12.2
24657892433605,2022,281,219,77.9,34,12.1
24657892435204,2022,384,288,75.0,40,10.4
24657892439602,2022,180,162,90.0,33,18.3
24736192430031,2022,12,11,91.7,4,33.3
24736192431807,2022,157,114,72.6,37,23.6
24753172430015,2022,25,24,96.0,5,20.0
24753172431203,2022,160,138,86.2,17,10.6
24753662430114,2022,186,154,82.8,33,17.7
25658962537702,2022,7,5,71.4,0,0.0
25735852530020,2022,9,8,88.9,0,0.0
25735852535409,2022,48,20,41.7,0,0.0
25735934737250,2022,26,19,73.1,11,42.3
26102642630028,2022,4,4,100.0,0,0.0
26736682633006,2022,21,7,33.3,0,0.0
26736682635001,2022,8,4,50.0,0,0.0
26736922630010,2022,81,39,48.1,7,8.6
27102720116491,2022,4,0,0.0,0,0.0
27102722730117,2022,17,13,76.5,0,0.0
27102722730232,2022,38,24,63.2,0,0.0
27102722730265,2022,37,29,78.4,8,21.6
27659872730018,2022,9,5,55.6,0,0.0
27659872730414,2022,221,40,18.1,0,0.0
27660680141010,2022,24,22,91.7,7,29.2
27660682730083,2022,39,36,92.3,6,15.4
27660682730174,2022,335,297,88.7,75,22.4
27660682732170,2022,258,212,82.2,28,10.9
27660920111435,2022,141,92,65.2,17,12.1
27660920112896,2022,4,0,0.0,0,0.0
27660922730240,2022,37,21,56.8,5,13.5
27660922732253,2022,75,66,88.0,24,32.0
27660922732808,2022,344,166,48.3,18,5.2
27660922735348,2022,219,178,81.3,43,19.6
27661342731115,2022,5,0,0.0,0,0.0
27661342733657,2022,133,23,17.3,4,3.0
27661590124610,2022,100,76,76.0,23,23.0
27661590136697,2022,454,336,74.0,60,13.2
27661592730109,2022,680,598,87.9,105,15.4
27661592730166,2022,463,371,80.1,63,13.6
27661592733178,2022,438,341,77.9,73,16.7
27661592734481,2022,92,75,81.5,27,29.3
27661592734556,2022,632,383,60.6,67,10.6
27738252730034,2022,291,251,86.3,36,12.4
27738252730125,2022,39,28,71.8,0,0.0
27738252730141,2022,23,20,87.0,0,0.0
27754400106112,2022,23,19,82.6,6,26.1
27754400141051,2022,29,22,75.9,4,13.8
27754402730190,2022,366,314,85.8,42,11.5
27754732730885,2022,207,185,89.4,65,31.4
28102802830073,2022,5,0,0.0,0,0.0
28102802830099,2022,23,19,82.6,5,21.7
28662412830065,2022,6,5,83.3,0,0.0
28662412831758,2022,72,61,84.7,8,11.1
28662660101964,2022,59,28,47.5,4,6.8
28662660121087,2022,440,174,39.5,31,7.0
28662662830016,2022,445,207,46.5,36,8.1
28662662830115,2022,83,55,66.3,4,4.8
28662662830149,2022,96,76,79.2,18,18.8
28662662835601,2022,393,254,64.6,74,18.8
28662902837102,2022,112,42,37.5,11,9.8
29102980114314,2022,19,11,57.9,0,0.0
29102980126219,2022,78,29,37.2,0,0.0
29102982930147,2022,182,147,80.8,31,17.0
29663570112367,2022,36,6,16.7,0,0.0
29663570124834,2022,36,16,44.4,0,0.0
29663572930030,2022,58,22,37.9,0,0.0
29663572930048,2022,115,31,27.0,0,0.0
29663572930071,2022,79,57,72.2,0,0.0
29663572935500,2022,283,108,38.2,10,3.5
29768776111371,2022,10,6,60.0,0,0.0
30103060126037,2022,140,88,62.9,22,15.7
30103060132910,2022,64,60,93.8,10,15.6
30103060133959,2022,33,12,36.4,10,30.3
30103060133983,2022,94,66,70.2,24,25.5
30103060134239,2022,44,18,40.9,0,0.0
30103060134841,2022,73,58,79.5,13,17.8
30103060138800,2022,4,0,0.0,0,0.0
30103063030426,2022,36,35,97.2,13,36.1
30103063030632,2022,114,39,34.2,4,3.5
30103063030723,2022,397,24,6.0,4,1.0
30103063030764,2022,315,259,82.2,96,30.5
30103066069553,2022,12,4,33.3,0,0.0
30664310140707,2022,34,20,58.8,0,0.0
30664313030038,2022,730,280,38.4,21,2.9
30664313030228,2022,674,568,84.3,109,16.2
30664313030384,2022,204,169,82.8,22,10.8
30664313030616,2022,191,78,40.8,0,0.0
30664313032786,2022,361,317,87.8,113,31.3
30664313033057,2022,611,509,83.3,104,17.0
30664313033115,2022,504,260,51.6,28,5.6
30664313033784,2022,377,306,81.2,79,21.0
30664313034204,2022,302,261,86.4,74,24.5
30664313036712,2022,380,299,78.7,52,13.7
30664313038239,2022,389,318,81.7,74,19.0
30664493030624,2022,47,20,42.6,4,8.5
30664493030640,2022,392,103,26.3,14,3.6
30664640106765,2022,579,228,39.4,15,2.6
30664640113381,2022,725,214,29.5,31,4.3
30664640124131,2022,78,17,21.8,0,0.0
30664643030210,2022,490,143,29.2,27,5.5
30664643030574,2022,727,152,20.9,18,2.5
30664643030756,2022,608,86,14.1,10,1.6
30664643030798,2022,4,0,0.0,0,0.0
30664643035987,2022,82,54,65.9,11,13.4
30664643036001,2022,711,186,26.2,31,4.4
30664643038569,2022,547,150,27.4,20,3.7
30664643066464,2022,17,5,29.4,0,0.0
30664646120356,2022,27,9,33.3,0,0.0
30665143030335,2022,43,24,55.8,10,23.3
30665143030855,2022,446,402,90.1,108,24.2
30665143032505,2022,472,273,57.8,54,11.4
30665143033362,2022,474,270,57.0,45,9.5
30665143033610,2022,255,207,81.2,90,35.3
30665143037090,2022,371,204,55.0,31,8.4
30665143037348,2022,567,275,48.5,29,5.1
30665143037496,2022,562,202,35.9,22,3.9
30665143066514,2022,5,0,0.0,0,0.0
30665223030103,2022,151,128,84.8,68,45.0
30665223030434,2022,423,348,82.3,84,19.9
30665223032752,2022,540,396,73.3,121,22.4
30665223033578,2022,543,394,72.6,92,16.9
30665223033933,2022,392,352,89.8,147,37.5
30665223035581,2022,381,193,50.7,25,6.6
30665223035706,2022,384,315,82.0,103,26.8
30665223036555,2022,496,447,90.1,152,30.6
30665483030145,2022,309,216,69.9,64,20.7
30665483030368,2022,101,39,38.6,6,5.9
30665483031895,2022,463,99,21.4,6,1.3
30665483032158,2022,871,434,49.8,42,4.8
30665483032943,2022,678,191,28.2,8,1.2
30665483034410,2022,554,222,40.1,23,4.2
30665483038445,2022,633,542,85.6,146,23.1
30665483038551,2022,169,126,74.6,38,22.5
30665483066548,2022,4,0,0.0,0,0.0
30665553033206,2022,267,55,20.6,4,1.5
30665970111666,2022,51,22,43.1,0,0.0
30665973030186,2022,39,20,51.3,6,15.4
30665973031697,2022,416,51,12.3,9,2.2
30665973031853,2022,274,146,53.3,56,20.4
30665973032000,2022,220,152,69.1,56,25.5
30665973034907,2022,55,33,60.0,18,32.7
30665973035045,2022,549,171,31.1,34,6.2
30666210118174,2022,16,12,75.0,5,31.2
30666210140293,2022,34,13,38.2,0,0.0
30666213030046,2022,520,74,14.2,9,1.7
30666213031952,2022,522,224,42.9,36,6.9
30666213035409,2022,415,299,72.0,89,21.4
30666213035748,2022,104,65,62.5,32,30.8
30666213038098,2022,506,185,36.6,29,5.7
30666213066621,2022,11,0,0.0,0,0.0
30666470119404,2022,395,109,27.6,8,2.0
30666473030053,2022,345,121,35.1,12,3.5
30666473030483,2022,55,26,47.3,0,0.0
30666473031929,2022,489,173,35.4,23,4.7
30666473031945,2022,94,72,76.6,37,39.4
30666473038023,2022,571,361,63.2,76,13.3
30666473066647,2022,4,0,0.0,0,0.0
30666476119556,2022,32,5,15.6,0,0.0
30666700106567,2022,76,70,92.1,12,15.8
30666700108365,2022,538,331,61.5,52,9.7
30666700114736,2022,553,445,80.5,71,12.8
30666700135897,2022,36,30,83.3,9,25.0
30666703030475,2022,139,117,84.2,56,40.3
30666703030491,2022,372,315,84.7,136,36.6
30666703030608,2022,87,64,73.6,0,0.0
30666703034998,2022,137,116,84.7,61,44.5
30666703035821,2022,349,265,75.9,91,26.1
30666703036357,2022,836,682,81.6,249,29.8
30666703036456,2022,540,466,86.3,208,38.5
30666706115133,2022,90,79,87.8,37,41.1
30736353030061,2022,523,172,32.9,81,15.5
30736353030079,2022,134,87,64.9,52,38.8
30736353030244,2022,331,128,38.7,55,16.6
30736353030392,2022,618,137,22.2,48,7.8
30736353030509,2022,64,16,25.0,0,0.0
30736353034956,2022,426,129,30.3,55,12.9
30736430102871,2022,677,146,21.6,41,6.1
30736433030590,2022,83,28,33.7,4,4.8
30736433032109,2022,553,151,27.3,33,6.0
30736433032919,2022,100,71,71.0,42,42.0
30736433037553,2022,494,322,65.2,124,25.1
30736500133405,2022,463,63,13.6,23,5.0
30736503030129,2022,42,29,69.0,4,9.5
30736503030152,2022,393,80,20.4,25,6.4
30736503030285,2022,510,103,20.2,20,3.9
30736503030467,2022,137,32,23.4,20,14.6
30736503030657,2022,559,82,14.7,25,4.5
30736503035102,2022,489,90,18.4,23,4.7
30736503073650,2022,18,0,0.0,0,0.0
30739243033917,2022,752,121,16.1,9,1.2
30768930130765,2022,34,31,91.2,13,38.2
31103140126904,2022,9,0,0.0,0,0.0
31103143130101,2022,4,0,0.0,0,0.0
31668940102293,2022,34,12,35.3,0,0.0
31668940138081,2022,48,20,41.7,0,0.0
31668943131687,2022,59,34,57.6,0,0.0
31668943131851,2022,170,61,35.9,0,0.0
31668943132453,2022,377,90,23.9,0,0.0
31668943135704,2022,314,127,40.4,32,10.2
31669280116459,2022,419,164,39.1,16,3.8
31669280121418,2022,61,21,34.4,0,0.0
31669280139840,2022,244,33,13.5,5,2.0
31669283130119,2022,105,41,39.0,0,0.0
31669283130176,2022,527,88,16.7,16,3.0
31669283130184,2022,465,52,11.2,6,1.3
31669283130309,2022,62,42,67.7,6,9.7
31669283135308,2022,393,90,22.9,16,4.1
31669283136504,2022,387,123,31.8,24,6.2
31669443130010,2022,110,45,40.9,5,4.5
31669443130077,2022,12,8,66.7,0,0.0
31669443138500,2022,215,50,23.3,5,2.3
31669510135871,2022,21,0,0.0,0,0.0
31669510139246,2022,30,7,23.3,0,0.0
31669513130036,2022,49,17,34.7,6,12.2
31669513130168,2022,162,49,30.2,5,3.1
31669513134657,2022,463,135,29.2,29,6.3
31669513166951,2022,5,0,0.0,0,0.0
31750850108084,2022,514,70,13.6,0,0.0
31750850119487,2022,136,8,5.9,0,0.0
31750853130150,2022,510,87,17.1,8,1.6
31750853130200,2022,45,19,42.2,0,0.0
31750853130218,2022,13,0,0.0,0,0.0
32669693230042,2022,7,0,0.0,0,0.0
32669693230083,2022,37,12,32.4,0,0.0
32669693232006,2022,22,13,59.1,0,0.0
32669693235603,2022,38,29,76.3,0,0.0
32669693236007,2022,44,18,40.9,0,0.0
33103300110833,2022,212,128,60.4,7,3.3
33103300125237,2022,48,40,83.3,8,16.7
33103300128397,2022,194,137,70.6,25,12.9
33103300128777,2022,49,29,59.2,6,12.2
33103300137836,2022,18,5,27.8,0,0.0
33103300137869,2022,23,10,43.5,0,0.0
33103300138602,2022,51,9,17.6,0,0.0
33103300140780,2022,18,14,77.8,0,0.0
33103303330123,2022,62,40,64.5,11,17.7
33103303331055,2022,80,66,82.5,23,28.8
33103306069207,2022,6,0,0.0,0,0.0
33316253330834,2022,22,6,27.3,0,0.0
33669770125732,2022,470,324,68.9,54,11.5
33669770135061,2022,94,93,98.9,39,41.5
33669773330008,2022,352,294,83.5,82,23.3
33669773334299,2022,474,432,91.1,118,24.9
33669773337128,2022,87,82,94.3,34,39.1
33669853330214,2022,255,226,88.6,35,13.7
33669853330222,2022,28,28,100.0,0,0.0
33669853330974,2022,13,11,84.6,0,0.0
33669930129882,2022,88,34,38.6,6,6.8
33669930139360,2022,173,70,40.5,0,0.0
33669933330479,2022,703,377,53.6,41,5.8
33669933330842,2022,68,38,55.9,10,14.7
33670330110106,2022,118,109,92.4,38,32.2
33670330110627,2022,1051,610,58.0,62,5.9
33670330110759,2022,160,86,53.8,0,0.0
33670330135574,2022,238,160,67.2,13,5.5
33670333330131,2022,49,34,69.4,0,0.0
33670333330446,2022,752,526,69.9,88,11.7
33670333330586,2022,232,197,84.9,45,19.4
33670333330701,2022,767,376,49.0,50,6.5
33670333331600,2022,501,404,80.6,87,17.4
33670333334232,2022,473,286,60.5,45,9.5
33670333367033,2022,16,8,50.0,0,0.0
33670580114504,2022,113,70,61.9,14,12.4
33670580118885,2022,418,274,65.6,74,17.7
33670583330388,2022,454,195,43.0,27,5.9
33670583330669,2022,574,350,61.0,40,7.0
33670583330909,2022,86,51,59.3,6,7.0
33670583331113,2022,129,113,87.6,40,31.0
33670583333192,2022,453,365,80.6,118,26.0
33670820106716,2022,70,55,78.6,4,5.7
33670820113159,2022,363,312,86.0,50,13.8
33670820120675,2022,87,33,37.9,0,0.0
33670823330065,2022,164,150,91.5,21,12.8
33670823330503,2022,162,138,85.2,10,6.2
33670823330537,2022,425,365,85.9,51,12.0
33670823332673,2022,544,423,77.8,49,9.0
33670900114157,2022,538,402,74.7,76,14.1
33670903330412,2022,401,325,81.0,82,20.4
33670903334687,2022,151,129,85.4,40,26.5
33670903337136,2022,357,312,87.4,91,25.5
33671160109843,2022,113,19,16.8,0,0.0
33671240128868,2022,182,111,61.0,12,6.6
33671243330396,2022,486,237,48.8,69,14.2
33671243330438,2022,629,261,41.5,62,9.9
33671243330800,2022,94,48,51.1,19,20.2
33671243331071,2022,414,216,52.2,68,16.4
33671243333762,2022,127,101,79.5,24,18.9
33671243333770,2022,472,276,58.5,76,16.1
33671573331014,2022,167,124,74.3,5,3.0
33671730127316,2022,305,292,95.7,47,15.4
33671730133090,2022,112,104,92.9,18,16.1
33671733330578,2022,264,245,92.8,53,20.1
33671733330818,2022,374,349,93.3,88,23.5
33671733331121,2022,313,240,76.7,106,33.9
33671733335130,2022,352,339,96.3,41,11.6
33671810138610,2022,44,33,75.0,5,11.4
33671813331139,2022,62,44,71.0,6,9.7
33671813335759,2022,178,94,52.8,12,6.7
33672070101170,2022,103,93,90.3,15,14.6
33672070113191,2022,581,325,55.9,59,10.2
33672070134981,2022,145,95,65.5,19,13.1
33672073330172,2022,131,81,61.8,26,19.8
33672073330727,2022,792,351,44.3,42,5.3
33672073335973,2022,507,438,86.4,145,28.6
33672073367207,2022,5,0,0.0,0,0.0
33672150115709,2022,244,200,82.0,40,16.4
33672150131359,2022,54,19,35.2,0,0.0
33672153330024,2022,398,319,80.2,48,12.1
33672153330362,2022,45,27,60.0,0,0.0
33672153330511,2022,6,5,83.3,0,0.0
33672153330677,2022,204,156,76.5,37,18.1
33672153330859,2022,686,345,50.3,22,3.2
33672153334406,2022,476,401,84.2,74,15.5
33672153336237,2022,605,397,65.6,51,8.4
33672153336492,2022,483,434,89.9,62,12.8
33672153336955,2022,119,116,97.5,28,23.5
33672493331006,2022,66,57,86.4,0,0.0
33672493337649,2022,152,134,88.2,25,16.4
33672493337656,2022,575,488,84.9,74,12.9
33672496114748,2022,92,55,59.8,0,0.0
33736760100255,2022,501,472,94.2,91,18.2
33736760121673,2022,50,44,88.0,7,14.0
33736763330032,2022,67,63,94.0,20,29.9
33736763330354,2022,90,77,85.6,19,21.1
33736763330990,2022,676,582,86.1,94,13.9
33751760107920,2022,368,263,71.5,21,5.7
33751760116343,2022,186,110,59.1,5,2.7
33751763330115,2022,301,179,59.5,24,8.0
33751763330487,2022,404,205,50.7,10,2.5
33751763332350,2022,368,215,58.4,9,2.4
33751920105734,2022,767,142,18.5,12,1.6
33751923330370,2022,713,181,25.4,16,2.2
33751923330495,2022,99,34,34.3,12,12.1
33751923330636,2022,123,31,25.2,0,0.0
33751923330743,2022,666,195,29.3,17,2.6
33751923330917,2022,75,9,12.0,0,0.0
33751923375192,2022,4,0,0.0,0,0.0
33752000100420,2022,879,268,30.5,24,2.7
33752000102079,2022,79,31,39.2,0,0.0
33752000118794,2022,517,200,38.7,19,3.7
33752003330529,2022,577,158,27.4,14,2.4
33752420109108,2022,352,314,89.2,49,13.9
33752420123190,2022,82,77,93.9,6,7.3
33752420133306,2022,603,483,80.1,38,6.3
33752423330552,2022,423,324,76.6,22,5.2
33752423330560,2022,201,183,91.0,65,32.3
34103480106229,2022,5,0,0.0,0,0.0
34103480106237,2022,67,55,82.1,12,17.9
34103480106245,2022,108,84,77.8,18,16.7
34103480106278,2022,41,27,65.9,0,0.0
34103480118745,2022,137,90,65.7,23,16.8
34103480136275,2022,27,17,63.0,0,0.0
34322763990025,2022,13,11,84.6,4,30.8
34322765637780,2022,12,4,33.3,0,0.0
34673140105916,2022,574,316,55.1,54,9.4
34673140108753,2022,611,156,25.5,13,2.1
34673140116897,2022,486,151,31.1,26,5.3
34673140137281,2022,98,56,57.1,9,9.2
34673143430170,2022,336,230,68.5,64,19.0
34673143430311,2022,68,48,70.6,6,8.8
34673143430329,2022,56,34,60.7,7,12.5
34673143430352,2022,157,101,64.3,17,10.8
34673143430477,2022,397,269,67.8,100,25.2
34673143430592,2022,515,220,42.7,40,7.8
34673143430618,2022,596,273,45.8,67,11.2
34673143430873,2022,648,156,24.1,26,4.0
34673143432002,2022,28,22,78.6,12,42.9
34673143432572,2022,418,126,30.1,19,4.5
34673143467314,2022,9,6,66.7,0,0.0
34673146112254,2022,62,21,33.9,0,0.0
34673220127860,2022,9,0,0.0,0,0.0
34673300113571,2022,413,15,3.6,0,0.0
34673300140699,2022,12,7,58.3,0,0.0
34673303430501,2022,97,21,21.6,8,8.2
34673303430709,2022,23,4,17.4,4,17.4
34673303431533,2022,403,160,39.7,71,17.6
34673303433216,2022,592,62,10.5,11,1.9
34673303434792,2022,32,16,50.0,0,0.0
34673550119131,2022,268,114,42.5,23,8.6
34673553432903,2022,32,20,62.5,6,18.8
34673553433471,2022,225,121,53.8,18,8.0
34674133430469,2022,10,4,40.0,0,0.0
34674134835302,2022,88,48,54.5,8,9.1
34674135731708,2022,81,44,54.3,6,7.4
34674210132019,2022,7,0,0.0,0,0.0
34674210137950,2022,80,59,73.8,16,20.0
34674390101881,2022,39,26,66.7,9,23.1
34674390101899,2022,70,28,40.0,4,5.7
34674390101907,2022,45,22,48.9,0,0.0
34674390101972,2022,355,203,57.2,47,13.2
34674390102038,2022,87,60,69.0,0,0.0
34674390108951,2022,55,43,78.2,9,16.4
34674390114546,2022,77,46,59.7,4,5.2
34674390137406,2022,209,172,82.3,28,13.4
34674393430154,2022,107,88,82.2,22,20.6
34674393430519,2022,111,83,74.8,4,3.6
34674393430865,2022,191,110,57.6,0,0.0
34674393431012,2022,384,310,80.7,101,26.3
34674393434636,2022,380,312,82.1,129,33.9
34674393434768,2022,493,256,51.9,45,9.1
34674393435419,2022,535,286,53.5,86,16.1
34674393467439,2022,18,14,77.8,0,0.0
34674396061832,2022,31,18,58.1,0,0.0
34674470121467,2022,62,43,69.4,15,24.2
34674470135772,2022,23,5,21.7,0,0.0
34674473430048,2022,189,115,60.8,12,6.3
34674473430097,2022,60,34,56.7,6,10.0
34674473430386,2022,88,33,37.5,4,4.5
34674473430394,2022,10,7,70.0,0,0.0
34674473430493,2022,439,98,22.3,15,3.4
34674473430691,2022,168,101,60.1,20,11.9
34674473430717,2022,1049,466,44.4,96,9.2
34674473430758,2022,59,23,39.0,0,0.0
34674473431111,2022,261,85,32.6,10,3.8
34674473432051,2022,376,137,36.4,32,8.5
34674473432317,2022,282,123,43.6,29,10.3
34674473432838,2022,164,129,78.7,64,39.0
34674473435930,2022,386,202,52.3,85,22.0
34674473436714,2022,444,96,21.6,50,11.3
34674473438504,2022,122,83,68.0,22,18.0
34674473467447,2022,24,11,45.8,0,0.0
34739733430378,2022,290,170,58.6,15,5.2
34739733430451,2022,56,42,75.0,8,14.3
34752830102236,2022,559,261,46.7,32,5.7
34752830112425,2022,151,58,38.4,9,6.0
34752830126060,2022,92,49,53.3,0,0.0
34752833430584,2022,260,182,70.0,48,18.5
34752833430626,2022,74,51,68.9,15,20.3
34752833430659,2022,122,30,24.6,0,0.0
34765050101832,2022,98,73,74.5,44,44.9
34765050108415,2022,91,57,62.6,9,9.9
34765050108795,2022,47,29,61.7,8,17.0
34765050108837,2022,74,60,81.1,14,18.9
34765050114272,2022,42,29,69.0,0,0.0
34765053430261,2022,58,53,91.4,18,31.0
34765053430634,2022,229,199,86.9,34,14.8
34765053430881,2022,94,90,95.7,31,33.0
34765053433265,2022,264,240,90.9,66,25.0
34765053433794,2022,447,399,89.3,111,24.8
34765053434370,2022,142,135,95.1,33,23.2
34765053436979,2022,340,280,82.4,52,15.3
34765053476505,2022,6,4,66.7,0,0.0
35675383530029,2022,36,31,86.1,17,47.2
35675383537008,2022,812,429,52.8,84,10.3
35752593530060,2022,78,34,43.6,10,12.8
36103630107466,2022,142,99,69.7,26,18.3
36103633630431,2022,40,24,60.0,9,22.5
36103633630761,2022,392,189,48.2,15,3.8
36103636069348,2022,34,26,76.5,4,11.8
36675870128462,2022,61,54,88.5,0,0.0
36676113630712,2022,67,59,88.1,4,6.0
36676113630803,2022,330,216,65.5,36,10.9
36676373630290,2022,28,20,71.4,6,21.4
36676373631066,2022,148,97,65.5,19,12.8
36676520126243,2022,38,22,57.9,0,0.0
36676523630225,2022,595,325,54.6,25,4.2
36676523630373,2022,867,384,44.3,20,2.3
36676523630571,2022,747,324,43.4,34,4.6
36676523630845,2022,5,5,100.0,0,0.0
36676523631058,2022,683,244,35.7,22,3.2
36676523631157,2022,508,374,73.6,22,4.3
36676523632205,2022,783,674,86.1,118,15.1
36676523633906,2022,703,657,93.5,68,9.7
36676523634482,2022,538,485,90.1,46,8.6
36676523637659,2022,202,182,90.1,33,16.3
36676523667652,2022,11,7,63.6,0,0.0
36676783630035,2022,356,200,56.2,40,11.2
36676783630522,2022,673,166,24.7,12,1.8
36676783631017,2022,671,159,23.7,29,4.3
36676783631181,2022,5,0,0.0,0,0.0
36676783631587,2022,11,11,100.0,0,0.0
36676783631769,2022,122,80,65.6,24,19.7
36676783632502,2022,438,251,57.3,29,6.6
36676860125500,2022,371,231,62.3,27,7.3
36676863631322,2022,455,361,79.3,70,15.4
36676863632742,2022,396,306,77.3,54,13.6
36676863636131,2022,153,130,85.0,30,19.6
36677100108191,2022,552,288,52.2,39,7.1
36677100120758,2022,469,352,75.1,80,17.1
36677103630019,2022,137,114,83.2,24,17.5
36677103630480,2022,195,149,76.4,41,21.0
36677103630555,2022,469,320,68.2,82,17.5
36677103630902,2022,493,369,74.8,67,13.6
36677103633302,2022,532,474,89.1,99,18.6
36677360116723,2022,79,42,53.2,6,7.6
36677360128439,2022,61,36,59.0,0,0.0
36677360130948,2022,33,21,63.6,0,0.0
36677360136069,2022,133,38,28.6,0,0.0
36677360136937,2022,101,78,77.2,19,18.8
36677360139576,2022,19,10,52.6,0,0.0
36677773630217,2022,49,38,77.6,0,0.0
36677773636743,2022,172,116,67.4,9,5.2
36677773638616,2022,248,151,60.9,13,5.2
36678013630266,2022,8,5,62.5,0,0.0
36678013634169,2022,65,46,70.8,0,0.0
36678270113928,2022,178,120,67.4,15,8.4
36678270137174,2022,52,46,88.5,7,13.5
36678270137182,2022,170,117,68.8,23,13.5
36678270137190,2022,158,131,82.9,20,12.7
36678270137208,2022,90,79,87.8,16,17.8
36678270137216,2022,56,48,85.7,6,10.7
36678270137224,2022,76,50,65.8,0,0.0
36678270137232,2022,32,27,84.4,6,18.8
36678430118802,2022,471,293,62.2,23,4.9
36678430127837,2022,11,5,45.5,0,0.0
36678433630779,2022,417,271,65.0,22,5.3
36678433630928,2022,36,4,11.1,0,0.0
36678433634995,2022,165,150,90.9,27,16.4
36678433635042,2022,507,330,65.1,38,7.5
36678433667843,2022,77,52,67.5,6,7.8
36678500102830,2022,557,405,72.7,63,11.3
36678503630159,2022,151,137,90.7,52,34.4
36678503630530,2022,110,96,87.3,17,15.5
36678503630597,2022,698,604,86.5,138,19.8
36678503633005,2022,535,475,88.8,122,22.8
36678683630241,2022,29,18,62.1,7,24.1
36678683635265,2022,224,110,49.1,10,4.5
36678760107730,2022,13,10,76.9,0,0.0
36678760109850,2022,49,35,71.4,6,12.2
36678760120568,2022,215,170,79.1,27,12.6
36678760125450,2022,386,352,91.2,51,13.2
36678760136952,2022,159,139,87.4,12,7.5
36678763630308,2022,269,249,92.6,18,6.7
36678763630548,2022,23,21,91.3,0,0.0
36678763630993,2022,65,46,70.8,18,27.7
36678763631082,2022,614,550,89.6,87,14.2
36678763631090,2022,55,49,89.1,0,0.0
36678763632221,2022,646,501,77.6,42,6.5
36678763632809,2022,256,229,89.5,71,27.7
36678763634680,2022,204,188,92.2,30,14.7
36678763635844,2022,321,296,92.2,50,15.6
36678763636081,2022,390,332,85.1,28,7.2
36678763667876,2022,17,14,82.4,0,0.0
36678923636487,2022,21,14,66.7,0,0.0
36679340110064,2022,160,141,88.1,0,0.0
36679340125419,2022,457,398,87.1,36,7.9
36679340137638,2022,70,65,92.9,14,20.0
36679340138123,2022,99,82,82.8,8,8.1
36679340140202,2022,40,39,97.5,0,0.0
36679343630100,2022,35,33,94.3,6,17.1
36679343630670,2022,139,109,78.4,18,12.9
36679343630787,2022,490,419,85.5,63,12.9
36679343638012,2022,440,401,91.1,76,17.3
36679346114698,2022,165,133,80.6,5,3.0
36679590101410,2022,36,30,83.3,0,0.0
36679593633351,2022,70,52,74.3,4,5.7
36679593638509,2022,632,310,49.1,39,6.2
36738583630076,2022,10,8,80.0,5,50.0
36738903630274,2022,55,30,54.5,0,0.0
36738903630282,2022,14,8,57.1,0,0.0
36738903631199,2022,15,5,33.3,0,0.0
36739573630233,2022,418,259,62.0,27,6.5
36739573630365,2022,104,81,77.9,18,17.3
36739573630589,2022,47,37,78.7,0,0.0
36750440107516,2022,56,46,82.1,8,14.3
36750440114389,2022,59,27,45.8,0,0.0
36750440115444,2022,118,77,65.3,29,24.6
36750440116707,2022,93,40,43.0,4,4.3
36750440119115,2022,553,310,56.1,78,14.1
36750443630407,2022,449,325,72.4,107,23.8
36750443630472,2022,234,165,70.5,57,24.4
36750443630746,2022,390,235,60.3,62,15.9
36750443630811,2022,60,42,70.0,8,13.3
36750510115089,2022,123,40,32.5,0,0.0
36750510136432,2022,477,360,75.5,45,9.4
36750510136960,2022,53,19,35.8,0,0.0
36750510137794,2022,113,32,28.3,0,0.0
36750510139188,2022,141,59,41.8,0,0.0
36750513630563,2022,44,42,95.5,0,0.0
36750693630456,2022,106,94,88.7,14,13.2
36750693637584,2022,742,486,65.5,39,5.3
36750773630423,2022,516,290,56.2,33,6.4
36750773630894,2022,413,294,71.2,40,9.7
36750773631009,2022,70,47,67.1,6,8.6
36750773631207,2022,98,40,40.8,0,0.0
37103710115998,2022,14,14,100.0,0,0.0
37103710120493,2022,11,10,90.9,4,36.4
37103710128520,2022,130,111,85.4,48,36.9
37103710128538,2022,44,37,84.1,8,18.2
37103710134577,2022,30,8,26.7,0,0.0
37103710137752,2022,29,10,34.5,0,0.0
37103710138792,2022,8,6,75.0,0,0.0
37103711996545,2022,10,6,60.0,0,0.0
37103716119119,2022,82,38,46.3,0,0.0
37679830134890,2022,581,364,62.7,75,12.9
37679833730447,2022,32,27,84.4,10,31.2
37680230138073,2022,41,21,51.2,0,0.0
37680236037980,2022,136,92,67.6,16,11.8
37680236115778,2022,109,82,75.2,8,7.3
37680313731478,2022,263,15,5.7,0,0.0
37680490129221,2022,80,21,26.2,0,0.0
37680490132506,2022,138,62,44.9,4,2.9
37680490136416,2022,154,66,42.9,0,0.0
37680490136614,2022,113,90,79.6,13,11.5
37681060111195,2022,294,34,11.6,0,0.0
37681060127241,2022,179,118,65.9,6,3.4
37681060137034,2022,8,0,0.0,0,0.0
37681063730058,2022,507,327,64.5,90,17.8
37681063731023,2022,257,96,37.4,0,0.0
37681063732054,2022,124,90,72.6,41,33.1
37681063732062,2022,465,380,81.7,89,19.1
37681063735313,2022,447,394,88.1,62,13.9
37681223730967,2022,33,20,60.6,0,0.0
37681223732179,2022,398,279,70.1,48,12.1
37681223732195,2022,54,47,87.0,12,22.2
37681300128793,2022,17,11,64.7,0,0.0
37681300128819,2022,5,5,100.0,0,0.0
37681300132548,2022,64,33,51.6,8,12.5
37681300139063,2022,32,16,50.0,0,0.0
37681303730066,2022,495,292,59.0,67,13.5
37681303730702,2022,378,141,37.3,7,1.9
37681303731262,2022,510,242,47.5,41,8.0
37681303731536,2022,26,13,50.0,0,0.0
37681303731692,2022,334,309,92.5,120,35.9
37681303731809,2022,381,192,50.4,27,7.1
37681303732336,2022,543,292,53.8,28,5.2
37681303732559,2022,19,16,84.2,5,26.3
37681303732625,2022,577,300,52.0,59,10.2
37681303732732,2022,575,341,59.3,17,3.0
37681303734548,2022,398,323,81.2,53,13.3
37681303734761,2022,316,234,74.1,65,20.6
37681303737905,2022,412,181,43.9,18,4.4
37681556117303,2022,6,0,0.0,0,0.0
37681630128421,2022,6,5,83.3,0,0.0
37681630137109,2022,84,61,72.6,12,14.3
37681630138628,2022,5,0,0.0,0,0.0
37681630139402,2022,38,23,60.5,16,42.1
37681633731239,2022,11,0,0.0,0,0.0
37681713733219,2022,21,9,42.9,0,0.0
37681893731072,2022,40,4,10.0,0,0.0
37682130123224,2022,83,33,39.8,5,6.0
37682130127084,2022,39,28,71.8,6,15.4
37682130129668,2022,41,30,73.2,5,12.2
37682130136978,2022,41,10,24.4,0,0.0
37682130138636,2022,9,6,66.7,0,0.0
37682133730934,2022,10,6,60.0,6,60.0
37682133730991,2022,12,7,58.3,0,0.0
37682133734878,2022,103,54,52.4,27,26.2
37682960118935,2022,608,54,8.9,7,1.2
37682963730074,2022,440,80,18.2,10,2.3
37682963730819,2022,571,76,13.3,16,2.8
37682963731528,2022,560,48,8.6,5,0.9
37682963735842,2022,66,26,39.4,4,6.1
37682963735867,2022,579,142,24.5,30,5.2
37682963768296,2022,6,0,0.0,0,0.0
37683040102178,2022,11,0,0.0,0,0.0
37683040131250,2022,29,4,13.8,0,0.0
37683043735958,2022,62,39,62.9,10,16.1
37683043735974,2022,333,97,29.1,15,4.5
37683380106732,2022,98,34,34.7,4,4.1
37683380106799,2022,18,4,22.2,0,0.0
37683380107029,2022,265,145,54.7,13,4.9
37683380107052,2022,115,83,72.2,36,31.3
37683380107078,2022,70,44,62.9,4,5.7
37683380107086,2022,77,55,71.4,5,6.5
37683380107094,2022,63,38,60.3,6,9.5
37683380107102,2022,72,53,73.6,9,12.5
37683380107177,2022,249,218,87.6,59,23.7
37683380107219,2022,203,148,72.9,39,19.2
37683380107482,2022,25,9,36.0,0,0.0
37683380108787,2022,90,37,41.1,4,4.4
37683380114025,2022,327,284,86.9,112,34.3
37683380114462,2022,160,120,75.0,25,15.6
37683380118315,2022,26,23,88.5,0,0.0
37683380118851,2022,65,61,93.8,27,41.5
37683380119610,2022,168,157,93.5,33,19.6
37683380120410,2022,73,37,50.7,7,9.6
37683380122788,2022,49,22,44.9,0,0.0
37683380124347,2022,9,8,88.9,5,55.6
37683380126938,2022,4,0,0.0,0,0.0
37683380127647,2022,110,80,72.7,25,22.7
37683380131979,2022,69,59,85.5,17,24.6
37683380135913,2022,27,19,70.4,12,44.4
37683380136663,2022,39,32,82.1,18,46.2
37683383730173,2022,292,148,50.7,4,1.4
37683383730181,2022,506,252,49.8,35,6.9
37683383730231,2022,218,154,70.6,54,24.8
37683383730314,2022,406,203,50.0,11,2.7
37683383730371,2022,177,59,33.3,0,0.0
37683383730751,2022,40,9,22.5,0,0.0
37683383730884,2022,477,79,16.6,4,0.8
37683383730959,2022,253,133,52.6,15,5.9
37683383731130,2022,5,4,80.0,0,0.0
37683383731189,2022,104,97,93.3,4,3.8
37683383731213,2022,191,105,55.0,16,8.4
37683383731247,2022,118,46,39.0,0,0.0
37683383731395,2022,40,16,40.0,0,0.0
37683383732781,2022,645,199,30.9,18,2.8
37683383732997,2022,507,456,89.9,96,18.9
37683383733508,2022,294,63,21.4,7,2.4
37683383733698,2022,227,173,76.2,8,3.5
37683383734431,2022,293,114,38.9,14,4.8
37683383734654,2022,385,275,71.4,34,8.8
37683383735750,2022,419,160,38.2,11,2.6
37683383737962,2022,84,58,69.0,15,17.9
37683383768338,2022,12,7,58.3,0,0.0
37683386040083,2022,12,8,66.7,0,0.0
37683386061964,2022,137,86,62.8,0,0.0
37683460106328,2022,627,92,14.7,8,1.3
37683463730033,2022,638,126,19.7,35,5.5
37683463731007,2022,371,90,24.3,19,5.1
37683463737384,2022,45,16,35.6,0,0.0
37683463737418,2022,568,149,26.2,14,2.5
37684030125401,2022,56,35,62.5,7,12.5
37684036120893,2022,294,175,59.5,20,6.8
37684110111831,2022,522,129,24.7,31,5.9
37684110140939,2022,137,79,57.7,30,21.9
37684113730124,2022,416,363,87.3,157,37.7
37684113730405,2022,527,203,38.5,42,8.0
37684113730801,2022,310,240,77.4,104,33.5
37684113730843,2022,708,185,26.1,46,6.5
37684113731064,2022,526,359,68.3,175,33.3
37684113731155,2022,15,13,86.7,0,0.0
37684113731304,2022,56,38,67.9,39,69.6
37684113731460,2022,10,9,90.0,0,0.0
37684113731502,2022,621,458,73.8,271,43.6
37684113731627,2022,602,235,39.0,47,7.8
37684113732047,2022,87,61,70.1,36,41.4
37684113732849,2022,432,246,56.9,78,18.1
37684113733953,2022,334,209,62.6,58,17.4
37684113738226,2022,757,606,80.1,211,27.9
37684113738234,2022,411,299,72.7,126,30.7
37684113768411,2022,256,152,59.4,40,15.6
37684520106120,2022,314,244,77.7,63,20.1
37684520114264,2022,61,38,62.3,5,8.2
37684520115451,2022,125,112,89.6,13,10.4
37684520118430,2022,376,145,38.6,0,0.0
37684520124917,2022,14,6,42.9,0,0.0
37684520126300,2022,40,30,75.0,0,0.0
37684523730728,2022,386,225,58.3,20,5.2
37684523730942,2022,126,82,65.1,4,3.2
37684523732039,2022,65,55,84.6,10,15.4
37684523738705,2022,453,342,75.5,60,13.2
37684523768452,2022,4,0,0.0,0,0.0
37735510127423,2022,324,72,22.2,13,4.0
37735513730017,2022,40,21,52.5,8,20.0
37735513730694,2022,547,120,21.9,17,3.1
37735513731163,2022,20,4,20.0,0,0.0
37735690136267,2022,122,23,18.9,0,0.0
37735690140079,2022,101,73,72.3,0,0.0
37735693731221,2022,119,56,47.1,13,10.9
37735693735206,2022,421,297,70.5,38,9.0
37735693739018,2022,653,405,62.0,40,6.1
37735693739026,2022,113,99,87.6,20,17.7
37735693773569,2022,4,0,0.0,0,0.0
37737910105726,2022,671,250,37.3,43,6.4
37737910138222,2022,13,10,76.9,0,0.0
37737913730215,2022,82,53,64.6,22,26.8
37737913730793,2022,32,10,31.2,0,0.0
37737913737632,2022,856,233,27.2,47,5.5
37754160132472,2022,52,27,51.9,0,0.0
37754160138651,2022,34,20,58.8,5,14.7
37754160139378,2022,13,0,0.0,0,0.0
37754160139386,2022,48,10,20.8,0,0.0
37754160139451,2022,49,30,61.2,4,8.2
37754163730975,2022,12,10,83.3,4,33.3
37754166119275,2022,10,10,100.0,0,0.0
37756143731114,2022,263,155,58.9,39,14.8
37756143731312,2022,59,49,83.1,19,32.2
37756143731601,2022,25,17,68.0,0,0.0
37764710114678,2022,152,59,38.8,13,8.6
37764710114694,2022,98,41,41.8,0,0.0
37764710137067,2022,101,40,39.6,0,0.0
37768510129320,2022,52,28,53.8,10,19.2
37770990136077,2022,34,18,52.9,0,0.0
37771070136473,2022,48,26,54.2,0,0.0
38103893810389,2022,14,0,0.0,0,0.0
38103893830395,2022,29,11,37.9,26,89.7
38103893830445,2022,11,6,54.5,0,0.0
38103896069561,2022,11,0,0.0,0,0.0
38684780102103,2022,52,40,76.9,12,23.1
38684780107300,2022,69,41,59.4,12,17.4
38684780118133,2022,14,8,57.1,0,0.0
38684780118141,2022,81,57,70.4,0,0.0
38684780119875,2022,66,48,72.7,66,100.0
38684780119958,2022,83,47,56.6,15,18.1
38684780127530,2022,70,59,84.3,18,25.7
38684783830031,2022,25,15,60.0,0,0.0
38684783830064,2022,45,32,71.1,14,31.1
38684783830197,2022,63,23,36.5,8,12.7
38684783830205,2022,150,81,54.0,13,8.7
38684783830254,2022,272,174,64.0,72,26.5
38684783830288,2022,303,180,59.4,52,17.2
38684783830387,2022,168,32,19.0,0,0.0
38684783830403,2022,120,100,83.3,84,70.0
38684783830411,2022,77,61,79.2,16,20.8
38684783830429,2022,13,10,76.9,0,0.0
38684783830437,2022,119,65,54.6,8,6.7
38684783831765,2022,470,291,61.9,94,20.0
38684783833241,2022,496,255,51.4,79,15.9
38684783833407,2022,666,254,38.1,0,0.0
38684783834082,2022,264,152,57.6,95,36.0
38684783834769,2022,141,89,63.1,35,24.8
38684783839081,2022,503,234,46.5,45,8.9
39103970120717,2022,37,21,56.8,0,0.0
39103973930195,2022,11,7,63.6,0,0.0
39103973930468,2022,351,260,74.1,72,20.5
39103973930476,2022,210,133,63.3,25,11.9
39685020126011,2022,7,0,0.0,0,0.0
39685023930054,2022,20,18,90.0,0,0.0
39685023932308,2022,173,75,43.4,8,4.6
39685693933793,2022,48,35,72.9,9,18.8
39685693933801,2022,719,375,52.2,68,9.5
39685770118307,2022,16,11,68.8,0,0.0
39685773933959,2022,189,94,49.7,16,8.5
39685850101956,2022,151,49,32.5,0,0.0
39685850108225,2022,442,314,71.0,71,16.1
39685850122580,2022,88,61,69.3,8,9.1
39685850139261,2022,11,6,54.5,0,0.0
39685853930237,2022,418,228,54.5,23,5.5
39685853930278,2022,62,45,72.6,11,17.7
39685853930344,2022,86,53,61.6,11,12.8
39685853930443,2022,55,31,56.4,0,0.0
39685853934759,2022,442,291,65.8,77,17.4
39685853934767,2022,73,56,76.7,14,19.2
39685853934783,2022,478,244,51.0,46,9.6
39685853968585,2022,6,4,66.7,0,0.0
39685930101576,2022,306,221,72.2,56,18.3
39685930112565,2022,47,42,89.4,20,42.6
39685930116376,2022,359,205,57.1,36,10.0
39685933930310,2022,422,177,41.9,33,7.8
39685933932001,2022,380,191,50.3,48,12.6
39685933935103,2022,422,229,54.3,68,16.1
39685933935111,2022,106,78,73.6,17,16.0
39686270126755,2022,61,45,73.8,12,19.7
39686270127191,2022,203,112,55.2,13,6.4
39686270129916,2022,24,7,29.2,0,0.0
39686270133116,2022,71,43,60.6,5,7.0
39686270136028,2022,48,32,66.7,15,31.2
39686270136135,2022,82,43,52.4,0,0.0
39686276119309,2022,100,49,49.0,6,6.0
39686500125849,2022,172,61,35.5,12,7.0
39686500128215,2022,11,10,90.9,0,0.0
39686503935756,2022,221,61,27.6,10,4.5
39686760108159,2022,596,443,74.3,96,16.1
39686760115402,2022,60,51,85.0,15,25.0
39686760118497,2022,94,49,52.1,9,9.6
39686760119743,2022,107,66,61.7,0,0.0
39686760119784,2022,34,27,79.4,0,0.0
39686760120733,2022,51,23,45.1,4,7.8
39686760123802,2022,101,79,78.2,9,8.9
39686760124248,2022,47,33,70.2,0,0.0
39686763930211,2022,101,90,89.1,24,23.8
39686763930427,2022,95,78,82.1,4,4.2
39686763932100,2022,648,554,85.5,146,22.5
39686763932654,2022,538,447,83.1,132,24.5
39686763937406,2022,460,374,81.3,73,15.9
39754990102392,2022,117,23,19.7,0,0.0
39754990114140,2022,58,36,62.1,17,29.3
39754990119040,2022,335,131,39.1,23,6.9
39754990139949,2022,72,35,48.6,8,11.1
39754993930302,2022,518,273,52.7,65,12.5
39754993930393,2022,7,6,85.7,0,0.0
39754993938008,2022,465,186,40.0,61,13.1
39767600128967,2022,481,63,13.1,30,6.2
40104050101725,2022,99,79,79.8,18,18.2
40104054030078,2022,4,0,0.0,0,0.0
40104054030250,2022,19,17,89.5,0,0.0
40687004030102,2022,59,24,40.7,0,0.0
40687004030151,2022,38,21,55.3,0,0.0
40687004030755,2022,259,124,47.9,19,7.3
40687590125328,2022,64,27,42.2,0,0.0
40687590140194,2022,54,37,68.5,0,0.0
40687594030268,2022,194,128,66.0,11,5.7
40687594030557,2022,428,198,46.3,14,3.3
40687594033205,2022,78,67,85.9,8,10.3
40688094030045,2022,29,22,75.9,6,20.7
40688094034807,2022,186,97,52.2,7,3.8
40688094036703,2022,408,119,29.2,21,5.1
40688334037008,2022,22,17,77.3,4,18.2
40688414030128,2022,7,4,57.1,0,0.0
40688414030185,2022,38,12,31.6,0,0.0
40688414037701,2022,160,20,12.5,0,0.0
40754570119354,2022,40,25,62.5,0,0.0
40754574035754,2022,437,245,56.1,40,9.2
40754574035762,2022,79,62,78.5,14,17.7
40754654030144,2022,5,5,100.0,0,0.0
40754654032009,2022,35,23,65.7,0,0.0
41104130113332,2022,8,0,0.0,0,0.0
41104130135269,2022,33,21,63.6,13,39.4
41104134130076,2022,4,0,0.0,0,0.0
41688904130027,2022,13,9,69.2,4,30.8
41688904132817,2022,241,106,44.0,21,8.7
41689160112284,2022,86,33,38.4,6,7.0
41689240127548,2022,109,26,23.9,7,6.4
41689244133393,2022,323,130,40.2,64,19.8
41689244135075,2022,123,31,25.2,5,4.1
41689244137535,2022,195,45,23.1,7,3.6
41689244137592,2022,30,13,43.3,8,26.7
41689244137790,2022,323,110,34.1,60,18.6
41689404135331,2022,17,12,70.6,7,41.2
41690470129759,2022,141,10,7.1,0,0.0
41690470135814,2022,92,63,68.5,42,45.7
41690474130217,2022,442,76,17.2,14,3.2
41690474130472,2022,368,47,12.8,8,2.2
41690474130738,2022,261,97,37.2,39,14.9
41690474133070,2022,424,117,27.6,72,17.0
41690474134557,2022,288,63,21.9,9,3.1
41690474136370,2022,392,165,42.1,71,18.1
41690474169047,2022,8,0,0.0,0,0.0
41690620112722,2022,105,63,60.0,15,14.3
41690620119503,2022,92,76,82.6,17,18.5
41690620126722,2022,67,61,91.0,21,31.3
41690620138420,2022,79,31,39.2,12,15.2
41690624130993,2022,582,58,10.0,18,3.1
41690624133716,2022,533,194,36.4,85,15.9
41690624135687,2022,84,62,73.8,31,36.9
41690624136693,2022,470,218,46.4,85,18.1
41690624138053,2022,422,161,38.2,61,14.5
41690704130324,2022,50,25,50.0,9,18.0
41690704132551,2022,296,90,30.4,10,3.4
41690704137279,2022,279,123,44.1,37,13.3
42104214230157,2022,9,6,66.7,0,0.0
42104214230207,2022,4,0,0.0,0,0.0
42691120111773,2022,69,23,33.3,0,0.0
42691120124255,2022,19,0,0.0,0,0.0
42691120137877,2022,7,0,0.0,0,0.0
42691120137885,2022,15,0,0.0,0,0.0
42691464230587,2022,162,118,72.8,27,16.7
42692294230454,2022,213,94,44.1,0,0.0
42692294233029,2022,16,14,87.5,0,0.0
42692294233060,2022,364,252,69.2,30,8.2
42692600116434,2022,157,47,29.9,0,0.0
42693100102285,2022,760,613,80.7,105,13.8
42693104231452,2022,211,168,79.6,59,28.0
42693104234613,2022,597,389,65.2,52,8.7
42693104236030,2022,717,689,96.1,152,21.2
42693284230074,2022,5,0,0.0,0,0.0
42693284236345,2022,178,53,29.8,7,3.9
42750100138891,2022,10,4,40.0,0,0.0
42750104231205,2022,14,12,85.7,0,0.0
42767860120402,2022,54,41,75.9,10,18.5
42767864231726,2022,481,209,43.5,16,3.3
42767864232690,2022,45,41,91.1,13,28.9
42767864235230,2022,501,284,56.7,25,5.0
42767864235727,2022,508,279,54.9,31,6.1
42771980138362,2022,47,30,63.8,4,8.5
42772060138370,2022,21,16,76.2,0,0.0
42772140138388,2022,7,0,0.0,0,0.0
42772220138396,2022,34,13,38.2,0,0.0
43104390113431,2022,120,38,31.7,4,3.3
43104390123257,2022,51,38,74.5,9,17.6
43104390123794,2022,91,24,26.4,7,7.7
43104390128090,2022,97,21,21.6,6,6.2
43104390135087,2022,185,143,77.3,46,24.9
43104394330254,2022,14,6,42.9,0,0.0
43104394330320,2022,11,8,72.7,0,0.0
43104396069371,2022,6,0,0.0,0,0.0
43694014330239,2022,426,70,16.4,4,0.9
43694014330759,2022,88,67,76.1,18,20.5
43694014330866,2022,442,130,29.4,11,2.5
43694014331955,2022,288,212,73.6,28,9.7
43694014336137,2022,356,166,46.6,26,7.3
43694014338505,2022,420,163,38.8,6,1.4
43694014369401,2022,59,23,39.0,0,0.0
43694270107151,2022,32,29,90.6,0,0.0
43694270116889,2022,144,106,73.6,14,9.7
43694270125427,2022,67,34,50.7,20,29.9
43694270125617,2022,111,91,82.0,50,45.0
43694270130856,2022,93,76,81.7,35,37.6
43694270131995,2022,75,61,81.3,45,60.0
43694270132274,2022,111,95,85.6,43,38.7
43694274330015,2022,468,242,51.7,109,23.3
43694274330023,2022,556,86,15.5,26,4.7
43694274330031,2022,661,236,35.7,126,19.1
43694274330312,2022,43,25,58.1,9,20.9
43694274330353,2022,45,24,53.3,12,26.7
43694274330361,2022,77,50,64.9,23,29.9
43694274330668,2022,100,86,86.0,35,35.0
43694274330692,2022,721,88,12.2,30,4.2
43694274332318,2022,81,59,72.8,22,27.2
43694274332995,2022,429,239,55.7,137,31.9
43694274333639,2022,202,137,67.8,44,21.8
43694274334900,2022,294,185,62.9,74,25.2
43694274335204,2022,374,171,45.7,69,18.4
43694274335428,2022,323,204,63.2,107,33.1
43694274335907,2022,452,89,19.7,27,6.0
43694274337903,2022,571,181,31.7,67,11.7
43694274369427,2022,9,4,44.4,0,0.0
43694684331799,2022,555,72,13.0,23,4.1
43694684332474,2022,546,199,36.4,115,21.1
43694684333316,2022,583,76,13.0,42,7.2
43694684334421,2022,448,23,5.1,7,1.6
43694684334462,2022,481,31,6.4,14,2.9
43694840114496,2022,63,33,52.4,0,0.0
43694840118380,2022,366,153,41.8,34,9.3
43694844332839,2022,414,244,58.9,68,16.4
43694844334850,2022,85,57,67.1,21,24.7
43695344334371,2022,537,31,5.8,8,1.5
43695344337762,2022,300,4,1.3,0,0.0
43695830102368,2022,407,109,26.8,27,6.6
43695834333951,2022,263,93,35.4,24,9.1
43695834334488,2022,45,31,68.9,11,24.4
43696094334116,2022,534,91,17.0,14,2.6
43696094334728,2022,576,74,12.8,46,8.0
43696094334736,2022,27,17,63.0,0,0.0
43696414332904,2022,478,42,8.8,10,2.1
43696414335782,2022,538,46,8.6,4,0.7
43696414369641,2022,4,0,0.0,0,0.0
43696416048300,2022,6,4,66.7,0,0.0
43696664330080,2022,242,124,51.2,33,13.6
43696664330502,2022,66,36,54.5,15,22.7
43696664330585,2022,133,101,75.9,33,24.8
43696664330593,2022,17,5,29.4,0,0.0
43696664332110,2022,85,61,71.8,33,38.8
43696664333522,2022,410,32,7.8,4,1.0
43696664333795,2022,425,232,54.6,76,17.9
43696664335949,2022,380,78,20.5,21,5.5
43696664337200,2022,223,140,62.8,63,28.3
43696664338950,2022,399,127,31.8,45,11.3
43696664369666,2022,5,0,0.0,0,0.0
43696740135970,2022,31,9,29.0,0,0.0
43696744330122,2022,434,134,30.9,39,9.0
43696744330247,2022,45,23,51.1,5,11.1
43696744338406,2022,95,54,56.8,24,25.3
43696744338802,2022,482,157,32.6,60,12.4
43733870140673,2022,15,6,40.0,0,0.0
43733874331039,2022,46,25,54.3,5,10.9
43733874334470,2022,714,201,28.2,88,12.3
43771490137315,2022,81,48,59.3,17,21.0
44104474430146,2022,18,8,44.4,9,50.0
44104474430252,2022,91,7,7.7,0,0.0
44104474430278,2022,230,82,35.7,34,14.8
44697990105858,2022,302,256,84.8,46,15.2
44697990117804,2022,61,50,82.0,9,14.8
44697990140335,2022,26,16,61.5,5,19.2
44697994430203,2022,13,9,69.2,4,30.8
44697994430229,2022,20,12,60.0,0,0.0
44697994430245,2022,14,10,71.4,0,0.0
44697994430518,2022,311,117,37.6,14,4.5
44697994437794,2022,81,68,84.0,31,38.3
44697994437901,2022,531,461,86.8,108,20.3
44698070110007,2022,151,33,21.9,4,2.6
44698074430179,2022,25,4,16.0,0,0.0
44698074436754,2022,145,35,24.1,0,0.0
44698234430096,2022,27,10,37.0,5,18.5
44698234430187,2022,28,4,14.3,0,0.0
44698234430195,2022,13,5,38.5,0,0.0
44698234432340,2022,261,102,39.1,38,14.6
44698234436960,2022,37,16,43.2,10,27.0
44698234437109,2022,229,54,23.6,5,2.2
44698234437406,2022,195,48,24.6,8,4.1
44754320139410,2022,49,16,32.7,0,0.0
44754324430211,2022,170,11,6.5,0,0.0
45104540129957,2022,33,18,54.5,0,0.0
45104540132647,2022,34,20,58.8,0,0.0
45104544530150,2022,6,4,66.7,0,0.0
45698564530028,2022,153,76,49.7,4,2.6
45698564530051,2022,62,42,67.7,0,0.0
45698564530333,2022,14,7,50.0,0,0.0
45698564530762,2022,53,37,69.8,0,0.0
45698564530804,2022,100,75,75.0,5,5.0
45699480139543,2022,23,8,34.8,0,0.0
45699710135848,2022,29,17,58.6,0,0.0
45699894530226,2022,7,5,71.4,0,0.0
45699894531000,2022,29,13,44.8,0,0.0
45699894533600,2022,42,18,42.9,0,0.0
45701100135889,2022,14,7,50.0,0,0.0
45701360106013,2022,123,25,20.3,0,0.0
45701364530044,2022,291,99,34.0,0,0.0
45701364530200,2022,101,54,53.5,4,4.0
45701364530267,2022,74,27,36.5,0,0.0
45701364530309,2022,74,25,33.8,0,0.0
45701364532750,2022,226,148,65.5,13,5.8
45701364537304,2022,261,85,32.6,0,0.0
45701690136440,2022,38,14,36.8,0,0.0
45752674530077,2022,46,41,89.1,0,0.0
45752674530101,2022,20,16,80.0,0,0.0
45752674530176,2022,10,9,90.0,0,0.0
45752674531901,2022,129,79,61.2,0,0.0
46701774634259,2022,25,6,24.0,0,0.0
47104700117168,2022,52,37,71.2,0,0.0
47104700137372,2022,13,12,92.3,0,0.0
47702504732707,2022,12,10,83.3,0,0.0
47704664734356,2022,14,13,92.9,0,0.0
47704664735403,2022,62,37,59.7,0,0.0
47704664738753,2022,50,31,62.0,0,0.0
47705164730024,2022,34,24,70.6,0,0.0
47705164739207,2022,148,46,31.1,4,2.7
47736844731253,2022,13,6,46.2,0,0.0
47764554730107,2022,10,10,100.0,0,0.0
47764554733309,2022,41,24,58.5,0,0.0
48104880139030,2022,11,7,63.6,0,0.0
48104884830071,2022,9,6,66.7,0,0.0
48104886089668,2022,21,16,76.2,0,0.0
48705244830048,2022,40,15,37.5,0,0.0
48705244831004,2022,346,76,22.0,8,2.3
48705324830055,2022,44,33,75.0,12,27.3
48705324832259,2022,224,82,36.6,35,15.6
48705400125310,2022,51,22,43.1,0,0.0
48705404830170,2022,527,125,23.7,5,0.9
48705404830451,2022,484,285,58.9,42,8.7
48705404833000,2022,353,228,64.6,45,12.7
48705404836003,2022,164,115,70.1,10,6.1
48705654830022,2022,52,25,48.1,0,0.0
48705654830162,2022,9,6,66.7,0,0.0
48705654838801,2022,384,148,38.5,12,3.1
48705730135095,2022,131,63,48.1,4,3.1
48705734830089,2022,388,132,34.0,10,2.6
48705734830113,2022,107,20,18.7,0,0.0
48705734837803,2022,435,124,28.5,13,3.0
48705814830147,2022,388,283,72.9,48,12.4
48705814830196,2022,108,51,47.2,7,6.5
48705814838058,2022,56,41,73.2,12,21.4
48705814838504,2022,348,249,71.6,80,23.0
49104964910496,2022,4,4,100.0,0,0.0
49104964930343,2022,16,8,50.0,0,0.0
49104966069413,2022,4,0,0.0,0,0.0
49706074930327,2022,31,16,51.6,0,0.0
49706074930400,2022,369,130,35.2,7,1.9
49706564930848,2022,7,4,57.1,0,0.0
49706564930855,2022,98,56,57.1,5,5.1
49707060129981,2022,18,12,66.7,0,0.0
49707220139048,2022,15,9,60.0,0,0.0
49707306120588,2022,29,15,51.7,0,0.0
49707970107284,2022,85,44,51.8,5,5.9
49708390138065,2022,62,21,33.9,0,0.0
49708540132357,2022,9,7,77.8,0,0.0
49708624930012,2022,432,169,39.1,28,6.5
49708624930103,2022,11,4,36.4,0,0.0
49708624930111,2022,13,6,46.2,0,0.0
49708624930236,2022,12,5,41.7,0,0.0
49708624935151,2022,286,86,30.1,11,3.8
49708624935862,2022,37,25,67.6,5,13.5
49708624970862,2022,5,0,0.0,0,0.0
49708700106344,2022,17,7,41.2,0,0.0
49709040101923,2022,226,191,84.5,46,20.4
49709204930160,2022,258,145,56.2,91,35.3
49709204930244,2022,366,76,20.8,0,0.0
49709204934154,2022,388,165,42.5,23,5.9
49709204935292,2022,312,178,57.1,42,13.5
49709204935607,2022,137,73,53.3,23,16.8
49709204936803,2022,387,140,36.2,27,7.0
49709204970920,2022,17,5,29.4,0,0.0
49709534930152,2022,27,20,74.1,7,25.9
49709534937256,2022,280,144,51.4,19,6.8
49709614930319,2022,26,0,0.0,0,0.0
49738820123786,2022,81,22,27.2,0,0.0
49738824930046,2022,23,9,39.1,4,17.4
49738824930384,2022,83,7,8.4,0,0.0
49738824935482,2022,388,105,27.1,38,9.8
49753580138263,2022,22,14,63.6,0,0.0
49753584930228,2022,354,177,50.0,15,4.2
49753584930269,2022,9,7,77.8,0,0.0
49753904930251,2022,17,16,94.1,5,29.4
49753904932554,2022,139,90,64.7,13,9.4
50105040131235,2022,36,28,77.8,6,16.7
50105045030069,2022,17,12,70.6,0,0.0
50105045030085,2022,27,24,88.9,0,0.0
50105045030226,2022,32,28,87.5,4,12.5
50105045030234,2022,33,9,27.3,0,0.0
50105046069546,2022,8,8,100.0,0,0.0
50710430107136,2022,39,14,35.9,0,0.0
50710430108076,2022,496,399,80.4,79,15.9
50710435030168,2022,75,49,65.3,12,16.0
50710435030200,2022,75,60,80.0,18,24.0
50710435030879,2022,387,310,80.1,44,11.4
50710685030267,2022,56,36,64.3,0,0.0
50710685031521,2022,65,42,64.6,4,6.2
50710926112965,2022,27,5,18.5,0,0.0
50711346113286,2022,22,4,18.2,0,0.0
50711670138057,2022,68,33,48.5,4,5.9
50711750110593,2022,629,285,45.3,22,3.5
50711750120212,2022,51,29,56.9,7,13.7
50711750121129,2022,502,280,55.8,30,6.0
50711755030010,2022,380,213,56.1,25,6.6
50711755030135,2022,433,343,79.2,78,18.0
50711755031380,2022,536,420,78.4,135,25.2
50711755031802,2022,542,421,77.7,90,16.6
50711755034905,2022,617,514,83.3,104,16.9
50711755034913,2022,147,119,81.0,15,10.2
50711755071175,2022,5,0,0.0,0,0.0
50712170133124,2022,52,28,53.8,11,21.2
50712175030127,2022,63,41,65.1,16,25.4
50712175036256,2022,409,275,67.2,97,23.7
50736015030036,2022,8,8,100.0,4,50.0
50736015030184,2022,4,0,0.0,0,0.0
50736015035902,2022,256,147,57.4,40,15.6
50755495032651,2022,171,97,56.7,9,5.3
50755495032669,2022,28,18,64.3,7,25.0
50755560112573,2022,39,26,66.7,10,25.6
50755565036850,2022,148,87,58.8,32,21.6
50755645030176,2022,20,5,25.0,0,0.0
50755645030192,2022,18,8,44.4,0,0.0
50755645031950,2022,49,30,61.2,5,10.2
50755645035654,2022,382,118,30.9,18,4.7
50755720117689,2022,18,15,83.3,0,0.0
50755725030259,2022,143,118,82.5,21,14.7
50755725030317,2022,81,46,56.8,4,4.9
50757390124669,2022,33,14,42.4,0,0.0
50757390131185,2022,32,25,78.1,11,34.4
50757395030283,2022,484,222,45.9,53,11.0
50757395036884,2022,123,88,71.5,42,34.1
50757395037700,2022,626,287,45.8,107,17.1
51105120114207,2022,8,6,75.0,0,0.0
51105120138040,2022,10,0,0.0,0,0.0
51105126069454,2022,7,5,71.4,0,0.0
51713735132758,2022,90,21,23.3,0,0.0
51713995130059,2022,15,13,86.7,0,0.0
51713995130067,2022,13,9,69.2,0,0.0
51713995135256,2022,143,92,64.3,14,9.8
51714070109793,2022,164,58,35.4,7,4.3
51714150129007,2022,139,84,60.4,7,5.0
51714230132977,2022,20,8,40.0,0,0.0
51714495130042,2022,13,7,53.8,0,0.0
51714495137500,2022,217,44,20.3,9,4.1
51714560133934,2022,95,42,44.2,5,5.3
51714640107722,2022,421,304,72.2,44,10.5
51714645130018,2022,74,71,95.9,10,13.5
51714645130075,2022,73,57,78.1,4,5.5
51714645130125,2022,26,21,80.8,0,0.0
51714645139001,2022,404,289,71.5,50,12.4
52105205230016,2022,5,0,0.0,0,0.0
52105206119671,2022,39,21,53.8,0,0.0
52715060137414,2022,14,8,57.1,0,0.0
52715065231675,2022,25,21,84.0,7,28.0
52715065231709,2022,260,171,65.8,53,20.4
52715220132597,2022,9,5,55.6,0,0.0
52715715235106,2022,43,27,62.8,0,0.0
52716395237151,2022,119,94,79.0,14,11.8
52716395237201,2022,317,197,62.1,12,3.8
53105380125633,2022,32,25,78.1,0,0.0
53738335330030,2022,4,4,100.0,0,0.0
53738335337423,2022,10,4,40.0,0,0.0
53750285337407,2022,19,16,84.2,0,0.0
53765135330014,2022,12,10,83.3,0,0.0
53765135337456,2022,89,48,53.9,0,0.0
54105460119602,2022,65,4,6.2,0,0.0
54105465430061,2022,19,12,63.2,10,52.6
54105465430327,2022,37,30,81.1,10,27.0
54105465430343,2022,6,4,66.7,0,0.0
54105466119291,2022,13,4,30.8,0,0.0
54718030112458,2022,72,42,58.3,0,0.0
54718035430301,2022,24,22,91.7,6,25.0
54718110139477,2022,25,13,52.0,0,0.0
54718370109009,2022,104,75,72.1,8,7.7
54718605430095,2022,10,6,60.0,5,50.0
54718605430806,2022,26,19,73.1,12,46.2
54718605433230,2022,260,220,84.6,66,25.4
54719930124776,2022,7,7,100.0,0,0.0
54719935430194,2022,31,30,96.8,15,48.4
54719935430236,2022,4,4,100.0,0,0.0
54719935432414,2022,245,227,92.7,38,15.5
54721400136507,2022,147,109,74.1,12,8.2
54722490107649,2022,10,9,90.0,0,0.0
54722490116368,2022,351,270,76.9,45,12.8
54722490130708,2022,71,58,81.7,5,7.0
54722490133793,2022,124,116,93.5,27,21.8
54722495430145,2022,14,12,85.7,0,0.0
54722495435409,2022,399,305,76.4,44,11.0
54722495435466,2022,461,385,83.5,47,10.2
54722560109751,2022,196,136,69.4,16,8.2
54722560120659,2022,44,21,47.7,5,11.4
54722560139212,2022,4,0,0.0,0,0.0
54722565430046,2022,418,253,60.5,48,11.5
54722565430368,2022,445,216,48.5,30,6.7
54722565432828,2022,374,239,63.9,50,13.4
54722565434527,2022,565,234,41.4,25,4.4
54722565435839,2022,212,164,77.4,42,19.8
54753255430210,2022,174,162,93.1,44,25.3
54753255430277,2022,28,28,100.0,12,42.9
54755230114348,2022,155,132,85.2,27,17.4
54755230116590,2022,126,96,76.2,7,5.6
54755230137968,2022,27,20,74.1,0,0.0
54755235430251,2022,248,235,94.8,66,26.6
54755235430624,2022,61,58,95.1,22,36.1
54755235432786,2022,528,428,81.1,75,14.2
54755235434113,2022,554,474,85.6,100,18.1
54755235434931,2022,67,60,89.6,27,40.3
54755310102186,2022,43,37,86.0,15,34.9
54755315431119,2022,28,26,92.9,9,32.1
54755315431184,2022,506,427,84.4,106,20.9
54767945436258,2022,24,23,95.8,9,37.5
54767945436282,2022,161,129,80.1,17,10.6
54768365430087,2022,24,15,62.5,0,0.0
54768365431598,2022,186,107,57.5,9,4.8
54768365431614,2022,19,16,84.2,0,0.0
55105535530118,2022,11,6,54.5,0,0.0
55723895530019,2022,37,16,43.2,0,0.0
55723895530043,2022,47,20,42.6,0,0.0
55723895536503,2022,169,51,30.2,4,2.4
55724130112276,2022,54,22,40.7,0,0.0
55724135530191,2022,31,7,22.6,0,0.0
55724135536750,2022,102,41,40.2,0,0.0
55751845530076,2022,19,9,47.4,0,0.0
55751845530084,2022,21,5,23.8,0,0.0
56105610109900,2022,368,248,67.4,30,8.2
56105610122713,2022,28,0,0.0,0,0.0
56105610135780,2022,16,12,75.0,0,0.0
56105610135798,2022,4,0,0.0,0,0.0
56105615630223,2022,16,16,100.0,6,37.5
56105615630397,2022,16,10,62.5,4,25.0
56724540124750,2022,14,12,85.7,0,0.0
56724545630173,2022,50,46,92.0,0,0.0
56724545632021,2022,226,169,74.8,14,6.2
56724705630363,2022,17,6,35.3,0,0.0
56725200139626,2022,6,5,83.3,0,0.0
56725205630405,2022,5,0,0.0,0,0.0
56725205631817,2022,16,10,62.5,0,0.0
56725205634076,2022,163,65,39.9,6,3.7
56725460120634,2022,67,18,26.9,6,9.0
56725460125674,2022,166,98,59.0,14,8.4
56725460131698,2022,182,28,15.4,0,0.0
56725460136804,2022,28,18,64.3,0,0.0
56725465630066,2022,149,115,77.2,53,35.6
56725465630389,2022,741,646,87.2,159,21.5
56725465631619,2022,466,97,20.8,15,3.2
56725465631742,2022,715,626,87.6,157,22.0
56725465632849,2022,526,475,90.3,110,20.9
56725465634548,2022,658,472,71.7,47,7.1
56725465634761,2022,524,347,66.2,71,13.5
56725465672546,2022,9,4,44.4,0,0.0
56725530139592,2022,49,32,65.3,0,0.0
56726035630249,2022,118,50,42.4,6,5.1
56726035630322,2022,249,82,32.9,0,0.0
56726035634993,2022,75,43,57.3,17,22.7
56726035635008,2022,428,180,42.1,30,7.0
56726035636188,2022,456,111,24.3,24,5.3
56726525630272,2022,54,50,92.6,16,29.6
56726525630298,2022,61,18,29.5,0,0.0
56726525630348,2022,239,77,32.2,7,2.9
56726525630793,2022,427,213,49.9,31,7.3
56726525637822,2022,503,274,54.5,59,11.7
56737590123349,2022,74,14,18.9,0,0.0
56737595630108,2022,50,33,66.0,0,0.0
56737595630116,2022,532,94,17.7,18,3.4
56737595633748,2022,526,102,19.4,35,6.7
56737595637004,2022,460,103,22.4,14,3.0
56737595673759,2022,6,0,0.0,0,0.0
56738745630132,2022,320,49,15.3,0,0.0
56738745630199,2022,11,0,0.0,0,0.0
56738745630256,2022,46,9,19.6,0,0.0
56739400121426,2022,24,0,0.0,0,0.0
56739405630371,2022,33,4,12.1,0,0.0
56739405633250,2022,434,126,29.0,14,3.2
56768285635776,2022,352,298,84.7,50,14.2
56768285636170,2022,67,49,73.1,19,28.4
57105790113787,2022,4,0,0.0,0,0.0
57105796077275,2022,10,5,50.0,0,0.0
57726780119578,2022,94,16,17.0,0,0.0
57726785730098,2022,37,10,27.0,0,0.0
57726785732201,2022,579,99,17.1,28,4.8
57726785732219,2022,27,18,66.7,0,0.0
57726865730056,2022,4,4,100.0,0,0.0
57726865732904,2022,81,63,77.8,9,11.1
57726940135939,2022,36,25,69.4,0,0.0
57726945735154,2022,498,329,66.1,30,6.0
57726945739552,2022,33,30,90.9,0,0.0
57727020139436,2022,19,9,47.4,0,0.0
57727025730049,2022,14,9,64.3,4,28.6
57727025738505,2022,134,79,59.0,25,18.7
57727100101162,2022,363,232,63.9,38,10.5
57727105738802,2022,290,204,70.3,16,5.5
57727105738810,2022,70,55,78.6,9,12.9
58105870113274,2022,10,10,100.0,0,0.0
58105875830047,2022,6,4,66.7,0,0.0
58105875830112,2022,28,24,85.7,0,0.0
58727286115935,2022,43,24,55.8,0,0.0
58727360131599,2022,13,9,69.2,0,0.0
58727365830013,2022,237,174,73.4,47,19.8
58727365830054,2022,90,69,76.7,14,15.6
58727365830096,2022,93,76,81.7,24,25.8
58727365830138,2022,57,23,40.4,0,0.0
58727365835202,2022,220,125,56.8,15,6.8
58727690133751,2022,18,16,88.9,0,0.0
58727695838305,2022,239,168,70.3,6,2.5
01100170112607,2023,47,41,87.2,15,31.9
01100170130401,2023,17,12,70.6,0,0.0
01100170130419,2023,9,9,100.0,0,0.0
01100170130625,2023,40,32,80.0,23,57.5
01100170136101,2023,30,9,30.0,4,13.3
01100170136226,2023,36,25,69.4,0,0.0
01316090131755,2023,8,4,50.0,0,0.0
01316170131763,2023,37,37,100.0,0,0.0
01611190106401,2023,31,17,54.8,0,0.0
01611190119222,2023,29,21,72.4,5,17.2
01611190130229,2023,440,139,31.6,16,3.6
01611190130609,2023,49,11,22.4,4,8.2
01611190132142,2023,222,110,49.5,9,4.1
01611190134304,2023,39,33,84.6,6,15.4
01611270130294,2023,4,0,0.0,0,0.0
01611270130450,2023,268,73,27.2,8,3.0
01611430131177,2023,782,194,24.8,34,4.3
01611430134924,2023,21,17,81.0,0,0.0
01611430161143,2023,6,0,0.0,0,0.0
01611500132225,2023,659,246,37.3,35,5.3
01611500133876,2023,20,8,40.0,0,0.0
01611500135533,2023,70,52,74.3,12,17.1
01611680132746,2023,40,27,67.5,0,0.0
01611760130062,2023,564,84,14.9,23,4.1
01611760130138,2023,90,57,63.3,18,20.0
01611760130435,2023,16,5,31.2,0,0.0
01611760130534,2023,84,39,46.4,8,9.5
01611760134270,2023,550,97,17.6,32,5.8
01611760134452,2023,315,127,40.3,44,14.0
01611760135244,2023,465,34,7.3,0,0.0
01611760138693,2023,439,129,29.4,63,14.4
01611920108670,2023,144,78,54.2,14,9.7
01611920127944,2023,51,34,66.7,7,13.7
01611920133009,2023,56,46,82.1,12,21.4
01611920133629,2023,458,312,68.1,42,9.2
01611920135319,2023,465,327,70.3,56,12.0
01611920137646,2023,105,75,71.4,16,15.2
01611920138339,2023,419,320,76.4,179,42.7
01612000130393,2023,24,8,33.3,0,0.0
01612000132670,2023,89,58,65.2,22,24.7
01612000133397,2023,533,124,23.3,29,5.4
01612000134536,2023,444,145,32.7,28,6.3
01612000161200,2023,5,0,0.0,0,0.0
01612340130054,2023,358,164,45.8,53,14.8
01612340130484,2023,14,10,71.4,0,0.0
01612340135426,2023,37,28,75.7,8,21.6
01612420110460,2023,62,48,77.4,15,24.2
01612420126763,2023,73,43,58.9,10,13.7
01612420134668,2023,729,359,49.2,64,8.8
01612590100065,2023,84,78,92.9,31,36.9
01612590100701,2023,71,63,88.7,9,12.7
01612590106906,2023,53,44,83.0,9,17.0
01612590108944,2023,74,71,95.9,19,25.7
01612590110189,2023,71,64,90.1,0,0.0
01612590111856,2023,93,73,78.5,10,10.8
01612590112797,2023,66,63,95.5,16,24.2
01612590114868,2023,97,87,89.7,20,20.6
01612590115238,2023,96,88,91.7,26,27.1
01612590115667,2023,63,55,87.3,63,100.0
01612590118224,2023,66,61,92.4,12,18.2
01612590118653,2023,18,16,88.9,0,0.0
01612590119859,2023,5,0,0.0,0,0.0
01612590125161,2023,149,130,87.2,55,36.9
01612590125716,2023,244,217,88.9,105,43.0
01612590126748,2023,86,67,77.9,33,38.4
01612590129932,2023,36,5,13.9,0,0.0
01612590130146,2023,43,23,53.5,22,51.2
01612590130179,2023,16,15,93.8,0,0.0
01612590130575,2023,66,59,89.4,17,25.8
01612590130617,2023,66,44,66.7,22,33.3
01612590130666,2023,65,50,76.9,13,20.0
01612590132688,2023,31,26,83.9,9,29.0
01612590134015,2023,50,49,98.0,16,32.0
01612590135905,2023,339,288,85.0,75,22.1
01612590136051,2023,442,272,61.5,27,6.1
01612590137943,2023,400,279,69.8,48,12.0
01612590161259,2023,7,5,71.4,0,0.0
01612593030772,2023,94,16,17.0,0,0.0
01612596066450,2023,104,99,95.2,28,26.9
01612596114011,2023,113,86,76.1,29,25.7
01612750130286,2023,17,0,0.0,0,0.0
01612750136515,2023,189,5,2.6,0,0.0
01612910134528,2023,80,70,87.5,24,30.0
01612910137588,2023,604,452,74.8,124,20.5
01612910141473,2023,21,14,66.7,0,0.0
01613090111799,2023,19,14,73.7,0,0.0
01613090114421,2023,156,109,69.9,19,12.2
01613090130849,2023,395,283,71.6,31,7.8
01613090137745,2023,46,43,93.5,12,26.1
01613090137810,2023,346,307,88.7,105,30.3
01750930132704,2023,886,72,8.1,18,2.0
01750930138453,2023,19,6,31.6,0,0.0
01750930141515,2023,8,0,0.0,0,0.0
01750930175093,2023,8,0,0.0,0,0.0
01751010130096,2023,566,46,8.1,13,2.3
01751010130252,2023,27,18,66.7,5,18.5
01751010130583,2023,662,55,8.3,17,2.6
01771800138289,2023,55,38,69.1,13,23.6
03739810330019,2023,28,22,78.6,0,0.0
03739810330050,2023,25,11,44.0,0,0.0
03739810330753,2023,156,53,34.0,0,0.0
03739810334755,2023,134,57,42.5,0,0.0
04100410114991,2023,115,49,42.6,0,0.0
04100410129817,2023,7,7,100.0,0,0.0
04100410134213,2023,22,21,95.5,0,0.0
04100410430090,2023,19,15,78.9,0,0.0
04614080430827,2023,51,29,56.9,0,0.0
04614240111039,2023,10,6,60.0,0,0.0
04614240120394,2023,94,38,40.4,0,0.0
04614240123976,2023,4,0,0.0,0,0.0
04614240137828,2023,17,12,70.6,0,0.0
04614240141069,2023,40,22,55.0,0,0.0
04614240430199,2023,14,10,71.4,0,0.0
04614240431502,2023,52,42,80.8,0,0.0
04614240431676,2023,478,252,52.7,20,4.2
04614240437558,2023,408,190,46.6,8,2.0
04614320433201,2023,72,34,47.2,5,6.9
04615070121509,2023,4,0,0.0,0,0.0
04615150434803,2023,324,250,77.2,15,4.6
04615150435602,2023,220,185,84.1,9,4.1
04615150437566,2023,38,36,94.7,0,0.0
04615310121715,2023,19,15,78.9,0,0.0
04615310432856,2023,19,16,84.2,0,0.0
04615310437350,2023,105,64,61.0,0,0.0
04615316112585,2023,23,14,60.9,0,0.0
04755070433946,2023,18,14,77.8,0,0.0
04755070433953,2023,146,95,65.1,10,6.8
05100580530048,2023,6,5,83.3,0,0.0
05100580530154,2023,37,18,48.6,0,0.0
05100589010745,2023,4,4,100.0,0,0.0
05615560530014,2023,34,17,50.0,0,0.0
05615560532507,2023,125,54,43.2,0,0.0
05615640530022,2023,29,18,62.1,0,0.0
05615640530055,2023,28,21,75.0,0,0.0
05615640531509,2023,147,58,39.5,0,0.0
06100660630111,2023,6,6,100.0,0,0.0
06615980630012,2023,14,12,85.7,5,35.7
06615980630046,2023,14,11,78.6,0,0.0
06615980631259,2023,99,61,61.6,12,12.1
06616060634758,2023,22,14,63.6,5,22.7
06616140630087,2023,5,4,80.0,0,0.0
06616140635250,2023,142,102,71.8,21,14.8
06616220630038,2023,13,12,92.3,0,0.0
06616220637504,2023,91,87,95.6,17,18.7
07100740114470,2023,87,78,89.7,12,13.8
07100740120444,2023,13,12,92.3,0,0.0
07100740129684,2023,67,51,76.1,9,13.4
07100740134114,2023,38,15,39.5,0,0.0
07100740137026,2023,63,45,71.4,10,15.9
07100740730614,2023,24,21,87.5,8,33.3
07100740731380,2023,584,123,21.1,10,1.7
07100746077168,2023,6,0,0.0,0,0.0
07616300107524,2023,13,0,0.0,0,0.0
07616300730283,2023,292,22,7.5,5,1.7
07616300731125,2023,343,16,4.7,0,0.0
07616300733725,2023,386,57,14.8,19,4.9
07616300734244,2023,287,18,6.3,0,0.0
07616300761630,2023,5,0,0.0,0,0.0
07616480110494,2023,59,48,81.4,15,25.4
07616480117218,2023,159,116,73.0,18,11.3
07616480730101,2023,78,54,69.2,13,16.7
07616480730259,2023,84,63,75.0,12,14.3
07616480730465,2023,432,316,73.1,48,11.1
07616480730861,2023,441,358,81.2,92,20.9
07616480761648,2023,11,7,63.6,0,0.0
07616630130930,2023,75,36,48.0,0,0.0
07616970737023,2023,92,59,64.1,10,10.9
07616970737619,2023,9,6,66.7,0,0.0
07617210107797,2023,681,126,18.5,17,2.5
07617210730457,2023,616,220,35.7,51,8.3
07617210730572,2023,63,30,47.6,5,7.9
07617210733980,2023,627,160,25.5,44,7.0
07617210733998,2023,60,37,61.7,13,21.7
07617210761721,2023,5,0,0.0,0,0.0
07617390730440,2023,31,18,58.1,0,0.0
07617390730473,2023,17,7,41.2,0,0.0
07617390730549,2023,272,85,31.2,13,4.8
07617540138115,2023,6,5,83.3,4,66.7
07617540730044,2023,377,41,10.9,6,1.6
07617540730317,2023,55,18,32.7,4,7.3
07617540730358,2023,54,34,63.0,15,27.8
07617540731646,2023,482,92,19.1,37,7.7
07617540731836,2023,272,122,44.9,44,16.2
07617540734566,2023,420,277,66.0,142,33.8
07617540734764,2023,128,109,85.2,50,39.1
07617540737809,2023,277,241,87.0,92,33.2
07617540761754,2023,35,9,25.7,0,0.0
07617880730184,2023,107,92,86.0,38,35.5
07617880735407,2023,924,732,79.2,194,21.0
07617960101477,2023,130,95,73.1,27,20.8
07617960132100,2023,78,58,74.4,0,0.0
07617960133637,2023,103,74,71.8,21,20.4
07617960730291,2023,60,41,68.3,0,0.0
07617960730325,2023,89,43,48.3,14,15.7
07617960730598,2023,171,42,24.6,10,5.8
07617960732164,2023,292,242,82.9,65,22.3
07617960732941,2023,338,150,44.4,38,11.2
07617960733253,2023,130,93,71.5,31,23.8
07617960733659,2023,196,159,81.1,99,50.5
07617960735316,2023,292,141,48.3,47,16.1
07617960735902,2023,343,270,78.7,158,46.1
07617960761796,2023,11,0,0.0,0,0.0
07618040113118,2023,773,69,8.9,7,0.9
07618040730051,2023,723,64,8.9,7,1.0
07618040730218,2023,30,0,0.0,0,0.0
07618040734368,2023,572,22,3.8,0,0.0
07618040736504,2023,507,36,7.1,0,0.0
07618040736819,2023,15,6,40.0,0,0.0
07773540132233,2023,75,62,82.7,27,36.0
08100820830042,2023,11,11,100.0,0,0.0
08100820830059,2023,76,55,72.4,0,0.0
08618200833004,2023,201,114,56.7,11,5.5
08618200836205,2023,43,33,76.7,0,0.0
09100900136036,2023,40,9,22.5,0,0.0
09100900930123,2023,106,51,48.1,0,0.0
09100900930131,2023,4,4,100.0,0,0.0
09618380136200,2023,86,23,26.7,0,0.0
09618380139006,2023,148,76,51.4,12,8.1
09618530930081,2023,636,56,8.8,6,0.9
09618530930164,2023,260,106,40.8,8,3.1
09618530930214,2023,28,7,25.0,0,0.0
09618530932756,2023,288,100,34.7,10,3.5
09618530934554,2023,60,38,63.3,0,0.0
09618530936302,2023,407,71,17.4,5,1.2
09618530961853,2023,5,0,0.0,0,0.0
09619030930040,2023,28,25,89.3,6,21.4
09619030937805,2023,264,133,50.4,26,9.8
09737830121566,2023,26,19,73.1,0,0.0
09737830930073,2023,78,36,46.2,0,0.0
09737830930099,2023,4,0,0.0,0,0.0
10101080109991,2023,346,297,85.8,28,8.1
10101080111682,2023,4,0,0.0,0,0.0
10101080119628,2023,96,46,47.9,0,0.0
10101080136291,2023,46,22,47.8,0,0.0
10101081030337,2023,38,32,84.2,0,0.0
10101081030899,2023,14,11,78.6,0,0.0
10101086069488,2023,10,8,80.0,0,0.0
10621170110270,2023,12,11,91.7,0,0.0
10621170113555,2023,583,160,27.4,5,0.9
10621170118018,2023,190,100,52.6,0,0.0
10621171030196,2023,487,186,38.2,0,0.0
10621171030469,2023,21,9,42.9,0,0.0
10621171030501,2023,603,195,32.3,7,1.2
10621171030683,2023,655,371,56.6,22,3.4
10621171031004,2023,131,104,79.4,8,6.1
10621171031053,2023,659,291,44.2,13,2.0
10621251030113,2023,20,19,95.0,4,20.0
10621251030477,2023,15,15,100.0,11,73.3
10621251031376,2023,283,250,88.3,101,35.7
10621580120246,2023,5,5,100.0,0,0.0
10621581031954,2023,12,11,91.7,0,0.0
10621581032150,2023,180,144,80.0,28,15.6
10621660108555,2023,60,34,56.7,0,0.0
10621660114355,2023,52,38,73.1,5,9.6
10621660114553,2023,112,25,22.3,0,0.0
10621660120964,2023,6,5,83.3,0,0.0
10621660132134,2023,46,37,80.4,0,0.0
10621660140038,2023,29,9,31.0,0,0.0
10621661030279,2023,562,293,52.1,34,6.0
10621661030287,2023,294,272,92.5,47,16.0
10621661030295,2023,265,233,87.9,27,10.2
10621661030584,2023,245,238,97.1,64,26.1
10621661030642,2023,54,44,81.5,4,7.4
10621661030675,2023,618,555,89.8,113,18.3
10621661030840,2023,105,89,84.8,10,9.5
10621661031632,2023,55,53,96.4,10,18.2
10621661031897,2023,584,458,78.4,69,11.8
10621661032507,2023,424,370,87.3,52,12.3
10621661032911,2023,441,360,81.6,38,8.6
10621661034214,2023,459,426,92.8,98,21.4
10621661035831,2023,489,437,89.4,98,20.0
10621666112619,2023,4,0,0.0,0,0.0
10622570124727,2023,18,15,83.3,0,0.0
10622571033695,2023,261,154,59.0,20,7.7
10622571033729,2023,29,24,82.8,6,20.7
10622650108092,2023,113,109,96.5,14,12.4
10622650116640,2023,40,32,80.0,6,15.0
10622650126292,2023,54,44,81.5,0,0.0
10622651030378,2023,82,74,90.2,27,32.9
10622651033703,2023,96,88,91.7,18,18.8
10622651035310,2023,374,311,83.2,44,11.8
10622811033950,2023,24,22,91.7,4,16.7
10623310137661,2023,119,84,70.6,8,6.7
10623640126870,2023,21,20,95.2,9,42.9
10623641034990,2023,264,252,95.5,92,34.8
10623800136499,2023,71,63,88.7,15,21.1
10624140141291,2023,312,215,68.9,19,6.1
10624141030451,2023,68,45,66.2,0,0.0
10624141036086,2023,23,23,100.0,4,17.4
10624141036094,2023,602,415,68.9,62,10.3
10624300142141,2023,4,0,0.0,0,0.0
10624301030758,2023,38,33,86.8,9,23.7
10624301036607,2023,28,24,85.7,9,32.1
10624301036672,2023,442,405,91.6,76,17.2
10625396112387,2023,42,34,81.0,6,14.3
10625470135103,2023,99,50,50.5,0,0.0
10625470136523,2023,378,313,82.8,64,16.9
10738091030121,2023,144,122,84.7,17,11.8
10738091030147,2023,10,8,80.0,0,0.0
10739650114751,2023,4,4,100.0,0,0.0
10739650140269,2023,51,43,84.3,0,0.0
10739650140509,2023,390,297,76.2,30,7.7
10739651030386,2023,75,68,90.7,7,9.3
10739651030626,2023,390,322,82.6,28,7.2
10739651030790,2023,204,170,83.3,11,5.4
10739651035112,2023,53,49,92.5,4,7.5
10739990141036,2023,66,57,86.4,11,16.7
10739991033422,2023,27,27,100.0,7,25.9
10739991033430,2023,341,286,83.9,53,15.5
10751271030261,2023,19,18,94.7,15,78.9
10751271030493,2023,256,250,97.7,82,32.0
10752341030352,2023,15,14,93.3,9,60.0
10752341037456,2023,99,96,97.0,27,27.3
10752751030139,2023,7,5,71.4,0,0.0
10752751036938,2023,87,31,35.6,0,0.0
10752756112544,2023,15,9,60.0,0,0.0
10754081030253,2023,12,12,100.0,0,0.0
10754081035575,2023,129,111,86.0,33,25.6
10755981030535,2023,163,145,89.0,37,22.7
10755981030543,2023,7,7,100.0,0,0.0
10767780122473,2023,29,26,89.7,11,37.9
10767781030774,2023,29,28,96.6,0,0.0
10767781038298,2023,7,7,100.0,4,57.1
10767781038306,2023,270,225,83.3,58,21.5
11101160130724,2023,15,10,66.7,0,0.0
11101161130103,2023,25,20,80.0,0,0.0
11625960139550,2023,29,15,51.7,0,0.0
11626461136209,2023,14,10,71.4,0,0.0
11626531132109,2023,5,4,80.0,0,0.0
11626611130038,2023,14,14,100.0,0,0.0
11626611132851,2023,110,84,76.4,12,10.9
11754811130012,2023,32,27,84.4,7,21.9
11754811135656,2023,212,155,73.1,15,7.1
11765621130053,2023,10,8,80.0,0,0.0
11765621133701,2023,70,46,65.7,5,7.1
12101240106153,2023,20,18,90.0,0,0.0
12101240106161,2023,20,19,95.0,0,0.0
12101240106203,2023,5,0,0.0,0,0.0
12101240134163,2023,17,5,29.4,0,0.0
12101240137364,2023,20,15,75.0,0,0.0
12626790137653,2023,8,4,50.0,0,0.0
12626870107110,2023,27,12,44.4,0,0.0
12626870124263,2023,7,0,0.0,0,0.0
12626871230044,2023,19,14,73.7,0,0.0
12626871230051,2023,24,16,66.7,0,0.0
12626871230705,2023,236,92,39.0,4,1.7
12626871235209,2023,121,57,47.1,0,0.0
12628100108688,2023,37,17,45.9,0,0.0
12628101233352,2023,29,23,79.3,0,0.0
12628101233402,2023,209,104,49.8,6,2.9
12629011230028,2023,23,20,87.0,0,0.0
12629011234004,2023,62,43,69.4,0,0.0
12630320111203,2023,43,27,62.8,0,0.0
12630401230010,2023,4,4,100.0,0,0.0
12630401237007,2023,62,36,58.1,0,0.0
12753741232909,2023,38,17,44.7,0,0.0
12755151230150,2023,8,6,75.0,0,0.0
12755151232057,2023,36,29,80.6,5,13.9
12755151232206,2023,292,178,61.0,39,13.4
13101320131094,2023,42,39,92.9,18,42.9
13101321330117,2023,4,0,0.0,0,0.0
13630811331354,2023,102,87,85.3,26,25.5
13630811331404,2023,416,290,69.7,81,19.5
13630991332154,2023,59,52,88.1,47,79.7
13630991332204,2023,740,597,80.7,362,48.9
13631071332501,2023,71,55,77.5,16,22.5
13631150140954,2023,28,18,64.3,4,14.3
13631151330133,2023,410,301,73.4,84,20.5
13631151333004,2023,413,315,76.3,91,22.0
13631151333558,2023,36,32,88.9,16,44.4
13631491335306,2023,134,102,76.1,49,36.6
13631491337138,2023,6,6,100.0,4,66.7
13631641331115,2023,36,21,58.3,7,19.4
13631641335900,2023,292,164,56.2,20,6.8
13632141330018,2023,4,4,100.0,0,0.0
13632141337609,2023,42,38,90.5,13,31.0
14101400117994,2023,332,251,75.6,56,16.9
14101400128447,2023,65,54,83.1,9,13.8
14101400128454,2023,86,77,89.5,25,29.1
14632481431352,2023,7,0,0.0,0,0.0
14632891434901,2023,30,16,53.3,4,13.3
14632971436203,2023,6,5,83.3,0,0.0
14766870119081,2023,4,0,0.0,0,0.0
14766871430057,2023,17,12,70.6,0,0.0
14766871431600,2023,158,75,47.5,21,13.3
15101570119669,2023,151,129,85.4,20,13.2
15101570135467,2023,22,18,81.8,8,36.4
15101571530302,2023,44,42,95.5,9,20.5
15101571530310,2023,102,94,92.2,21,20.6
15101571530492,2023,78,35,44.9,0,0.0
15634120100529,2023,341,286,83.9,67,19.6
15634120116384,2023,318,295,92.8,80,25.2
15634121531656,2023,52,47,90.4,34,65.4
15634121531672,2023,300,286,95.3,78,26.0
15635290100198,2023,690,640,92.8,70,10.1
15635290110999,2023,493,138,28.0,14,2.8
15635290116392,2023,592,428,72.3,24,4.1
15635290116400,2023,629,602,95.7,109,17.3
15635290125062,2023,141,137,97.2,19,13.5
15635291530021,2023,62,61,98.4,25,40.3
15635291530047,2023,77,74,96.1,20,26.0
15635291530112,2023,211,168,79.6,7,3.3
15635291530252,2023,635,600,94.5,106,16.7
15635291530344,2023,535,197,36.8,10,1.9
15635291530369,2023,539,179,33.2,12,2.2
15635291530385,2023,718,539,75.1,63,8.8
15635291530435,2023,393,374,95.2,84,21.4
15635291530476,2023,571,227,39.8,11,1.9
15635291530708,2023,703,561,79.8,84,11.9
15635291532290,2023,567,530,93.5,87,15.3
15635291532605,2023,463,427,92.2,54,11.7
15635291533330,2023,608,476,78.3,41,6.7
15635291533538,2023,105,71,67.6,0,0.0
15635291534775,2023,474,412,86.9,38,8.0
15635291535087,2023,397,352,88.7,58,14.6
15635291535392,2023,564,542,96.1,68,12.1
15635291536325,2023,127,120,94.5,21,16.5
15635291536606,2023,400,349,87.2,35,8.8
15636280127209,2023,109,78,71.6,7,6.4
15636280134312,2023,228,120,52.6,0,0.0
15636280137687,2023,98,64,65.3,8,8.2
15636280138131,2023,172,83,48.3,0,0.0
15636281533843,2023,24,22,91.7,0,0.0
15636770114512,2023,156,135,86.5,17,10.9
15636770136259,2023,34,30,88.2,6,17.6
15636851530997,2023,35,25,71.4,0,0.0
15636851531987,2023,67,5,7.5,0,0.0
15637761530039,2023,16,12,75.0,5,31.2
15637761530377,2023,22,16,72.7,5,22.7
15637761534957,2023,186,156,83.9,18,9.7
15638181530138,2023,42,39,92.9,8,19.0
15638181535905,2023,240,150,62.5,34,14.2
15638261530245,2023,32,21,65.6,4,12.5
15638261536135,2023,266,98,36.8,17,6.4
15638591530351,2023,47,46,97.9,18,38.3
15638591536440,2023,436,375,86.0,61,14.0
15737421530054,2023,39,28,71.8,0,0.0
15737421531367,2023,318,143,45.0,7,2.2
15739081530146,2023,29,28,96.6,11,37.9
15739081530229,2023,10,9,90.0,5,50.0
15739081534155,2023,218,190,87.2,43,19.7
15751681530401,2023,67,47,70.1,5,7.5
16101651630102,2023,10,9,90.0,0,0.0
16101656069298,2023,7,7,100.0,0,0.0
16638750101717,2023,19,15,78.9,0,0.0
16638750112698,2023,38,19,50.0,0,0.0
16638911632140,2023,21,18,85.7,0,0.0
16638911632207,2023,191,161,84.3,18,9.4
16639250118919,2023,244,137,56.1,26,10.7
16639250137901,2023,72,54,75.0,4,5.6
16639251630151,2023,9,8,88.9,0,0.0
16639251630169,2023,297,234,78.8,37,12.5
16639251634245,2023,47,45,95.7,0,0.0
16639251634401,2023,369,301,81.6,45,12.2
16639580136556,2023,286,244,85.3,37,12.9
16639820110205,2023,54,17,31.5,0,0.0
16639820136234,2023,55,26,47.3,7,12.7
16639821630011,2023,34,22,64.7,6,17.6
16639821635606,2023,426,229,53.8,34,8.0
16739321630078,2023,14,13,92.9,9,64.3
16739321630953,2023,178,163,91.6,64,36.0
17640140138537,2023,11,5,45.5,0,0.0
17640141730043,2023,9,5,55.6,0,0.0
17640141734359,2023,118,75,63.6,20,16.9
17640220132571,2023,31,23,74.2,0,0.0
17640221730027,2023,31,28,90.3,0,0.0
17640221730118,2023,22,20,90.9,0,0.0
17640221735000,2023,195,169,86.7,57,29.2
17640301730019,2023,18,14,77.8,0,0.0
17640301730142,2023,15,9,60.0,0,0.0
17640301732304,2023,78,43,55.1,0,0.0
17640550129601,2023,24,11,45.8,0,0.0
17640551730035,2023,16,7,43.8,0,0.0
17640551736008,2023,89,41,46.1,6,6.7
17769761730050,2023,5,4,80.0,0,0.0
17769761737006,2023,82,69,84.1,4,4.9
18640891831601,2023,5,0,0.0,0,0.0
18641391833805,2023,190,63,33.2,11,5.8
18641391833813,2023,15,12,80.0,0,0.0
18641960135756,2023,20,12,60.0,0,0.0
18642041838507,2023,11,7,63.6,0,0.0
18750360121657,2023,17,8,47.1,0,0.0
18750361833409,2023,7,6,85.7,0,0.0
18750366010763,2023,15,12,80.0,0,0.0
19101990100776,2023,100,94,94.0,7,7.0
19101990112128,2023,77,76,98.7,9,11.7
19101990115030,2023,51,34,66.7,4,7.8
19101990115212,2023,47,39,83.0,0,0.0
19101990121822,2023,40,27,67.5,7,17.5
19101990121897,2023,52,38,73.1,6,11.5
19101990121905,2023,18,9,50.0,0,0.0
19101990121921,2023,18,11,61.1,0,0.0
19101990121939,2023,20,12,60.0,0,0.0
19101990134346,2023,16,8,50.0,0,0.0
19101990135582,2023,46,40,87.0,16,34.8
19101990136119,2023,77,67,87.0,7,9.1
19101990137679,2023,27,25,92.6,7,25.9
19101990138669,2023,83,78,94.0,18,21.7
19101990139345,2023,10,8,80.0,0,0.0
19101990140756,2023,12,11,91.7,4,33.3
19101991933399,2023,140,31,22.1,0,0.0
19101991995869,2023,131,43,32.8,0,0.0
19101991996214,2023,64,52,81.2,13,20.3
19101996119945,2023,75,66,88.0,8,10.7
19642121930056,2023,566,218,38.5,13,2.3
19642121930361,2023,344,298,86.6,66,19.2
19642121931641,2023,115,93,80.9,31,27.0
19642121931880,2023,161,50,31.1,0,0.0
19642121933159,2023,371,213,57.4,26,7.0
19642121964212,2023,14,9,64.3,0,0.0
19642460100081,2023,664,438,66.0,76,11.4
19642460108407,2023,571,387,67.8,69,12.1
19642460111872,2023,113,66,58.4,0,0.0
19642460126003,2023,45,31,68.9,0,0.0
19642461930213,2023,347,306,88.2,42,12.1
19642461931732,2023,346,284,82.1,47,13.6
19642461936624,2023,611,526,86.1,89,14.6
19642461937051,2023,759,348,45.8,23,3.0
19642461995398,2023,691,447,64.7,53,7.7
19642461995406,2023,358,240,67.0,66,18.4
19642461995844,2023,611,354,57.9,38,6.2
19642461995968,2023,7,7,100.0,0,0.0
19642461996537,2023,108,87,80.6,5,4.6
19642461996644,2023,383,314,82.0,51,13.3
19642611930288,2023,766,249,32.5,41,5.4
19642611995299,2023,16,10,62.5,0,0.0
19642791930528,2023,243,210,86.4,36,14.8
19642791931765,2023,95,89,93.7,24,25.3
19642791933449,2023,165,147,89.1,38,23.0
19642871930601,2023,344,284,82.6,19,5.5
19642871936384,2023,166,151,91.0,16,9.6
19642871938166,2023,430,351,81.6,26,6.0
19642871996479,2023,117,93,79.5,13,11.1
19642951930700,2023,221,194,87.8,44,19.9
19642951936491,2023,21,17,81.0,9,42.9
19643030128306,2023,17,10,58.8,0,0.0
19643031930775,2023,364,303,83.2,66,18.1
19643031935618,2023,386,275,71.2,23,6.0
19643031938190,2023,80,65,81.2,15,18.8
19643031995679,2023,6,4,66.7,0,0.0
19643111930981,2023,303,52,17.2,5,1.7
19643291931088,2023,444,110,24.8,13,2.9
19643291937598,2023,49,30,61.2,4,8.2
19643291937739,2023,314,111,35.4,9,2.9
19643370131573,2023,84,31,36.9,6,7.1
19643371931187,2023,571,198,34.7,57,10.0
19643371931237,2023,549,169,30.8,13,2.4
19643371933332,2023,56,25,44.6,6,10.7
19643371964337,2023,8,0,0.0,0,0.0
19643371995877,2023,11,7,63.6,0,0.0
19643371996230,2023,10,5,50.0,0,0.0
19643520118521,2023,14,12,85.7,0,0.0
19643520128488,2023,59,36,61.0,0,0.0
19643520128496,2023,31,23,74.2,0,0.0
19643521930239,2023,89,70,78.7,17,19.1
19643521933951,2023,408,323,79.2,91,22.3
19643521934926,2023,435,340,78.2,72,16.6
19643521935048,2023,465,368,79.1,70,15.1
19643781930312,2023,54,50,92.6,0,0.0
19643781931666,2023,277,178,64.3,17,6.1
19643781995885,2023,17,5,29.4,0,0.0
19643781995927,2023,9,8,88.9,0,0.0
19643941931807,2023,25,16,64.0,0,0.0
19643941931823,2023,577,192,33.3,11,1.9
19644360140525,2023,17,15,88.2,0,0.0
19644361931617,2023,68,44,64.7,4,5.9
19644361932086,2023,249,163,65.5,12,4.8
19644361936418,2023,314,225,71.7,19,6.1
19644361938372,2023,423,237,56.0,17,4.0
19644441932201,2023,554,241,43.5,28,5.1
19644510141093,2023,25,21,84.0,0,0.0
19644511931625,2023,204,182,89.2,35,17.2
19644511932441,2023,958,650,67.8,65,6.8
19644511939164,2023,759,555,73.1,58,7.6
19644690128736,2023,11,6,54.5,0,0.0
19644690134858,2023,260,52,20.0,0,0.0
19644690139535,2023,508,437,86.0,74,14.6
19644691932482,2023,167,93,55.7,26,15.6
19644691936079,2023,42,37,88.1,6,14.3
19645191930320,2023,431,342,79.4,47,10.9
19645191932664,2023,329,305,92.7,78,23.7
19645191932680,2023,321,296,92.2,79,24.6
19645191937481,2023,362,288,79.6,40,11.0
19645191938919,2023,187,175,93.6,57,30.5
19645191964519,2023,8,5,62.5,0,0.0
19645191995661,2023,342,310,90.6,71,20.8
19645191996123,2023,9,8,88.9,0,0.0
19645271932698,2023,124,108,87.1,17,13.7
19645271932706,2023,459,365,79.5,42,9.2
19645271964527,2023,30,24,80.0,7,23.3
19645351930353,2023,19,0,0.0,0,0.0
19645351932763,2023,317,37,11.7,5,1.6
19645681932144,2023,587,175,29.8,20,3.4
19645681933472,2023,99,70,70.7,32,32.3
19645681933530,2023,485,318,65.6,110,22.7
19645681934082,2023,356,212,59.6,79,22.2
19645681995497,2023,31,15,48.4,0,0.0
19645681996131,2023,289,157,54.3,0,0.0
19645761933597,2023,546,211,38.6,19,3.5
19645761939677,2023,43,28,65.1,0,0.0
19645841996305,2023,100,43,43.0,0,0.0
19645920100354,2023,122,95,77.9,13,10.7
19646341934231,2023,175,153,87.4,47,26.9
19646341934249,2023,27,22,81.5,10,37.0
19646341936046,2023,116,102,87.9,36,31.0
19646341996529,2023,70,61,87.1,4,5.7
19646341996586,2023,159,148,93.1,23,14.5
19646420136127,2023,14,0,0.0,0,0.0
19646591934611,2023,352,23,6.5,4,1.1
19646831930080,2023,441,128,29.0,7,1.6
19646831931781,2023,444,108,24.3,0,0.0
19646831964683,2023,7,0,0.0,0,0.0
19646911996438,2023,127,109,85.8,4,3.1
19647090100602,2023,142,126,88.7,18,12.7
19647091996313,2023,153,149,97.4,10,6.5
19647250127381,2023,172,66,38.4,4,2.3
19647250131938,2023,15,14,93.3,0,0.0
19647250132324,2023,121,45,37.2,0,0.0
19647250135525,2023,64,40,62.5,7,10.9
19647251930411,2023,44,19,43.2,11,25.0
19647251934470,2023,445,324,72.8,103,23.1
19647251934678,2023,613,354,57.7,39,6.4
19647251935758,2023,792,260,32.8,23,2.9
19647251936947,2023,952,551,57.9,130,13.7
19647251937176,2023,65,54,83.1,10,15.4
19647251939875,2023,800,412,51.5,71,8.9
19647251964725,2023,14,8,57.1,4,28.6
19647251995539,2023,164,54,32.9,0,0.0
19647251995570,2023,477,337,70.6,79,16.6
19647251995935,2023,436,308,70.6,90,20.6
19647251996503,2023,99,61,61.6,5,5.1
19647330100677,2023,81,40,49.4,0,0.0
19647330100750,2023,97,95,97.9,19,19.6
19647330100800,2023,107,97,90.7,15,14.0
19647330101196,2023,92,90,97.8,0,0.0
19647330101329,2023,22,18,81.8,0,0.0
19647330101659,2023,30,30,100.0,4,13.3
19647330101675,2023,129,127,98.4,14,10.9
19647330101683,2023,27,24,88.9,0,0.0
19647330102137,2023,10,9,90.0,0,0.0
19647330102434,2023,145,144,99.3,20,13.8
19647330102541,2023,87,69,79.3,8,9.2
19647330102764,2023,32,24,75.0,0,0.0
19647330102913,2023,96,90,93.8,0,0.0
19647330102921,2023,99,63,63.6,0,0.0
19647330106351,2023,18,14,77.8,4,22.2
19647330106831,2023,102,90,88.2,6,5.9
19647330106849,2023,142,140,98.6,8,5.6
19647330106864,2023,136,131,96.3,8,5.9
19647330106997,2023,157,153,97.5,0,0.0
19647330107003,2023,227,165,72.7,4,1.8
19647330107011,2023,81,68,84.0,0,0.0
19647330107755,2023,209,146,69.9,6,2.9
19647330108878,2023,97,54,55.7,0,0.0
19647330108894,2023,150,145,96.7,20,13.3
19647330108928,2023,132,62,47.0,0,0.0
19647330108936,2023,140,138,98.6,8,5.7
19647330109447,2023,334,330,98.8,36,10.8
19647330109454,2023,435,403,92.6,35,8.0
19647330109462,2023,162,158,97.5,15,9.3
19647330109512,2023,37,32,86.5,18,48.6
19647330110304,2023,48,48,100.0,13,27.1
19647330110668,2023,54,49,90.7,12,22.2
19647330111484,2023,16,15,93.8,0,0.0
19647330111492,2023,136,136,100.0,16,11.8
19647330111500,2023,102,99,97.1,11,10.8
19647330111575,2023,134,132,98.5,14,10.4
19647330111583,2023,148,143,96.6,14,9.5
19647330111625,2023,118,115,97.5,11,9.3
19647330111641,2023,142,139,97.9,21,14.8
19647330111658,2023,143,126,88.1,7,4.9
19647330112029,2023,65,63,96.9,10,15.4
19647330112037,2023,123,113,91.9,11,8.9
19647330112045,2023,257,245,95.3,15,5.8
19647330112052,2023,360,345,95.8,65,18.1
19647330112508,2023,125,120,96.0,20,16.0
19647330112870,2023,54,54,100.0,19,35.2
19647330114850,2023,229,219,95.6,36,15.7
19647330115253,2023,39,19,48.7,4,10.3
19647330116509,2023,98,94,95.9,6,6.1
19647330116954,2023,6,5,83.3,0,0.0
19647330117051,2023,243,237,97.5,32,13.2
19647330117069,2023,140,132,94.3,30,21.4
19647330117077,2023,45,33,73.3,11,24.4
19647330117598,2023,116,114,98.3,22,19.0
19647330117606,2023,80,71,88.8,5,6.2
19647330117622,2023,18,18,100.0,5,27.8
19647330117721,2023,109,109,100.0,13,11.9
19647330117747,2023,85,83,97.6,15,17.6
19647330117762,2023,108,101,93.5,6,5.6
19647330117911,2023,45,38,84.4,13,28.9
19647330118588,2023,261,253,96.9,55,21.1
19647330119685,2023,88,86,97.7,10,11.4
19647330119693,2023,107,102,95.3,7,6.5
19647330119727,2023,291,207,71.1,8,2.7
19647330119966,2023,197,190,96.4,15,7.6
19647330120071,2023,41,25,61.0,9,22.0
19647330120360,2023,51,28,54.9,0,0.0
19647330120808,2023,12,9,75.0,0,0.0
19647330121095,2023,70,66,94.3,9,12.9
19647330121285,2023,123,119,96.7,15,12.2
19647330121293,2023,46,46,100.0,7,15.2
19647330122333,2023,129,123,95.3,4,3.1
19647330122341,2023,93,85,91.4,6,6.5
19647330122358,2023,95,91,95.8,6,6.3
19647330122366,2023,31,31,100.0,5,16.1
19647330122374,2023,61,60,98.4,0,0.0
19647330122382,2023,85,82,96.5,8,9.4
19647330122416,2023,15,15,100.0,4,26.7
19647330122606,2023,81,80,98.8,0,0.0
19647330122721,2023,76,73,96.1,0,0.0
19647330123133,2023,70,67,95.7,16,22.9
19647330123141,2023,111,109,98.2,11,9.9
19647330124362,2023,201,135,67.2,0,0.0
19647330124370,2023,70,56,80.0,0,0.0
19647330124388,2023,107,98,91.6,4,3.7
19647330124396,2023,88,80,90.9,0,0.0
19647330124404,2023,65,62,95.4,13,20.0
19647330124412,2023,51,49,96.1,0,0.0
19647330124479,2023,197,189,95.9,33,16.8
19647330124487,2023,104,103,99.0,11,10.6
19647330124495,2023,107,103,96.3,22,20.6
19647330124503,2023,126,124,98.4,8,6.3
19647330124511,2023,92,89,96.7,11,12.0
19647330124529,2023,120,93,77.5,4,3.3
19647330124560,2023,118,117,99.2,6,5.1
19647330124891,2023,132,128,97.0,24,18.2
19647330124933,2023,42,39,92.9,0,0.0
19647330124941,2023,141,133,94.3,19,13.5
19647330125864,2023,131,116,88.5,9,6.9
19647330125989,2023,144,137,95.1,4,2.8
19647330126136,2023,126,122,96.8,19,15.1
19647330126474,2023,29,27,93.1,0,0.0
19647330126482,2023,240,232,96.7,45,18.8
19647330126516,2023,163,158,96.9,4,2.5
19647330126524,2023,135,129,95.6,7,5.2
19647330126532,2023,114,107,93.9,10,8.8
19647330126540,2023,144,132,91.7,0,0.0
19647330126557,2023,99,88,88.9,8,8.1
19647330126573,2023,144,141,97.9,26,18.1
19647330126615,2023,122,91,74.6,0,0.0
19647330126623,2023,121,87,71.9,4,3.3
19647330127787,2023,89,72,80.9,0,0.0
19647330127795,2023,70,70,100.0,7,10.0
19647330127803,2023,51,48,94.1,0,0.0
19647330127894,2023,121,115,95.0,8,6.6
19647330127910,2023,108,105,97.2,11,10.2
19647330129536,2023,22,21,95.5,0,0.0
19647330129585,2023,98,98,100.0,7,7.1
19647330129627,2023,86,85,98.8,16,18.6
19647330130997,2023,42,36,85.7,0,0.0
19647330131821,2023,32,28,87.5,6,18.8
19647330132027,2023,111,98,88.3,8,7.2
19647330132084,2023,118,108,91.5,23,19.5
19647330132126,2023,50,45,90.0,9,18.0
19647330132282,2023,101,85,84.2,15,14.9
19647330132928,2023,20,15,75.0,0,0.0
19647330133272,2023,90,84,93.3,5,5.6
19647330133298,2023,57,50,87.7,0,0.0
19647330133603,2023,91,39,42.9,0,0.0
19647330133736,2023,34,14,41.2,0,0.0
19647330133868,2023,96,86,89.6,10,10.4
19647330135632,2023,59,16,27.1,0,0.0
19647330135681,2023,50,47,94.0,7,14.0
19647330135715,2023,123,106,86.2,4,3.3
19647330135723,2023,137,114,83.2,13,9.5
19647330135855,2023,199,177,88.9,9,4.5
19647330135996,2023,16,12,75.0,0,0.0
19647330137083,2023,38,38,100.0,0,0.0
19647330137091,2023,71,70,98.6,0,0.0
19647330137562,2023,40,36,90.0,11,27.5
19647330137612,2023,79,19,24.1,4,5.1
19647330139055,2023,27,21,77.8,0,0.0
19647330140046,2023,39,38,97.4,0,0.0
19647330140129,2023,134,123,91.8,14,10.4
19647330141523,2023,132,101,76.5,9,6.8
19647330141531,2023,121,95,78.5,13,10.7
19647330141549,2023,121,82,67.8,14,11.6
19647330141556,2023,113,93,82.3,6,5.3
19647330141564,2023,121,85,70.2,11,9.1
19647330141572,2023,125,92,73.6,10,8.0
19647331930064,2023,26,20,76.9,0,0.0
19647331930296,2023,46,42,91.3,9,19.6
19647331930387,2023,160,124,77.5,42,26.2
19647331930403,2023,14,13,92.9,0,0.0
19647331930429,2023,8,5,62.5,0,0.0
19647331930486,2023,26,19,73.1,0,0.0
19647331930551,2023,37,30,81.1,9,24.3
19647331930577,2023,35,29,82.9,5,14.3
19647331930619,2023,19,19,100.0,9,47.4
19647331930650,2023,510,473,92.7,13,2.5
19647331930692,2023,6,4,66.7,0,0.0
19647331930734,2023,25,21,84.0,0,0.0
19647331930783,2023,42,38,90.5,0,0.0
19647331930791,2023,13,12,92.3,0,0.0
19647331930866,2023,507,475,93.7,12,2.4
19647331930924,2023,99,94,94.9,15,15.2
19647331930940,2023,39,32,82.1,6,15.4
19647331930973,2023,20,17,85.0,0,0.0
19647331931047,2023,695,584,84.0,19,2.7
19647331931336,2023,6,4,66.7,0,0.0
19647331931377,2023,31,29,93.5,8,25.8
19647331931385,2023,25,21,84.0,0,0.0
19647331931393,2023,22,19,86.4,0,0.0
19647331931435,2023,31,24,77.4,0,0.0
19647331931450,2023,52,42,80.8,6,11.5
19647331931468,2023,20,19,95.0,4,20.0
19647331931476,2023,281,253,90.0,24,8.5
19647331931484,2023,40,36,90.0,7,17.5
19647331931500,2023,32,26,81.2,12,37.5
19647331931518,2023,26,20,76.9,0,0.0
19647331931526,2023,311,240,77.2,10,3.2
19647331931534,2023,83,73,88.0,10,12.0
19647331931559,2023,55,50,90.9,7,12.7
19647331931682,2023,33,28,84.8,4,12.1
19647331931690,2023,70,60,85.7,6,8.6
19647331931708,2023,308,201,65.3,22,7.1
19647331931716,2023,46,41,89.1,0,0.0
19647331931856,2023,31,24,77.4,5,16.1
19647331931864,2023,643,419,65.2,37,5.8
19647331931930,2023,26,23,88.5,0,0.0
19647331931955,2023,38,33,86.8,0,0.0
19647331931971,2023,38,37,97.4,9,23.7
19647331931989,2023,19,15,78.9,4,21.1
19647331931997,2023,32,27,84.4,0,0.0
19647331932128,2023,128,116,90.6,8,6.2
19647331932250,2023,31,18,58.1,0,0.0
19647331932318,2023,31,20,64.5,0,0.0
19647331932334,2023,58,41,70.7,8,13.8
19647331932342,2023,34,26,76.5,4,11.8
19647331932383,2023,183,163,89.1,22,12.0
19647331932540,2023,362,180,49.7,5,1.4
19647331932623,2023,868,315,36.3,10,1.2
19647331932821,2023,24,20,83.3,0,0.0
19647331932847,2023,206,97,47.1,0,0.0
19647331932888,2023,212,180,84.9,0,0.0
19647331932920,2023,408,336,82.4,24,5.9
19647331932987,2023,452,422,93.4,16,3.5
19647331933001,2023,313,271,86.6,5,1.6
19647331933043,2023,293,258,88.1,13,4.4
19647331933118,2023,431,421,97.7,37,8.6
19647331933233,2023,224,144,64.3,0,0.0
19647331933241,2023,383,348,90.9,21,5.5
19647331933381,2023,541,520,96.1,18,3.3
19647331933746,2023,1137,584,51.4,19,1.7
19647331933795,2023,361,327,90.6,38,10.5
19647331933852,2023,516,362,70.2,13,2.5
19647331934033,2023,246,224,91.1,14,5.7
19647331934157,2023,307,297,96.7,27,8.8
19647331934371,2023,140,138,98.6,26,18.6
19647331934454,2023,187,182,97.3,31,16.6
19647331935121,2023,230,220,95.7,13,5.7
19647331935352,2023,205,190,92.7,22,10.7
19647331935519,2023,229,219,95.6,35,15.3
19647331935568,2023,427,310,72.6,12,2.8
19647331935865,2023,405,375,92.6,68,16.8
19647331936160,2023,393,317,80.7,12,3.1
19647331936350,2023,590,411,69.7,24,4.1
19647331937085,2023,4,4,100.0,0,0.0
19647331937226,2023,274,255,93.1,23,8.4
19647331937424,2023,390,378,96.9,24,6.2
19647331937622,2023,332,299,90.1,21,6.3
19647331937838,2023,619,404,65.3,14,2.3
19647331938307,2023,420,387,92.1,25,6.0
19647331938554,2023,266,233,87.6,10,3.8
19647331938612,2023,449,215,47.9,9,2.0
19647331938885,2023,313,223,71.2,9,2.9
19647331938968,2023,504,396,78.6,36,7.1
19647331939040,2023,461,314,68.1,11,2.4
19647331939107,2023,275,224,81.5,14,5.1
19647331939305,2023,149,142,95.3,8,5.4
19647331939479,2023,145,120,82.8,0,0.0
19647331939859,2023,330,306,92.7,18,5.5
19647331939941,2023,523,373,71.3,5,1.0
19647331964733,2023,150,68,45.3,39,26.0
19647331995448,2023,387,355,91.7,0,0.0
19647331995794,2023,23,20,87.0,6,26.1
19647331995836,2023,745,215,28.9,5,0.7
19647331996073,2023,78,71,91.0,13,16.7
19647331996115,2023,398,307,77.1,6,1.5
19647331996610,2023,48,45,93.8,12,25.0
19647336016885,2023,141,137,97.2,16,11.3
19647336019475,2023,74,68,91.9,0,0.0
19647336019715,2023,178,174,97.8,7,3.9
19647336058002,2023,109,106,97.2,10,9.2
19647336060529,2023,4,4,100.0,0,0.0
19647336061451,2023,190,178,93.7,9,4.7
19647336061600,2023,85,80,94.1,8,9.4
19647336069157,2023,42,34,81.0,7,16.7
19647336116750,2023,89,86,96.6,5,5.6
19647740109538,2023,369,348,94.3,53,14.4
19647740114777,2023,110,98,89.1,22,20.0
19647741935428,2023,49,41,83.7,17,34.7
19647741935436,2023,469,438,93.4,91,19.4
19647901935899,2023,25,16,64.0,5,20.0
19647901935923,2023,348,184,52.9,21,6.0
19647901996404,2023,29,13,44.8,0,0.0
19648080124552,2023,115,89,77.4,14,12.2
19648081930155,2023,547,341,62.3,60,11.0
19648081930825,2023,567,507,89.4,144,25.4
19648081935998,2023,497,364,73.2,101,20.3
19648081938927,2023,98,81,82.7,28,28.6
19648081996388,2023,12,8,66.7,4,33.3
19648401933647,2023,244,197,80.7,40,16.4
19648401934728,2023,395,191,48.4,18,4.6
19648401936467,2023,465,354,76.1,47,10.1
19648401936475,2023,104,92,88.5,12,11.5
19648570112714,2023,165,137,83.0,21,12.7
19648570125377,2023,211,132,62.6,20,9.5
19648650141002,2023,5,0,0.0,0,0.0
19648651933308,2023,38,7,18.4,0,0.0
19648651964865,2023,4,0,0.0,0,0.0
19648651995588,2023,551,55,10.0,16,2.9
19648651996552,2023,364,23,6.3,14,3.8
19648730136705,2023,116,110,94.8,15,12.9
19648731936749,2023,922,860,93.3,153,16.6
19648731936756,2023,103,95,92.2,23,22.3
19648810113464,2023,34,14,41.2,4,11.8
19648810117440,2023,70,58,82.9,0,0.0
19648810118075,2023,50,45,90.0,9,18.0
19648811931062,2023,146,109,74.7,50,34.2
19648811931674,2023,239,169,70.7,6,2.5
19648811936103,2023,265,221,83.4,19,7.2
19648811936806,2023,79,74,93.7,6,7.6
19648811936822,2023,324,233,71.9,9,2.8
19648811964881,2023,5,0,0.0,0,0.0
19649070115170,2023,110,92,83.6,15,13.6
19649071933175,2023,263,245,93.2,56,21.3
19649071933324,2023,394,382,97.0,78,19.8
19649071936772,2023,76,75,98.7,18,23.7
19649071937028,2023,266,251,94.4,47,17.7
19649071964907,2023,7,6,85.7,0,0.0
19649071995901,2023,388,311,80.2,32,8.2
19649071996495,2023,70,68,97.1,15,21.4
19649071996693,2023,81,58,71.6,0,0.0
19649076061634,2023,84,83,98.8,29,34.5
19649641937754,2023,194,21,10.8,6,3.1
19649801933373,2023,17,11,64.7,0,0.0
19649801938000,2023,661,205,31.0,35,5.3
19649801995737,2023,105,23,21.9,4,3.8
19650291938455,2023,343,63,18.4,9,2.6
19650291965029,2023,4,0,0.0,0,0.0
19650521938679,2023,440,164,37.3,41,9.3
19650521995745,2023,30,21,70.0,8,26.7
19650521995976,2023,8,0,0.0,0,0.0
19650601936277,2023,448,219,48.9,38,8.5
19650601938083,2023,60,32,53.3,9,15.0
19650601938356,2023,472,96,20.3,25,5.3
19650601938752,2023,488,166,34.0,40,8.2
19650601939602,2023,457,110,24.1,30,6.6
19650601965060,2023,15,8,53.3,0,0.0
19650940112706,2023,507,345,68.0,23,4.5
19650940122432,2023,187,124,66.3,15,8.0
19650940137042,2023,83,38,45.8,0,0.0
19650941938513,2023,72,57,79.2,0,0.0
19650941939537,2023,450,318,70.7,17,3.8
19651281930338,2023,165,158,95.8,30,18.2
19651281931302,2023,615,504,82.0,71,11.5
19651281934868,2023,587,361,61.5,38,6.5
19651281936889,2023,299,274,91.6,37,12.4
19651281937903,2023,444,363,81.8,27,6.1
19651281939701,2023,415,354,85.3,30,7.2
19651281995653,2023,174,156,89.7,15,8.6
19651360102459,2023,461,216,46.9,33,7.2
19651360102475,2023,493,70,14.2,12,2.4
19651360114439,2023,49,34,69.4,6,12.2
19651360117234,2023,47,16,34.0,0,0.0
19651360138727,2023,343,65,19.0,10,2.9
19651361931492,2023,436,193,44.3,41,9.4
19651361931740,2023,573,84,14.7,9,1.6
19651361932532,2023,109,30,27.5,0,0.0
19651361933902,2023,465,205,44.1,45,9.7
19651361934421,2023,153,85,55.6,9,5.9
19651361965136,2023,6,0,0.0,0,0.0
19651361995802,2023,534,70,13.1,0,0.0
19651361996263,2023,106,65,61.3,6,5.7
19651361996321,2023,100,12,12.0,0,0.0
19734370115725,2023,50,46,92.0,7,14.0
19734370132969,2023,132,120,90.9,0,0.0
19734370137984,2023,42,38,90.5,7,16.7
19734371931567,2023,176,164,93.2,41,23.3
19734371931963,2023,286,272,95.1,73,25.5
19734371932326,2023,366,343,93.7,85,23.2
19734371973437,2023,10,8,80.0,0,0.0
19734371995695,2023,171,168,98.2,45,26.3
19734371996057,2023,15,15,100.0,0,0.0
19734451933316,2023,24,20,83.3,0,0.0
19734451934801,2023,223,204,91.5,41,18.4
19734451935246,2023,410,307,74.9,36,8.8
19734451938935,2023,85,79,92.9,21,24.7
19734451939834,2023,345,208,60.3,28,8.1
19734451939925,2023,172,158,91.9,21,12.2
19734451996560,2023,7,6,85.7,0,0.0
19734520120600,2023,127,88,69.3,7,5.5
19734521930106,2023,79,74,93.7,23,29.1
19734521936228,2023,433,383,88.5,85,19.6
19734521937564,2023,479,338,70.6,46,9.6
19734601932862,2023,622,150,24.1,35,5.6
19734601937747,2023,15,10,66.7,0,0.0
19734601939149,2023,521,161,30.9,28,5.4
19752911995810,2023,370,250,67.6,56,15.1
19752911996016,2023,108,89,82.4,4,3.7
19752911996081,2023,27,24,88.9,7,25.9
19753090127100,2023,664,556,83.7,103,15.5
19753090131383,2023,36,28,77.8,0,0.0
19753090131987,2023,168,71,42.3,4,2.4
19753090132654,2023,69,40,58.0,0,0.0
19753090134619,2023,13,8,61.5,0,0.0
19753090135145,2023,49,24,49.0,0,0.0
19753090136531,2023,50,25,50.0,0,0.0
19753090136648,2023,384,312,81.2,51,13.3
19753090137703,2023,59,30,50.8,6,10.2
19753090137786,2023,140,97,69.3,8,5.7
19753091995786,2023,95,55,57.9,6,6.3
19753331935808,2023,627,41,6.5,4,0.6
19753410141721,2023,9,0,0.0,0,0.0
19753411937143,2023,736,134,18.2,15,2.0
19753411975341,2023,6,0,0.0,0,0.0
19753411995752,2023,28,12,42.9,0,0.0
19756636120158,2023,137,27,19.7,5,3.6
19757131930163,2023,540,319,59.1,83,15.4
19757131934553,2023,518,276,53.3,90,17.4
19757131937697,2023,436,291,66.7,94,21.6
19757131975713,2023,7,0,0.0,0,0.0
19757131995430,2023,38,22,57.9,6,15.8
19768690119016,2023,144,45,31.2,0,0.0
19768690119636,2023,130,76,58.5,4,3.1
19768690128728,2023,63,36,57.1,0,0.0
19768690131128,2023,128,61,47.7,0,0.0
19769680109926,2023,41,39,95.1,6,14.6
19772890109942,2023,12,8,66.7,0,0.0
20102072030229,2023,69,59,85.5,21,30.4
20102076077200,2023,11,10,90.9,7,63.6
20652012030047,2023,40,39,97.5,11,27.5
20652012032357,2023,253,206,81.4,41,16.2
20652430110965,2023,455,431,94.7,77,16.9
20652430118950,2023,21,10,47.6,0,0.0
20652430123620,2023,77,76,98.7,15,19.5
20652430131086,2023,10,10,100.0,6,60.0
20652430139691,2023,503,459,91.3,62,12.3
20652432035640,2023,66,60,90.9,6,9.1
20652432035707,2023,419,342,81.6,63,15.0
20755800111443,2023,4,4,100.0,0,0.0
20755800134486,2023,8,5,62.5,0,0.0
20755802030161,2023,24,18,75.0,0,0.0
20755802030203,2023,147,49,33.3,6,4.1
20756060100180,2023,7,5,71.4,0,0.0
20756060109504,2023,6,6,100.0,0,0.0
20756060117010,2023,54,20,37.0,0,0.0
20756060125021,2023,48,20,41.7,0,0.0
20756060132936,2023,16,9,56.2,0,0.0
20764140115550,2023,8,0,0.0,0,0.0
20764142030013,2023,137,67,48.9,6,4.4
20764142030039,2023,12,8,66.7,0,0.0
20764142030104,2023,13,5,38.5,0,0.0
20764142030237,2023,19,9,47.4,0,0.0
21102152130037,2023,17,15,88.2,4,23.5
21102152130102,2023,4,4,100.0,0,0.0
21654172130045,2023,25,12,48.0,0,0.0
21654172132264,2023,46,32,69.6,12,26.1
21654172132272,2023,368,142,38.6,54,14.7
21654172133056,2023,274,76,27.7,20,7.3
21654662133254,2023,52,49,94.2,26,50.0
21654662133262,2023,330,218,66.1,93,28.2
21654662134005,2023,304,166,54.6,53,17.4
21654662165466,2023,5,4,80.0,0,0.0
21654822130078,2023,30,6,20.0,0,0.0
21654822131340,2023,316,31,9.8,0,0.0
21654822132587,2023,489,37,7.6,10,2.0
21654822133692,2023,381,46,12.1,7,1.8
21654822134419,2023,30,11,36.7,0,0.0
21733612134310,2023,36,24,66.7,5,13.9
22655322230035,2023,12,10,83.3,0,0.0
22655322230068,2023,17,10,58.8,0,0.0
22655322235356,2023,92,58,63.0,6,6.5
23102310110023,2023,5,5,100.0,0,0.0
23655402330900,2023,38,29,76.3,0,0.0
23655576116669,2023,4,0,0.0,0,0.0
23655652330215,2023,10,8,80.0,0,0.0
23655652331361,2023,115,95,82.6,5,4.3
23655812330090,2023,6,4,66.7,0,0.0
23655812333185,2023,34,25,73.5,0,0.0
23655992333649,2023,34,23,67.6,5,14.7
23656072330033,2023,12,11,91.7,0,0.0
23656072334563,2023,9,8,88.9,0,0.0
23656150128280,2023,29,18,62.1,0,0.0
23656152330413,2023,16,10,62.5,0,0.0
23656152330454,2023,12,12,100.0,5,41.7
23656152334704,2023,48,44,91.7,6,12.5
23656152335024,2023,397,282,71.0,35,8.8
23656230112300,2023,4,0,0.0,0,0.0
23656230136887,2023,10,6,60.0,0,0.0
23656232330363,2023,11,8,72.7,0,0.0
23656232335487,2023,85,43,50.6,8,9.4
23738662330041,2023,13,10,76.9,0,0.0
23739162332260,2023,24,18,75.0,0,0.0
23752182332724,2023,4,0,0.0,0,0.0
24102490106518,2023,36,30,83.3,0,0.0
24102492430056,2023,13,9,69.2,0,0.0
24102492430148,2023,95,87,91.6,17,17.9
24102492430163,2023,54,47,87.0,18,33.3
24102492430171,2023,5,5,100.0,0,0.0
24102496069199,2023,9,8,88.9,0,0.0
24656982430080,2023,20,15,75.0,13,65.0
24656982432409,2023,173,86,49.7,24,13.9
24657302430064,2023,22,21,95.5,6,27.3
24657302433001,2023,110,84,76.4,22,20.0
24657550119073,2023,57,42,73.7,4,7.0
24657550120923,2023,445,357,80.2,60,13.5
24657552431492,2023,66,61,92.4,11,16.7
24657552434207,2023,352,259,73.6,31,8.8
24657890127373,2023,456,319,70.0,40,8.8
24657892430049,2023,46,38,82.6,0,0.0
24657892430098,2023,492,393,79.9,41,8.3
24657892430205,2023,420,299,71.2,27,6.4
24657892430601,2023,502,405,80.7,68,13.5
24657892433605,2023,278,234,84.2,39,14.0
24657892435204,2023,461,356,77.2,39,8.5
24657892439602,2023,158,146,92.4,32,20.3
24736192430031,2023,7,7,100.0,0,0.0
24736192431807,2023,150,121,80.7,39,26.0
24753172430015,2023,44,42,95.5,7,15.9
24753172431203,2023,145,130,89.7,23,15.9
24753662430114,2023,203,172,84.7,28,13.8
25658962537702,2023,11,6,54.5,0,0.0
25735852530020,2023,4,0,0.0,0,0.0
25735852535409,2023,61,37,60.7,0,0.0
25735934737250,2023,28,26,92.9,14,50.0
26102642630028,2023,5,0,0.0,0,0.0
26736682633006,2023,23,14,60.9,0,0.0
26736682635001,2023,11,5,45.5,0,0.0
26736922630010,2023,99,54,54.5,9,9.1
27102722730117,2023,19,16,84.2,6,31.6
27102722730232,2023,36,28,77.8,8,22.2
27102722730265,2023,45,39,86.7,12,26.7
27659872730018,2023,11,0,0.0,0,0.0
27659872730414,2023,197,26,13.2,0,0.0
27660680141010,2023,43,41,95.3,8,18.6
27660682730083,2023,29,25,86.2,7,24.1
27660682730174,2023,307,273,88.9,64,20.8
27660682732170,2023,311,265,85.2,38,12.2
27660920111435,2023,179,119,66.5,14,7.8
27660922730240,2023,36,14,38.9,0,0.0
27660922732253,2023,65,56,86.2,19,29.2
27660922732808,2023,299,142,47.5,23,7.7
27660922735348,2023,286,249,87.1,60,21.0
27661342731115,2023,9,5,55.6,0,0.0
27661342733657,2023,107,16,15.0,0,0.0
27661590124610,2023,112,103,92.0,19,17.0
27661590136697,2023,405,369,91.1,43,10.6
27661592730109,2023,695,660,95.0,151,21.7
27661592730166,2023,535,492,92.0,73,13.6
27661592733178,2023,496,459,92.5,85,17.1
27661592734481,2023,54,51,94.4,16,29.6
27661592734556,2023,606,514,84.8,57,9.4
27738252730034,2023,287,232,80.8,54,18.8
27738252730125,2023,47,33,70.2,9,19.1
27738252730141,2023,28,25,89.3,11,39.3
27754400106112,2023,34,32,94.1,7,20.6
27754400141051,2023,16,13,81.2,0,0.0
27754402730190,2023,346,307,88.7,26,7.5
27754732730885,2023,200,188,94.0,59,29.5
28102802830073,2023,8,8,100.0,4,50.0
28102802830099,2023,28,25,89.3,7,25.0
28662412831758,2023,62,53,85.5,16,25.8
28662660101964,2023,45,28,62.2,5,11.1
28662660121087,2023,416,225,54.1,37,8.9
28662662830016,2023,457,252,55.1,48,10.5
28662662830115,2023,100,72,72.0,5,5.0
28662662830149,2023,107,83,77.6,27,25.2
28662662835601,2023,459,345,75.2,84,18.3
28662902837102,2023,119,49,41.2,12,10.1
29102980114314,2023,19,8,42.1,0,0.0
29102980126219,2023,92,48,52.2,0,0.0
29102982930147,2023,120,106,88.3,19,15.8
29663570112367,2023,34,9,26.5,0,0.0
29663570124834,2023,46,25,54.3,0,0.0
29663572930030,2023,53,28,52.8,0,0.0
29663572930048,2023,117,22,18.8,0,0.0
29663572930071,2023,86,55,64.0,0,0.0
29663572935500,2023,269,114,42.4,7,2.6
29768776111371,2023,7,6,85.7,0,0.0
30103060126037,2023,129,107,82.9,22,17.1
30103060132910,2023,55,48,87.3,8,14.5
30103060133959,2023,15,11,73.3,5,33.3
30103060133983,2023,108,94,87.0,26,24.1
30103060134239,2023,50,18,36.0,6,12.0
30103060134841,2023,44,38,86.4,7,15.9
30103060134940,2023,4,0,0.0,0,0.0
30103060138800,2023,6,5,83.3,0,0.0
30103063030426,2023,30,30,100.0,12,40.0
30103063030632,2023,68,26,38.2,0,0.0
30103063030723,2023,402,60,14.9,0,0.0
30103063030764,2023,337,270,80.1,107,31.8
30103066069553,2023,22,17,77.3,0,0.0
30664310140707,2023,32,23,71.9,0,0.0
30664313030038,2023,648,301,46.5,17,2.6
30664313030228,2023,701,628,89.6,172,24.5
30664313030384,2023,180,143,79.4,19,10.6
30664313030616,2023,193,73,37.8,0,0.0
30664313032786,2023,250,233,93.2,98,39.2
30664313033057,2023,624,549,88.0,75,12.0
30664313033115,2023,498,272,54.6,26,5.2
30664313033784,2023,377,338,89.7,84,22.3
30664313034204,2023,389,340,87.4,123,31.6
30664313036712,2023,418,368,88.0,79,18.9
30664313038239,2023,445,391,87.9,123,27.6
30664313066431,2023,6,4,66.7,0,0.0
30664493030624,2023,40,20,50.0,5,12.5
30664493030640,2023,409,106,25.9,15,3.7
30664640106765,2023,616,252,40.9,25,4.1
30664640113381,2023,676,231,34.2,34,5.0
30664640124131,2023,83,30,36.1,0,0.0
30664640140061,2023,7,6,85.7,0,0.0
30664643030210,2023,511,213,41.7,32,6.3
30664643030574,2023,645,195,30.2,20,3.1
30664643030756,2023,529,121,22.9,12,2.3
30664643030798,2023,4,0,0.0,0,0.0
30664643035987,2023,77,62,80.5,24,31.2
30664643036001,2023,665,259,38.9,44,6.6
30664643038569,2023,470,189,40.2,19,4.0
30664643066464,2023,17,5,29.4,0,0.0
30664646120356,2023,48,21,43.8,0,0.0
30665143030335,2023,26,16,61.5,0,0.0
30665143030855,2023,406,362,89.2,85,20.9
30665143032505,2023,436,273,62.6,45,10.3
30665143033362,2023,486,312,64.2,28,5.8
30665143033610,2023,224,195,87.1,96,42.9
30665143037090,2023,360,215,59.7,24,6.7
30665143037348,2023,605,293,48.4,31,5.1
30665143037496,2023,609,238,39.1,26,4.3
30665223030103,2023,139,117,84.2,57,41.0
30665223030434,2023,411,354,86.1,96,23.4
30665223032752,2023,587,442,75.3,105,17.9
30665223033578,2023,517,389,75.2,74,14.3
30665223033933,2023,368,344,93.5,125,34.0
30665223035581,2023,418,214,51.2,18,4.3
30665223035706,2023,398,347,87.2,120,30.2
30665223036555,2023,469,424,90.4,154,32.8
30665223066522,2023,4,0,0.0,0,0.0
30665483030145,2023,311,233,74.9,64,20.6
30665483030368,2023,75,31,41.3,0,0.0
30665483031895,2023,465,106,22.8,5,1.1
30665483032158,2023,706,338,47.9,38,5.4
30665483032943,2023,715,216,30.2,22,3.1
30665483034410,2023,454,203,44.7,21,4.6
30665483038445,2023,617,525,85.1,130,21.1
30665483038551,2023,165,131,79.4,35,21.2
30665483066548,2023,4,0,0.0,0,0.0
30665553033206,2023,246,52,21.1,0,0.0
30665970111666,2023,53,31,58.5,0,0.0
30665973030186,2023,44,28,63.6,0,0.0
30665973031697,2023,359,70,19.5,8,2.2
30665973031853,2023,275,205,74.5,48,17.5
30665973032000,2023,247,205,83.0,63,25.5
30665973034907,2023,87,71,81.6,33,37.9
30665973035045,2023,589,274,46.5,41,7.0
30666210118174,2023,18,12,66.7,0,0.0
30666210140293,2023,57,23,40.4,4,7.0
30666213030046,2023,536,134,25.0,5,0.9
30666213031952,2023,485,345,71.1,37,7.6
30666213035409,2023,381,332,87.1,96,25.2
30666213035748,2023,87,73,83.9,41,47.1
30666213038098,2023,514,285,55.4,38,7.4
30666470119404,2023,401,90,22.4,6,1.5
30666473030053,2023,312,136,43.6,13,4.2
30666473030483,2023,41,16,39.0,0,0.0
30666473031929,2023,495,141,28.5,25,5.1
30666473031945,2023,81,71,87.7,32,39.5
30666473038023,2023,582,382,65.6,68,11.7
30666476119556,2023,32,10,31.2,0,0.0
30666700106567,2023,52,48,92.3,8,15.4
30666700108365,2023,607,428,70.5,57,9.4
30666700114736,2023,564,471,83.5,85,15.1
30666700135897,2023,48,42,87.5,10,20.8
30666703030475,2023,184,156,84.8,78,42.4
30666703030491,2023,331,278,84.0,141,42.6
30666703030608,2023,92,77,83.7,0,0.0
30666703034998,2023,176,152,86.4,76,43.2
30666703035821,2023,339,281,82.9,86,25.4
30666703036357,2023,744,635,85.3,230,30.9
30666703036456,2023,519,457,88.1,208,40.1
30666706115133,2023,15,12,80.0,9,60.0
30736353030061,2023,501,243,48.5,86,17.2
30736353030079,2023,119,101,84.9,57,47.9
30736353030244,2023,363,188,51.8,64,17.6
30736353030392,2023,639,238,37.2,63,9.9
30736353030509,2023,41,19,46.3,7,17.1
30736353034956,2023,411,161,39.2,33,8.0
30736430102871,2023,654,143,21.9,42,6.4
30736430139774,2023,84,23,27.4,0,0.0
30736433030590,2023,68,27,39.7,4,5.9
30736433032109,2023,559,158,28.3,28,5.0
30736433032919,2023,92,84,91.3,37,40.2
30736433037553,2023,518,407,78.6,153,29.5
30736500133405,2023,583,100,17.2,33,5.7
30736503030129,2023,51,35,68.6,8,15.7
30736503030152,2023,473,112,23.7,37,7.8
30736503030285,2023,565,127,22.5,30,5.3
30736503030467,2023,40,8,20.0,0,0.0
30736503030657,2023,567,102,18.0,23,4.1
30736503035102,2023,523,111,21.2,15,2.9
30736503073650,2023,14,4,28.6,0,0.0
30739243033917,2023,769,112,14.6,9,1.2
30768930130765,2023,36,27,75.0,10,27.8
31103140126904,2023,9,7,77.8,0,0.0
31103143130101,2023,5,5,100.0,0,0.0
31668940102293,2023,49,14,28.6,0,0.0
31668940138081,2023,51,20,39.2,0,0.0
31668943131687,2023,50,32,64.0,0,0.0
31668943131851,2023,139,31,22.3,0,0.0
31668943132453,2023,404,49,12.1,7,1.7
31668943135704,2023,305,98,32.1,25,8.2
31669280116459,2023,459,206,44.9,21,4.6
31669280121418,2023,60,18,30.0,0,0.0
31669280139840,2023,346,57,16.5,10,2.9
31669283130119,2023,119,42,35.3,4,3.4
31669283130176,2023,462,113,24.5,23,5.0
31669283130184,2023,480,51,10.6,6,1.2
31669283130309,2023,47,32,68.1,5,10.6
31669283135308,2023,304,89,29.3,23,7.6
31669283136504,2023,443,140,31.6,25,5.6
31669443130010,2023,118,41,34.7,5,4.2
31669443130077,2023,15,7,46.7,0,0.0
31669443130192,2023,5,4,80.0,0,0.0
31669443138500,2023,206,61,29.6,6,2.9
31669510135871,2023,25,6,24.0,0,0.0
31669510139246,2023,19,5,26.3,0,0.0
31669510140541,2023,274,56,20.4,0,0.0
31669513130036,2023,48,30,62.5,12,25.0
31669513130168,2023,165,84,50.9,11,6.7
31669513134657,2023,298,115,38.6,29,9.7
31750850108084,2023,463,75,16.2,5,1.1
31750850119487,2023,106,14,13.2,0,0.0
31750853130150,2023,511,85,16.6,11,2.2
31750853130200,2023,31,17,54.8,0,0.0
31750853130218,2023,18,4,22.2,0,0.0
32669693230083,2023,35,18,51.4,0,0.0
32669693232006,2023,22,7,31.8,0,0.0
32669693233509,2023,4,0,0.0,0,0.0
32669693235603,2023,54,32,59.3,6,11.1
32669693236007,2023,46,25,54.3,0,0.0
33103300110833,2023,207,105,50.7,6,2.9
33103300125237,2023,42,32,76.2,7,16.7
33103300128397,2023,114,88,77.2,14,12.3
33103300128777,2023,76,51,67.1,14,18.4
33103300137836,2023,12,6,50.0,0,0.0
33103300137869,2023,41,19,46.3,0,0.0
33103300138602,2023,62,17,27.4,0,0.0
33103300140780,2023,45,25,55.6,0,0.0
33103303330123,2023,62,41,66.1,12,19.4
33103303331055,2023,60,52,86.7,15,25.0
33103306069207,2023,9,0,0.0,0,0.0
33316253330834,2023,8,0,0.0,0,0.0
33669770125732,2023,462,341,73.8,52,11.3
33669770135061,2023,107,100,93.5,45,42.1
33669773330008,2023,362,305,84.3,77,21.3
33669773334299,2023,496,463,93.3,136,27.4
33669773337128,2023,81,71,87.7,23,28.4
33669853330214,2023,261,222,85.1,38,14.6
33669853330222,2023,35,28,80.0,0,0.0
33669853330974,2023,19,13,68.4,0,0.0
33669930129882,2023,89,44,49.4,0,0.0
33669930139360,2023,183,82,44.8,0,0.0
33669930141366,2023,8,6,75.0,0,0.0
33669933330479,2023,699,407,58.2,36,5.2
33669933330842,2023,68,34,50.0,6,8.8
33670330110106,2023,83,79,95.2,34,41.0
33670330110627,2023,1063,709,66.7,53,5.0
33670330110759,2023,169,106,62.7,0,0.0
33670330135574,2023,138,97,70.3,12,8.7
33670333330131,2023,33,28,84.8,5,15.2
33670333330446,2023,752,582,77.4,90,12.0
33670333330586,2023,306,282,92.2,58,19.0
33670333330701,2023,727,443,60.9,43,5.9
33670333331600,2023,460,385,83.7,79,17.2
33670333334232,2023,487,343,70.4,30,6.2
33670333367033,2023,9,5,55.6,0,0.0
33670580114504,2023,114,97,85.1,18,15.8
33670580118885,2023,438,341,77.9,59,13.5
33670583330388,2023,472,269,57.0,29,6.1
33670583330669,2023,548,399,72.8,33,6.0
33670583330909,2023,80,66,82.5,6,7.5
33670583331113,2023,111,104,93.7,40,36.0
33670583333192,2023,492,448,91.1,136,27.6
33670820106716,2023,52,44,84.6,4,7.7
33670820113159,2023,433,387,89.4,53,12.2
33670820120675,2023,79,51,64.6,0,0.0
33670823330065,2023,117,101,86.3,14,12.0
33670823330503,2023,78,65,83.3,5,6.4
33670823330537,2023,418,377,90.2,49,11.7
33670823332673,2023,589,478,81.2,56,9.5
33670823367082,2023,4,4,100.0,0,0.0
33670900114157,2023,615,443,72.0,99,16.1
33670903330412,2023,404,336,83.2,92,22.8
33670903334687,2023,152,138,90.8,48,31.6
33670903337136,2023,331,306,92.4,86,26.0
33671160109843,2023,126,26,20.6,0,0.0
33671240105940,2023,5,4,80.0,0,0.0
33671240128868,2023,225,169,75.1,38,16.9
33671243330396,2023,518,318,61.4,52,10.0
33671243330438,2023,666,431,64.7,71,10.7
33671243330800,2023,63,48,76.2,20,31.7
33671243331071,2023,411,317,77.1,56,13.6
33671243333762,2023,156,136,87.2,38,24.4
33671243333770,2023,498,389,78.1,109,21.9
33671573331014,2023,128,98,76.6,0,0.0
33671730127316,2023,332,321,96.7,54,16.3
33671730133090,2023,54,53,98.1,5,9.3
33671733330578,2023,309,295,95.5,88,28.5
33671733330818,2023,393,378,96.2,101,25.7
33671733331121,2023,260,251,96.5,82,31.5
33671733335130,2023,357,345,96.6,39,10.9
33671810138610,2023,44,29,65.9,0,0.0
33671813331139,2023,70,61,87.1,8,11.4
33671813335759,2023,141,109,77.3,4,2.8
33672070101170,2023,115,103,89.6,11,9.6
33672070113191,2023,583,443,76.0,69,11.8
33672070134981,2023,50,37,74.0,6,12.0
33672070140491,2023,428,233,54.4,7,1.6
33672073330172,2023,169,146,86.4,30,17.8
33672073330727,2023,692,407,58.8,25,3.6
33672073335973,2023,573,537,93.7,172,30.0
33672073367207,2023,6,0,0.0,0,0.0
33672150115709,2023,120,94,78.3,11,9.2
33672150131359,2023,57,21,36.8,0,0.0
33672153330024,2023,439,365,83.1,59,13.4
33672153330362,2023,31,21,67.7,0,0.0
33672153330511,2023,12,7,58.3,0,0.0
33672153330677,2023,190,136,71.6,54,28.4
33672153330859,2023,708,359,50.7,15,2.1
33672153334406,2023,538,459,85.3,92,17.1
33672153336237,2023,598,407,68.1,61,10.2
33672153336492,2023,554,476,85.9,71,12.8
33672153336955,2023,90,76,84.4,31,34.4
33672493331006,2023,54,48,88.9,4,7.4
33672493337649,2023,81,76,93.8,10,12.3
33672493337656,2023,658,587,89.2,91,13.8
33672496114748,2023,99,65,65.7,5,5.1
33736760100255,2023,514,499,97.1,111,21.6
33736760121673,2023,53,49,92.5,11,20.8
33736763330032,2023,63,58,92.1,23,36.5
33736763330354,2023,86,81,94.2,21,24.4
33736763330990,2023,650,588,90.5,121,18.6
33751760107920,2023,376,292,77.7,27,7.2
33751760116343,2023,115,67,58.3,0,0.0
33751763330115,2023,271,200,73.8,25,9.2
33751763330487,2023,461,260,56.4,15,3.3
33751763332350,2023,489,323,66.1,28,5.7
33751763375176,2023,4,0,0.0,0,0.0
33751920105734,2023,709,123,17.3,16,2.3
33751923330370,2023,639,183,28.6,27,4.2
33751923330495,2023,123,60,48.8,13,10.6
33751923330636,2023,121,35,28.9,0,0.0
33751923330743,2023,694,186,26.8,22,3.2
33751923330917,2023,69,14,20.3,0,0.0
33751923375192,2023,5,0,0.0,0,0.0
33752000100420,2023,836,325,38.9,24,2.9
33752000102079,2023,88,56,63.6,5,5.7
33752000118794,2023,578,240,41.5,26,4.5
33752003330529,2023,557,177,31.8,17,3.1
33752420109108,2023,430,390,90.7,59,13.7
33752420123190,2023,36,33,91.7,0,0.0
33752420133306,2023,665,568,85.4,61,9.2
33752423330552,2023,487,404,83.0,41,8.4
33752423330560,2023,203,193,95.1,75,36.9
34103480106237,2023,52,41,78.8,18,34.6
34103480106245,2023,55,47,85.5,4,7.3
34103480106278,2023,28,21,75.0,0,0.0
34103480118745,2023,95,71,74.7,16,16.8
34103480136275,2023,44,24,54.5,0,0.0
34673140105916,2023,562,310,55.2,54,9.6
34673140108753,2023,592,128,21.6,15,2.5
34673140116897,2023,567,182,32.1,18,3.2
34673140137281,2023,113,73,64.6,8,7.1
34673143430170,2023,382,259,67.8,89,23.3
34673143430311,2023,64,41,64.1,15,23.4
34673143430329,2023,70,56,80.0,15,21.4
34673143430352,2023,124,67,54.0,10,8.1
34673143430477,2023,328,221,67.4,78,23.8
34673143430592,2023,500,191,38.2,49,9.8
34673143430618,2023,598,283,47.3,68,11.4
34673143430873,2023,658,169,25.7,24,3.6
34673143432002,2023,63,53,84.1,23,36.5
34673143432572,2023,430,161,37.4,28,6.5
34673143467314,2023,11,8,72.7,0,0.0
34673146112254,2023,81,34,42.0,0,0.0
34673300113571,2023,441,24,5.4,0,0.0
34673300140699,2023,8,4,50.0,0,0.0
34673303430501,2023,95,28,29.5,0,0.0
34673303430709,2023,31,14,45.2,0,0.0
34673303431533,2023,441,313,71.0,96,21.8
34673303433216,2023,640,84,13.1,22,3.4
34673303434792,2023,67,39,58.2,13,19.4
34673303467330,2023,8,0,0.0,0,0.0
34673550119131,2023,254,118,46.5,23,9.1
34673553432903,2023,33,24,72.7,6,18.2
34673553433471,2023,236,156,66.1,27,11.4
34674133430469,2023,11,9,81.8,0,0.0
34674134835302,2023,87,55,63.2,12,13.8
34674135731708,2023,46,32,69.6,9,19.6
34674210132019,2023,15,10,66.7,0,0.0
34674210137950,2023,87,65,74.7,15,17.2
34674390101881,2023,37,30,81.1,6,16.2
34674390101899,2023,33,20,60.6,0,0.0
34674390101907,2023,53,30,56.6,5,9.4
34674390101972,2023,366,232,63.4,35,9.6
34674390102038,2023,62,52,83.9,6,9.7
34674390108951,2023,48,33,68.8,4,8.3
34674390114546,2023,62,40,64.5,6,9.7
34674390137406,2023,145,124,85.5,29,20.0
34674393430154,2023,75,62,82.7,12,16.0
34674393430519,2023,91,72,79.1,13,14.3
34674393430865,2023,199,96,48.2,0,0.0
34674393431012,2023,378,324,85.7,131,34.7
34674393434636,2023,403,344,85.4,137,34.0
34674393434768,2023,513,280,54.6,75,14.6
34674393435419,2023,541,331,61.2,87,16.1
34674393467439,2023,8,6,75.0,0,0.0
34674396061832,2023,42,21,50.0,0,0.0
34674470121467,2023,50,44,88.0,5,10.0
34674470135772,2023,18,6,33.3,0,0.0
34674473430048,2023,200,131,65.5,20,10.0
34674473430097,2023,43,26,60.5,0,0.0
34674473430386,2023,58,28,48.3,0,0.0
34674473430394,2023,5,5,100.0,0,0.0
34674473430493,2023,416,127,30.5,21,5.0
34674473430691,2023,158,119,75.3,13,8.2
34674473430717,2023,1133,647,57.1,79,7.0
34674473430758,2023,58,31,53.4,0,0.0
34674473431111,2023,253,98,38.7,6,2.4
34674473432051,2023,364,192,52.7,34,9.3
34674473432317,2023,329,171,52.0,20,6.1
34674473432838,2023,169,157,92.9,71,42.0
34674473435930,2023,405,227,56.0,72,17.8
34674473436714,2023,479,136,28.4,37,7.7
34674473438504,2023,139,105,75.5,36,25.9
34674473467447,2023,12,7,58.3,0,0.0
34739733430378,2023,337,179,53.1,41,12.2
34739733430451,2023,62,46,74.2,7,11.3
34752830102236,2023,597,256,42.9,39,6.5
34752830112425,2023,151,64,42.4,5,3.3
34752830126060,2023,92,51,55.4,0,0.0
34752833430584,2023,294,219,74.5,63,21.4
34752833430626,2023,57,44,77.2,7,12.3
34752833430659,2023,141,31,22.0,0,0.0
34765050101832,2023,92,84,91.3,49,53.3
34765050108415,2023,87,61,70.1,13,14.9
34765050108795,2023,45,34,75.6,5,11.1
34765050108837,2023,94,77,81.9,21,22.3
34765050114272,2023,34,25,73.5,0,0.0
34765053430261,2023,43,40,93.0,9,20.9
34765053430634,2023,197,181,91.9,29,14.7
34765053430881,2023,53,46,86.8,20,37.7
34765053433265,2023,271,249,91.9,67,24.7
34765053433794,2023,482,428,88.8,153,31.7
34765053434370,2023,159,133,83.6,42,26.4
34765053436979,2023,375,303,80.8,66,17.6
35103550132308,2023,5,5,100.0,0,0.0
35675383530029,2023,42,37,88.1,16,38.1
35675383537008,2023,867,509,58.7,106,12.2
35752593530060,2023,74,45,60.8,8,10.8
36103630107466,2023,132,103,78.0,27,20.5
36103630140012,2023,95,64,67.4,11,11.6
36103633630431,2023,44,25,56.8,9,20.5
36103633630761,2023,448,282,62.9,25,5.6
36103636069348,2023,19,13,68.4,0,0.0
36675870128462,2023,55,46,83.6,7,12.7
36676113630712,2023,47,43,91.5,5,10.6
36676113630803,2023,335,230,68.7,26,7.8
36676373630290,2023,20,18,90.0,4,20.0
36676373631066,2023,152,106,69.7,21,13.8
36676520126243,2023,40,24,60.0,0,0.0
36676523630225,2023,569,354,62.2,18,3.2
36676523630373,2023,913,500,54.8,27,3.0
36676523630571,2023,848,358,42.2,30,3.5
36676523630845,2023,7,5,71.4,0,0.0
36676523631058,2023,726,262,36.1,27,3.7
36676523631157,2023,502,395,78.7,45,9.0
36676523632205,2023,820,726,88.5,155,18.9
36676523633906,2023,662,623,94.1,55,8.3
36676523634482,2023,539,483,89.6,45,8.3
36676523637659,2023,184,164,89.1,41,22.3
36676523667652,2023,15,10,66.7,4,26.7
36676783630035,2023,398,306,76.9,38,9.5
36676783630522,2023,604,146,24.2,13,2.2
36676783631017,2023,660,169,25.6,18,2.7
36676783631587,2023,8,7,87.5,0,0.0
36676783631769,2023,105,87,82.9,12,11.4
36676783632502,2023,488,395,80.9,29,5.9
36676783667678,2023,4,0,0.0,0,0.0
36676860125500,2023,418,302,72.2,18,4.3
36676863630399,2023,16,16,100.0,0,0.0
36676863631322,2023,499,442,88.6,71,14.2
36676863632742,2023,383,342,89.3,41,10.7
36676863636131,2023,114,104,91.2,14,12.3
36677100108191,2023,621,341,54.9,70,11.3
36677100120758,2023,361,275,76.2,59,16.3
36677103630019,2023,151,128,84.8,25,16.6
36677103630480,2023,197,168,85.3,64,32.5
36677103630555,2023,480,370,77.1,98,20.4
36677103630902,2023,484,364,75.2,80,16.5
36677103633302,2023,567,515,90.8,131,23.1
36677360116723,2023,61,32,52.5,0,0.0
36677360128439,2023,72,45,62.5,0,0.0
36677360130948,2023,19,17,89.5,0,0.0
36677360136069,2023,143,58,40.6,0,0.0
36677360136937,2023,93,73,78.5,25,26.9
36677360139576,2023,26,14,53.8,0,0.0
36677773630217,2023,57,47,82.5,0,0.0
36677773636743,2023,173,120,69.4,10,5.8
36677773638616,2023,318,222,69.8,20,6.3
36678010132720,2023,5,4,80.0,0,0.0
36678013630266,2023,10,7,70.0,0,0.0
36678013634169,2023,52,33,63.5,0,0.0
36678270113928,2023,188,147,78.2,18,9.6
36678270137174,2023,52,46,88.5,9,17.3
36678270137182,2023,174,129,74.1,13,7.5
36678270137190,2023,206,182,88.3,22,10.7
36678270137208,2023,113,95,84.1,20,17.7
36678270137216,2023,65,54,83.1,12,18.5
36678270137224,2023,136,99,72.8,17,12.5
36678270137232,2023,52,44,84.6,5,9.6
36678430118802,2023,490,292,59.6,25,5.1
36678430127837,2023,9,7,77.8,0,0.0
36678433630779,2023,439,274,62.4,16,3.6
36678433630928,2023,31,6,19.4,0,0.0
36678433634995,2023,147,128,87.1,15,10.2
36678433635042,2023,502,286,57.0,32,6.4
36678433667843,2023,60,40,66.7,5,8.3
36678500102830,2023,483,365,75.6,69,14.3
36678503630159,2023,111,103,92.8,43,38.7
36678503630530,2023,90,75,83.3,20,22.2
36678503630597,2023,714,590,82.6,147,20.6
36678503633005,2023,503,442,87.9,116,23.1
36678680133181,2023,25,16,64.0,0,0.0
36678683630241,2023,14,10,71.4,0,0.0
36678683635265,2023,198,118,59.6,20,10.1
36678760107730,2023,14,11,78.6,0,0.0
36678760109850,2023,54,54,100.0,14,25.9
36678760120568,2023,185,159,85.9,21,11.4
36678760125450,2023,416,392,94.2,74,17.8
36678760136952,2023,131,100,76.3,12,9.2
36678760141689,2023,63,58,92.1,5,7.9
36678763630308,2023,281,249,88.6,36,12.8
36678763630548,2023,28,26,92.9,0,0.0
36678763630993,2023,77,58,75.3,17,22.1
36678763631082,2023,691,654,94.6,81,11.7
36678763631090,2023,52,42,80.8,0,0.0
36678763632221,2023,654,536,82.0,45,6.9
36678763632809,2023,252,240,95.2,38,15.1
36678763634680,2023,261,247,94.6,32,12.3
36678763635844,2023,311,282,90.7,51,16.4
36678763636081,2023,340,304,89.4,22,6.5
36678763667876,2023,12,11,91.7,0,0.0
36678923636487,2023,22,15,68.2,0,0.0
36679340110064,2023,172,121,70.3,0,0.0
36679340125419,2023,470,369,78.5,57,12.1
36679340137638,2023,62,57,91.9,5,8.1
36679340138123,2023,98,74,75.5,8,8.2
36679340140202,2023,23,17,73.9,0,0.0
36679343630100,2023,64,45,70.3,12,18.8
36679343630670,2023,87,74,85.1,10,11.5
36679343630787,2023,495,370,74.7,94,19.0
36679343638012,2023,441,365,82.8,87,19.7
36679346114698,2023,187,126,67.4,8,4.3
36679590101410,2023,40,32,80.0,9,22.5
36679593633351,2023,69,54,78.3,5,7.2
36679593638509,2023,640,352,55.0,37,5.8
36738583630076,2023,13,10,76.9,5,38.5
36738903630274,2023,86,40,46.5,5,5.8
36738903630282,2023,13,11,84.6,0,0.0
36738903631199,2023,11,5,45.5,0,0.0
36739573630233,2023,448,290,64.7,35,7.8
36739573630365,2023,101,70,69.3,16,15.8
36739573630589,2023,31,17,54.8,0,0.0
36739573631108,2023,7,6,85.7,0,0.0
36750440107516,2023,32,23,71.9,0,0.0
36750440114389,2023,47,29,61.7,0,0.0
36750440115444,2023,123,99,80.5,21,17.1
36750440116707,2023,90,56,62.2,5,5.6
36750440119115,2023,586,274,46.8,56,9.6
36750443630407,2023,491,326,66.4,115,23.4
36750443630472,2023,213,159,74.6,67,31.5
36750443630746,2023,440,243,55.2,51,11.6
36750443630811,2023,62,36,58.1,5,8.1
36750443630944,2023,9,6,66.7,0,0.0
36750510115089,2023,132,59,44.7,0,0.0
36750510136432,2023,441,364,82.5,47,10.7
36750510136960,2023,60,30,50.0,0,0.0
36750510137794,2023,97,43,44.3,0,0.0
36750510138107,2023,44,26,59.1,10,22.7
36750510139188,2023,124,66,53.2,0,0.0
36750513630563,2023,65,56,86.2,10,15.4
36750513630696,2023,4,4,100.0,0,0.0
36750693630456,2023,76,66,86.8,12,15.8
36750693637584,2023,703,474,67.4,40,5.7
36750693675069,2023,4,0,0.0,0,0.0
36750773630423,2023,515,326,63.3,36,7.0
36750773630894,2023,391,271,69.3,35,9.0
36750773631009,2023,124,100,80.6,22,17.7
36750773631207,2023,108,46,42.6,0,0.0
37103710115998,2023,12,12,100.0,0,0.0
37103710120493,2023,10,10,100.0,6,60.0
37103710128520,2023,116,106,91.4,39,33.6
37103710128538,2023,48,45,93.8,10,20.8
37103710134577,2023,29,12,41.4,0,0.0
37103710137752,2023,27,14,51.9,0,0.0
37103710138792,2023,6,0,0.0,0,0.0
37103711996545,2023,6,0,0.0,0,0.0
37103716119119,2023,70,29,41.4,4,5.7
37679830134890,2023,479,346,72.2,92,19.2
37679833730447,2023,31,28,90.3,9,29.0
37679910140558,2023,25,17,68.0,5,20.0
37680230138073,2023,40,13,32.5,0,0.0
37680236037980,2023,151,101,66.9,17,11.3
37680236115778,2023,93,57,61.3,0,0.0
37680313731478,2023,248,28,11.3,0,0.0
37680490129221,2023,90,34,37.8,0,0.0
37680490132506,2023,132,55,41.7,5,3.8
37680490136416,2023,139,64,46.0,6,4.3
37680490136614,2023,96,80,83.3,15,15.6
37681060111195,2023,309,58,18.8,0,0.0
37681060127241,2023,178,132,74.2,19,10.7
37681060137034,2023,10,6,60.0,0,0.0
37681063730058,2023,467,331,70.9,69,14.8
37681063731023,2023,224,107,47.8,4,1.8
37681063732054,2023,167,147,88.0,57,34.1
37681063732062,2023,433,378,87.3,79,18.2
37681063735313,2023,454,400,88.1,115,25.3
37681223730967,2023,33,21,63.6,0,0.0
37681223732179,2023,450,328,72.9,69,15.3
37681223732195,2023,66,63,95.5,22,33.3
37681300128793,2023,19,13,68.4,0,0.0
37681300128819,2023,5,4,80.0,0,0.0
37681300132548,2023,46,26,56.5,0,0.0
37681300139063,2023,37,20,54.1,0,0.0
37681303730066,2023,490,306,62.4,55,11.2
37681303730702,2023,359,127,35.4,8,2.2
37681303731262,2023,515,281,54.6,38,7.4
37681303731536,2023,29,9,31.0,0,0.0
37681303731692,2023,424,374,88.2,152,35.8
37681303731809,2023,439,227,51.7,29,6.6
37681303732336,2023,593,350,59.0,54,9.1
37681303732559,2023,21,19,90.5,9,42.9
37681303732625,2023,492,284,57.7,43,8.7
37681303732732,2023,579,351,60.6,9,1.6
37681303734548,2023,362,271,74.9,51,14.1
37681303734761,2023,379,291,76.8,52,13.7
37681303737905,2023,432,219,50.7,21,4.9
37681303768130,2023,7,4,57.1,0,0.0
37681556117303,2023,12,5,41.7,0,0.0
37681630128421,2023,4,0,0.0,0,0.0
37681630137109,2023,85,65,76.5,24,28.2
37681630138628,2023,6,0,0.0,0,0.0
37681630139402,2023,55,34,61.8,21,38.2
37681633731239,2023,32,12,37.5,0,0.0
37681713733219,2023,26,15,57.7,0,0.0
37681893731072,2023,44,4,9.1,0,0.0
37682130123224,2023,71,39,54.9,6,8.5
37682130127084,2023,44,25,56.8,5,11.4
37682130129668,2023,40,22,55.0,4,10.0
37682130136978,2023,40,20,50.0,0,0.0
37682130138636,2023,8,4,50.0,0,0.0
37682133730934,2023,11,5,45.5,0,0.0
37682133730991,2023,13,11,84.6,4,30.8
37682133734878,2023,98,58,59.2,22,22.4
37682960118935,2023,601,62,10.3,9,1.5
37682960141390,2023,37,10,27.0,0,0.0
37682963730074,2023,465,89,19.1,14,3.0
37682963730819,2023,584,100,17.1,14,2.4
37682963731528,2023,609,69,11.3,10,1.6
37682963735842,2023,39,26,66.7,8,20.5
37682963735867,2023,528,116,22.0,19,3.6
37683040102178,2023,13,10,76.9,0,0.0
37683040131250,2023,17,6,35.3,0,0.0
37683043735958,2023,64,49,76.6,8,12.5
37683043735974,2023,339,187,55.2,23,6.8
37683380106732,2023,95,34,35.8,4,4.2
37683380106799,2023,14,0,0.0,0,0.0
37683380107078,2023,85,64,75.3,10,11.8
37683380107086,2023,94,80,85.1,0,0.0
37683380107094,2023,81,57,70.4,0,0.0
37683380107102,2023,63,37,58.7,0,0.0
37683380107177,2023,245,215,87.8,40,16.3
37683380107219,2023,498,305,61.2,52,10.4
37683380107482,2023,25,15,60.0,0,0.0
37683380108787,2023,95,36,37.9,8,8.4
37683380114025,2023,357,318,89.1,83,23.2
37683380114462,2023,137,93,67.9,22,16.1
37683380118315,2023,33,24,72.7,0,0.0
37683380118851,2023,66,64,97.0,33,50.0
37683380119610,2023,156,136,87.2,35,22.4
37683380120410,2023,55,34,61.8,0,0.0
37683380122788,2023,59,11,18.6,0,0.0
37683380124347,2023,23,22,95.7,13,56.5
37683380126938,2023,5,0,0.0,0,0.0
37683380127647,2023,86,66,76.7,27,31.4
37683380131979,2023,87,71,81.6,10,11.5
37683380135913,2023,22,14,63.6,7,31.8
37683380136663,2023,24,24,100.0,7,29.2
37683383730173,2023,274,141,51.5,7,2.6
37683383730181,2023,568,299,52.6,30,5.3
37683383730231,2023,178,142,79.8,27,15.2
37683383730314,2023,393,185,47.1,9,2.3
37683383730371,2023,185,97,52.4,0,0.0
37683383730751,2023,33,10,30.3,0,0.0
37683383730884,2023,460,101,22.0,9,2.0
37683383730959,2023,174,114,65.5,16,9.2
37683383731130,2023,4,0,0.0,0,0.0
37683383731189,2023,117,111,94.9,4,3.4
37683383731213,2023,204,102,50.0,5,2.5
37683383731247,2023,143,46,32.2,7,4.9
37683383731395,2023,37,18,48.6,0,0.0
37683383732781,2023,578,200,34.6,7,1.2
37683383732997,2023,520,446,85.8,93,17.9
37683383733508,2023,321,92,28.7,4,1.2
37683383733698,2023,187,142,75.9,8,4.3
37683383734431,2023,266,140,52.6,11,4.1
37683383734654,2023,398,308,77.4,25,6.3
37683383735750,2023,388,155,39.9,9,2.3
37683383737962,2023,93,87,93.5,23,24.7
37683383768338,2023,8,4,50.0,0,0.0
37683386040083,2023,22,16,72.7,0,0.0
37683386061964,2023,126,79,62.7,8,6.3
37683460106328,2023,542,54,10.0,5,0.9
37683463730033,2023,732,120,16.4,31,4.2
37683463731007,2023,436,68,15.6,19,4.4
37683463737384,2023,43,12,27.9,0,0.0
37683463737418,2023,530,131,24.7,22,4.2
37683463768346,2023,4,0,0.0,0,0.0
37684030125401,2023,69,40,58.0,10,14.5
37684036120893,2023,319,185,58.0,16,5.0
37684110111831,2023,602,155,25.7,32,5.3
37684110140939,2023,155,80,51.6,42,27.1
37684113730124,2023,392,368,93.9,145,37.0
37684113730405,2023,545,236,43.3,44,8.1
37684113730801,2023,339,269,79.4,104,30.7
37684113730843,2023,669,163,24.4,43,6.4
37684113731064,2023,525,437,83.2,175,33.3
37684113731155,2023,18,9,50.0,0,0.0
37684113731304,2023,56,45,80.4,44,78.6
37684113731460,2023,12,10,83.3,0,0.0
37684113731502,2023,540,459,85.0,241,44.6
37684113731627,2023,616,209,33.9,46,7.5
37684113732047,2023,158,119,75.3,61,38.6
37684113732849,2023,450,346,76.9,69,15.3
37684113733953,2023,308,250,81.2,59,19.2
37684113738226,2023,688,640,93.0,169,24.6
37684113738234,2023,436,349,80.0,133,30.5
37684113768411,2023,290,175,60.3,49,16.9
37684520106120,2023,422,364,86.3,91,21.6
37684520114264,2023,35,15,42.9,0,0.0
37684520115451,2023,87,71,81.6,13,14.9
37684520118430,2023,369,136,36.9,0,0.0
37684520124917,2023,15,8,53.3,0,0.0
37684520126300,2023,17,11,64.7,0,0.0
37684523730728,2023,417,284,68.1,38,9.1
37684523730942,2023,118,80,67.8,4,3.4
37684523732039,2023,59,47,79.7,0,0.0
37684523738705,2023,508,389,76.6,61,12.0
37684523768452,2023,4,0,0.0,0,0.0
37735510127423,2023,368,90,24.5,9,2.4
37735513730017,2023,29,13,44.8,0,0.0
37735513730694,2023,589,166,28.2,24,4.1
37735513731163,2023,15,4,26.7,0,0.0
37735513773551,2023,5,0,0.0,0,0.0
37735690136267,2023,139,41,29.5,0,0.0
37735690140079,2023,73,44,60.3,4,5.5
37735693731221,2023,147,101,68.7,11,7.5
37735693735206,2023,395,283,71.6,30,7.6
37735693739018,2023,583,381,65.4,38,6.5
37735693739026,2023,110,103,93.6,16,14.5
37737910105726,2023,691,353,51.1,41,5.9
37737910138222,2023,13,7,53.8,0,0.0
37737913730215,2023,83,70,84.3,20,24.1
37737913730793,2023,46,26,56.5,0,0.0
37737913737632,2023,841,297,35.3,52,6.2
37754160132472,2023,56,30,53.6,0,0.0
37754160138651,2023,54,30,55.6,0,0.0
37754160139378,2023,28,6,21.4,0,0.0
37754160139386,2023,37,16,43.2,0,0.0
37754160139451,2023,39,18,46.2,0,0.0
37754163730975,2023,13,9,69.2,0,0.0
37754166119275,2023,7,7,100.0,0,0.0
37756143731114,2023,260,137,52.7,17,6.5
37756143731312,2023,38,34,89.5,9,23.7
37756143731601,2023,28,23,82.1,4,14.3
37764710114678,2023,159,61,38.4,13,8.2
37764710114694,2023,97,41,42.3,0,0.0
37764710137067,2023,101,37,36.6,4,4.0
37768510129320,2023,77,38,49.4,12,15.6
37770990136077,2023,36,23,63.9,0,0.0
37771070136473,2023,47,32,68.1,0,0.0
37771560137323,2023,4,0,0.0,0,0.0
38103893810389,2023,9,4,44.4,0,0.0
38103893830361,2023,4,0,0.0,0,0.0
38103893830395,2023,12,8,66.7,9,75.0
38103893830445,2023,21,18,85.7,4,19.0
38684780101774,2023,19,13,68.4,0,0.0
38684780102103,2023,48,28,58.3,15,31.2
38684780107300,2023,110,80,72.7,30,27.3
38684780118141,2023,28,20,71.4,0,0.0
38684780119875,2023,94,76,80.9,91,96.8
38684780119958,2023,72,50,69.4,12,16.7
38684780127530,2023,93,80,86.0,22,23.7
38684783830031,2023,58,38,65.5,19,32.8
38684783830064,2023,43,27,62.8,9,20.9
38684783830197,2023,63,35,55.6,0,0.0
38684783830205,2023,127,65,51.2,5,3.9
38684783830254,2023,220,139,63.2,51,23.2
38684783830288,2023,303,187,61.7,55,18.2
38684783830387,2023,167,37,22.2,0,0.0
38684783830403,2023,86,61,70.9,61,70.9
38684783830429,2023,13,11,84.6,0,0.0
38684783830437,2023,120,57,47.5,5,4.2
38684783831765,2023,424,252,59.4,67,15.8
38684783833241,2023,488,246,50.4,69,14.1
38684783833407,2023,651,238,36.6,15,2.3
38684783834082,2023,226,147,65.0,92,40.7
38684783834769,2023,108,85,78.7,27,25.0
38684783839081,2023,494,251,50.8,52,10.5
39103970120717,2023,79,52,65.8,13,16.5
39103973930195,2023,21,16,76.2,4,19.0
39103973930468,2023,408,333,81.6,72,17.6
39103973930476,2023,271,191,70.5,39,14.4
39103976069215,2023,5,5,100.0,0,0.0
39685020126011,2023,10,0,0.0,0,0.0
39685023930054,2023,24,15,62.5,6,25.0
39685023932308,2023,191,84,44.0,16,8.4
39685693933793,2023,62,49,79.0,8,12.9
39685693933801,2023,686,351,51.2,49,7.1
39685770118307,2023,17,16,94.1,7,41.2
39685773933959,2023,172,129,75.0,20,11.6
39685850101956,2023,167,82,49.1,0,0.0
39685850108225,2023,424,331,78.1,61,14.4
39685850122580,2023,96,66,68.8,7,7.3
39685850139261,2023,56,31,55.4,0,0.0
39685853930237,2023,436,327,75.0,22,5.0
39685853930278,2023,47,36,76.6,4,8.5
39685853930344,2023,42,29,69.0,0,0.0
39685853930443,2023,82,46,56.1,0,0.0
39685853934759,2023,525,361,68.8,65,12.4
39685853934767,2023,45,37,82.2,12,26.7
39685853934783,2023,499,302,60.5,51,10.2
39685930101576,2023,305,197,64.6,49,16.1
39685930112565,2023,65,45,69.2,21,32.3
39685930116376,2023,405,208,51.4,42,10.4
39685933930310,2023,395,161,40.8,32,8.1
39685933932001,2023,386,222,57.5,60,15.5
39685933935103,2023,416,241,57.9,72,17.3
39685933935111,2023,91,64,70.3,22,24.2
39686270126755,2023,76,67,88.2,10,13.2
39686270127191,2023,245,150,61.2,22,9.0
39686270129916,2023,24,7,29.2,0,0.0
39686270133116,2023,84,61,72.6,13,15.5
39686270136028,2023,41,27,65.9,0,0.0
39686270136135,2023,89,42,47.2,0,0.0
39686276119309,2023,86,42,48.8,0,0.0
39686500125849,2023,215,104,48.4,16,7.4
39686500128215,2023,16,11,68.8,4,25.0
39686503935756,2023,250,76,30.4,8,3.2
39686760108159,2023,520,358,68.8,73,14.0
39686760115402,2023,58,50,86.2,14,24.1
39686760118497,2023,89,57,64.0,6,6.7
39686760119743,2023,106,74,69.8,0,0.0
39686760119784,2023,92,72,78.3,9,9.8
39686760120733,2023,52,16,30.8,8,15.4
39686760123802,2023,97,73,75.3,0,0.0
39686760124248,2023,49,31,63.3,0,0.0
39686763930211,2023,90,86,95.6,31,34.4
39686763930427,2023,107,83,77.6,4,3.7
39686763932100,2023,663,526,79.3,161,24.3
39686763932654,2023,503,376,74.8,129,25.6
39686763937406,2023,439,321,73.1,65,14.8
39686763968676,2023,6,5,83.3,0,0.0
39754990102392,2023,129,46,35.7,10,7.8
39754990114140,2023,69,50,72.5,20,29.0
39754990119040,2023,438,154,35.2,33,7.5
39754990139949,2023,84,52,61.9,14,16.7
39754993930302,2023,515,289,56.1,89,17.3
39754993938008,2023,434,187,43.1,80,18.4
39767600128967,2023,477,83,17.4,17,3.6
40104050101725,2023,73,69,94.5,16,21.9
40104054030078,2023,7,0,0.0,0,0.0
40104054030250,2023,12,12,100.0,0,0.0
40104056106769,2023,5,5,100.0,0,0.0
40687004030102,2023,61,21,34.4,0,0.0
40687004030151,2023,34,25,73.5,0,0.0
40687004030755,2023,224,112,50.0,13,5.8
40687590125328,2023,56,22,39.3,0,0.0
40687590140194,2023,56,33,58.9,0,0.0
40687594030268,2023,200,138,69.0,23,11.5
40687594030557,2023,458,231,50.4,13,2.8
40687594033205,2023,72,66,91.7,9,12.5
40688094030045,2023,37,27,73.0,7,18.9
40688094034807,2023,195,72,36.9,8,4.1
40688094036703,2023,378,92,24.3,14,3.7
40688334037008,2023,19,14,73.7,8,42.1
40688414030128,2023,8,4,50.0,0,0.0
40688414030185,2023,34,12,35.3,0,0.0
40688414037701,2023,175,30,17.1,8,4.6
40754570119354,2023,47,26,55.3,0,0.0
40754574035754,2023,479,284,59.3,45,9.4
40754574035762,2023,79,54,68.4,15,19.0
40754654030144,2023,4,4,100.0,0,0.0
40754654032009,2023,28,23,82.1,0,0.0
41104130135269,2023,34,25,73.5,18,52.9
41104134130076,2023,10,7,70.0,4,40.0
41688904130027,2023,10,9,90.0,0,0.0
41688904132817,2023,269,116,43.1,20,7.4
41688904168890,2023,7,0,0.0,0,0.0
41689160112284,2023,106,57,53.8,12,11.3
41689240127548,2023,106,33,31.1,5,4.7
41689244133393,2023,272,109,40.1,73,26.8
41689244135075,2023,130,30,23.1,0,0.0
41689244137535,2023,157,23,14.6,5,3.2
41689244137592,2023,74,37,50.0,13,17.6
41689244137790,2023,331,112,33.8,50,15.1
41689404135331,2023,18,11,61.1,11,61.1
41690470129759,2023,128,7,5.5,0,0.0
41690470135814,2023,75,55,73.3,46,61.3
41690474130217,2023,435,79,18.2,18,4.1
41690474130472,2023,363,56,15.4,5,1.4
41690474130738,2023,284,85,29.9,40,14.1
41690474133070,2023,408,94,23.0,54,13.2
41690474134557,2023,287,70,24.4,4,1.4
41690474136370,2023,447,181,40.5,97,21.7
41690474169047,2023,7,0,0.0,0,0.0
41690620112722,2023,101,65,64.4,24,23.8
41690620119503,2023,74,62,83.8,26,35.1
41690620126722,2023,72,58,80.6,30,41.7
41690620138420,2023,43,19,44.2,7,16.3
41690620139915,2023,72,65,90.3,29,40.3
41690624130993,2023,580,54,9.3,15,2.6
41690624133716,2023,552,229,41.5,102,18.5
41690624135687,2023,94,71,75.5,34,36.2
41690624136693,2023,500,216,43.2,107,21.4
41690624138053,2023,439,129,29.4,62,14.1
41690624169062,2023,8,4,50.0,0,0.0
41690704130324,2023,52,35,67.3,18,34.6
41690704132551,2023,300,74,24.7,9,3.0
41690704137279,2023,323,154,47.7,48,14.9
42104214230157,2023,12,9,75.0,0,0.0
42691120111773,2023,53,27,50.9,0,0.0
42691120124255,2023,10,0,0.0,0,0.0
42691120137877,2023,12,5,41.7,0,0.0
42691120137885,2023,15,8,53.3,0,0.0
42691464230587,2023,167,115,68.9,25,15.0
42692290132738,2023,6,5,83.3,0,0.0
42692294230454,2023,257,113,44.0,11,4.3
42692294233029,2023,68,60,88.2,7,10.3
42692294233060,2023,392,267,68.1,40,10.2
42692600116434,2023,129,34,26.4,5,3.9
42693100102285,2023,737,600,81.4,95,12.9
42693104231452,2023,154,140,90.9,31,20.1
42693104234613,2023,606,413,68.2,64,10.6
42693104236030,2023,835,780,93.4,174,20.8
42693284230074,2023,6,0,0.0,0,0.0
42693284236345,2023,210,56,26.7,4,1.9
42750100138891,2023,14,6,42.9,0,0.0
42750104231205,2023,14,12,85.7,0,0.0
42767860120402,2023,39,18,46.2,0,0.0
42767864231726,2023,463,187,40.4,16,3.5
42767864232690,2023,51,44,86.3,9,17.6
42767864235230,2023,478,259,54.2,33,6.9
42767864235727,2023,534,321,60.1,31,5.8
42771980138362,2023,36,22,61.1,0,0.0
42772060138370,2023,29,16,55.2,4,13.8
42772140138388,2023,10,0,0.0,0,0.0
42772220138396,2023,22,9,40.9,0,0.0
43104390113431,2023,108,36,33.3,0,0.0
43104390123257,2023,57,47,82.5,11,19.3
43104390123794,2023,80,26,32.5,8,10.0
43104390128090,2023,5,0,0.0,0,0.0
43104390135087,2023,155,120,77.4,44,28.4
43104394330254,2023,15,10,66.7,6,40.0
43104394330320,2023,11,0,0.0,0,0.0
43104396069371,2023,17,11,64.7,0,0.0
43694014330239,2023,422,90,21.3,4,0.9
43694014330759,2023,86,66,76.7,18,20.9
43694014330866,2023,500,162,32.4,17,3.4
43694014331955,2023,294,201,68.4,37,12.6
43694014336137,2023,388,175,45.1,51,13.1
43694014338505,2023,413,150,36.3,11,2.7
43694014369401,2023,29,15,51.7,0,0.0
43694270107151,2023,11,10,90.9,0,0.0
43694270116889,2023,124,90,72.6,16,12.9
43694270125427,2023,78,53,67.9,18,23.1
43694270125617,2023,83,72,86.7,46,55.4
43694270130856,2023,52,43,82.7,18,34.6
43694270131995,2023,69,64,92.8,36,52.2
43694270132274,2023,108,96,88.9,37,34.3
43694274330015,2023,362,252,69.6,104,28.7
43694274330023,2023,503,100,19.9,22,4.4
43694274330031,2023,646,341,52.8,153,23.7
43694274330312,2023,39,20,51.3,7,17.9
43694274330353,2023,56,35,62.5,15,26.8
43694274330361,2023,62,51,82.3,17,27.4
43694274330668,2023,103,94,91.3,37,35.9
43694274330692,2023,722,126,17.5,26,3.6
43694274330726,2023,6,6,100.0,5,83.3
43694274332318,2023,89,76,85.4,35,39.3
43694274332995,2023,407,273,67.1,146,35.9
43694274333639,2023,203,158,77.8,72,35.5
43694274334900,2023,312,212,67.9,62,19.9
43694274335204,2023,410,228,55.6,94,22.9
43694274335428,2023,347,237,68.3,120,34.6
43694274335907,2023,436,93,21.3,42,9.6
43694274337903,2023,597,246,41.2,80,13.4
43694274369427,2023,7,0,0.0,0,0.0
43694684331799,2023,481,39,8.1,23,4.8
43694684332474,2023,596,181,30.4,106,17.8
43694684333316,2023,586,98,16.7,50,8.5
43694684334421,2023,430,22,5.1,8,1.9
43694684334462,2023,405,23,5.7,8,2.0
43694684369468,2023,4,0,0.0,0,0.0
43694840114496,2023,65,28,43.1,0,0.0
43694840118380,2023,421,166,39.4,41,9.7
43694844332839,2023,431,256,59.4,94,21.8
43694844334850,2023,106,88,83.0,32,30.2
43695344334371,2023,535,45,8.4,9,1.7
43695344337762,2023,286,29,10.1,6,2.1
43695830102368,2023,364,101,27.7,21,5.8
43695834333951,2023,252,102,40.5,36,14.3
43695834334488,2023,63,49,77.8,20,31.7
43696094334116,2023,512,92,18.0,31,6.1
43696094334728,2023,559,87,15.6,41,7.3
43696094334736,2023,32,18,56.2,9,28.1
43696414332904,2023,452,49,10.8,5,1.1
43696414335782,2023,476,51,10.7,8,1.7
43696664330080,2023,233,139,59.7,42,18.0
43696664330502,2023,96,64,66.7,21,21.9
43696664330585,2023,103,86,83.5,40,38.8
43696664332110,2023,57,47,82.5,18,31.6
43696664333522,2023,382,36,9.4,6,1.6
43696664333795,2023,390,234,60.0,66,16.9
43696664335949,2023,371,110,29.6,21,5.7
43696664337200,2023,262,194,74.0,98,37.4
43696664338950,2023,397,165,41.6,57,14.4
43696664369666,2023,5,0,0.0,0,0.0
43696740135970,2023,39,11,28.2,0,0.0
43696744330122,2023,452,216,47.8,51,11.3
43696744330247,2023,49,35,71.4,8,16.3
43696744338406,2023,77,62,80.5,16,20.8
43696744338802,2023,439,184,41.9,47,10.7
43696744369674,2023,4,0,0.0,0,0.0
43733870140673,2023,21,9,42.9,0,0.0
43733874331039,2023,59,31,52.5,18,30.5
43733874334470,2023,775,241,31.1,76,9.8
43771490137315,2023,70,54,77.1,19,27.1
44104474430146,2023,23,19,82.6,7,30.4
44104474430252,2023,85,7,8.2,0,0.0
44104474430278,2023,215,112,52.1,52,24.2
44697990105858,2023,333,310,93.1,69,20.7
44697990117804,2023,66,58,87.9,15,22.7
44697990140335,2023,36,21,58.3,0,0.0
44697994430203,2023,25,24,96.0,8,32.0
44697994430229,2023,54,36,66.7,6,11.1
44697994430245,2023,15,13,86.7,0,0.0
44697994430518,2023,338,166,49.1,15,4.4
44697994437794,2023,72,64,88.9,33,45.8
44697994437901,2023,505,456,90.3,138,27.3
44698070110007,2023,143,42,29.4,0,0.0
44698074430179,2023,24,6,25.0,0,0.0
44698074436754,2023,160,38,23.8,0,0.0
44698234430096,2023,26,11,42.3,0,0.0
44698234430187,2023,42,14,33.3,0,0.0
44698234430195,2023,10,0,0.0,0,0.0
44698234432340,2023,274,114,41.6,28,10.2
44698234436960,2023,30,20,66.7,8,26.7
44698234437109,2023,286,87,30.4,10,3.5
44698234437406,2023,226,83,36.7,10,4.4
44754320139410,2023,76,28,36.8,0,0.0
44754324430211,2023,202,21,10.4,0,0.0
45104540129957,2023,30,22,73.3,0,0.0
45104540132647,2023,38,32,84.2,0,0.0
45104544530150,2023,10,7,70.0,0,0.0
45698564530028,2023,164,73,44.5,0,0.0
45698564530051,2023,48,31,64.6,0,0.0
45698564530333,2023,36,26,72.2,0,0.0
45698564530762,2023,56,48,85.7,5,8.9
45698564530804,2023,95,74,77.9,5,5.3
45699480139543,2023,58,25,43.1,0,0.0
45699480141580,2023,30,16,53.3,0,0.0
45699710135848,2023,34,18,52.9,0,0.0
45699894531000,2023,29,18,62.1,0,0.0
45699894533600,2023,40,15,37.5,0,0.0
45701100135889,2023,20,5,25.0,0,0.0
45701360106013,2023,125,36,28.8,0,0.0
45701364530044,2023,313,123,39.3,0,0.0
45701364530200,2023,119,80,67.2,0,0.0
45701364530267,2023,70,37,52.9,0,0.0
45701364530309,2023,74,25,33.8,0,0.0
45701364532750,2023,235,153,65.1,16,6.8
45701364537304,2023,316,124,39.2,0,0.0
45752674530077,2023,29,25,86.2,0,0.0
45752674530101,2023,10,8,80.0,0,0.0
45752674530176,2023,4,4,100.0,0,0.0
45752674531901,2023,136,76,55.9,0,0.0
46701774630034,2023,5,0,0.0,0,0.0
46701774634259,2023,21,4,19.0,0,0.0
47104700117168,2023,50,33,66.0,0,0.0
47104700137372,2023,16,13,81.2,0,0.0
47702504732707,2023,15,11,73.3,0,0.0
47704664734356,2023,19,14,73.7,0,0.0
47704664735403,2023,58,18,31.0,0,0.0
47704664738753,2023,35,16,45.7,0,0.0
47705164730024,2023,40,37,92.5,0,0.0
47705164739207,2023,143,77,53.8,0,0.0
47736844731253,2023,24,19,79.2,5,20.8
47764554730107,2023,8,7,87.5,0,0.0
47764554733309,2023,43,23,53.5,0,0.0
48104880139030,2023,39,24,61.5,4,10.3
48104884830071,2023,10,7,70.0,0,0.0
48104886069538,2023,4,0,0.0,0,0.0
48104886089668,2023,23,20,87.0,6,26.1
48705244830048,2023,30,16,53.3,0,0.0
48705244831004,2023,355,84,23.7,8,2.3
48705324830055,2023,38,23,60.5,7,18.4
48705324832259,2023,271,114,42.1,41,15.1
48705400125310,2023,62,29,46.8,0,0.0
48705404830170,2023,516,135,26.2,10,1.9
48705404830451,2023,429,286,66.7,48,11.2
48705404833000,2023,338,230,68.0,32,9.5
48705404836003,2023,181,138,76.2,26,14.4
48705654830022,2023,43,24,55.8,0,0.0
48705654838801,2023,362,171,47.2,4,1.1
48705730135095,2023,119,77,64.7,8,6.7
48705734830089,2023,394,201,51.0,18,4.6
48705734830113,2023,99,30,30.3,0,0.0
48705734837803,2023,517,190,36.8,24,4.6
48705810139816,2023,35,20,57.1,7,20.0
48705814830147,2023,370,293,79.2,42,11.4
48705814830196,2023,110,69,62.7,20,18.2
48705814838058,2023,23,22,95.7,0,0.0
48705814838504,2023,354,304,85.9,104,29.4
49104964930079,2023,18,17,94.4,5,27.8
49104964930343,2023,26,20,76.9,6,23.1
49706074930327,2023,42,28,66.7,0,0.0
49706074930400,2023,373,161,43.2,9,2.4
49706074970607,2023,4,0,0.0,0,0.0
49706564930848,2023,7,4,57.1,0,0.0
49706564930855,2023,90,46,51.1,9,10.0
49707060129981,2023,14,8,57.1,0,0.0
49707220139048,2023,31,19,61.3,0,0.0
49707306120588,2023,50,20,40.0,0,0.0
49707970107284,2023,93,58,62.4,6,6.5
49707970139568,2023,7,0,0.0,0,0.0
49708390138065,2023,81,40,49.4,6,7.4
49708540132357,2023,10,7,70.0,0,0.0
49708624930012,2023,419,221,52.7,48,11.5
49708624930103,2023,15,11,73.3,0,0.0
49708624930111,2023,8,7,87.5,0,0.0
49708624930236,2023,16,8,50.0,0,0.0
49708624935151,2023,317,119,37.5,7,2.2
49708624935862,2023,47,40,85.1,0,0.0
49708700106344,2023,16,8,50.0,0,0.0
49709040101923,2023,196,171,87.2,37,18.9
49709204930160,2023,264,160,60.6,93,35.2
49709204930244,2023,413,125,30.3,10,2.4
49709204934154,2023,369,179,48.5,43,11.7
49709204935292,2023,335,204,60.9,53,15.8
49709204935607,2023,122,79,64.8,20,16.4
49709204936803,2023,413,195,47.2,25,6.1
49709204970920,2023,19,9,47.4,0,0.0
49709534930152,2023,28,21,75.0,10,35.7
49709534937256,2023,281,141,50.2,29,10.3
49709614930319,2023,26,5,19.2,0,0.0
49738820123786,2023,99,34,34.3,0,0.0
49738824930046,2023,23,15,65.2,0,0.0
49738824930384,2023,81,15,18.5,0,0.0
49738824935482,2023,375,154,41.1,57,15.2
49738824973882,2023,9,0,0.0,0,0.0
49753580138263,2023,17,4,23.5,0,0.0
49753584930228,2023,382,184,48.2,21,5.5
49753584930269,2023,16,13,81.2,0,0.0
49753904930251,2023,15,11,73.3,0,0.0
49753904932554,2023,108,60,55.6,10,9.3
50105040131235,2023,44,35,79.5,11,25.0
50105045030069,2023,18,15,83.3,0,0.0
50105045030085,2023,31,26,83.9,8,25.8
50105045030226,2023,21,19,90.5,0,0.0
50105045030234,2023,17,7,41.2,0,0.0
50105046069546,2023,4,4,100.0,0,0.0
50710430107136,2023,17,9,52.9,0,0.0
50710430108076,2023,578,488,84.4,102,17.6
50710435030168,2023,60,40,66.7,5,8.3
50710435030200,2023,81,67,82.7,21,25.9
50710435030879,2023,410,344,83.9,70,17.1
50710685030267,2023,45,25,55.6,8,17.8
50710685031521,2023,61,40,65.6,12,19.7
50710926112965,2023,36,12,33.3,0,0.0
50711346113286,2023,23,13,56.5,0,0.0
50711670138057,2023,50,26,52.0,0,0.0
50711750110593,2023,588,246,41.8,32,5.4
50711750120212,2023,72,46,63.9,11,15.3
50711750121129,2023,647,378,58.4,58,9.0
50711755030010,2023,369,225,61.0,30,8.1
50711755030135,2023,454,358,78.9,93,20.5
50711755031380,2023,507,403,79.5,135,26.6
50711755031802,2023,464,347,74.8,101,21.8
50711755034905,2023,616,516,83.8,141,22.9
50711755034913,2023,270,231,85.6,69,25.6
50711755071175,2023,8,8,100.0,0,0.0
50712170133124,2023,51,41,80.4,18,35.3
50712175030127,2023,53,50,94.3,17,32.1
50712175036256,2023,418,289,69.1,119,28.5
50736015030036,2023,11,6,54.5,0,0.0
50736015030184,2023,8,4,50.0,0,0.0
50736015035902,2023,233,161,69.1,55,23.6
50755495032651,2023,215,111,51.6,16,7.4
50755495032669,2023,21,19,90.5,9,42.9
50755560112573,2023,34,23,67.6,12,35.3
50755565036850,2023,199,134,67.3,47,23.6
50755645030176,2023,17,7,41.2,0,0.0
50755645030192,2023,22,12,54.5,0,0.0
50755645031950,2023,59,42,71.2,10,16.9
50755645035654,2023,369,148,40.1,23,6.2
50755720117689,2023,13,13,100.0,0,0.0
50755725030259,2023,142,113,79.6,24,16.9
50755725030317,2023,72,46,63.9,5,6.9
50757390124669,2023,51,36,70.6,10,19.6
50757390131185,2023,38,30,78.9,0,0.0
50757395030283,2023,469,274,58.4,53,11.3
50757395036884,2023,110,85,77.3,32,29.1
50757395037700,2023,539,355,65.9,113,21.0
51105120114207,2023,9,9,100.0,0,0.0
51105120138040,2023,5,0,0.0,0,0.0
51105120140152,2023,6,5,83.3,0,0.0
51105126069454,2023,4,4,100.0,0,0.0
51713735132758,2023,76,24,31.6,0,0.0
51713995130059,2023,17,14,82.4,0,0.0
51713995130067,2023,14,12,85.7,0,0.0
51713995135256,2023,140,93,66.4,11,7.9
51714070109793,2023,153,66,43.1,8,5.2
51714150129007,2023,135,79,58.5,0,0.0
51714230132977,2023,41,14,34.1,0,0.0
51714495130042,2023,11,6,54.5,0,0.0
51714495137500,2023,186,54,29.0,4,2.2
51714560133934,2023,126,60,47.6,0,0.0
51714640107722,2023,412,281,68.2,44,10.7
51714645130018,2023,72,60,83.3,5,6.9
51714645130075,2023,23,15,65.2,4,17.4
51714645130125,2023,19,15,78.9,0,0.0
51714645139001,2023,450,302,67.1,37,8.2
52105205230016,2023,4,0,0.0,0,0.0
52105206119671,2023,37,24,64.9,0,0.0
52715060137414,2023,11,7,63.6,0,0.0
52715065231675,2023,32,26,81.2,11,34.4
52715065231709,2023,207,161,77.8,39,18.8
52715220132597,2023,15,7,46.7,0,0.0
52715715235106,2023,56,38,67.9,9,16.1
52716395237151,2023,73,56,76.7,9,12.3
52716395237201,2023,356,241,67.7,14,3.9
53105380125633,2023,38,31,81.6,0,0.0
53738335337423,2023,4,0,0.0,0,0.0
53750285337407,2023,19,16,84.2,0,0.0
53765135330014,2023,12,11,91.7,0,0.0
53765135337456,2023,70,36,51.4,0,0.0
54105460119602,2023,63,15,23.8,0,0.0
54105465430061,2023,19,13,68.4,0,0.0
54105465430327,2023,41,30,73.2,11,26.8
54105465430343,2023,5,0,0.0,0,0.0
54105466119291,2023,27,11,40.7,0,0.0
54718030112458,2023,78,52,66.7,0,0.0
54718035430301,2023,41,34,82.9,7,17.1
54718110139477,2023,23,17,73.9,0,0.0
54718370109009,2023,120,96,80.0,7,5.8
54718605430095,2023,4,4,100.0,0,0.0
54718605430806,2023,54,50,92.6,31,57.4
54718605433230,2023,234,227,97.0,54,23.1
54719930124776,2023,10,10,100.0,0,0.0
54719935430194,2023,38,33,86.8,9,23.7
54719935430236,2023,6,6,100.0,0,0.0
54719935432414,2023,256,225,87.9,27,10.5
54721400136507,2023,168,141,83.9,12,7.1
54722490107649,2023,10,8,80.0,0,0.0
54722490116368,2023,428,355,82.9,41,9.6
54722490130708,2023,82,72,87.8,13,15.9
54722490133793,2023,135,124,91.9,24,17.8
54722495430145,2023,11,11,100.0,0,0.0
54722495435409,2023,375,316,84.3,25,6.7
54722495435466,2023,439,359,81.8,36,8.2
54722560109751,2023,230,153,66.5,24,10.4
54722560120659,2023,49,30,61.2,0,0.0
54722560139212,2023,7,7,100.0,0,0.0
54722565430046,2023,428,295,68.9,44,10.3
54722565430368,2023,458,240,52.4,24,5.2
54722565432828,2023,345,240,69.6,49,14.2
54722565434527,2023,544,231,42.5,27,5.0
54722565435839,2023,218,179,82.1,46,21.1
54753255430210,2023,156,127,81.4,43,27.6
54753255430277,2023,26,22,84.6,14,53.8
54755230114348,2023,168,152,90.5,34,20.2
54755230116590,2023,120,81,67.5,6,5.0
54755230137968,2023,37,33,89.2,0,0.0
54755235430228,2023,4,4,100.0,0,0.0
54755235430251,2023,275,258,93.8,47,17.1
54755235430624,2023,62,57,91.9,17,27.4
54755235432786,2023,474,358,75.5,70,14.8
54755235434113,2023,540,456,84.4,98,18.1
54755235434931,2023,81,69,85.2,31,38.3
54755310102186,2023,37,33,89.2,15,40.5
54755315431119,2023,44,41,93.2,20,45.5
54755315431184,2023,517,418,80.9,98,19.0
54767945436258,2023,28,27,96.4,11,39.3
54767945436282,2023,145,126,86.9,25,17.2
54768365430087,2023,19,15,78.9,0,0.0
54768365431598,2023,217,132,60.8,22,10.1
54768365431614,2023,17,14,82.4,0,0.0
55105530134569,2023,8,7,87.5,0,0.0
55105535530118,2023,8,6,75.0,0,0.0
55723895530019,2023,32,21,65.6,0,0.0
55723895530043,2023,53,25,47.2,0,0.0
55723895536503,2023,187,67,35.8,0,0.0
55724130112276,2023,49,25,51.0,0,0.0
55724135530050,2023,7,6,85.7,0,0.0
55724135530191,2023,34,11,32.4,0,0.0
55724135536750,2023,122,58,47.5,0,0.0
55751845530076,2023,11,4,36.4,0,0.0
55751845530084,2023,13,7,53.8,0,0.0
56105610109900,2023,312,237,76.0,23,7.4
56105610122713,2023,30,9,30.0,0,0.0
56105610135780,2023,13,6,46.2,0,0.0
56105610135798,2023,5,0,0.0,0,0.0
56105615630223,2023,13,13,100.0,6,46.2
56105615630397,2023,28,24,85.7,6,21.4
56724540124750,2023,11,10,90.9,0,0.0
56724545630173,2023,46,44,95.7,7,15.2
56724545632021,2023,231,176,76.2,14,6.1
56724705630363,2023,22,9,40.9,0,0.0
56725200139626,2023,12,8,66.7,0,0.0
56725205631817,2023,31,25,80.6,0,0.0
56725205634076,2023,160,63,39.4,6,3.8
56725460120634,2023,58,32,55.2,0,0.0
56725460125674,2023,156,95,60.9,15,9.6
56725460131698,2023,205,64,31.2,0,0.0
56725460136804,2023,43,28,65.1,0,0.0
56725465630066,2023,243,219,90.1,87,35.8
56725465630389,2023,784,627,80.0,155,19.8
56725465631619,2023,498,151,30.3,23,4.6
56725465631742,2023,606,507,83.7,128,21.1
56725465632849,2023,561,487,86.8,123,21.9
56725465634548,2023,682,466,68.3,72,10.6
56725465634761,2023,555,344,62.0,92,16.6
56725465672546,2023,6,4,66.7,0,0.0
56725530139592,2023,26,18,69.2,0,0.0
56726035630249,2023,123,61,49.6,7,5.7
56726035630322,2023,254,85,33.5,11,4.3
56726035634993,2023,76,52,68.4,18,23.7
56726035635008,2023,485,193,39.8,39,8.0
56726035636188,2023,460,165,35.9,25,5.4
56726525630272,2023,85,72,84.7,28,32.9
56726525630298,2023,80,30,37.5,0,0.0
56726525630348,2023,230,79,34.3,5,2.2
56726525630793,2023,411,227,55.2,30,7.3
56726525637822,2023,488,254,52.0,57,11.7
56737590123349,2023,38,8,21.1,0,0.0
56737595630108,2023,64,36,56.2,5,7.8
56737595630116,2023,525,98,18.7,16,3.0
56737595633748,2023,554,103,18.6,31,5.6
56737595637004,2023,415,125,30.1,17,4.1
56738745630132,2023,325,46,14.2,0,0.0
56738745630199,2023,17,5,29.4,0,0.0
56738745630256,2023,43,8,18.6,0,0.0
56739400121426,2023,19,8,42.1,0,0.0
56739405630371,2023,24,4,16.7,0,0.0
56739405633250,2023,459,158,34.4,16,3.5
56768285635776,2023,437,329,75.3,82,18.8
56768285636170,2023,48,43,89.6,15,31.2
57105790113787,2023,9,5,55.6,0,0.0
57105796077275,2023,8,4,50.0,0,0.0
57726780119578,2023,76,9,11.8,0,0.0
57726785730098,2023,38,10,26.3,0,0.0
57726785732201,2023,594,105,17.7,33,5.6
57726785732219,2023,29,21,72.4,0,0.0
57726865730056,2023,12,7,58.3,0,0.0
57726865732904,2023,66,48,72.7,7,10.6
57726940135939,2023,42,36,85.7,0,0.0
57726945735154,2023,580,381,65.7,53,9.1
57726945739552,2023,46,40,87.0,8,17.4
57727020139436,2023,25,12,48.0,0,0.0
57727025730049,2023,9,7,77.8,4,44.4
57727025738505,2023,93,67,72.0,15,16.1
57727100101162,2023,415,289,69.6,31,7.5
57727105738802,2023,292,227,77.7,24,8.2
57727105738810,2023,84,74,88.1,21,25.0
58105870113274,2023,4,4,100.0,0,0.0
58105875830047,2023,5,4,80.0,0,0.0
58105875830112,2023,36,33,91.7,0,0.0
58727286115935,2023,58,29,50.0,0,0.0
58727365830013,2023,252,197,78.2,37,14.7
58727365830054,2023,45,36,80.0,0,0.0
58727365830096,2023,148,110,74.3,23,15.5
58727365830138,2023,59,31,52.5,0,0.0
58727365835202,2023,199,112,56.3,5,2.5
58727690133751,2023,17,14,82.4,0,0.0
58727695838305,2023,263,210,79.8,11,4.2
01100170130401,2024,13,7,53.8,5,38.5
01100170130419,2024,15,7,46.7,8,53.3
01316090131755,2024,4,0,0.0,0,0.0
01316170131763,2024,25,24,96.0,0,0.0
01611190106401,2024,47,24,51.1,0,0.0
01611190130229,2024,467,161,34.5,26,5.6
01611190132142,2024,239,116,48.5,18,7.5
01611190134304,2024,36,25,69.4,5,13.9
01611190161119,2024,4,0,0.0,0,0.0
01611270130294,2024,6,4,66.7,0,0.0
01611270130450,2024,285,91,31.9,13,4.6
01611430131177,2024,799,206,25.8,35,4.4
01611430134924,2024,28,17,60.7,0,0.0
01611430161143,2024,6,0,0.0,0,0.0
01611500132225,2024,676,238,35.2,30,4.4
01611500133876,2024,17,7,41.2,0,0.0
01611500135533,2024,52,35,67.3,4,7.7
01611680132746,2024,47,34,72.3,0,0.0
01611760130062,2024,625,139,22.2,43,6.9
01611760130138,2024,94,65,69.1,13,13.8
01611760130435,2024,22,7,31.8,4,18.2
01611760134270,2024,541,119,22.0,30,5.5
01611760134452,2024,299,142,47.5,48,16.1
01611760135244,2024,418,51,12.2,12,2.9
01611760138693,2024,469,142,30.3,73,15.6
01611760161176,2024,4,0,0.0,0,0.0
01611920133009,2024,42,38,90.5,6,14.3
01611920133629,2024,369,273,74.0,31,8.4
01611920135319,2024,439,355,80.9,38,8.7
01611920138339,2024,405,343,84.7,156,38.5
01612000130393,2024,40,17,42.5,0,0.0
01612000132670,2024,49,32,65.3,14,28.6
01612000133397,2024,530,98,18.5,23,4.3
01612000134536,2024,433,109,25.2,49,11.3
01612340130054,2024,351,175,49.9,65,18.5
01612340130484,2024,8,5,62.5,0,0.0
01612340135426,2024,37,32,86.5,16,43.2
01612420110460,2024,70,54,77.1,22,31.4
01612420110478,2024,6,0,0.0,0,0.0
01612420126763,2024,79,49,62.0,15,19.0
01612420134668,2024,775,401,51.7,88,11.4
01612590100701,2024,72,68,94.4,17,23.6
01612590110189,2024,69,64,92.8,4,5.8
01612590112797,2024,64,63,98.4,21,32.8
01612590115667,2024,86,84,97.7,83,96.5
01612590118653,2024,26,26,100.0,7,26.9
01612590119859,2024,19,17,89.5,0,0.0
01612590125161,2024,161,160,99.4,81,50.3
01612590125716,2024,260,258,99.2,138,53.1
01612590130146,2024,96,83,86.5,78,81.2
01612590130179,2024,39,37,94.9,8,20.5
01612590130575,2024,60,58,96.7,16,26.7
01612590132688,2024,19,17,89.5,0,0.0
01612590135905,2024,342,314,91.8,77,22.5
01612590136051,2024,432,288,66.7,18,4.2
01612590137943,2024,311,240,77.2,41,13.2
01612590161259,2024,8,5,62.5,0,0.0
01612596066450,2024,101,101,100.0,36,35.6
01612596114011,2024,84,79,94.0,30,35.7
01612750130286,2024,17,4,23.5,0,0.0
01612750136515,2024,207,13,6.3,0,0.0
01612910134528,2024,87,72,82.8,24,27.6
01612910137588,2024,589,414,70.3,105,17.8
01612910141473,2024,17,12,70.6,4,23.5
01613090111799,2024,40,36,90.0,7,17.5
01613090130849,2024,369,266,72.1,41,11.1
01613090137745,2024,27,24,88.9,8,29.6
01613090137810,2024,292,253,86.6,95,32.5
01750930132704,2024,824,75,9.1,10,1.2
01750930138453,2024,16,8,50.0,0,0.0
01750930175093,2024,25,0,0.0,0,0.0
01751010130096,2024,501,46,9.2,8,1.6
01751010130252,2024,21,11,52.4,0,0.0
01751010130583,2024,644,50,7.8,14,2.2
01751010141432,2024,30,4,13.3,0,0.0
03100330330035,2024,4,0,0.0,0,0.0
03739810330019,2024,31,18,58.1,0,0.0
03739810330050,2024,19,12,63.2,0,0.0
03739810330753,2024,153,59,38.6,0,0.0
03739810334755,2024,132,45,34.1,0,0.0
04100410129817,2024,5,4,80.0,0,0.0
04100410430066,2024,5,5,100.0,0,0.0
04614080430827,2024,32,18,56.2,0,0.0
04614240111039,2024,6,5,83.3,0,0.0
04614240141069,2024,56,33,58.9,0,0.0
04614240430199,2024,26,20,76.9,0,0.0
04614240431502,2024,49,44,89.8,0,0.0
04614240431676,2024,462,242,52.4,22,4.8
04614240437558,2024,466,146,31.3,9,1.9
04614320433201,2024,75,34,45.3,0,0.0
04615150434803,2024,312,244,78.2,13,4.2
04615150435602,2024,228,197,86.4,14,6.1
04615150437566,2024,35,32,91.4,0,0.0
04615310121715,2024,12,8,66.7,0,0.0
04615310432856,2024,20,15,75.0,0,0.0
04615310437350,2024,97,52,53.6,0,0.0
04755070433946,2024,13,12,92.3,0,0.0
04755070433953,2024,145,100,69.0,5,3.4
05100589010745,2024,5,5,100.0,0,0.0
05615560530014,2024,31,20,64.5,0,0.0
05615560532507,2024,129,57,44.2,5,3.9
05615640530022,2024,13,9,69.2,0,0.0
05615640530055,2024,34,22,64.7,4,11.8
05615640531509,2024,168,58,34.5,5,3.0
06100660630111,2024,10,7,70.0,0,0.0
06615980630012,2024,6,4,66.7,0,0.0
06615980630046,2024,8,4,50.0,0,0.0
06615980631259,2024,125,86,68.8,17,13.6
06616060634758,2024,27,23,85.2,6,22.2
06616140630087,2024,8,8,100.0,4,50.0
06616140635250,2024,123,91,74.0,14,11.4
06616220630038,2024,12,12,100.0,0,0.0
06616220637504,2024,82,81,98.8,21,25.6
07100740120444,2024,9,4,44.4,0,0.0
07100746077168,2024,8,5,62.5,0,0.0
07616300107524,2024,31,5,16.1,0,0.0
07616300730283,2024,310,24,7.7,4,1.3
07616300731125,2024,318,20,6.3,4,1.3
07616300733725,2024,426,59,13.8,22,5.2
07616300734244,2024,299,20,6.7,0,0.0
07616300761630,2024,6,0,0.0,0,0.0
07616480110494,2024,78,65,83.3,16,20.5
07616480117218,2024,158,120,75.9,12,7.6
07616480730101,2024,74,67,90.5,23,31.1
07616480730259,2024,81,60,74.1,11,13.6
07616480730465,2024,383,289,75.5,47,12.3
07616480730861,2024,425,368,86.6,86,20.2
07616480761648,2024,9,6,66.7,0,0.0
07616970737023,2024,75,56,74.7,5,6.7
07616970737619,2024,8,6,75.0,0,0.0
07617210107797,2024,593,98,16.5,19,3.2
07617210730457,2024,602,211,35.0,32,5.3
07617210730572,2024,78,26,33.3,0,0.0
07617210733980,2024,627,152,24.2,46,7.3
07617210733998,2024,82,49,59.8,14,17.1
07617390730440,2024,23,17,73.9,0,0.0
07617390730473,2024,13,5,38.5,0,0.0
07617390730549,2024,235,79,33.6,11,4.7
07617540138115,2024,5,5,100.0,0,0.0
07617540140442,2024,8,4,50.0,0,0.0
07617540730044,2024,387,47,12.1,8,2.1
07617540730317,2024,42,19,45.2,6,14.3
07617540730358,2024,32,20,62.5,12,37.5
07617540731646,2024,490,102,20.8,33,6.7
07617540731836,2024,268,128,47.8,60,22.4
07617540734566,2024,327,225,68.8,120,36.7
07617540734764,2024,108,78,72.2,53,49.1
07617540737809,2024,246,217,88.2,73,29.7
07617540761754,2024,41,16,39.0,5,12.2
07617880730184,2024,101,92,91.1,32,31.7
07617880735407,2024,795,618,77.7,158,19.9
07617960730291,2024,72,43,59.7,0,0.0
07617960730325,2024,78,49,62.8,12,15.4
07617960730598,2024,170,76,44.7,9,5.3
07617960732164,2024,272,216,79.4,79,29.0
07617960732941,2024,374,154,41.2,42,11.2
07617960733253,2024,137,113,82.5,52,38.0
07617960733659,2024,217,179,82.5,110,50.7
07617960735316,2024,303,158,52.1,54,17.8
07617960735902,2024,356,326,91.6,160,44.9
07617960761796,2024,16,7,43.8,4,25.0
07618040113118,2024,826,62,7.5,12,1.5
07618040730051,2024,714,69,9.7,15,2.1
07618040730218,2024,24,0,0.0,0,0.0
07618040734368,2024,523,28,5.4,6,1.1
07618040736504,2024,444,24,5.4,0,0.0
07618040736819,2024,11,0,0.0,0,0.0
07618040761804,2024,8,0,0.0,0,0.0
08100820830042,2024,13,12,92.3,0,0.0
08618200833004,2024,194,107,55.2,10,5.2
08618200836205,2024,45,41,91.1,4,8.9
09618530930081,2024,627,69,11.0,6,1.0
09618530930164,2024,238,95,39.9,11,4.6
09618530932756,2024,300,116,38.7,11,3.7
09618530934554,2024,58,42,72.4,0,0.0
09618530936302,2024,422,91,21.6,4,0.9
09618530961853,2024,6,0,0.0,0,0.0
09619030140459,2024,22,14,63.6,0,0.0
09619030930040,2024,17,11,64.7,4,23.5
09619030937805,2024,251,116,46.2,26,10.4
09737830930073,2024,81,38,46.9,0,0.0
09737830930099,2024,6,6,100.0,0,0.0
10101081030337,2024,24,24,100.0,0,0.0
10101081030899,2024,9,7,77.8,0,0.0
10101086069488,2024,9,5,55.6,0,0.0
10621170110270,2024,8,7,87.5,0,0.0
10621170113555,2024,602,126,20.9,6,1.0
10621171030196,2024,512,219,42.8,0,0.0
10621171030469,2024,24,10,41.7,0,0.0
10621171030501,2024,645,207,32.1,9,1.4
10621171030683,2024,707,371,52.5,27,3.8
10621171031004,2024,73,46,63.0,7,9.6
10621171031053,2024,603,283,46.9,10,1.7
10621251030113,2024,27,27,100.0,13,48.1
10621251030477,2024,31,31,100.0,26,83.9
10621251030873,2024,4,0,0.0,0,0.0
10621251031376,2024,274,224,81.8,82,29.9
10621581031954,2024,7,7,100.0,0,0.0
10621581032150,2024,204,170,83.3,14,6.9
10621660108555,2024,55,36,65.5,0,0.0
10621660120964,2024,6,6,100.0,4,66.7
10621660132134,2024,46,38,82.6,0,0.0
10621661030279,2024,535,345,64.5,29,5.4
10621661030287,2024,243,218,89.7,35,14.4
10621661030295,2024,274,240,87.6,36,13.1
10621661030584,2024,200,194,97.0,56,28.0
10621661030675,2024,632,572,90.5,91,14.4
10621661031632,2024,66,63,95.5,11,16.7
10621661031897,2024,535,457,85.4,87,16.3
10621661032507,2024,387,332,85.8,51,13.2
10621661032911,2024,430,351,81.6,56,13.0
10621661034214,2024,448,417,93.1,87,19.4
10621661035831,2024,453,413,91.2,84,18.5
10621666112619,2024,6,4,66.7,0,0.0
10622570124727,2024,29,24,82.8,4,13.8
10622571033695,2024,252,162,64.3,16,6.3
10622571033729,2024,16,13,81.2,0,0.0
10622650108092,2024,147,135,91.8,24,16.3
10622651030378,2024,137,125,91.2,37,27.0
10622651033703,2024,63,60,95.2,21,33.3
10622651035310,2024,401,339,84.5,34,8.5
10622811033950,2024,34,28,82.4,4,11.8
10623640126870,2024,30,28,93.3,0,0.0
10623641034990,2024,181,164,90.6,56,30.9
10624140141291,2024,350,266,76.0,16,4.6
10624141030451,2024,50,31,62.0,4,8.0
10624141036086,2024,44,41,93.2,5,11.4
10624141036094,2024,596,411,69.0,34,5.7
10624300142141,2024,6,6,100.0,0,0.0
10624301030758,2024,36,29,80.6,5,13.9
10624301036607,2024,54,49,90.7,21,38.9
10624301036672,2024,413,357,86.4,56,13.6
10738091030121,2024,154,127,82.5,19,12.3
10738091030147,2024,9,7,77.8,0,0.0
10739650140269,2024,32,28,87.5,0,0.0
10739650140509,2024,506,378,74.7,29,5.7
10739651030386,2024,71,64,90.1,13,18.3
10739651030626,2024,387,313,80.9,37,9.6
10739651030790,2024,142,114,80.3,8,5.6
10739651035112,2024,48,41,85.4,10,20.8
10739990141036,2024,62,55,88.7,10,16.1
10739991033422,2024,25,24,96.0,7,28.0
10739991033430,2024,321,284,88.5,59,18.4
10751271030261,2024,18,16,88.9,10,55.6
10751271030493,2024,255,245,96.1,64,25.1
10751271030725,2024,4,4,100.0,0,0.0
10752341030352,2024,4,0,0.0,0,0.0
10752341037456,2024,99,98,99.0,38,38.4
10752751030139,2024,9,6,66.7,0,0.0
10752751036938,2024,81,30,37.0,0,0.0
10752756112544,2024,31,10,32.3,0,0.0
10754080142166,2024,7,7,100.0,0,0.0
10754081030253,2024,11,11,100.0,8,72.7
10754081035575,2024,116,98,84.5,26,22.4
10755981030535,2024,156,141,90.4,17,10.9
10755981030543,2024,10,9,90.0,0,0.0
10767780122473,2024,40,34,85.0,9,22.5
10767781038298,2024,7,6,85.7,0,0.0
10767781038306,2024,264,206,78.0,46,17.4
11626461136209,2024,12,9,75.0,0,0.0
11626531132109,2024,4,0,0.0,0,0.0
11626611130038,2024,9,9,100.0,0,0.0
11626611132851,2024,92,73,79.3,7,7.6
11754811130012,2024,15,14,93.3,5,33.3
11754811135656,2024,163,127,77.9,15,9.2
11765621133701,2024,59,50,84.7,8,13.6
12101240106153,2024,10,9,90.0,0,0.0
12101240106161,2024,14,13,92.9,0,0.0
12626871230044,2024,10,6,60.0,0,0.0
12626871230051,2024,28,22,78.6,0,0.0
12626871230705,2024,260,106,40.8,5,1.9
12626871235209,2024,116,58,50.0,0,0.0
12628100108688,2024,50,20,40.0,0,0.0
12628101233352,2024,17,11,64.7,0,0.0
12628101233402,2024,184,96,52.2,9,4.9
12629011230028,2024,11,9,81.8,0,0.0
12629011234004,2024,46,29,63.0,0,0.0
12630401230010,2024,8,5,62.5,0,0.0
12630401237007,2024,43,34,79.1,0,0.0
12753741232909,2024,29,17,58.6,0,0.0
12755151232057,2024,24,19,79.2,0,0.0
12755151232206,2024,280,181,64.6,34,12.1
13101320131094,2024,42,40,95.2,16,38.1
13630811331354,2024,82,75,91.5,21,25.6
13630811331404,2024,386,273,70.7,86,22.3
13630991332154,2024,29,25,86.2,19,65.5
13630991332204,2024,725,577,79.6,331,45.7
13631071332501,2024,81,69,85.2,17,21.0
13631150140954,2024,24,18,75.0,6,25.0
13631151330133,2024,439,328,74.7,81,18.5
13631151333004,2024,475,353,74.3,85,17.9
13631151333558,2024,66,63,95.5,26,39.4
13631491335306,2024,116,93,80.2,34,29.3
13631491337138,2024,9,8,88.9,7,77.8
13631641331115,2024,19,14,73.7,0,0.0
13631641335900,2024,328,141,43.0,25,7.6
13632141330018,2024,5,5,100.0,0,0.0
13632141337609,2024,43,38,88.4,14,32.6
14632481431352,2024,4,0,0.0,0,0.0
14632891434901,2024,26,15,57.7,6,23.1
14632971436203,2024,8,0,0.0,0,0.0
14766870119081,2024,6,5,83.3,0,0.0
14766871430057,2024,9,7,77.8,0,0.0
14766871431600,2024,136,69,50.7,9,6.6
15101571530302,2024,63,59,93.7,10,15.9
15101571530310,2024,99,86,86.9,21,21.2
15634120100529,2024,327,288,88.1,54,16.5
15634120116384,2024,308,287,93.2,67,21.8
15634121531656,2024,33,32,97.0,16,48.5
15634121531672,2024,335,313,93.4,62,18.5
15635290100198,2024,483,443,91.7,36,7.5
15635290110999,2024,514,160,31.1,11,2.1
15635290116392,2024,523,387,74.0,26,5.0
15635290116400,2024,408,380,93.1,80,19.6
15635290125062,2024,154,141,91.6,20,13.0
15635290141101,2024,392,330,84.2,60,15.3
15635291530021,2024,46,44,95.7,18,39.1
15635291530047,2024,48,45,93.8,12,25.0
15635291530112,2024,174,133,76.4,8,4.6
15635291530252,2024,568,540,95.1,120,21.1
15635291530344,2024,574,248,43.2,10,1.7
15635291530369,2024,526,225,42.8,14,2.7
15635291530385,2024,642,508,79.1,69,10.7
15635291530476,2024,574,251,43.7,11,1.9
15635291530708,2024,632,539,85.3,67,10.6
15635291532290,2024,544,490,90.1,64,11.8
15635291532605,2024,462,421,91.1,62,13.4
15635291533330,2024,601,478,79.5,36,6.0
15635291533538,2024,118,89,75.4,0,0.0
15635291534775,2024,479,420,87.7,34,7.1
15635291535087,2024,303,260,85.8,37,12.2
15635291535392,2024,427,400,93.7,44,10.3
15635291536325,2024,121,106,87.6,16,13.2
15635291536606,2024,407,371,91.2,53,13.0
15636281533843,2024,21,21,100.0,0,0.0
15636770114512,2024,148,129,87.2,23,15.5
15636770136259,2024,45,43,95.6,8,17.8
15636851530286,2024,13,9,69.2,0,0.0
15636851530997,2024,32,20,62.5,0,0.0
15636851531987,2024,62,7,11.3,0,0.0
15637761530039,2024,28,22,78.6,0,0.0
15637761530377,2024,22,20,90.9,0,0.0
15637761534957,2024,184,149,81.0,19,10.3
15638181530138,2024,35,34,97.1,6,17.1
15638181535905,2024,247,204,82.6,45,18.2
15638261530245,2024,40,22,55.0,9,22.5
15638261536135,2024,285,87,30.5,7,2.5
15638591530351,2024,51,48,94.1,20,39.2
15638591536440,2024,376,337,89.6,75,19.9
15737421530054,2024,64,50,78.1,7,10.9
15737421531367,2024,332,163,49.1,16,4.8
15739081530146,2024,24,23,95.8,9,37.5
15739081530229,2024,6,6,100.0,0,0.0
15739081534155,2024,219,202,92.2,42,19.2
15751681530401,2024,59,43,72.9,6,10.2
16638911632207,2024,230,197,85.7,10,4.3
16639250118919,2024,266,156,58.6,22,8.3
16639251630151,2024,7,6,85.7,4,57.1
16639251630169,2024,339,260,76.7,29,8.6
16639251634245,2024,31,30,96.8,10,32.3
16639251634401,2024,353,295,83.6,33,9.3
16639821630011,2024,44,33,75.0,4,9.1
16639821635606,2024,393,218,55.5,32,8.1
16739321630078,2024,11,10,90.9,8,72.7
16739321630953,2024,155,150,96.8,55,35.5
17640141730043,2024,8,4,50.0,0,0.0
17640141734359,2024,143,101,70.6,16,11.2
17640221730027,2024,31,26,83.9,6,19.4
17640221730118,2024,28,22,78.6,5,17.9
17640221735000,2024,188,140,74.5,43,22.9
17640301730019,2024,19,16,84.2,0,0.0
17640301730142,2024,20,12,60.0,0,0.0
17640301732304,2024,75,60,80.0,6,8.0
17640551730035,2024,8,4,50.0,0,0.0
17640551736008,2024,85,41,48.2,4,4.7
17769761730050,2024,12,12,100.0,0,0.0
17769761737006,2024,77,63,81.8,4,5.2
18640891831601,2024,10,4,40.0,0,0.0
18641391833805,2024,183,66,36.1,8,4.4
18641391833813,2024,16,12,75.0,0,0.0
18642041838507,2024,10,10,100.0,0,0.0
18750361833409,2024,11,8,72.7,0,0.0
19101990121822,2024,9,5,55.6,4,44.4
19101990121871,2024,88,68,77.3,14,15.9
19101990121905,2024,21,17,81.0,0,0.0
19101990121921,2024,23,16,69.6,4,17.4
19101990121939,2024,8,7,87.5,0,0.0
19101991933399,2024,129,23,17.8,0,0.0
19101991995869,2024,120,37,30.8,0,0.0
19101991996214,2024,49,35,71.4,10,20.4
19642121930056,2024,526,233,44.3,17,3.2
19642121930361,2024,343,300,87.5,58,16.9
19642121931641,2024,103,86,83.5,24,23.3
19642121931880,2024,176,58,33.0,0,0.0
19642121933159,2024,387,238,61.5,32,8.3
19642121995596,2024,13,10,76.9,0,0.0
19642460100081,2024,513,374,72.9,39,7.6
19642460108407,2024,611,465,76.1,61,10.0
19642460111872,2024,104,60,57.7,0,0.0
19642461930213,2024,322,281,87.3,34,10.6
19642461931732,2024,322,277,86.0,36,11.2
19642461936624,2024,482,407,84.4,59,12.2
19642461937051,2024,766,320,41.8,26,3.4
19642461995398,2024,588,365,62.1,39,6.6
19642461995406,2024,337,272,80.7,52,15.4
19642461995844,2024,577,370,64.1,31,5.4
19642461995968,2024,9,8,88.9,0,0.0
19642461996644,2024,284,221,77.8,51,18.0
19642611930288,2024,802,252,31.4,55,6.9
19642611995299,2024,20,12,60.0,0,0.0
19642791930528,2024,382,342,89.5,50,13.1
19642791931765,2024,69,64,92.8,10,14.5
19642871930601,2024,222,200,90.1,27,12.2
19642871936384,2024,107,105,98.1,17,15.9
19642871938166,2024,394,341,86.5,13,3.3
19642951930700,2024,168,150,89.3,26,15.5
19642951936491,2024,26,23,88.5,14,53.8
19643030128306,2024,12,10,83.3,0,0.0
19643031930775,2024,341,291,85.3,42,12.3
19643031935618,2024,381,272,71.4,20,5.2
19643031938190,2024,48,41,85.4,7,14.6
19643111930981,2024,293,96,32.8,10,3.4
19643111931021,2024,6,4,66.7,0,0.0
19643291931088,2024,467,137,29.3,6,1.3
19643291937598,2024,29,17,58.6,0,0.0
19643291937739,2024,297,93,31.3,11,3.7
19643370131573,2024,81,27,33.3,17,21.0
19643371931187,2024,607,245,40.4,77,12.7
19643371931237,2024,532,161,30.3,18,3.4
19643371933332,2024,43,19,44.2,8,18.6
19643371995877,2024,12,6,50.0,0,0.0
19643371996230,2024,7,6,85.7,0,0.0
19643520118521,2024,25,17,68.0,0,0.0
19643521930239,2024,77,65,84.4,25,32.5
19643521933951,2024,415,357,86.0,72,17.3
19643521934926,2024,424,353,83.3,49,11.6
19643521935048,2024,437,367,84.0,72,16.5
19643781930312,2024,29,27,93.1,0,0.0
19643781931666,2024,307,209,68.1,10,3.3
19643781995885,2024,21,15,71.4,0,0.0
19643941931807,2024,37,25,67.6,6,16.2
19643941931823,2024,517,176,34.0,15,2.9
19644360140525,2024,10,6,60.0,0,0.0
19644361931617,2024,46,42,91.3,4,8.7
19644361932086,2024,255,186,72.9,13,5.1
19644361936418,2024,309,252,81.6,17,5.5
19644361938372,2024,380,232,61.1,22,5.8
19644441932201,2024,498,250,50.2,25,5.0
19644441932656,2024,18,8,44.4,0,0.0
19644511931625,2024,165,145,87.9,26,15.8
19644511932441,2024,909,635,69.9,68,7.5
19644511939164,2024,856,622,72.7,67,7.8
19644511964451,2024,13,9,69.2,0,0.0
19644691932482,2024,181,99,54.7,29,16.0
19644691936079,2024,31,24,77.4,12,38.7
19645191930320,2024,418,349,83.5,58,13.9
19645191932664,2024,358,346,96.6,69,19.3
19645191932680,2024,271,253,93.4,66,24.4
19645191937481,2024,373,319,85.5,56,15.0
19645191938919,2024,152,146,96.1,53,34.9
19645191995661,2024,284,256,90.1,48,16.9
19645191996123,2024,11,11,100.0,9,81.8
19645271932698,2024,105,89,84.8,9,8.6
19645271932706,2024,465,380,81.7,32,6.9
19645271964527,2024,34,23,67.6,4,11.8
19645351930353,2024,16,7,43.8,0,0.0
19645351932763,2024,347,44,12.7,6,1.7
19645681932144,2024,630,131,20.8,12,1.9
19645681933472,2024,54,36,66.7,17,31.5
19645681933530,2024,532,368,69.2,134,25.2
19645681934082,2024,391,261,66.8,110,28.1
19645681964568,2024,5,0,0.0,0,0.0
19645681995497,2024,25,15,60.0,4,16.0
19645681996131,2024,262,137,52.3,0,0.0
19645761933597,2024,520,134,25.8,19,3.7
19645761939677,2024,28,19,67.9,5,17.9
19646341934231,2024,223,197,88.3,49,22.0
19646341934249,2024,31,24,77.4,7,22.6
19646341936046,2024,118,103,87.3,43,36.4
19646341964634,2024,4,0,0.0,0,0.0
19646591934611,2024,354,25,7.1,0,0.0
19646831930080,2024,430,109,25.3,7,1.6
19646831931781,2024,435,109,25.1,5,1.1
19647250127381,2024,182,78,42.9,0,0.0
19647250132324,2024,126,44,34.9,0,0.0
19647250135525,2024,58,41,70.7,8,13.8
19647251930411,2024,35,26,74.3,11,31.4
19647251934470,2024,523,396,75.7,104,19.9
19647251934678,2024,601,331,55.1,44,7.3
19647251935758,2024,822,271,33.0,27,3.3
19647251936947,2024,980,605,61.7,143,14.6
19647251937176,2024,40,28,70.0,4,10.0
19647251939875,2024,816,459,56.2,70,8.6
19647251964725,2024,17,12,70.6,0,0.0
19647251995539,2024,170,64,37.6,0,0.0
19647251995570,2024,158,130,82.3,20,12.7
19647251995935,2024,402,297,73.9,96,23.9
19647251996503,2024,89,59,66.3,0,0.0
19647330101329,2024,20,18,90.0,0,0.0
19647330102137,2024,5,5,100.0,0,0.0
19647330102764,2024,27,24,88.9,4,14.8
19647330102913,2024,78,64,82.1,0,0.0
19647330102921,2024,113,72,63.7,0,0.0
19647330106997,2024,144,133,92.4,0,0.0
19647330107003,2024,233,186,79.8,7,3.0
19647330107011,2024,103,88,85.4,0,0.0
19647330109447,2024,392,349,89.0,69,17.6
19647330109454,2024,506,450,88.9,52,10.3
19647330109462,2024,231,226,97.8,40,17.3
19647330109512,2024,32,28,87.5,13,40.6
19647330110668,2024,42,36,85.7,7,16.7
19647330112029,2024,58,57,98.3,11,19.0
19647330112037,2024,118,111,94.1,12,10.2
19647330112045,2024,260,218,83.8,22,8.5
19647330112052,2024,330,320,97.0,53,16.1
19647330112870,2024,79,77,97.5,30,38.0
19647330114850,2024,241,237,98.3,48,19.9
19647330117051,2024,272,259,95.2,43,15.8
19647330117069,2024,172,159,92.4,61,35.5
19647330117721,2024,106,101,95.3,27,25.5
19647330117747,2024,100,93,93.0,17,17.0
19647330117762,2024,117,109,93.2,14,12.0
19647330119685,2024,91,88,96.7,16,17.6
19647330119693,2024,113,111,98.2,21,18.6
19647330119727,2024,271,184,67.9,11,4.1
19647330119966,2024,184,173,94.0,23,12.5
19647330120360,2024,60,41,68.3,4,6.7
19647330120808,2024,6,0,0.0,0,0.0
19647330121095,2024,67,63,94.0,20,29.9
19647330122333,2024,114,105,92.1,0,0.0
19647330122341,2024,86,83,96.5,7,8.1
19647330122358,2024,83,80,96.4,15,18.1
19647330122366,2024,44,42,95.5,0,0.0
19647330122374,2024,76,71,93.4,4,5.3
19647330122382,2024,62,62,100.0,6,9.7
19647330122416,2024,17,15,88.2,4,23.5
19647330124362,2024,195,144,73.8,5,2.6
19647330124370,2024,68,63,92.6,5,7.4
19647330124388,2024,80,72,90.0,4,5.0
19647330124396,2024,109,93,85.3,14,12.8
19647330124404,2024,96,89,92.7,18,18.8
19647330124412,2024,71,67,94.4,0,0.0
19647330124479,2024,241,224,92.9,64,26.6
19647330124487,2024,119,117,98.3,21,17.6
19647330124495,2024,120,118,98.3,15,12.5
19647330124503,2024,125,121,96.8,32,25.6
19647330124511,2024,123,122,99.2,28,22.8
19647330124529,2024,92,79,85.9,8,8.7
19647330125989,2024,142,139,97.9,8,5.6
19647330126474,2024,34,27,79.4,4,11.8
19647330126482,2024,255,252,98.8,69,27.1
19647330126516,2024,160,147,91.9,8,5.0
19647330126524,2024,146,140,95.9,8,5.5
19647330126532,2024,119,109,91.6,16,13.4
19647330126540,2024,99,79,79.8,0,0.0
19647330126557,2024,95,87,91.6,14,14.7
19647330126573,2024,174,171,98.3,28,16.1
19647330126615,2024,116,92,79.3,0,0.0
19647330126623,2024,93,73,78.5,5,5.4
19647330127787,2024,87,64,73.6,0,0.0
19647330127795,2024,70,69,98.6,19,27.1
19647330127803,2024,28,25,89.3,0,0.0
19647330129536,2024,38,38,100.0,0,0.0
19647330129585,2024,117,116,99.1,12,10.3
19647330130997,2024,44,44,100.0,0,0.0
19647330133603,2024,83,44,53.0,0,0.0
19647330133736,2024,43,15,34.9,0,0.0
19647330135681,2024,32,29,90.6,0,0.0
19647330135855,2024,197,172,87.3,4,2.0
19647330135996,2024,7,6,85.7,0,0.0
19647330137083,2024,43,41,95.3,4,9.3
19647330137091,2024,27,27,100.0,0,0.0
19647330140046,2024,35,33,94.3,8,22.9
19647330141523,2024,114,83,72.8,5,4.4
19647330141531,2024,85,72,84.7,9,10.6
19647330141549,2024,113,91,80.5,11,9.7
19647330141556,2024,123,100,81.3,8,6.5
19647330141564,2024,124,103,83.1,18,14.5
19647330141572,2024,102,85,83.3,11,10.8
19647330141630,2024,8,6,75.0,0,0.0
19647331930064,2024,22,16,72.7,5,22.7
19647331930296,2024,64,60,93.8,17,26.6
19647331930387,2024,132,112,84.8,43,32.6
19647331930403,2024,19,19,100.0,0,0.0
19647331930429,2024,10,10,100.0,0,0.0
19647331930486,2024,16,16,100.0,0,0.0
19647331930551,2024,40,40,100.0,7,17.5
19647331930577,2024,36,33,91.7,4,11.1
19647331930619,2024,10,10,100.0,5,50.0
19647331930650,2024,563,508,90.2,35,6.2
19647331930734,2024,34,28,82.4,0,0.0
19647331930783,2024,21,20,95.2,4,19.0
19647331930791,2024,22,15,68.2,0,0.0
19647331930866,2024,451,411,91.1,17,3.8
19647331930924,2024,131,124,94.7,71,54.2
19647331930940,2024,41,37,90.2,4,9.8
19647331930973,2024,26,25,96.2,0,0.0
19647331931336,2024,10,6,60.0,0,0.0
19647331931377,2024,27,24,88.9,0,0.0
19647331931385,2024,8,6,75.0,0,0.0
19647331931393,2024,25,22,88.0,0,0.0
19647331931435,2024,27,22,81.5,0,0.0
19647331931450,2024,33,28,84.8,5,15.2
19647331931468,2024,16,15,93.8,5,31.2
19647331931476,2024,316,286,90.5,43,13.6
19647331931484,2024,54,49,90.7,9,16.7
19647331931500,2024,23,19,82.6,15,65.2
19647331931518,2024,12,11,91.7,0,0.0
19647331931526,2024,321,248,77.3,12,3.7
19647331931534,2024,72,69,95.8,11,15.3
19647331931559,2024,41,39,95.1,0,0.0
19647331931682,2024,35,30,85.7,7,20.0
19647331931690,2024,52,34,65.4,6,11.5
19647331931716,2024,39,28,71.8,0,0.0
19647331931856,2024,21,17,81.0,0,0.0
19647331931930,2024,22,21,95.5,4,18.2
19647331931955,2024,31,30,96.8,0,0.0
19647331931971,2024,38,35,92.1,6,15.8
19647331931997,2024,39,35,89.7,0,0.0
19647331932128,2024,127,102,80.3,28,22.0
19647331932250,2024,22,12,54.5,0,0.0
19647331932318,2024,10,8,80.0,0,0.0
19647331932334,2024,49,35,71.4,15,30.6
19647331932342,2024,19,13,68.4,0,0.0
19647331932383,2024,198,184,92.9,38,19.2
19647331932540,2024,327,160,48.9,5,1.5
19647331932821,2024,15,15,100.0,0,0.0
19647331932847,2024,188,104,55.3,0,0.0
19647331932888,2024,172,131,76.2,4,2.3
19647331932920,2024,356,311,87.4,28,7.9
19647331932987,2024,509,459,90.2,36,7.1
19647331933001,2024,284,265,93.3,4,1.4
19647331933043,2024,277,232,83.8,10,3.6
19647331933118,2024,408,391,95.8,56,13.7
19647331933233,2024,206,122,59.2,0,0.0
19647331933241,2024,333,310,93.1,25,7.5
19647331933381,2024,528,499,94.5,22,4.2
19647331933795,2024,434,414,95.4,54,12.4
19647331933852,2024,485,339,69.9,23,4.7
19647331934033,2024,257,230,89.5,19,7.4
19647331934157,2024,374,351,93.9,34,9.1
19647331934371,2024,137,136,99.3,31,22.6
19647331934454,2024,179,173,96.6,42,23.5
19647331935121,2024,221,185,83.7,20,9.0
19647331935352,2024,261,217,83.1,42,16.1
19647331935519,2024,250,237,94.8,72,28.8
19647331935568,2024,410,283,69.0,14,3.4
19647331935865,2024,452,412,91.2,107,23.7
19647331936160,2024,395,301,76.2,22,5.6
19647331936350,2024,543,369,68.0,37,6.8
19647331937424,2024,394,384,97.5,44,11.2
19647331937622,2024,338,295,87.3,24,7.1
19647331937838,2024,555,423,76.2,23,4.1
19647331938307,2024,381,349,91.6,39,10.2
19647331938968,2024,506,407,80.4,91,18.0
19647331939040,2024,509,332,65.2,20,3.9
19647331939107,2024,265,208,78.5,18,6.8
19647331939305,2024,216,203,94.0,33,15.3
19647331939479,2024,157,124,79.0,0,0.0
19647331939859,2024,297,274,92.3,14,4.7
19647331939941,2024,500,333,66.6,15,3.0
19647331964733,2024,130,74,56.9,20,15.4
19647331995448,2024,403,308,76.4,7,1.7
19647331995794,2024,27,24,88.9,0,0.0
19647331996073,2024,76,65,85.5,8,10.5
19647331996115,2024,321,242,75.4,8,2.5
19647336016885,2024,144,142,98.6,20,13.9
19647336019475,2024,60,50,83.3,0,0.0
19647336058002,2024,135,123,91.1,27,20.0
19647336060529,2024,4,4,100.0,0,0.0
19647336061451,2024,181,139,76.8,9,5.0
19647336061600,2024,90,83,92.2,5,5.6
19647336069157,2024,45,30,66.7,0,0.0
19647740109538,2024,404,394,97.5,58,14.4
19647741935428,2024,54,47,87.0,17,31.5
19647741935436,2024,467,454,97.2,90,19.3
19647901935899,2024,25,22,88.0,5,20.0
19647901935923,2024,381,252,66.1,32,8.4
19647901996404,2024,19,15,78.9,0,0.0
19648080124552,2024,94,71,75.5,14,14.9
19648081930155,2024,522,416,79.7,65,12.5
19648081930825,2024,510,416,81.6,124,24.3
19648081935998,2024,447,381,85.2,84,18.8
19648081938927,2024,90,75,83.3,22,24.4
19648081996388,2024,7,0,0.0,4,57.1
19648401933647,2024,220,160,72.7,42,19.1
19648401934728,2024,443,258,58.2,11,2.5
19648401936467,2024,486,381,78.4,46,9.5
19648401936475,2024,132,107,81.1,30,22.7
19648650141002,2024,13,0,0.0,0,0.0
19648651933308,2024,31,5,16.1,0,0.0
19648651964865,2024,5,0,0.0,0,0.0
19648651995588,2024,566,61,10.8,11,1.9
19648651996552,2024,338,21,6.2,9,2.7
19648730136705,2024,101,92,91.1,4,4.0
19648730141739,2024,6,6,100.0,0,0.0
19648731936749,2024,823,782,95.0,122,14.8
19648731936756,2024,98,94,95.9,22,22.4
19648810117440,2024,74,54,73.0,0,0.0
19648811931062,2024,136,86,63.2,43,31.6
19648811931674,2024,221,168,76.0,0,0.0
19648811936103,2024,257,213,82.9,15,5.8
19648811936806,2024,66,64,97.0,12,18.2
19648811936822,2024,325,234,72.0,15,4.6
19648811964881,2024,11,0,0.0,0,0.0
19649071933175,2024,240,207,86.2,43,17.9
19649071933324,2024,389,368,94.6,72,18.5
19649071936772,2024,102,89,87.3,25,24.5
19649071937028,2024,260,243,93.5,44,16.9
19649071964907,2024,7,6,85.7,0,0.0
19649071995901,2024,346,260,75.1,20,5.8
19649071996495,2024,102,97,95.1,9,8.8
19649076061634,2024,107,94,87.9,30,28.0
19649641937754,2024,203,28,13.8,4,2.0
19649801933373,2024,17,12,70.6,0,0.0
19649801938000,2024,680,235,34.6,19,2.8
19649801995737,2024,92,14,15.2,4,4.3
19650291938455,2024,375,55,14.7,8,2.1
19650521938679,2024,429,170,39.6,42,9.8
19650521995745,2024,23,15,65.2,9,39.1
19650521995976,2024,9,7,77.8,0,0.0
19650600110320,2024,4,0,0.0,0,0.0
19650601936277,2024,440,191,43.4,29,6.6
19650601938083,2024,49,37,75.5,7,14.3
19650601938356,2024,433,84,19.4,25,5.8
19650601938752,2024,457,172,37.6,31,6.8
19650601939602,2024,451,116,25.7,34,7.5
19650601965060,2024,13,8,61.5,0,0.0
19650940122432,2024,209,146,69.9,10,4.8
19650940137042,2024,77,38,49.4,0,0.0
19650941938513,2024,61,53,86.9,7,11.5
19650941939537,2024,416,273,65.6,15,3.6
19651281930338,2024,110,102,92.7,21,19.1
19651281931302,2024,515,428,83.1,59,11.5
19651281934868,2024,570,348,61.1,41,7.2
19651281936889,2024,250,224,89.6,24,9.6
19651281937903,2024,510,432,84.7,40,7.8
19651281939701,2024,394,346,87.8,30,7.6
19651281965128,2024,10,7,70.0,0,0.0
19651281995653,2024,110,88,80.0,5,4.5
19651360102459,2024,500,224,44.8,30,6.0
19651360102475,2024,459,74,16.1,7,1.5
19651360138727,2024,283,63,22.3,7,2.5
19651361931492,2024,492,183,37.2,24,4.9
19651361931740,2024,538,88,16.4,6,1.1
19651361932532,2024,123,32,26.0,4,3.3
19651361933902,2024,524,215,41.0,60,11.5
19651361934421,2024,100,55,55.0,11,11.0
19651361965136,2024,5,0,0.0,0,0.0
19651361995802,2024,515,54,10.5,0,0.0
19651361996321,2024,97,15,15.5,0,0.0
19734370132969,2024,130,113,86.9,0,0.0
19734371931567,2024,221,213,96.4,39,17.6
19734371931963,2024,277,267,96.4,57,20.6
19734371932326,2024,366,344,94.0,61,16.7
19734371973437,2024,8,6,75.0,4,50.0
19734371995695,2024,115,110,95.7,29,25.2
19734371996057,2024,31,30,96.8,0,0.0
19734451933316,2024,22,18,81.8,0,0.0
19734451934801,2024,200,181,90.5,25,12.5
19734451935246,2024,358,288,80.4,25,7.0
19734451938935,2024,65,60,92.3,14,21.5
19734451939834,2024,356,240,67.4,33,9.3
19734451939925,2024,187,166,88.8,34,18.2
19734521930106,2024,34,31,91.2,6,17.6
19734521936228,2024,375,325,86.7,75,20.0
19734521937564,2024,450,331,73.6,63,14.0
19734601932862,2024,647,187,28.9,42,6.5
19734601937747,2024,10,5,50.0,0,0.0
19734601939149,2024,542,167,30.8,36,6.6
19752911995810,2024,358,239,66.8,69,19.3
19752911996081,2024,18,15,83.3,0,0.0
19753091995786,2024,85,58,68.2,6,7.1
19753331935808,2024,630,57,9.0,6,1.0
19753411937143,2024,711,132,18.6,12,1.7
19753411995752,2024,24,6,25.0,0,0.0
19757131930163,2024,500,314,62.8,76,15.2
19757131934553,2024,555,305,55.0,105,18.9
19757131937697,2024,461,357,77.4,107,23.2
19757131975713,2024,5,0,0.0,0,0.0
20102072030153,2024,7,5,71.4,0,0.0
20102076077200,2024,6,4,66.7,0,0.0
20652012030047,2024,35,33,94.3,9,25.7
20652012032357,2024,258,202,78.3,40,15.5
20652430110965,2024,386,367,95.1,66,17.1
20652430123620,2024,55,55,100.0,23,41.8
20652430131086,2024,10,9,90.0,0,0.0
20652430139691,2024,515,467,90.7,63,12.2
20652432035640,2024,65,59,90.8,9,13.8
20652432035707,2024,412,335,81.3,75,18.2
20755800111443,2024,7,6,85.7,0,0.0
20755800134486,2024,8,0,0.0,0,0.0
20755802030161,2024,17,13,76.5,0,0.0
20755802030203,2024,157,59,37.6,13,8.3
20756060117010,2024,54,32,59.3,0,0.0
20764140115550,2024,4,0,0.0,0,0.0
20764142030013,2024,147,88,59.9,13,8.8
20764142030039,2024,8,7,87.5,0,0.0
20764142030104,2024,13,10,76.9,0,0.0
21102152130037,2024,19,13,68.4,8,42.1
21102156069504,2024,6,0,0.0,0,0.0
21654172130045,2024,27,6,22.2,0,0.0
21654172132264,2024,35,23,65.7,12,34.3
21654172132272,2024,342,216,63.2,56,16.4
21654172133056,2024,294,151,51.4,27,9.2
21654662133254,2024,83,75,90.4,60,72.3
21654662133262,2024,288,203,70.5,66,22.9
21654662134005,2024,313,164,52.4,53,16.9
21654662165466,2024,4,0,0.0,0,0.0
21654822130078,2024,32,4,12.5,0,0.0
21654822131340,2024,301,44,14.6,8,2.7
21654822132587,2024,424,49,11.6,0,0.0
21654822133692,2024,432,50,11.6,5,1.2
21654822134419,2024,26,0,0.0,0,0.0
21654822165482,2024,4,0,0.0,0,0.0
21733612134310,2024,31,18,58.1,5,16.1
22655322230035,2024,17,16,94.1,0,0.0
22655322230068,2024,10,9,90.0,0,0.0
22655322235356,2024,86,54,62.8,5,5.8
23102312330124,2024,4,0,0.0,0,0.0
23655402330900,2024,30,24,80.0,5,16.7
23655652330215,2024,18,12,66.7,0,0.0
23655652331361,2024,123,97,78.9,16,13.0
23655812333185,2024,48,29,60.4,0,0.0
23655992330108,2024,4,0,0.0,0,0.0
23655992333649,2024,29,11,37.9,0,0.0
23656072330033,2024,14,8,57.1,4,28.6
23656072334563,2024,29,25,86.2,5,17.2
23656150128280,2024,37,28,75.7,0,0.0
23656152334704,2024,58,49,84.5,5,8.6
23656152335024,2024,381,285,74.8,43,11.3
23656230136887,2024,21,16,76.2,0,0.0
23656232335487,2024,85,44,51.8,5,5.9
23738662330041,2024,22,13,59.1,0,0.0
23739162332260,2024,21,14,66.7,0,0.0
23752182332724,2024,4,4,100.0,0,0.0
24102492430056,2024,4,0,0.0,0,0.0
24102492430148,2024,43,38,88.4,5,11.6
24102492430163,2024,96,83,86.5,34,35.4
24102492430171,2024,53,47,88.7,9,17.0
24102496069199,2024,14,13,92.9,0,0.0
24656982430080,2024,10,8,80.0,0,0.0
24656982432409,2024,160,106,66.2,27,16.9
24657302430064,2024,29,28,96.6,10,34.5
24657302433001,2024,116,106,91.4,27,23.3
24657550119073,2024,68,49,72.1,0,0.0
24657550120923,2024,427,335,78.5,48,11.2
24657552431492,2024,75,68,90.7,16,21.3
24657552434207,2024,325,215,66.2,30,9.2
24657890127373,2024,456,327,71.7,29,6.4
24657892430049,2024,47,40,85.1,0,0.0
24657892430098,2024,443,368,83.1,51,11.5
24657892430205,2024,412,310,75.2,33,8.0
24657892430601,2024,475,391,82.3,46,9.7
24657892433605,2024,305,258,84.6,50,16.4
24657892435204,2024,441,349,79.1,60,13.6
24657892439602,2024,154,142,92.2,37,24.0
24736192430031,2024,6,5,83.3,0,0.0
24736192431807,2024,134,107,79.9,31,23.1
24753172430015,2024,40,38,95.0,14,35.0
24753172431203,2024,139,126,90.6,16,11.5
24753662430114,2024,169,153,90.5,27,16.0
25658962537702,2024,7,0,0.0,0,0.0
25735852530020,2024,4,4,100.0,0,0.0
25735852535409,2024,51,36,70.6,0,0.0
25735934737250,2024,36,25,69.4,7,19.4
26102642630028,2024,4,4,100.0,0,0.0
26736682633006,2024,11,7,63.6,0,0.0
26736682635001,2024,10,0,0.0,0,0.0
26736922630010,2024,85,43,50.6,16,18.8
27102722730117,2024,13,7,53.8,5,38.5
27102722730265,2024,34,32,94.1,9,26.5
27659872730018,2024,7,0,0.0,0,0.0
27659872730414,2024,209,46,22.0,0,0.0
27660680141010,2024,45,44,97.8,13,28.9
27660682730083,2024,30,25,83.3,7,23.3
27660682730174,2024,324,293,90.4,50,15.4
27660682732170,2024,284,242,85.2,32,11.3
27660920111435,2024,149,106,71.1,15,10.1
27660922732253,2024,54,48,88.9,28,51.9
27660922732808,2024,340,183,53.8,20,5.9
27660922735348,2024,285,225,78.9,49,17.2
27661342731115,2024,7,4,57.1,0,0.0
27661342733657,2024,148,24,16.2,0,0.0
27661590124610,2024,89,75,84.3,15,16.9
27661590136697,2024,376,352,93.6,41,10.9
27661592730109,2024,657,634,96.5,136,20.7
27661592730166,2024,473,456,96.4,52,11.0
27661592730273,2024,4,4,100.0,0,0.0
27661592733178,2024,508,484,95.3,69,13.6
27661592734481,2024,69,62,89.9,27,39.1
27661592734556,2024,606,524,86.5,56,9.2
27738252730034,2024,297,247,83.2,64,21.5
27738252730125,2024,34,28,82.4,4,11.8
27738252730141,2024,11,9,81.8,5,45.5
27754400106112,2024,12,12,100.0,0,0.0
27754400141051,2024,19,16,84.2,0,0.0
27754402730190,2024,384,326,84.9,31,8.1
27754732730885,2024,203,188,92.6,54,26.6
28102802830073,2024,10,6,60.0,6,60.0
28102802830099,2024,16,11,68.8,4,25.0
28662412830065,2024,5,4,80.0,0,0.0
28662412831758,2024,62,53,85.5,9,14.5
28662660101964,2024,47,28,59.6,8,17.0
28662660121087,2024,396,229,57.8,34,8.6
28662662830016,2024,393,217,55.2,41,10.4
28662662830115,2024,81,52,64.2,7,8.6
28662662830149,2024,91,74,81.3,30,33.0
28662662835601,2024,398,302,75.9,93,23.4
28662902837102,2024,95,38,40.0,8,8.4
29663570112367,2024,36,9,25.0,0,0.0
29663572930030,2024,56,21,37.5,0,0.0
29663572930048,2024,154,42,27.3,0,0.0
29663572930071,2024,52,36,69.2,0,0.0
29663572935500,2024,328,126,38.4,4,1.2
30103063030426,2024,51,44,86.3,22,43.1
30103063030632,2024,54,23,42.6,0,0.0
30103063030764,2024,514,451,87.7,136,26.5
30103066069553,2024,21,16,76.2,0,0.0
30664310140707,2024,25,20,80.0,0,0.0
30664313030038,2024,670,344,51.3,26,3.9
30664313030228,2024,682,628,92.1,208,30.5
30664313030384,2024,204,168,82.4,41,20.1
30664313030616,2024,210,103,49.0,0,0.0
30664313032786,2024,181,164,90.6,78,43.1
30664313033057,2024,591,535,90.5,123,20.8
30664313033115,2024,511,303,59.3,33,6.5
30664313033784,2024,380,344,90.5,109,28.7
30664313034204,2024,404,363,89.9,102,25.2
30664313036712,2024,412,351,85.2,107,26.0
30664313038239,2024,376,332,88.3,108,28.7
30664313066431,2024,4,0,0.0,0,0.0
30664493030624,2024,21,6,28.6,0,0.0
30664493030640,2024,428,93,21.7,11,2.6
30664640113381,2024,691,241,34.9,33,4.8
30664640124131,2024,55,9,16.4,0,0.0
30664643030210,2024,486,206,42.4,34,7.0
30664643030574,2024,650,190,29.2,24,3.7
30664643030756,2024,519,111,21.4,5,1.0
30664643030798,2024,5,0,0.0,0,0.0
30664643035987,2024,55,44,80.0,15,27.3
30664643036001,2024,701,265,37.8,31,4.4
30664643038569,2024,414,167,40.3,24,5.8
30664643066464,2024,13,4,30.8,0,0.0
30665143030335,2024,26,16,61.5,0,0.0
30665143030855,2024,414,345,83.3,66,15.9
30665143032505,2024,435,264,60.7,45,10.3
30665143033362,2024,470,287,61.1,24,5.1
30665143033610,2024,170,146,85.9,68,40.0
30665143037090,2024,445,252,56.6,34,7.6
30665143037348,2024,613,310,50.6,36,5.9
30665143037496,2024,645,256,39.7,23,3.6
30665143066514,2024,8,5,62.5,0,0.0
30665223030103,2024,98,86,87.8,50,51.0
30665223030434,2024,414,351,84.8,89,21.5
30665223032752,2024,524,441,84.2,91,17.4
30665223033578,2024,525,405,77.1,76,14.5
30665223033933,2024,362,339,93.6,113,31.2
30665223035581,2024,396,214,54.0,26,6.6
30665223035706,2024,354,309,87.3,77,21.8
30665223036555,2024,448,428,95.5,133,29.7
30665483030145,2024,292,235,80.5,62,21.2
30665483030368,2024,73,28,38.4,0,0.0
30665483031895,2024,439,117,26.7,4,0.9
30665483032158,2024,808,412,51.0,32,4.0
30665483032943,2024,700,242,34.6,22,3.1
30665483034410,2024,513,263,51.3,16,3.1
30665483038445,2024,617,517,83.8,148,24.0
30665483038551,2024,123,99,80.5,31,25.2
30665483066548,2024,4,0,0.0,0,0.0
30665553033206,2024,196,38,19.4,0,0.0
30665970111666,2024,52,36,69.2,0,0.0
30665973030186,2024,20,9,45.0,0,0.0
30665973031697,2024,360,97,26.9,19,5.3
30665973031853,2024,305,251,82.3,50,16.4
30665973032000,2024,239,207,86.6,55,23.0
30665973034907,2024,74,60,81.1,23,31.1
30665973035045,2024,517,213,41.2,34,6.6
30666210140293,2024,65,37,56.9,5,7.7
30666213030046,2024,521,168,32.2,9,1.7
30666213031952,2024,453,308,68.0,30,6.6
30666213035409,2024,418,371,88.8,81,19.4
30666213035748,2024,93,80,86.0,33,35.5
30666213038098,2024,459,246,53.6,27,5.9
30666213066621,2024,4,0,0.0,0,0.0
30666470119404,2024,329,85,25.8,12,3.6
30666473030053,2024,354,149,42.1,15,4.2
30666473030483,2024,45,23,51.1,0,0.0
30666473031929,2024,438,163,37.2,21,4.8
30666473031945,2024,62,55,88.7,14,22.6
30666473038023,2024,619,418,67.5,65,10.5
30666476119556,2024,23,6,26.1,0,0.0
30666700108365,2024,583,448,76.8,56,9.6
30666700114736,2024,419,352,84.0,60,14.3
30666703030475,2024,195,165,84.6,76,39.0
30666703030491,2024,329,290,88.1,128,38.9
30666703030608,2024,93,73,78.5,0,0.0
30666703034998,2024,145,136,93.8,62,42.8
30666703035821,2024,334,284,85.0,100,29.9
30666703036357,2024,653,563,86.2,206,31.5
30666703036456,2024,489,434,88.8,197,40.3
30666706115133,2024,8,7,87.5,6,75.0
30736353030061,2024,474,227,47.9,78,16.5
30736353030079,2024,104,88,84.6,52,50.0
30736353030244,2024,337,200,59.3,60,17.8
30736353030392,2024,594,213,35.9,43,7.2
30736353030509,2024,35,17,48.6,0,0.0
30736353034956,2024,389,163,41.9,32,8.2
30736353073635,2024,6,0,0.0,0,0.0
30736430102871,2024,662,240,36.3,43,6.5
30736430139774,2024,93,35,37.6,0,0.0
30736433030590,2024,84,39,46.4,4,4.8
30736433032109,2024,535,207,38.7,28,5.2
30736433032919,2024,76,70,92.1,41,53.9
30736433037553,2024,450,387,86.0,93,20.7
30736433073643,2024,4,0,0.0,0,0.0
30736500133405,2024,602,105,17.4,33,5.5
30736503030129,2024,43,31,72.1,5,11.6
30736503030152,2024,496,132,26.6,30,6.0
30736503030285,2024,533,147,27.6,24,4.5
30736503030467,2024,28,11,39.3,0,0.0
30736503030657,2024,608,124,20.4,40,6.6
30736503035102,2024,563,121,21.5,29,5.2
30736503073650,2024,9,0,0.0,0,0.0
30739243033917,2024,756,144,19.0,8,1.1
31668940102293,2024,48,21,43.8,0,0.0
31668943131687,2024,50,28,56.0,0,0.0
31668943131851,2024,144,32,22.2,0,0.0
31668943132453,2024,396,61,15.4,0,0.0
31668943135704,2024,324,118,36.4,27,8.3
31669280116459,2024,389,247,63.5,40,10.3
31669280139840,2024,429,135,31.5,25,5.8
31669283130119,2024,104,45,43.3,0,0.0
31669283130176,2024,471,174,36.9,18,3.8
31669283130184,2024,484,110,22.7,12,2.5
31669283130309,2024,46,25,54.3,10,21.7
31669283135308,2024,344,165,48.0,26,7.6
31669283136504,2024,377,173,45.9,19,5.0
31669443130010,2024,131,62,47.3,16,12.2
31669443130077,2024,8,0,0.0,0,0.0
31669443138500,2024,205,58,28.3,7,3.4
31669510139246,2024,20,5,25.0,0,0.0
31669510140541,2024,283,58,20.5,9,3.2
31669513130036,2024,34,23,67.6,4,11.8
31669513134657,2024,290,123,42.4,18,6.2
31750850108084,2024,449,77,17.1,7,1.6
31750853130150,2024,491,78,15.9,10,2.0
31750853130200,2024,55,23,41.8,0,0.0
31750853130218,2024,15,4,26.7,0,0.0
32669693230042,2024,11,9,81.8,0,0.0
32669693232006,2024,21,12,57.1,0,0.0
32669693233509,2024,6,6,100.0,0,0.0
32669693235603,2024,40,27,67.5,4,10.0
32669693236007,2024,54,24,44.4,0,0.0
33103303330123,2024,76,52,68.4,21,27.6
33103303331055,2024,66,47,71.2,12,18.2
33103306069207,2024,5,0,0.0,0,0.0
33316253330834,2024,15,7,46.7,0,0.0
33669770125732,2024,409,311,76.0,48,11.7
33669770135061,2024,41,39,95.1,16,39.0
33669773330008,2024,321,272,84.7,76,23.7
33669773334299,2024,407,380,93.4,115,28.3
33669773337128,2024,64,57,89.1,16,25.0
33669853330214,2024,274,255,93.1,59,21.5
33669853330222,2024,39,34,87.2,4,10.3
33669853330974,2024,17,15,88.2,0,0.0
33669930129882,2024,82,57,69.5,4,4.9
33669930141366,2024,21,12,57.1,0,0.0
33669933330479,2024,736,488,66.3,44,6.0
33669933330842,2024,82,68,82.9,7,8.5
33670330110106,2024,58,56,96.6,21,36.2
33670330110627,2024,1051,685,65.2,61,5.8
33670330110759,2024,167,103,61.7,0,0.0
33670330135574,2024,135,98,72.6,12,8.9
33670333330131,2024,23,22,95.7,0,0.0
33670333330446,2024,679,563,82.9,85,12.5
33670333330586,2024,183,170,92.9,32,17.5
33670333330701,2024,836,509,60.9,40,4.8
33670333331600,2024,547,469,85.7,64,11.7
33670333334232,2024,502,355,70.7,32,6.4
33670333367033,2024,16,7,43.8,0,0.0
33670580114504,2024,97,78,80.4,15,15.5
33670580118885,2024,413,322,78.0,40,9.7
33670583330388,2024,463,261,56.4,18,3.9
33670583330669,2024,551,403,73.1,29,5.3
33670583330909,2024,86,68,79.1,9,10.5
33670583331113,2024,94,82,87.2,39,41.5
33670583333192,2024,487,443,91.0,125,25.7
33670820106716,2024,56,42,75.0,7,12.5
33670820113159,2024,424,370,87.3,49,11.6
33670823330065,2024,144,131,91.0,29,20.1
33670823330503,2024,82,75,91.5,0,0.0
33670823330537,2024,436,381,87.4,43,9.9
33670823332673,2024,558,456,81.7,47,8.4
33670900114157,2024,576,430,74.7,98,17.0
33670903330412,2024,414,348,84.1,96,23.2
33670903334687,2024,129,124,96.1,43,33.3
33670903337136,2024,280,253,90.4,63,22.5
33671240105940,2024,6,6,100.0,0,0.0
33671240128868,2024,221,193,87.3,21,9.5
33671243330396,2024,484,402,83.1,61,12.6
33671243330438,2024,603,499,82.8,71,11.8
33671243330800,2024,68,56,82.4,14,20.6
33671243331071,2024,462,411,89.0,79,17.1
33671243333762,2024,88,82,93.2,14,15.9
33671243333770,2024,482,439,91.1,119,24.7
33671730127316,2024,318,303,95.3,50,15.7
33671730133090,2024,65,58,89.2,6,9.2
33671733330578,2024,306,289,94.4,70,22.9
33671733330818,2024,369,362,98.1,81,22.0
33671733331121,2024,220,196,89.1,76,34.5
33671733335130,2024,365,346,94.8,57,15.6
33671813331139,2024,50,46,92.0,5,10.0
33671813335759,2024,150,102,68.0,11,7.3
33672070113191,2024,562,424,75.4,65,11.6
33672070134981,2024,20,13,65.0,0,0.0
33672070140491,2024,620,324,52.3,9,1.5
33672073330172,2024,145,119,82.1,36,24.8
33672073330727,2024,560,360,64.3,15,2.7
33672073335973,2024,522,490,93.9,125,23.9
33672150115709,2024,77,61,79.2,7,9.1
33672150131359,2024,54,27,50.0,0,0.0
33672153330024,2024,453,367,81.0,64,14.1
33672153330362,2024,14,10,71.4,0,0.0
33672153330511,2024,8,8,100.0,0,0.0
33672153330677,2024,82,71,86.6,23,28.0
33672153330859,2024,644,362,56.2,20,3.1
33672153334406,2024,502,425,84.7,79,15.7
33672153336237,2024,586,404,68.9,49,8.4
33672153336492,2024,536,455,84.9,78,14.6
33672153336955,2024,73,63,86.3,19,26.0
33672490123844,2024,77,56,72.7,5,6.5
33672490142117,2024,10,10,100.0,0,0.0
33672493331006,2024,53,46,86.8,5,9.4
33672493337649,2024,27,22,81.5,0,0.0
33672493337656,2024,604,513,84.9,90,14.9
33736760100255,2024,444,436,98.2,94,21.2
33736763330032,2024,105,97,92.4,47,44.8
33736763330354,2024,74,68,91.9,11,14.9
33736763330990,2024,593,528,89.0,105,17.7
33751760107920,2024,396,293,74.0,18,4.5
33751760116343,2024,126,99,78.6,6,4.8
33751763330115,2024,228,174,76.3,30,13.2
33751763330487,2024,512,309,60.4,17,3.3
33751763332350,2024,446,327,73.3,29,6.5
33751763375176,2024,4,0,0.0,0,0.0
33751920105734,2024,747,212,28.4,14,1.9
33751923330370,2024,659,232,35.2,24,3.6
33751923330495,2024,103,68,66.0,13,12.6
33751923330636,2024,99,43,43.4,0,0.0
33751923330743,2024,716,271,37.8,18,2.5
33752000100420,2024,812,413,50.9,21,2.6
33752000102079,2024,60,41,68.3,0,0.0
33752000118794,2024,501,293,58.5,11,2.2
33752003330529,2024,509,233,45.8,11,2.2
33752420109108,2024,394,363,92.1,74,18.8
33752420123190,2024,31,29,93.5,0,0.0
33752420133306,2024,618,537,86.9,59,9.5
33752423330552,2024,477,395,82.8,36,7.5
33752423330560,2024,159,145,91.2,59,37.1
34103480106229,2024,4,0,0.0,0,0.0
34103480106237,2024,9,7,77.8,0,0.0
34103480106245,2024,5,5,100.0,0,0.0
34103480106278,2024,42,32,76.2,0,0.0
34103480118745,2024,34,27,79.4,7,20.6
34673140105916,2024,568,393,69.2,45,7.9
34673140108753,2024,606,176,29.0,25,4.1
34673140116897,2024,532,185,34.8,21,3.9
34673143430170,2024,359,289,80.5,83,23.1
34673143430311,2024,57,44,77.2,7,12.3
34673143430329,2024,58,47,81.0,18,31.0
34673143430352,2024,129,98,76.0,13,10.1
34673143430477,2024,371,300,80.9,99,26.7
34673143430592,2024,485,206,42.5,47,9.7
34673143430618,2024,599,323,53.9,58,9.7
34673143430873,2024,665,214,32.2,24,3.6
34673143432002,2024,54,52,96.3,11,20.4
34673143432572,2024,407,152,37.3,22,5.4
34673143467314,2024,9,5,55.6,0,0.0
34673300113571,2024,394,30,7.6,0,0.0
34673300140699,2024,21,14,66.7,0,0.0
34673303430501,2024,74,29,39.2,4,5.4
34673303430667,2024,8,8,100.0,0,0.0
34673303430709,2024,18,5,27.8,0,0.0
34673303431533,2024,420,294,70.0,91,21.7
34673303433216,2024,697,123,17.6,25,3.6
34673303434792,2024,52,39,75.0,9,17.3
34673550119131,2024,207,86,41.5,14,6.8
34673553432903,2024,54,38,70.4,9,16.7
34673553433471,2024,217,132,60.8,20,9.2
34674133430469,2024,7,5,71.4,0,0.0
34674133430550,2024,6,4,66.7,0,0.0
34674134835302,2024,89,62,69.7,8,9.0
34674135731708,2024,66,49,74.2,11,16.7
34674390101972,2024,373,227,60.9,56,15.0
34674390108951,2024,33,23,69.7,0,0.0
34674390114546,2024,67,41,61.2,6,9.0
34674393430154,2024,65,58,89.2,13,20.0
34674393430519,2024,32,21,65.6,0,0.0
34674393430865,2024,216,92,42.6,4,1.9
34674393431012,2024,385,322,83.6,110,28.6
34674393434636,2024,394,333,84.5,152,38.6
34674393434768,2024,418,262,62.7,47,11.2
34674393435419,2024,596,354,59.4,120,20.1
34674393467439,2024,10,7,70.0,0,0.0
34674396061832,2024,45,26,57.8,0,0.0
34674470135772,2024,33,9,27.3,0,0.0
34674473430048,2024,224,139,62.1,26,11.6
34674473430097,2024,42,32,76.2,4,9.5
34674473430386,2024,57,26,45.6,0,0.0
34674473430394,2024,5,0,0.0,0,0.0
34674473430493,2024,465,171,36.8,32,6.9
34674473431111,2024,258,128,49.6,7,2.7
34674473432051,2024,352,175,49.7,40,11.4
34674473432317,2024,274,159,58.0,28,10.2
34674473432838,2024,171,152,88.9,97,56.7
34674473435930,2024,377,215,57.0,79,21.0
34674473436714,2024,422,167,39.6,47,11.1
34674473438504,2024,156,109,69.9,40,25.6
34674473467447,2024,10,6,60.0,0,0.0
34739733430378,2024,318,184,57.9,40,12.6
34739733430451,2024,23,14,60.9,0,0.0
34752830102236,2024,505,277,54.9,37,7.3
34752833430584,2024,257,210,81.7,43,16.7
34752833430626,2024,79,53,67.1,11,13.9
34765053430261,2024,35,33,94.3,6,17.1
34765053430634,2024,151,134,88.7,23,15.2
34765053430881,2024,70,63,90.0,21,30.0
34765053433265,2024,327,295,90.2,98,30.0
34765053433794,2024,437,387,88.6,135,30.9
34765053434370,2024,171,152,88.9,49,28.7
34765053436979,2024,336,279,83.0,66,19.6
34765053476505,2024,4,0,0.0,0,0.0
35675383530029,2024,26,24,92.3,4,15.4
35675383537008,2024,846,526,62.2,86,10.2
35752593530060,2024,61,32,52.5,0,0.0
36103630107466,2024,120,112,93.3,26,21.7
36103633630431,2024,39,27,69.2,4,10.3
36103636069348,2024,23,14,60.9,0,0.0
36676113630712,2024,30,21,70.0,0,0.0
36676113630803,2024,349,242,69.3,30,8.6
36676373630290,2024,18,15,83.3,0,0.0
36676373631066,2024,141,94,66.7,15,10.6
36676520126243,2024,34,19,55.9,0,0.0
36676523630225,2024,558,355,63.6,20,3.6
36676523630373,2024,824,485,58.9,27,3.3
36676523630571,2024,760,334,43.9,22,2.9
36676523630845,2024,5,5,100.0,0,0.0
36676523631058,2024,684,250,36.5,12,1.8
36676523631157,2024,505,380,75.2,38,7.5
36676523632205,2024,702,632,90.0,125,17.8
36676523633906,2024,549,513,93.4,56,10.2
36676523634482,2024,437,397,90.8,46,10.5
36676523637659,2024,158,136,86.1,28,17.7
36676523667652,2024,13,8,61.5,0,0.0
36676783630035,2024,342,278,81.3,32,9.4
36676783630522,2024,657,196,29.8,14,2.1
36676783631017,2024,740,248,33.5,28,3.8
36676783631181,2024,4,0,0.0,0,0.0
36676783631587,2024,13,12,92.3,0,0.0
36676783631769,2024,45,36,80.0,9,20.0
36676783632502,2024,422,331,78.4,32,7.6
36676860125500,2024,422,312,73.9,33,7.8
36676863630399,2024,21,18,85.7,0,0.0
36676863631322,2024,432,382,88.4,64,14.8
36676863632742,2024,415,381,91.8,42,10.1
36676863636131,2024,140,127,90.7,25,17.9
36677100108191,2024,616,360,58.4,67,10.9
36677100120758,2024,408,317,77.7,63,15.4
36677103630019,2024,133,115,86.5,42,31.6
36677103630480,2024,178,155,87.1,61,34.3
36677103630555,2024,447,357,79.9,101,22.6
36677103630902,2024,465,386,83.0,69,14.8
36677103633302,2024,587,537,91.5,149,25.4
36677773630217,2024,57,48,84.2,0,0.0
36677773636743,2024,145,98,67.6,4,2.8
36677773638616,2024,271,182,67.2,15,5.5
36678013634169,2024,84,60,71.4,0,0.0
36678430118802,2024,485,302,62.3,33,6.8
36678430127837,2024,9,5,55.6,0,0.0
36678433630779,2024,419,254,60.6,26,6.2
36678433634995,2024,126,106,84.1,14,11.1
36678433635042,2024,494,291,58.9,19,3.8
36678433667843,2024,49,33,67.3,0,0.0
36678500102830,2024,477,384,80.5,38,8.0
36678503630159,2024,67,57,85.1,19,28.4
36678503630530,2024,42,34,81.0,11,26.2
36678503630597,2024,632,568,89.9,117,18.5
36678503633005,2024,505,444,87.9,98,19.4
36678680133181,2024,21,12,57.1,0,0.0
36678683630241,2024,15,8,53.3,0,0.0
36678683635265,2024,241,128,53.1,17,7.1
36678760125450,2024,443,425,95.9,65,14.7
36678760141689,2024,34,33,97.1,0,0.0
36678763630308,2024,160,154,96.2,21,13.1
36678763630548,2024,12,12,100.0,0,0.0
36678763631082,2024,638,602,94.4,103,16.1
36678763631090,2024,71,68,95.8,0,0.0
36678763632221,2024,580,492,84.8,31,5.3
36678763632809,2024,209,200,95.7,43,20.6
36678763634680,2024,270,260,96.3,36,13.3
36678763635844,2024,328,311,94.8,47,14.3
36678763636081,2024,320,286,89.4,24,7.5
36678763667876,2024,8,7,87.5,0,0.0
36678923636487,2024,16,7,43.8,0,0.0
36679340110064,2024,178,133,74.7,0,0.0
36679340125419,2024,506,424,83.8,65,12.8
36679340137638,2024,61,54,88.5,9,14.8
36679340138123,2024,79,70,88.6,7,8.9
36679340140202,2024,24,20,83.3,0,0.0
36679343630100,2024,24,20,83.3,0,0.0
36679343630787,2024,467,370,79.2,80,17.1
36679343638012,2024,514,467,90.9,93,18.1
36679346114698,2024,175,134,76.6,5,2.9
36679590101410,2024,38,34,89.5,8,21.1
36679593633351,2024,72,62,86.1,7,9.7
36679593638509,2024,584,325,55.7,27,4.6
36738583630076,2024,6,0,0.0,0,0.0
36738903630274,2024,73,45,61.6,0,0.0
36738903630282,2024,11,10,90.9,0,0.0
36738903631199,2024,14,9,64.3,0,0.0
36739573630233,2024,476,314,66.0,49,10.3
36739573630365,2024,85,66,77.6,16,18.8
36739573630589,2024,19,10,52.6,0,0.0
36750440115444,2024,114,86,75.4,20,17.5
36750440119115,2024,527,249,47.2,69,13.1
36750443630407,2024,513,322,62.8,100,19.5
36750443630472,2024,141,100,70.9,46,32.6
36750443630746,2024,484,271,56.0,73,15.1
36750443630811,2024,58,31,53.4,10,17.2
36750513630563,2024,76,69,90.8,13,17.1
36750513630696,2024,6,6,100.0,0,0.0
36750693630456,2024,49,44,89.8,0,0.0
36750693637584,2024,712,487,68.4,23,3.2
36750773630423,2024,528,343,65.0,52,9.8
36750773630894,2024,388,300,77.3,46,11.9
36750773631009,2024,113,92,81.4,17,15.0
37103710115998,2024,10,10,100.0,0,0.0
37103710120493,2024,12,10,83.3,4,33.3
37103710128520,2024,109,98,89.9,32,29.4
37103710128538,2024,55,45,81.8,12,21.8
37103711996545,2024,7,4,57.1,0,0.0
37679833730447,2024,25,22,88.0,5,20.0
37680313731478,2024,247,36,14.6,0,0.0
37681060127241,2024,187,143,76.5,10,5.3
37681063730058,2024,444,305,68.7,80,18.0
37681063732054,2024,132,116,87.9,27,20.5
37681063732062,2024,426,358,84.0,93,21.8
37681063735313,2024,470,427,90.9,113,24.0
37681223730967,2024,19,9,47.4,0,0.0
37681223732179,2024,418,310,74.2,88,21.1
37681223732195,2024,37,33,89.2,14,37.8
37681300128793,2024,22,15,68.2,0,0.0
37681300128819,2024,8,6,75.0,0,0.0
37681300132548,2024,50,41,82.0,5,10.0
37681303730066,2024,411,293,71.3,50,12.2
37681303730702,2024,381,158,41.5,8,2.1
37681303731536,2024,23,10,43.5,0,0.0
37681303731692,2024,387,353,91.2,159,41.1
37681303731809,2024,466,251,53.9,39,8.4
37681303732336,2024,588,362,61.6,67,11.4
37681303732559,2024,29,24,82.8,8,27.6
37681303732625,2024,496,325,65.5,56,11.3
37681303734548,2024,394,312,79.2,52,13.2
37681303734761,2024,351,300,85.5,49,14.0
37681303737905,2024,368,190,51.6,20,5.4
37681303768130,2024,9,5,55.6,0,0.0
37681713733219,2024,25,16,64.0,0,0.0
37682133730934,2024,8,7,87.5,6,75.0
37682133730991,2024,11,11,100.0,0,0.0
37682133734878,2024,85,44,51.8,16,18.8
37682960118935,2024,637,79,12.4,0,0.0
37682960141390,2024,42,12,28.6,0,0.0
37682963730074,2024,427,82,19.2,4,0.9
37682963730819,2024,533,82,15.4,14,2.6
37682963731528,2024,532,80,15.0,0,0.0
37682963735842,2024,43,23,53.5,6,14.0
37682963735867,2024,543,136,25.0,16,2.9
37682963768296,2024,6,0,0.0,0,0.0
37683040102178,2024,15,8,53.3,0,0.0
37683040131250,2024,16,4,25.0,0,0.0
37683043735958,2024,44,35,79.5,4,9.1
37683043735974,2024,315,167,53.0,15,4.8
37683380107078,2024,80,61,76.2,0,0.0
37683380107086,2024,67,53,79.1,11,16.4
37683380107094,2024,92,71,77.2,9,9.8
37683380107102,2024,57,38,66.7,4,7.0
37683380107177,2024,279,255,91.4,55,19.7
37683380107219,2024,492,349,70.9,66,13.4
37683380107482,2024,18,12,66.7,0,0.0
37683380114025,2024,365,307,84.1,81,22.2
37683380118315,2024,29,19,65.5,0,0.0
37683383730173,2024,263,160,60.8,6,2.3
37683383730181,2024,547,311,56.9,44,8.0
37683383730231,2024,146,118,80.8,29,19.9
37683383730314,2024,381,185,48.6,14,3.7
37683383730371,2024,183,107,58.5,0,0.0
37683383730751,2024,35,6,17.1,0,0.0
37683383730884,2024,462,97,21.0,6,1.3
37683383731213,2024,193,105,54.4,9,4.7
37683383732781,2024,605,241,39.8,11,1.8
37683383732997,2024,522,442,84.7,100,19.2
37683383733508,2024,282,87,30.9,0,0.0
37683383733698,2024,203,150,73.9,14,6.9
37683383734431,2024,274,136,49.6,14,5.1
37683383734654,2024,374,291,77.8,30,8.0
37683383735750,2024,386,149,38.6,6,1.6
37683383737962,2024,98,92,93.9,22,22.4
37683383768338,2024,17,8,47.1,0,0.0
37683386040083,2024,23,16,69.6,0,0.0
37683460106328,2024,553,74,13.4,0,0.0
37683463730033,2024,640,121,18.9,36,5.6
37683463731007,2024,357,79,22.1,20,5.6
37683463737384,2024,36,7,19.4,0,0.0
37683463737418,2024,538,113,21.0,12,2.2
37684110111831,2024,568,134,23.6,33,5.8
37684110115873,2024,5,0,0.0,0,0.0
37684110140939,2024,162,106,65.4,44,27.2
37684113730124,2024,388,368,94.8,128,33.0
37684113730405,2024,450,214,47.6,37,8.2
37684113730801,2024,293,233,79.5,105,35.8
37684113730843,2024,689,160,23.2,40,5.8
37684113731064,2024,496,410,82.7,162,32.7
37684113731155,2024,17,7,41.2,0,0.0
37684113731460,2024,6,6,100.0,0,0.0
37684113731502,2024,510,422,82.7,209,41.0
37684113731627,2024,637,206,32.3,57,8.9
37684113732047,2024,141,111,78.7,41,29.1
37684113732849,2024,412,300,72.8,65,15.8
37684113733953,2024,280,234,83.6,64,22.9
37684113738226,2024,639,571,89.4,177,27.7
37684113738234,2024,381,306,80.3,95,24.9
37684113768411,2024,310,203,65.5,73,23.5
37684520115451,2024,69,58,84.1,16,23.2
37684520118430,2024,408,159,39.0,4,1.0
37684520126300,2024,29,21,72.4,0,0.0
37684523730728,2024,472,294,62.3,33,7.0
37684523732039,2024,45,38,84.4,13,28.9
37684523738705,2024,453,341,75.3,65,14.3
37684523768452,2024,4,0,0.0,0,0.0
37735510127423,2024,349,93,26.6,9,2.6
37735513730017,2024,21,16,76.2,0,0.0
37735513730694,2024,521,120,23.0,12,2.3
37735513731163,2024,6,0,0.0,0,0.0
37735690140079,2024,90,61,67.8,7,7.8
37735693735206,2024,462,334,72.3,35,7.6
37735693739018,2024,618,415,67.2,54,8.7
37735693739026,2024,56,47,83.9,10,17.9
37737910105726,2024,671,310,46.2,65,9.7
37737913730215,2024,75,53,70.7,16,21.3
37737913730793,2024,57,28,49.1,0,0.0
37737913737632,2024,773,281,36.4,55,7.1
37754163730975,2024,18,9,50.0,0,0.0
37756143731114,2024,256,149,58.2,32,12.5
37756143731312,2024,48,33,68.8,13,27.1
37756143731601,2024,19,8,42.1,0,0.0
37768510129320,2024,90,63,70.0,10,11.1
38103893810389,2024,16,4,25.0,0,0.0
38103893830361,2024,4,4,100.0,0,0.0
38103893830395,2024,29,25,86.2,21,72.4
38103893830445,2024,18,12,66.7,4,22.2
38103896069561,2024,8,0,0.0,0,0.0
38684780102103,2024,59,42,71.2,18,30.5
38684780119875,2024,120,96,80.0,112,93.3
38684780119958,2024,62,34,54.8,6,9.7
38684783830031,2024,80,64,80.0,15,18.8
38684783830064,2024,83,63,75.9,19,22.9
38684783830197,2024,99,50,50.5,0,0.0
38684783830205,2024,130,65,50.0,20,15.4
38684783830254,2024,240,161,67.1,37,15.4
38684783830288,2024,297,192,64.6,48,16.2
38684783830387,2024,183,30,16.4,5,2.7
38684783830403,2024,111,95,85.6,84,75.7
38684783831765,2024,415,243,58.6,93,22.4
38684783833241,2024,507,258,50.9,69,13.6
38684783833407,2024,605,296,48.9,19,3.1
38684783834082,2024,243,146,60.1,108,44.4
38684783834769,2024,98,76,77.6,40,40.8
38684783839081,2024,494,266,53.8,40,8.1
38684783868478,2024,9,6,66.7,0,0.0
39103973930195,2024,17,12,70.6,0,0.0
39103973930468,2024,401,310,77.3,84,20.9
39103976069215,2024,4,0,0.0,0,0.0
39685023930054,2024,15,14,93.3,4,26.7
39685023932308,2024,207,109,52.7,21,10.1
39685693933793,2024,68,62,91.2,5,7.4
39685693933801,2024,676,410,60.7,68,10.1
39685770118307,2024,20,18,90.0,6,30.0
39685773933959,2024,209,145,69.4,11,5.3
39685850108225,2024,371,291,78.4,62,16.7
39685850139261,2024,24,8,33.3,0,0.0
39685853930237,2024,422,271,64.2,29,6.9
39685853930278,2024,48,43,89.6,0,0.0
39685853930344,2024,49,33,67.3,0,0.0
39685853930443,2024,78,44,56.4,0,0.0
39685853934759,2024,507,348,68.6,73,14.4
39685853934767,2024,53,41,77.4,9,17.0
39685853934783,2024,478,271,56.7,51,10.7
39685930101576,2024,267,203,76.0,36,13.5
39685930112565,2024,54,38,70.4,18,33.3
39685930116376,2024,352,242,68.8,35,9.9
39685933930310,2024,413,251,60.8,47,11.4
39685933930328,2024,14,13,92.9,4,28.6
39685933932001,2024,369,253,68.6,45,12.2
39685933935103,2024,433,325,75.1,53,12.2
39685933935111,2024,62,42,67.7,11,17.7
39686500128215,2024,10,7,70.0,0,0.0
39686503935756,2024,266,62,23.3,14,5.3
39686760108159,2024,505,359,71.1,66,13.1
39686760115402,2024,45,34,75.6,9,20.0
39686760119784,2024,79,70,88.6,12,15.2
39686763930211,2024,84,80,95.2,23,27.4
39686763930427,2024,86,69,80.2,8,9.3
39686763932100,2024,592,493,83.3,114,19.3
39686763932654,2024,520,408,78.5,138,26.5
39686763937406,2024,401,307,76.6,63,15.7
39686763968676,2024,5,5,100.0,0,0.0
39754990114140,2024,65,52,80.0,17,26.2
39754990119040,2024,399,215,53.9,24,6.0
39754993930302,2024,493,352,71.4,55,11.2
39754993938008,2024,391,239,61.1,63,16.1
39754993975499,2024,5,4,80.0,0,0.0
39767600128967,2024,582,88,15.1,22,3.8
40104054030078,2024,5,4,80.0,0,0.0
40104054030250,2024,30,23,76.7,4,13.3
40687004030102,2024,62,27,43.5,0,0.0
40687004030151,2024,29,21,72.4,0,0.0
40687004030755,2024,272,132,48.5,12,4.4
40687590125328,2024,58,28,48.3,0,0.0
40687590140194,2024,34,22,64.7,0,0.0
40687594030268,2024,202,150,74.3,15,7.4
40687594030557,2024,500,264,52.8,28,5.6
40687594033205,2024,71,60,84.5,13,18.3
40688094030045,2024,35,24,68.6,0,0.0
40688094034807,2024,166,87,52.4,4,2.4
40688094036703,2024,404,151,37.4,18,4.5
40688334037008,2024,21,16,76.2,7,33.3
40688414030128,2024,7,5,71.4,0,0.0
40688414030185,2024,35,16,45.7,0,0.0
40688414037701,2024,197,36,18.3,0,0.0
40754570119354,2024,49,36,73.5,0,0.0
40754574035754,2024,434,273,62.9,46,10.6
40754574035762,2024,87,73,83.9,14,16.1
40754654030144,2024,6,5,83.3,0,0.0
40754654032009,2024,45,36,80.0,6,13.3
41104134130076,2024,12,4,33.3,5,41.7
41688904130027,2024,17,8,47.1,0,0.0
41688904132817,2024,236,82,34.7,21,8.9
41688904168890,2024,7,0,0.0,0,0.0
41689244133393,2024,268,130,48.5,74,27.6
41689244135075,2024,132,30,22.7,0,0.0
41689244137535,2024,177,26,14.7,6,3.4
41689244137592,2024,45,32,71.1,10,22.2
41689244137790,2024,321,127,39.6,64,19.9
41689404135331,2024,21,16,76.2,9,42.9
41690470135814,2024,92,51,55.4,43,46.7
41690474130217,2024,435,53,12.2,15,3.4
41690474130472,2024,356,43,12.1,5,1.4
41690474130738,2024,255,86,33.7,44,17.3
41690474133070,2024,395,80,20.3,47,11.9
41690474134557,2024,266,54,20.3,10,3.8
41690474136370,2024,377,124,32.9,68,18.0
41690474169047,2024,4,0,0.0,0,0.0
41690620138420,2024,66,19,28.8,0,0.0
41690624130993,2024,595,64,10.8,24,4.0
41690624133716,2024,536,202,37.7,89,16.6
41690624135687,2024,80,60,75.0,23,28.8
41690624136693,2024,455,201,44.2,98,21.5
41690624138053,2024,422,162,38.4,62,14.7
41690704130324,2024,40,30,75.0,13,32.5
41690704132551,2024,270,71,26.3,19,7.0
41690704137279,2024,305,151,49.5,51,16.7
42104214230157,2024,8,8,100.0,0,0.0
42104214230207,2024,7,7,100.0,4,57.1
42691464230587,2024,150,98,65.3,23,15.3
42692290132738,2024,8,7,87.5,0,0.0
42692294230454,2024,213,92,43.2,6,2.8
42692294233029,2024,71,67,94.4,10,14.1
42692294233060,2024,404,321,79.5,41,10.1
42693100102285,2024,736,620,84.2,80,10.9
42693104231452,2024,156,142,91.0,27,17.3
42693104234613,2024,554,353,63.7,55,9.9
42693104236030,2024,760,689,90.7,152,20.0
42693284230074,2024,6,5,83.3,0,0.0
42693284236345,2024,216,69,31.9,8,3.7
42750104231205,2024,15,12,80.0,0,0.0
42767860120402,2024,52,28,53.8,6,11.5
42767864231726,2024,511,237,46.4,17,3.3
42767864232690,2024,49,40,81.6,10,20.4
42767864235230,2024,424,259,61.1,39,9.2
42767864235727,2024,516,314,60.9,35,6.8
43104394330254,2024,14,12,85.7,4,28.6
43104394330320,2024,18,11,61.1,0,0.0
43104396069371,2024,6,5,83.3,0,0.0
43694014330239,2024,463,100,21.6,9,1.9
43694014330759,2024,60,43,71.7,10,16.7
43694014330866,2024,476,151,31.7,28,5.9
43694014331955,2024,317,211,66.6,55,17.4
43694014336137,2024,366,164,44.8,26,7.1
43694014338505,2024,421,167,39.7,26,6.2
43694014369401,2024,22,11,50.0,0,0.0
43694270125427,2024,57,37,64.9,17,29.8
43694274330015,2024,434,302,69.6,112,25.8
43694274330023,2024,531,137,25.8,36,6.8
43694274330031,2024,583,324,55.6,130,22.3
43694274330312,2024,17,10,58.8,4,23.5
43694274330353,2024,40,32,80.0,10,25.0
43694274330361,2024,64,52,81.2,24,37.5
43694274330692,2024,679,156,23.0,32,4.7
43694274332318,2024,77,63,81.8,27,35.1
43694274332995,2024,407,279,68.6,146,35.9
43694274333639,2024,223,175,78.5,72,32.3
43694274334900,2024,286,200,69.9,87,30.4
43694274335204,2024,356,211,59.3,98,27.5
43694274335428,2024,340,251,73.8,122,35.9
43694274335907,2024,491,138,28.1,43,8.8
43694274337903,2024,535,262,49.0,50,9.3
43694274369427,2024,6,0,0.0,0,0.0
43694684331799,2024,483,56,11.6,27,5.6
43694684332474,2024,547,184,33.6,114,20.8
43694684333316,2024,579,106,18.3,53,9.2
43694684334421,2024,404,25,6.2,11,2.7
43694684334462,2024,438,32,7.3,16,3.7
43694684369468,2024,4,0,0.0,0,0.0
43694840114496,2024,70,25,35.7,0,0.0
43694840118380,2024,380,148,38.9,35,9.2
43694844332839,2024,384,219,57.0,94,24.5
43694844334850,2024,80,57,71.2,25,31.2
43695344334371,2024,517,65,12.6,7,1.4
43695344337762,2024,293,12,4.1,8,2.7
43695830102368,2024,394,136,34.5,22,5.6
43695834333951,2024,272,112,41.2,39,14.3
43695834334488,2024,48,32,66.7,14,29.2
43696094334116,2024,547,102,18.6,34,6.2
43696094334728,2024,567,86,15.2,48,8.5
43696094334736,2024,38,25,65.8,10,26.3
43696094369609,2024,8,0,0.0,0,0.0
43696414332904,2024,420,50,11.9,11,2.6
43696414335782,2024,461,50,10.8,4,0.9
43696414369641,2024,6,0,0.0,0,0.0
43696664330080,2024,194,106,54.6,31,16.0
43696664330502,2024,99,63,63.6,26,26.3
43696664332110,2024,67,45,67.2,28,41.8
43696664333522,2024,385,49,12.7,4,1.0
43696664333795,2024,386,214,55.4,63,16.3
43696664335949,2024,367,119,32.4,32,8.7
43696664337200,2024,198,145,73.2,60,30.3
43696664338950,2024,397,154,38.8,59,14.9
43696664369666,2024,12,6,50.0,0,0.0
43696740135970,2024,59,19,32.2,0,0.0
43696744330122,2024,479,143,29.9,72,15.0
43696744330247,2024,39,18,46.2,8,20.5
43696744338406,2024,73,50,68.5,24,32.9
43696744338802,2024,467,181,38.8,51,10.9
43733870140673,2024,19,11,57.9,4,21.1
43733874331039,2024,46,34,73.9,6,13.0
43733874334470,2024,665,336,50.5,70,10.5
44104474430146,2024,9,5,55.6,0,0.0
44104474430278,2024,243,141,58.0,39,16.0
44697990105858,2024,348,298,85.6,72,20.7
44697990140335,2024,11,10,90.9,0,0.0
44697994430203,2024,28,25,89.3,15,53.6
44697994430518,2024,299,142,47.5,15,5.0
44697994437794,2024,77,68,88.3,34,44.2
44697994437901,2024,502,460,91.6,139,27.7
44698074436754,2024,169,36,21.3,0,0.0
44698234430096,2024,26,12,46.2,0,0.0
44698234430195,2024,10,0,0.0,0,0.0
44698234432340,2024,223,97,43.5,35,15.7
44698234436960,2024,28,22,78.6,7,25.0
44698234437109,2024,270,73,27.0,4,1.5
44698234437406,2024,262,80,30.5,10,3.8
44754324430211,2024,157,18,11.5,0,0.0
45104540132647,2024,44,32,72.7,0,0.0
45104544530150,2024,5,0,0.0,0,0.0
45698564530028,2024,150,70,46.7,4,2.7
45698564530051,2024,36,20,55.6,0,0.0
45698564530762,2024,47,37,78.7,6,12.8
45698564530804,2024,126,93,73.8,9,7.1
45699894530010,2024,6,0,0.0,0,0.0
45699894530226,2024,6,5,83.3,0,0.0
45699894531000,2024,35,23,65.7,0,0.0
45699894533600,2024,44,24,54.5,0,0.0
45701364530044,2024,311,148,47.6,0,0.0
45701364530200,2024,102,79,77.5,0,0.0
45701364530309,2024,44,24,54.5,0,0.0
45701364532750,2024,246,178,72.4,15,6.1
45701364537304,2024,284,132,46.5,0,0.0
45752674530077,2024,31,29,93.5,0,0.0
45752674530101,2024,20,17,85.0,0,0.0
45752674531901,2024,106,72,67.9,0,0.0
46701774634259,2024,26,11,42.3,0,0.0
47702504732707,2024,23,19,82.6,0,0.0
47704664734356,2024,10,4,40.0,0,0.0
47704664735403,2024,62,29,46.8,0,0.0
47704664738753,2024,52,36,69.2,5,9.6
47705164730024,2024,24,23,95.8,0,0.0
47705164739207,2024,150,74,49.3,0,0.0
47736844731253,2024,21,13,61.9,0,0.0
47764554733309,2024,43,20,46.5,0,0.0
48104884830071,2024,6,0,0.0,0,0.0
48104886089668,2024,27,16,59.3,0,0.0
48705244830048,2024,24,13,54.2,4,16.7
48705244831004,2024,309,76,24.6,4,1.3
48705324830055,2024,31,22,71.0,4,12.9
48705324832259,2024,231,139,60.2,37,16.0
48705400125310,2024,49,23,46.9,0,0.0
48705404830170,2024,525,176,33.5,12,2.3
48705404830451,2024,462,358,77.5,56,12.1
48705404833000,2024,394,289,73.4,44,11.2
48705404836003,2024,122,106,86.9,24,19.7
48705404870540,2024,4,0,0.0,0,0.0
48705654830022,2024,35,22,62.9,0,0.0
48705654838801,2024,429,161,37.5,4,0.9
48705730141150,2024,4,4,100.0,0,0.0
48705734830089,2024,393,211,53.7,25,6.4
48705734837803,2024,501,229,45.7,21,4.2
48705814830147,2024,351,290,82.6,40,11.4
48705814838058,2024,60,57,95.0,24,40.0
48705814838504,2024,295,257,87.1,86,29.2
49104964930079,2024,9,7,77.8,0,0.0
49104964930343,2024,19,14,73.7,5,26.3
49104966069413,2024,5,0,0.0,0,0.0
49706074930327,2024,22,16,72.7,0,0.0
49706074930400,2024,327,148,45.3,0,0.0
49706564930848,2024,10,7,70.0,0,0.0
49706564930855,2024,89,50,56.2,10,11.2
49707060129981,2024,15,8,53.3,0,0.0
49708540132357,2024,8,7,87.5,0,0.0
49708624930012,2024,379,186,49.1,44,11.6
49708624930103,2024,11,4,36.4,0,0.0
49708624930111,2024,10,6,60.0,0,0.0
49708624930236,2024,21,6,28.6,0,0.0
49708624935151,2024,294,115,39.1,15,5.1
49708624935862,2024,27,19,70.4,0,0.0
49708624970862,2024,8,4,50.0,0,0.0
49709204930160,2024,245,165,67.3,78,31.8
49709204930244,2024,375,131,34.9,17,4.5
49709204934154,2024,328,151,46.0,27,8.2
49709204935292,2024,346,226,65.3,56,16.2
49709204935607,2024,71,57,80.3,11,15.5
49709204936803,2024,368,183,49.7,32,8.7
49709204970920,2024,14,7,50.0,0,0.0
49709534930152,2024,22,17,77.3,5,22.7
49709534937256,2024,267,144,53.9,42,15.7
49709534970953,2024,4,0,0.0,0,0.0
49738824930046,2024,12,8,66.7,0,0.0
49738824930384,2024,81,17,21.0,0,0.0
49738824935482,2024,449,213,47.4,58,12.9
49753580138263,2024,14,0,0.0,0,0.0
49753584930228,2024,431,242,56.1,22,5.1
49753584930269,2024,20,17,85.0,5,25.0
49753904930251,2024,13,9,69.2,4,30.8
49753904932554,2024,132,72,54.5,7,5.3
50105045030069,2024,19,12,63.2,5,26.3
50105045030085,2024,45,38,84.4,11,24.4
50105045030226,2024,38,33,86.8,7,18.4
50710430108076,2024,527,451,85.6,93,17.6
50710435030168,2024,66,54,81.8,6,9.1
50710435030200,2024,113,101,89.4,43,38.1
50710435030879,2024,403,334,82.9,69,17.1
50710435071043,2024,4,4,100.0,0,0.0
50710685031521,2024,76,54,71.1,15,19.7
50711750110593,2024,593,258,43.5,23,3.9
50711750121129,2024,531,310,58.4,36,6.8
50711755030010,2024,369,220,59.6,36,9.8
50711755030135,2024,498,416,83.5,81,16.3
50711755031380,2024,482,389,80.7,102,21.2
50711755031802,2024,491,386,78.6,91,18.5
50711755034905,2024,583,503,86.3,137,23.5
50711755034913,2024,276,250,90.6,93,33.7
50711755071175,2024,7,5,71.4,0,0.0
50712170133124,2024,32,24,75.0,11,34.4
50712175030127,2024,51,40,78.4,15,29.4
50712175036256,2024,409,288,70.4,94,23.0
50736015030036,2024,12,8,66.7,8,66.7
50736015030184,2024,5,4,80.0,0,0.0
50736015035902,2024,253,128,50.6,53,20.9
50755495032651,2024,194,106,54.6,6,3.1
50755495032669,2024,17,14,82.4,5,29.4
50755560112573,2024,18,15,83.3,7,38.9
50755565036850,2024,156,133,85.3,32,20.5
50755645030192,2024,18,10,55.6,0,0.0
50755645031950,2024,49,34,69.4,6,12.2
50755645035654,2024,371,134,36.1,23,6.2
50755720117689,2024,7,5,71.4,0,0.0
50755725030259,2024,129,110,85.3,17,13.2
50757395030283,2024,468,306,65.4,62,13.2
50757395036884,2024,97,81,83.5,42,43.3
50757395037700,2024,577,360,62.4,124,21.5
51105120114207,2024,16,15,93.8,4,25.0
51713735132758,2024,72,29,40.3,4,5.6
51713995130059,2024,12,10,83.3,0,0.0
51713995130067,2024,18,15,83.3,0,0.0
51713995135256,2024,143,98,68.5,0,0.0
51714495130042,2024,7,4,57.1,0,0.0
51714495137500,2024,201,61,30.3,0,0.0
51714640107722,2024,393,255,64.9,39,9.9
51714645130018,2024,86,67,77.9,11,12.8
51714645130075,2024,16,11,68.8,0,0.0
51714645139001,2024,394,219,55.6,38,9.6
52105205230016,2024,8,6,75.0,0,0.0
52715060137414,2024,19,11,57.9,5,26.3
52715065231675,2024,28,21,75.0,6,21.4
52715065231709,2024,220,167,75.9,52,23.6
52715715235106,2024,49,31,63.3,0,0.0
52716395237151,2024,49,43,87.8,0,0.0
52716395237201,2024,370,292,78.9,26,7.0
53750285337407,2024,24,22,91.7,0,0.0
53765135330014,2024,4,4,100.0,0,0.0
53765135337456,2024,73,50,68.5,0,0.0
54105465430061,2024,17,14,82.4,5,29.4
54718035430301,2024,15,13,86.7,4,26.7
54718605430806,2024,18,18,100.0,9,50.0
54718605433230,2024,210,204,97.1,46,21.9
54719935430194,2024,31,25,80.6,10,32.3
54719935430236,2024,9,9,100.0,4,44.4
54719935432414,2024,297,250,84.2,48,16.2
54722490107649,2024,7,6,85.7,0,0.0
54722490116368,2024,342,254,74.3,28,8.2
54722495430145,2024,18,17,94.4,0,0.0
54722495435409,2024,361,310,85.9,39,10.8
54722495435466,2024,490,419,85.5,46,9.4
54722565430046,2024,455,297,65.3,42,9.2
54722565430368,2024,443,242,54.6,28,6.3
54722565432828,2024,357,247,69.2,49,13.7
54722565434527,2024,497,193,38.8,28,5.6
54722565435839,2024,212,170,80.2,57,26.9
54753255430210,2024,181,144,79.6,42,23.2
54753255430277,2024,24,21,87.5,11,45.8
54755235430251,2024,306,289,94.4,62,20.3
54755235430624,2024,55,54,98.2,23,41.8
54755235432786,2024,492,398,80.9,66,13.4
54755235434113,2024,530,477,90.0,113,21.3
54755235434931,2024,61,56,91.8,24,39.3
54755310102186,2024,27,25,92.6,10,37.0
54755315431119,2024,48,43,89.6,25,52.1
54755315431184,2024,441,362,82.1,86,19.5
54767945436258,2024,13,13,100.0,7,53.8
54767945436282,2024,156,135,86.5,16,10.3
54768365430087,2024,14,12,85.7,4,28.6
54768365431598,2024,204,110,53.9,18,8.8
54768365431614,2024,16,12,75.0,0,0.0
55105530134569,2024,4,0,0.0,0,0.0
55723895530019,2024,21,17,81.0,0,0.0
55723895530043,2024,38,20,52.6,0,0.0
55723895536503,2024,202,77,38.1,6,3.0
55724135530050,2024,5,5,100.0,0,0.0
55724135536750,2024,98,54,55.1,0,0.0
55751845530076,2024,16,5,31.2,0,0.0
55751845530084,2024,10,0,0.0,0,0.0
56105610135780,2024,15,13,86.7,0,0.0
56105610135798,2024,9,7,77.8,0,0.0
56105615630223,2024,23,22,95.7,8,34.8
56105615630397,2024,17,16,94.1,6,35.3
56724540124750,2024,10,8,80.0,0,0.0
56724545630173,2024,42,38,90.5,6,14.3
56724545632021,2024,225,169,75.1,11,4.9
56725200139626,2024,23,12,52.2,0,0.0
56725205631817,2024,19,14,73.7,0,0.0
56725205634076,2024,148,57,38.5,10,6.8
56725460125674,2024,171,114,66.7,21,12.3
56725460131698,2024,200,71,35.5,0,0.0
56725460136804,2024,48,36,75.0,0,0.0
56725465630066,2024,127,115,90.6,38,29.9
56725465630389,2024,715,546,76.4,136,19.0
56725465631619,2024,411,129,31.4,15,3.6
56725465631742,2024,611,520,85.1,97,15.9
56725465632849,2024,460,418,90.9,103,22.4
56725465634548,2024,642,424,66.0,59,9.2
56725465634761,2024,481,315,65.5,67,13.9
56725465672546,2024,7,5,71.4,0,0.0
56726035630249,2024,85,31,36.5,5,5.9
56726035630322,2024,263,89,33.8,9,3.4
56726035634993,2024,48,35,72.9,9,18.8
56726035635008,2024,460,187,40.7,37,8.0
56726035636188,2024,435,152,34.9,32,7.4
56726525630272,2024,106,93,87.7,29,27.4
56726525630298,2024,60,19,31.7,0,0.0
56726525630348,2024,234,78,33.3,0,0.0
56726525630793,2024,367,224,61.0,23,6.3
56726525637822,2024,467,259,55.5,58,12.4
56726525672652,2024,9,7,77.8,0,0.0
56737590123349,2024,36,8,22.2,0,0.0
56737595630108,2024,53,35,66.0,10,18.9
56737595630116,2024,505,100,19.8,10,2.0
56737595633748,2024,524,103,19.7,27,5.2
56737595637004,2024,422,111,26.3,14,3.3
56737595673759,2024,5,0,0.0,0,0.0
56738745630132,2024,329,55,16.7,0,0.0
56738745630199,2024,17,0,0.0,0,0.0
56738745630256,2024,46,0,0.0,0,0.0
56739405630371,2024,32,0,0.0,0,0.0
56739405633250,2024,451,177,39.2,18,4.0
56768285635776,2024,372,290,78.0,60,16.1
56768285636170,2024,58,52,89.7,24,41.4
57105790113787,2024,14,7,50.0,0,0.0
57105796077275,2024,5,0,0.0,0,0.0
57726785730098,2024,39,8,20.5,0,0.0
57726785732201,2024,544,115,21.1,20,3.7
57726785732219,2024,23,12,52.2,0,0.0
57726865730056,2024,7,7,100.0,0,0.0
57726865732904,2024,64,50,78.1,11,17.2
57726945735154,2024,548,371,67.7,47,8.6
57726945739552,2024,30,29,96.7,0,0.0
57727025730049,2024,9,8,88.9,0,0.0
57727025738505,2024,107,72,67.3,16,15.0
57727100101162,2024,366,254,69.4,29,7.9
57727105738802,2024,284,218,76.8,26,9.2
57727105738810,2024,55,45,81.8,8,14.5
58105870113274,2024,7,7,100.0,0,0.0
58105875830047,2024,6,6,100.0,0,0.0
58727365830013,2024,260,183,70.4,32,12.3
58727365830054,2024,71,49,69.0,10,14.1
58727365830096,2024,140,108,77.1,29,20.7
58727365835202,2024,231,136,58.9,17,7.4
58727690133751,2024,22,21,95.5,0,0.0
58727695838305,2024,240,180,75.0,7,2.9
01100170130401,2025,14,9,64.3,0,0.0
01100170130419,2025,11,8,72.7,5,45.5
01316090131755,2025,6,0,0.0,0,0.0
01316170131763,2025,21,21,100.0,0,0.0
01611190106401,2025,50,22,44.0,0,0.0
01611190130229,2025,449,150,33.4,21,4.7
01611190132142,2025,219,116,53.0,8,3.7
01611190134304,2025,27,21,77.8,0,0.0
01611270130450,2025,298,88,29.5,12,4.0
01611430131177,2025,825,213,25.8,25,3.0
01611430134924,2025,29,20,69.0,0,0.0
01611500132225,2025,688,293,42.6,28,4.1
01611500133876,2025,16,7,43.8,0,0.0
01611500135533,2025,51,41,80.4,5,9.8
01611680132746,2025,36,24,66.7,5,13.9
01611760130062,2025,602,138,22.9,43,7.1
01611760130138,2025,95,71,74.7,33,34.7
01611760130435,2025,11,6,54.5,0,0.0
01611760134270,2025,512,137,26.8,39,7.6
01611760134452,2025,309,178,57.6,54,17.5
01611760135244,2025,432,81,18.8,8,1.9
01611760138693,2025,445,169,38.0,57,12.8
01611920133009,2025,61,49,80.3,9,14.8
01611920133629,2025,389,311,79.9,34,8.7
01611920135319,2025,500,386,77.2,46,9.2
01611920138339,2025,371,328,88.4,169,45.6
01612000130393,2025,24,12,50.0,0,0.0
01612000132670,2025,51,30,58.8,7,13.7
01612000133397,2025,551,105,19.1,28,5.1
01612000134536,2025,440,127,28.9,51,11.6
01612340130054,2025,317,148,46.7,56,17.7
01612340130484,2025,7,0,0.0,0,0.0
01612340135426,2025,16,13,81.2,5,31.2
01612420110460,2025,60,44,73.3,13,21.7
01612420126763,2025,48,32,66.7,4,8.3
01612420134668,2025,707,383,54.2,69,9.8
01612590110189,2025,54,46,85.2,5,9.3
01612590112797,2025,115,112,97.4,40,34.8
01612590115667,2025,92,85,92.4,91,98.9
01612590118653,2025,20,16,80.0,4,20.0
01612590119859,2025,22,13,59.1,0,0.0
01612590125161,2025,130,124,95.4,68,52.3
01612590125716,2025,280,270,96.4,139,49.6
01612590130146,2025,79,67,84.8,54,68.4
01612590130179,2025,21,18,85.7,4,19.0
01612590130575,2025,61,61,100.0,22,36.1
01612590132688,2025,57,47,82.5,14,24.6
01612590135905,2025,361,324,89.8,73,20.2
01612590136051,2025,444,272,61.3,30,6.8
01612590137943,2025,292,221,75.7,35,12.0
01612590149187,2025,51,49,96.1,7,13.7
01612590161259,2025,12,10,83.3,0,0.0
01612596066450,2025,99,95,96.0,37,37.4
01612596114011,2025,71,65,91.5,10,14.1
01612750130286,2025,19,0,0.0,0,0.0
01612750136515,2025,175,9,5.1,0,0.0
01612910134528,2025,69,58,84.1,18,26.1
01612910137588,2025,594,452,76.1,89,15.0
01612910141473,2025,25,21,84.0,0,0.0
01613090111799,2025,38,36,94.7,9,23.7
01613090130849,2025,363,231,63.6,47,12.9
01613090137745,2025,26,20,76.9,11,42.3
01613090137810,2025,255,216,84.7,98,38.4
01750930132704,2025,893,149,16.7,13,1.5
01750930138453,2025,24,13,54.2,0,0.0
01750930175093,2025,19,0,0.0,0,0.0
01751010130096,2025,552,50,9.1,9,1.6
01751010130252,2025,36,23,63.9,14,38.9
01751010130583,2025,627,44,7.0,9,1.4
01751010141432,2025,21,0,0.0,0,0.0
01751010175101,2025,4,0,0.0,0,0.0
03739810330019,2025,29,17,58.6,0,0.0
03739810330050,2025,19,6,31.6,0,0.0
03739810330753,2025,167,62,37.1,0,0.0
03739810334755,2025,111,36,32.4,0,0.0
04100410129817,2025,4,0,0.0,0,0.0
04100410430066,2025,6,6,100.0,0,0.0
04614080430827,2025,39,24,61.5,0,0.0
04614240111039,2025,7,7,100.0,0,0.0
04614240141069,2025,51,32,62.7,0,0.0
04614240430199,2025,22,20,90.9,0,0.0
04614240431502,2025,43,38,88.4,0,0.0
04614240431676,2025,419,236,56.3,20,4.8
04614240437558,2025,422,207,49.1,11,2.6
04614320433201,2025,84,30,35.7,0,0.0
04615150434803,2025,279,214,76.7,9,3.2
04615150435602,2025,180,152,84.4,9,5.0
04615150437566,2025,36,31,86.1,0,0.0
04615310121715,2025,10,8,80.0,0,0.0
04615310432856,2025,20,17,85.0,0,0.0
04615310437350,2025,102,52,51.0,0,0.0
04755070433946,2025,11,10,90.9,0,0.0
04755070433953,2025,164,114,69.5,0,0.0
05615560530014,2025,22,14,63.6,0,0.0
05615560532507,2025,115,51,44.3,6,5.2
05615640530022,2025,17,13,76.5,0,0.0
05615640530055,2025,27,19,70.4,0,0.0
05615640531509,2025,143,65,45.5,0,0.0
06100660630111,2025,16,13,81.2,0,0.0
06615980630012,2025,14,13,92.9,4,28.6
06615980630046,2025,5,5,100.0,0,0.0
06615980631259,2025,109,76,69.7,6,5.5
06616060634758,2025,35,29,82.9,6,17.1
06616140630087,2025,4,4,100.0,0,0.0
06616140635250,2025,121,94,77.7,19,15.7
06616220630038,2025,5,5,100.0,0,0.0
06616220637504,2025,96,89,92.7,22,22.9
07100740120444,2025,9,0,0.0,0,0.0
07100746077168,2025,9,8,88.9,0,0.0
07616300107524,2025,27,6,22.2,0,0.0
07616300730283,2025,291,27,9.3,10,3.4
07616300731125,2025,348,22,6.3,5,1.4
07616300733725,2025,389,75,19.3,22,5.7
07616300734244,2025,310,17,5.5,5,1.6
07616300761630,2025,5,0,0.0,0,0.0
07616480110494,2025,85,75,88.2,20,23.5
07616480117218,2025,139,118,84.9,13,9.4
07616480730101,2025,101,89,88.1,35,34.7
07616480730259,2025,91,80,87.9,11,12.1
07616480730465,2025,411,342,83.2,50,12.2
07616480730861,2025,370,330,89.2,92,24.9
07616480761648,2025,10,8,80.0,0,0.0
07616970737023,2025,94,67,71.3,10,10.6
07616970737619,2025,10,8,80.0,0,0.0
07617210107797,2025,630,140,22.2,26,4.1
07617210730457,2025,557,241,43.3,34,6.1
07617210730572,2025,66,22,33.3,0,0.0
07617210733980,2025,647,238,36.8,29,4.5
07617210733998,2025,88,56,63.6,15,17.0
07617210761721,2025,4,4,100.0,0,0.0
07617390730440,2025,36,21,58.3,0,0.0
07617390730473,2025,18,6,33.3,0,0.0
07617390730549,2025,227,78,34.4,10,4.4
07617540138115,2025,5,4,80.0,4,80.0
07617540140442,2025,4,4,100.0,0,0.0
07617540730044,2025,365,87,23.8,6,1.6
07617540730317,2025,44,23,52.3,5,11.4
07617540730358,2025,29,17,58.6,0,0.0
07617540731646,2025,464,178,38.4,40,8.6
07617540731836,2025,242,151,62.4,33,13.6
07617540734566,2025,313,250,79.9,101,32.3
07617540734764,2025,120,107,89.2,38,31.7
07617540737809,2025,258,228,88.4,96,37.2
07617540761754,2025,32,18,56.2,6,18.8
07617880730184,2025,96,82,85.4,33,34.4
07617880735407,2025,786,640,81.4,137,17.4
07617960730291,2025,69,49,71.0,0,0.0
07617960730325,2025,72,44,61.1,12,16.7
07617960730598,2025,188,86,45.7,14,7.4
07617960732164,2025,251,217,86.5,60,23.9
07617960732941,2025,342,148,43.3,36,10.5
07617960733253,2025,93,82,88.2,29,31.2
07617960733659,2025,159,129,81.1,76,47.8
07617960735316,2025,294,196,66.7,37,12.6
07617960735902,2025,320,307,95.9,134,41.9
07617960761796,2025,13,8,61.5,0,0.0
07618040113118,2025,717,64,8.9,13,1.8
07618040730051,2025,725,58,8.0,10,1.4
07618040730218,2025,15,0,0.0,0,0.0
07618040734368,2025,523,26,5.0,0,0.0
07618040736504,2025,494,29,5.9,0,0.0
07618040736819,2025,23,13,56.5,0,0.0
07618040761804,2025,9,0,0.0,0,0.0
08100820830042,2025,12,11,91.7,0,0.0
08618200833004,2025,179,96,53.6,12,6.7
08618200836205,2025,38,35,92.1,0,0.0
09618530930081,2025,584,51,8.7,0,0.0
09618530930164,2025,240,111,46.2,14,5.8
09618530932756,2025,259,101,39.0,7,2.7
09618530934554,2025,55,32,58.2,0,0.0
09618530936302,2025,371,62,16.7,5,1.3
09618530961853,2025,5,4,80.0,0,0.0
09619030140459,2025,20,9,45.0,0,0.0
09619030930040,2025,22,17,77.3,0,0.0
09619030937805,2025,248,115,46.4,42,16.9
09737830930073,2025,60,23,38.3,0,0.0
09737830930099,2025,4,0,0.0,0,0.0
10101081030337,2025,18,18,100.0,0,0.0
10101081030899,2025,12,11,91.7,0,0.0
10101086069488,2025,15,14,93.3,0,0.0
10621170110270,2025,8,8,100.0,0,0.0
10621170113555,2025,562,156,27.8,8,1.4
10621171030196,2025,526,240,45.6,11,2.1
10621171030469,2025,17,11,64.7,0,0.0
10621171030501,2025,610,213,34.9,9,1.5
10621171030683,2025,724,385,53.2,17,2.3
10621171031004,2025,112,92,82.1,11,9.8
10621171031053,2025,624,305,48.9,13,2.1
10621251030113,2025,33,31,93.9,11,33.3
10621251030477,2025,29,28,96.6,21,72.4
10621251031376,2025,272,227,83.5,73,26.8
10621580120246,2025,9,8,88.9,0,0.0
10621581031954,2025,8,7,87.5,0,0.0
10621581032150,2025,203,160,78.8,14,6.9
10621660108555,2025,58,34,58.6,0,0.0
10621660120964,2025,5,5,100.0,0,0.0
10621660132134,2025,56,49,87.5,0,0.0
10621661030279,2025,506,321,63.4,29,5.7
10621661030287,2025,218,202,92.7,37,17.0
10621661030295,2025,275,240,87.3,17,6.2
10621661030584,2025,216,206,95.4,66,30.6
10621661030675,2025,637,565,88.7,112,17.6
10621661031632,2025,92,83,90.2,14,15.2
10621661031897,2025,542,441,81.4,58,10.7
10621661032507,2025,409,361,88.3,61,14.9
10621661032911,2025,490,411,83.9,49,10.0
10621661034214,2025,488,452,92.6,96,19.7
10621661035831,2025,475,433,91.2,93,19.6
10621666112619,2025,4,4,100.0,0,0.0
10622570124727,2025,28,21,75.0,0,0.0
10622571033695,2025,268,165,61.6,12,4.5
10622571033729,2025,20,19,95.0,0,0.0
10622650108092,2025,130,122,93.8,17,13.1
10622651030378,2025,101,88,87.1,28,27.7
10622651033703,2025,40,40,100.0,11,27.5
10622651035310,2025,412,335,81.3,37,9.0
10622810140434,2025,5,5,100.0,0,0.0
10622811033950,2025,39,35,89.7,11,28.2
10623640126870,2025,17,17,100.0,5,29.4
10623641034990,2025,189,179,94.7,47,24.9
10624140141291,2025,380,250,65.8,28,7.4
10624141030451,2025,37,24,64.9,0,0.0
10624141036086,2025,45,36,80.0,10,22.2
10624141036094,2025,564,397,70.4,43,7.6
10624301030758,2025,27,24,88.9,10,37.0
10624301036607,2025,53,51,96.2,15,28.3
10624301036672,2025,368,330,89.7,57,15.5
10738091030121,2025,164,139,84.8,18,11.0
10738091030147,2025,8,8,100.0,0,0.0
10739650140269,2025,30,22,73.3,0,0.0
10739650140509,2025,441,326,73.9,25,5.7
10739651030386,2025,62,54,87.1,6,9.7
10739651030626,2025,375,314,83.7,39,10.4
10739651030790,2025,146,106,72.6,8,5.5
10739651035112,2025,39,33,84.6,7,17.9
10739990141036,2025,50,46,92.0,7,14.0
10739991033422,2025,25,24,96.0,0,0.0
10739991033430,2025,337,294,87.2,42,12.5
10751271030261,2025,13,13,100.0,8,61.5
10751271030493,2025,235,224,95.3,50,21.3
10752341030352,2025,4,4,100.0,4,100.0
10752341037456,2025,91,90,98.9,29,31.9
10752751030139,2025,13,0,0.0,0,0.0
10752751036938,2025,70,25,35.7,0,0.0
10752756112544,2025,18,8,44.4,0,0.0
10754081030253,2025,8,8,100.0,0,0.0
10754081035575,2025,127,115,90.6,22,17.3
10755981030535,2025,163,146,89.6,21,12.9
10755981030543,2025,6,6,100.0,0,0.0
10767780122473,2025,28,23,82.1,5,17.9
10767781038298,2025,8,7,87.5,0,0.0
10767781038306,2025,264,232,87.9,38,14.4
11626461136209,2025,18,12,66.7,0,0.0
11626611130038,2025,11,8,72.7,0,0.0
11626611132851,2025,113,78,69.0,8,7.1
11754811130012,2025,16,16,100.0,0,0.0
11754811135656,2025,186,149,80.1,23,12.4
11765621130053,2025,8,7,87.5,0,0.0
11765621133701,2025,92,72,78.3,10,10.9
12101240106153,2025,7,6,85.7,0,0.0
12101240106161,2025,15,15,100.0,0,0.0
12101240147652,2025,9,7,77.8,0,0.0
12626871230044,2025,13,10,76.9,0,0.0
12626871230051,2025,10,8,80.0,0,0.0
12626871230705,2025,247,101,40.9,9,3.6
12626871235209,2025,139,66,47.5,0,0.0
12628100108688,2025,37,15,40.5,0,0.0
12628101233352,2025,47,37,78.7,5,10.6
12628101233402,2025,186,126,67.7,17,9.1
12629011230028,2025,15,13,86.7,0,0.0
12629011234004,2025,66,49,74.2,0,0.0
12630401237007,2025,56,38,67.9,0,0.0
12753741232909,2025,33,15,45.5,0,0.0
12755151232057,2025,35,32,91.4,0,0.0
12755151232206,2025,263,171,65.0,27,10.3
13101320131094,2025,48,43,89.6,18,37.5
13630811331354,2025,97,77,79.4,34,35.1
13630811331404,2025,406,274,67.5,80,19.7
13630991332154,2025,53,50,94.3,34,64.2
13630991332204,2025,627,538,85.8,248,39.6
13631071332501,2025,91,70,76.9,18,19.8
13631150140954,2025,32,25,78.1,7,21.9
13631151330133,2025,437,311,71.2,78,17.8
13631151333004,2025,436,312,71.6,81,18.6
13631151333558,2025,71,62,87.3,24,33.8
13631490125922,2025,4,0,0.0,0,0.0
13631491335306,2025,141,104,73.8,34,24.1
13631491337138,2025,4,4,100.0,0,0.0
13631641331115,2025,12,7,58.3,0,0.0
13631641335900,2025,337,150,44.5,15,4.5
13632141330018,2025,9,8,88.9,0,0.0
13632141337609,2025,51,47,92.2,16,31.4
14632481431352,2025,6,0,0.0,0,0.0
14632891434901,2025,16,8,50.0,0,0.0
14632971436203,2025,8,5,62.5,0,0.0
14766870119081,2025,4,0,0.0,0,0.0
14766871430057,2025,11,9,81.8,0,0.0
14766871431600,2025,137,62,45.3,0,0.0
15101571530302,2025,67,64,95.5,7,10.4
15101571530310,2025,119,105,88.2,17,14.3
15634120100529,2025,304,260,85.5,48,15.8
15634120116384,2025,321,285,88.8,50,15.6
15634121531656,2025,47,46,97.9,12,25.5
15634121531672,2025,280,260,92.9,67,23.9
15635290100198,2025,531,482,90.8,40,7.5
15635290110999,2025,511,173,33.9,10,2.0
15635290116392,2025,612,456,74.5,13,2.1
15635290116400,2025,508,469,92.3,93,18.3
15635290125062,2025,138,123,89.1,23,16.7
15635290141101,2025,455,431,94.7,57,12.5
15635291530021,2025,49,47,95.9,16,32.7
15635291530047,2025,54,49,90.7,13,24.1
15635291530112,2025,237,200,84.4,14,5.9
15635291530252,2025,611,587,96.1,116,19.0
15635291530344,2025,579,270,46.6,15,2.6
15635291530369,2025,517,233,45.1,19,3.7
15635291530385,2025,584,443,75.9,40,6.8
15635291530476,2025,628,285,45.4,23,3.7
15635291530708,2025,693,570,82.3,62,8.9
15635291532290,2025,560,508,90.7,86,15.4
15635291532605,2025,462,414,89.6,61,13.2
15635291533330,2025,588,496,84.4,19,3.2
15635291533538,2025,120,94,78.3,0,0.0
15635291534775,2025,443,385,86.9,42,9.5
15635291535087,2025,389,331,85.1,48,12.3
15635291535392,2025,493,474,96.1,61,12.4
15635291536325,2025,167,144,86.2,29,17.4
15635291536606,2025,484,427,88.2,40,8.3
15636281533843,2025,14,14,100.0,0,0.0
15636770114512,2025,147,114,77.6,21,14.3
15636770136259,2025,48,37,77.1,15,31.2
15636851530286,2025,11,9,81.8,0,0.0
15636851530997,2025,41,19,46.3,0,0.0
15636851531987,2025,56,9,16.1,0,0.0
15637761530039,2025,25,23,92.0,0,0.0
15637761530377,2025,25,20,80.0,4,16.0
15637761534957,2025,212,170,80.2,21,9.9
15638181530138,2025,40,37,92.5,8,20.0
15638181535905,2025,238,188,79.0,46,19.3
15638261530245,2025,17,9,52.9,0,0.0
15638261536135,2025,255,94,36.9,12,4.7
15638591530351,2025,54,50,92.6,16,29.6
15638591536440,2025,389,350,90.0,64,16.5
15737421530054,2025,54,38,70.4,0,0.0
15737421531367,2025,330,164,49.7,12,3.6
15739081530146,2025,17,14,82.4,7,41.2
15739081530229,2025,7,7,100.0,0,0.0
15739081534155,2025,272,248,91.2,39,14.3
15751681530401,2025,56,43,76.8,5,8.9
16101651630102,2025,7,7,100.0,0,0.0
16638911632140,2025,14,13,92.9,0,0.0
16638911632207,2025,216,187,86.6,13,6.0
16639250118919,2025,284,184,64.8,22,7.7
16639251630151,2025,7,6,85.7,0,0.0
16639251630169,2025,299,246,82.3,47,15.7
16639251634245,2025,24,23,95.8,7,29.2
16639251634401,2025,359,308,85.8,37,10.3
16639821630011,2025,46,34,73.9,9,19.6
16639821635606,2025,410,243,59.3,32,7.8
16739321630078,2025,18,18,100.0,8,44.4
16739321630953,2025,169,163,96.4,53,31.4
17101731730167,2025,4,4,100.0,0,0.0
17640140138537,2025,4,0,0.0,0,0.0
17640141730043,2025,16,12,75.0,5,31.2
17640141734359,2025,127,78,61.4,15,11.8
17640221730027,2025,56,47,83.9,10,17.9
17640221730118,2025,14,12,85.7,0,0.0
17640221735000,2025,207,160,77.3,54,26.1
17640301730019,2025,20,18,90.0,0,0.0
17640301730142,2025,21,13,61.9,0,0.0
17640301732304,2025,67,52,77.6,5,7.5
17640551730035,2025,8,6,75.0,0,0.0
17640551736008,2025,93,53,57.0,7,7.5
17769761730050,2025,4,4,100.0,0,0.0
17769761737006,2025,76,60,78.9,4,5.3
18640891831601,2025,5,4,80.0,0,0.0
18641391833805,2025,216,87,40.3,4,1.9
18641391833813,2025,12,8,66.7,0,0.0
18642041838507,2025,11,8,72.7,0,0.0
18750361833409,2025,10,7,70.0,0,0.0
19101990121822,2025,14,10,71.4,0,0.0
19101990121871,2025,85,38,44.7,21,24.7
19101990121905,2025,26,14,53.8,0,0.0
19101990121921,2025,35,24,68.6,6,17.1
19101990121939,2025,7,5,71.4,0,0.0
19101991933399,2025,139,29,20.9,0,0.0
19101991995869,2025,123,35,28.5,0,0.0
19101991996214,2025,48,30,62.5,9,18.8
19642121930056,2025,510,223,43.7,8,1.6
19642121930361,2025,315,266,84.4,37,11.7
19642121931641,2025,54,40,74.1,9,16.7
19642121931880,2025,170,45,26.5,0,0.0
19642121933159,2025,369,237,64.2,28,7.6
19642121964212,2025,8,7,87.5,0,0.0
19642121995596,2025,5,0,0.0,0,0.0
19642460100081,2025,538,368,68.4,32,5.9
19642460108407,2025,564,434,77.0,47,8.3
19642460111872,2025,161,90,55.9,0,0.0
19642461930213,2025,312,266,85.3,33,10.6
19642461931732,2025,285,236,82.8,38,13.3
19642461936624,2025,477,362,75.9,64,13.4
19642461937051,2025,708,298,42.1,25,3.5
19642461995398,2025,581,382,65.7,37,6.4
19642461995406,2025,315,246,78.1,33,10.5
19642461995844,2025,641,440,68.6,37,5.8
19642461995968,2025,6,6,100.0,0,0.0
19642461996644,2025,268,232,86.6,36,13.4
19642611930288,2025,699,191,27.3,53,7.6
19642611995299,2025,12,0,0.0,0,0.0
19642791930528,2025,342,310,90.6,50,14.6
19642791931765,2025,64,60,93.8,10,15.6
19642871930601,2025,327,271,82.9,17,5.2
19642871936384,2025,106,97,91.5,10,9.4
19642871938166,2025,387,336,86.8,13,3.4
19642871964287,2025,5,5,100.0,0,0.0
19642951930700,2025,207,183,88.4,27,13.0
19642951936491,2025,29,24,82.8,9,31.0
19643030128306,2025,11,7,63.6,0,0.0
19643031930775,2025,334,280,83.8,60,18.0
19643031935618,2025,413,288,69.7,32,7.7
19643031938190,2025,46,38,82.6,11,23.9
19643111930981,2025,292,86,29.5,13,4.5
19643291931088,2025,457,135,29.5,16,3.5
19643291937598,2025,33,20,60.6,4,12.1
19643291937739,2025,289,114,39.4,10,3.5
19643370131573,2025,59,25,42.4,15,25.4
19643371931187,2025,564,225,39.9,74,13.1
19643371931237,2025,563,160,28.4,16,2.8
19643371933332,2025,60,37,61.7,11,18.3
19643371995877,2025,16,9,56.2,0,0.0
19643520118521,2025,32,27,84.4,0,0.0
19643521930239,2025,111,83,74.8,24,21.6
19643521933951,2025,361,302,83.7,75,20.8
19643521934926,2025,384,294,76.6,30,7.8
19643521935048,2025,433,355,82.0,50,11.5
19643781930312,2025,35,32,91.4,5,14.3
19643781931666,2025,311,213,68.5,29,9.3
19643781995885,2025,21,11,52.4,0,0.0
19643941931807,2025,27,14,51.9,0,0.0
19643941931823,2025,501,172,34.3,21,4.2
19644360140525,2025,9,5,55.6,0,0.0
19644361931617,2025,42,30,71.4,5,11.9
19644361932086,2025,272,196,72.1,20,7.4
19644361936418,2025,315,239,75.9,19,6.0
19644361938372,2025,403,248,61.5,13,3.2
19644441932201,2025,490,172,35.1,19,3.9
19644441932656,2025,18,10,55.6,5,27.8
19644511931625,2025,132,115,87.1,22,16.7
19644511932441,2025,959,765,79.8,71,7.4
19644511939164,2025,891,696,78.1,63,7.1
19644511964451,2025,11,7,63.6,0,0.0
19644691932482,2025,174,128,73.6,25,14.4
19644691936079,2025,28,24,85.7,7,25.0
19645191930320,2025,392,326,83.2,46,11.7
19645191932664,2025,327,321,98.2,56,17.1
19645191932680,2025,294,275,93.5,73,24.8
19645191937481,2025,410,349,85.1,61,14.9
19645191938919,2025,124,123,99.2,34,27.4
19645191964519,2025,4,4,100.0,0,0.0
19645191995661,2025,286,269,94.1,51,17.8
19645191996123,2025,14,14,100.0,5,35.7
19645271932698,2025,99,86,86.9,13,13.1
19645271932706,2025,430,331,77.0,28,6.5
19645271964527,2025,34,28,82.4,0,0.0
19645351930353,2025,11,0,0.0,0,0.0
19645351932763,2025,304,43,14.1,4,1.3
19645681932144,2025,586,230,39.2,19,3.2
19645681933472,2025,24,18,75.0,6,25.0
19645681933530,2025,485,358,73.8,121,24.9
19645681934082,2025,377,268,71.1,78,20.7
19645681964568,2025,4,0,0.0,0,0.0
19645681995497,2025,19,8,42.1,0,0.0
19645681996131,2025,263,188,71.5,0,0.0
19645761933597,2025,535,144,26.9,8,1.5
19645761939677,2025,39,19,48.7,0,0.0
19646341934231,2025,191,173,90.6,44,23.0
19646341934249,2025,39,37,94.9,9,23.1
19646341936046,2025,89,85,95.5,23,25.8
19646591934611,2025,332,17,5.1,0,0.0
19646831930080,2025,365,100,27.4,5,1.4
19646831931781,2025,429,114,26.6,0,0.0
19647250127381,2025,166,57,34.3,0,0.0
19647250132324,2025,117,32,27.4,0,0.0
19647250135525,2025,79,58,73.4,11,13.9
19647251930411,2025,36,23,63.9,17,47.2
19647251934470,2025,534,398,74.5,105,19.7
19647251934678,2025,553,314,56.8,34,6.1
19647251935758,2025,819,286,34.9,22,2.7
19647251936947,2025,956,593,62.0,110,11.5
19647251937176,2025,47,40,85.1,15,31.9
19647251939875,2025,781,431,55.2,81,10.4
19647251964725,2025,13,9,69.2,0,0.0
19647251995539,2025,157,60,38.2,0,0.0
19647251995570,2025,201,159,79.1,36,17.9
19647251995935,2025,350,259,74.0,84,24.0
19647251996503,2025,93,50,53.8,0,0.0
19647330101329,2025,19,18,94.7,0,0.0
19647330102137,2025,4,0,0.0,0,0.0
19647330102764,2025,9,8,88.9,0,0.0
19647330102913,2025,92,80,87.0,0,0.0
19647330102921,2025,108,72,66.7,0,0.0
19647330106997,2025,142,127,89.4,0,0.0
19647330107003,2025,160,133,83.1,8,5.0
19647330107011,2025,88,74,84.1,0,0.0
19647330109447,2025,298,281,94.3,37,12.4
19647330109454,2025,475,445,93.7,23,4.8
19647330109462,2025,265,256,96.6,45,17.0
19647330109512,2025,27,26,96.3,6,22.2
19647330110668,2025,34,30,88.2,7,20.6
19647330112029,2025,80,80,100.0,16,20.0
19647330112037,2025,135,127,94.1,22,16.3
19647330112045,2025,267,228,85.4,20,7.5
19647330112052,2025,310,305,98.4,67,21.6
19647330112870,2025,66,64,97.0,27,40.9
19647330114850,2025,203,196,96.6,45,22.2
19647330117051,2025,268,253,94.4,34,12.7
19647330117069,2025,188,175,93.1,62,33.0
19647330117721,2025,100,97,97.0,27,27.0
19647330117747,2025,91,88,96.7,21,23.1
19647330117762,2025,122,121,99.2,17,13.9
19647330119685,2025,92,90,97.8,16,17.4
19647330119693,2025,100,94,94.0,19,19.0
19647330119727,2025,305,209,68.5,19,6.2
19647330119966,2025,157,138,87.9,26,16.6
19647330120360,2025,32,22,68.8,4,12.5
19647330120808,2025,10,9,90.0,0,0.0
19647330121095,2025,58,57,98.3,16,27.6
19647330122333,2025,135,123,91.1,0,0.0
19647330122341,2025,58,56,96.6,9,15.5
19647330122358,2025,99,95,96.0,13,13.1
19647330122366,2025,27,26,96.3,0,0.0
19647330122374,2025,83,70,84.3,7,8.4
19647330122382,2025,84,82,97.6,9,10.7
19647330124362,2025,149,105,70.5,0,0.0
19647330124370,2025,79,68,86.1,0,0.0
19647330124388,2025,86,77,89.5,4,4.7
19647330124396,2025,95,87,91.6,9,9.5
19647330124404,2025,95,91,95.8,10,10.5
19647330124412,2025,85,79,92.9,0,0.0
19647330124479,2025,205,194,94.6,56,27.3
19647330124487,2025,135,133,98.5,19,14.1
19647330124495,2025,117,110,94.0,13,11.1
19647330124503,2025,105,99,94.3,12,11.4
19647330124511,2025,122,118,96.7,18,14.8
19647330124529,2025,121,110,90.9,4,3.3
19647330125989,2025,155,150,96.8,9,5.8
19647330126482,2025,274,262,95.6,59,21.5
19647330126516,2025,173,164,94.8,9,5.2
19647330126524,2025,145,137,94.5,6,4.1
19647330126532,2025,120,114,95.0,15,12.5
19647330126540,2025,129,115,89.1,0,0.0
19647330126557,2025,100,91,91.0,7,7.0
19647330126573,2025,146,142,97.3,23,15.8
19647330126615,2025,120,84,70.0,4,3.3
19647330126623,2025,109,93,85.3,5,4.6
19647330127787,2025,61,52,85.2,0,0.0
19647330127795,2025,91,87,95.6,42,46.2
19647330127803,2025,69,59,85.5,0,0.0
19647330129536,2025,58,56,96.6,8,13.8
19647330129585,2025,131,131,100.0,11,8.4
19647330130997,2025,63,63,100.0,0,0.0
19647330133603,2025,79,46,58.2,0,0.0
19647330133736,2025,59,32,54.2,0,0.0
19647330135681,2025,35,30,85.7,5,14.3
19647330135855,2025,166,137,82.5,6,3.6
19647330135996,2025,6,4,66.7,0,0.0
19647330137083,2025,27,26,96.3,0,0.0
19647330137091,2025,36,35,97.2,0,0.0
19647330140046,2025,30,28,93.3,7,23.3
19647330141523,2025,111,81,73.0,12,10.8
19647330141531,2025,92,76,82.6,7,7.6
19647330141549,2025,101,83,82.2,8,7.9
19647330141556,2025,103,71,68.9,8,7.8
19647330141564,2025,113,94,83.2,14,12.4
19647330141572,2025,102,93,91.2,8,7.8
19647330141630,2025,26,20,76.9,0,0.0
19647331930064,2025,18,13,72.2,0,0.0
19647331930296,2025,63,56,88.9,22,34.9
19647331930387,2025,81,62,76.5,21,25.9
19647331930403,2025,11,9,81.8,0,0.0
19647331930429,2025,12,10,83.3,0,0.0
19647331930486,2025,24,20,83.3,0,0.0
19647331930551,2025,21,20,95.2,0,0.0
19647331930577,2025,15,11,73.3,0,0.0
19647331930619,2025,9,7,77.8,5,55.6
19647331930650,2025,490,446,91.0,29,5.9
19647331930692,2025,6,0,0.0,0,0.0
19647331930734,2025,19,14,73.7,0,0.0
19647331930783,2025,36,29,80.6,6,16.7
19647331930791,2025,13,12,92.3,5,38.5
19647331930866,2025,416,378,90.9,23,5.5
19647331930924,2025,138,132,95.7,61,44.2
19647331930940,2025,29,27,93.1,4,13.8
19647331930973,2025,13,12,92.3,0,0.0
19647331931336,2025,26,21,80.8,0,0.0
19647331931377,2025,22,17,77.3,5,22.7
19647331931385,2025,13,11,84.6,0,0.0
19647331931393,2025,19,13,68.4,4,21.1
19647331931435,2025,40,30,75.0,6,15.0
19647331931450,2025,24,18,75.0,0,0.0
19647331931468,2025,29,27,93.1,4,13.8
19647331931476,2025,270,253,93.7,38,14.1
19647331931484,2025,16,12,75.0,4,25.0
19647331931500,2025,28,23,82.1,9,32.1
19647331931518,2025,10,7,70.0,0,0.0
19647331931526,2025,292,254,87.0,10,3.4
19647331931534,2025,56,50,89.3,12,21.4
19647331931559,2025,34,28,82.4,6,17.6
19647331931682,2025,36,32,88.9,5,13.9
19647331931690,2025,37,34,91.9,4,10.8
19647331931716,2025,46,30,65.2,0,0.0
19647331931856,2025,22,15,68.2,0,0.0
19647331931930,2025,15,14,93.3,0,0.0
19647331931955,2025,14,9,64.3,0,0.0
19647331931971,2025,35,30,85.7,10,28.6
19647331931989,2025,11,9,81.8,0,0.0
19647331931997,2025,35,29,82.9,0,0.0
19647331932128,2025,121,104,86.0,14,11.6
19647331932250,2025,17,9,52.9,0,0.0
19647331932318,2025,14,10,71.4,0,0.0
19647331932334,2025,40,22,55.0,0,0.0
19647331932342,2025,27,20,74.1,5,18.5
19647331932383,2025,185,169,91.4,26,14.1
19647331932540,2025,341,196,57.5,8,2.3
19647331932821,2025,9,8,88.9,0,0.0
19647331932847,2025,204,117,57.4,0,0.0
19647331932888,2025,199,168,84.4,0,0.0
19647331932920,2025,345,294,85.2,24,7.0
19647331932987,2025,465,432,92.9,45,9.7
19647331933001,2025,314,280,89.2,7,2.2
19647331933043,2025,275,237,86.2,9,3.3
19647331933118,2025,441,420,95.2,79,17.9
19647331933233,2025,210,127,60.5,0,0.0
19647331933241,2025,336,302,89.9,26,7.7
19647331933381,2025,508,481,94.7,28,5.5
19647331933795,2025,392,374,95.4,50,12.8
19647331933852,2025,464,356,76.7,7,1.5
19647331934033,2025,232,213,91.8,15,6.5
19647331934157,2025,323,307,95.0,51,15.8
19647331934371,2025,135,133,98.5,32,23.7
19647331934454,2025,126,119,94.4,9,7.1
19647331935121,2025,209,176,84.2,15,7.2
19647331935352,2025,254,221,87.0,50,19.7
19647331935519,2025,211,202,95.7,52,24.6
19647331935568,2025,437,289,66.1,20,4.6
19647331935865,2025,454,425,93.6,83,18.3
19647331936160,2025,355,288,81.1,30,8.5
19647331936350,2025,559,420,75.1,32,5.7
19647331937085,2025,4,0,0.0,0,0.0
19647331937424,2025,366,347,94.8,51,13.9
19647331937622,2025,311,289,92.9,38,12.2
19647331937838,2025,505,372,73.7,8,1.6
19647331938307,2025,363,339,93.4,18,5.0
19647331938968,2025,480,417,86.9,65,13.5
19647331939040,2025,534,335,62.7,11,2.1
19647331939107,2025,288,233,80.9,22,7.6
19647331939305,2025,164,151,92.1,23,14.0
19647331939479,2025,133,109,82.0,0,0.0
19647331939859,2025,276,258,93.5,14,5.1
19647331939941,2025,505,350,69.3,17,3.4
19647331964733,2025,108,61,56.5,19,17.6
19647331995448,2025,335,249,74.3,8,2.4
19647331995794,2025,12,10,83.3,0,0.0
19647331996073,2025,70,60,85.7,13,18.6
19647331996115,2025,340,270,79.4,6,1.8
19647336016885,2025,136,133,97.8,12,8.8
19647336019475,2025,59,47,79.7,0,0.0
19647336058002,2025,141,129,91.5,29,20.6
19647336060529,2025,4,4,100.0,0,0.0
19647336061451,2025,181,147,81.2,0,0.0
19647336061600,2025,99,91,91.9,5,5.1
19647336069157,2025,34,20,58.8,4,11.8
19647740109538,2025,375,352,93.9,49,13.1
19647741935428,2025,64,63,98.4,22,34.4
19647741935436,2025,453,433,95.6,81,17.9
19647741964774,2025,4,0,0.0,0,0.0
19647901935899,2025,28,21,75.0,6,21.4
19647901935923,2025,341,219,64.2,19,5.6
19647901996404,2025,18,12,66.7,0,0.0
19648080124552,2025,77,69,89.6,11,14.3
19648081930155,2025,537,445,82.9,49,9.1
19648081930825,2025,436,390,89.4,98,22.5
19648081935998,2025,473,428,90.5,99,20.9
19648081938927,2025,88,74,84.1,19,21.6
19648081964808,2025,4,4,100.0,0,0.0
19648081996388,2025,4,4,100.0,0,0.0
19648401933647,2025,204,151,74.0,38,18.6
19648401934728,2025,353,199,56.4,13,3.7
19648401936467,2025,443,351,79.2,51,11.5
19648401936475,2025,126,93,73.8,16,12.7
19648650141002,2025,13,0,0.0,0,0.0
19648651933308,2025,26,6,23.1,0,0.0
19648651995588,2025,542,65,12.0,18,3.3
19648651996552,2025,338,32,9.5,7,2.1
19648730136705,2025,97,91,93.8,5,5.2
19648731936749,2025,760,727,95.7,102,13.4
19648731936756,2025,110,101,91.8,16,14.5
19648810117440,2025,58,43,74.1,7,12.1
19648811931062,2025,158,112,70.9,33,20.9
19648811931674,2025,215,135,62.8,6,2.8
19648811936103,2025,275,210,76.4,12,4.4
19648811936806,2025,56,47,83.9,15,26.8
19648811936822,2025,355,233,65.6,7,2.0
19648811964881,2025,11,0,0.0,0,0.0
19649071933175,2025,225,210,93.3,27,12.0
19649071933324,2025,323,311,96.3,39,12.1
19649071936772,2025,90,84,93.3,25,27.8
19649071937028,2025,242,229,94.6,37,15.3
19649071964907,2025,5,0,0.0,0,0.0
19649071995901,2025,390,289,74.1,30,7.7
19649071996495,2025,58,50,86.2,4,6.9
19649076061634,2025,62,55,88.7,16,25.8
19649641937754,2025,217,21,9.7,13,6.0
19649801933373,2025,15,9,60.0,0,0.0
19649801938000,2025,619,198,32.0,19,3.1
19649801995737,2025,106,18,17.0,0,0.0
19650291938455,2025,398,79,19.8,17,4.3
19650291965029,2025,5,0,0.0,0,0.0
19650521938679,2025,441,176,39.9,44,10.0
19650521995745,2025,13,10,76.9,0,0.0
19650521995976,2025,9,0,0.0,0,0.0
19650600110320,2025,6,0,0.0,0,0.0
19650601936277,2025,463,210,45.4,36,7.8
19650601938083,2025,61,47,77.0,10,16.4
19650601938356,2025,404,91,22.5,22,5.4
19650601938752,2025,496,199,40.1,37,7.5
19650601939602,2025,425,123,28.9,31,7.3
19650601965060,2025,7,5,71.4,0,0.0
19650940122432,2025,185,150,81.1,12,6.5
19650940137042,2025,52,37,71.2,0,0.0
19650941938513,2025,66,62,93.9,5,7.6
19650941939537,2025,435,348,80.0,15,3.4
19651281930338,2025,113,103,91.2,24,21.2
19651281931302,2025,581,478,82.3,57,9.8
19651281934868,2025,609,350,57.5,31,5.1
19651281936889,2025,252,230,91.3,28,11.1
19651281937903,2025,447,358,80.1,26,5.8
19651281939701,2025,376,324,86.2,29,7.7
19651281965128,2025,5,4,80.0,0,0.0
19651281995653,2025,136,121,89.0,8,5.9
19651360102459,2025,435,227,52.2,23,5.3
19651360102475,2025,444,65,14.6,10,2.3
19651360138727,2025,270,74,27.4,5,1.9
19651361931492,2025,483,228,47.2,27,5.6
19651361931740,2025,579,130,22.5,7,1.2
19651361932532,2025,113,31,27.4,0,0.0
19651361933902,2025,443,211,47.6,39,8.8
19651361934421,2025,130,109,83.8,12,9.2
19651361965136,2025,6,0,0.0,0,0.0
19651361995802,2025,499,79,15.8,0,0.0
19651361996321,2025,98,13,13.3,0,0.0
19734370132969,2025,130,122,93.8,0,0.0
19734371931567,2025,208,193,92.8,37,17.8
19734371931963,2025,311,301,96.8,56,18.0
19734371932326,2025,408,382,93.6,72,17.6
19734371973437,2025,5,4,80.0,0,0.0
19734371995695,2025,127,121,95.3,38,29.9
19734371996040,2025,5,5,100.0,0,0.0
19734371996057,2025,38,34,89.5,8,21.1
19734451933316,2025,22,18,81.8,0,0.0
19734451934801,2025,203,179,88.2,40,19.7
19734451935246,2025,363,259,71.3,32,8.8
19734451938935,2025,51,45,88.2,13,25.5
19734451939834,2025,383,265,69.2,40,10.4
19734451939925,2025,163,140,85.9,25,15.3
19734521930106,2025,58,56,96.6,14,24.1
19734521936228,2025,420,368,87.6,72,17.1
19734521937564,2025,530,375,70.8,99,18.7
19734601932862,2025,650,163,25.1,43,6.6
19734601937747,2025,10,4,40.0,0,0.0
19734601939149,2025,548,176,32.1,44,8.0
19752911995810,2025,363,262,72.2,50,13.8
19752911996081,2025,21,19,90.5,0,0.0
19753091995786,2025,83,61,73.5,5,6.0
19753331935808,2025,649,66,10.2,6,0.9
19753410141721,2025,6,0,0.0,0,0.0
19753411937143,2025,698,136,19.5,12,1.7
19753411995752,2025,27,12,44.4,0,0.0
19757131930163,2025,503,284,56.5,66,13.1
19757131934553,2025,543,278,51.2,105,19.3
19757131937697,2025,475,364,76.6,95,20.0
19757131975713,2025,5,0,0.0,0,0.0
20102072030153,2025,15,10,66.7,5,33.3
20102076077200,2025,9,9,100.0,0,0.0
20652012030047,2025,33,30,90.9,11,33.3
20652012032357,2025,220,171,77.7,28,12.7
20652430110965,2025,437,415,95.0,82,18.8
20652430123620,2025,76,73,96.1,21,27.6
20652430131086,2025,11,11,100.0,4,36.4
20652430139691,2025,472,425,90.0,55,11.7
20652432035640,2025,100,92,92.0,17,17.0
20652432035707,2025,396,304,76.8,55,13.9
20755800111443,2025,9,7,77.8,0,0.0
20755800134486,2025,9,4,44.4,0,0.0
20755802030161,2025,21,18,85.7,4,19.0
20755802030203,2025,192,75,39.1,0,0.0
20756060100180,2025,5,4,80.0,0,0.0
20756060109504,2025,5,4,80.0,0,0.0
20756060117010,2025,51,27,52.9,0,0.0
20764140115550,2025,6,0,0.0,0,0.0
20764142030013,2025,108,69,63.9,8,7.4
20764142030039,2025,16,11,68.8,0,0.0
20764142030104,2025,21,13,61.9,0,0.0
21102152130037,2025,20,16,80.0,7,35.0
21654172130045,2025,25,14,56.0,0,0.0
21654172132264,2025,39,34,87.2,16,41.0
21654172132272,2025,336,161,47.9,42,12.5
21654172133056,2025,288,94,32.6,17,5.9
21654172165417,2025,4,0,0.0,0,0.0
21654662133254,2025,62,56,90.3,41,66.1
21654662133262,2025,315,244,77.5,99,31.4
21654662134005,2025,271,128,47.2,31,11.4
21654822130078,2025,31,8,25.8,0,0.0
21654822131340,2025,300,40,13.3,6,2.0
21654822132587,2025,455,43,9.5,8,1.8
21654822133692,2025,342,34,9.9,5,1.5
21654822134419,2025,19,7,36.8,0,0.0
21654822165482,2025,9,0,0.0,0,0.0
21733612134310,2025,37,26,70.3,10,27.0
22655322230035,2025,20,20,100.0,0,0.0
22655322230068,2025,11,9,81.8,0,0.0
22655322235356,2025,126,75,59.5,0,0.0
23102312330124,2025,4,0,0.0,0,0.0
23655402330900,2025,36,27,75.0,5,13.9
23655652330215,2025,12,11,91.7,0,0.0
23655652331361,2025,119,94,79.0,12,10.1
23655812333185,2025,35,27,77.1,0,0.0
23655992330108,2025,5,0,0.0,0,0.0
23655992333649,2025,34,22,64.7,5,14.7
23656072330033,2025,6,6,100.0,0,0.0
23656072334563,2025,19,18,94.7,4,21.1
23656150128280,2025,29,20,69.0,0,0.0
23656152334704,2025,48,44,91.7,0,0.0
23656152335024,2025,409,303,74.1,43,10.5
23656230136887,2025,31,23,74.2,0,0.0
23656232335487,2025,88,44,50.0,4,4.5
23738662330041,2025,21,11,52.4,0,0.0
23739162332260,2025,29,20,69.0,0,0.0
23752182332724,2025,7,4,57.1,0,0.0
24102492430056,2025,10,7,70.0,4,40.0
24102492430148,2025,30,29,96.7,0,0.0
24102492430163,2025,53,48,90.6,19,35.8
24102492430171,2025,45,42,93.3,12,26.7
24102496069199,2025,11,10,90.9,0,0.0
24656982430080,2025,7,7,100.0,5,71.4
24656982432409,2025,180,124,68.9,35,19.4
24657302430064,2025,8,8,100.0,0,0.0
24657302433001,2025,105,87,82.9,25,23.8
24657550119073,2025,59,57,96.6,8,13.6
24657550120923,2025,370,289,78.1,53,14.3
24657552431492,2025,51,47,92.2,15,29.4
24657552434207,2025,355,276,77.7,38,10.7
24657890127373,2025,425,318,74.8,40,9.4
24657892430049,2025,43,37,86.0,0,0.0
24657892430098,2025,453,383,84.5,60,13.2
24657892430205,2025,384,301,78.4,37,9.6
24657892430601,2025,497,402,80.9,53,10.7
24657892433605,2025,269,239,88.8,53,19.7
24657892435204,2025,469,380,81.0,40,8.5
24657892439602,2025,140,130,92.9,31,22.1
24736192430031,2025,7,4,57.1,4,57.1
24736192431807,2025,115,97,84.3,18,15.7
24753172430015,2025,38,37,97.4,0,0.0
24753172431203,2025,136,125,91.9,21,15.4
24753662430114,2025,167,148,88.6,37,22.2
25658962537702,2025,7,7,100.0,0,0.0
25735852535409,2025,59,37,62.7,0,0.0
25735934737250,2025,39,31,79.5,9,23.1
26102642630028,2025,5,0,0.0,0,0.0
26736682633006,2025,12,7,58.3,0,0.0
26736682635001,2025,7,0,0.0,0,0.0
26736922630010,2025,72,44,61.1,11,15.3
26736922630036,2025,6,4,66.7,0,0.0
27102722730117,2025,19,15,78.9,7,36.8
27102722730265,2025,27,25,92.6,6,22.2
27659872730018,2025,9,6,66.7,0,0.0
27659872730414,2025,196,35,17.9,0,0.0
27660680141010,2025,29,24,82.8,8,27.6
27660682730083,2025,38,38,100.0,9,23.7
27660682730174,2025,314,268,85.4,43,13.7
27660682732170,2025,257,226,87.9,32,12.5
27660920111435,2025,168,129,76.8,17,10.1
27660920112896,2025,5,4,80.0,0,0.0
27660922732253,2025,60,54,90.0,26,43.3
27660922732808,2025,363,218,60.1,23,6.3
27660922735348,2025,264,222,84.1,62,23.5
27661342731115,2025,4,0,0.0,0,0.0
27661342733657,2025,122,22,18.0,0,0.0
27661590124610,2025,114,107,93.9,18,15.8
27661590136697,2025,364,330,90.7,34,9.3
27661592730109,2025,650,621,95.5,107,16.5
27661592730166,2025,503,469,93.2,61,12.1
27661592730273,2025,4,0,0.0,0,0.0
27661592733178,2025,526,504,95.8,66,12.5
27661592734481,2025,104,95,91.3,43,41.3
27661592734556,2025,541,433,80.0,39,7.2
27738252730034,2025,263,227,86.3,66,25.1
27738252730125,2025,42,34,81.0,12,28.6
27738252730141,2025,16,16,100.0,8,50.0
27754400106112,2025,25,22,88.0,11,44.0
27754402730190,2025,361,312,86.4,37,10.2
27754732730885,2025,177,145,81.9,36,20.3
28102802830073,2025,9,5,55.6,5,55.6
28102802830099,2025,12,10,83.3,4,33.3
28662412831758,2025,61,58,95.1,8,13.1
28662660101964,2025,38,24,63.2,0,0.0
28662660121087,2025,431,246,57.1,26,6.0
28662662830016,2025,379,205,54.1,45,11.9
28662662830115,2025,92,59,64.1,4,4.3
28662662830149,2025,83,79,95.2,29,34.9
28662662835601,2025,368,282,76.6,82,22.3
28662902837102,2025,96,34,35.4,4,4.2
29663570112367,2025,36,11,30.6,0,0.0
29663572930030,2025,39,18,46.2,0,0.0
29663572930048,2025,130,33,25.4,0,0.0
29663572930071,2025,39,32,82.1,0,0.0
29663572935500,2025,366,142,38.8,4,1.1
30103063030426,2025,69,53,76.8,34,49.3
30103063030632,2025,53,24,45.3,0,0.0
30103063030764,2025,474,406,85.7,141,29.7
30103066069553,2025,12,12,100.0,0,0.0
30664310140707,2025,50,37,74.0,7,14.0
30664313030038,2025,650,386,59.4,31,4.8
30664313030228,2025,624,593,95.0,163,26.1
30664313030384,2025,259,238,91.9,75,29.0
30664313030616,2025,188,104,55.3,0,0.0
30664313032786,2025,155,141,91.0,76,49.0
30664313033057,2025,550,497,90.4,108,19.6
30664313033115,2025,501,352,70.3,28,5.6
30664313033784,2025,359,325,90.5,96,26.7
30664313034204,2025,341,303,88.9,85,24.9
30664313036712,2025,340,300,88.2,71,20.9
30664313038239,2025,387,344,88.9,73,18.9
30664493030624,2025,23,18,78.3,4,17.4
30664493030640,2025,396,152,38.4,14,3.5
30664640113381,2025,672,249,37.1,35,5.2
30664640124131,2025,71,14,19.7,0,0.0
30664643030210,2025,482,196,40.7,39,8.1
30664643030574,2025,659,231,35.1,29,4.4
30664643030756,2025,483,112,23.2,9,1.9
30664643030798,2025,10,5,50.0,0,0.0
30664643035987,2025,62,50,80.6,17,27.4
30664643036001,2025,590,198,33.6,26,4.4
30664643038569,2025,401,183,45.6,25,6.2
30664643066464,2025,7,0,0.0,0,0.0
30665143030335,2025,20,13,65.0,0,0.0
30665143030855,2025,398,357,89.7,72,18.1
30665143032505,2025,450,284,63.1,42,9.3
30665143033362,2025,503,321,63.8,33,6.6
30665143033610,2025,165,144,87.3,54,32.7
30665143037090,2025,385,244,63.4,25,6.5
30665143037348,2025,603,284,47.1,31,5.1
30665143037496,2025,573,242,42.2,17,3.0
30665143066514,2025,6,0,0.0,0,0.0
30665223030103,2025,128,104,81.2,57,44.5
30665223030434,2025,438,381,87.0,88,20.1
30665223032752,2025,526,424,80.6,85,16.2
30665223033578,2025,499,379,76.0,76,15.2
30665223033933,2025,359,337,93.9,107,29.8
30665223035581,2025,391,209,53.5,15,3.8
30665223035706,2025,361,311,86.1,81,22.4
30665223036555,2025,385,354,91.9,112,29.1
30665223066522,2025,5,0,0.0,0,0.0
30665483030145,2025,290,230,79.3,47,16.2
30665483030368,2025,85,35,41.2,0,0.0
30665483031895,2025,447,133,29.8,7,1.6
30665483032158,2025,801,401,50.1,28,3.5
30665483032943,2025,644,207,32.1,11,1.7
30665483034410,2025,483,200,41.4,19,3.9
30665483038445,2025,613,521,85.0,118,19.2
30665483038551,2025,141,117,83.0,33,23.4
30665483066548,2025,5,0,0.0,0,0.0
30665553033206,2025,217,47,21.7,0,0.0
30665970111666,2025,40,23,57.5,0,0.0
30665973030186,2025,21,10,47.6,0,0.0
30665973031697,2025,354,79,22.3,9,2.5
30665973031853,2025,264,199,75.4,42,15.9
30665973032000,2025,234,193,82.5,44,18.8
30665973034907,2025,60,49,81.7,18,30.0
30665973035045,2025,534,224,41.9,41,7.7
30665973066597,2025,6,0,0.0,0,0.0
30666210140293,2025,60,27,45.0,4,6.7
30666213030046,2025,558,165,29.6,17,3.0
30666213031952,2025,455,310,68.1,19,4.2
30666213035409,2025,435,386,88.7,67,15.4
30666213035748,2025,105,82,78.1,44,41.9
30666213038098,2025,509,298,58.5,36,7.1
30666470119404,2025,438,127,29.0,14,3.2
30666473030053,2025,375,172,45.9,17,4.5
30666473030483,2025,29,13,44.8,0,0.0
30666473031929,2025,503,165,32.8,15,3.0
30666473031945,2025,77,62,80.5,20,26.0
30666473038023,2025,587,392,66.8,63,10.7
30666476119556,2025,39,12,30.8,0,0.0
30666700108365,2025,619,511,82.6,64,10.3
30666700114736,2025,390,355,91.0,48,12.3
30666703030475,2025,190,175,92.1,94,49.5
30666703030491,2025,328,309,94.2,121,36.9
30666703030608,2025,100,87,87.0,0,0.0
30666703034998,2025,185,167,90.3,77,41.6
30666703035821,2025,326,311,95.4,76,23.3
30666703036357,2025,579,543,93.8,171,29.5
30666703036456,2025,454,426,93.8,160,35.2
30666703066670,2025,6,5,83.3,0,0.0
30666706115133,2025,9,9,100.0,0,0.0
30736353030061,2025,445,241,54.2,44,9.9
30736353030079,2025,97,85,87.6,31,32.0
30736353030244,2025,365,201,55.1,33,9.0
30736353030392,2025,605,218,36.0,29,4.8
30736353030509,2025,42,12,28.6,0,0.0
30736353034956,2025,331,131,39.6,17,5.1
30736430102871,2025,700,303,43.3,41,5.9
30736430139774,2025,104,38,36.5,0,0.0
30736433030590,2025,69,30,43.5,0,0.0
30736433032109,2025,536,273,50.9,26,4.9
30736433032919,2025,59,57,96.6,27,45.8
30736433037553,2025,418,367,87.8,98,23.4
30736500133405,2025,656,143,21.8,36,5.5
30736503030129,2025,38,24,63.2,7,18.4
30736503030152,2025,446,87,19.5,27,6.1
30736503030285,2025,551,131,23.8,39,7.1
30736503030467,2025,27,10,37.0,0,0.0
30736503030657,2025,561,117,20.9,33,5.9
30736503035102,2025,560,154,27.5,40,7.1
30736503073650,2025,7,0,0.0,0,0.0
30739243033917,2025,708,104,14.7,5,0.7
31668940102293,2025,46,20,43.5,0,0.0
31668943131687,2025,34,18,52.9,0,0.0
31668943131851,2025,141,28,19.9,0,0.0
31668943132453,2025,378,50,13.2,0,0.0
31668943135704,2025,278,97,34.9,21,7.6
31669280116459,2025,451,309,68.5,40,8.9
31669280139840,2025,478,145,30.3,30,6.3
31669283130119,2025,125,58,46.4,0,0.0
31669283130176,2025,456,165,36.2,15,3.3
31669283130184,2025,502,129,25.7,10,2.0
31669283130309,2025,57,41,71.9,7,12.3
31669283135308,2025,287,129,44.9,24,8.4
31669283136504,2025,379,188,49.6,32,8.4
31669443130010,2025,127,55,43.3,10,7.9
31669443130077,2025,15,9,60.0,0,0.0
31669443130192,2025,6,4,66.7,0,0.0
31669443138500,2025,231,68,29.4,13,5.6
31669510139246,2025,21,4,19.0,0,0.0
31669510140541,2025,335,75,22.4,5,1.5
31669513130036,2025,25,21,84.0,5,20.0
31669513134657,2025,274,120,43.8,25,9.1
31750850108084,2025,500,105,21.0,6,1.2
31750853130150,2025,462,99,21.4,15,3.2
31750853130200,2025,21,15,71.4,0,0.0
31750853130218,2025,14,4,28.6,0,0.0
32669693230042,2025,4,0,0.0,0,0.0
32669693232006,2025,20,7,35.0,0,0.0
32669693235603,2025,35,19,54.3,5,14.3
32669693236007,2025,58,31,53.4,0,0.0
33103303330123,2025,53,45,84.9,9,17.0
33103303331055,2025,56,50,89.3,17,30.4
33316253330834,2025,20,10,50.0,0,0.0
33669770125732,2025,434,318,73.3,39,9.0
33669770135061,2025,60,57,95.0,29,48.3
33669773330008,2025,396,350,88.4,81,20.5
33669773334299,2025,428,399,93.2,101,23.6
33669773337128,2025,71,67,94.4,15,21.1
33669853330214,2025,243,220,90.5,38,15.6
33669853330222,2025,38,27,71.1,4,10.5
33669853330974,2025,24,21,87.5,0,0.0
33669930129882,2025,118,82,69.5,7,5.9
33669930141366,2025,23,13,56.5,0,0.0
33669933330479,2025,692,423,61.1,36,5.2
33669933330842,2025,95,74,77.9,15,15.8
33670330110106,2025,92,89,96.7,39,42.4
33670330110627,2025,1089,731,67.1,78,7.2
33670330110759,2025,172,104,60.5,0,0.0
33670330135574,2025,144,105,72.9,10,6.9
33670333330446,2025,627,510,81.3,58,9.3
33670333330586,2025,204,192,94.1,41,20.1
33670333330701,2025,869,567,65.2,33,3.8
33670333331600,2025,522,454,87.0,42,8.0
33670333334232,2025,461,345,74.8,20,4.3
33670333367033,2025,11,10,90.9,0,0.0
33670580114504,2025,108,98,90.7,22,20.4
33670580118885,2025,361,289,80.1,39,10.8
33670583330388,2025,494,299,60.5,30,6.1
33670583330669,2025,551,401,72.8,36,6.5
33670583330909,2025,62,50,80.6,4,6.5
33670583331113,2025,134,128,95.5,45,33.6
33670583333192,2025,445,424,95.3,90,20.2
33670820106716,2025,49,39,79.6,0,0.0
33670820113159,2025,409,356,87.0,52,12.7
33670823330065,2025,185,170,91.9,33,17.8
33670823330503,2025,80,73,91.2,0,0.0
33670823330537,2025,401,364,90.8,40,10.0
33670823332673,2025,552,452,81.9,40,7.2
33670900114157,2025,567,417,73.5,88,15.5
33670903330412,2025,391,328,83.9,71,18.2
33670903334687,2025,165,148,89.7,61,37.0
33670903337136,2025,265,241,90.9,67,25.3
33671240105940,2025,4,0,0.0,0,0.0
33671240128868,2025,220,199,90.5,30,13.6
33671243330396,2025,526,434,82.5,56,10.6
33671243330438,2025,593,486,82.0,60,10.1
33671243330800,2025,56,51,91.1,14,25.0
33671243331071,2025,472,416,88.1,59,12.5
33671243333762,2025,147,135,91.8,30,20.4
33671243333770,2025,508,467,91.9,88,17.3
33671730127316,2025,308,289,93.8,50,16.2
33671730133090,2025,42,38,90.5,8,19.0
33671733330578,2025,288,278,96.5,69,24.0
33671733330818,2025,336,323,96.1,89,26.5
33671733331121,2025,212,199,93.9,58,27.4
33671733335130,2025,360,349,96.9,53,14.7
33671813331139,2025,38,36,94.7,5,13.2
33671813335759,2025,162,119,73.5,6,3.7
33672070113191,2025,549,436,79.4,63,11.5
33672070134981,2025,17,12,70.6,0,0.0
33672070140491,2025,588,327,55.6,15,2.6
33672073330172,2025,126,105,83.3,32,25.4
33672073330727,2025,553,343,62.0,22,4.0
33672073335973,2025,454,426,93.8,110,24.2
33672073367207,2025,5,0,0.0,0,0.0
33672150115709,2025,70,63,90.0,11,15.7
33672150131359,2025,57,25,43.9,0,0.0
33672153330024,2025,456,363,79.6,57,12.5
33672153330362,2025,11,9,81.8,0,0.0
33672153330511,2025,4,4,100.0,0,0.0
33672153330677,2025,60,52,86.7,16,26.7
33672153330859,2025,674,331,49.1,21,3.1
33672153334406,2025,468,418,89.3,76,16.2
33672153336237,2025,617,427,69.2,67,10.9
33672153336492,2025,510,451,88.4,59,11.6
33672153336955,2025,67,61,91.0,11,16.4
33672490123844,2025,81,69,85.2,0,0.0
33672490142117,2025,16,14,87.5,0,0.0
33672493331006,2025,56,54,96.4,6,10.7
33672493337649,2025,103,96,93.2,21,20.4
33672493337656,2025,494,458,92.7,62,12.6
33736760100255,2025,437,424,97.0,140,32.0
33736763330032,2025,120,112,93.3,58,48.3
33736763330354,2025,81,78,96.3,14,17.3
33736763330990,2025,526,473,89.9,98,18.6
33751760107920,2025,365,312,85.5,31,8.5
33751760116343,2025,60,43,71.7,0,0.0
33751763330115,2025,234,204,87.2,32,13.7
33751763330487,2025,495,326,65.9,17,3.4
33751763332350,2025,422,318,75.4,19,4.5
33751920105734,2025,712,193,27.1,5,0.7
33751923330370,2025,645,225,34.9,26,4.0
33751923330495,2025,63,37,58.7,6,9.5
33751923330636,2025,144,49,34.0,0,0.0
33751923330743,2025,761,317,41.7,16,2.1
33751923375192,2025,4,0,0.0,0,0.0
33752000100420,2025,790,392,49.6,22,2.8
33752000102079,2025,62,45,72.6,0,0.0
33752000118794,2025,508,295,58.1,17,3.3
33752003330529,2025,521,255,48.9,15,2.9
33752420109108,2025,355,320,90.1,54,15.2
33752420123190,2025,19,14,73.7,0,0.0
33752420133306,2025,516,451,87.4,48,9.3
33752423330552,2025,492,411,83.5,28,5.7
33752423330560,2025,169,155,91.7,68,40.2
34103480106229,2025,6,5,83.3,0,0.0
34103480106237,2025,14,12,85.7,0,0.0
34103480106245,2025,23,19,82.6,0,0.0
34103480106278,2025,27,22,81.5,0,0.0
34103480118745,2025,20,14,70.0,0,0.0
34673140105916,2025,516,355,68.8,55,10.7
34673140108753,2025,604,187,31.0,25,4.1
34673140116897,2025,492,199,40.4,25,5.1
34673143430170,2025,372,301,80.9,89,23.9
34673143430311,2025,73,56,76.7,12,16.4
34673143430329,2025,45,38,84.4,11,24.4
34673143430352,2025,109,74,67.9,7,6.4
34673143430477,2025,394,324,82.2,89,22.6
34673143430592,2025,538,292,54.3,44,8.2
34673143430618,2025,591,373,63.1,48,8.1
34673143430873,2025,639,243,38.0,38,5.9
34673143432002,2025,62,51,82.3,18,29.0
34673143432572,2025,377,165,43.8,20,5.3
34673143467314,2025,16,9,56.2,0,0.0
34673300113571,2025,443,30,6.8,4,0.9
34673300140699,2025,15,9,60.0,0,0.0
34673303430501,2025,84,39,46.4,12,14.3
34673303430709,2025,17,13,76.5,4,23.5
34673303431533,2025,422,309,73.2,98,23.2
34673303433216,2025,677,121,17.9,19,2.8
34673303434792,2025,46,35,76.1,13,28.3
34673303467330,2025,4,0,0.0,0,0.0
34673550119131,2025,218,97,44.5,6,2.8
34673553432903,2025,38,29,76.3,6,15.8
34673553433471,2025,217,127,58.5,13,6.0
34674133430469,2025,5,0,0.0,0,0.0
34674134835302,2025,71,57,80.3,0,0.0
34674135731708,2025,63,45,71.4,7,11.1
34674390101972,2025,320,185,57.8,68,21.2
34674390108951,2025,26,19,73.1,0,0.0
34674390114546,2025,61,40,65.6,0,0.0
34674393430154,2025,62,53,85.5,19,30.6
34674393430519,2025,40,28,70.0,8,20.0
34674393430865,2025,219,114,52.1,0,0.0
34674393431012,2025,347,280,80.7,110,31.7
34674393434636,2025,383,313,81.7,141,36.8
34674393434768,2025,402,236,58.7,60,14.9
34674393435419,2025,575,285,49.6,89,15.5
34674393467439,2025,10,7,70.0,0,0.0
34674396061832,2025,23,9,39.1,0,0.0
34674470135772,2025,17,8,47.1,0,0.0
34674473430048,2025,212,134,63.2,37,17.5
34674473430097,2025,35,26,74.3,0,0.0
34674473430386,2025,68,24,35.3,0,0.0
34674473430394,2025,8,5,62.5,0,0.0
34674473430493,2025,450,154,34.2,23,5.1
34674473431111,2025,284,143,50.4,7,2.5
34674473432051,2025,387,205,53.0,45,11.6
34674473432317,2025,275,165,60.0,34,12.4
34674473432838,2025,183,170,92.9,114,62.3
34674473435930,2025,373,243,65.1,102,27.3
34674473436714,2025,480,205,42.7,63,13.1
34674473438504,2025,155,119,76.8,37,23.9
34674473467447,2025,12,4,33.3,0,0.0
34739733430378,2025,294,164,55.8,48,16.3
34739733430451,2025,23,18,78.3,0,0.0
34752830102236,2025,494,283,57.3,47,9.5
34752833430584,2025,238,182,76.5,44,18.5
34752833430626,2025,59,43,72.9,7,11.9
34765053430261,2025,51,48,94.1,17,33.3
34765053430634,2025,189,171,90.5,37,19.6
34765053430881,2025,61,60,98.4,18,29.5
34765053433265,2025,308,278,90.3,114,37.0
34765053433794,2025,423,387,91.5,120,28.4
34765053434370,2025,189,174,92.1,58,30.7
34765053436979,2025,346,288,83.2,71,20.5
35675383530029,2025,40,34,85.0,9,22.5
35675383537008,2025,831,520,62.6,56,6.7
35752593530060,2025,62,43,69.4,15,24.2
36103630107466,2025,115,99,86.1,18,15.7
36103633630431,2025,62,47,75.8,9,14.5
36103636069348,2025,27,22,81.5,0,0.0
36676113630712,2025,41,35,85.4,4,9.8
36676113630803,2025,334,216,64.7,25,7.5
36676373630290,2025,17,15,88.2,0,0.0
36676373631066,2025,139,85,61.2,22,15.8
36676520126243,2025,27,15,55.6,0,0.0
36676523630225,2025,604,385,63.7,26,4.3
36676523630373,2025,832,480,57.7,17,2.0
36676523630571,2025,784,469,59.8,26,3.3
36676523630845,2025,5,4,80.0,0,0.0
36676523631058,2025,660,305,46.2,16,2.4
36676523631157,2025,491,361,73.5,47,9.6
36676523632205,2025,741,672,90.7,127,17.1
36676523633906,2025,652,610,93.6,85,13.0
36676523634482,2025,506,457,90.3,42,8.3
36676523637659,2025,193,166,86.0,35,18.1
36676523667652,2025,15,8,53.3,4,26.7
36676783630035,2025,282,238,84.4,17,6.0
36676783630522,2025,589,283,48.0,19,3.2
36676783631017,2025,698,352,50.4,34,4.9
36676783631181,2025,5,0,0.0,0,0.0
36676783631587,2025,21,18,85.7,4,19.0
36676783631769,2025,86,63,73.3,17,19.8
36676783632502,2025,492,398,80.9,53,10.8
36676860125500,2025,337,267,79.2,15,4.5
36676863630399,2025,15,11,73.3,0,0.0
36676863631322,2025,381,361,94.8,51,13.4
36676863632742,2025,382,356,93.2,47,12.3
36676863636131,2025,108,99,91.7,24,22.2
36677100108191,2025,627,449,71.6,54,8.6
36677100120758,2025,400,332,83.0,66,16.5
36677103630019,2025,118,91,77.1,38,32.2
36677103630480,2025,137,118,86.1,52,38.0
36677103630555,2025,414,329,79.5,70,16.9
36677103630902,2025,426,361,84.7,65,15.3
36677103633302,2025,518,481,92.9,103,19.9
36677773630217,2025,57,52,91.2,0,0.0
36677773636743,2025,179,121,67.6,4,2.2
36677773638616,2025,256,172,67.2,8,3.1
36678013634169,2025,60,46,76.7,0,0.0
36678430118802,2025,471,318,67.5,27,5.7
36678430127837,2025,11,6,54.5,0,0.0
36678433630779,2025,360,221,61.4,13,3.6
36678433634995,2025,152,123,80.9,13,8.6
36678433635042,2025,487,295,60.6,21,4.3
36678433667843,2025,63,37,58.7,4,6.3
36678500102830,2025,461,346,75.1,42,9.1
36678503630159,2025,74,67,90.5,17,23.0
36678503630530,2025,39,31,79.5,4,10.3
36678503630597,2025,623,534,85.7,99,15.9
36678503633005,2025,488,418,85.7,100,20.5
36678680133181,2025,20,12,60.0,0,0.0
36678683630241,2025,16,11,68.8,0,0.0
36678683635265,2025,189,118,62.4,10,5.3
36678760125450,2025,407,386,94.8,65,16.0
36678760141689,2025,26,25,96.2,0,0.0
36678763630308,2025,184,181,98.4,33,17.9
36678763630548,2025,21,21,100.0,0,0.0
36678763631082,2025,576,556,96.5,105,18.2
36678763631090,2025,58,52,89.7,0,0.0
36678763632221,2025,663,564,85.1,38,5.7
36678763632809,2025,230,216,93.9,43,18.7
36678763634680,2025,284,266,93.7,34,12.0
36678763635844,2025,300,288,96.0,48,16.0
36678763636081,2025,322,295,91.6,16,5.0
36678763667876,2025,15,12,80.0,0,0.0
36678923636487,2025,13,11,84.6,0,0.0
36679340110064,2025,179,140,78.2,0,0.0
36679340125419,2025,483,443,91.7,59,12.2
36679340137638,2025,42,35,83.3,6,14.3
36679340138123,2025,65,59,90.8,14,21.5
36679340140202,2025,30,24,80.0,4,13.3
36679343630100,2025,24,23,95.8,0,0.0
36679343630787,2025,498,430,86.3,68,13.7
36679343638012,2025,489,455,93.0,78,16.0
36679343667934,2025,9,8,88.9,0,0.0
36679346114698,2025,139,120,86.3,5,3.6
36679590101410,2025,33,29,87.9,7,21.2
36679593633351,2025,63,48,76.2,4,6.3
36679593638509,2025,639,379,59.3,39,6.1
36738583630076,2025,11,4,36.4,5,45.5
36738903630274,2025,91,53,58.2,4,4.4
36738903630282,2025,15,13,86.7,0,0.0
36738903631199,2025,8,6,75.0,0,0.0
36739573630233,2025,417,296,71.0,37,8.9
36739573630365,2025,75,62,82.7,17,22.7
36739573630589,2025,13,9,69.2,0,0.0
36739573631108,2025,7,6,85.7,0,0.0
36750440115444,2025,105,73,69.5,37,35.2
36750440119115,2025,566,318,56.2,59,10.4
36750443630407,2025,554,412,74.4,103,18.6
36750443630472,2025,146,123,84.2,39,26.7
36750443630746,2025,453,305,67.3,60,13.2
36750443630811,2025,51,41,80.4,7,13.7
36750443630944,2025,4,0,0.0,0,0.0
36750513630563,2025,79,73,92.4,11,13.9
36750693630456,2025,80,76,95.0,10,12.5
36750693637584,2025,636,427,67.1,36,5.7
36750773630423,2025,485,336,69.3,46,9.5
36750773630894,2025,424,312,73.6,43,10.1
36750773631009,2025,110,98,89.1,13,11.8
37103710115998,2025,9,9,100.0,0,0.0
37103710120493,2025,13,13,100.0,4,30.8
37103710128520,2025,129,115,89.1,45,34.9
37103710128538,2025,73,65,89.0,19,26.0
37103711996545,2025,7,0,0.0,0,0.0
37679833730447,2025,23,22,95.7,4,17.4
37680313731478,2025,255,42,16.5,0,0.0
37681060127241,2025,179,126,70.4,11,6.1
37681063730058,2025,390,280,71.8,62,15.9
37681063732054,2025,141,129,91.5,59,41.8
37681063732062,2025,360,311,86.4,89,24.7
37681063735313,2025,395,348,88.1,89,22.5
37681223730967,2025,38,30,78.9,0,0.0
37681223732179,2025,395,282,71.4,67,17.0
37681223732195,2025,38,34,89.5,16,42.1
37681300128793,2025,18,12,66.7,4,22.2
37681300132548,2025,52,26,50.0,9,17.3
37681303730066,2025,417,284,68.1,57,13.7
37681303730702,2025,336,151,44.9,14,4.2
37681303731486,2025,5,5,100.0,0,0.0
37681303731536,2025,16,4,25.0,0,0.0
37681303731692,2025,431,376,87.2,181,42.0
37681303731809,2025,407,218,53.6,42,10.3
37681303732336,2025,552,323,58.5,71,12.9
37681303732559,2025,13,8,61.5,5,38.5
37681303732625,2025,473,287,60.7,68,14.4
37681303734548,2025,312,244,78.2,46,14.7
37681303734761,2025,365,290,79.5,72,19.7
37681303737905,2025,429,199,46.4,31,7.2
37681303768130,2025,6,0,0.0,0,0.0
37681713733219,2025,38,25,65.8,0,0.0
37682133730934,2025,7,5,71.4,0,0.0
37682133730991,2025,9,8,88.9,0,0.0
37682133734878,2025,99,43,43.4,14,14.1
37682960118935,2025,612,61,10.0,0,0.0
37682960141390,2025,46,7,15.2,0,0.0
37682963730074,2025,469,90,19.2,7,1.5
37682963730819,2025,557,92,16.5,6,1.1
37682963731528,2025,513,52,10.1,7,1.4
37682963735842,2025,30,20,66.7,0,0.0
37682963735867,2025,506,114,22.5,17,3.4
37683040102178,2025,11,7,63.6,0,0.0
37683040131250,2025,20,8,40.0,0,0.0
37683043735958,2025,49,36,73.5,11,22.4
37683043735974,2025,302,173,57.3,29,9.6
37683380107078,2025,80,52,65.0,4,5.0
37683380107086,2025,80,63,78.8,0,0.0
37683380107094,2025,77,63,81.8,8,10.4
37683380107102,2025,72,45,62.5,8,11.1
37683380107177,2025,326,304,93.3,74,22.7
37683380107219,2025,334,232,69.5,31,9.3
37683380107482,2025,27,12,44.4,0,0.0
37683380114025,2025,354,325,91.8,73,20.6
37683380118315,2025,39,32,82.1,0,0.0
37683380140319,2025,160,153,95.6,47,29.4
37683383730173,2025,291,168,57.7,10,3.4
37683383730181,2025,518,288,55.6,30,5.8
37683383730231,2025,161,140,87.0,36,22.4
37683383730314,2025,327,153,46.8,4,1.2
37683383730371,2025,206,110,53.4,0,0.0
37683383730751,2025,34,4,11.8,0,0.0
37683383730884,2025,497,109,21.9,4,0.8
37683383731130,2025,4,4,100.0,0,0.0
37683383731213,2025,195,114,58.5,7,3.6
37683383732781,2025,633,265,41.9,23,3.6
37683383732997,2025,457,418,91.5,84,18.4
37683383733508,2025,282,98,34.8,0,0.0
37683383733698,2025,209,162,77.5,10,4.8
37683383734431,2025,305,125,41.0,9,3.0
37683383734654,2025,360,297,82.5,24,6.7
37683383735750,2025,412,175,42.5,7,1.7
37683383737962,2025,52,46,88.5,6,11.5
37683383768338,2025,13,5,38.5,0,0.0
37683386040083,2025,23,17,73.9,0,0.0
37683460106328,2025,572,77,13.5,0,0.0
37683463730033,2025,605,103,17.0,29,4.8
37683463731007,2025,420,93,22.1,15,3.6
37683463737384,2025,40,16,40.0,0,0.0
37683463737418,2025,433,118,27.3,21,4.8
37684110111831,2025,579,168,29.0,30,5.2
37684110115873,2025,4,0,0.0,0,0.0
37684110140939,2025,204,115,56.4,47,23.0
37684113730124,2025,381,323,84.8,139,36.5
37684113730405,2025,445,198,44.5,47,10.6
37684113730801,2025,305,282,92.5,131,43.0
37684113730843,2025,559,146,26.1,30,5.4
37684113731064,2025,436,370,84.9,137,31.4
37684113731155,2025,17,9,52.9,0,0.0
37684113731460,2025,8,5,62.5,0,0.0
37684113731502,2025,452,331,73.2,173,38.3
37684113731627,2025,600,211,35.2,42,7.0
37684113732047,2025,110,84,76.4,40,36.4
37684113732849,2025,416,355,85.3,72,17.3
37684113733953,2025,248,192,77.4,62,25.0
37684113738226,2025,556,495,89.0,155,27.9
37684113738234,2025,337,286,84.9,93,27.6
37684113768411,2025,270,140,51.9,61,22.6
37684520115451,2025,52,47,90.4,6,11.5
37684520118430,2025,412,181,43.9,7,1.7
37684520126300,2025,22,16,72.7,0,0.0
37684523730728,2025,406,284,70.0,37,9.1
37684523732039,2025,14,14,100.0,4,28.6
37684523738705,2025,412,351,85.2,72,17.5
37735510127423,2025,315,106,33.7,12,3.8
37735513730017,2025,19,10,52.6,0,0.0
37735513730694,2025,530,181,34.2,17,3.2
37735513731163,2025,9,5,55.6,0,0.0
37735690140079,2025,68,47,69.1,0,0.0
37735693735206,2025,420,294,70.0,33,7.9
37735693739018,2025,573,379,66.1,41,7.2
37735693739026,2025,74,63,85.1,11,14.9
37737910105726,2025,650,289,44.5,61,9.4
37737913730215,2025,79,62,78.5,22,27.8
37737913730793,2025,46,26,56.5,4,8.7
37737913737632,2025,766,259,33.8,41,5.4
37754163730975,2025,10,9,90.0,0,0.0
37756143731114,2025,242,154,63.6,27,11.2
37756143731312,2025,37,28,75.7,7,18.9
37756143731601,2025,13,7,53.8,0,0.0
37768510129320,2025,75,49,65.3,4,5.3
38103893830361,2025,5,0,0.0,0,0.0
38103893830395,2025,26,22,84.6,22,84.6
38103893830445,2025,12,8,66.7,0,0.0
38103896069561,2025,23,7,30.4,0,0.0
38684780102103,2025,44,32,72.7,14,31.8
38684780119875,2025,91,75,82.4,87,95.6
38684780119958,2025,22,11,50.0,0,0.0
38684783830031,2025,56,36,64.3,6,10.7
38684783830064,2025,81,56,69.1,20,24.7
38684783830197,2025,73,36,49.3,0,0.0
38684783830205,2025,115,69,60.0,16,13.9
38684783830254,2025,260,187,71.9,52,20.0
38684783830288,2025,292,176,60.3,32,11.0
38684783830387,2025,148,28,18.9,0,0.0
38684783830403,2025,123,107,87.0,95,77.2
38684783831765,2025,419,261,62.3,135,32.2
38684783833241,2025,516,244,47.3,87,16.9
38684783833407,2025,642,266,41.4,21,3.3
38684783834082,2025,255,155,60.8,121,47.5
38684783834769,2025,100,71,71.0,22,22.0
38684783839081,2025,496,224,45.2,46,9.3
38684783868478,2025,13,4,30.8,0,0.0
39103973930195,2025,17,13,76.5,0,0.0
39103973930468,2025,411,352,85.6,76,18.5
39103976069215,2025,8,4,50.0,0,0.0
39685023930054,2025,11,11,100.0,0,0.0
39685023932308,2025,180,92,51.1,7,3.9
39685693933793,2025,63,47,74.6,10,15.9
39685693933801,2025,666,455,68.3,55,8.3
39685693968569,2025,4,0,0.0,0,0.0
39685770118307,2025,10,8,80.0,0,0.0
39685773933959,2025,168,113,67.3,13,7.7
39685850108225,2025,433,342,79.0,62,14.3
39685850139261,2025,20,7,35.0,0,0.0
39685853930237,2025,460,296,64.3,31,6.7
39685853930278,2025,36,28,77.8,4,11.1
39685853930344,2025,34,28,82.4,0,0.0
39685853930443,2025,81,45,55.6,0,0.0
39685853934759,2025,435,306,70.3,65,14.9
39685853934767,2025,52,42,80.8,16,30.8
39685853934783,2025,453,274,60.5,42,9.3
39685853968585,2025,5,4,80.0,0,0.0
39685930101576,2025,313,247,78.9,52,16.6
39685930112565,2025,35,27,77.1,11,31.4
39685930116376,2025,365,227,62.2,45,12.3
39685933930310,2025,435,254,58.4,43,9.9
39685933930328,2025,11,8,72.7,0,0.0
39685933932001,2025,355,241,67.9,46,13.0
39685933935103,2025,432,301,69.7,75,17.4
39685933935111,2025,58,45,77.6,9,15.5
39686500128215,2025,10,6,60.0,0,0.0
39686503935756,2025,236,65,27.5,6,2.5
39686760108159,2025,466,351,75.3,77,16.5
39686760115402,2025,37,31,83.8,0,0.0
39686760119784,2025,82,71,86.6,16,19.5
39686763930211,2025,92,88,95.7,24,26.1
39686763930427,2025,72,60,83.3,0,0.0
39686763932100,2025,610,500,82.0,123,20.2
39686763932654,2025,498,404,81.1,128,25.7
39686763937406,2025,425,325,76.5,65,15.3
39754990114140,2025,54,49,90.7,10,18.5
39754990119040,2025,370,201,54.3,30,8.1
39754993930302,2025,417,323,77.5,37,8.9
39754993938008,2025,417,259,62.1,60,14.4
39767600128967,2025,615,80,13.0,20,3.3
40104054030078,2025,6,5,83.3,0,0.0
40104054030250,2025,25,25,100.0,5,20.0
40687004030102,2025,63,27,42.9,0,0.0
40687004030151,2025,18,13,72.2,0,0.0
40687004030755,2025,257,112,43.6,16,6.2
40687590125328,2025,79,40,50.6,0,0.0
40687590140194,2025,27,14,51.9,0,0.0
40687594030268,2025,193,136,70.5,9,4.7
40687594030557,2025,448,225,50.2,23,5.1
40687594033205,2025,52,35,67.3,6,11.5
40688094030045,2025,33,28,84.8,6,18.2
40688094034807,2025,185,94,50.8,8,4.3
40688094036703,2025,396,174,43.9,14,3.5
40688334037008,2025,20,14,70.0,7,35.0
40688414030128,2025,5,0,0.0,0,0.0
40688414030185,2025,35,10,28.6,0,0.0
40688414037701,2025,182,57,31.3,0,0.0
40754570119354,2025,63,38,60.3,6,9.5
40754574035754,2025,436,276,63.3,30,6.9
40754574035762,2025,75,69,92.0,20,26.7
40754654032009,2025,38,35,92.1,12,31.6
41104130113332,2025,4,0,0.0,0,0.0
41104134130076,2025,10,6,60.0,5,50.0
41688904130027,2025,12,9,75.0,0,0.0
41688904132817,2025,236,65,27.5,13,5.5
41688904168890,2025,9,0,0.0,0,0.0
41689244133393,2025,289,136,47.1,56,19.4
41689244135075,2025,107,19,17.8,5,4.7
41689244137535,2025,152,32,21.1,4,2.6
41689244137592,2025,52,23,44.2,13,25.0
41689244137790,2025,334,149,44.6,63,18.9
41689404135331,2025,21,14,66.7,4,19.0
41690470135814,2025,71,49,69.0,25,35.2
41690470142497,2025,20,17,85.0,20,100.0
41690474130217,2025,425,98,23.1,12,2.8
41690474130472,2025,390,70,17.9,8,2.1
41690474130738,2025,252,89,35.3,31,12.3
41690474133070,2025,389,106,27.2,46,11.8
41690474134557,2025,275,52,18.9,4,1.5
41690474136370,2025,359,165,46.0,68,18.9
41690620138420,2025,49,26,53.1,0,0.0
41690624130993,2025,580,78,13.4,25,4.3
41690624133716,2025,519,200,38.5,79,15.2
41690624135687,2025,75,62,82.7,19,25.3
41690624136693,2025,445,210,47.2,74,16.6
41690624138053,2025,386,144,37.3,39,10.1
41690624169062,2025,7,4,57.1,0,0.0
41690704130324,2025,61,40,65.6,10,16.4
41690704132551,2025,271,69,25.5,11,4.1
41690704137279,2025,254,127,50.0,47,18.5
42104214230157,2025,10,7,70.0,0,0.0
42691464230587,2025,149,105,70.5,10,6.7
42692290132738,2025,6,6,100.0,0,0.0
42692294230454,2025,261,123,47.1,10,3.8
42692294233029,2025,78,70,89.7,9,11.5
42692294233060,2025,330,239,72.4,40,12.1
42693100102285,2025,718,599,83.4,86,12.0
42693104231452,2025,203,172,84.7,38,18.7
42693104234613,2025,575,372,64.7,58,10.1
42693104236030,2025,710,645,90.8,151,21.3
42693284230074,2025,5,0,0.0,0,0.0
42693284236345,2025,195,62,31.8,7,3.6
42750104231205,2025,10,8,80.0,0,0.0
42767860120402,2025,46,27,58.7,0,0.0
42767864231726,2025,513,221,43.1,14,2.7
42767864232690,2025,31,28,90.3,5,16.1
42767864235230,2025,490,264,53.9,30,6.1
42767864235727,2025,435,275,63.2,34,7.8
42767864276786,2025,5,0,0.0,0,0.0
43104394330254,2025,28,20,71.4,9,32.1
43104394330320,2025,25,16,64.0,4,16.0
43104396069371,2025,6,4,66.7,0,0.0
43694014330239,2025,502,90,17.9,9,1.8
43694014330759,2025,91,65,71.4,5,5.5
43694014330866,2025,492,149,30.3,12,2.4
43694014331955,2025,329,232,70.5,54,16.4
43694014336137,2025,338,170,50.3,26,7.7
43694014338505,2025,409,159,38.9,27,6.6
43694014369401,2025,29,14,48.3,0,0.0
43694270125427,2025,71,57,80.3,24,33.8
43694274330015,2025,429,327,76.2,105,24.5
43694274330023,2025,537,211,39.3,33,6.1
43694274330031,2025,566,354,62.5,125,22.1
43694274330312,2025,42,28,66.7,7,16.7
43694274330353,2025,38,33,86.8,14,36.8
43694274330361,2025,65,50,76.9,23,35.4
43694274330692,2025,647,216,33.4,43,6.6
43694274332318,2025,77,60,77.9,23,29.9
43694274332995,2025,405,319,78.8,146,36.0
43694274333639,2025,219,173,79.0,78,35.6
43694274334900,2025,275,213,77.5,81,29.5
43694274335204,2025,341,231,67.7,93,27.3
43694274335428,2025,324,270,83.3,116,35.8
43694274335907,2025,476,202,42.4,31,6.5
43694274337903,2025,528,291,55.1,59,11.2
43694274369427,2025,8,5,62.5,4,50.0
43694684331799,2025,458,46,10.0,37,8.1
43694684332474,2025,513,160,31.2,102,19.9
43694684333316,2025,590,112,19.0,65,11.0
43694684334421,2025,421,27,6.4,10,2.4
43694684334462,2025,395,29,7.3,11,2.8
43694684369468,2025,5,0,0.0,0,0.0
43694840114496,2025,72,33,45.8,0,0.0
43694840118380,2025,406,190,46.8,61,15.0
43694844332839,2025,358,222,62.0,76,21.2
43694844334850,2025,69,53,76.8,23,33.3
43695344334371,2025,488,38,7.8,7,1.4
43695344337762,2025,279,15,5.4,6,2.2
43695830102368,2025,363,119,32.8,22,6.1
43695834333951,2025,290,112,38.6,40,13.8
43695834334488,2025,32,27,84.4,10,31.2
43696094334116,2025,557,97,17.4,35,6.3
43696094334728,2025,489,72,14.7,21,4.3
43696094334736,2025,29,24,82.8,7,24.1
43696094369609,2025,4,0,0.0,0,0.0
43696410142349,2025,34,4,11.8,0,0.0
43696414332904,2025,402,51,12.7,23,5.7
43696414335782,2025,463,59,12.7,8,1.7
43696664330080,2025,192,107,55.7,37,19.3
43696664330502,2025,98,64,65.3,16,16.3
43696664332110,2025,67,48,71.6,27,40.3
43696664333522,2025,375,40,10.7,5,1.3
43696664333795,2025,383,211,55.1,66,17.2
43696664335949,2025,348,87,25.0,19,5.5
43696664337200,2025,221,154,69.7,84,38.0
43696664338950,2025,364,140,38.5,57,15.7
43696664369666,2025,10,0,0.0,6,60.0
43696740125443,2025,6,0,0.0,4,66.7
43696740135970,2025,49,16,32.7,0,0.0
43696740141283,2025,199,66,33.2,9,4.5
43696744330122,2025,423,116,27.4,41,9.7
43696744330247,2025,29,14,48.3,0,0.0
43696744338406,2025,69,46,66.7,19,27.5
43696744338802,2025,384,121,31.5,49,12.8
43733870140673,2025,23,12,52.2,5,21.7
43733874331039,2025,41,30,73.2,10,24.4
43733874334470,2025,727,327,45.0,76,10.5
44104474430146,2025,16,12,75.0,6,37.5
44104474430278,2025,257,152,59.1,41,16.0
44104476069397,2025,4,0,0.0,0,0.0
44697990105858,2025,272,223,82.0,46,16.9
44697990140335,2025,17,11,64.7,0,0.0
44697994430203,2025,18,13,72.2,7,38.9
44697994430518,2025,308,143,46.4,16,5.2
44697994437794,2025,69,63,91.3,39,56.5
44697994437901,2025,470,413,87.9,103,21.9
44697994469799,2025,4,0,0.0,0,0.0
44698074436754,2025,125,29,23.2,0,0.0
44698234430096,2025,18,8,44.4,0,0.0
44698234430195,2025,9,0,0.0,0,0.0
44698234432340,2025,236,97,41.1,30,12.7
44698234436960,2025,29,23,79.3,10,34.5
44698234437109,2025,248,57,23.0,4,1.6
44698234437406,2025,234,82,35.0,9,3.8
44754324430211,2025,163,20,12.3,0,0.0
45104540132647,2025,28,18,64.3,0,0.0
45104544530150,2025,9,5,55.6,0,0.0
45698564530028,2025,158,72,45.6,0,0.0
45698564530051,2025,30,20,66.7,0,0.0
45698564530762,2025,43,29,67.4,0,0.0
45698564530804,2025,113,65,57.5,0,0.0
45699890148379,2025,8,7,87.5,0,0.0
45699894531000,2025,27,19,70.4,0,0.0
45699894533600,2025,40,15,37.5,0,0.0
45701364530044,2025,370,151,40.8,4,1.1
45701364530200,2025,84,67,79.8,0,0.0
45701364530309,2025,38,21,55.3,0,0.0
45701364532750,2025,290,205,70.7,19,6.6
45701364537304,2025,307,168,54.7,0,0.0
45752674530077,2025,37,36,97.3,0,0.0
45752674530101,2025,17,12,70.6,0,0.0
45752674531901,2025,141,100,70.9,0,0.0
46701774632303,2025,4,0,0.0,0,0.0
46701774634259,2025,27,5,18.5,0,0.0
47702504732707,2025,16,12,75.0,0,0.0
47704664734356,2025,8,7,87.5,0,0.0
47704664734901,2025,4,0,0.0,0,0.0
47704664735403,2025,57,17,29.8,0,0.0
47704664738753,2025,37,20,54.1,0,0.0
47705164730024,2025,19,17,89.5,0,0.0
47705164739207,2025,148,80,54.1,0,0.0
47736844731253,2025,22,17,77.3,4,18.2
47764554730107,2025,8,8,100.0,0,0.0
47764554733309,2025,35,21,60.0,0,0.0
48104884830071,2025,7,7,100.0,0,0.0
48104886089668,2025,21,12,57.1,4,19.0
48705244830048,2025,27,13,48.1,0,0.0
48705244831004,2025,332,72,21.7,7,2.1
48705324830055,2025,26,13,50.0,5,19.2
48705324832259,2025,233,134,57.5,35,15.0
48705400125310,2025,70,35,50.0,0,0.0
48705404830170,2025,495,207,41.8,7,1.4
48705404830451,2025,409,335,81.9,73,17.8
48705404833000,2025,384,316,82.3,41,10.7
48705404836003,2025,163,144,88.3,20,12.3
48705404870540,2025,4,4,100.0,0,0.0
48705654830022,2025,38,25,65.8,0,0.0
48705654838801,2025,350,143,40.9,5,1.4
48705730141150,2025,4,4,100.0,0,0.0
48705734830089,2025,387,229,59.2,14,3.6
48705734837803,2025,472,213,45.1,18,3.8
48705814830147,2025,329,278,84.5,42,12.8
48705814838058,2025,82,68,82.9,28,34.1
48705814838504,2025,285,247,86.7,72,25.3
49104964930079,2025,10,9,90.0,5,50.0
49104964930343,2025,18,13,72.2,0,0.0
49706074930327,2025,38,22,57.9,0,0.0
49706074930400,2025,343,140,40.8,10,2.9
49706564930848,2025,11,11,100.0,7,63.6
49706564930855,2025,84,65,77.4,16,19.0
49707060129981,2025,11,7,63.6,0,0.0
49707064930053,2025,6,0,0.0,0,0.0
49708540132357,2025,8,6,75.0,0,0.0
49708624930012,2025,409,226,55.3,38,9.3
49708624930103,2025,7,0,0.0,0,0.0
49708624930111,2025,6,0,0.0,0,0.0
49708624930236,2025,14,8,57.1,0,0.0
49708624935151,2025,280,124,44.3,9,3.2
49708624935862,2025,32,26,81.2,4,12.5
49709204930160,2025,230,170,73.9,59,25.7
49709204930244,2025,404,143,35.4,7,1.7
49709204934154,2025,292,175,59.9,33,11.3
49709204935292,2025,338,242,71.6,65,19.2
49709204935607,2025,123,96,78.0,21,17.1
49709204936803,2025,366,218,59.6,30,8.2
49709204970920,2025,16,6,37.5,0,0.0
49709534930152,2025,25,16,64.0,9,36.0
49709534937256,2025,261,114,43.7,34,13.0
49709534970953,2025,6,0,0.0,0,0.0
49738824930046,2025,27,17,63.0,8,29.6
49738824930384,2025,90,30,33.3,0,0.0
49738824935482,2025,390,219,56.2,53,13.6
49738824973882,2025,4,0,0.0,0,0.0
49753580138263,2025,11,6,54.5,0,0.0
49753580142406,2025,17,10,58.8,0,0.0
49753584930228,2025,407,215,52.8,33,8.1
49753584930269,2025,18,13,72.2,0,0.0
49753904930251,2025,11,9,81.8,0,0.0
49753904932554,2025,108,64,59.3,6,5.6
50105045030069,2025,18,13,72.2,0,0.0
50105045030085,2025,45,35,77.8,11,24.4
50105045030226,2025,32,30,93.8,5,15.6
50710430108076,2025,541,455,84.1,70,12.9
50710435030168,2025,35,33,94.3,0,0.0
50710435030200,2025,72,66,91.7,23,31.9
50710435030879,2025,370,326,88.1,54,14.6
50710435071043,2025,4,4,100.0,0,0.0
50710685031521,2025,64,46,71.9,13,20.3
50711750110593,2025,547,256,46.8,18,3.3
50711750121129,2025,581,329,56.6,54,9.3
50711755030010,2025,364,227,62.4,26,7.1
50711755030135,2025,507,427,84.2,93,18.3
50711755031380,2025,490,368,75.1,121,24.7
50711755031802,2025,574,430,74.9,90,15.7
50711755034905,2025,570,483,84.7,168,29.5
50711755034913,2025,232,198,85.3,66,28.4
50712170133124,2025,29,19,65.5,4,13.8
50712175030127,2025,41,37,90.2,13,31.7
50712175036256,2025,431,330,76.6,100,23.2
50736015030036,2025,21,15,71.4,5,23.8
50736015030184,2025,11,7,63.6,0,0.0
50736015035902,2025,232,151,65.1,47,20.3
50755495032651,2025,215,116,54.0,11,5.1
50755495032669,2025,17,12,70.6,0,0.0
50755560112573,2025,28,22,78.6,10,35.7
50755565036850,2025,206,153,74.3,39,18.9
50755645030192,2025,23,12,52.2,0,0.0
50755645031950,2025,53,35,66.0,8,15.1
50755645035654,2025,360,119,33.1,15,4.2
50755725030259,2025,140,113,80.7,13,9.3
50757395030283,2025,489,306,62.6,72,14.7
50757395036884,2025,88,70,79.5,41,46.6
50757395037700,2025,549,339,61.7,121,22.0
51105120114207,2025,6,6,100.0,0,0.0
51105126069454,2025,5,0,0.0,0,0.0
51713735132758,2025,85,22,25.9,4,4.7
51713995130059,2025,15,13,86.7,0,0.0
51713995130067,2025,13,12,92.3,0,0.0
51713995135256,2025,145,110,75.9,7,4.8
51714495130042,2025,11,8,72.7,0,0.0
51714495137500,2025,160,44,27.5,0,0.0
51714640107722,2025,401,269,67.1,44,11.0
51714645130018,2025,80,73,91.2,13,16.2
51714645130075,2025,24,18,75.0,0,0.0
51714645139001,2025,397,276,69.5,30,7.6
52105205230016,2025,8,7,87.5,0,0.0
52715060137414,2025,11,7,63.6,0,0.0
52715065231675,2025,27,26,96.3,10,37.0
52715065231709,2025,246,207,84.1,48,19.5
52715715235106,2025,46,27,58.7,4,8.7
52716395237151,2025,54,49,90.7,9,16.7
52716395237201,2025,362,274,75.7,16,4.4
53750285337407,2025,20,13,65.0,0,0.0
53765135330014,2025,8,7,87.5,0,0.0
53765135337456,2025,67,39,58.2,0,0.0
54105465430061,2025,19,16,84.2,0,0.0
54718035430301,2025,27,25,92.6,9,33.3
54718605430095,2025,11,11,100.0,4,36.4
54718605430806,2025,28,28,100.0,17,60.7
54718605433230,2025,264,259,98.1,61,23.1
54719935430194,2025,25,22,88.0,11,44.0
54719935430236,2025,7,6,85.7,0,0.0
54719935432414,2025,242,211,87.2,49,20.2
54722490107649,2025,9,8,88.9,0,0.0
54722490116368,2025,398,278,69.8,42,10.6
54722495430145,2025,8,8,100.0,0,0.0
54722495435409,2025,370,291,78.6,36,9.7
54722495435466,2025,411,313,76.2,38,9.2
54722565430046,2025,459,333,72.5,54,11.8
54722565430368,2025,393,243,61.8,18,4.6
54722565432828,2025,334,254,76.0,41,12.3
54722565434527,2025,573,246,42.9,25,4.4
54722565435839,2025,168,131,78.0,43,25.6
54753255430210,2025,179,158,88.3,34,19.0
54753255430277,2025,15,15,100.0,4,26.7
54755235430228,2025,4,4,100.0,0,0.0
54755235430251,2025,328,318,97.0,84,25.6
54755235430624,2025,55,54,98.2,15,27.3
54755235432786,2025,449,376,83.7,63,14.0
54755235434113,2025,452,412,91.2,56,12.4
54755235434931,2025,81,74,91.4,24,29.6
54755310102186,2025,39,35,89.7,14,35.9
54755315431119,2025,55,50,90.9,20,36.4
54755315431184,2025,488,407,83.4,100,20.5
54767945436258,2025,21,21,100.0,4,19.0
54767945436282,2025,146,119,81.5,15,10.3
54768365430087,2025,18,14,77.8,0,0.0
54768365431598,2025,220,143,65.0,16,7.3
54768365431614,2025,25,23,92.0,7,28.0
55105530134569,2025,7,4,57.1,0,0.0
55105535530118,2025,7,5,71.4,0,0.0
55723895530019,2025,25,22,88.0,0,0.0
55723895530043,2025,41,21,51.2,0,0.0
55723895536503,2025,179,62,34.6,5,2.8
55724135530050,2025,5,4,80.0,0,0.0
55724135536750,2025,129,57,44.2,0,0.0
55751845530076,2025,8,5,62.5,0,0.0
55751845530084,2025,10,6,60.0,0,0.0
56105610135780,2025,11,9,81.8,0,0.0
56105610135798,2025,11,6,54.5,0,0.0
56105615630223,2025,11,11,100.0,0,0.0
56105615630397,2025,20,18,90.0,8,40.0
56724540124750,2025,9,8,88.9,0,0.0
56724545630173,2025,38,32,84.2,8,21.1
56724545632021,2025,226,163,72.1,19,8.4
56725200139626,2025,19,9,47.4,0,0.0
56725205631817,2025,15,13,86.7,0,0.0
56725205634076,2025,119,61,51.3,5,4.2
56725460125674,2025,157,114,72.6,18,11.5
56725460131698,2025,201,69,34.3,0,0.0
56725460136804,2025,40,31,77.5,0,0.0
56725465630066,2025,157,146,93.0,54,34.4
56725465630389,2025,745,629,84.4,127,17.0
56725465631619,2025,461,174,37.7,17,3.7
56725465631742,2025,565,500,88.5,96,17.0
56725465632849,2025,467,425,91.0,99,21.2
56725465634548,2025,579,430,74.3,53,9.2
56725465634761,2025,486,342,70.4,77,15.8
56726035630249,2025,84,32,38.1,5,6.0
56726035630322,2025,240,80,33.3,4,1.7
56726035634993,2025,52,45,86.5,15,28.8
56726035635008,2025,412,187,45.4,34,8.3
56726035636188,2025,449,170,37.9,24,5.3
56726035672603,2025,5,0,0.0,0,0.0
56726525630272,2025,99,82,82.8,17,17.2
56726525630298,2025,69,23,33.3,0,0.0
56726525630348,2025,237,86,36.3,0,0.0
56726525630793,2025,352,207,58.8,27,7.7
56726525637822,2025,456,277,60.7,49,10.7
56726525672652,2025,7,0,0.0,0,0.0
56737590123349,2025,40,6,15.0,0,0.0
56737595630108,2025,51,32,62.7,6,11.8
56737595630116,2025,440,97,22.0,14,3.2
56737595633748,2025,474,88,18.6,22,4.6
56737595637004,2025,403,107,26.6,18,4.5
56738745630132,2025,368,50,13.6,0,0.0
56738745630199,2025,11,0,0.0,0,0.0
56738745630256,2025,43,10,23.3,0,0.0
56739405630371,2025,24,4,16.7,0,0.0
56739405633250,2025,427,152,35.6,14,3.3
56768280142190,2025,23,21,91.3,6,26.1
56768285635776,2025,341,294,86.2,48,14.1
56768285636170,2025,37,37,100.0,15,40.5
57105790113787,2025,10,7,70.0,0,0.0
57105796077275,2025,10,5,50.0,0,0.0
57726785730098,2025,27,10,37.0,0,0.0
57726785732201,2025,578,177,30.6,19,3.3
57726785732219,2025,25,20,80.0,0,0.0
57726865730056,2025,4,0,0.0,0,0.0
57726865732904,2025,56,47,83.9,13,23.2
57726945735154,2025,524,354,67.6,50,9.5
57726945739552,2025,40,34,85.0,6,15.0
57727025730049,2025,8,5,62.5,0,0.0
57727025738505,2025,108,67,62.0,10,9.3
57727100101162,2025,357,264,73.9,21,5.9
57727105738802,2025,254,197,77.6,14,5.5
57727105738810,2025,85,75,88.2,12,14.1
58105870113274,2025,9,9,100.0,0,0.0
58105875830047,2025,8,8,100.0,0,0.0
58727365830013,2025,258,200,77.5,47,18.2
58727365830054,2025,64,49,76.6,6,9.4
58727365830096,2025,139,121,87.1,26,18.7
58727365835202,2025,211,128,60.7,11,5.2
58727690133751,2025,24,23,95.8,0,0.0
58727695838305,2025,254,193,76.0,11,4.3
